"ASV_id","domain","phylum","class","order","family","genus","species"
"BerryCrust_0000001",NA,NA,NA,NA,NA,NA,NA
"BerryCrust_0000002","Eukaryota","Arthropoda","Malacostraca","Decapoda","Palaemonidae","Crinotonia","Crinotonia attenuatus"
"BerryCrust_0000003",NA,NA,NA,NA,NA,NA,NA
"BerryCrust_0000004",NA,NA,NA,NA,NA,NA,NA
"BerryCrust_0000005",NA,NA,NA,NA,NA,NA,NA
"BerryCrust_0000006",NA,NA,NA,NA,NA,NA,NA
"BerryCrust_0000007",NA,NA,NA,NA,NA,NA,NA
"BerryCrust_0000008",NA,NA,NA,NA,NA,NA,NA
"BerryCrust_0000009",NA,NA,NA,NA,NA,NA,NA
"BerryCrust_0000010",NA,NA,NA,NA,NA,NA,NA
"BerryCrust_0000011",NA,NA,NA,NA,NA,NA,NA
"BerryCrust_0000012",NA,NA,NA,NA,NA,NA,NA
"BerryCrust_0000013",NA,NA,NA,NA,NA,NA,NA
"BerryCrust_0000014",NA,NA,NA,NA,NA,NA,NA
"BerryCrust_0000015",NA,NA,NA,NA,NA,NA,NA
"BerryCrust_0000016",NA,NA,NA,NA,NA,NA,NA
"BerryCrust_0000017",NA,NA,NA,NA,NA,NA,NA
"BerryCrust_0000018",NA,NA,NA,NA,NA,NA,NA
"BerryCrust_0000019","Eukaryota","Arthropoda",NA,NA,NA,NA,NA
"BerryCrust_0000020",NA,NA,NA,NA,NA,NA,NA
"BerryCrust_0000021",NA,NA,NA,NA,NA,NA,NA
"BerryCrust_0000022",NA,NA,NA,NA,NA,NA,NA
"BerryCrust_0000023",NA,NA,NA,NA,NA,NA,NA
"BerryCrust_0000024",NA,NA,NA,NA,NA,NA,NA
"BerryCrust_0000025",NA,NA,NA,NA,NA,NA,NA
"BerryCrust_0000026",NA,NA,NA,NA,NA,NA,NA
"BerryCrust_0000027",NA,NA,NA,NA,NA,NA,NA
"BerryCrust_0000028",NA,NA,NA,NA,NA,NA,NA
"BerryCrust_0000029",NA,NA,NA,NA,NA,NA,NA
"BerryCrust_0000030",NA,NA,NA,NA,NA,NA,NA
"BerryCrust_0000031",NA,NA,NA,NA,NA,NA,NA
"BerryCrust_0000032",NA,NA,NA,NA,NA,NA,NA
"BerryCrust_0000033",NA,NA,NA,NA,NA,NA,NA
"BerryCrust_0000034",NA,NA,NA,NA,NA,NA,NA
"BerryCrust_0000035",NA,NA,NA,NA,NA,NA,NA
"BerryCrust_0000036",NA,NA,NA,NA,NA,NA,NA
"BerryCrust_0000037",NA,NA,NA,NA,NA,NA,NA
"BerryCrust_0000038",NA,NA,NA,NA,NA,NA,NA
"BerryCrust_0000039",NA,NA,NA,NA,NA,NA,NA
"BerryCrust_0000040",NA,NA,NA,NA,NA,NA,NA
"BerryCrust_0000041",NA,NA,NA,NA,NA,NA,NA
"BerryCrust_0000042",NA,NA,NA,NA,NA,NA,NA
"BerryCrust_0000043",NA,NA,NA,NA,NA,NA,NA
"BerryCrust_0000044",NA,NA,NA,NA,NA,NA,NA
"BerryCrust_0000045",NA,NA,NA,NA,NA,NA,NA
"BerryCrust_0000046",NA,NA,NA,NA,NA,NA,NA
"BerryCrust_0000047",NA,NA,NA,NA,NA,NA,NA
"BerryCrust_0000048",NA,NA,NA,NA,NA,NA,NA
"BerryCrust_0000049",NA,NA,NA,NA,NA,NA,NA
"BerryCrust_0000050",NA,NA,NA,NA,NA,NA,NA
"BerryCrust_0000051",NA,NA,NA,NA,NA,NA,NA
"BerryCrust_0000052",NA,NA,NA,NA,NA,NA,NA
"BerryCrust_0000053",NA,NA,NA,NA,NA,NA,NA
"BerryCrust_0000054",NA,NA,NA,NA,NA,NA,NA
"BerryCrust_0000055",NA,NA,NA,NA,NA,NA,NA
"BerryCrust_0000056",NA,NA,NA,NA,NA,NA,NA
"BerryCrust_0000057",NA,NA,NA,NA,NA,NA,NA
"BerryCrust_0000058",NA,NA,NA,NA,NA,NA,NA
"BerryCrust_0000059",NA,NA,NA,NA,NA,NA,NA
"BerryCrust_0000060",NA,NA,NA,NA,NA,NA,NA
"BerryCrust_0000061",NA,NA,NA,NA,NA,NA,NA
"BerryCrust_0000062",NA,NA,NA,NA,NA,NA,NA
"BerryCrust_0000063",NA,NA,NA,NA,NA,NA,NA
"BerryCrust_0000064",NA,NA,NA,NA,NA,NA,NA
"BerryCrust_0000065",NA,NA,NA,NA,NA,NA,NA
"BerryCrust_0000066",NA,NA,NA,NA,NA,NA,NA
"BerryCrust_0000067",NA,NA,NA,NA,NA,NA,NA
"BerryCrust_0000068",NA,NA,NA,NA,NA,NA,NA
"BerryCrust_0000069",NA,NA,NA,NA,NA,NA,NA
"BerryCrust_0000070",NA,NA,NA,NA,NA,NA,NA
"BerryCrust_0000071",NA,NA,NA,NA,NA,NA,NA
"BerryCrust_0000072",NA,NA,NA,NA,NA,NA,NA
"BerryCrust_0000073",NA,NA,NA,NA,NA,NA,NA
"BerryCrust_0000074",NA,NA,NA,NA,NA,NA,NA
"BerryCrust_0000075",NA,NA,NA,NA,NA,NA,NA
"BerryCrust_0000076",NA,NA,NA,NA,NA,NA,NA
"BerryCrust_0000077",NA,NA,NA,NA,NA,NA,NA
"BerryCrust_0000078",NA,NA,NA,NA,NA,NA,NA
"BerryCrust_0000079",NA,NA,NA,NA,NA,NA,NA
"BerryCrust_0000080",NA,NA,NA,NA,NA,NA,NA
"BerryCrust_0000081",NA,NA,NA,NA,NA,NA,NA
"BerryCrust_0000082",NA,NA,NA,NA,NA,NA,NA
"BerryCrust_0000083",NA,NA,NA,NA,NA,NA,NA
"BerryCrust_0000084",NA,NA,NA,NA,NA,NA,NA
"BerryCrust_0000085",NA,NA,NA,NA,NA,NA,NA
"BerryCrust_0000086",NA,NA,NA,NA,NA,NA,NA
"BerryCrust_0000087",NA,NA,NA,NA,NA,NA,NA
"BerryCrust_0000088",NA,NA,NA,NA,NA,NA,NA
"BerryCrust_0000089",NA,NA,NA,NA,NA,NA,NA
"BerryCrust_0000090",NA,NA,NA,NA,NA,NA,NA
"BerryCrust_0000091",NA,NA,NA,NA,NA,NA,NA
"BerryCrust_0000092",NA,NA,NA,NA,NA,NA,NA
"BerryCrust_0000093",NA,NA,NA,NA,NA,NA,NA
"BerryCrust_0000094",NA,NA,NA,NA,NA,NA,NA
"BerryCrust_0000095",NA,NA,NA,NA,NA,NA,NA
"BerryCrust_0000096",NA,NA,NA,NA,NA,NA,NA
"BerryCrust_0000097",NA,NA,NA,NA,NA,NA,NA
"BerryCrust_0000098",NA,NA,NA,NA,NA,NA,NA
"BerryCrust_0000099",NA,NA,NA,NA,NA,NA,NA
"BerryCrust_0000100",NA,NA,NA,NA,NA,NA,NA
"BerryCrust_0000101",NA,NA,NA,NA,NA,NA,NA
"BerryCrust_0000102",NA,NA,NA,NA,NA,NA,NA
"BerryCrust_0000103",NA,NA,NA,NA,NA,NA,NA
"BerryCrust_0000104",NA,NA,NA,NA,NA,NA,NA
"BerryCrust_0000105",NA,NA,NA,NA,NA,NA,NA
"BerryCrust_0000106",NA,NA,NA,NA,NA,NA,NA
"BerryCrust_0000107",NA,NA,NA,NA,NA,NA,NA
"BerryCrust_0000108",NA,NA,NA,NA,NA,NA,NA
"BerryCrust_0000109",NA,NA,NA,NA,NA,NA,NA
"BerryCrust_0000110",NA,NA,NA,NA,NA,NA,NA
"BerryCrust_0000111",NA,NA,NA,NA,NA,NA,NA
"BerryCrust_0000112",NA,NA,NA,NA,NA,NA,NA
"BerryCrust_0000113",NA,NA,NA,NA,NA,NA,NA
"BerryCrust_0000114",NA,NA,NA,NA,NA,NA,NA
"BerryCrust_0000115",NA,NA,NA,NA,NA,NA,NA
"BerryCrust_0000116",NA,NA,NA,NA,NA,NA,NA
"BerryCrust_0000117",NA,NA,NA,NA,NA,NA,NA
"BerryCrust_0000118",NA,NA,NA,NA,NA,NA,NA
"BerryCrust_0000119",NA,NA,NA,NA,NA,NA,NA
"BerryCrust_0000120",NA,NA,NA,NA,NA,NA,NA
"BerryCrust_0000121",NA,NA,NA,NA,NA,NA,NA
"BerryCrust_0000122",NA,NA,NA,NA,NA,NA,NA
"BerryCrust_0000123",NA,NA,NA,NA,NA,NA,NA
"BerryCrust_0000124",NA,NA,NA,NA,NA,NA,NA
"BerryCrust_0000125",NA,NA,NA,NA,NA,NA,NA
"BerryCrust_0000126",NA,NA,NA,NA,NA,NA,NA
"BerryCrust_0000127",NA,NA,NA,NA,NA,NA,NA
"BerryCrust_0000128",NA,NA,NA,NA,NA,NA,NA
"BerryCrust_0000129",NA,NA,NA,NA,NA,NA,NA
"BerryCrust_0000130",NA,NA,NA,NA,NA,NA,NA
"BerryCrust_0000131",NA,NA,NA,NA,NA,NA,NA
"BerryCrust_0000132",NA,NA,NA,NA,NA,NA,NA
"BerryCrust_0000133",NA,NA,NA,NA,NA,NA,NA
"BerryCrust_0000134",NA,NA,NA,NA,NA,NA,NA
"BerryCrust_0000135",NA,NA,NA,NA,NA,NA,NA
"BerryCrust_0000136",NA,NA,NA,NA,NA,NA,NA
"BerryCrust_0000137",NA,NA,NA,NA,NA,NA,NA
"BerryCrust_0000138",NA,NA,NA,NA,NA,NA,NA
"BerryCrust_0000139",NA,NA,NA,NA,NA,NA,NA
"BerryCrust_0000140",NA,NA,NA,NA,NA,NA,NA
"BerryCrust_0000141",NA,NA,NA,NA,NA,NA,NA
"BerryCrust_0000142",NA,NA,NA,NA,NA,NA,NA
"BerryCrust_0000143",NA,NA,NA,NA,NA,NA,NA
"BerryCrust_0000144",NA,NA,NA,NA,NA,NA,NA
"BerryCrust_0000145",NA,NA,NA,NA,NA,NA,NA
"BerryCrust_0000146",NA,NA,NA,NA,NA,NA,NA
"BerryCrust_0000147",NA,NA,NA,NA,NA,NA,NA
"BerryCrust_0000148",NA,NA,NA,NA,NA,NA,NA
"BerryCrust_0000149",NA,NA,NA,NA,NA,NA,NA
"BerryCrust_0000150",NA,NA,NA,NA,NA,NA,NA
"BerryCrust_0000151",NA,NA,NA,NA,NA,NA,NA
"BerryCrust_0000152",NA,NA,NA,NA,NA,NA,NA
"BerryCrust_0000153",NA,NA,NA,NA,NA,NA,NA
"BerryCrust_0000154",NA,NA,NA,NA,NA,NA,NA
"BerryCrust_0000155",NA,NA,NA,NA,NA,NA,NA
"BerryCrust_0000156",NA,NA,NA,NA,NA,NA,NA
"BerryCrust_0000157",NA,NA,NA,NA,NA,NA,NA
"BerryCrust_0000158",NA,NA,NA,NA,NA,NA,NA
"BerryCrust_0000159",NA,NA,NA,NA,NA,NA,NA
"BerryCrust_0000160",NA,NA,NA,NA,NA,NA,NA
"BerryCrust_0000161",NA,NA,NA,NA,NA,NA,NA
"BerryCrust_0000162",NA,NA,NA,NA,NA,NA,NA
"BerryCrust_0000163",NA,NA,NA,NA,NA,NA,NA
"BerryCrust_0000164",NA,NA,NA,NA,NA,NA,NA
"BerryCrust_0000165",NA,NA,NA,NA,NA,NA,NA
"BerryCrust_0000166",NA,NA,NA,NA,NA,NA,NA
"BerryCrust_0000167",NA,NA,NA,NA,NA,NA,NA
"BerryCrust_0000168",NA,NA,NA,NA,NA,NA,NA
"BerryCrust_0000169",NA,NA,NA,NA,NA,NA,NA
"BerryCrust_0000170",NA,NA,NA,NA,NA,NA,NA
"BerryCrust_0000171",NA,NA,NA,NA,NA,NA,NA
"BerryCrust_0000172",NA,NA,NA,NA,NA,NA,NA
"BerryCrust_0000173",NA,NA,NA,NA,NA,NA,NA
"BerryCrust_0000174",NA,NA,NA,NA,NA,NA,NA
"BerryCrust_0000175",NA,NA,NA,NA,NA,NA,NA
"BerryCrust_0000176",NA,NA,NA,NA,NA,NA,NA
"BerryCrust_0000177",NA,NA,NA,NA,NA,NA,NA
"BerryCrust_0000178",NA,NA,NA,NA,NA,NA,NA
"BerryCrust_0000179",NA,NA,NA,NA,NA,NA,NA
"BerryCrust_0000180",NA,NA,NA,NA,NA,NA,NA
"BerryCrust_0000181",NA,NA,NA,NA,NA,NA,NA
"BerryCrust_0000182",NA,NA,NA,NA,NA,NA,NA
"BerryCrust_0000183",NA,NA,NA,NA,NA,NA,NA
"BerryCrust_0000184",NA,NA,NA,NA,NA,NA,NA
"BerryCrust_0000185",NA,NA,NA,NA,NA,NA,NA
"BerryCrust_0000186",NA,NA,NA,NA,NA,NA,NA
"BerryCrust_0000187",NA,NA,NA,NA,NA,NA,NA
"BerryCrust_0000188",NA,NA,NA,NA,NA,NA,NA
"BerryCrust_0000189",NA,NA,NA,NA,NA,NA,NA
"BerryCrust_0000190",NA,NA,NA,NA,NA,NA,NA
"BerryCrust_0000191",NA,NA,NA,NA,NA,NA,NA
"BerryCrust_0000192",NA,NA,NA,NA,NA,NA,NA
"BerryCrust_0000193",NA,NA,NA,NA,NA,NA,NA
"BerryCrust_0000194",NA,NA,NA,NA,NA,NA,NA
"BerryCrust_0000195",NA,NA,NA,NA,NA,NA,NA
"BerryCrust_0000196",NA,NA,NA,NA,NA,NA,NA
"BerryCrust_0000197",NA,NA,NA,NA,NA,NA,NA
"BerryCrust_0000198",NA,NA,NA,NA,NA,NA,NA
"BerryCrust_0000199",NA,NA,NA,NA,NA,NA,NA
"BerryCrust_0000200",NA,NA,NA,NA,NA,NA,NA
"BerryCrust_0000201",NA,NA,NA,NA,NA,NA,NA
"BerryCrust_0000202",NA,NA,NA,NA,NA,NA,NA
"BerryCrust_0000203",NA,NA,NA,NA,NA,NA,NA
"BerryCrust_0000204",NA,NA,NA,NA,NA,NA,NA
"BerryCrust_0000205",NA,NA,NA,NA,NA,NA,NA
"BerryCrust_0000206",NA,NA,NA,NA,NA,NA,NA
"BerryCrust_0000207",NA,NA,NA,NA,NA,NA,NA
"BerryCrust_0000208",NA,NA,NA,NA,NA,NA,NA
"BerryCrust_0000209",NA,NA,NA,NA,NA,NA,NA
"BerryCrust_0000210",NA,NA,NA,NA,NA,NA,NA
"BerryCrust_0000211",NA,NA,NA,NA,NA,NA,NA
"BerryCrust_0000212",NA,NA,NA,NA,NA,NA,NA
"BerryCrust_0000213",NA,NA,NA,NA,NA,NA,NA
"BerryCrust_0000214",NA,NA,NA,NA,NA,NA,NA
"BerryCrust_0000215",NA,NA,NA,NA,NA,NA,NA
"BerryCrust_0000216",NA,NA,NA,NA,NA,NA,NA
"BerryCrust_0000217",NA,NA,NA,NA,NA,NA,NA
"BerryCrust_0000218",NA,NA,NA,NA,NA,NA,NA
"BerryCrust_0000219",NA,NA,NA,NA,NA,NA,NA
"BerryCrust_0000220",NA,NA,NA,NA,NA,NA,NA
"BerryCrust_0000221",NA,NA,NA,NA,NA,NA,NA
"BerryCrust_0000222",NA,NA,NA,NA,NA,NA,NA
"BerryCrust_0000223",NA,NA,NA,NA,NA,NA,NA
"BerryCrust_0000224",NA,NA,NA,NA,NA,NA,NA
"BerryCrust_0000225",NA,NA,NA,NA,NA,NA,NA
"BerryCrust_0000226",NA,NA,NA,NA,NA,NA,NA
"BerryCrust_0000227",NA,NA,NA,NA,NA,NA,NA
"BerryCrust_0000228",NA,NA,NA,NA,NA,NA,NA
"BerryCrust_0000229",NA,NA,NA,NA,NA,NA,NA
"BerryCrust_0000230",NA,NA,NA,NA,NA,NA,NA
"BerryCrust_0000231",NA,NA,NA,NA,NA,NA,NA
"BerryCrust_0000232",NA,NA,NA,NA,NA,NA,NA
"BerryCrust_0000233",NA,NA,NA,NA,NA,NA,NA
"BerryCrust_0000234",NA,NA,NA,NA,NA,NA,NA
"BerryCrust_0000235",NA,NA,NA,NA,NA,NA,NA
"BerryCrust_0000236",NA,NA,NA,NA,NA,NA,NA
"BerryCrust_0000237",NA,NA,NA,NA,NA,NA,NA
"BerryCrust_0000238",NA,NA,NA,NA,NA,NA,NA
"BerryCrust_0000239",NA,NA,NA,NA,NA,NA,NA
"BerryCrust_0000240",NA,NA,NA,NA,NA,NA,NA
"BerryCrust_0000241",NA,NA,NA,NA,NA,NA,NA
"BerryCrust_0000242",NA,NA,NA,NA,NA,NA,NA
"BerryCrust_0000243",NA,NA,NA,NA,NA,NA,NA
"BerryCrust_0000244",NA,NA,NA,NA,NA,NA,NA
"BerryCrust_0000245",NA,NA,NA,NA,NA,NA,NA
"BerryCrust_0000246",NA,NA,NA,NA,NA,NA,NA
"BerryCrust_0000247",NA,NA,NA,NA,NA,NA,NA
"BerryCrust_0000248",NA,NA,NA,NA,NA,NA,NA
"BerryCrust_0000249",NA,NA,NA,NA,NA,NA,NA
"BerryCrust_0000250",NA,NA,NA,NA,NA,NA,NA
"BerryCrust_0000251",NA,NA,NA,NA,NA,NA,NA
"BerryCrust_0000252",NA,NA,NA,NA,NA,NA,NA
"BerryCrust_0000253",NA,NA,NA,NA,NA,NA,NA
"BerryCrust_0000254","Eukaryota",NA,NA,NA,NA,NA,NA
"BerryCrust_0000255","Eukaryota",NA,NA,NA,NA,NA,NA
"BerryCrust_0000256","Eukaryota","Arthropoda",NA,NA,NA,NA,NA
"BerryCrust_0000257",NA,NA,NA,NA,NA,NA,NA
"BerryCrust_0000258","Eukaryota","Arthropoda",NA,NA,NA,NA,NA
"BerryCrust_0000259",NA,NA,NA,NA,NA,NA,NA
"BerryCrust_0000260","Eukaryota","Arthropoda",NA,NA,NA,NA,NA
"BerryCrust_0000261",NA,NA,NA,NA,NA,NA,NA
"BerryCrust_0000262","Eukaryota","Arthropoda",NA,NA,NA,NA,NA
"BerryCrust_0000263",NA,NA,NA,NA,NA,NA,NA
"BerryCrust_0000264","Eukaryota","Arthropoda",NA,NA,NA,NA,NA
"BerryCrust_0000265",NA,NA,NA,NA,NA,NA,NA
"BerryCrust_0000266","Eukaryota","Arthropoda",NA,NA,NA,NA,NA
"BerryCrust_0000267",NA,NA,NA,NA,NA,NA,NA
"BerryCrust_0000268","Eukaryota","Arthropoda",NA,NA,NA,NA,NA
"BerryCrust_0000269",NA,NA,NA,NA,NA,NA,NA
"BerryCrust_0000270",NA,NA,NA,NA,NA,NA,NA
"BerryCrust_0000271",NA,NA,NA,NA,NA,NA,NA
"BerryCrust_0000272","Eukaryota","Arthropoda",NA,NA,NA,NA,NA
"BerryCrust_0000273","Eukaryota","Arthropoda",NA,NA,NA,NA,NA
"BerryCrust_0000274","Eukaryota","Arthropoda",NA,NA,NA,NA,NA
"BerryCrust_0000275",NA,NA,NA,NA,NA,NA,NA
"BerryCrust_0000276",NA,NA,NA,NA,NA,NA,NA
"BerryCrust_0000277","Eukaryota","Arthropoda","Malacostraca","Decapoda","Palaemonidae","Crinotonia","Crinotonia attenuatus"
"BerryCrust_0000278",NA,NA,NA,NA,NA,NA,NA
"BerryCrust_0000279",NA,NA,NA,NA,NA,NA,NA
"BerryCrust_0000280",NA,NA,NA,NA,NA,NA,NA
"BerryCrust_0000281",NA,NA,NA,NA,NA,NA,NA
"BerryCrust_0000282",NA,NA,NA,NA,NA,NA,NA
"BerryCrust_0000283",NA,NA,NA,NA,NA,NA,NA
"BerryCrust_0000284",NA,NA,NA,NA,NA,NA,NA
"BerryCrust_0000285",NA,NA,NA,NA,NA,NA,NA
"BerryCrust_0000286",NA,NA,NA,NA,NA,NA,NA
"BerryCrust_0000287","Eukaryota","Arthropoda",NA,NA,NA,NA,NA
"BerryCrust_0000288","Eukaryota","Arthropoda",NA,NA,NA,NA,NA
"BerryCrust_0000289",NA,NA,NA,NA,NA,NA,NA
"BerryCrust_0000290",NA,NA,NA,NA,NA,NA,NA
"BerryCrust_0000291",NA,NA,NA,NA,NA,NA,NA
"BerryCrust_0000292",NA,NA,NA,NA,NA,NA,NA
"BerryCrust_0000293",NA,NA,NA,NA,NA,NA,NA
"BerryCrust_0000294",NA,NA,NA,NA,NA,NA,NA
"BerryCrust_0000295",NA,NA,NA,NA,NA,NA,NA
"BerryCrust_0000296","Eukaryota","Arthropoda",NA,NA,NA,NA,NA
"BerryCrust_0000297",NA,NA,NA,NA,NA,NA,NA
"BerryCrust_0000298",NA,NA,NA,NA,NA,NA,NA
"BerryCrust_0000299",NA,NA,NA,NA,NA,NA,NA
"BerryCrust_0000300",NA,NA,NA,NA,NA,NA,NA
"BerryCrust_0000301",NA,NA,NA,NA,NA,NA,NA
"BerryCrust_0000302",NA,NA,NA,NA,NA,NA,NA
"BerryCrust_0000303",NA,NA,NA,NA,NA,NA,NA
"BerryCrust_0000304",NA,NA,NA,NA,NA,NA,NA
"BerryCrust_0000305",NA,NA,NA,NA,NA,NA,NA
"BerryCrust_0000306",NA,NA,NA,NA,NA,NA,NA
"BerryCrust_0000307",NA,NA,NA,NA,NA,NA,NA
"BerryCrust_0000308",NA,NA,NA,NA,NA,NA,NA
"BerryCrust_0000309",NA,NA,NA,NA,NA,NA,NA
"BerryCrust_0000310","Eukaryota","Arthropoda",NA,NA,NA,NA,NA
"BerryCrust_0000311",NA,NA,NA,NA,NA,NA,NA
"BerryCrust_0000312",NA,NA,NA,NA,NA,NA,NA
"BerryCrust_0000313",NA,NA,NA,NA,NA,NA,NA
"BerryCrust_0000314",NA,NA,NA,NA,NA,NA,NA
"BerryCrust_0000315",NA,NA,NA,NA,NA,NA,NA
"BerryCrust_0000316",NA,NA,NA,NA,NA,NA,NA
"BerryCrust_0000317",NA,NA,NA,NA,NA,NA,NA
"BerryCrust_0000318",NA,NA,NA,NA,NA,NA,NA
"BerryCrust_0000319",NA,NA,NA,NA,NA,NA,NA
"BerryCrust_0000320",NA,NA,NA,NA,NA,NA,NA
"BerryCrust_0000321",NA,NA,NA,NA,NA,NA,NA
"BerryCrust_0000322","Eukaryota",NA,NA,NA,NA,NA,NA
"BerryCrust_0000323",NA,NA,NA,NA,NA,NA,NA
"BerryCrust_0000324",NA,NA,NA,NA,NA,NA,NA
"BerryCrust_0000325",NA,NA,NA,NA,NA,NA,NA
"BerryCrust_0000326",NA,NA,NA,NA,NA,NA,NA
"BerryCrust_0000327",NA,NA,NA,NA,NA,NA,NA
"BerryCrust_0000328",NA,NA,NA,NA,NA,NA,NA
"BerryCrust_0000329",NA,NA,NA,NA,NA,NA,NA
"BerryCrust_0000330",NA,NA,NA,NA,NA,NA,NA
"BerryCrust_0000331",NA,NA,NA,NA,NA,NA,NA
"BerryCrust_0000332",NA,NA,NA,NA,NA,NA,NA
"BerryCrust_0000333",NA,NA,NA,NA,NA,NA,NA
"BerryCrust_0000334",NA,NA,NA,NA,NA,NA,NA
"BerryCrust_0000335",NA,NA,NA,NA,NA,NA,NA
"BerryCrust_0000336",NA,NA,NA,NA,NA,NA,NA
"BerryCrust_0000337",NA,NA,NA,NA,NA,NA,NA
"BerryCrust_0000338",NA,NA,NA,NA,NA,NA,NA
"BerryCrust_0000339",NA,NA,NA,NA,NA,NA,NA
"BerryCrust_0000340",NA,NA,NA,NA,NA,NA,NA
"BerryCrust_0000341",NA,NA,NA,NA,NA,NA,NA
"BerryCrust_0000342",NA,NA,NA,NA,NA,NA,NA
"BerryCrust_0000343",NA,NA,NA,NA,NA,NA,NA
"BerryCrust_0000344",NA,NA,NA,NA,NA,NA,NA
"BerryCrust_0000345","Eukaryota",NA,NA,NA,NA,NA,NA
"BerryCrust_0000346",NA,NA,NA,NA,NA,NA,NA
"BerryCrust_0000347",NA,NA,NA,NA,NA,NA,NA
"BerryCrust_0000348",NA,NA,NA,NA,NA,NA,NA
"BerryCrust_0000349",NA,NA,NA,NA,NA,NA,NA
"BerryCrust_0000350",NA,NA,NA,NA,NA,NA,NA
"BerryCrust_0000351",NA,NA,NA,NA,NA,NA,NA
"BerryCrust_0000352",NA,NA,NA,NA,NA,NA,NA
"BerryCrust_0000353",NA,NA,NA,NA,NA,NA,NA
"BerryCrust_0000354",NA,NA,NA,NA,NA,NA,NA
"BerryCrust_0000355",NA,NA,NA,NA,NA,NA,NA
"BerryCrust_0000356",NA,NA,NA,NA,NA,NA,NA
"BerryCrust_0000357",NA,NA,NA,NA,NA,NA,NA
"BerryCrust_0000358",NA,NA,NA,NA,NA,NA,NA
"BerryCrust_0000359",NA,NA,NA,NA,NA,NA,NA
"BerryCrust_0000360",NA,NA,NA,NA,NA,NA,NA
"BerryCrust_0000361",NA,NA,NA,NA,NA,NA,NA
"BerryCrust_0000362",NA,NA,NA,NA,NA,NA,NA
"BerryCrust_0000363",NA,NA,NA,NA,NA,NA,NA
"BerryCrust_0000364",NA,NA,NA,NA,NA,NA,NA
"BerryCrust_0000365",NA,NA,NA,NA,NA,NA,NA
"BerryCrust_0000366",NA,NA,NA,NA,NA,NA,NA
"BerryCrust_0000367",NA,NA,NA,NA,NA,NA,NA
"BerryCrust_0000368",NA,NA,NA,NA,NA,NA,NA
"BerryCrust_0000369",NA,NA,NA,NA,NA,NA,NA
"BerryCrust_0000370",NA,NA,NA,NA,NA,NA,NA
"BerryCrust_0000371",NA,NA,NA,NA,NA,NA,NA
"BerryCrust_0000372",NA,NA,NA,NA,NA,NA,NA
"BerryCrust_0000373",NA,NA,NA,NA,NA,NA,NA
"BerryCrust_0000374",NA,NA,NA,NA,NA,NA,NA
"BerryCrust_0000375",NA,NA,NA,NA,NA,NA,NA
"BerryCrust_0000376",NA,NA,NA,NA,NA,NA,NA
"BerryCrust_0000377",NA,NA,NA,NA,NA,NA,NA
"BerryCrust_0000378",NA,NA,NA,NA,NA,NA,NA
"BerryCrust_0000379",NA,NA,NA,NA,NA,NA,NA
"BerryCrust_0000380",NA,NA,NA,NA,NA,NA,NA
"BerryCrust_0000381",NA,NA,NA,NA,NA,NA,NA
"BerryCrust_0000382",NA,NA,NA,NA,NA,NA,NA
"BerryCrust_0000383",NA,NA,NA,NA,NA,NA,NA
"BerryCrust_0000384",NA,NA,NA,NA,NA,NA,NA
"BerryCrust_0000385",NA,NA,NA,NA,NA,NA,NA
"BerryCrust_0000386",NA,NA,NA,NA,NA,NA,NA
"BerryCrust_0000387",NA,NA,NA,NA,NA,NA,NA
"BerryCrust_0000388",NA,NA,NA,NA,NA,NA,NA
"BerryCrust_0000389",NA,NA,NA,NA,NA,NA,NA
"BerryCrust_0000390",NA,NA,NA,NA,NA,NA,NA
"BerryCrust_0000391",NA,NA,NA,NA,NA,NA,NA
"BerryCrust_0000392",NA,NA,NA,NA,NA,NA,NA
"BerryCrust_0000393",NA,NA,NA,NA,NA,NA,NA
"BerryCrust_0000394",NA,NA,NA,NA,NA,NA,NA
"BerryCrust_0000395",NA,NA,NA,NA,NA,NA,NA
"BerryCrust_0000396",NA,NA,NA,NA,NA,NA,NA
"BerryCrust_0000397",NA,NA,NA,NA,NA,NA,NA
"BerryCrust_0000398",NA,NA,NA,NA,NA,NA,NA
"BerryCrust_0000399",NA,NA,NA,NA,NA,NA,NA
"BerryCrust_0000400",NA,NA,NA,NA,NA,NA,NA
"BerryCrust_0000401",NA,NA,NA,NA,NA,NA,NA
"BerryCrust_0000402",NA,NA,NA,NA,NA,NA,NA
"BerryCrust_0000403",NA,NA,NA,NA,NA,NA,NA
"BerryCrust_0000404",NA,NA,NA,NA,NA,NA,NA
"BerryCrust_0000405",NA,NA,NA,NA,NA,NA,NA
"BerryCrust_0000406",NA,NA,NA,NA,NA,NA,NA
"BerryCrust_0000407",NA,NA,NA,NA,NA,NA,NA
"BerryCrust_0000408",NA,NA,NA,NA,NA,NA,NA
"BerryCrust_0000409",NA,NA,NA,NA,NA,NA,NA
"BerryCrust_0000410",NA,NA,NA,NA,NA,NA,NA
"BerryCrust_0000411",NA,NA,NA,NA,NA,NA,NA
"BerryCrust_0000412",NA,NA,NA,NA,NA,NA,NA
"BerryCrust_0000413",NA,NA,NA,NA,NA,NA,NA
"BerryCrust_0000414",NA,NA,NA,NA,NA,NA,NA
"BerryCrust_0000415",NA,NA,NA,NA,NA,NA,NA
"BerryCrust_0000416",NA,NA,NA,NA,NA,NA,NA
"BerryCrust_0000417",NA,NA,NA,NA,NA,NA,NA
"BerryCrust_0000418",NA,NA,NA,NA,NA,NA,NA
"BerryCrust_0000419",NA,NA,NA,NA,NA,NA,NA
"BerryCrust_0000420",NA,NA,NA,NA,NA,NA,NA
"BerryCrust_0000421",NA,NA,NA,NA,NA,NA,NA
"BerryCrust_0000422",NA,NA,NA,NA,NA,NA,NA
"BerryCrust_0000423",NA,NA,NA,NA,NA,NA,NA
"BerryCrust_0000424",NA,NA,NA,NA,NA,NA,NA
"BerryCrust_0000425",NA,NA,NA,NA,NA,NA,NA
"BerryCrust_0000426",NA,NA,NA,NA,NA,NA,NA
"BerryCrust_0000427",NA,NA,NA,NA,NA,NA,NA
"BerryCrust_0000428",NA,NA,NA,NA,NA,NA,NA
"BerryCrust_0000429",NA,NA,NA,NA,NA,NA,NA
"BerryCrust_0000430",NA,NA,NA,NA,NA,NA,NA
"BerryCrust_0000431",NA,NA,NA,NA,NA,NA,NA
"BerryCrust_0000432",NA,NA,NA,NA,NA,NA,NA
"BerryCrust_0000433","Eukaryota","Arthropoda",NA,NA,NA,NA,NA
"BerryCrust_0000434",NA,NA,NA,NA,NA,NA,NA
"BerryCrust_0000435",NA,NA,NA,NA,NA,NA,NA
"BerryCrust_0000436",NA,NA,NA,NA,NA,NA,NA
"BerryCrust_0000437",NA,NA,NA,NA,NA,NA,NA
"BerryCrust_0000438",NA,NA,NA,NA,NA,NA,NA
"BerryCrust_0000439",NA,NA,NA,NA,NA,NA,NA
"BerryCrust_0000440",NA,NA,NA,NA,NA,NA,NA
"BerryCrust_0000441",NA,NA,NA,NA,NA,NA,NA
"BerryCrust_0000442",NA,NA,NA,NA,NA,NA,NA
"BerryCrust_0000443",NA,NA,NA,NA,NA,NA,NA
"BerryCrust_0000444",NA,NA,NA,NA,NA,NA,NA
"BerryCrust_0000445",NA,NA,NA,NA,NA,NA,NA
"BerryCrust_0000446",NA,NA,NA,NA,NA,NA,NA
"BerryCrust_0000447",NA,NA,NA,NA,NA,NA,NA
"BerryCrust_0000448",NA,NA,NA,NA,NA,NA,NA
"BerryCrust_0000449",NA,NA,NA,NA,NA,NA,NA
"BerryCrust_0000450",NA,NA,NA,NA,NA,NA,NA
"BerryCrust_0000451",NA,NA,NA,NA,NA,NA,NA
"BerryCrust_0000452",NA,NA,NA,NA,NA,NA,NA
"BerryCrust_0000453",NA,NA,NA,NA,NA,NA,NA
"BerryCrust_0000454",NA,NA,NA,NA,NA,NA,NA
"BerryCrust_0000455",NA,NA,NA,NA,NA,NA,NA
"BerryCrust_0000456",NA,NA,NA,NA,NA,NA,NA
"BerryCrust_0000457",NA,NA,NA,NA,NA,NA,NA
"BerryCrust_0000458",NA,NA,NA,NA,NA,NA,NA
"BerryCrust_0000459",NA,NA,NA,NA,NA,NA,NA
"BerryCrust_0000460",NA,NA,NA,NA,NA,NA,NA
"BerryCrust_0000461",NA,NA,NA,NA,NA,NA,NA
"BerryCrust_0000462",NA,NA,NA,NA,NA,NA,NA
"BerryCrust_0000463",NA,NA,NA,NA,NA,NA,NA
"BerryCrust_0000464",NA,NA,NA,NA,NA,NA,NA
"BerryCrust_0000465",NA,NA,NA,NA,NA,NA,NA
"BerryCrust_0000466",NA,NA,NA,NA,NA,NA,NA
"BerryCrust_0000467",NA,NA,NA,NA,NA,NA,NA
"BerryCrust_0000468",NA,NA,NA,NA,NA,NA,NA
"BerryCrust_0000469","Eukaryota","Arthropoda",NA,NA,NA,NA,NA
"BerryCrust_0000470",NA,NA,NA,NA,NA,NA,NA
"BerryCrust_0000471",NA,NA,NA,NA,NA,NA,NA
"BerryCrust_0000472","Eukaryota",NA,NA,NA,NA,NA,NA
"BerryCrust_0000473",NA,NA,NA,NA,NA,NA,NA
"BerryCrust_0000474",NA,NA,NA,NA,NA,NA,NA
"BerryCrust_0000475","Eukaryota",NA,NA,NA,NA,NA,NA
"BerryCrust_0000476",NA,NA,NA,NA,NA,NA,NA
"BerryCrust_0000477",NA,NA,NA,NA,NA,NA,NA
"BerryCrust_0000478",NA,NA,NA,NA,NA,NA,NA
"BerryCrust_0000479",NA,NA,NA,NA,NA,NA,NA
"BerryCrust_0000480",NA,NA,NA,NA,NA,NA,NA
"BerryCrust_0000481","Eukaryota","Arthropoda",NA,NA,NA,NA,NA
"BerryCrust_0000482",NA,NA,NA,NA,NA,NA,NA
"BerryCrust_0000483",NA,NA,NA,NA,NA,NA,NA
"BerryCrust_0000484","Eukaryota",NA,NA,NA,NA,NA,NA
"BerryCrust_0000485",NA,NA,NA,NA,NA,NA,NA
"BerryCrust_0000486",NA,NA,NA,NA,NA,NA,NA
"BerryCrust_0000487",NA,NA,NA,NA,NA,NA,NA
"BerryCrust_0000488",NA,NA,NA,NA,NA,NA,NA
"BerryCrust_0000489",NA,NA,NA,NA,NA,NA,NA
"BerryCrust_0000490",NA,NA,NA,NA,NA,NA,NA
"BerryCrust_0000491",NA,NA,NA,NA,NA,NA,NA
"BerryCrust_0000492",NA,NA,NA,NA,NA,NA,NA
"BerryCrust_0000493",NA,NA,NA,NA,NA,NA,NA
"BerryCrust_0000494",NA,NA,NA,NA,NA,NA,NA
"BerryCrust_0000495",NA,NA,NA,NA,NA,NA,NA
"BerryCrust_0000496",NA,NA,NA,NA,NA,NA,NA
"BerryCrust_0000497",NA,NA,NA,NA,NA,NA,NA
"BerryCrust_0000498","Eukaryota",NA,NA,NA,NA,NA,NA
"BerryCrust_0000499","Eukaryota",NA,NA,NA,NA,NA,NA
"BerryCrust_0000500",NA,NA,NA,NA,NA,NA,NA
"BerryCrust_0000501",NA,NA,NA,NA,NA,NA,NA
"BerryCrust_0000502",NA,NA,NA,NA,NA,NA,NA
"BerryCrust_0000503",NA,NA,NA,NA,NA,NA,NA
"BerryCrust_0000504",NA,NA,NA,NA,NA,NA,NA
"BerryCrust_0000505","Eukaryota","Arthropoda",NA,NA,NA,NA,NA
"BerryCrust_0000506",NA,NA,NA,NA,NA,NA,NA
"BerryCrust_0000507",NA,NA,NA,NA,NA,NA,NA
"BerryCrust_0000508",NA,NA,NA,NA,NA,NA,NA
"BerryCrust_0000509",NA,NA,NA,NA,NA,NA,NA
"BerryCrust_0000510",NA,NA,NA,NA,NA,NA,NA
"BerryCrust_0000511",NA,NA,NA,NA,NA,NA,NA
"BerryCrust_0000512",NA,NA,NA,NA,NA,NA,NA
"BerryCrust_0000513",NA,NA,NA,NA,NA,NA,NA
"BerryCrust_0000514",NA,NA,NA,NA,NA,NA,NA
"BerryCrust_0000515",NA,NA,NA,NA,NA,NA,NA
"BerryCrust_0000516",NA,NA,NA,NA,NA,NA,NA
"BerryCrust_0000517",NA,NA,NA,NA,NA,NA,NA
"BerryCrust_0000518",NA,NA,NA,NA,NA,NA,NA
"BerryCrust_0000519",NA,NA,NA,NA,NA,NA,NA
"BerryCrust_0000520",NA,NA,NA,NA,NA,NA,NA
"BerryCrust_0000521",NA,NA,NA,NA,NA,NA,NA
"BerryCrust_0000522",NA,NA,NA,NA,NA,NA,NA
"BerryCrust_0000523",NA,NA,NA,NA,NA,NA,NA
"BerryCrust_0000524",NA,NA,NA,NA,NA,NA,NA
"BerryCrust_0000525",NA,NA,NA,NA,NA,NA,NA
"BerryCrust_0000526",NA,NA,NA,NA,NA,NA,NA
"BerryCrust_0000527",NA,NA,NA,NA,NA,NA,NA
"BerryCrust_0000528",NA,NA,NA,NA,NA,NA,NA
"BerryCrust_0000529",NA,NA,NA,NA,NA,NA,NA
"BerryCrust_0000530",NA,NA,NA,NA,NA,NA,NA
"BerryCrust_0000531",NA,NA,NA,NA,NA,NA,NA
"BerryCrust_0000532",NA,NA,NA,NA,NA,NA,NA
"BerryCrust_0000533",NA,NA,NA,NA,NA,NA,NA
"BerryCrust_0000534",NA,NA,NA,NA,NA,NA,NA
"BerryCrust_0000535",NA,NA,NA,NA,NA,NA,NA
"BerryCrust_0000536",NA,NA,NA,NA,NA,NA,NA
"BerryCrust_0000537",NA,NA,NA,NA,NA,NA,NA
"BerryCrust_0000538",NA,NA,NA,NA,NA,NA,NA
"BerryCrust_0000539",NA,NA,NA,NA,NA,NA,NA
"BerryCrust_0000540",NA,NA,NA,NA,NA,NA,NA
"BerryCrust_0000541","Eukaryota",NA,NA,NA,NA,NA,NA
"BerryCrust_0000542","Eukaryota","Arthropoda","Malacostraca","Decapoda","Palaemonidae","Palaemon","Palaemon ritteri"
"BerryCrust_0000543",NA,NA,NA,NA,NA,NA,NA
"BerryCrust_0000544",NA,NA,NA,NA,NA,NA,NA
"BerryCrust_0000545",NA,NA,NA,NA,NA,NA,NA
"BerryCrust_0000546",NA,NA,NA,NA,NA,NA,NA
"BerryCrust_0000547",NA,NA,NA,NA,NA,NA,NA
"BerryCrust_0000548","Eukaryota","Arthropoda",NA,NA,NA,NA,NA
"BerryCrust_0000549",NA,NA,NA,NA,NA,NA,NA
"BerryCrust_0000550",NA,NA,NA,NA,NA,NA,NA
"BerryCrust_0000551",NA,NA,NA,NA,NA,NA,NA
"BerryCrust_0000552",NA,NA,NA,NA,NA,NA,NA
"BerryCrust_0000553",NA,NA,NA,NA,NA,NA,NA
"BerryCrust_0000554",NA,NA,NA,NA,NA,NA,NA
"BerryCrust_0000555",NA,NA,NA,NA,NA,NA,NA
"BerryCrust_0000556",NA,NA,NA,NA,NA,NA,NA
"BerryCrust_0000557","Eukaryota","Arthropoda","Malacostraca","Decapoda","Palaemonidae","Palaemon","Palaemon ritteri"
"BerryCrust_0000558",NA,NA,NA,NA,NA,NA,NA
"BerryCrust_0000559",NA,NA,NA,NA,NA,NA,NA
"BerryCrust_0000560",NA,NA,NA,NA,NA,NA,NA
"BerryCrust_0000561",NA,NA,NA,NA,NA,NA,NA
"BerryCrust_0000562",NA,NA,NA,NA,NA,NA,NA
"BerryCrust_0000563",NA,NA,NA,NA,NA,NA,NA
"BerryCrust_0000564",NA,NA,NA,NA,NA,NA,NA
"BerryCrust_0000565",NA,NA,NA,NA,NA,NA,NA
"BerryCrust_0000566",NA,NA,NA,NA,NA,NA,NA
"BerryCrust_0000567",NA,NA,NA,NA,NA,NA,NA
"BerryCrust_0000568",NA,NA,NA,NA,NA,NA,NA
"BerryCrust_0000569","Eukaryota","Arthropoda","Malacostraca","Decapoda","Grapsidae","Pachygrapsus","Pachygrapsus socius"
"BerryCrust_0000570",NA,NA,NA,NA,NA,NA,NA
"BerryCrust_0000571",NA,NA,NA,NA,NA,NA,NA
"BerryCrust_0000572",NA,NA,NA,NA,NA,NA,NA
"BerryCrust_0000573",NA,NA,NA,NA,NA,NA,NA
"BerryCrust_0000574",NA,NA,NA,NA,NA,NA,NA
"BerryCrust_0000575",NA,NA,NA,NA,NA,NA,NA
"BerryCrust_0000576",NA,NA,NA,NA,NA,NA,NA
"BerryCrust_0000577",NA,NA,NA,NA,NA,NA,NA
"BerryCrust_0000578",NA,NA,NA,NA,NA,NA,NA
"BerryCrust_0000579","Eukaryota","Arthropoda","Malacostraca","Decapoda","Mithracidae","Teleophrys","Teleophrys cristulipes"
"BerryCrust_0000580",NA,NA,NA,NA,NA,NA,NA
"BerryCrust_0000581",NA,NA,NA,NA,NA,NA,NA
"BerryCrust_0000582",NA,NA,NA,NA,NA,NA,NA
"BerryCrust_0000583",NA,NA,NA,NA,NA,NA,NA
"BerryCrust_0000584",NA,NA,NA,NA,NA,NA,NA
"BerryCrust_0000585",NA,NA,NA,NA,NA,NA,NA
"BerryCrust_0000586",NA,NA,NA,NA,NA,NA,NA
"BerryCrust_0000587",NA,NA,NA,NA,NA,NA,NA
"BerryCrust_0000588",NA,NA,NA,NA,NA,NA,NA
"BerryCrust_0000589",NA,NA,NA,NA,NA,NA,NA
"BerryCrust_0000590",NA,NA,NA,NA,NA,NA,NA
"BerryCrust_0000591",NA,NA,NA,NA,NA,NA,NA
"BerryCrust_0000592",NA,NA,NA,NA,NA,NA,NA
"BerryCrust_0000593",NA,NA,NA,NA,NA,NA,NA
"BerryCrust_0000594",NA,NA,NA,NA,NA,NA,NA
"BerryCrust_0000595",NA,NA,NA,NA,NA,NA,NA
"BerryCrust_0000596",NA,NA,NA,NA,NA,NA,NA
"BerryCrust_0000597",NA,NA,NA,NA,NA,NA,NA
"BerryCrust_0000598",NA,NA,NA,NA,NA,NA,NA
"BerryCrust_0000599",NA,NA,NA,NA,NA,NA,NA
"BerryCrust_0000600",NA,NA,NA,NA,NA,NA,NA
"BerryCrust_0000601",NA,NA,NA,NA,NA,NA,NA
"BerryCrust_0000602",NA,NA,NA,NA,NA,NA,NA
"BerryCrust_0000603",NA,NA,NA,NA,NA,NA,NA
"BerryCrust_0000604",NA,NA,NA,NA,NA,NA,NA
"BerryCrust_0000605",NA,NA,NA,NA,NA,NA,NA
"BerryCrust_0000606",NA,NA,NA,NA,NA,NA,NA
"BerryCrust_0000607",NA,NA,NA,NA,NA,NA,NA
"BerryCrust_0000608",NA,NA,NA,NA,NA,NA,NA
"BerryCrust_0000609",NA,NA,NA,NA,NA,NA,NA
"BerryCrust_0000610",NA,NA,NA,NA,NA,NA,NA
"BerryCrust_0000611",NA,NA,NA,NA,NA,NA,NA
"BerryCrust_0000612",NA,NA,NA,NA,NA,NA,NA
"BerryCrust_0000613",NA,NA,NA,NA,NA,NA,NA
"BerryCrust_0000614",NA,NA,NA,NA,NA,NA,NA
"BerryCrust_0000615",NA,NA,NA,NA,NA,NA,NA
"BerryCrust_0000616",NA,NA,NA,NA,NA,NA,NA
"BerryCrust_0000617",NA,NA,NA,NA,NA,NA,NA
"BerryCrust_0000618",NA,NA,NA,NA,NA,NA,NA
"BerryCrust_0000619",NA,NA,NA,NA,NA,NA,NA
"BerryCrust_0000620",NA,NA,NA,NA,NA,NA,NA
"BerryCrust_0000621",NA,NA,NA,NA,NA,NA,NA
"BerryCrust_0000622",NA,NA,NA,NA,NA,NA,NA
"BerryCrust_0000623",NA,NA,NA,NA,NA,NA,NA
"BerryCrust_0000624",NA,NA,NA,NA,NA,NA,NA
"BerryCrust_0000625",NA,NA,NA,NA,NA,NA,NA
"BerryCrust_0000626","Eukaryota","Arthropoda","Malacostraca","Decapoda","Grapsidae","Pachygrapsus","Pachygrapsus socius"
"BerryCrust_0000627",NA,NA,NA,NA,NA,NA,NA
"BerryCrust_0000628",NA,NA,NA,NA,NA,NA,NA
"BerryCrust_0000629",NA,NA,NA,NA,NA,NA,NA
"BerryCrust_0000630",NA,NA,NA,NA,NA,NA,NA
"BerryCrust_0000631",NA,NA,NA,NA,NA,NA,NA
"BerryCrust_0000632",NA,NA,NA,NA,NA,NA,NA
"BerryCrust_0000633",NA,NA,NA,NA,NA,NA,NA
"BerryCrust_0000634",NA,NA,NA,NA,NA,NA,NA
"BerryCrust_0000635",NA,NA,NA,NA,NA,NA,NA
"BerryCrust_0000636",NA,NA,NA,NA,NA,NA,NA
"BerryCrust_0000637",NA,NA,NA,NA,NA,NA,NA
"BerryCrust_0000638",NA,NA,NA,NA,NA,NA,NA
"BerryCrust_0000639",NA,NA,NA,NA,NA,NA,NA
"BerryCrust_0000640",NA,NA,NA,NA,NA,NA,NA
"BerryCrust_0000641",NA,NA,NA,NA,NA,NA,NA
"BerryCrust_0000642",NA,NA,NA,NA,NA,NA,NA
"BerryCrust_0000643","Eukaryota",NA,NA,NA,NA,NA,NA
"BerryCrust_0000644",NA,NA,NA,NA,NA,NA,NA
"BerryCrust_0000645",NA,NA,NA,NA,NA,NA,NA
"BerryCrust_0000646",NA,NA,NA,NA,NA,NA,NA
"BerryCrust_0000647",NA,NA,NA,NA,NA,NA,NA
"BerryCrust_0000648",NA,NA,NA,NA,NA,NA,NA
"BerryCrust_0000649",NA,NA,NA,NA,NA,NA,NA
"BerryCrust_0000650",NA,NA,NA,NA,NA,NA,NA
"BerryCrust_0000651",NA,NA,NA,NA,NA,NA,NA
"BerryCrust_0000652",NA,NA,NA,NA,NA,NA,NA
"BerryCrust_0000653",NA,NA,NA,NA,NA,NA,NA
"BerryCrust_0000654",NA,NA,NA,NA,NA,NA,NA
"BerryCrust_0000655",NA,NA,NA,NA,NA,NA,NA
"BerryCrust_0000656",NA,NA,NA,NA,NA,NA,NA
"BerryCrust_0000657",NA,NA,NA,NA,NA,NA,NA
"BerryCrust_0000658",NA,NA,NA,NA,NA,NA,NA
"BerryCrust_0000659",NA,NA,NA,NA,NA,NA,NA
"BerryCrust_0000660",NA,NA,NA,NA,NA,NA,NA
"BerryCrust_0000661",NA,NA,NA,NA,NA,NA,NA
"BerryCrust_0000662",NA,NA,NA,NA,NA,NA,NA
"BerryCrust_0000663","Eukaryota","Arthropoda","Malacostraca","Decapoda","Panopeidae","Eurytium",NA
"BerryCrust_0000664",NA,NA,NA,NA,NA,NA,NA
"BerryCrust_0000665",NA,NA,NA,NA,NA,NA,NA
"BerryCrust_0000666",NA,NA,NA,NA,NA,NA,NA
"BerryCrust_0000667",NA,NA,NA,NA,NA,NA,NA
"BerryCrust_0000668",NA,NA,NA,NA,NA,NA,NA
"BerryCrust_0000669",NA,NA,NA,NA,NA,NA,NA
"BerryCrust_0000670",NA,NA,NA,NA,NA,NA,NA
"BerryCrust_0000671",NA,NA,NA,NA,NA,NA,NA
"BerryCrust_0000672",NA,NA,NA,NA,NA,NA,NA
"BerryCrust_0000673",NA,NA,NA,NA,NA,NA,NA
"BerryCrust_0000674",NA,NA,NA,NA,NA,NA,NA
"BerryCrust_0000675",NA,NA,NA,NA,NA,NA,NA
"BerryCrust_0000676",NA,NA,NA,NA,NA,NA,NA
"BerryCrust_0000677",NA,NA,NA,NA,NA,NA,NA
"BerryCrust_0000678",NA,NA,NA,NA,NA,NA,NA
"BerryCrust_0000679",NA,NA,NA,NA,NA,NA,NA
"BerryCrust_0000680",NA,NA,NA,NA,NA,NA,NA
"BerryCrust_0000681",NA,NA,NA,NA,NA,NA,NA
"BerryCrust_0000682",NA,NA,NA,NA,NA,NA,NA
"BerryCrust_0000683",NA,NA,NA,NA,NA,NA,NA
"BerryCrust_0000684",NA,NA,NA,NA,NA,NA,NA
"BerryCrust_0000685","Eukaryota","Arthropoda","Malacostraca","Decapoda","Mithracidae","Teleophrys","Teleophrys cristulipes"
"BerryCrust_0000686",NA,NA,NA,NA,NA,NA,NA
"BerryCrust_0000687",NA,NA,NA,NA,NA,NA,NA
"BerryCrust_0000688",NA,NA,NA,NA,NA,NA,NA
"BerryCrust_0000689",NA,NA,NA,NA,NA,NA,NA
"BerryCrust_0000690",NA,NA,NA,NA,NA,NA,NA
"BerryCrust_0000691",NA,NA,NA,NA,NA,NA,NA
"BerryCrust_0000692",NA,NA,NA,NA,NA,NA,NA
"BerryCrust_0000693",NA,NA,NA,NA,NA,NA,NA
"BerryCrust_0000694",NA,NA,NA,NA,NA,NA,NA
"BerryCrust_0000695","Eukaryota","Arthropoda","Malacostraca","Decapoda","Palaemonidae","Palaemon","Palaemon ritteri"
"BerryCrust_0000696",NA,NA,NA,NA,NA,NA,NA
"BerryCrust_0000697",NA,NA,NA,NA,NA,NA,NA
"BerryCrust_0000698",NA,NA,NA,NA,NA,NA,NA
"BerryCrust_0000699",NA,NA,NA,NA,NA,NA,NA
"BerryCrust_0000700",NA,NA,NA,NA,NA,NA,NA
"BerryCrust_0000701","Eukaryota",NA,NA,NA,NA,NA,NA
"BerryCrust_0000702",NA,NA,NA,NA,NA,NA,NA
"BerryCrust_0000703",NA,NA,NA,NA,NA,NA,NA
"BerryCrust_0000704",NA,NA,NA,NA,NA,NA,NA
"BerryCrust_0000705",NA,NA,NA,NA,NA,NA,NA
"BerryCrust_0000706",NA,NA,NA,NA,NA,NA,NA
"BerryCrust_0000707",NA,NA,NA,NA,NA,NA,NA
"BerryCrust_0000708",NA,NA,NA,NA,NA,NA,NA
"BerryCrust_0000709",NA,NA,NA,NA,NA,NA,NA
"BerryCrust_0000710",NA,NA,NA,NA,NA,NA,NA
"BerryCrust_0000711",NA,NA,NA,NA,NA,NA,NA
"BerryCrust_0000712",NA,NA,NA,NA,NA,NA,NA
"BerryCrust_0000713",NA,NA,NA,NA,NA,NA,NA
"BerryCrust_0000714",NA,NA,NA,NA,NA,NA,NA
"BerryCrust_0000715",NA,NA,NA,NA,NA,NA,NA
"BerryCrust_0000716",NA,NA,NA,NA,NA,NA,NA
"BerryCrust_0000717",NA,NA,NA,NA,NA,NA,NA
"BerryCrust_0000718",NA,NA,NA,NA,NA,NA,NA
"BerryCrust_0000719",NA,NA,NA,NA,NA,NA,NA
"BerryCrust_0000720","Eukaryota","Arthropoda","Malacostraca","Decapoda","Mithracidae","Teleophrys","Teleophrys cristulipes"
"BerryCrust_0000721",NA,NA,NA,NA,NA,NA,NA
"BerryCrust_0000722",NA,NA,NA,NA,NA,NA,NA
"BerryCrust_0000723",NA,NA,NA,NA,NA,NA,NA
"BerryCrust_0000724",NA,NA,NA,NA,NA,NA,NA
"BerryCrust_0000725",NA,NA,NA,NA,NA,NA,NA
"BerryCrust_0000726",NA,NA,NA,NA,NA,NA,NA
"BerryCrust_0000727",NA,NA,NA,NA,NA,NA,NA
"BerryCrust_0000728",NA,NA,NA,NA,NA,NA,NA
"BerryCrust_0000729",NA,NA,NA,NA,NA,NA,NA
"BerryCrust_0000730",NA,NA,NA,NA,NA,NA,NA
"BerryCrust_0000731","Eukaryota","Arthropoda","Malacostraca","Decapoda","Alpheidae","Alpheus","Alpheus estuariensis"
"BerryCrust_0000732",NA,NA,NA,NA,NA,NA,NA
"BerryCrust_0000733",NA,NA,NA,NA,NA,NA,NA
"BerryCrust_0000734",NA,NA,NA,NA,NA,NA,NA
"BerryCrust_0000735",NA,NA,NA,NA,NA,NA,NA
"BerryCrust_0000736",NA,NA,NA,NA,NA,NA,NA
"BerryCrust_0000737",NA,NA,NA,NA,NA,NA,NA
"BerryCrust_0000738","Eukaryota","Arthropoda","Malacostraca","Decapoda","Mithracidae","Teleophrys","Teleophrys cristulipes"
"BerryCrust_0000739",NA,NA,NA,NA,NA,NA,NA
"BerryCrust_0000740",NA,NA,NA,NA,NA,NA,NA
"BerryCrust_0000741",NA,NA,NA,NA,NA,NA,NA
"BerryCrust_0000742",NA,NA,NA,NA,NA,NA,NA
"BerryCrust_0000743",NA,NA,NA,NA,NA,NA,NA
"BerryCrust_0000744",NA,NA,NA,NA,NA,NA,NA
"BerryCrust_0000745",NA,NA,NA,NA,NA,NA,NA
"BerryCrust_0000746","Eukaryota","Arthropoda","Malacostraca","Decapoda","Mithracidae","Teleophrys","Teleophrys cristulipes"
"BerryCrust_0000747",NA,NA,NA,NA,NA,NA,NA
"BerryCrust_0000748",NA,NA,NA,NA,NA,NA,NA
"BerryCrust_0000749",NA,NA,NA,NA,NA,NA,NA
"BerryCrust_0000750",NA,NA,NA,NA,NA,NA,NA
"BerryCrust_0000751",NA,NA,NA,NA,NA,NA,NA
"BerryCrust_0000752",NA,NA,NA,NA,NA,NA,NA
"BerryCrust_0000753",NA,NA,NA,NA,NA,NA,NA
"BerryCrust_0000754",NA,NA,NA,NA,NA,NA,NA
"BerryCrust_0000755",NA,NA,NA,NA,NA,NA,NA
"BerryCrust_0000756",NA,NA,NA,NA,NA,NA,NA
"BerryCrust_0000757",NA,NA,NA,NA,NA,NA,NA
"BerryCrust_0000758","Eukaryota","Arthropoda","Malacostraca","Decapoda","Mithracidae","Teleophrys","Teleophrys cristulipes"
"BerryCrust_0000759",NA,NA,NA,NA,NA,NA,NA
"BerryCrust_0000760",NA,NA,NA,NA,NA,NA,NA
"BerryCrust_0000761",NA,NA,NA,NA,NA,NA,NA
"BerryCrust_0000762",NA,NA,NA,NA,NA,NA,NA
"BerryCrust_0000763",NA,NA,NA,NA,NA,NA,NA
"BerryCrust_0000764",NA,NA,NA,NA,NA,NA,NA
"BerryCrust_0000765",NA,NA,NA,NA,NA,NA,NA
"BerryCrust_0000766",NA,NA,NA,NA,NA,NA,NA
"BerryCrust_0000767",NA,NA,NA,NA,NA,NA,NA
"BerryCrust_0000768",NA,NA,NA,NA,NA,NA,NA
"BerryCrust_0000769","Eukaryota",NA,NA,NA,NA,NA,NA
"BerryCrust_0000770",NA,NA,NA,NA,NA,NA,NA
"BerryCrust_0000771",NA,NA,NA,NA,NA,NA,NA
"BerryCrust_0000772",NA,NA,NA,NA,NA,NA,NA
"BerryCrust_0000773",NA,NA,NA,NA,NA,NA,NA
"BerryCrust_0000774",NA,NA,NA,NA,NA,NA,NA
"BerryCrust_0000775",NA,NA,NA,NA,NA,NA,NA
"BerryCrust_0000776",NA,NA,NA,NA,NA,NA,NA
"BerryCrust_0000777",NA,NA,NA,NA,NA,NA,NA
"BerryCrust_0000778",NA,NA,NA,NA,NA,NA,NA
"BerryCrust_0000779",NA,NA,NA,NA,NA,NA,NA
"BerryCrust_0000780",NA,NA,NA,NA,NA,NA,NA
"BerryCrust_0000781",NA,NA,NA,NA,NA,NA,NA
"BerryCrust_0000782",NA,NA,NA,NA,NA,NA,NA
"BerryCrust_0000783",NA,NA,NA,NA,NA,NA,NA
"BerryCrust_0000784",NA,NA,NA,NA,NA,NA,NA
"BerryCrust_0000785",NA,NA,NA,NA,NA,NA,NA
"BerryCrust_0000786",NA,NA,NA,NA,NA,NA,NA
"BerryCrust_0000787",NA,NA,NA,NA,NA,NA,NA
"BerryCrust_0000788",NA,NA,NA,NA,NA,NA,NA
"BerryCrust_0000789",NA,NA,NA,NA,NA,NA,NA
"BerryCrust_0000790",NA,NA,NA,NA,NA,NA,NA
"BerryCrust_0000791",NA,NA,NA,NA,NA,NA,NA
"BerryCrust_0000792",NA,NA,NA,NA,NA,NA,NA
"BerryCrust_0000793",NA,NA,NA,NA,NA,NA,NA
"BerryCrust_0000794",NA,NA,NA,NA,NA,NA,NA
"BerryCrust_0000795",NA,NA,NA,NA,NA,NA,NA
"BerryCrust_0000796",NA,NA,NA,NA,NA,NA,NA
"BerryCrust_0000797",NA,NA,NA,NA,NA,NA,NA
"BerryCrust_0000798",NA,NA,NA,NA,NA,NA,NA
"BerryCrust_0000799",NA,NA,NA,NA,NA,NA,NA
"BerryCrust_0000800",NA,NA,NA,NA,NA,NA,NA
"BerryCrust_0000801",NA,NA,NA,NA,NA,NA,NA
"BerryCrust_0000802",NA,NA,NA,NA,NA,NA,NA
"BerryCrust_0000803",NA,NA,NA,NA,NA,NA,NA
"BerryCrust_0000804",NA,NA,NA,NA,NA,NA,NA
"BerryCrust_0000805",NA,NA,NA,NA,NA,NA,NA
"BerryCrust_0000806",NA,NA,NA,NA,NA,NA,NA
"BerryCrust_0000807",NA,NA,NA,NA,NA,NA,NA
"BerryCrust_0000808",NA,NA,NA,NA,NA,NA,NA
"BerryCrust_0000809",NA,NA,NA,NA,NA,NA,NA
"BerryCrust_0000810",NA,NA,NA,NA,NA,NA,NA
"BerryCrust_0000811",NA,NA,NA,NA,NA,NA,NA
"BerryCrust_0000812",NA,NA,NA,NA,NA,NA,NA
"BerryCrust_0000813",NA,NA,NA,NA,NA,NA,NA
"BerryCrust_0000814",NA,NA,NA,NA,NA,NA,NA
"BerryCrust_0000815",NA,NA,NA,NA,NA,NA,NA
"BerryCrust_0000816",NA,NA,NA,NA,NA,NA,NA
"BerryCrust_0000817",NA,NA,NA,NA,NA,NA,NA
"BerryCrust_0000818",NA,NA,NA,NA,NA,NA,NA
"BerryCrust_0000819",NA,NA,NA,NA,NA,NA,NA
"BerryCrust_0000820",NA,NA,NA,NA,NA,NA,NA
"BerryCrust_0000821",NA,NA,NA,NA,NA,NA,NA
"BerryCrust_0000822",NA,NA,NA,NA,NA,NA,NA
"BerryCrust_0000823","Eukaryota","Arthropoda","Malacostraca","Decapoda","Grapsidae","Pachygrapsus","Pachygrapsus socius"
"BerryCrust_0000824",NA,NA,NA,NA,NA,NA,NA
"BerryCrust_0000825",NA,NA,NA,NA,NA,NA,NA
"BerryCrust_0000826",NA,NA,NA,NA,NA,NA,NA
"BerryCrust_0000827",NA,NA,NA,NA,NA,NA,NA
"BerryCrust_0000828",NA,NA,NA,NA,NA,NA,NA
"BerryCrust_0000829",NA,NA,NA,NA,NA,NA,NA
"BerryCrust_0000830",NA,NA,NA,NA,NA,NA,NA
"BerryCrust_0000831",NA,NA,NA,NA,NA,NA,NA
"BerryCrust_0000832",NA,NA,NA,NA,NA,NA,NA
"BerryCrust_0000833",NA,NA,NA,NA,NA,NA,NA
"BerryCrust_0000834",NA,NA,NA,NA,NA,NA,NA
"BerryCrust_0000835",NA,NA,NA,NA,NA,NA,NA
"BerryCrust_0000836",NA,NA,NA,NA,NA,NA,NA
"BerryCrust_0000837",NA,NA,NA,NA,NA,NA,NA
"BerryCrust_0000838",NA,NA,NA,NA,NA,NA,NA
"BerryCrust_0000839",NA,NA,NA,NA,NA,NA,NA
"BerryCrust_0000840",NA,NA,NA,NA,NA,NA,NA
"BerryCrust_0000841","Eukaryota","Arthropoda","Malacostraca","Decapoda","Mithracidae","Teleophrys","Teleophrys cristulipes"
"BerryCrust_0000842",NA,NA,NA,NA,NA,NA,NA
"BerryCrust_0000843",NA,NA,NA,NA,NA,NA,NA
"BerryCrust_0000844",NA,NA,NA,NA,NA,NA,NA
"BerryCrust_0000845",NA,NA,NA,NA,NA,NA,NA
"BerryCrust_0000846",NA,NA,NA,NA,NA,NA,NA
"BerryCrust_0000847",NA,NA,NA,NA,NA,NA,NA
"BerryCrust_0000848",NA,NA,NA,NA,NA,NA,NA
"BerryCrust_0000849",NA,NA,NA,NA,NA,NA,NA
"BerryCrust_0000850",NA,NA,NA,NA,NA,NA,NA
"BerryCrust_0000851",NA,NA,NA,NA,NA,NA,NA
"BerryCrust_0000852",NA,NA,NA,NA,NA,NA,NA
"BerryCrust_0000853",NA,NA,NA,NA,NA,NA,NA
"BerryCrust_0000854",NA,NA,NA,NA,NA,NA,NA
"BerryCrust_0000855",NA,NA,NA,NA,NA,NA,NA
"BerryCrust_0000856",NA,NA,NA,NA,NA,NA,NA
"BerryCrust_0000857",NA,NA,NA,NA,NA,NA,NA
"BerryCrust_0000858",NA,NA,NA,NA,NA,NA,NA
"BerryCrust_0000859",NA,NA,NA,NA,NA,NA,NA
"BerryCrust_0000860",NA,NA,NA,NA,NA,NA,NA
"BerryCrust_0000861",NA,NA,NA,NA,NA,NA,NA
"BerryCrust_0000862",NA,NA,NA,NA,NA,NA,NA
"BerryCrust_0000863",NA,NA,NA,NA,NA,NA,NA
"BerryCrust_0000864",NA,NA,NA,NA,NA,NA,NA
"BerryCrust_0000865",NA,NA,NA,NA,NA,NA,NA
"BerryCrust_0000866",NA,NA,NA,NA,NA,NA,NA
"BerryCrust_0000867",NA,NA,NA,NA,NA,NA,NA
"BerryCrust_0000868",NA,NA,NA,NA,NA,NA,NA
"BerryCrust_0000869",NA,NA,NA,NA,NA,NA,NA
"BerryCrust_0000870",NA,NA,NA,NA,NA,NA,NA
"BerryCrust_0000871",NA,NA,NA,NA,NA,NA,NA
"BerryCrust_0000872",NA,NA,NA,NA,NA,NA,NA
"BerryCrust_0000873",NA,NA,NA,NA,NA,NA,NA
"BerryCrust_0000874",NA,NA,NA,NA,NA,NA,NA
"BerryCrust_0000875",NA,NA,NA,NA,NA,NA,NA
"BerryCrust_0000876",NA,NA,NA,NA,NA,NA,NA
"BerryCrust_0000877",NA,NA,NA,NA,NA,NA,NA
"BerryCrust_0000878",NA,NA,NA,NA,NA,NA,NA
"BerryCrust_0000879",NA,NA,NA,NA,NA,NA,NA
"BerryCrust_0000880",NA,NA,NA,NA,NA,NA,NA
"BerryCrust_0000881",NA,NA,NA,NA,NA,NA,NA
"BerryCrust_0000882",NA,NA,NA,NA,NA,NA,NA
"BerryCrust_0000883",NA,NA,NA,NA,NA,NA,NA
"BerryCrust_0000884",NA,NA,NA,NA,NA,NA,NA
"BerryCrust_0000885",NA,NA,NA,NA,NA,NA,NA
"BerryCrust_0000886",NA,NA,NA,NA,NA,NA,NA
"BerryCrust_0000887",NA,NA,NA,NA,NA,NA,NA
"BerryCrust_0000888",NA,NA,NA,NA,NA,NA,NA
"BerryCrust_0000889",NA,NA,NA,NA,NA,NA,NA
"BerryCrust_0000890",NA,NA,NA,NA,NA,NA,NA
"BerryCrust_0000891",NA,NA,NA,NA,NA,NA,NA
"BerryCrust_0000892",NA,NA,NA,NA,NA,NA,NA
"BerryCrust_0000893",NA,NA,NA,NA,NA,NA,NA
"BerryCrust_0000894",NA,NA,NA,NA,NA,NA,NA
"BerryCrust_0000895","Eukaryota","Arthropoda","Malacostraca","Decapoda","Palaemonidae","Palaemon","Palaemon ritteri"
"BerryCrust_0000896",NA,NA,NA,NA,NA,NA,NA
"BerryCrust_0000897",NA,NA,NA,NA,NA,NA,NA
"BerryCrust_0000898",NA,NA,NA,NA,NA,NA,NA
"BerryCrust_0000899",NA,NA,NA,NA,NA,NA,NA
"BerryCrust_0000900",NA,NA,NA,NA,NA,NA,NA
"BerryCrust_0000901",NA,NA,NA,NA,NA,NA,NA
"BerryCrust_0000902",NA,NA,NA,NA,NA,NA,NA
"BerryCrust_0000903",NA,NA,NA,NA,NA,NA,NA
"BerryCrust_0000904",NA,NA,NA,NA,NA,NA,NA
"BerryCrust_0000905",NA,NA,NA,NA,NA,NA,NA
"BerryCrust_0000906",NA,NA,NA,NA,NA,NA,NA
"BerryCrust_0000907",NA,NA,NA,NA,NA,NA,NA
"BerryCrust_0000908",NA,NA,NA,NA,NA,NA,NA
"BerryCrust_0000909",NA,NA,NA,NA,NA,NA,NA
"BerryCrust_0000910",NA,NA,NA,NA,NA,NA,NA
"BerryCrust_0000911",NA,NA,NA,NA,NA,NA,NA
"BerryCrust_0000912",NA,NA,NA,NA,NA,NA,NA
"BerryCrust_0000913",NA,NA,NA,NA,NA,NA,NA
"BerryCrust_0000914",NA,NA,NA,NA,NA,NA,NA
"BerryCrust_0000915",NA,NA,NA,NA,NA,NA,NA
"BerryCrust_0000916","Eukaryota","Arthropoda","Malacostraca","Decapoda","Callianassidae",NA,NA
"BerryCrust_0000917",NA,NA,NA,NA,NA,NA,NA
"BerryCrust_0000918",NA,NA,NA,NA,NA,NA,NA
"BerryCrust_0000919",NA,NA,NA,NA,NA,NA,NA
"BerryCrust_0000920",NA,NA,NA,NA,NA,NA,NA
"BerryCrust_0000921",NA,NA,NA,NA,NA,NA,NA
"BerryCrust_0000922",NA,NA,NA,NA,NA,NA,NA
"BerryCrust_0000923",NA,NA,NA,NA,NA,NA,NA
"BerryCrust_0000924",NA,NA,NA,NA,NA,NA,NA
"BerryCrust_0000925",NA,NA,NA,NA,NA,NA,NA
"BerryCrust_0000926",NA,NA,NA,NA,NA,NA,NA
"BerryCrust_0000927",NA,NA,NA,NA,NA,NA,NA
"BerryCrust_0000928",NA,NA,NA,NA,NA,NA,NA
"BerryCrust_0000929",NA,NA,NA,NA,NA,NA,NA
"BerryCrust_0000930",NA,NA,NA,NA,NA,NA,NA
"BerryCrust_0000931",NA,NA,NA,NA,NA,NA,NA
"BerryCrust_0000932",NA,NA,NA,NA,NA,NA,NA
"BerryCrust_0000933",NA,NA,NA,NA,NA,NA,NA
"BerryCrust_0000934",NA,NA,NA,NA,NA,NA,NA
"BerryCrust_0000935",NA,NA,NA,NA,NA,NA,NA
"BerryCrust_0000936",NA,NA,NA,NA,NA,NA,NA
"BerryCrust_0000937",NA,NA,NA,NA,NA,NA,NA
"BerryCrust_0000938",NA,NA,NA,NA,NA,NA,NA
"BerryCrust_0000939",NA,NA,NA,NA,NA,NA,NA
"BerryCrust_0000940",NA,NA,NA,NA,NA,NA,NA
"BerryCrust_0000941",NA,NA,NA,NA,NA,NA,NA
"BerryCrust_0000942",NA,NA,NA,NA,NA,NA,NA
"BerryCrust_0000943",NA,NA,NA,NA,NA,NA,NA
"BerryCrust_0000944",NA,NA,NA,NA,NA,NA,NA
"BerryCrust_0000945",NA,NA,NA,NA,NA,NA,NA
"BerryCrust_0000946",NA,NA,NA,NA,NA,NA,NA
"BerryCrust_0000947",NA,NA,NA,NA,NA,NA,NA
"BerryCrust_0000948",NA,NA,NA,NA,NA,NA,NA
"BerryCrust_0000949",NA,NA,NA,NA,NA,NA,NA
"BerryCrust_0000950",NA,NA,NA,NA,NA,NA,NA
"BerryCrust_0000951",NA,NA,NA,NA,NA,NA,NA
"BerryCrust_0000952",NA,NA,NA,NA,NA,NA,NA
"BerryCrust_0000953",NA,NA,NA,NA,NA,NA,NA
"BerryCrust_0000954",NA,NA,NA,NA,NA,NA,NA
"BerryCrust_0000955",NA,NA,NA,NA,NA,NA,NA
"BerryCrust_0000956",NA,NA,NA,NA,NA,NA,NA
"BerryCrust_0000957",NA,NA,NA,NA,NA,NA,NA
"BerryCrust_0000958","Eukaryota","Arthropoda","Malacostraca","Decapoda","Palaemonidae","Palaemon","Palaemon ritteri"
"BerryCrust_0000959",NA,NA,NA,NA,NA,NA,NA
"BerryCrust_0000960",NA,NA,NA,NA,NA,NA,NA
"BerryCrust_0000961",NA,NA,NA,NA,NA,NA,NA
"BerryCrust_0000962",NA,NA,NA,NA,NA,NA,NA
"BerryCrust_0000963",NA,NA,NA,NA,NA,NA,NA
"BerryCrust_0000964",NA,NA,NA,NA,NA,NA,NA
"BerryCrust_0000965",NA,NA,NA,NA,NA,NA,NA
"BerryCrust_0000966","Eukaryota","Arthropoda","Malacostraca","Decapoda","Grapsidae","Pachygrapsus","Pachygrapsus socius"
"BerryCrust_0000967",NA,NA,NA,NA,NA,NA,NA
"BerryCrust_0000968",NA,NA,NA,NA,NA,NA,NA
"BerryCrust_0000969","Eukaryota","Arthropoda","Malacostraca","Decapoda","Grapsidae","Pachygrapsus","Pachygrapsus socius"
"BerryCrust_0000970",NA,NA,NA,NA,NA,NA,NA
"BerryCrust_0000971","Eukaryota","Arthropoda","Malacostraca","Decapoda","Grapsidae","Pachygrapsus","Pachygrapsus socius"
"BerryCrust_0000972",NA,NA,NA,NA,NA,NA,NA
"BerryCrust_0000973",NA,NA,NA,NA,NA,NA,NA
"BerryCrust_0000974",NA,NA,NA,NA,NA,NA,NA
"BerryCrust_0000975",NA,NA,NA,NA,NA,NA,NA
"BerryCrust_0000976",NA,NA,NA,NA,NA,NA,NA
"BerryCrust_0000977",NA,NA,NA,NA,NA,NA,NA
"BerryCrust_0000978",NA,NA,NA,NA,NA,NA,NA
"BerryCrust_0000979",NA,NA,NA,NA,NA,NA,NA
"BerryCrust_0000980",NA,NA,NA,NA,NA,NA,NA
"BerryCrust_0000981",NA,NA,NA,NA,NA,NA,NA
"BerryCrust_0000982",NA,NA,NA,NA,NA,NA,NA
"BerryCrust_0000983",NA,NA,NA,NA,NA,NA,NA
"BerryCrust_0000984",NA,NA,NA,NA,NA,NA,NA
"BerryCrust_0000985",NA,NA,NA,NA,NA,NA,NA
"BerryCrust_0000986",NA,NA,NA,NA,NA,NA,NA
"BerryCrust_0000987",NA,NA,NA,NA,NA,NA,NA
"BerryCrust_0000988",NA,NA,NA,NA,NA,NA,NA
"BerryCrust_0000989",NA,NA,NA,NA,NA,NA,NA
"BerryCrust_0000990","Eukaryota","Arthropoda","Malacostraca","Decapoda","Grapsidae","Pachygrapsus","Pachygrapsus socius"
"BerryCrust_0000991",NA,NA,NA,NA,NA,NA,NA
"BerryCrust_0000992",NA,NA,NA,NA,NA,NA,NA
"BerryCrust_0000993",NA,NA,NA,NA,NA,NA,NA
"BerryCrust_0000994",NA,NA,NA,NA,NA,NA,NA
"BerryCrust_0000995",NA,NA,NA,NA,NA,NA,NA
"BerryCrust_0000996",NA,NA,NA,NA,NA,NA,NA
"BerryCrust_0000997",NA,NA,NA,NA,NA,NA,NA
"BerryCrust_0000998",NA,NA,NA,NA,NA,NA,NA
"BerryCrust_0000999",NA,NA,NA,NA,NA,NA,NA
"BerryCrust_0001000",NA,NA,NA,NA,NA,NA,NA
"BerryCrust_0001001",NA,NA,NA,NA,NA,NA,NA
"BerryCrust_0001002",NA,NA,NA,NA,NA,NA,NA
"BerryCrust_0001003",NA,NA,NA,NA,NA,NA,NA
"BerryCrust_0001004",NA,NA,NA,NA,NA,NA,NA
"BerryCrust_0001005",NA,NA,NA,NA,NA,NA,NA
"BerryCrust_0001006",NA,NA,NA,NA,NA,NA,NA
"BerryCrust_0001007",NA,NA,NA,NA,NA,NA,NA
"BerryCrust_0001008",NA,NA,NA,NA,NA,NA,NA
"BerryCrust_0001009",NA,NA,NA,NA,NA,NA,NA
"BerryCrust_0001010",NA,NA,NA,NA,NA,NA,NA
"BerryCrust_0001011",NA,NA,NA,NA,NA,NA,NA
"BerryCrust_0001012",NA,NA,NA,NA,NA,NA,NA
"BerryCrust_0001013",NA,NA,NA,NA,NA,NA,NA
"BerryCrust_0001014",NA,NA,NA,NA,NA,NA,NA
"BerryCrust_0001015",NA,NA,NA,NA,NA,NA,NA
"BerryCrust_0001016",NA,NA,NA,NA,NA,NA,NA
"BerryCrust_0001017",NA,NA,NA,NA,NA,NA,NA
"BerryCrust_0001018",NA,NA,NA,NA,NA,NA,NA
"BerryCrust_0001019",NA,NA,NA,NA,NA,NA,NA
"BerryCrust_0001020",NA,NA,NA,NA,NA,NA,NA
"BerryCrust_0001021",NA,NA,NA,NA,NA,NA,NA
"BerryCrust_0001022",NA,NA,NA,NA,NA,NA,NA
"BerryCrust_0001023",NA,NA,NA,NA,NA,NA,NA
"BerryCrust_0001024",NA,NA,NA,NA,NA,NA,NA
"BerryCrust_0001025",NA,NA,NA,NA,NA,NA,NA
"BerryCrust_0001026",NA,NA,NA,NA,NA,NA,NA
"BerryCrust_0001027",NA,NA,NA,NA,NA,NA,NA
"BerryCrust_0001028",NA,NA,NA,NA,NA,NA,NA
"BerryCrust_0001029",NA,NA,NA,NA,NA,NA,NA
"BerryCrust_0001030",NA,NA,NA,NA,NA,NA,NA
"BerryCrust_0001031","Eukaryota","Arthropoda","Malacostraca","Decapoda","Oziidae","Ozius","Ozius tenuidactylus"
"BerryCrust_0001032","Eukaryota","Arthropoda","Malacostraca","Decapoda","Mithracidae","Teleophrys","Teleophrys cristulipes"
"BerryCrust_0001033",NA,NA,NA,NA,NA,NA,NA
"BerryCrust_0001034",NA,NA,NA,NA,NA,NA,NA
"BerryCrust_0001035",NA,NA,NA,NA,NA,NA,NA
"BerryCrust_0001036",NA,NA,NA,NA,NA,NA,NA
"BerryCrust_0001037",NA,NA,NA,NA,NA,NA,NA
"BerryCrust_0001038",NA,NA,NA,NA,NA,NA,NA
"BerryCrust_0001039",NA,NA,NA,NA,NA,NA,NA
"BerryCrust_0001040",NA,NA,NA,NA,NA,NA,NA
"BerryCrust_0001041",NA,NA,NA,NA,NA,NA,NA
"BerryCrust_0001042",NA,NA,NA,NA,NA,NA,NA
"BerryCrust_0001043",NA,NA,NA,NA,NA,NA,NA
"BerryCrust_0001044",NA,NA,NA,NA,NA,NA,NA
"BerryCrust_0001045",NA,NA,NA,NA,NA,NA,NA
"BerryCrust_0001046",NA,NA,NA,NA,NA,NA,NA
"BerryCrust_0001047",NA,NA,NA,NA,NA,NA,NA
"BerryCrust_0001048",NA,NA,NA,NA,NA,NA,NA
"BerryCrust_0001049",NA,NA,NA,NA,NA,NA,NA
"BerryCrust_0001050",NA,NA,NA,NA,NA,NA,NA
"BerryCrust_0001051",NA,NA,NA,NA,NA,NA,NA
"BerryCrust_0001052",NA,NA,NA,NA,NA,NA,NA
"BerryCrust_0001053",NA,NA,NA,NA,NA,NA,NA
"BerryCrust_0001054",NA,NA,NA,NA,NA,NA,NA
"BerryCrust_0001055",NA,NA,NA,NA,NA,NA,NA
"BerryCrust_0001056",NA,NA,NA,NA,NA,NA,NA
"BerryCrust_0001057",NA,NA,NA,NA,NA,NA,NA
"BerryCrust_0001058",NA,NA,NA,NA,NA,NA,NA
"BerryCrust_0001059",NA,NA,NA,NA,NA,NA,NA
"BerryCrust_0001060",NA,NA,NA,NA,NA,NA,NA
"BerryCrust_0001061",NA,NA,NA,NA,NA,NA,NA
"BerryCrust_0001062",NA,NA,NA,NA,NA,NA,NA
"BerryCrust_0001063",NA,NA,NA,NA,NA,NA,NA
"BerryCrust_0001064",NA,NA,NA,NA,NA,NA,NA
"BerryCrust_0001065",NA,NA,NA,NA,NA,NA,NA
"BerryCrust_0001066",NA,NA,NA,NA,NA,NA,NA
"BerryCrust_0001067",NA,NA,NA,NA,NA,NA,NA
"BerryCrust_0001068",NA,NA,NA,NA,NA,NA,NA
"BerryCrust_0001069",NA,NA,NA,NA,NA,NA,NA
"BerryCrust_0001070",NA,NA,NA,NA,NA,NA,NA
"BerryCrust_0001071",NA,NA,NA,NA,NA,NA,NA
"BerryCrust_0001072",NA,NA,NA,NA,NA,NA,NA
"BerryCrust_0001073",NA,NA,NA,NA,NA,NA,NA
"BerryCrust_0001074",NA,NA,NA,NA,NA,NA,NA
"BerryCrust_0001075",NA,NA,NA,NA,NA,NA,NA
"BerryCrust_0001076",NA,NA,NA,NA,NA,NA,NA
"BerryCrust_0001077",NA,NA,NA,NA,NA,NA,NA
"BerryCrust_0001078",NA,NA,NA,NA,NA,NA,NA
"BerryCrust_0001079",NA,NA,NA,NA,NA,NA,NA
"BerryCrust_0001080",NA,NA,NA,NA,NA,NA,NA
"BerryCrust_0001081",NA,NA,NA,NA,NA,NA,NA
"BerryCrust_0001082",NA,NA,NA,NA,NA,NA,NA
"BerryCrust_0001083",NA,NA,NA,NA,NA,NA,NA
"BerryCrust_0001084",NA,NA,NA,NA,NA,NA,NA
"BerryCrust_0001085",NA,NA,NA,NA,NA,NA,NA
"BerryCrust_0001086",NA,NA,NA,NA,NA,NA,NA
"BerryCrust_0001087",NA,NA,NA,NA,NA,NA,NA
"BerryCrust_0001088",NA,NA,NA,NA,NA,NA,NA
"BerryCrust_0001089",NA,NA,NA,NA,NA,NA,NA
"BerryCrust_0001090",NA,NA,NA,NA,NA,NA,NA
"BerryCrust_0001091",NA,NA,NA,NA,NA,NA,NA
"BerryCrust_0001092",NA,NA,NA,NA,NA,NA,NA
"BerryCrust_0001093",NA,NA,NA,NA,NA,NA,NA
"BerryCrust_0001094",NA,NA,NA,NA,NA,NA,NA
"BerryCrust_0001095",NA,NA,NA,NA,NA,NA,NA
"BerryCrust_0001096",NA,NA,NA,NA,NA,NA,NA
"BerryCrust_0001097",NA,NA,NA,NA,NA,NA,NA
"BerryCrust_0001098","Eukaryota","Arthropoda","Malacostraca","Decapoda","Mithracidae","Teleophrys","Teleophrys cristulipes"
"BerryCrust_0001099",NA,NA,NA,NA,NA,NA,NA
"BerryCrust_0001100",NA,NA,NA,NA,NA,NA,NA
"BerryCrust_0001101",NA,NA,NA,NA,NA,NA,NA
"BerryCrust_0001102",NA,NA,NA,NA,NA,NA,NA
"BerryCrust_0001103",NA,NA,NA,NA,NA,NA,NA
"BerryCrust_0001104",NA,NA,NA,NA,NA,NA,NA
"BerryCrust_0001105",NA,NA,NA,NA,NA,NA,NA
"BerryCrust_0001106",NA,NA,NA,NA,NA,NA,NA
"BerryCrust_0001107",NA,NA,NA,NA,NA,NA,NA
"BerryCrust_0001108",NA,NA,NA,NA,NA,NA,NA
"BerryCrust_0001109",NA,NA,NA,NA,NA,NA,NA
"BerryCrust_0001110",NA,NA,NA,NA,NA,NA,NA
"BerryCrust_0001111",NA,NA,NA,NA,NA,NA,NA
"BerryCrust_0001112",NA,NA,NA,NA,NA,NA,NA
"BerryCrust_0001113",NA,NA,NA,NA,NA,NA,NA
"BerryCrust_0001114",NA,NA,NA,NA,NA,NA,NA
"BerryCrust_0001115",NA,NA,NA,NA,NA,NA,NA
"BerryCrust_0001116",NA,NA,NA,NA,NA,NA,NA
"BerryCrust_0001117",NA,NA,NA,NA,NA,NA,NA
"BerryCrust_0001118",NA,NA,NA,NA,NA,NA,NA
"BerryCrust_0001119",NA,NA,NA,NA,NA,NA,NA
"BerryCrust_0001120",NA,NA,NA,NA,NA,NA,NA
"BerryCrust_0001121",NA,NA,NA,NA,NA,NA,NA
"BerryCrust_0001122",NA,NA,NA,NA,NA,NA,NA
"BerryCrust_0001123",NA,NA,NA,NA,NA,NA,NA
"BerryCrust_0001124","Eukaryota","Arthropoda","Malacostraca","Decapoda","Grapsidae","Pachygrapsus","Pachygrapsus socius"
"BerryCrust_0001125",NA,NA,NA,NA,NA,NA,NA
"BerryCrust_0001126",NA,NA,NA,NA,NA,NA,NA
"BerryCrust_0001127",NA,NA,NA,NA,NA,NA,NA
"BerryCrust_0001128",NA,NA,NA,NA,NA,NA,NA
"BerryCrust_0001129",NA,NA,NA,NA,NA,NA,NA
"BerryCrust_0001130",NA,NA,NA,NA,NA,NA,NA
"BerryCrust_0001131",NA,NA,NA,NA,NA,NA,NA
"BerryCrust_0001132",NA,NA,NA,NA,NA,NA,NA
"BerryCrust_0001133",NA,NA,NA,NA,NA,NA,NA
"BerryCrust_0001134",NA,NA,NA,NA,NA,NA,NA
"BerryCrust_0001135",NA,NA,NA,NA,NA,NA,NA
"BerryCrust_0001136",NA,NA,NA,NA,NA,NA,NA
"BerryCrust_0001137",NA,NA,NA,NA,NA,NA,NA
"BerryCrust_0001138","Eukaryota","Arthropoda","Malacostraca","Decapoda","Mithracidae","Teleophrys","Teleophrys cristulipes"
"BerryCrust_0001139","Eukaryota","Arthropoda","Malacostraca","Decapoda","Grapsidae","Pachygrapsus","Pachygrapsus socius"
"BerryCrust_0001140",NA,NA,NA,NA,NA,NA,NA
"BerryCrust_0001141",NA,NA,NA,NA,NA,NA,NA
"BerryCrust_0001142","Eukaryota","Arthropoda","Malacostraca","Decapoda","Mithracidae","Teleophrys","Teleophrys cristulipes"
"BerryCrust_0001143",NA,NA,NA,NA,NA,NA,NA
"BerryCrust_0001144",NA,NA,NA,NA,NA,NA,NA
"BerryCrust_0001145",NA,NA,NA,NA,NA,NA,NA
"BerryCrust_0001146",NA,NA,NA,NA,NA,NA,NA
"BerryCrust_0001147",NA,NA,NA,NA,NA,NA,NA
"BerryCrust_0001148",NA,NA,NA,NA,NA,NA,NA
"BerryCrust_0001149",NA,NA,NA,NA,NA,NA,NA
"BerryCrust_0001150",NA,NA,NA,NA,NA,NA,NA
"BerryCrust_0001151",NA,NA,NA,NA,NA,NA,NA
"BerryCrust_0001152",NA,NA,NA,NA,NA,NA,NA
"BerryCrust_0001153","Eukaryota","Arthropoda","Malacostraca","Decapoda","Grapsidae","Pachygrapsus","Pachygrapsus socius"
"BerryCrust_0001154",NA,NA,NA,NA,NA,NA,NA
"BerryCrust_0001155",NA,NA,NA,NA,NA,NA,NA
"BerryCrust_0001156",NA,NA,NA,NA,NA,NA,NA
"BerryCrust_0001157",NA,NA,NA,NA,NA,NA,NA
"BerryCrust_0001158",NA,NA,NA,NA,NA,NA,NA
"BerryCrust_0001159",NA,NA,NA,NA,NA,NA,NA
"BerryCrust_0001160",NA,NA,NA,NA,NA,NA,NA
"BerryCrust_0001161",NA,NA,NA,NA,NA,NA,NA
"BerryCrust_0001162",NA,NA,NA,NA,NA,NA,NA
"BerryCrust_0001163",NA,NA,NA,NA,NA,NA,NA
"BerryCrust_0001164",NA,NA,NA,NA,NA,NA,NA
"BerryCrust_0001165",NA,NA,NA,NA,NA,NA,NA
"BerryCrust_0001166",NA,NA,NA,NA,NA,NA,NA
"BerryCrust_0001167",NA,NA,NA,NA,NA,NA,NA
"BerryCrust_0001168",NA,NA,NA,NA,NA,NA,NA
"BerryCrust_0001169",NA,NA,NA,NA,NA,NA,NA
"BerryCrust_0001170",NA,NA,NA,NA,NA,NA,NA
"BerryCrust_0001171",NA,NA,NA,NA,NA,NA,NA
"BerryCrust_0001172",NA,NA,NA,NA,NA,NA,NA
"BerryCrust_0001173",NA,NA,NA,NA,NA,NA,NA
"BerryCrust_0001174",NA,NA,NA,NA,NA,NA,NA
"BerryCrust_0001175",NA,NA,NA,NA,NA,NA,NA
"BerryCrust_0001176",NA,NA,NA,NA,NA,NA,NA
"BerryCrust_0001177",NA,NA,NA,NA,NA,NA,NA
"BerryCrust_0001178",NA,NA,NA,NA,NA,NA,NA
"BerryCrust_0001179",NA,NA,NA,NA,NA,NA,NA
"BerryCrust_0001180",NA,NA,NA,NA,NA,NA,NA
"BerryCrust_0001181",NA,NA,NA,NA,NA,NA,NA
"BerryCrust_0001182",NA,NA,NA,NA,NA,NA,NA
"BerryCrust_0001183",NA,NA,NA,NA,NA,NA,NA
"BerryCrust_0001184",NA,NA,NA,NA,NA,NA,NA
"BerryCrust_0001185",NA,NA,NA,NA,NA,NA,NA
"BerryCrust_0001186",NA,NA,NA,NA,NA,NA,NA
"BerryCrust_0001187",NA,NA,NA,NA,NA,NA,NA
"BerryCrust_0001188",NA,NA,NA,NA,NA,NA,NA
"BerryCrust_0001189",NA,NA,NA,NA,NA,NA,NA
"BerryCrust_0001190",NA,NA,NA,NA,NA,NA,NA
"BerryCrust_0001191",NA,NA,NA,NA,NA,NA,NA
"BerryCrust_0001192",NA,NA,NA,NA,NA,NA,NA
"BerryCrust_0001193","Eukaryota","Arthropoda","Malacostraca","Decapoda","Grapsidae","Pachygrapsus","Pachygrapsus socius"
"BerryCrust_0001194",NA,NA,NA,NA,NA,NA,NA
"BerryCrust_0001195",NA,NA,NA,NA,NA,NA,NA
"BerryCrust_0001196",NA,NA,NA,NA,NA,NA,NA
"BerryCrust_0001197",NA,NA,NA,NA,NA,NA,NA
"BerryCrust_0001198",NA,NA,NA,NA,NA,NA,NA
"BerryCrust_0001199",NA,NA,NA,NA,NA,NA,NA
"BerryCrust_0001200",NA,NA,NA,NA,NA,NA,NA
"BerryCrust_0001201",NA,NA,NA,NA,NA,NA,NA
"BerryCrust_0001202",NA,NA,NA,NA,NA,NA,NA
"BerryCrust_0001203",NA,NA,NA,NA,NA,NA,NA
"BerryCrust_0001204",NA,NA,NA,NA,NA,NA,NA
"BerryCrust_0001205",NA,NA,NA,NA,NA,NA,NA
"BerryCrust_0001206",NA,NA,NA,NA,NA,NA,NA
"BerryCrust_0001207",NA,NA,NA,NA,NA,NA,NA
"BerryCrust_0001208",NA,NA,NA,NA,NA,NA,NA
"BerryCrust_0001209",NA,NA,NA,NA,NA,NA,NA
"BerryCrust_0001210",NA,NA,NA,NA,NA,NA,NA
"BerryCrust_0001211",NA,NA,NA,NA,NA,NA,NA
"BerryCrust_0001212",NA,NA,NA,NA,NA,NA,NA
"BerryCrust_0001213",NA,NA,NA,NA,NA,NA,NA
"BerryCrust_0001214",NA,NA,NA,NA,NA,NA,NA
"BerryCrust_0001215",NA,NA,NA,NA,NA,NA,NA
"BerryCrust_0001216",NA,NA,NA,NA,NA,NA,NA
"BerryCrust_0001217","Eukaryota","Arthropoda","Malacostraca","Decapoda","Palaemonidae","Palaemon","Palaemon ritteri"
"BerryCrust_0001218",NA,NA,NA,NA,NA,NA,NA
"BerryCrust_0001219",NA,NA,NA,NA,NA,NA,NA
"BerryCrust_0001220",NA,NA,NA,NA,NA,NA,NA
"BerryCrust_0001221",NA,NA,NA,NA,NA,NA,NA
"BerryCrust_0001222",NA,NA,NA,NA,NA,NA,NA
"BerryCrust_0001223",NA,NA,NA,NA,NA,NA,NA
"BerryCrust_0001224",NA,NA,NA,NA,NA,NA,NA
"BerryCrust_0001225",NA,NA,NA,NA,NA,NA,NA
"BerryCrust_0001226",NA,NA,NA,NA,NA,NA,NA
"BerryCrust_0001227",NA,NA,NA,NA,NA,NA,NA
"BerryCrust_0001228",NA,NA,NA,NA,NA,NA,NA
"BerryCrust_0001229",NA,NA,NA,NA,NA,NA,NA
"BerryCrust_0001230",NA,NA,NA,NA,NA,NA,NA
"BerryCrust_0001231",NA,NA,NA,NA,NA,NA,NA
"BerryCrust_0001232",NA,NA,NA,NA,NA,NA,NA
"BerryCrust_0001233",NA,NA,NA,NA,NA,NA,NA
"BerryCrust_0001234",NA,NA,NA,NA,NA,NA,NA
"BerryCrust_0001235",NA,NA,NA,NA,NA,NA,NA
"BerryCrust_0001236",NA,NA,NA,NA,NA,NA,NA
"BerryCrust_0001237",NA,NA,NA,NA,NA,NA,NA
"BerryCrust_0001238",NA,NA,NA,NA,NA,NA,NA
"BerryCrust_0001239",NA,NA,NA,NA,NA,NA,NA
"BerryCrust_0001240",NA,NA,NA,NA,NA,NA,NA
"BerryCrust_0001241",NA,NA,NA,NA,NA,NA,NA
"BerryCrust_0001242",NA,NA,NA,NA,NA,NA,NA
"BerryCrust_0001243",NA,NA,NA,NA,NA,NA,NA
"BerryCrust_0001244",NA,NA,NA,NA,NA,NA,NA
"BerryCrust_0001245",NA,NA,NA,NA,NA,NA,NA
"BerryCrust_0001246",NA,NA,NA,NA,NA,NA,NA
"BerryCrust_0001247",NA,NA,NA,NA,NA,NA,NA
"BerryCrust_0001248",NA,NA,NA,NA,NA,NA,NA
"BerryCrust_0001249",NA,NA,NA,NA,NA,NA,NA
"BerryCrust_0001250",NA,NA,NA,NA,NA,NA,NA
"BerryCrust_0001251",NA,NA,NA,NA,NA,NA,NA
"BerryCrust_0001252",NA,NA,NA,NA,NA,NA,NA
"BerryCrust_0001253",NA,NA,NA,NA,NA,NA,NA
"BerryCrust_0001254",NA,NA,NA,NA,NA,NA,NA
"BerryCrust_0001255",NA,NA,NA,NA,NA,NA,NA
"BerryCrust_0001256",NA,NA,NA,NA,NA,NA,NA
"BerryCrust_0001257",NA,NA,NA,NA,NA,NA,NA
"BerryCrust_0001258",NA,NA,NA,NA,NA,NA,NA
"BerryCrust_0001259",NA,NA,NA,NA,NA,NA,NA
"BerryCrust_0001260","Eukaryota",NA,NA,NA,NA,NA,NA
"BerryCrust_0001261",NA,NA,NA,NA,NA,NA,NA
"BerryCrust_0001262",NA,NA,NA,NA,NA,NA,NA
"BerryCrust_0001263",NA,NA,NA,NA,NA,NA,NA
"BerryCrust_0001264",NA,NA,NA,NA,NA,NA,NA
"BerryCrust_0001265",NA,NA,NA,NA,NA,NA,NA
"BerryCrust_0001266",NA,NA,NA,NA,NA,NA,NA
"BerryCrust_0001267",NA,NA,NA,NA,NA,NA,NA
"BerryCrust_0001268",NA,NA,NA,NA,NA,NA,NA
"BerryCrust_0001269",NA,NA,NA,NA,NA,NA,NA
"BerryCrust_0001270",NA,NA,NA,NA,NA,NA,NA
"BerryCrust_0001271",NA,NA,NA,NA,NA,NA,NA
"BerryCrust_0001272","Eukaryota","Arthropoda","Malacostraca","Decapoda","Mithracidae","Teleophrys","Teleophrys cristulipes"
"BerryCrust_0001273",NA,NA,NA,NA,NA,NA,NA
"BerryCrust_0001274",NA,NA,NA,NA,NA,NA,NA
"BerryCrust_0001275",NA,NA,NA,NA,NA,NA,NA
"BerryCrust_0001276",NA,NA,NA,NA,NA,NA,NA
"BerryCrust_0001277",NA,NA,NA,NA,NA,NA,NA
"BerryCrust_0001278",NA,NA,NA,NA,NA,NA,NA
"BerryCrust_0001279",NA,NA,NA,NA,NA,NA,NA
"BerryCrust_0001280",NA,NA,NA,NA,NA,NA,NA
"BerryCrust_0001281",NA,NA,NA,NA,NA,NA,NA
"BerryCrust_0001282",NA,NA,NA,NA,NA,NA,NA
"BerryCrust_0001283",NA,NA,NA,NA,NA,NA,NA
"BerryCrust_0001284","Eukaryota",NA,NA,NA,NA,NA,NA
"BerryCrust_0001285",NA,NA,NA,NA,NA,NA,NA
"BerryCrust_0001286",NA,NA,NA,NA,NA,NA,NA
"BerryCrust_0001287",NA,NA,NA,NA,NA,NA,NA
"BerryCrust_0001288",NA,NA,NA,NA,NA,NA,NA
"BerryCrust_0001289",NA,NA,NA,NA,NA,NA,NA
"BerryCrust_0001290",NA,NA,NA,NA,NA,NA,NA
"BerryCrust_0001291",NA,NA,NA,NA,NA,NA,NA
"BerryCrust_0001292",NA,NA,NA,NA,NA,NA,NA
"BerryCrust_0001293",NA,NA,NA,NA,NA,NA,NA
"BerryCrust_0001294",NA,NA,NA,NA,NA,NA,NA
"BerryCrust_0001295",NA,NA,NA,NA,NA,NA,NA
"BerryCrust_0001296",NA,NA,NA,NA,NA,NA,NA
"BerryCrust_0001297",NA,NA,NA,NA,NA,NA,NA
"BerryCrust_0001298",NA,NA,NA,NA,NA,NA,NA
"BerryCrust_0001299",NA,NA,NA,NA,NA,NA,NA
"BerryCrust_0001300",NA,NA,NA,NA,NA,NA,NA
"BerryCrust_0001301",NA,NA,NA,NA,NA,NA,NA
"BerryCrust_0001302",NA,NA,NA,NA,NA,NA,NA
"BerryCrust_0001303",NA,NA,NA,NA,NA,NA,NA
"BerryCrust_0001304",NA,NA,NA,NA,NA,NA,NA
"BerryCrust_0001305",NA,NA,NA,NA,NA,NA,NA
"BerryCrust_0001306",NA,NA,NA,NA,NA,NA,NA
"BerryCrust_0001307",NA,NA,NA,NA,NA,NA,NA
"BerryCrust_0001308",NA,NA,NA,NA,NA,NA,NA
"BerryCrust_0001309",NA,NA,NA,NA,NA,NA,NA
"BerryCrust_0001310",NA,NA,NA,NA,NA,NA,NA
"BerryCrust_0001311",NA,NA,NA,NA,NA,NA,NA
"BerryCrust_0001312",NA,NA,NA,NA,NA,NA,NA
"BerryCrust_0001313",NA,NA,NA,NA,NA,NA,NA
"BerryCrust_0001314",NA,NA,NA,NA,NA,NA,NA
"BerryCrust_0001315",NA,NA,NA,NA,NA,NA,NA
"BerryCrust_0001316",NA,NA,NA,NA,NA,NA,NA
"BerryCrust_0001317",NA,NA,NA,NA,NA,NA,NA
"BerryCrust_0001318",NA,NA,NA,NA,NA,NA,NA
"BerryCrust_0001319",NA,NA,NA,NA,NA,NA,NA
"BerryCrust_0001320","Eukaryota","Arthropoda","Malacostraca","Decapoda","Grapsidae","Pachygrapsus","Pachygrapsus socius"
"BerryCrust_0001321","Eukaryota","Arthropoda","Malacostraca","Decapoda","Grapsidae","Pachygrapsus","Pachygrapsus socius"
"BerryCrust_0001322",NA,NA,NA,NA,NA,NA,NA
"BerryCrust_0001323",NA,NA,NA,NA,NA,NA,NA
"BerryCrust_0001324",NA,NA,NA,NA,NA,NA,NA
"BerryCrust_0001325",NA,NA,NA,NA,NA,NA,NA
"BerryCrust_0001326",NA,NA,NA,NA,NA,NA,NA
"BerryCrust_0001327",NA,NA,NA,NA,NA,NA,NA
"BerryCrust_0001328",NA,NA,NA,NA,NA,NA,NA
"BerryCrust_0001329",NA,NA,NA,NA,NA,NA,NA
"BerryCrust_0001330",NA,NA,NA,NA,NA,NA,NA
"BerryCrust_0001331",NA,NA,NA,NA,NA,NA,NA
"BerryCrust_0001332",NA,NA,NA,NA,NA,NA,NA
"BerryCrust_0001333",NA,NA,NA,NA,NA,NA,NA
"BerryCrust_0001334",NA,NA,NA,NA,NA,NA,NA
"BerryCrust_0001335",NA,NA,NA,NA,NA,NA,NA
"BerryCrust_0001336",NA,NA,NA,NA,NA,NA,NA
"BerryCrust_0001337",NA,NA,NA,NA,NA,NA,NA
"BerryCrust_0001338",NA,NA,NA,NA,NA,NA,NA
"BerryCrust_0001339",NA,NA,NA,NA,NA,NA,NA
"BerryCrust_0001340",NA,NA,NA,NA,NA,NA,NA
"BerryCrust_0001341",NA,NA,NA,NA,NA,NA,NA
"BerryCrust_0001342",NA,NA,NA,NA,NA,NA,NA
"BerryCrust_0001343",NA,NA,NA,NA,NA,NA,NA
"BerryCrust_0001344",NA,NA,NA,NA,NA,NA,NA
"BerryCrust_0001345",NA,NA,NA,NA,NA,NA,NA
"BerryCrust_0001346","Eukaryota","Arthropoda","Malacostraca","Decapoda","Grapsidae","Pachygrapsus","Pachygrapsus socius"
"BerryCrust_0001347",NA,NA,NA,NA,NA,NA,NA
"BerryCrust_0001348",NA,NA,NA,NA,NA,NA,NA
"BerryCrust_0001349",NA,NA,NA,NA,NA,NA,NA
"BerryCrust_0001350",NA,NA,NA,NA,NA,NA,NA
"BerryCrust_0001351",NA,NA,NA,NA,NA,NA,NA
"BerryCrust_0001352",NA,NA,NA,NA,NA,NA,NA
"BerryCrust_0001353",NA,NA,NA,NA,NA,NA,NA
"BerryCrust_0001354",NA,NA,NA,NA,NA,NA,NA
"BerryCrust_0001355",NA,NA,NA,NA,NA,NA,NA
"BerryCrust_0001356",NA,NA,NA,NA,NA,NA,NA
"BerryCrust_0001357",NA,NA,NA,NA,NA,NA,NA
"BerryCrust_0001358",NA,NA,NA,NA,NA,NA,NA
"BerryCrust_0001359",NA,NA,NA,NA,NA,NA,NA
"BerryCrust_0001360",NA,NA,NA,NA,NA,NA,NA
"BerryCrust_0001361",NA,NA,NA,NA,NA,NA,NA
"BerryCrust_0001362",NA,NA,NA,NA,NA,NA,NA
"BerryCrust_0001363",NA,NA,NA,NA,NA,NA,NA
"BerryCrust_0001364",NA,NA,NA,NA,NA,NA,NA
"BerryCrust_0001365",NA,NA,NA,NA,NA,NA,NA
"BerryCrust_0001366",NA,NA,NA,NA,NA,NA,NA
"BerryCrust_0001367",NA,NA,NA,NA,NA,NA,NA
"BerryCrust_0001368",NA,NA,NA,NA,NA,NA,NA
"BerryCrust_0001369",NA,NA,NA,NA,NA,NA,NA
"BerryCrust_0001370",NA,NA,NA,NA,NA,NA,NA
"BerryCrust_0001371",NA,NA,NA,NA,NA,NA,NA
"BerryCrust_0001372",NA,NA,NA,NA,NA,NA,NA
"BerryCrust_0001373",NA,NA,NA,NA,NA,NA,NA
"BerryCrust_0001374",NA,NA,NA,NA,NA,NA,NA
"BerryCrust_0001375",NA,NA,NA,NA,NA,NA,NA
"BerryCrust_0001376",NA,NA,NA,NA,NA,NA,NA
"BerryCrust_0001377",NA,NA,NA,NA,NA,NA,NA
"BerryCrust_0001378",NA,NA,NA,NA,NA,NA,NA
"BerryCrust_0001379",NA,NA,NA,NA,NA,NA,NA
"BerryCrust_0001380",NA,NA,NA,NA,NA,NA,NA
"BerryCrust_0001381",NA,NA,NA,NA,NA,NA,NA
"BerryCrust_0001382",NA,NA,NA,NA,NA,NA,NA
"BerryCrust_0001383",NA,NA,NA,NA,NA,NA,NA
"BerryCrust_0001384",NA,NA,NA,NA,NA,NA,NA
"BerryCrust_0001385",NA,NA,NA,NA,NA,NA,NA
"BerryCrust_0001386",NA,NA,NA,NA,NA,NA,NA
"BerryCrust_0001387",NA,NA,NA,NA,NA,NA,NA
"BerryCrust_0001388",NA,NA,NA,NA,NA,NA,NA
"BerryCrust_0001389",NA,NA,NA,NA,NA,NA,NA
"BerryCrust_0001390",NA,NA,NA,NA,NA,NA,NA
"BerryCrust_0001391",NA,NA,NA,NA,NA,NA,NA
"BerryCrust_0001392",NA,NA,NA,NA,NA,NA,NA
"BerryCrust_0001393",NA,NA,NA,NA,NA,NA,NA
"BerryCrust_0001394",NA,NA,NA,NA,NA,NA,NA
"BerryCrust_0001395",NA,NA,NA,NA,NA,NA,NA
"BerryCrust_0001396",NA,NA,NA,NA,NA,NA,NA
"BerryCrust_0001397",NA,NA,NA,NA,NA,NA,NA
"BerryCrust_0001398",NA,NA,NA,NA,NA,NA,NA
"BerryCrust_0001399",NA,NA,NA,NA,NA,NA,NA
"BerryCrust_0001400",NA,NA,NA,NA,NA,NA,NA
"BerryCrust_0001401",NA,NA,NA,NA,NA,NA,NA
"BerryCrust_0001402",NA,NA,NA,NA,NA,NA,NA
"BerryCrust_0001403",NA,NA,NA,NA,NA,NA,NA
"BerryCrust_0001404",NA,NA,NA,NA,NA,NA,NA
"BerryCrust_0001405",NA,NA,NA,NA,NA,NA,NA
"BerryCrust_0001406",NA,NA,NA,NA,NA,NA,NA
"BerryCrust_0001407",NA,NA,NA,NA,NA,NA,NA
"BerryCrust_0001408",NA,NA,NA,NA,NA,NA,NA
"BerryCrust_0001409",NA,NA,NA,NA,NA,NA,NA
"BerryCrust_0001410",NA,NA,NA,NA,NA,NA,NA
"BerryCrust_0001411",NA,NA,NA,NA,NA,NA,NA
"BerryCrust_0001412",NA,NA,NA,NA,NA,NA,NA
"BerryCrust_0001413",NA,NA,NA,NA,NA,NA,NA
"BerryCrust_0001414",NA,NA,NA,NA,NA,NA,NA
"BerryCrust_0001415",NA,NA,NA,NA,NA,NA,NA
"BerryCrust_0001416",NA,NA,NA,NA,NA,NA,NA
"BerryCrust_0001417",NA,NA,NA,NA,NA,NA,NA
"BerryCrust_0001418",NA,NA,NA,NA,NA,NA,NA
"BerryCrust_0001419",NA,NA,NA,NA,NA,NA,NA
"BerryCrust_0001420",NA,NA,NA,NA,NA,NA,NA
"BerryCrust_0001421",NA,NA,NA,NA,NA,NA,NA
"BerryCrust_0001422",NA,NA,NA,NA,NA,NA,NA
"BerryCrust_0001423",NA,NA,NA,NA,NA,NA,NA
"BerryCrust_0001424",NA,NA,NA,NA,NA,NA,NA
"BerryCrust_0001425",NA,NA,NA,NA,NA,NA,NA
"BerryCrust_0001426",NA,NA,NA,NA,NA,NA,NA
"BerryCrust_0001427",NA,NA,NA,NA,NA,NA,NA
"BerryCrust_0001428",NA,NA,NA,NA,NA,NA,NA
"BerryCrust_0001429",NA,NA,NA,NA,NA,NA,NA
"BerryCrust_0001430",NA,NA,NA,NA,NA,NA,NA
"BerryCrust_0001431",NA,NA,NA,NA,NA,NA,NA
"BerryCrust_0001432",NA,NA,NA,NA,NA,NA,NA
"BerryCrust_0001433",NA,NA,NA,NA,NA,NA,NA
"BerryCrust_0001434",NA,NA,NA,NA,NA,NA,NA
"BerryCrust_0001435",NA,NA,NA,NA,NA,NA,NA
"BerryCrust_0001436",NA,NA,NA,NA,NA,NA,NA
"BerryCrust_0001437",NA,NA,NA,NA,NA,NA,NA
"BerryCrust_0001438",NA,NA,NA,NA,NA,NA,NA
"BerryCrust_0001439",NA,NA,NA,NA,NA,NA,NA
"BerryCrust_0001440",NA,NA,NA,NA,NA,NA,NA
"BerryCrust_0001441",NA,NA,NA,NA,NA,NA,NA
"BerryCrust_0001442",NA,NA,NA,NA,NA,NA,NA
"BerryCrust_0001443",NA,NA,NA,NA,NA,NA,NA
"BerryCrust_0001444",NA,NA,NA,NA,NA,NA,NA
"BerryCrust_0001445",NA,NA,NA,NA,NA,NA,NA
"BerryCrust_0001446",NA,NA,NA,NA,NA,NA,NA
"BerryCrust_0001447",NA,NA,NA,NA,NA,NA,NA
"BerryCrust_0001448",NA,NA,NA,NA,NA,NA,NA
"BerryCrust_0001449",NA,NA,NA,NA,NA,NA,NA
"BerryCrust_0001450",NA,NA,NA,NA,NA,NA,NA
"BerryCrust_0001451",NA,NA,NA,NA,NA,NA,NA
"BerryCrust_0001452",NA,NA,NA,NA,NA,NA,NA
"BerryCrust_0001453",NA,NA,NA,NA,NA,NA,NA
"BerryCrust_0001454",NA,NA,NA,NA,NA,NA,NA
"BerryCrust_0001455",NA,NA,NA,NA,NA,NA,NA
"BerryCrust_0001456",NA,NA,NA,NA,NA,NA,NA
"BerryCrust_0001457",NA,NA,NA,NA,NA,NA,NA
"BerryCrust_0001458",NA,NA,NA,NA,NA,NA,NA
"BerryCrust_0001459",NA,NA,NA,NA,NA,NA,NA
"BerryCrust_0001460",NA,NA,NA,NA,NA,NA,NA
"BerryCrust_0001461",NA,NA,NA,NA,NA,NA,NA
"BerryCrust_0001462",NA,NA,NA,NA,NA,NA,NA
"BerryCrust_0001463",NA,NA,NA,NA,NA,NA,NA
"BerryCrust_0001464",NA,NA,NA,NA,NA,NA,NA
"BerryCrust_0001465",NA,NA,NA,NA,NA,NA,NA
"BerryCrust_0001466",NA,NA,NA,NA,NA,NA,NA
"BerryCrust_0001467",NA,NA,NA,NA,NA,NA,NA
"BerryCrust_0001468",NA,NA,NA,NA,NA,NA,NA
"BerryCrust_0001469","Eukaryota","Arthropoda","Malacostraca","Decapoda","Grapsidae","Pachygrapsus","Pachygrapsus socius"
"BerryCrust_0001470",NA,NA,NA,NA,NA,NA,NA
"BerryCrust_0001471",NA,NA,NA,NA,NA,NA,NA
"BerryCrust_0001472",NA,NA,NA,NA,NA,NA,NA
"BerryCrust_0001473",NA,NA,NA,NA,NA,NA,NA
"BerryCrust_0001474",NA,NA,NA,NA,NA,NA,NA
"BerryCrust_0001475",NA,NA,NA,NA,NA,NA,NA
"BerryCrust_0001476",NA,NA,NA,NA,NA,NA,NA
"BerryCrust_0001477",NA,NA,NA,NA,NA,NA,NA
"BerryCrust_0001478",NA,NA,NA,NA,NA,NA,NA
"BerryCrust_0001479",NA,NA,NA,NA,NA,NA,NA
"BerryCrust_0001480",NA,NA,NA,NA,NA,NA,NA
"BerryCrust_0001481",NA,NA,NA,NA,NA,NA,NA
"BerryCrust_0001482",NA,NA,NA,NA,NA,NA,NA
"BerryCrust_0001483",NA,NA,NA,NA,NA,NA,NA
"BerryCrust_0001484",NA,NA,NA,NA,NA,NA,NA
"BerryCrust_0001485",NA,NA,NA,NA,NA,NA,NA
"BerryCrust_0001486",NA,NA,NA,NA,NA,NA,NA
"BerryCrust_0001487",NA,NA,NA,NA,NA,NA,NA
"BerryCrust_0001488",NA,NA,NA,NA,NA,NA,NA
"BerryCrust_0001489",NA,NA,NA,NA,NA,NA,NA
"BerryCrust_0001490",NA,NA,NA,NA,NA,NA,NA
"BerryCrust_0001491",NA,NA,NA,NA,NA,NA,NA
"BerryCrust_0001492",NA,NA,NA,NA,NA,NA,NA
"BerryCrust_0001493",NA,NA,NA,NA,NA,NA,NA
"BerryCrust_0001494",NA,NA,NA,NA,NA,NA,NA
"BerryCrust_0001495",NA,NA,NA,NA,NA,NA,NA
"BerryCrust_0001496",NA,NA,NA,NA,NA,NA,NA
"BerryCrust_0001497","Eukaryota","Arthropoda","Malacostraca","Decapoda","Grapsidae","Pachygrapsus","Pachygrapsus socius"
"BerryCrust_0001498","Eukaryota","Arthropoda","Malacostraca","Decapoda","Grapsidae","Pachygrapsus","Pachygrapsus socius"
"BerryCrust_0001499",NA,NA,NA,NA,NA,NA,NA
"BerryCrust_0001500",NA,NA,NA,NA,NA,NA,NA
"BerryCrust_0001501",NA,NA,NA,NA,NA,NA,NA
"BerryCrust_0001502",NA,NA,NA,NA,NA,NA,NA
"BerryCrust_0001503",NA,NA,NA,NA,NA,NA,NA
"BerryCrust_0001504",NA,NA,NA,NA,NA,NA,NA
"BerryCrust_0001505","Eukaryota","Arthropoda","Malacostraca","Decapoda","Grapsidae","Pachygrapsus","Pachygrapsus socius"
"BerryCrust_0001506",NA,NA,NA,NA,NA,NA,NA
"BerryCrust_0001507",NA,NA,NA,NA,NA,NA,NA
"BerryCrust_0001508",NA,NA,NA,NA,NA,NA,NA
"BerryCrust_0001509",NA,NA,NA,NA,NA,NA,NA
"BerryCrust_0001510",NA,NA,NA,NA,NA,NA,NA
"BerryCrust_0001511",NA,NA,NA,NA,NA,NA,NA
"BerryCrust_0001512",NA,NA,NA,NA,NA,NA,NA
"BerryCrust_0001513",NA,NA,NA,NA,NA,NA,NA
"BerryCrust_0001514",NA,NA,NA,NA,NA,NA,NA
"BerryCrust_0001515",NA,NA,NA,NA,NA,NA,NA
"BerryCrust_0001516","Eukaryota","Arthropoda","Malacostraca","Decapoda","Palaemonidae","Palaemon","Palaemon ritteri"
"BerryCrust_0001517",NA,NA,NA,NA,NA,NA,NA
"BerryCrust_0001518",NA,NA,NA,NA,NA,NA,NA
"BerryCrust_0001519",NA,NA,NA,NA,NA,NA,NA
"BerryCrust_0001520",NA,NA,NA,NA,NA,NA,NA
"BerryCrust_0001521",NA,NA,NA,NA,NA,NA,NA
"BerryCrust_0001522",NA,NA,NA,NA,NA,NA,NA
"BerryCrust_0001523",NA,NA,NA,NA,NA,NA,NA
"BerryCrust_0001524",NA,NA,NA,NA,NA,NA,NA
"BerryCrust_0001525",NA,NA,NA,NA,NA,NA,NA
"BerryCrust_0001526",NA,NA,NA,NA,NA,NA,NA
"BerryCrust_0001527",NA,NA,NA,NA,NA,NA,NA
"BerryCrust_0001528",NA,NA,NA,NA,NA,NA,NA
"BerryCrust_0001529",NA,NA,NA,NA,NA,NA,NA
"BerryCrust_0001530",NA,NA,NA,NA,NA,NA,NA
"BerryCrust_0001531",NA,NA,NA,NA,NA,NA,NA
"BerryCrust_0001532",NA,NA,NA,NA,NA,NA,NA
"BerryCrust_0001533",NA,NA,NA,NA,NA,NA,NA
"BerryCrust_0001534",NA,NA,NA,NA,NA,NA,NA
"BerryCrust_0001535",NA,NA,NA,NA,NA,NA,NA
"BerryCrust_0001536",NA,NA,NA,NA,NA,NA,NA
"BerryCrust_0001537",NA,NA,NA,NA,NA,NA,NA
"BerryCrust_0001538",NA,NA,NA,NA,NA,NA,NA
"BerryCrust_0001539",NA,NA,NA,NA,NA,NA,NA
"BerryCrust_0001540",NA,NA,NA,NA,NA,NA,NA
"BerryCrust_0001541",NA,NA,NA,NA,NA,NA,NA
"BerryCrust_0001542",NA,NA,NA,NA,NA,NA,NA
"BerryCrust_0001543",NA,NA,NA,NA,NA,NA,NA
"BerryCrust_0001544",NA,NA,NA,NA,NA,NA,NA
"BerryCrust_0001545",NA,NA,NA,NA,NA,NA,NA
"BerryCrust_0001546",NA,NA,NA,NA,NA,NA,NA
"BerryCrust_0001547",NA,NA,NA,NA,NA,NA,NA
"BerryCrust_0001548",NA,NA,NA,NA,NA,NA,NA
"BerryCrust_0001549",NA,NA,NA,NA,NA,NA,NA
"BerryCrust_0001550",NA,NA,NA,NA,NA,NA,NA
"BerryCrust_0001551",NA,NA,NA,NA,NA,NA,NA
"BerryCrust_0001552",NA,NA,NA,NA,NA,NA,NA
"BerryCrust_0001553",NA,NA,NA,NA,NA,NA,NA
"BerryCrust_0001554",NA,NA,NA,NA,NA,NA,NA
"BerryCrust_0001555",NA,NA,NA,NA,NA,NA,NA
"BerryCrust_0001556",NA,NA,NA,NA,NA,NA,NA
"BerryCrust_0001557",NA,NA,NA,NA,NA,NA,NA
"BerryCrust_0001558",NA,NA,NA,NA,NA,NA,NA
"BerryCrust_0001559",NA,NA,NA,NA,NA,NA,NA
"BerryCrust_0001560",NA,NA,NA,NA,NA,NA,NA
"BerryCrust_0001561",NA,NA,NA,NA,NA,NA,NA
"BerryCrust_0001562",NA,NA,NA,NA,NA,NA,NA
"BerryCrust_0001563",NA,NA,NA,NA,NA,NA,NA
"BerryCrust_0001564",NA,NA,NA,NA,NA,NA,NA
"BerryCrust_0001565",NA,NA,NA,NA,NA,NA,NA
"BerryCrust_0001566",NA,NA,NA,NA,NA,NA,NA
"BerryCrust_0001567",NA,NA,NA,NA,NA,NA,NA
"BerryCrust_0001568",NA,NA,NA,NA,NA,NA,NA
"BerryCrust_0001569",NA,NA,NA,NA,NA,NA,NA
"BerryCrust_0001570",NA,NA,NA,NA,NA,NA,NA
"BerryCrust_0001571","Eukaryota","Arthropoda","Malacostraca","Decapoda","Palaemonidae","Palaemon","Palaemon ritteri"
"BerryCrust_0001572",NA,NA,NA,NA,NA,NA,NA
"BerryCrust_0001573",NA,NA,NA,NA,NA,NA,NA
"BerryCrust_0001574",NA,NA,NA,NA,NA,NA,NA
"BerryCrust_0001575",NA,NA,NA,NA,NA,NA,NA
"BerryCrust_0001576",NA,NA,NA,NA,NA,NA,NA
"BerryCrust_0001577",NA,NA,NA,NA,NA,NA,NA
"BerryCrust_0001578",NA,NA,NA,NA,NA,NA,NA
"BerryCrust_0001579",NA,NA,NA,NA,NA,NA,NA
"BerryCrust_0001580",NA,NA,NA,NA,NA,NA,NA
"BerryCrust_0001581",NA,NA,NA,NA,NA,NA,NA
"BerryCrust_0001582",NA,NA,NA,NA,NA,NA,NA
"BerryCrust_0001583",NA,NA,NA,NA,NA,NA,NA
"BerryCrust_0001584",NA,NA,NA,NA,NA,NA,NA
"BerryCrust_0001585",NA,NA,NA,NA,NA,NA,NA
"BerryCrust_0001586",NA,NA,NA,NA,NA,NA,NA
"BerryCrust_0001587",NA,NA,NA,NA,NA,NA,NA
"BerryCrust_0001588",NA,NA,NA,NA,NA,NA,NA
"BerryCrust_0001589",NA,NA,NA,NA,NA,NA,NA
"BerryCrust_0001590",NA,NA,NA,NA,NA,NA,NA
"BerryCrust_0001591",NA,NA,NA,NA,NA,NA,NA
"BerryCrust_0001592",NA,NA,NA,NA,NA,NA,NA
"BerryCrust_0001593",NA,NA,NA,NA,NA,NA,NA
"BerryCrust_0001594",NA,NA,NA,NA,NA,NA,NA
"BerryCrust_0001595",NA,NA,NA,NA,NA,NA,NA
"BerryCrust_0001596",NA,NA,NA,NA,NA,NA,NA
"BerryCrust_0001597","Eukaryota",NA,NA,NA,NA,NA,NA
"BerryCrust_0001598",NA,NA,NA,NA,NA,NA,NA
"BerryCrust_0001599",NA,NA,NA,NA,NA,NA,NA
"BerryCrust_0001600",NA,NA,NA,NA,NA,NA,NA
"BerryCrust_0001601",NA,NA,NA,NA,NA,NA,NA
"BerryCrust_0001602",NA,NA,NA,NA,NA,NA,NA
"BerryCrust_0001603",NA,NA,NA,NA,NA,NA,NA
"BerryCrust_0001604",NA,NA,NA,NA,NA,NA,NA
"BerryCrust_0001605",NA,NA,NA,NA,NA,NA,NA
"BerryCrust_0001606",NA,NA,NA,NA,NA,NA,NA
"BerryCrust_0001607",NA,NA,NA,NA,NA,NA,NA
"BerryCrust_0001608",NA,NA,NA,NA,NA,NA,NA
"BerryCrust_0001609",NA,NA,NA,NA,NA,NA,NA
"BerryCrust_0001610",NA,NA,NA,NA,NA,NA,NA
"BerryCrust_0001611",NA,NA,NA,NA,NA,NA,NA
"BerryCrust_0001612",NA,NA,NA,NA,NA,NA,NA
"BerryCrust_0001613",NA,NA,NA,NA,NA,NA,NA
"BerryCrust_0001614",NA,NA,NA,NA,NA,NA,NA
"BerryCrust_0001615",NA,NA,NA,NA,NA,NA,NA
"BerryCrust_0001616",NA,NA,NA,NA,NA,NA,NA
"BerryCrust_0001617",NA,NA,NA,NA,NA,NA,NA
"BerryCrust_0001618","Eukaryota",NA,NA,NA,NA,NA,NA
"BerryCrust_0001619",NA,NA,NA,NA,NA,NA,NA
"BerryCrust_0001620",NA,NA,NA,NA,NA,NA,NA
"BerryCrust_0001621",NA,NA,NA,NA,NA,NA,NA
"BerryCrust_0001622",NA,NA,NA,NA,NA,NA,NA
"BerryCrust_0001623",NA,NA,NA,NA,NA,NA,NA
"BerryCrust_0001624",NA,NA,NA,NA,NA,NA,NA
"BerryCrust_0001625",NA,NA,NA,NA,NA,NA,NA
"BerryCrust_0001626",NA,NA,NA,NA,NA,NA,NA
"BerryCrust_0001627",NA,NA,NA,NA,NA,NA,NA
"BerryCrust_0001628",NA,NA,NA,NA,NA,NA,NA
"BerryCrust_0001629",NA,NA,NA,NA,NA,NA,NA
"BerryCrust_0001630",NA,NA,NA,NA,NA,NA,NA
"BerryCrust_0001631",NA,NA,NA,NA,NA,NA,NA
"BerryCrust_0001632","Eukaryota","Arthropoda","Malacostraca","Decapoda","Mithracidae","Teleophrys","Teleophrys cristulipes"
"BerryCrust_0001633",NA,NA,NA,NA,NA,NA,NA
"BerryCrust_0001634",NA,NA,NA,NA,NA,NA,NA
"BerryCrust_0001635","Eukaryota",NA,NA,NA,NA,NA,NA
"BerryCrust_0001636",NA,NA,NA,NA,NA,NA,NA
"BerryCrust_0001637",NA,NA,NA,NA,NA,NA,NA
"BerryCrust_0001638",NA,NA,NA,NA,NA,NA,NA
"BerryCrust_0001639",NA,NA,NA,NA,NA,NA,NA
"BerryCrust_0001640",NA,NA,NA,NA,NA,NA,NA
"BerryCrust_0001641",NA,NA,NA,NA,NA,NA,NA
"BerryCrust_0001642",NA,NA,NA,NA,NA,NA,NA
"BerryCrust_0001643",NA,NA,NA,NA,NA,NA,NA
"BerryCrust_0001644",NA,NA,NA,NA,NA,NA,NA
"BerryCrust_0001645",NA,NA,NA,NA,NA,NA,NA
"BerryCrust_0001646",NA,NA,NA,NA,NA,NA,NA
"BerryCrust_0001647",NA,NA,NA,NA,NA,NA,NA
"BerryCrust_0001648",NA,NA,NA,NA,NA,NA,NA
"BerryCrust_0001649",NA,NA,NA,NA,NA,NA,NA
"BerryCrust_0001650",NA,NA,NA,NA,NA,NA,NA
"BerryCrust_0001651",NA,NA,NA,NA,NA,NA,NA
"BerryCrust_0001652",NA,NA,NA,NA,NA,NA,NA
"BerryCrust_0001653",NA,NA,NA,NA,NA,NA,NA
"BerryCrust_0001654",NA,NA,NA,NA,NA,NA,NA
"BerryCrust_0001655",NA,NA,NA,NA,NA,NA,NA
"BerryCrust_0001656",NA,NA,NA,NA,NA,NA,NA
"BerryCrust_0001657",NA,NA,NA,NA,NA,NA,NA
"BerryCrust_0001658",NA,NA,NA,NA,NA,NA,NA
"BerryCrust_0001659",NA,NA,NA,NA,NA,NA,NA
"BerryCrust_0001660",NA,NA,NA,NA,NA,NA,NA
"BerryCrust_0001661",NA,NA,NA,NA,NA,NA,NA
"BerryCrust_0001662",NA,NA,NA,NA,NA,NA,NA
"BerryCrust_0001663",NA,NA,NA,NA,NA,NA,NA
"BerryCrust_0001664",NA,NA,NA,NA,NA,NA,NA
"BerryCrust_0001665",NA,NA,NA,NA,NA,NA,NA
"BerryCrust_0001666",NA,NA,NA,NA,NA,NA,NA
"BerryCrust_0001667",NA,NA,NA,NA,NA,NA,NA
"BerryCrust_0001668",NA,NA,NA,NA,NA,NA,NA
"BerryCrust_0001669",NA,NA,NA,NA,NA,NA,NA
"BerryCrust_0001670","Eukaryota","Arthropoda","Malacostraca","Decapoda","Palaemonidae","Palaemon","Palaemon ritteri"
"BerryCrust_0001671",NA,NA,NA,NA,NA,NA,NA
"BerryCrust_0001672",NA,NA,NA,NA,NA,NA,NA
"BerryCrust_0001673",NA,NA,NA,NA,NA,NA,NA
"BerryCrust_0001674",NA,NA,NA,NA,NA,NA,NA
"BerryCrust_0001675",NA,NA,NA,NA,NA,NA,NA
"BerryCrust_0001676",NA,NA,NA,NA,NA,NA,NA
"BerryCrust_0001677",NA,NA,NA,NA,NA,NA,NA
"BerryCrust_0001678",NA,NA,NA,NA,NA,NA,NA
"BerryCrust_0001679",NA,NA,NA,NA,NA,NA,NA
"BerryCrust_0001680",NA,NA,NA,NA,NA,NA,NA
"BerryCrust_0001681",NA,NA,NA,NA,NA,NA,NA
"BerryCrust_0001682",NA,NA,NA,NA,NA,NA,NA
"BerryCrust_0001683",NA,NA,NA,NA,NA,NA,NA
"BerryCrust_0001684",NA,NA,NA,NA,NA,NA,NA
"BerryCrust_0001685",NA,NA,NA,NA,NA,NA,NA
"BerryCrust_0001686",NA,NA,NA,NA,NA,NA,NA
"BerryCrust_0001687",NA,NA,NA,NA,NA,NA,NA
"BerryCrust_0001688",NA,NA,NA,NA,NA,NA,NA
"BerryCrust_0001689",NA,NA,NA,NA,NA,NA,NA
"BerryCrust_0001690",NA,NA,NA,NA,NA,NA,NA
"BerryCrust_0001691",NA,NA,NA,NA,NA,NA,NA
"BerryCrust_0001692",NA,NA,NA,NA,NA,NA,NA
"BerryCrust_0001693",NA,NA,NA,NA,NA,NA,NA
"BerryCrust_0001694",NA,NA,NA,NA,NA,NA,NA
"BerryCrust_0001695",NA,NA,NA,NA,NA,NA,NA
"BerryCrust_0001696",NA,NA,NA,NA,NA,NA,NA
"BerryCrust_0001697",NA,NA,NA,NA,NA,NA,NA
"BerryCrust_0001698",NA,NA,NA,NA,NA,NA,NA
"BerryCrust_0001699","Eukaryota","Arthropoda","Malacostraca","Decapoda","Grapsidae","Pachygrapsus","Pachygrapsus socius"
"BerryCrust_0001700",NA,NA,NA,NA,NA,NA,NA
"BerryCrust_0001701",NA,NA,NA,NA,NA,NA,NA
"BerryCrust_0001702",NA,NA,NA,NA,NA,NA,NA
"BerryCrust_0001703",NA,NA,NA,NA,NA,NA,NA
"BerryCrust_0001704",NA,NA,NA,NA,NA,NA,NA
"BerryCrust_0001705",NA,NA,NA,NA,NA,NA,NA
"BerryCrust_0001706",NA,NA,NA,NA,NA,NA,NA
"BerryCrust_0001707",NA,NA,NA,NA,NA,NA,NA
"BerryCrust_0001708",NA,NA,NA,NA,NA,NA,NA
"BerryCrust_0001709","Eukaryota","Arthropoda","Malacostraca","Decapoda","Mithracidae","Teleophrys","Teleophrys cristulipes"
"BerryCrust_0001710",NA,NA,NA,NA,NA,NA,NA
"BerryCrust_0001711",NA,NA,NA,NA,NA,NA,NA
"BerryCrust_0001712",NA,NA,NA,NA,NA,NA,NA
"BerryCrust_0001713",NA,NA,NA,NA,NA,NA,NA
"BerryCrust_0001714",NA,NA,NA,NA,NA,NA,NA
"BerryCrust_0001715",NA,NA,NA,NA,NA,NA,NA
"BerryCrust_0001716",NA,NA,NA,NA,NA,NA,NA
"BerryCrust_0001717",NA,NA,NA,NA,NA,NA,NA
"BerryCrust_0001718",NA,NA,NA,NA,NA,NA,NA
"BerryCrust_0001719",NA,NA,NA,NA,NA,NA,NA
"BerryCrust_0001720",NA,NA,NA,NA,NA,NA,NA
"BerryCrust_0001721",NA,NA,NA,NA,NA,NA,NA
"BerryCrust_0001722",NA,NA,NA,NA,NA,NA,NA
"BerryCrust_0001723",NA,NA,NA,NA,NA,NA,NA
"BerryCrust_0001724",NA,NA,NA,NA,NA,NA,NA
"BerryCrust_0001725",NA,NA,NA,NA,NA,NA,NA
"BerryCrust_0001726",NA,NA,NA,NA,NA,NA,NA
"BerryCrust_0001727",NA,NA,NA,NA,NA,NA,NA
"BerryCrust_0001728",NA,NA,NA,NA,NA,NA,NA
"BerryCrust_0001729",NA,NA,NA,NA,NA,NA,NA
"BerryCrust_0001730",NA,NA,NA,NA,NA,NA,NA
"BerryCrust_0001731",NA,NA,NA,NA,NA,NA,NA
"BerryCrust_0001732",NA,NA,NA,NA,NA,NA,NA
"BerryCrust_0001733",NA,NA,NA,NA,NA,NA,NA
"BerryCrust_0001734",NA,NA,NA,NA,NA,NA,NA
"BerryCrust_0001735",NA,NA,NA,NA,NA,NA,NA
"BerryCrust_0001736",NA,NA,NA,NA,NA,NA,NA
"BerryCrust_0001737",NA,NA,NA,NA,NA,NA,NA
"BerryCrust_0001738",NA,NA,NA,NA,NA,NA,NA
"BerryCrust_0001739",NA,NA,NA,NA,NA,NA,NA
"BerryCrust_0001740",NA,NA,NA,NA,NA,NA,NA
"BerryCrust_0001741",NA,NA,NA,NA,NA,NA,NA
"BerryCrust_0001742",NA,NA,NA,NA,NA,NA,NA
"BerryCrust_0001743",NA,NA,NA,NA,NA,NA,NA
"BerryCrust_0001744",NA,NA,NA,NA,NA,NA,NA
"BerryCrust_0001745",NA,NA,NA,NA,NA,NA,NA
"BerryCrust_0001746",NA,NA,NA,NA,NA,NA,NA
"BerryCrust_0001747",NA,NA,NA,NA,NA,NA,NA
"BerryCrust_0001748",NA,NA,NA,NA,NA,NA,NA
"BerryCrust_0001749",NA,NA,NA,NA,NA,NA,NA
"BerryCrust_0001750",NA,NA,NA,NA,NA,NA,NA
"BerryCrust_0001751",NA,NA,NA,NA,NA,NA,NA
"BerryCrust_0001752",NA,NA,NA,NA,NA,NA,NA
"BerryCrust_0001753",NA,NA,NA,NA,NA,NA,NA
"BerryCrust_0001754",NA,NA,NA,NA,NA,NA,NA
"BerryCrust_0001755","Eukaryota","Arthropoda","Malacostraca","Decapoda","Grapsidae","Pachygrapsus","Pachygrapsus socius"
"BerryCrust_0001756",NA,NA,NA,NA,NA,NA,NA
"BerryCrust_0001757",NA,NA,NA,NA,NA,NA,NA
"BerryCrust_0001758",NA,NA,NA,NA,NA,NA,NA
"BerryCrust_0001759",NA,NA,NA,NA,NA,NA,NA
"BerryCrust_0001760",NA,NA,NA,NA,NA,NA,NA
"BerryCrust_0001761",NA,NA,NA,NA,NA,NA,NA
"BerryCrust_0001762",NA,NA,NA,NA,NA,NA,NA
"BerryCrust_0001763",NA,NA,NA,NA,NA,NA,NA
"BerryCrust_0001764",NA,NA,NA,NA,NA,NA,NA
"BerryCrust_0001765",NA,NA,NA,NA,NA,NA,NA
"BerryCrust_0001766",NA,NA,NA,NA,NA,NA,NA
"BerryCrust_0001767",NA,NA,NA,NA,NA,NA,NA
"BerryCrust_0001768",NA,NA,NA,NA,NA,NA,NA
"BerryCrust_0001769",NA,NA,NA,NA,NA,NA,NA
"BerryCrust_0001770",NA,NA,NA,NA,NA,NA,NA
"BerryCrust_0001771",NA,NA,NA,NA,NA,NA,NA
"BerryCrust_0001772",NA,NA,NA,NA,NA,NA,NA
"BerryCrust_0001773",NA,NA,NA,NA,NA,NA,NA
"BerryCrust_0001774",NA,NA,NA,NA,NA,NA,NA
"BerryCrust_0001775",NA,NA,NA,NA,NA,NA,NA
"BerryCrust_0001776",NA,NA,NA,NA,NA,NA,NA
"BerryCrust_0001777",NA,NA,NA,NA,NA,NA,NA
"BerryCrust_0001778",NA,NA,NA,NA,NA,NA,NA
"BerryCrust_0001779",NA,NA,NA,NA,NA,NA,NA
"BerryCrust_0001780",NA,NA,NA,NA,NA,NA,NA
"BerryCrust_0001781",NA,NA,NA,NA,NA,NA,NA
"BerryCrust_0001782",NA,NA,NA,NA,NA,NA,NA
"BerryCrust_0001783",NA,NA,NA,NA,NA,NA,NA
"BerryCrust_0001784",NA,NA,NA,NA,NA,NA,NA
"BerryCrust_0001785","Eukaryota","Arthropoda","Malacostraca","Decapoda","Grapsidae","Pachygrapsus","Pachygrapsus socius"
"BerryCrust_0001786",NA,NA,NA,NA,NA,NA,NA
"BerryCrust_0001787",NA,NA,NA,NA,NA,NA,NA
"BerryCrust_0001788",NA,NA,NA,NA,NA,NA,NA
"BerryCrust_0001789",NA,NA,NA,NA,NA,NA,NA
"BerryCrust_0001790",NA,NA,NA,NA,NA,NA,NA
"BerryCrust_0001791",NA,NA,NA,NA,NA,NA,NA
"BerryCrust_0001792",NA,NA,NA,NA,NA,NA,NA
"BerryCrust_0001793",NA,NA,NA,NA,NA,NA,NA
"BerryCrust_0001794",NA,NA,NA,NA,NA,NA,NA
"BerryCrust_0001795",NA,NA,NA,NA,NA,NA,NA
"BerryCrust_0001796",NA,NA,NA,NA,NA,NA,NA
"BerryCrust_0001797",NA,NA,NA,NA,NA,NA,NA
"BerryCrust_0001798",NA,NA,NA,NA,NA,NA,NA
"BerryCrust_0001799",NA,NA,NA,NA,NA,NA,NA
"BerryCrust_0001800",NA,NA,NA,NA,NA,NA,NA
"BerryCrust_0001801",NA,NA,NA,NA,NA,NA,NA
"BerryCrust_0001802",NA,NA,NA,NA,NA,NA,NA
"BerryCrust_0001803",NA,NA,NA,NA,NA,NA,NA
"BerryCrust_0001804",NA,NA,NA,NA,NA,NA,NA
"BerryCrust_0001805",NA,NA,NA,NA,NA,NA,NA
"BerryCrust_0001806",NA,NA,NA,NA,NA,NA,NA
"BerryCrust_0001807",NA,NA,NA,NA,NA,NA,NA
"BerryCrust_0001808",NA,NA,NA,NA,NA,NA,NA
"BerryCrust_0001809",NA,NA,NA,NA,NA,NA,NA
"BerryCrust_0001810",NA,NA,NA,NA,NA,NA,NA
"BerryCrust_0001811",NA,NA,NA,NA,NA,NA,NA
"BerryCrust_0001812",NA,NA,NA,NA,NA,NA,NA
"BerryCrust_0001813",NA,NA,NA,NA,NA,NA,NA
"BerryCrust_0001814",NA,NA,NA,NA,NA,NA,NA
"BerryCrust_0001815",NA,NA,NA,NA,NA,NA,NA
"BerryCrust_0001816",NA,NA,NA,NA,NA,NA,NA
"BerryCrust_0001817",NA,NA,NA,NA,NA,NA,NA
"BerryCrust_0001818",NA,NA,NA,NA,NA,NA,NA
"BerryCrust_0001819",NA,NA,NA,NA,NA,NA,NA
"BerryCrust_0001820",NA,NA,NA,NA,NA,NA,NA
"BerryCrust_0001821",NA,NA,NA,NA,NA,NA,NA
"BerryCrust_0001822",NA,NA,NA,NA,NA,NA,NA
"BerryCrust_0001823",NA,NA,NA,NA,NA,NA,NA
"BerryCrust_0001824",NA,NA,NA,NA,NA,NA,NA
"BerryCrust_0001825",NA,NA,NA,NA,NA,NA,NA
"BerryCrust_0001826","Eukaryota",NA,NA,NA,NA,NA,NA
"BerryCrust_0001827",NA,NA,NA,NA,NA,NA,NA
"BerryCrust_0001828",NA,NA,NA,NA,NA,NA,NA
"BerryCrust_0001829",NA,NA,NA,NA,NA,NA,NA
"BerryCrust_0001830",NA,NA,NA,NA,NA,NA,NA
"BerryCrust_0001831",NA,NA,NA,NA,NA,NA,NA
"BerryCrust_0001832",NA,NA,NA,NA,NA,NA,NA
"BerryCrust_0001833",NA,NA,NA,NA,NA,NA,NA
"BerryCrust_0001834",NA,NA,NA,NA,NA,NA,NA
"BerryCrust_0001835",NA,NA,NA,NA,NA,NA,NA
"BerryCrust_0001836",NA,NA,NA,NA,NA,NA,NA
"BerryCrust_0001837",NA,NA,NA,NA,NA,NA,NA
"BerryCrust_0001838",NA,NA,NA,NA,NA,NA,NA
"BerryCrust_0001839",NA,NA,NA,NA,NA,NA,NA
"BerryCrust_0001840",NA,NA,NA,NA,NA,NA,NA
"BerryCrust_0001841",NA,NA,NA,NA,NA,NA,NA
"BerryCrust_0001842",NA,NA,NA,NA,NA,NA,NA
"BerryCrust_0001843",NA,NA,NA,NA,NA,NA,NA
"BerryCrust_0001844",NA,NA,NA,NA,NA,NA,NA
"BerryCrust_0001845",NA,NA,NA,NA,NA,NA,NA
"BerryCrust_0001846","Eukaryota",NA,NA,NA,NA,NA,NA
"BerryCrust_0001847",NA,NA,NA,NA,NA,NA,NA
"BerryCrust_0001848",NA,NA,NA,NA,NA,NA,NA
"BerryCrust_0001849",NA,NA,NA,NA,NA,NA,NA
"BerryCrust_0001850",NA,NA,NA,NA,NA,NA,NA
"BerryCrust_0001851",NA,NA,NA,NA,NA,NA,NA
"BerryCrust_0001852",NA,NA,NA,NA,NA,NA,NA
"BerryCrust_0001853",NA,NA,NA,NA,NA,NA,NA
"BerryCrust_0001854",NA,NA,NA,NA,NA,NA,NA
"BerryCrust_0001855",NA,NA,NA,NA,NA,NA,NA
"BerryCrust_0001856",NA,NA,NA,NA,NA,NA,NA
"BerryCrust_0001857",NA,NA,NA,NA,NA,NA,NA
"BerryCrust_0001858",NA,NA,NA,NA,NA,NA,NA
"BerryCrust_0001859",NA,NA,NA,NA,NA,NA,NA
"BerryCrust_0001860",NA,NA,NA,NA,NA,NA,NA
"BerryCrust_0001861",NA,NA,NA,NA,NA,NA,NA
"BerryCrust_0001862","Eukaryota","Arthropoda",NA,NA,NA,NA,NA
"BerryCrust_0001863",NA,NA,NA,NA,NA,NA,NA
"BerryCrust_0001864",NA,NA,NA,NA,NA,NA,NA
"BerryCrust_0001865",NA,NA,NA,NA,NA,NA,NA
"BerryCrust_0001866",NA,NA,NA,NA,NA,NA,NA
"BerryCrust_0001867",NA,NA,NA,NA,NA,NA,NA
"BerryCrust_0001868","Eukaryota","Arthropoda","Malacostraca","Decapoda","Mithracidae","Teleophrys","Teleophrys cristulipes"
"BerryCrust_0001869",NA,NA,NA,NA,NA,NA,NA
"BerryCrust_0001870",NA,NA,NA,NA,NA,NA,NA
"BerryCrust_0001871",NA,NA,NA,NA,NA,NA,NA
"BerryCrust_0001872",NA,NA,NA,NA,NA,NA,NA
"BerryCrust_0001873",NA,NA,NA,NA,NA,NA,NA
"BerryCrust_0001874",NA,NA,NA,NA,NA,NA,NA
"BerryCrust_0001875",NA,NA,NA,NA,NA,NA,NA
"BerryCrust_0001876",NA,NA,NA,NA,NA,NA,NA
"BerryCrust_0001877",NA,NA,NA,NA,NA,NA,NA
"BerryCrust_0001878",NA,NA,NA,NA,NA,NA,NA
"BerryCrust_0001879",NA,NA,NA,NA,NA,NA,NA
"BerryCrust_0001880",NA,NA,NA,NA,NA,NA,NA
"BerryCrust_0001881",NA,NA,NA,NA,NA,NA,NA
"BerryCrust_0001882",NA,NA,NA,NA,NA,NA,NA
"BerryCrust_0001883","Eukaryota","Arthropoda","Malacostraca","Decapoda","Mithracidae","Teleophrys","Teleophrys cristulipes"
"BerryCrust_0001884",NA,NA,NA,NA,NA,NA,NA
"BerryCrust_0001885",NA,NA,NA,NA,NA,NA,NA
"BerryCrust_0001886",NA,NA,NA,NA,NA,NA,NA
"BerryCrust_0001887",NA,NA,NA,NA,NA,NA,NA
"BerryCrust_0001888","Eukaryota","Arthropoda","Malacostraca","Decapoda","Mithracidae","Teleophrys","Teleophrys cristulipes"
"BerryCrust_0001889",NA,NA,NA,NA,NA,NA,NA
"BerryCrust_0001890",NA,NA,NA,NA,NA,NA,NA
"BerryCrust_0001891",NA,NA,NA,NA,NA,NA,NA
"BerryCrust_0001892",NA,NA,NA,NA,NA,NA,NA
"BerryCrust_0001893",NA,NA,NA,NA,NA,NA,NA
"BerryCrust_0001894",NA,NA,NA,NA,NA,NA,NA
"BerryCrust_0001895",NA,NA,NA,NA,NA,NA,NA
"BerryCrust_0001896",NA,NA,NA,NA,NA,NA,NA
"BerryCrust_0001897","Eukaryota",NA,NA,NA,NA,NA,NA
"BerryCrust_0001898",NA,NA,NA,NA,NA,NA,NA
"BerryCrust_0001899","Eukaryota","Arthropoda","Malacostraca","Decapoda","Palaemonidae","Palaemon","Palaemon ritteri"
"BerryCrust_0001900",NA,NA,NA,NA,NA,NA,NA
"BerryCrust_0001901",NA,NA,NA,NA,NA,NA,NA
"BerryCrust_0001902",NA,NA,NA,NA,NA,NA,NA
"BerryCrust_0001903",NA,NA,NA,NA,NA,NA,NA
"BerryCrust_0001904",NA,NA,NA,NA,NA,NA,NA
"BerryCrust_0001905",NA,NA,NA,NA,NA,NA,NA
"BerryCrust_0001906",NA,NA,NA,NA,NA,NA,NA
"BerryCrust_0001907",NA,NA,NA,NA,NA,NA,NA
"BerryCrust_0001908",NA,NA,NA,NA,NA,NA,NA
"BerryCrust_0001909",NA,NA,NA,NA,NA,NA,NA
"BerryCrust_0001910",NA,NA,NA,NA,NA,NA,NA
"BerryCrust_0001911",NA,NA,NA,NA,NA,NA,NA
"BerryCrust_0001912",NA,NA,NA,NA,NA,NA,NA
"BerryCrust_0001913",NA,NA,NA,NA,NA,NA,NA
"BerryCrust_0001914",NA,NA,NA,NA,NA,NA,NA
"BerryCrust_0001915",NA,NA,NA,NA,NA,NA,NA
"BerryCrust_0001916",NA,NA,NA,NA,NA,NA,NA
"BerryCrust_0001917",NA,NA,NA,NA,NA,NA,NA
"BerryCrust_0001918",NA,NA,NA,NA,NA,NA,NA
"BerryCrust_0001919",NA,NA,NA,NA,NA,NA,NA
"BerryCrust_0001920",NA,NA,NA,NA,NA,NA,NA
"BerryCrust_0001921",NA,NA,NA,NA,NA,NA,NA
"BerryCrust_0001922",NA,NA,NA,NA,NA,NA,NA
"BerryCrust_0001923",NA,NA,NA,NA,NA,NA,NA
"BerryCrust_0001924",NA,NA,NA,NA,NA,NA,NA
"BerryCrust_0001925",NA,NA,NA,NA,NA,NA,NA
"BerryCrust_0001926","Eukaryota",NA,NA,NA,NA,NA,NA
"BerryCrust_0001927",NA,NA,NA,NA,NA,NA,NA
"BerryCrust_0001928",NA,NA,NA,NA,NA,NA,NA
"BerryCrust_0001929","Eukaryota","Arthropoda","Malacostraca","Decapoda","Portunidae","Cronius","Cronius ruber"
"BerryCrust_0001930",NA,NA,NA,NA,NA,NA,NA
"BerryCrust_0001931",NA,NA,NA,NA,NA,NA,NA
"BerryCrust_0001932",NA,NA,NA,NA,NA,NA,NA
"BerryCrust_0001933",NA,NA,NA,NA,NA,NA,NA
"BerryCrust_0001934",NA,NA,NA,NA,NA,NA,NA
"BerryCrust_0001935",NA,NA,NA,NA,NA,NA,NA
"BerryCrust_0001936",NA,NA,NA,NA,NA,NA,NA
"BerryCrust_0001937",NA,NA,NA,NA,NA,NA,NA
"BerryCrust_0001938",NA,NA,NA,NA,NA,NA,NA
"BerryCrust_0001939",NA,NA,NA,NA,NA,NA,NA
"BerryCrust_0001940",NA,NA,NA,NA,NA,NA,NA
"BerryCrust_0001941",NA,NA,NA,NA,NA,NA,NA
"BerryCrust_0001942",NA,NA,NA,NA,NA,NA,NA
"BerryCrust_0001943",NA,NA,NA,NA,NA,NA,NA
"BerryCrust_0001944",NA,NA,NA,NA,NA,NA,NA
"BerryCrust_0001945",NA,NA,NA,NA,NA,NA,NA
"BerryCrust_0001946",NA,NA,NA,NA,NA,NA,NA
"BerryCrust_0001947",NA,NA,NA,NA,NA,NA,NA
"BerryCrust_0001948",NA,NA,NA,NA,NA,NA,NA
"BerryCrust_0001949",NA,NA,NA,NA,NA,NA,NA
"BerryCrust_0001950",NA,NA,NA,NA,NA,NA,NA
"BerryCrust_0001951",NA,NA,NA,NA,NA,NA,NA
"BerryCrust_0001952",NA,NA,NA,NA,NA,NA,NA
"BerryCrust_0001953",NA,NA,NA,NA,NA,NA,NA
"BerryCrust_0001954",NA,NA,NA,NA,NA,NA,NA
"BerryCrust_0001955","Eukaryota","Arthropoda","Malacostraca","Decapoda","Portunidae","Callinectes","Callinectes arcuatus"
"BerryCrust_0001956",NA,NA,NA,NA,NA,NA,NA
"BerryCrust_0001957",NA,NA,NA,NA,NA,NA,NA
"BerryCrust_0001958",NA,NA,NA,NA,NA,NA,NA
"BerryCrust_0001959",NA,NA,NA,NA,NA,NA,NA
"BerryCrust_0001960",NA,NA,NA,NA,NA,NA,NA
"BerryCrust_0001961",NA,NA,NA,NA,NA,NA,NA
"BerryCrust_0001962",NA,NA,NA,NA,NA,NA,NA
"BerryCrust_0001963",NA,NA,NA,NA,NA,NA,NA
"BerryCrust_0001964",NA,NA,NA,NA,NA,NA,NA
"BerryCrust_0001965",NA,NA,NA,NA,NA,NA,NA
"BerryCrust_0001966",NA,NA,NA,NA,NA,NA,NA
"BerryCrust_0001967",NA,NA,NA,NA,NA,NA,NA
"BerryCrust_0001968",NA,NA,NA,NA,NA,NA,NA
"BerryCrust_0001969",NA,NA,NA,NA,NA,NA,NA
"BerryCrust_0001970",NA,NA,NA,NA,NA,NA,NA
"BerryCrust_0001971",NA,NA,NA,NA,NA,NA,NA
"BerryCrust_0001972",NA,NA,NA,NA,NA,NA,NA
"BerryCrust_0001973",NA,NA,NA,NA,NA,NA,NA
"BerryCrust_0001974",NA,NA,NA,NA,NA,NA,NA
"BerryCrust_0001975",NA,NA,NA,NA,NA,NA,NA
"BerryCrust_0001976",NA,NA,NA,NA,NA,NA,NA
"BerryCrust_0001977",NA,NA,NA,NA,NA,NA,NA
"BerryCrust_0001978",NA,NA,NA,NA,NA,NA,NA
"BerryCrust_0001979",NA,NA,NA,NA,NA,NA,NA
"BerryCrust_0001980",NA,NA,NA,NA,NA,NA,NA
"BerryCrust_0001981",NA,NA,NA,NA,NA,NA,NA
"BerryCrust_0001982",NA,NA,NA,NA,NA,NA,NA
"BerryCrust_0001983",NA,NA,NA,NA,NA,NA,NA
"BerryCrust_0001984",NA,NA,NA,NA,NA,NA,NA
"BerryCrust_0001985",NA,NA,NA,NA,NA,NA,NA
"BerryCrust_0001986",NA,NA,NA,NA,NA,NA,NA
"BerryCrust_0001987",NA,NA,NA,NA,NA,NA,NA
"BerryCrust_0001988",NA,NA,NA,NA,NA,NA,NA
"BerryCrust_0001989",NA,NA,NA,NA,NA,NA,NA
"BerryCrust_0001990",NA,NA,NA,NA,NA,NA,NA
"BerryCrust_0001991",NA,NA,NA,NA,NA,NA,NA
"BerryCrust_0001992",NA,NA,NA,NA,NA,NA,NA
"BerryCrust_0001993",NA,NA,NA,NA,NA,NA,NA
"BerryCrust_0001994",NA,NA,NA,NA,NA,NA,NA
"BerryCrust_0001995",NA,NA,NA,NA,NA,NA,NA
"BerryCrust_0001996",NA,NA,NA,NA,NA,NA,NA
"BerryCrust_0001997",NA,NA,NA,NA,NA,NA,NA
"BerryCrust_0001998",NA,NA,NA,NA,NA,NA,NA
"BerryCrust_0001999",NA,NA,NA,NA,NA,NA,NA
"BerryCrust_0002000",NA,NA,NA,NA,NA,NA,NA
"BerryCrust_0002001",NA,NA,NA,NA,NA,NA,NA
"BerryCrust_0002002",NA,NA,NA,NA,NA,NA,NA
"BerryCrust_0002003",NA,NA,NA,NA,NA,NA,NA
"BerryCrust_0002004","Eukaryota","Arthropoda","Malacostraca","Decapoda","Grapsidae","Pachygrapsus","Pachygrapsus socius"
"BerryCrust_0002005",NA,NA,NA,NA,NA,NA,NA
"BerryCrust_0002006",NA,NA,NA,NA,NA,NA,NA
"BerryCrust_0002007",NA,NA,NA,NA,NA,NA,NA
"BerryCrust_0002008",NA,NA,NA,NA,NA,NA,NA
"BerryCrust_0002009",NA,NA,NA,NA,NA,NA,NA
"BerryCrust_0002010",NA,NA,NA,NA,NA,NA,NA
"BerryCrust_0002011",NA,NA,NA,NA,NA,NA,NA
"BerryCrust_0002012",NA,NA,NA,NA,NA,NA,NA
"BerryCrust_0002013","Eukaryota","Arthropoda","Malacostraca","Decapoda","Palaemonidae","Palaemon","Palaemon ritteri"
"BerryCrust_0002014",NA,NA,NA,NA,NA,NA,NA
"BerryCrust_0002015",NA,NA,NA,NA,NA,NA,NA
"BerryCrust_0002016",NA,NA,NA,NA,NA,NA,NA
"BerryCrust_0002017",NA,NA,NA,NA,NA,NA,NA
"BerryCrust_0002018",NA,NA,NA,NA,NA,NA,NA
"BerryCrust_0002019",NA,NA,NA,NA,NA,NA,NA
"BerryCrust_0002020",NA,NA,NA,NA,NA,NA,NA
"BerryCrust_0002021",NA,NA,NA,NA,NA,NA,NA
"BerryCrust_0002022",NA,NA,NA,NA,NA,NA,NA
"BerryCrust_0002023",NA,NA,NA,NA,NA,NA,NA
"BerryCrust_0002024",NA,NA,NA,NA,NA,NA,NA
"BerryCrust_0002025",NA,NA,NA,NA,NA,NA,NA
"BerryCrust_0002026",NA,NA,NA,NA,NA,NA,NA
"BerryCrust_0002027",NA,NA,NA,NA,NA,NA,NA
"BerryCrust_0002028",NA,NA,NA,NA,NA,NA,NA
"BerryCrust_0002029",NA,NA,NA,NA,NA,NA,NA
"BerryCrust_0002030",NA,NA,NA,NA,NA,NA,NA
"BerryCrust_0002031",NA,NA,NA,NA,NA,NA,NA
"BerryCrust_0002032",NA,NA,NA,NA,NA,NA,NA
"BerryCrust_0002033",NA,NA,NA,NA,NA,NA,NA
"BerryCrust_0002034",NA,NA,NA,NA,NA,NA,NA
"BerryCrust_0002035",NA,NA,NA,NA,NA,NA,NA
"BerryCrust_0002036",NA,NA,NA,NA,NA,NA,NA
"BerryCrust_0002037",NA,NA,NA,NA,NA,NA,NA
"BerryCrust_0002038",NA,NA,NA,NA,NA,NA,NA
"BerryCrust_0002039",NA,NA,NA,NA,NA,NA,NA
"BerryCrust_0002040",NA,NA,NA,NA,NA,NA,NA
"BerryCrust_0002041",NA,NA,NA,NA,NA,NA,NA
"BerryCrust_0002042",NA,NA,NA,NA,NA,NA,NA
"BerryCrust_0002043",NA,NA,NA,NA,NA,NA,NA
"BerryCrust_0002044",NA,NA,NA,NA,NA,NA,NA
"BerryCrust_0002045","Eukaryota",NA,NA,NA,NA,NA,NA
"BerryCrust_0002046",NA,NA,NA,NA,NA,NA,NA
"BerryCrust_0002047","Eukaryota","Arthropoda","Malacostraca","Decapoda","Grapsidae","Geograpsus","Geograpsus lividus"
"BerryCrust_0002048",NA,NA,NA,NA,NA,NA,NA
"BerryCrust_0002049",NA,NA,NA,NA,NA,NA,NA
"BerryCrust_0002050",NA,NA,NA,NA,NA,NA,NA
"BerryCrust_0002051",NA,NA,NA,NA,NA,NA,NA
"BerryCrust_0002052",NA,NA,NA,NA,NA,NA,NA
"BerryCrust_0002053",NA,NA,NA,NA,NA,NA,NA
"BerryCrust_0002054",NA,NA,NA,NA,NA,NA,NA
"BerryCrust_0002055","Eukaryota","Arthropoda",NA,NA,NA,NA,NA
"BerryCrust_0002056",NA,NA,NA,NA,NA,NA,NA
"BerryCrust_0002057",NA,NA,NA,NA,NA,NA,NA
"BerryCrust_0002058",NA,NA,NA,NA,NA,NA,NA
"BerryCrust_0002059",NA,NA,NA,NA,NA,NA,NA
"BerryCrust_0002060",NA,NA,NA,NA,NA,NA,NA
"BerryCrust_0002061",NA,NA,NA,NA,NA,NA,NA
"BerryCrust_0002062",NA,NA,NA,NA,NA,NA,NA
"BerryCrust_0002063",NA,NA,NA,NA,NA,NA,NA
"BerryCrust_0002064",NA,NA,NA,NA,NA,NA,NA
"BerryCrust_0002065",NA,NA,NA,NA,NA,NA,NA
"BerryCrust_0002066",NA,NA,NA,NA,NA,NA,NA
"BerryCrust_0002067",NA,NA,NA,NA,NA,NA,NA
"BerryCrust_0002068",NA,NA,NA,NA,NA,NA,NA
"BerryCrust_0002069",NA,NA,NA,NA,NA,NA,NA
"BerryCrust_0002070",NA,NA,NA,NA,NA,NA,NA
"BerryCrust_0002071",NA,NA,NA,NA,NA,NA,NA
"BerryCrust_0002072",NA,NA,NA,NA,NA,NA,NA
"BerryCrust_0002073",NA,NA,NA,NA,NA,NA,NA
"BerryCrust_0002074",NA,NA,NA,NA,NA,NA,NA
"BerryCrust_0002075",NA,NA,NA,NA,NA,NA,NA
"BerryCrust_0002076",NA,NA,NA,NA,NA,NA,NA
"BerryCrust_0002077",NA,NA,NA,NA,NA,NA,NA
"BerryCrust_0002078",NA,NA,NA,NA,NA,NA,NA
"BerryCrust_0002079",NA,NA,NA,NA,NA,NA,NA
"BerryCrust_0002080",NA,NA,NA,NA,NA,NA,NA
"BerryCrust_0002081",NA,NA,NA,NA,NA,NA,NA
"BerryCrust_0002082",NA,NA,NA,NA,NA,NA,NA
"BerryCrust_0002083",NA,NA,NA,NA,NA,NA,NA
"BerryCrust_0002084",NA,NA,NA,NA,NA,NA,NA
"BerryCrust_0002085",NA,NA,NA,NA,NA,NA,NA
"BerryCrust_0002086",NA,NA,NA,NA,NA,NA,NA
"BerryCrust_0002087",NA,NA,NA,NA,NA,NA,NA
"BerryCrust_0002088",NA,NA,NA,NA,NA,NA,NA
"BerryCrust_0002089",NA,NA,NA,NA,NA,NA,NA
"BerryCrust_0002090",NA,NA,NA,NA,NA,NA,NA
"BerryCrust_0002091",NA,NA,NA,NA,NA,NA,NA
"BerryCrust_0002092","Eukaryota","Arthropoda","Malacostraca","Decapoda","Diogenidae","Calcinus","Calcinus explorator"
"BerryCrust_0002093",NA,NA,NA,NA,NA,NA,NA
"BerryCrust_0002094",NA,NA,NA,NA,NA,NA,NA
"BerryCrust_0002095","Eukaryota",NA,NA,NA,NA,NA,NA
"BerryCrust_0002096",NA,NA,NA,NA,NA,NA,NA
"BerryCrust_0002097",NA,NA,NA,NA,NA,NA,NA
"BerryCrust_0002098",NA,NA,NA,NA,NA,NA,NA
"BerryCrust_0002099",NA,NA,NA,NA,NA,NA,NA
"BerryCrust_0002100",NA,NA,NA,NA,NA,NA,NA
"BerryCrust_0002101",NA,NA,NA,NA,NA,NA,NA
"BerryCrust_0002102",NA,NA,NA,NA,NA,NA,NA
"BerryCrust_0002103",NA,NA,NA,NA,NA,NA,NA
"BerryCrust_0002104",NA,NA,NA,NA,NA,NA,NA
"BerryCrust_0002105",NA,NA,NA,NA,NA,NA,NA
"BerryCrust_0002106",NA,NA,NA,NA,NA,NA,NA
"BerryCrust_0002107",NA,NA,NA,NA,NA,NA,NA
"BerryCrust_0002108",NA,NA,NA,NA,NA,NA,NA
"BerryCrust_0002109",NA,NA,NA,NA,NA,NA,NA
"BerryCrust_0002110",NA,NA,NA,NA,NA,NA,NA
"BerryCrust_0002111",NA,NA,NA,NA,NA,NA,NA
"BerryCrust_0002112",NA,NA,NA,NA,NA,NA,NA
"BerryCrust_0002113",NA,NA,NA,NA,NA,NA,NA
"BerryCrust_0002114",NA,NA,NA,NA,NA,NA,NA
"BerryCrust_0002115",NA,NA,NA,NA,NA,NA,NA
"BerryCrust_0002116",NA,NA,NA,NA,NA,NA,NA
"BerryCrust_0002117",NA,NA,NA,NA,NA,NA,NA
"BerryCrust_0002118",NA,NA,NA,NA,NA,NA,NA
"BerryCrust_0002119",NA,NA,NA,NA,NA,NA,NA
"BerryCrust_0002120",NA,NA,NA,NA,NA,NA,NA
"BerryCrust_0002121",NA,NA,NA,NA,NA,NA,NA
"BerryCrust_0002122",NA,NA,NA,NA,NA,NA,NA
"BerryCrust_0002123",NA,NA,NA,NA,NA,NA,NA
"BerryCrust_0002124",NA,NA,NA,NA,NA,NA,NA
"BerryCrust_0002125",NA,NA,NA,NA,NA,NA,NA
"BerryCrust_0002126",NA,NA,NA,NA,NA,NA,NA
"BerryCrust_0002127",NA,NA,NA,NA,NA,NA,NA
"BerryCrust_0002128","Eukaryota","Arthropoda","Malacostraca","Decapoda","Grapsidae","Pachygrapsus","Pachygrapsus socius"
"BerryCrust_0002129",NA,NA,NA,NA,NA,NA,NA
"BerryCrust_0002130",NA,NA,NA,NA,NA,NA,NA
"BerryCrust_0002131",NA,NA,NA,NA,NA,NA,NA
"BerryCrust_0002132",NA,NA,NA,NA,NA,NA,NA
"BerryCrust_0002133",NA,NA,NA,NA,NA,NA,NA
"BerryCrust_0002134",NA,NA,NA,NA,NA,NA,NA
"BerryCrust_0002135",NA,NA,NA,NA,NA,NA,NA
"BerryCrust_0002136",NA,NA,NA,NA,NA,NA,NA
"BerryCrust_0002137",NA,NA,NA,NA,NA,NA,NA
"BerryCrust_0002138",NA,NA,NA,NA,NA,NA,NA
"BerryCrust_0002139",NA,NA,NA,NA,NA,NA,NA
"BerryCrust_0002140",NA,NA,NA,NA,NA,NA,NA
"BerryCrust_0002141",NA,NA,NA,NA,NA,NA,NA
"BerryCrust_0002142",NA,NA,NA,NA,NA,NA,NA
"BerryCrust_0002143",NA,NA,NA,NA,NA,NA,NA
"BerryCrust_0002144",NA,NA,NA,NA,NA,NA,NA
"BerryCrust_0002145",NA,NA,NA,NA,NA,NA,NA
"BerryCrust_0002146",NA,NA,NA,NA,NA,NA,NA
"BerryCrust_0002147",NA,NA,NA,NA,NA,NA,NA
"BerryCrust_0002148",NA,NA,NA,NA,NA,NA,NA
"BerryCrust_0002149",NA,NA,NA,NA,NA,NA,NA
"BerryCrust_0002150",NA,NA,NA,NA,NA,NA,NA
"BerryCrust_0002151",NA,NA,NA,NA,NA,NA,NA
"BerryCrust_0002152",NA,NA,NA,NA,NA,NA,NA
"BerryCrust_0002153",NA,NA,NA,NA,NA,NA,NA
"BerryCrust_0002154",NA,NA,NA,NA,NA,NA,NA
"BerryCrust_0002155",NA,NA,NA,NA,NA,NA,NA
"BerryCrust_0002156",NA,NA,NA,NA,NA,NA,NA
"BerryCrust_0002157",NA,NA,NA,NA,NA,NA,NA
"BerryCrust_0002158",NA,NA,NA,NA,NA,NA,NA
"BerryCrust_0002159",NA,NA,NA,NA,NA,NA,NA
"BerryCrust_0002160",NA,NA,NA,NA,NA,NA,NA
"BerryCrust_0002161",NA,NA,NA,NA,NA,NA,NA
"BerryCrust_0002162",NA,NA,NA,NA,NA,NA,NA
"BerryCrust_0002163",NA,NA,NA,NA,NA,NA,NA
"BerryCrust_0002164",NA,NA,NA,NA,NA,NA,NA
"BerryCrust_0002165",NA,NA,NA,NA,NA,NA,NA
"BerryCrust_0002166",NA,NA,NA,NA,NA,NA,NA
"BerryCrust_0002167",NA,NA,NA,NA,NA,NA,NA
"BerryCrust_0002168",NA,NA,NA,NA,NA,NA,NA
"BerryCrust_0002169",NA,NA,NA,NA,NA,NA,NA
"BerryCrust_0002170",NA,NA,NA,NA,NA,NA,NA
"BerryCrust_0002171",NA,NA,NA,NA,NA,NA,NA
"BerryCrust_0002172",NA,NA,NA,NA,NA,NA,NA
"BerryCrust_0002173",NA,NA,NA,NA,NA,NA,NA
"BerryCrust_0002174",NA,NA,NA,NA,NA,NA,NA
"BerryCrust_0002175",NA,NA,NA,NA,NA,NA,NA
"BerryCrust_0002176",NA,NA,NA,NA,NA,NA,NA
"BerryCrust_0002177",NA,NA,NA,NA,NA,NA,NA
"BerryCrust_0002178",NA,NA,NA,NA,NA,NA,NA
"BerryCrust_0002179",NA,NA,NA,NA,NA,NA,NA
"BerryCrust_0002180",NA,NA,NA,NA,NA,NA,NA
"BerryCrust_0002181",NA,NA,NA,NA,NA,NA,NA
"BerryCrust_0002182",NA,NA,NA,NA,NA,NA,NA
"BerryCrust_0002183",NA,NA,NA,NA,NA,NA,NA
"BerryCrust_0002184",NA,NA,NA,NA,NA,NA,NA
"BerryCrust_0002185",NA,NA,NA,NA,NA,NA,NA
"BerryCrust_0002186",NA,NA,NA,NA,NA,NA,NA
"BerryCrust_0002187",NA,NA,NA,NA,NA,NA,NA
"BerryCrust_0002188",NA,NA,NA,NA,NA,NA,NA
"BerryCrust_0002189",NA,NA,NA,NA,NA,NA,NA
"BerryCrust_0002190",NA,NA,NA,NA,NA,NA,NA
"BerryCrust_0002191",NA,NA,NA,NA,NA,NA,NA
"BerryCrust_0002192",NA,NA,NA,NA,NA,NA,NA
"BerryCrust_0002193",NA,NA,NA,NA,NA,NA,NA
"BerryCrust_0002194",NA,NA,NA,NA,NA,NA,NA
"BerryCrust_0002195",NA,NA,NA,NA,NA,NA,NA
"BerryCrust_0002196",NA,NA,NA,NA,NA,NA,NA
"BerryCrust_0002197",NA,NA,NA,NA,NA,NA,NA
"BerryCrust_0002198",NA,NA,NA,NA,NA,NA,NA
"BerryCrust_0002199",NA,NA,NA,NA,NA,NA,NA
"BerryCrust_0002200",NA,NA,NA,NA,NA,NA,NA
"BerryCrust_0002201",NA,NA,NA,NA,NA,NA,NA
"BerryCrust_0002202",NA,NA,NA,NA,NA,NA,NA
"BerryCrust_0002203",NA,NA,NA,NA,NA,NA,NA
"BerryCrust_0002204",NA,NA,NA,NA,NA,NA,NA
"BerryCrust_0002205",NA,NA,NA,NA,NA,NA,NA
"BerryCrust_0002206","Eukaryota","Arthropoda","Malacostraca","Decapoda","Grapsidae","Pachygrapsus","Pachygrapsus socius"
"BerryCrust_0002207",NA,NA,NA,NA,NA,NA,NA
"BerryCrust_0002208",NA,NA,NA,NA,NA,NA,NA
"BerryCrust_0002209",NA,NA,NA,NA,NA,NA,NA
"BerryCrust_0002210",NA,NA,NA,NA,NA,NA,NA
"BerryCrust_0002211",NA,NA,NA,NA,NA,NA,NA
"BerryCrust_0002212",NA,NA,NA,NA,NA,NA,NA
"BerryCrust_0002213",NA,NA,NA,NA,NA,NA,NA
"BerryCrust_0002214",NA,NA,NA,NA,NA,NA,NA
"BerryCrust_0002215",NA,NA,NA,NA,NA,NA,NA
"BerryCrust_0002216","Eukaryota","Arthropoda","Malacostraca","Decapoda","Grapsidae","Pachygrapsus","Pachygrapsus socius"
"BerryCrust_0002217",NA,NA,NA,NA,NA,NA,NA
"BerryCrust_0002218",NA,NA,NA,NA,NA,NA,NA
"BerryCrust_0002219",NA,NA,NA,NA,NA,NA,NA
"BerryCrust_0002220",NA,NA,NA,NA,NA,NA,NA
"BerryCrust_0002221","Eukaryota","Arthropoda","Malacostraca","Decapoda","Mithracidae","Teleophrys","Teleophrys cristulipes"
"BerryCrust_0002222",NA,NA,NA,NA,NA,NA,NA
"BerryCrust_0002223",NA,NA,NA,NA,NA,NA,NA
"BerryCrust_0002224",NA,NA,NA,NA,NA,NA,NA
"BerryCrust_0002225",NA,NA,NA,NA,NA,NA,NA
"BerryCrust_0002226",NA,NA,NA,NA,NA,NA,NA
"BerryCrust_0002227",NA,NA,NA,NA,NA,NA,NA
"BerryCrust_0002228",NA,NA,NA,NA,NA,NA,NA
"BerryCrust_0002229",NA,NA,NA,NA,NA,NA,NA
"BerryCrust_0002230",NA,NA,NA,NA,NA,NA,NA
"BerryCrust_0002231",NA,NA,NA,NA,NA,NA,NA
"BerryCrust_0002232",NA,NA,NA,NA,NA,NA,NA
"BerryCrust_0002233",NA,NA,NA,NA,NA,NA,NA
"BerryCrust_0002234",NA,NA,NA,NA,NA,NA,NA
"BerryCrust_0002235",NA,NA,NA,NA,NA,NA,NA
"BerryCrust_0002236",NA,NA,NA,NA,NA,NA,NA
"BerryCrust_0002237","Eukaryota","Arthropoda","Malacostraca","Decapoda","Palaemonidae","Palaemon","Palaemon ritteri"
"BerryCrust_0002238",NA,NA,NA,NA,NA,NA,NA
"BerryCrust_0002239","Eukaryota","Arthropoda","Malacostraca","Decapoda","Palaemonidae","Palaemon","Palaemon ritteri"
"BerryCrust_0002240",NA,NA,NA,NA,NA,NA,NA
"BerryCrust_0002241",NA,NA,NA,NA,NA,NA,NA
"BerryCrust_0002242",NA,NA,NA,NA,NA,NA,NA
"BerryCrust_0002243",NA,NA,NA,NA,NA,NA,NA
"BerryCrust_0002244",NA,NA,NA,NA,NA,NA,NA
"BerryCrust_0002245",NA,NA,NA,NA,NA,NA,NA
"BerryCrust_0002246",NA,NA,NA,NA,NA,NA,NA
"BerryCrust_0002247",NA,NA,NA,NA,NA,NA,NA
"BerryCrust_0002248",NA,NA,NA,NA,NA,NA,NA
"BerryCrust_0002249",NA,NA,NA,NA,NA,NA,NA
"BerryCrust_0002250",NA,NA,NA,NA,NA,NA,NA
"BerryCrust_0002251",NA,NA,NA,NA,NA,NA,NA
"BerryCrust_0002252",NA,NA,NA,NA,NA,NA,NA
"BerryCrust_0002253",NA,NA,NA,NA,NA,NA,NA
"BerryCrust_0002254",NA,NA,NA,NA,NA,NA,NA
"BerryCrust_0002255",NA,NA,NA,NA,NA,NA,NA
"BerryCrust_0002256",NA,NA,NA,NA,NA,NA,NA
"BerryCrust_0002257",NA,NA,NA,NA,NA,NA,NA
"BerryCrust_0002258",NA,NA,NA,NA,NA,NA,NA
"BerryCrust_0002259",NA,NA,NA,NA,NA,NA,NA
"BerryCrust_0002260",NA,NA,NA,NA,NA,NA,NA
"BerryCrust_0002261",NA,NA,NA,NA,NA,NA,NA
"BerryCrust_0002262","Eukaryota","Arthropoda","Malacostraca","Decapoda","Palaemonidae","Palaemon","Palaemon ritteri"
"BerryCrust_0002263","Eukaryota",NA,NA,NA,NA,NA,NA
"BerryCrust_0002264",NA,NA,NA,NA,NA,NA,NA
"BerryCrust_0002265",NA,NA,NA,NA,NA,NA,NA
"BerryCrust_0002266",NA,NA,NA,NA,NA,NA,NA
"BerryCrust_0002267",NA,NA,NA,NA,NA,NA,NA
"BerryCrust_0002268",NA,NA,NA,NA,NA,NA,NA
"BerryCrust_0002269",NA,NA,NA,NA,NA,NA,NA
"BerryCrust_0002270",NA,NA,NA,NA,NA,NA,NA
"BerryCrust_0002271",NA,NA,NA,NA,NA,NA,NA
"BerryCrust_0002272",NA,NA,NA,NA,NA,NA,NA
"BerryCrust_0002273",NA,NA,NA,NA,NA,NA,NA
"BerryCrust_0002274",NA,NA,NA,NA,NA,NA,NA
"BerryCrust_0002275",NA,NA,NA,NA,NA,NA,NA
"BerryCrust_0002276",NA,NA,NA,NA,NA,NA,NA
"BerryCrust_0002277",NA,NA,NA,NA,NA,NA,NA
"BerryCrust_0002278",NA,NA,NA,NA,NA,NA,NA
"BerryCrust_0002279",NA,NA,NA,NA,NA,NA,NA
"BerryCrust_0002280",NA,NA,NA,NA,NA,NA,NA
"BerryCrust_0002281",NA,NA,NA,NA,NA,NA,NA
"BerryCrust_0002282",NA,NA,NA,NA,NA,NA,NA
"BerryCrust_0002283",NA,NA,NA,NA,NA,NA,NA
"BerryCrust_0002284",NA,NA,NA,NA,NA,NA,NA
"BerryCrust_0002285",NA,NA,NA,NA,NA,NA,NA
"BerryCrust_0002286",NA,NA,NA,NA,NA,NA,NA
"BerryCrust_0002287",NA,NA,NA,NA,NA,NA,NA
"BerryCrust_0002288",NA,NA,NA,NA,NA,NA,NA
"BerryCrust_0002289",NA,NA,NA,NA,NA,NA,NA
"BerryCrust_0002290",NA,NA,NA,NA,NA,NA,NA
"BerryCrust_0002291",NA,NA,NA,NA,NA,NA,NA
"BerryCrust_0002292",NA,NA,NA,NA,NA,NA,NA
"BerryCrust_0002293",NA,NA,NA,NA,NA,NA,NA
"BerryCrust_0002294",NA,NA,NA,NA,NA,NA,NA
"BerryCrust_0002295",NA,NA,NA,NA,NA,NA,NA
"BerryCrust_0002296",NA,NA,NA,NA,NA,NA,NA
"BerryCrust_0002297",NA,NA,NA,NA,NA,NA,NA
"BerryCrust_0002298",NA,NA,NA,NA,NA,NA,NA
"BerryCrust_0002299",NA,NA,NA,NA,NA,NA,NA
"BerryCrust_0002300",NA,NA,NA,NA,NA,NA,NA
"BerryCrust_0002301",NA,NA,NA,NA,NA,NA,NA
"BerryCrust_0002302",NA,NA,NA,NA,NA,NA,NA
"BerryCrust_0002303",NA,NA,NA,NA,NA,NA,NA
"BerryCrust_0002304",NA,NA,NA,NA,NA,NA,NA
"BerryCrust_0002305",NA,NA,NA,NA,NA,NA,NA
"BerryCrust_0002306",NA,NA,NA,NA,NA,NA,NA
"BerryCrust_0002307",NA,NA,NA,NA,NA,NA,NA
"BerryCrust_0002308",NA,NA,NA,NA,NA,NA,NA
"BerryCrust_0002309",NA,NA,NA,NA,NA,NA,NA
"BerryCrust_0002310",NA,NA,NA,NA,NA,NA,NA
"BerryCrust_0002311",NA,NA,NA,NA,NA,NA,NA
"BerryCrust_0002312",NA,NA,NA,NA,NA,NA,NA
"BerryCrust_0002313",NA,NA,NA,NA,NA,NA,NA
"BerryCrust_0002314",NA,NA,NA,NA,NA,NA,NA
"BerryCrust_0002315","Eukaryota","Arthropoda","Malacostraca","Decapoda","Grapsidae","Pachygrapsus","Pachygrapsus socius"
"BerryCrust_0002316",NA,NA,NA,NA,NA,NA,NA
"BerryCrust_0002317","Eukaryota",NA,NA,NA,NA,NA,NA
"BerryCrust_0002318",NA,NA,NA,NA,NA,NA,NA
"BerryCrust_0002319",NA,NA,NA,NA,NA,NA,NA
"BerryCrust_0002320",NA,NA,NA,NA,NA,NA,NA
"BerryCrust_0002321",NA,NA,NA,NA,NA,NA,NA
"BerryCrust_0002322",NA,NA,NA,NA,NA,NA,NA
"BerryCrust_0002323",NA,NA,NA,NA,NA,NA,NA
"BerryCrust_0002324",NA,NA,NA,NA,NA,NA,NA
"BerryCrust_0002325",NA,NA,NA,NA,NA,NA,NA
"BerryCrust_0002326",NA,NA,NA,NA,NA,NA,NA
"BerryCrust_0002327",NA,NA,NA,NA,NA,NA,NA
"BerryCrust_0002328",NA,NA,NA,NA,NA,NA,NA
"BerryCrust_0002329",NA,NA,NA,NA,NA,NA,NA
"BerryCrust_0002330",NA,NA,NA,NA,NA,NA,NA
"BerryCrust_0002331",NA,NA,NA,NA,NA,NA,NA
"BerryCrust_0002332",NA,NA,NA,NA,NA,NA,NA
"BerryCrust_0002333",NA,NA,NA,NA,NA,NA,NA
"BerryCrust_0002334",NA,NA,NA,NA,NA,NA,NA
"BerryCrust_0002335",NA,NA,NA,NA,NA,NA,NA
"BerryCrust_0002336",NA,NA,NA,NA,NA,NA,NA
"BerryCrust_0002337",NA,NA,NA,NA,NA,NA,NA
"BerryCrust_0002338",NA,NA,NA,NA,NA,NA,NA
"BerryCrust_0002339",NA,NA,NA,NA,NA,NA,NA
"BerryCrust_0002340",NA,NA,NA,NA,NA,NA,NA
"BerryCrust_0002341",NA,NA,NA,NA,NA,NA,NA
"BerryCrust_0002342",NA,NA,NA,NA,NA,NA,NA
"BerryCrust_0002343",NA,NA,NA,NA,NA,NA,NA
"BerryCrust_0002344",NA,NA,NA,NA,NA,NA,NA
"BerryCrust_0002345",NA,NA,NA,NA,NA,NA,NA
"BerryCrust_0002346",NA,NA,NA,NA,NA,NA,NA
"BerryCrust_0002347",NA,NA,NA,NA,NA,NA,NA
"BerryCrust_0002348",NA,NA,NA,NA,NA,NA,NA
"BerryCrust_0002349",NA,NA,NA,NA,NA,NA,NA
"BerryCrust_0002350",NA,NA,NA,NA,NA,NA,NA
"BerryCrust_0002351",NA,NA,NA,NA,NA,NA,NA
"BerryCrust_0002352",NA,NA,NA,NA,NA,NA,NA
"BerryCrust_0002353",NA,NA,NA,NA,NA,NA,NA
"BerryCrust_0002354",NA,NA,NA,NA,NA,NA,NA
"BerryCrust_0002355",NA,NA,NA,NA,NA,NA,NA
"BerryCrust_0002356",NA,NA,NA,NA,NA,NA,NA
"BerryCrust_0002357",NA,NA,NA,NA,NA,NA,NA
"BerryCrust_0002358",NA,NA,NA,NA,NA,NA,NA
"BerryCrust_0002359","Eukaryota","Arthropoda","Malacostraca","Decapoda","Mithracidae","Teleophrys","Teleophrys cristulipes"
"BerryCrust_0002360",NA,NA,NA,NA,NA,NA,NA
"BerryCrust_0002361",NA,NA,NA,NA,NA,NA,NA
"BerryCrust_0002362",NA,NA,NA,NA,NA,NA,NA
"BerryCrust_0002363",NA,NA,NA,NA,NA,NA,NA
"BerryCrust_0002364",NA,NA,NA,NA,NA,NA,NA
"BerryCrust_0002365",NA,NA,NA,NA,NA,NA,NA
"BerryCrust_0002366",NA,NA,NA,NA,NA,NA,NA
"BerryCrust_0002367",NA,NA,NA,NA,NA,NA,NA
"BerryCrust_0002368",NA,NA,NA,NA,NA,NA,NA
"BerryCrust_0002369",NA,NA,NA,NA,NA,NA,NA
"BerryCrust_0002370",NA,NA,NA,NA,NA,NA,NA
"BerryCrust_0002371",NA,NA,NA,NA,NA,NA,NA
"BerryCrust_0002372",NA,NA,NA,NA,NA,NA,NA
"BerryCrust_0002373",NA,NA,NA,NA,NA,NA,NA
"BerryCrust_0002374",NA,NA,NA,NA,NA,NA,NA
"BerryCrust_0002375","Eukaryota","Arthropoda","Malacostraca","Euphausiacea","Euphausiidae","Nyctiphanes","Nyctiphanes simplex"
"BerryCrust_0002376",NA,NA,NA,NA,NA,NA,NA
"BerryCrust_0002377",NA,NA,NA,NA,NA,NA,NA
"BerryCrust_0002378",NA,NA,NA,NA,NA,NA,NA
"BerryCrust_0002379",NA,NA,NA,NA,NA,NA,NA
"BerryCrust_0002380",NA,NA,NA,NA,NA,NA,NA
"BerryCrust_0002381",NA,NA,NA,NA,NA,NA,NA
"BerryCrust_0002382",NA,NA,NA,NA,NA,NA,NA
"BerryCrust_0002383",NA,NA,NA,NA,NA,NA,NA
"BerryCrust_0002384",NA,NA,NA,NA,NA,NA,NA
"BerryCrust_0002385",NA,NA,NA,NA,NA,NA,NA
"BerryCrust_0002386",NA,NA,NA,NA,NA,NA,NA
"BerryCrust_0002387",NA,NA,NA,NA,NA,NA,NA
"BerryCrust_0002388","Eukaryota","Arthropoda","Malacostraca","Decapoda","Mithracidae","Teleophrys","Teleophrys cristulipes"
"BerryCrust_0002389",NA,NA,NA,NA,NA,NA,NA
"BerryCrust_0002390",NA,NA,NA,NA,NA,NA,NA
"BerryCrust_0002391",NA,NA,NA,NA,NA,NA,NA
"BerryCrust_0002392",NA,NA,NA,NA,NA,NA,NA
"BerryCrust_0002393",NA,NA,NA,NA,NA,NA,NA
"BerryCrust_0002394",NA,NA,NA,NA,NA,NA,NA
"BerryCrust_0002395",NA,NA,NA,NA,NA,NA,NA
"BerryCrust_0002396",NA,NA,NA,NA,NA,NA,NA
"BerryCrust_0002397",NA,NA,NA,NA,NA,NA,NA
"BerryCrust_0002398",NA,NA,NA,NA,NA,NA,NA
"BerryCrust_0002399",NA,NA,NA,NA,NA,NA,NA
"BerryCrust_0002400",NA,NA,NA,NA,NA,NA,NA
"BerryCrust_0002401",NA,NA,NA,NA,NA,NA,NA
"BerryCrust_0002402",NA,NA,NA,NA,NA,NA,NA
"BerryCrust_0002403",NA,NA,NA,NA,NA,NA,NA
"BerryCrust_0002404",NA,NA,NA,NA,NA,NA,NA
"BerryCrust_0002405",NA,NA,NA,NA,NA,NA,NA
"BerryCrust_0002406",NA,NA,NA,NA,NA,NA,NA
"BerryCrust_0002407",NA,NA,NA,NA,NA,NA,NA
"BerryCrust_0002408",NA,NA,NA,NA,NA,NA,NA
"BerryCrust_0002409",NA,NA,NA,NA,NA,NA,NA
"BerryCrust_0002410",NA,NA,NA,NA,NA,NA,NA
"BerryCrust_0002411",NA,NA,NA,NA,NA,NA,NA
"BerryCrust_0002412",NA,NA,NA,NA,NA,NA,NA
"BerryCrust_0002413",NA,NA,NA,NA,NA,NA,NA
"BerryCrust_0002414",NA,NA,NA,NA,NA,NA,NA
"BerryCrust_0002415",NA,NA,NA,NA,NA,NA,NA
"BerryCrust_0002416",NA,NA,NA,NA,NA,NA,NA
"BerryCrust_0002417",NA,NA,NA,NA,NA,NA,NA
"BerryCrust_0002418",NA,NA,NA,NA,NA,NA,NA
"BerryCrust_0002419",NA,NA,NA,NA,NA,NA,NA
"BerryCrust_0002420",NA,NA,NA,NA,NA,NA,NA
"BerryCrust_0002421",NA,NA,NA,NA,NA,NA,NA
"BerryCrust_0002422",NA,NA,NA,NA,NA,NA,NA
"BerryCrust_0002423",NA,NA,NA,NA,NA,NA,NA
"BerryCrust_0002424",NA,NA,NA,NA,NA,NA,NA
"BerryCrust_0002425",NA,NA,NA,NA,NA,NA,NA
"BerryCrust_0002426",NA,NA,NA,NA,NA,NA,NA
"BerryCrust_0002427",NA,NA,NA,NA,NA,NA,NA
"BerryCrust_0002428",NA,NA,NA,NA,NA,NA,NA
"BerryCrust_0002429",NA,NA,NA,NA,NA,NA,NA
"BerryCrust_0002430",NA,NA,NA,NA,NA,NA,NA
"BerryCrust_0002431",NA,NA,NA,NA,NA,NA,NA
"BerryCrust_0002432",NA,NA,NA,NA,NA,NA,NA
"BerryCrust_0002433",NA,NA,NA,NA,NA,NA,NA
"BerryCrust_0002434",NA,NA,NA,NA,NA,NA,NA
"BerryCrust_0002435",NA,NA,NA,NA,NA,NA,NA
"BerryCrust_0002436",NA,NA,NA,NA,NA,NA,NA
"BerryCrust_0002437",NA,NA,NA,NA,NA,NA,NA
"BerryCrust_0002438",NA,NA,NA,NA,NA,NA,NA
"BerryCrust_0002439",NA,NA,NA,NA,NA,NA,NA
"BerryCrust_0002440",NA,NA,NA,NA,NA,NA,NA
"BerryCrust_0002441",NA,NA,NA,NA,NA,NA,NA
"BerryCrust_0002442",NA,NA,NA,NA,NA,NA,NA
"BerryCrust_0002443","Eukaryota","Arthropoda","Malacostraca","Decapoda","Porcellanidae","Petrolisthes","Petrolisthes edwardsii"
"BerryCrust_0002444",NA,NA,NA,NA,NA,NA,NA
"BerryCrust_0002445",NA,NA,NA,NA,NA,NA,NA
"BerryCrust_0002446",NA,NA,NA,NA,NA,NA,NA
"BerryCrust_0002447",NA,NA,NA,NA,NA,NA,NA
"BerryCrust_0002448",NA,NA,NA,NA,NA,NA,NA
"BerryCrust_0002449",NA,NA,NA,NA,NA,NA,NA
"BerryCrust_0002450",NA,NA,NA,NA,NA,NA,NA
"BerryCrust_0002451",NA,NA,NA,NA,NA,NA,NA
"BerryCrust_0002452",NA,NA,NA,NA,NA,NA,NA
"BerryCrust_0002453",NA,NA,NA,NA,NA,NA,NA
"BerryCrust_0002454",NA,NA,NA,NA,NA,NA,NA
"BerryCrust_0002455",NA,NA,NA,NA,NA,NA,NA
"BerryCrust_0002456",NA,NA,NA,NA,NA,NA,NA
"BerryCrust_0002457",NA,NA,NA,NA,NA,NA,NA
"BerryCrust_0002458",NA,NA,NA,NA,NA,NA,NA
"BerryCrust_0002459",NA,NA,NA,NA,NA,NA,NA
"BerryCrust_0002460",NA,NA,NA,NA,NA,NA,NA
"BerryCrust_0002461",NA,NA,NA,NA,NA,NA,NA
"BerryCrust_0002462",NA,NA,NA,NA,NA,NA,NA
"BerryCrust_0002463",NA,NA,NA,NA,NA,NA,NA
"BerryCrust_0002464",NA,NA,NA,NA,NA,NA,NA
"BerryCrust_0002465",NA,NA,NA,NA,NA,NA,NA
"BerryCrust_0002466",NA,NA,NA,NA,NA,NA,NA
"BerryCrust_0002467",NA,NA,NA,NA,NA,NA,NA
"BerryCrust_0002468",NA,NA,NA,NA,NA,NA,NA
"BerryCrust_0002469",NA,NA,NA,NA,NA,NA,NA
"BerryCrust_0002470",NA,NA,NA,NA,NA,NA,NA
"BerryCrust_0002471",NA,NA,NA,NA,NA,NA,NA
"BerryCrust_0002472",NA,NA,NA,NA,NA,NA,NA
"BerryCrust_0002473",NA,NA,NA,NA,NA,NA,NA
"BerryCrust_0002474",NA,NA,NA,NA,NA,NA,NA
"BerryCrust_0002475",NA,NA,NA,NA,NA,NA,NA
"BerryCrust_0002476",NA,NA,NA,NA,NA,NA,NA
"BerryCrust_0002477",NA,NA,NA,NA,NA,NA,NA
"BerryCrust_0002478",NA,NA,NA,NA,NA,NA,NA
"BerryCrust_0002479",NA,NA,NA,NA,NA,NA,NA
"BerryCrust_0002480",NA,NA,NA,NA,NA,NA,NA
"BerryCrust_0002481",NA,NA,NA,NA,NA,NA,NA
"BerryCrust_0002482",NA,NA,NA,NA,NA,NA,NA
"BerryCrust_0002483",NA,NA,NA,NA,NA,NA,NA
"BerryCrust_0002484",NA,NA,NA,NA,NA,NA,NA
"BerryCrust_0002485",NA,NA,NA,NA,NA,NA,NA
"BerryCrust_0002486",NA,NA,NA,NA,NA,NA,NA
"BerryCrust_0002487",NA,NA,NA,NA,NA,NA,NA
"BerryCrust_0002488",NA,NA,NA,NA,NA,NA,NA
"BerryCrust_0002489",NA,NA,NA,NA,NA,NA,NA
"BerryCrust_0002490",NA,NA,NA,NA,NA,NA,NA
"BerryCrust_0002491",NA,NA,NA,NA,NA,NA,NA
"BerryCrust_0002492",NA,NA,NA,NA,NA,NA,NA
"BerryCrust_0002493",NA,NA,NA,NA,NA,NA,NA
"BerryCrust_0002494",NA,NA,NA,NA,NA,NA,NA
"BerryCrust_0002495",NA,NA,NA,NA,NA,NA,NA
"BerryCrust_0002496",NA,NA,NA,NA,NA,NA,NA
"BerryCrust_0002497",NA,NA,NA,NA,NA,NA,NA
"BerryCrust_0002498",NA,NA,NA,NA,NA,NA,NA
"BerryCrust_0002499",NA,NA,NA,NA,NA,NA,NA
"BerryCrust_0002500",NA,NA,NA,NA,NA,NA,NA
"BerryCrust_0002501",NA,NA,NA,NA,NA,NA,NA
"BerryCrust_0002502",NA,NA,NA,NA,NA,NA,NA
"BerryCrust_0002503",NA,NA,NA,NA,NA,NA,NA
"BerryCrust_0002504",NA,NA,NA,NA,NA,NA,NA
"BerryCrust_0002505",NA,NA,NA,NA,NA,NA,NA
"BerryCrust_0002506",NA,NA,NA,NA,NA,NA,NA
"BerryCrust_0002507",NA,NA,NA,NA,NA,NA,NA
"BerryCrust_0002508",NA,NA,NA,NA,NA,NA,NA
"BerryCrust_0002509",NA,NA,NA,NA,NA,NA,NA
"BerryCrust_0002510",NA,NA,NA,NA,NA,NA,NA
"BerryCrust_0002511",NA,NA,NA,NA,NA,NA,NA
"BerryCrust_0002512",NA,NA,NA,NA,NA,NA,NA
"BerryCrust_0002513",NA,NA,NA,NA,NA,NA,NA
"BerryCrust_0002514",NA,NA,NA,NA,NA,NA,NA
"BerryCrust_0002515",NA,NA,NA,NA,NA,NA,NA
"BerryCrust_0002516",NA,NA,NA,NA,NA,NA,NA
"BerryCrust_0002517",NA,NA,NA,NA,NA,NA,NA
"BerryCrust_0002518",NA,NA,NA,NA,NA,NA,NA
"BerryCrust_0002519",NA,NA,NA,NA,NA,NA,NA
"BerryCrust_0002520",NA,NA,NA,NA,NA,NA,NA
"BerryCrust_0002521",NA,NA,NA,NA,NA,NA,NA
"BerryCrust_0002522",NA,NA,NA,NA,NA,NA,NA
"BerryCrust_0002523",NA,NA,NA,NA,NA,NA,NA
"BerryCrust_0002524",NA,NA,NA,NA,NA,NA,NA
"BerryCrust_0002525",NA,NA,NA,NA,NA,NA,NA
"BerryCrust_0002526",NA,NA,NA,NA,NA,NA,NA
"BerryCrust_0002527","Eukaryota","Arthropoda",NA,NA,NA,NA,NA
"BerryCrust_0002528",NA,NA,NA,NA,NA,NA,NA
"BerryCrust_0002529",NA,NA,NA,NA,NA,NA,NA
"BerryCrust_0002530",NA,NA,NA,NA,NA,NA,NA
"BerryCrust_0002531",NA,NA,NA,NA,NA,NA,NA
"BerryCrust_0002532",NA,NA,NA,NA,NA,NA,NA
"BerryCrust_0002533",NA,NA,NA,NA,NA,NA,NA
"BerryCrust_0002534",NA,NA,NA,NA,NA,NA,NA
"BerryCrust_0002535",NA,NA,NA,NA,NA,NA,NA
"BerryCrust_0002536",NA,NA,NA,NA,NA,NA,NA
"BerryCrust_0002537",NA,NA,NA,NA,NA,NA,NA
"BerryCrust_0002538",NA,NA,NA,NA,NA,NA,NA
"BerryCrust_0002539",NA,NA,NA,NA,NA,NA,NA
"BerryCrust_0002540",NA,NA,NA,NA,NA,NA,NA
"BerryCrust_0002541",NA,NA,NA,NA,NA,NA,NA
"BerryCrust_0002542",NA,NA,NA,NA,NA,NA,NA
"BerryCrust_0002543",NA,NA,NA,NA,NA,NA,NA
"BerryCrust_0002544","Eukaryota","Arthropoda","Malacostraca","Decapoda","Sergestidae",NA,NA
"BerryCrust_0002545",NA,NA,NA,NA,NA,NA,NA
"BerryCrust_0002546",NA,NA,NA,NA,NA,NA,NA
"BerryCrust_0002547",NA,NA,NA,NA,NA,NA,NA
"BerryCrust_0002548",NA,NA,NA,NA,NA,NA,NA
"BerryCrust_0002549",NA,NA,NA,NA,NA,NA,NA
"BerryCrust_0002550",NA,NA,NA,NA,NA,NA,NA
"BerryCrust_0002551",NA,NA,NA,NA,NA,NA,NA
"BerryCrust_0002552",NA,NA,NA,NA,NA,NA,NA
"BerryCrust_0002553",NA,NA,NA,NA,NA,NA,NA
"BerryCrust_0002554",NA,NA,NA,NA,NA,NA,NA
"BerryCrust_0002555",NA,NA,NA,NA,NA,NA,NA
"BerryCrust_0002556",NA,NA,NA,NA,NA,NA,NA
"BerryCrust_0002557",NA,NA,NA,NA,NA,NA,NA
"BerryCrust_0002558",NA,NA,NA,NA,NA,NA,NA
"BerryCrust_0002559","Eukaryota",NA,NA,NA,NA,NA,NA
"BerryCrust_0002560",NA,NA,NA,NA,NA,NA,NA
"BerryCrust_0002561",NA,NA,NA,NA,NA,NA,NA
"BerryCrust_0002562",NA,NA,NA,NA,NA,NA,NA
"BerryCrust_0002563",NA,NA,NA,NA,NA,NA,NA
"BerryCrust_0002564",NA,NA,NA,NA,NA,NA,NA
"BerryCrust_0002565",NA,NA,NA,NA,NA,NA,NA
"BerryCrust_0002566","Eukaryota","Arthropoda","Malacostraca","Decapoda","Alpheidae","Synalpheus",NA
"BerryCrust_0002567",NA,NA,NA,NA,NA,NA,NA
"BerryCrust_0002568",NA,NA,NA,NA,NA,NA,NA
"BerryCrust_0002569",NA,NA,NA,NA,NA,NA,NA
"BerryCrust_0002570",NA,NA,NA,NA,NA,NA,NA
"BerryCrust_0002571",NA,NA,NA,NA,NA,NA,NA
"BerryCrust_0002572",NA,NA,NA,NA,NA,NA,NA
"BerryCrust_0002573",NA,NA,NA,NA,NA,NA,NA
"BerryCrust_0002574",NA,NA,NA,NA,NA,NA,NA
"BerryCrust_0002575",NA,NA,NA,NA,NA,NA,NA
"BerryCrust_0002576",NA,NA,NA,NA,NA,NA,NA
"BerryCrust_0002577",NA,NA,NA,NA,NA,NA,NA
"BerryCrust_0002578",NA,NA,NA,NA,NA,NA,NA
"BerryCrust_0002579",NA,NA,NA,NA,NA,NA,NA
"BerryCrust_0002580",NA,NA,NA,NA,NA,NA,NA
"BerryCrust_0002581",NA,NA,NA,NA,NA,NA,NA
"BerryCrust_0002582",NA,NA,NA,NA,NA,NA,NA
"BerryCrust_0002583",NA,NA,NA,NA,NA,NA,NA
"BerryCrust_0002584",NA,NA,NA,NA,NA,NA,NA
"BerryCrust_0002585",NA,NA,NA,NA,NA,NA,NA
"BerryCrust_0002586",NA,NA,NA,NA,NA,NA,NA
"BerryCrust_0002587",NA,NA,NA,NA,NA,NA,NA
"BerryCrust_0002588",NA,NA,NA,NA,NA,NA,NA
"BerryCrust_0002589",NA,NA,NA,NA,NA,NA,NA
"BerryCrust_0002590",NA,NA,NA,NA,NA,NA,NA
"BerryCrust_0002591",NA,NA,NA,NA,NA,NA,NA
"BerryCrust_0002592",NA,NA,NA,NA,NA,NA,NA
"BerryCrust_0002593",NA,NA,NA,NA,NA,NA,NA
"BerryCrust_0002594",NA,NA,NA,NA,NA,NA,NA
"BerryCrust_0002595",NA,NA,NA,NA,NA,NA,NA
"BerryCrust_0002596",NA,NA,NA,NA,NA,NA,NA
"BerryCrust_0002597",NA,NA,NA,NA,NA,NA,NA
"BerryCrust_0002598",NA,NA,NA,NA,NA,NA,NA
"BerryCrust_0002599",NA,NA,NA,NA,NA,NA,NA
"BerryCrust_0002600",NA,NA,NA,NA,NA,NA,NA
"BerryCrust_0002601",NA,NA,NA,NA,NA,NA,NA
"BerryCrust_0002602",NA,NA,NA,NA,NA,NA,NA
"BerryCrust_0002603",NA,NA,NA,NA,NA,NA,NA
"BerryCrust_0002604",NA,NA,NA,NA,NA,NA,NA
"BerryCrust_0002605",NA,NA,NA,NA,NA,NA,NA
"BerryCrust_0002606",NA,NA,NA,NA,NA,NA,NA
"BerryCrust_0002607",NA,NA,NA,NA,NA,NA,NA
"BerryCrust_0002608",NA,NA,NA,NA,NA,NA,NA
"BerryCrust_0002609",NA,NA,NA,NA,NA,NA,NA
"BerryCrust_0002610",NA,NA,NA,NA,NA,NA,NA
"BerryCrust_0002611",NA,NA,NA,NA,NA,NA,NA
"BerryCrust_0002612",NA,NA,NA,NA,NA,NA,NA
"BerryCrust_0002613",NA,NA,NA,NA,NA,NA,NA
"BerryCrust_0002614",NA,NA,NA,NA,NA,NA,NA
"BerryCrust_0002615",NA,NA,NA,NA,NA,NA,NA
"BerryCrust_0002616",NA,NA,NA,NA,NA,NA,NA
"BerryCrust_0002617",NA,NA,NA,NA,NA,NA,NA
"BerryCrust_0002618",NA,NA,NA,NA,NA,NA,NA
"BerryCrust_0002619",NA,NA,NA,NA,NA,NA,NA
"BerryCrust_0002620",NA,NA,NA,NA,NA,NA,NA
"BerryCrust_0002621",NA,NA,NA,NA,NA,NA,NA
"BerryCrust_0002622",NA,NA,NA,NA,NA,NA,NA
"BerryCrust_0002623",NA,NA,NA,NA,NA,NA,NA
"BerryCrust_0002624",NA,NA,NA,NA,NA,NA,NA
"BerryCrust_0002625",NA,NA,NA,NA,NA,NA,NA
"BerryCrust_0002626",NA,NA,NA,NA,NA,NA,NA
"BerryCrust_0002627",NA,NA,NA,NA,NA,NA,NA
"BerryCrust_0002628",NA,NA,NA,NA,NA,NA,NA
"BerryCrust_0002629",NA,NA,NA,NA,NA,NA,NA
"BerryCrust_0002630",NA,NA,NA,NA,NA,NA,NA
"BerryCrust_0002631",NA,NA,NA,NA,NA,NA,NA
"BerryCrust_0002632",NA,NA,NA,NA,NA,NA,NA
"BerryCrust_0002633",NA,NA,NA,NA,NA,NA,NA
"BerryCrust_0002634",NA,NA,NA,NA,NA,NA,NA
"BerryCrust_0002635",NA,NA,NA,NA,NA,NA,NA
"BerryCrust_0002636",NA,NA,NA,NA,NA,NA,NA
"BerryCrust_0002637",NA,NA,NA,NA,NA,NA,NA
"BerryCrust_0002638",NA,NA,NA,NA,NA,NA,NA
"BerryCrust_0002639",NA,NA,NA,NA,NA,NA,NA
"BerryCrust_0002640",NA,NA,NA,NA,NA,NA,NA
"BerryCrust_0002641",NA,NA,NA,NA,NA,NA,NA
"BerryCrust_0002642","Eukaryota","Arthropoda","Malacostraca","Decapoda","Eriphiidae","Eriphides","Eriphides hispida"
"BerryCrust_0002643",NA,NA,NA,NA,NA,NA,NA
"BerryCrust_0002644",NA,NA,NA,NA,NA,NA,NA
"BerryCrust_0002645",NA,NA,NA,NA,NA,NA,NA
"BerryCrust_0002646",NA,NA,NA,NA,NA,NA,NA
"BerryCrust_0002647",NA,NA,NA,NA,NA,NA,NA
"BerryCrust_0002648",NA,NA,NA,NA,NA,NA,NA
"BerryCrust_0002649",NA,NA,NA,NA,NA,NA,NA
"BerryCrust_0002650",NA,NA,NA,NA,NA,NA,NA
"BerryCrust_0002651",NA,NA,NA,NA,NA,NA,NA
"BerryCrust_0002652",NA,NA,NA,NA,NA,NA,NA
"BerryCrust_0002653",NA,NA,NA,NA,NA,NA,NA
"BerryCrust_0002654",NA,NA,NA,NA,NA,NA,NA
"BerryCrust_0002655",NA,NA,NA,NA,NA,NA,NA
"BerryCrust_0002656",NA,NA,NA,NA,NA,NA,NA
"BerryCrust_0002657",NA,NA,NA,NA,NA,NA,NA
"BerryCrust_0002658",NA,NA,NA,NA,NA,NA,NA
"BerryCrust_0002659",NA,NA,NA,NA,NA,NA,NA
"BerryCrust_0002660",NA,NA,NA,NA,NA,NA,NA
"BerryCrust_0002661",NA,NA,NA,NA,NA,NA,NA
"BerryCrust_0002662",NA,NA,NA,NA,NA,NA,NA
"BerryCrust_0002663",NA,NA,NA,NA,NA,NA,NA
"BerryCrust_0002664",NA,NA,NA,NA,NA,NA,NA
"BerryCrust_0002665",NA,NA,NA,NA,NA,NA,NA
"BerryCrust_0002666",NA,NA,NA,NA,NA,NA,NA
"BerryCrust_0002667",NA,NA,NA,NA,NA,NA,NA
"BerryCrust_0002668",NA,NA,NA,NA,NA,NA,NA
"BerryCrust_0002669",NA,NA,NA,NA,NA,NA,NA
"BerryCrust_0002670",NA,NA,NA,NA,NA,NA,NA
"BerryCrust_0002671",NA,NA,NA,NA,NA,NA,NA
"BerryCrust_0002672",NA,NA,NA,NA,NA,NA,NA
"BerryCrust_0002673",NA,NA,NA,NA,NA,NA,NA
"BerryCrust_0002674",NA,NA,NA,NA,NA,NA,NA
"BerryCrust_0002675",NA,NA,NA,NA,NA,NA,NA
"BerryCrust_0002676",NA,NA,NA,NA,NA,NA,NA
"BerryCrust_0002677",NA,NA,NA,NA,NA,NA,NA
"BerryCrust_0002678",NA,NA,NA,NA,NA,NA,NA
"BerryCrust_0002679",NA,NA,NA,NA,NA,NA,NA
"BerryCrust_0002680",NA,NA,NA,NA,NA,NA,NA
"BerryCrust_0002681",NA,NA,NA,NA,NA,NA,NA
"BerryCrust_0002682",NA,NA,NA,NA,NA,NA,NA
"BerryCrust_0002683",NA,NA,NA,NA,NA,NA,NA
"BerryCrust_0002684",NA,NA,NA,NA,NA,NA,NA
"BerryCrust_0002685",NA,NA,NA,NA,NA,NA,NA
"BerryCrust_0002686",NA,NA,NA,NA,NA,NA,NA
"BerryCrust_0002687",NA,NA,NA,NA,NA,NA,NA
"BerryCrust_0002688",NA,NA,NA,NA,NA,NA,NA
"BerryCrust_0002689",NA,NA,NA,NA,NA,NA,NA
"BerryCrust_0002690",NA,NA,NA,NA,NA,NA,NA
"BerryCrust_0002691",NA,NA,NA,NA,NA,NA,NA
"BerryCrust_0002692",NA,NA,NA,NA,NA,NA,NA
"BerryCrust_0002693",NA,NA,NA,NA,NA,NA,NA
"BerryCrust_0002694",NA,NA,NA,NA,NA,NA,NA
"BerryCrust_0002695",NA,NA,NA,NA,NA,NA,NA
"BerryCrust_0002696",NA,NA,NA,NA,NA,NA,NA
"BerryCrust_0002697",NA,NA,NA,NA,NA,NA,NA
"BerryCrust_0002698",NA,NA,NA,NA,NA,NA,NA
"BerryCrust_0002699",NA,NA,NA,NA,NA,NA,NA
"BerryCrust_0002700",NA,NA,NA,NA,NA,NA,NA
"BerryCrust_0002701",NA,NA,NA,NA,NA,NA,NA
"BerryCrust_0002702",NA,NA,NA,NA,NA,NA,NA
"BerryCrust_0002703",NA,NA,NA,NA,NA,NA,NA
"BerryCrust_0002704",NA,NA,NA,NA,NA,NA,NA
"BerryCrust_0002705",NA,NA,NA,NA,NA,NA,NA
"BerryCrust_0002706",NA,NA,NA,NA,NA,NA,NA
"BerryCrust_0002707",NA,NA,NA,NA,NA,NA,NA
"BerryCrust_0002708",NA,NA,NA,NA,NA,NA,NA
"BerryCrust_0002709",NA,NA,NA,NA,NA,NA,NA
"BerryCrust_0002710",NA,NA,NA,NA,NA,NA,NA
"BerryCrust_0002711",NA,NA,NA,NA,NA,NA,NA
"BerryCrust_0002712",NA,NA,NA,NA,NA,NA,NA
"BerryCrust_0002713",NA,NA,NA,NA,NA,NA,NA
"BerryCrust_0002714",NA,NA,NA,NA,NA,NA,NA
"BerryCrust_0002715",NA,NA,NA,NA,NA,NA,NA
"BerryCrust_0002716",NA,NA,NA,NA,NA,NA,NA
"BerryCrust_0002717","Eukaryota","Arthropoda","Malacostraca","Decapoda","Mithracidae","Teleophrys","Teleophrys cristulipes"
"BerryCrust_0002718","Eukaryota","Arthropoda","Malacostraca","Euphausiacea","Euphausiidae","Nyctiphanes","Nyctiphanes simplex"
"BerryCrust_0002719",NA,NA,NA,NA,NA,NA,NA
"BerryCrust_0002720","Eukaryota","Arthropoda","Malacostraca","Decapoda","Mithracidae","Teleophrys","Teleophrys cristulipes"
"BerryCrust_0002721",NA,NA,NA,NA,NA,NA,NA
"BerryCrust_0002722",NA,NA,NA,NA,NA,NA,NA
"BerryCrust_0002723",NA,NA,NA,NA,NA,NA,NA
"BerryCrust_0002724",NA,NA,NA,NA,NA,NA,NA
"BerryCrust_0002725",NA,NA,NA,NA,NA,NA,NA
"BerryCrust_0002726",NA,NA,NA,NA,NA,NA,NA
"BerryCrust_0002727",NA,NA,NA,NA,NA,NA,NA
"BerryCrust_0002728",NA,NA,NA,NA,NA,NA,NA
"BerryCrust_0002729",NA,NA,NA,NA,NA,NA,NA
"BerryCrust_0002730",NA,NA,NA,NA,NA,NA,NA
"BerryCrust_0002731",NA,NA,NA,NA,NA,NA,NA
"BerryCrust_0002732",NA,NA,NA,NA,NA,NA,NA
"BerryCrust_0002733",NA,NA,NA,NA,NA,NA,NA
"BerryCrust_0002734",NA,NA,NA,NA,NA,NA,NA
"BerryCrust_0002735",NA,NA,NA,NA,NA,NA,NA
"BerryCrust_0002736",NA,NA,NA,NA,NA,NA,NA
"BerryCrust_0002737",NA,NA,NA,NA,NA,NA,NA
"BerryCrust_0002738",NA,NA,NA,NA,NA,NA,NA
"BerryCrust_0002739",NA,NA,NA,NA,NA,NA,NA
"BerryCrust_0002740",NA,NA,NA,NA,NA,NA,NA
"BerryCrust_0002741",NA,NA,NA,NA,NA,NA,NA
"BerryCrust_0002742",NA,NA,NA,NA,NA,NA,NA
"BerryCrust_0002743",NA,NA,NA,NA,NA,NA,NA
"BerryCrust_0002744",NA,NA,NA,NA,NA,NA,NA
"BerryCrust_0002745",NA,NA,NA,NA,NA,NA,NA
"BerryCrust_0002746",NA,NA,NA,NA,NA,NA,NA
"BerryCrust_0002747",NA,NA,NA,NA,NA,NA,NA
"BerryCrust_0002748",NA,NA,NA,NA,NA,NA,NA
"BerryCrust_0002749",NA,NA,NA,NA,NA,NA,NA
"BerryCrust_0002750",NA,NA,NA,NA,NA,NA,NA
"BerryCrust_0002751",NA,NA,NA,NA,NA,NA,NA
"BerryCrust_0002752",NA,NA,NA,NA,NA,NA,NA
"BerryCrust_0002753",NA,NA,NA,NA,NA,NA,NA
"BerryCrust_0002754",NA,NA,NA,NA,NA,NA,NA
"BerryCrust_0002755",NA,NA,NA,NA,NA,NA,NA
"BerryCrust_0002756",NA,NA,NA,NA,NA,NA,NA
"BerryCrust_0002757",NA,NA,NA,NA,NA,NA,NA
"BerryCrust_0002758",NA,NA,NA,NA,NA,NA,NA
"BerryCrust_0002759",NA,NA,NA,NA,NA,NA,NA
"BerryCrust_0002760",NA,NA,NA,NA,NA,NA,NA
"BerryCrust_0002761",NA,NA,NA,NA,NA,NA,NA
"BerryCrust_0002762",NA,NA,NA,NA,NA,NA,NA
"BerryCrust_0002763",NA,NA,NA,NA,NA,NA,NA
"BerryCrust_0002764",NA,NA,NA,NA,NA,NA,NA
"BerryCrust_0002765",NA,NA,NA,NA,NA,NA,NA
"BerryCrust_0002766",NA,NA,NA,NA,NA,NA,NA
"BerryCrust_0002767",NA,NA,NA,NA,NA,NA,NA
"BerryCrust_0002768",NA,NA,NA,NA,NA,NA,NA
"BerryCrust_0002769",NA,NA,NA,NA,NA,NA,NA
"BerryCrust_0002770",NA,NA,NA,NA,NA,NA,NA
"BerryCrust_0002771",NA,NA,NA,NA,NA,NA,NA
"BerryCrust_0002772",NA,NA,NA,NA,NA,NA,NA
"BerryCrust_0002773",NA,NA,NA,NA,NA,NA,NA
"BerryCrust_0002774",NA,NA,NA,NA,NA,NA,NA
"BerryCrust_0002775",NA,NA,NA,NA,NA,NA,NA
"BerryCrust_0002776",NA,NA,NA,NA,NA,NA,NA
"BerryCrust_0002777",NA,NA,NA,NA,NA,NA,NA
"BerryCrust_0002778",NA,NA,NA,NA,NA,NA,NA
"BerryCrust_0002779",NA,NA,NA,NA,NA,NA,NA
"BerryCrust_0002780",NA,NA,NA,NA,NA,NA,NA
"BerryCrust_0002781",NA,NA,NA,NA,NA,NA,NA
"BerryCrust_0002782",NA,NA,NA,NA,NA,NA,NA
"BerryCrust_0002783",NA,NA,NA,NA,NA,NA,NA
"BerryCrust_0002784",NA,NA,NA,NA,NA,NA,NA
"BerryCrust_0002785",NA,NA,NA,NA,NA,NA,NA
"BerryCrust_0002786",NA,NA,NA,NA,NA,NA,NA
"BerryCrust_0002787",NA,NA,NA,NA,NA,NA,NA
"BerryCrust_0002788",NA,NA,NA,NA,NA,NA,NA
"BerryCrust_0002789",NA,NA,NA,NA,NA,NA,NA
"BerryCrust_0002790",NA,NA,NA,NA,NA,NA,NA
"BerryCrust_0002791",NA,NA,NA,NA,NA,NA,NA
"BerryCrust_0002792",NA,NA,NA,NA,NA,NA,NA
"BerryCrust_0002793",NA,NA,NA,NA,NA,NA,NA
"BerryCrust_0002794",NA,NA,NA,NA,NA,NA,NA
"BerryCrust_0002795",NA,NA,NA,NA,NA,NA,NA
"BerryCrust_0002796",NA,NA,NA,NA,NA,NA,NA
"BerryCrust_0002797",NA,NA,NA,NA,NA,NA,NA
"BerryCrust_0002798",NA,NA,NA,NA,NA,NA,NA
"BerryCrust_0002799",NA,NA,NA,NA,NA,NA,NA
"BerryCrust_0002800",NA,NA,NA,NA,NA,NA,NA
"BerryCrust_0002801",NA,NA,NA,NA,NA,NA,NA
"BerryCrust_0002802",NA,NA,NA,NA,NA,NA,NA
"BerryCrust_0002803",NA,NA,NA,NA,NA,NA,NA
"BerryCrust_0002804",NA,NA,NA,NA,NA,NA,NA
"BerryCrust_0002805",NA,NA,NA,NA,NA,NA,NA
"BerryCrust_0002806",NA,NA,NA,NA,NA,NA,NA
"BerryCrust_0002807",NA,NA,NA,NA,NA,NA,NA
"BerryCrust_0002808",NA,NA,NA,NA,NA,NA,NA
"BerryCrust_0002809",NA,NA,NA,NA,NA,NA,NA
"BerryCrust_0002810",NA,NA,NA,NA,NA,NA,NA
"BerryCrust_0002811",NA,NA,NA,NA,NA,NA,NA
"BerryCrust_0002812","Eukaryota","Arthropoda","Malacostraca","Decapoda","Mithracidae","Teleophrys","Teleophrys cristulipes"
"BerryCrust_0002813",NA,NA,NA,NA,NA,NA,NA
"BerryCrust_0002814",NA,NA,NA,NA,NA,NA,NA
"BerryCrust_0002815",NA,NA,NA,NA,NA,NA,NA
"BerryCrust_0002816",NA,NA,NA,NA,NA,NA,NA
"BerryCrust_0002817",NA,NA,NA,NA,NA,NA,NA
"BerryCrust_0002818",NA,NA,NA,NA,NA,NA,NA
"BerryCrust_0002819",NA,NA,NA,NA,NA,NA,NA
"BerryCrust_0002820",NA,NA,NA,NA,NA,NA,NA
"BerryCrust_0002821",NA,NA,NA,NA,NA,NA,NA
"BerryCrust_0002822",NA,NA,NA,NA,NA,NA,NA
"BerryCrust_0002823",NA,NA,NA,NA,NA,NA,NA
"BerryCrust_0002824",NA,NA,NA,NA,NA,NA,NA
"BerryCrust_0002825",NA,NA,NA,NA,NA,NA,NA
"BerryCrust_0002826",NA,NA,NA,NA,NA,NA,NA
"BerryCrust_0002827",NA,NA,NA,NA,NA,NA,NA
"BerryCrust_0002828",NA,NA,NA,NA,NA,NA,NA
"BerryCrust_0002829",NA,NA,NA,NA,NA,NA,NA
"BerryCrust_0002830",NA,NA,NA,NA,NA,NA,NA
"BerryCrust_0002831",NA,NA,NA,NA,NA,NA,NA
"BerryCrust_0002832",NA,NA,NA,NA,NA,NA,NA
"BerryCrust_0002833",NA,NA,NA,NA,NA,NA,NA
"BerryCrust_0002834",NA,NA,NA,NA,NA,NA,NA
"BerryCrust_0002835",NA,NA,NA,NA,NA,NA,NA
"BerryCrust_0002836",NA,NA,NA,NA,NA,NA,NA
"BerryCrust_0002837",NA,NA,NA,NA,NA,NA,NA
"BerryCrust_0002838",NA,NA,NA,NA,NA,NA,NA
"BerryCrust_0002839",NA,NA,NA,NA,NA,NA,NA
"BerryCrust_0002840",NA,NA,NA,NA,NA,NA,NA
"BerryCrust_0002841","Eukaryota","Arthropoda","Malacostraca","Decapoda","Mithracidae","Teleophrys","Teleophrys cristulipes"
"BerryCrust_0002842",NA,NA,NA,NA,NA,NA,NA
"BerryCrust_0002843",NA,NA,NA,NA,NA,NA,NA
"BerryCrust_0002844",NA,NA,NA,NA,NA,NA,NA
"BerryCrust_0002845",NA,NA,NA,NA,NA,NA,NA
"BerryCrust_0002846",NA,NA,NA,NA,NA,NA,NA
"BerryCrust_0002847",NA,NA,NA,NA,NA,NA,NA
"BerryCrust_0002848",NA,NA,NA,NA,NA,NA,NA
"BerryCrust_0002849",NA,NA,NA,NA,NA,NA,NA
"BerryCrust_0002850",NA,NA,NA,NA,NA,NA,NA
"BerryCrust_0002851",NA,NA,NA,NA,NA,NA,NA
"BerryCrust_0002852",NA,NA,NA,NA,NA,NA,NA
"BerryCrust_0002853",NA,NA,NA,NA,NA,NA,NA
"BerryCrust_0002854",NA,NA,NA,NA,NA,NA,NA
"BerryCrust_0002855",NA,NA,NA,NA,NA,NA,NA
"BerryCrust_0002856",NA,NA,NA,NA,NA,NA,NA
"BerryCrust_0002857",NA,NA,NA,NA,NA,NA,NA
"BerryCrust_0002858",NA,NA,NA,NA,NA,NA,NA
"BerryCrust_0002859",NA,NA,NA,NA,NA,NA,NA
"BerryCrust_0002860",NA,NA,NA,NA,NA,NA,NA
"BerryCrust_0002861",NA,NA,NA,NA,NA,NA,NA
"BerryCrust_0002862",NA,NA,NA,NA,NA,NA,NA
"BerryCrust_0002863",NA,NA,NA,NA,NA,NA,NA
"BerryCrust_0002864",NA,NA,NA,NA,NA,NA,NA
"BerryCrust_0002865",NA,NA,NA,NA,NA,NA,NA
"BerryCrust_0002866",NA,NA,NA,NA,NA,NA,NA
"BerryCrust_0002867",NA,NA,NA,NA,NA,NA,NA
"BerryCrust_0002868",NA,NA,NA,NA,NA,NA,NA
"BerryCrust_0002869",NA,NA,NA,NA,NA,NA,NA
"BerryCrust_0002870",NA,NA,NA,NA,NA,NA,NA
"BerryCrust_0002871",NA,NA,NA,NA,NA,NA,NA
"BerryCrust_0002872",NA,NA,NA,NA,NA,NA,NA
"BerryCrust_0002873",NA,NA,NA,NA,NA,NA,NA
"BerryCrust_0002874",NA,NA,NA,NA,NA,NA,NA
"BerryCrust_0002875",NA,NA,NA,NA,NA,NA,NA
"BerryCrust_0002876",NA,NA,NA,NA,NA,NA,NA
"BerryCrust_0002877",NA,NA,NA,NA,NA,NA,NA
"BerryCrust_0002878",NA,NA,NA,NA,NA,NA,NA
"BerryCrust_0002879",NA,NA,NA,NA,NA,NA,NA
"BerryCrust_0002880",NA,NA,NA,NA,NA,NA,NA
"BerryCrust_0002881",NA,NA,NA,NA,NA,NA,NA
"BerryCrust_0002882",NA,NA,NA,NA,NA,NA,NA
"BerryCrust_0002883",NA,NA,NA,NA,NA,NA,NA
"BerryCrust_0002884",NA,NA,NA,NA,NA,NA,NA
"BerryCrust_0002885",NA,NA,NA,NA,NA,NA,NA
"BerryCrust_0002886",NA,NA,NA,NA,NA,NA,NA
"BerryCrust_0002887",NA,NA,NA,NA,NA,NA,NA
"BerryCrust_0002888",NA,NA,NA,NA,NA,NA,NA
"BerryCrust_0002889",NA,NA,NA,NA,NA,NA,NA
"BerryCrust_0002890",NA,NA,NA,NA,NA,NA,NA
"BerryCrust_0002891",NA,NA,NA,NA,NA,NA,NA
"BerryCrust_0002892",NA,NA,NA,NA,NA,NA,NA
"BerryCrust_0002893",NA,NA,NA,NA,NA,NA,NA
"BerryCrust_0002894",NA,NA,NA,NA,NA,NA,NA
"BerryCrust_0002895",NA,NA,NA,NA,NA,NA,NA
"BerryCrust_0002896",NA,NA,NA,NA,NA,NA,NA
"BerryCrust_0002897",NA,NA,NA,NA,NA,NA,NA
"BerryCrust_0002898",NA,NA,NA,NA,NA,NA,NA
"BerryCrust_0002899",NA,NA,NA,NA,NA,NA,NA
"BerryCrust_0002900",NA,NA,NA,NA,NA,NA,NA
"BerryCrust_0002901",NA,NA,NA,NA,NA,NA,NA
"BerryCrust_0002902",NA,NA,NA,NA,NA,NA,NA
"BerryCrust_0002903",NA,NA,NA,NA,NA,NA,NA
"BerryCrust_0002904",NA,NA,NA,NA,NA,NA,NA
"BerryCrust_0002905",NA,NA,NA,NA,NA,NA,NA
"BerryCrust_0002906",NA,NA,NA,NA,NA,NA,NA
"BerryCrust_0002907",NA,NA,NA,NA,NA,NA,NA
"BerryCrust_0002908",NA,NA,NA,NA,NA,NA,NA
"BerryCrust_0002909",NA,NA,NA,NA,NA,NA,NA
"BerryCrust_0002910",NA,NA,NA,NA,NA,NA,NA
"BerryCrust_0002911",NA,NA,NA,NA,NA,NA,NA
"BerryCrust_0002912",NA,NA,NA,NA,NA,NA,NA
"BerryCrust_0002913",NA,NA,NA,NA,NA,NA,NA
"BerryCrust_0002914",NA,NA,NA,NA,NA,NA,NA
"BerryCrust_0002915",NA,NA,NA,NA,NA,NA,NA
"BerryCrust_0002916",NA,NA,NA,NA,NA,NA,NA
"BerryCrust_0002917",NA,NA,NA,NA,NA,NA,NA
"BerryCrust_0002918",NA,NA,NA,NA,NA,NA,NA
"BerryCrust_0002919",NA,NA,NA,NA,NA,NA,NA
"BerryCrust_0002920",NA,NA,NA,NA,NA,NA,NA
"BerryCrust_0002921",NA,NA,NA,NA,NA,NA,NA
"BerryCrust_0002922",NA,NA,NA,NA,NA,NA,NA
"BerryCrust_0002923",NA,NA,NA,NA,NA,NA,NA
"BerryCrust_0002924",NA,NA,NA,NA,NA,NA,NA
"BerryCrust_0002925",NA,NA,NA,NA,NA,NA,NA
"BerryCrust_0002926",NA,NA,NA,NA,NA,NA,NA
"BerryCrust_0002927",NA,NA,NA,NA,NA,NA,NA
"BerryCrust_0002928",NA,NA,NA,NA,NA,NA,NA
"BerryCrust_0002929",NA,NA,NA,NA,NA,NA,NA
"BerryCrust_0002930",NA,NA,NA,NA,NA,NA,NA
"BerryCrust_0002931",NA,NA,NA,NA,NA,NA,NA
"BerryCrust_0002932",NA,NA,NA,NA,NA,NA,NA
"BerryCrust_0002933",NA,NA,NA,NA,NA,NA,NA
"BerryCrust_0002934",NA,NA,NA,NA,NA,NA,NA
"BerryCrust_0002935",NA,NA,NA,NA,NA,NA,NA
"BerryCrust_0002936",NA,NA,NA,NA,NA,NA,NA
"BerryCrust_0002937",NA,NA,NA,NA,NA,NA,NA
"BerryCrust_0002938",NA,NA,NA,NA,NA,NA,NA
"BerryCrust_0002939",NA,NA,NA,NA,NA,NA,NA
"BerryCrust_0002940",NA,NA,NA,NA,NA,NA,NA
"BerryCrust_0002941",NA,NA,NA,NA,NA,NA,NA
"BerryCrust_0002942",NA,NA,NA,NA,NA,NA,NA
"BerryCrust_0002943",NA,NA,NA,NA,NA,NA,NA
"BerryCrust_0002944",NA,NA,NA,NA,NA,NA,NA
"BerryCrust_0002945",NA,NA,NA,NA,NA,NA,NA
"BerryCrust_0002946",NA,NA,NA,NA,NA,NA,NA
"BerryCrust_0002947",NA,NA,NA,NA,NA,NA,NA
"BerryCrust_0002948",NA,NA,NA,NA,NA,NA,NA
"BerryCrust_0002949",NA,NA,NA,NA,NA,NA,NA
"BerryCrust_0002950","Eukaryota","Arthropoda","Malacostraca","Decapoda","Mithracidae","Teleophrys","Teleophrys cristulipes"
"BerryCrust_0002951",NA,NA,NA,NA,NA,NA,NA
"BerryCrust_0002952",NA,NA,NA,NA,NA,NA,NA
"BerryCrust_0002953",NA,NA,NA,NA,NA,NA,NA
"BerryCrust_0002954",NA,NA,NA,NA,NA,NA,NA
"BerryCrust_0002955",NA,NA,NA,NA,NA,NA,NA
"BerryCrust_0002956",NA,NA,NA,NA,NA,NA,NA
"BerryCrust_0002957",NA,NA,NA,NA,NA,NA,NA
"BerryCrust_0002958",NA,NA,NA,NA,NA,NA,NA
"BerryCrust_0002959",NA,NA,NA,NA,NA,NA,NA
"BerryCrust_0002960",NA,NA,NA,NA,NA,NA,NA
"BerryCrust_0002961",NA,NA,NA,NA,NA,NA,NA
"BerryCrust_0002962",NA,NA,NA,NA,NA,NA,NA
"BerryCrust_0002963",NA,NA,NA,NA,NA,NA,NA
"BerryCrust_0002964",NA,NA,NA,NA,NA,NA,NA
"BerryCrust_0002965",NA,NA,NA,NA,NA,NA,NA
"BerryCrust_0002966",NA,NA,NA,NA,NA,NA,NA
"BerryCrust_0002967",NA,NA,NA,NA,NA,NA,NA
"BerryCrust_0002968",NA,NA,NA,NA,NA,NA,NA
"BerryCrust_0002969",NA,NA,NA,NA,NA,NA,NA
"BerryCrust_0002970",NA,NA,NA,NA,NA,NA,NA
"BerryCrust_0002971",NA,NA,NA,NA,NA,NA,NA
"BerryCrust_0002972",NA,NA,NA,NA,NA,NA,NA
"BerryCrust_0002973",NA,NA,NA,NA,NA,NA,NA
"BerryCrust_0002974",NA,NA,NA,NA,NA,NA,NA
"BerryCrust_0002975",NA,NA,NA,NA,NA,NA,NA
"BerryCrust_0002976",NA,NA,NA,NA,NA,NA,NA
"BerryCrust_0002977",NA,NA,NA,NA,NA,NA,NA
"BerryCrust_0002978",NA,NA,NA,NA,NA,NA,NA
"BerryCrust_0002979",NA,NA,NA,NA,NA,NA,NA
"BerryCrust_0002980",NA,NA,NA,NA,NA,NA,NA
"BerryCrust_0002981",NA,NA,NA,NA,NA,NA,NA
"BerryCrust_0002982",NA,NA,NA,NA,NA,NA,NA
"BerryCrust_0002983",NA,NA,NA,NA,NA,NA,NA
"BerryCrust_0002984",NA,NA,NA,NA,NA,NA,NA
"BerryCrust_0002985",NA,NA,NA,NA,NA,NA,NA
"BerryCrust_0002986",NA,NA,NA,NA,NA,NA,NA
"BerryCrust_0002987",NA,NA,NA,NA,NA,NA,NA
"BerryCrust_0002988",NA,NA,NA,NA,NA,NA,NA
"BerryCrust_0002989",NA,NA,NA,NA,NA,NA,NA
"BerryCrust_0002990",NA,NA,NA,NA,NA,NA,NA
"BerryCrust_0002991",NA,NA,NA,NA,NA,NA,NA
"BerryCrust_0002992",NA,NA,NA,NA,NA,NA,NA
"BerryCrust_0002993",NA,NA,NA,NA,NA,NA,NA
"BerryCrust_0002994",NA,NA,NA,NA,NA,NA,NA
"BerryCrust_0002995",NA,NA,NA,NA,NA,NA,NA
"BerryCrust_0002996",NA,NA,NA,NA,NA,NA,NA
"BerryCrust_0002997",NA,NA,NA,NA,NA,NA,NA
"BerryCrust_0002998",NA,NA,NA,NA,NA,NA,NA
"BerryCrust_0002999",NA,NA,NA,NA,NA,NA,NA
"BerryCrust_0003000",NA,NA,NA,NA,NA,NA,NA
"BerryCrust_0003001",NA,NA,NA,NA,NA,NA,NA
"BerryCrust_0003002",NA,NA,NA,NA,NA,NA,NA
"BerryCrust_0003003",NA,NA,NA,NA,NA,NA,NA
"BerryCrust_0003004",NA,NA,NA,NA,NA,NA,NA
"BerryCrust_0003005",NA,NA,NA,NA,NA,NA,NA
"BerryCrust_0003006",NA,NA,NA,NA,NA,NA,NA
"BerryCrust_0003007",NA,NA,NA,NA,NA,NA,NA
"BerryCrust_0003008",NA,NA,NA,NA,NA,NA,NA
"BerryCrust_0003009",NA,NA,NA,NA,NA,NA,NA
"BerryCrust_0003010",NA,NA,NA,NA,NA,NA,NA
"BerryCrust_0003011",NA,NA,NA,NA,NA,NA,NA
"BerryCrust_0003012",NA,NA,NA,NA,NA,NA,NA
"BerryCrust_0003013",NA,NA,NA,NA,NA,NA,NA
"BerryCrust_0003014",NA,NA,NA,NA,NA,NA,NA
"BerryCrust_0003015",NA,NA,NA,NA,NA,NA,NA
"BerryCrust_0003016",NA,NA,NA,NA,NA,NA,NA
"BerryCrust_0003017",NA,NA,NA,NA,NA,NA,NA
"BerryCrust_0003018",NA,NA,NA,NA,NA,NA,NA
"BerryCrust_0003019",NA,NA,NA,NA,NA,NA,NA
"BerryCrust_0003020",NA,NA,NA,NA,NA,NA,NA
"BerryCrust_0003021",NA,NA,NA,NA,NA,NA,NA
"BerryCrust_0003022",NA,NA,NA,NA,NA,NA,NA
"BerryCrust_0003023",NA,NA,NA,NA,NA,NA,NA
"BerryCrust_0003024",NA,NA,NA,NA,NA,NA,NA
"BerryCrust_0003025",NA,NA,NA,NA,NA,NA,NA
"BerryCrust_0003026",NA,NA,NA,NA,NA,NA,NA
"BerryCrust_0003027",NA,NA,NA,NA,NA,NA,NA
"BerryCrust_0003028",NA,NA,NA,NA,NA,NA,NA
"BerryCrust_0003029",NA,NA,NA,NA,NA,NA,NA
"BerryCrust_0003030",NA,NA,NA,NA,NA,NA,NA
"BerryCrust_0003031",NA,NA,NA,NA,NA,NA,NA
"BerryCrust_0003032",NA,NA,NA,NA,NA,NA,NA
"BerryCrust_0003033",NA,NA,NA,NA,NA,NA,NA
"BerryCrust_0003034",NA,NA,NA,NA,NA,NA,NA
"BerryCrust_0003035",NA,NA,NA,NA,NA,NA,NA
"BerryCrust_0003036",NA,NA,NA,NA,NA,NA,NA
"BerryCrust_0003037",NA,NA,NA,NA,NA,NA,NA
"BerryCrust_0003038",NA,NA,NA,NA,NA,NA,NA
"BerryCrust_0003039",NA,NA,NA,NA,NA,NA,NA
"BerryCrust_0003040",NA,NA,NA,NA,NA,NA,NA
"BerryCrust_0003041",NA,NA,NA,NA,NA,NA,NA
"BerryCrust_0003042",NA,NA,NA,NA,NA,NA,NA
"BerryCrust_0003043",NA,NA,NA,NA,NA,NA,NA
"BerryCrust_0003044",NA,NA,NA,NA,NA,NA,NA
"BerryCrust_0003045",NA,NA,NA,NA,NA,NA,NA
"BerryCrust_0003046",NA,NA,NA,NA,NA,NA,NA
"BerryCrust_0003047",NA,NA,NA,NA,NA,NA,NA
"BerryCrust_0003048",NA,NA,NA,NA,NA,NA,NA
"BerryCrust_0003049",NA,NA,NA,NA,NA,NA,NA
"BerryCrust_0003050",NA,NA,NA,NA,NA,NA,NA
"BerryCrust_0003051",NA,NA,NA,NA,NA,NA,NA
"BerryCrust_0003052",NA,NA,NA,NA,NA,NA,NA
"BerryCrust_0003053",NA,NA,NA,NA,NA,NA,NA
"BerryCrust_0003054",NA,NA,NA,NA,NA,NA,NA
"BerryCrust_0003055",NA,NA,NA,NA,NA,NA,NA
"BerryCrust_0003056",NA,NA,NA,NA,NA,NA,NA
"BerryCrust_0003057",NA,NA,NA,NA,NA,NA,NA
"BerryCrust_0003058","Eukaryota","Arthropoda","Malacostraca","Decapoda","Mithracidae","Teleophrys","Teleophrys cristulipes"
"BerryCrust_0003059",NA,NA,NA,NA,NA,NA,NA
"BerryCrust_0003060","Eukaryota","Arthropoda","Malacostraca","Decapoda","Mithracidae","Teleophrys","Teleophrys cristulipes"
"BerryCrust_0003061",NA,NA,NA,NA,NA,NA,NA
"BerryCrust_0003062",NA,NA,NA,NA,NA,NA,NA
"BerryCrust_0003063",NA,NA,NA,NA,NA,NA,NA
"BerryCrust_0003064",NA,NA,NA,NA,NA,NA,NA
"BerryCrust_0003065",NA,NA,NA,NA,NA,NA,NA
"BerryCrust_0003066",NA,NA,NA,NA,NA,NA,NA
"BerryCrust_0003067",NA,NA,NA,NA,NA,NA,NA
"BerryCrust_0003068",NA,NA,NA,NA,NA,NA,NA
"BerryCrust_0003069",NA,NA,NA,NA,NA,NA,NA
"BerryCrust_0003070",NA,NA,NA,NA,NA,NA,NA
"BerryCrust_0003071",NA,NA,NA,NA,NA,NA,NA
"BerryCrust_0003072",NA,NA,NA,NA,NA,NA,NA
"BerryCrust_0003073",NA,NA,NA,NA,NA,NA,NA
"BerryCrust_0003074",NA,NA,NA,NA,NA,NA,NA
"BerryCrust_0003075",NA,NA,NA,NA,NA,NA,NA
"BerryCrust_0003076",NA,NA,NA,NA,NA,NA,NA
"BerryCrust_0003077",NA,NA,NA,NA,NA,NA,NA
"BerryCrust_0003078",NA,NA,NA,NA,NA,NA,NA
"BerryCrust_0003079",NA,NA,NA,NA,NA,NA,NA
"BerryCrust_0003080",NA,NA,NA,NA,NA,NA,NA
"BerryCrust_0003081",NA,NA,NA,NA,NA,NA,NA
"BerryCrust_0003082",NA,NA,NA,NA,NA,NA,NA
"BerryCrust_0003083",NA,NA,NA,NA,NA,NA,NA
"BerryCrust_0003084",NA,NA,NA,NA,NA,NA,NA
"BerryCrust_0003085",NA,NA,NA,NA,NA,NA,NA
"BerryCrust_0003086",NA,NA,NA,NA,NA,NA,NA
"BerryCrust_0003087",NA,NA,NA,NA,NA,NA,NA
"BerryCrust_0003088",NA,NA,NA,NA,NA,NA,NA
"BerryCrust_0003089",NA,NA,NA,NA,NA,NA,NA
"BerryCrust_0003090",NA,NA,NA,NA,NA,NA,NA
"BerryCrust_0003091",NA,NA,NA,NA,NA,NA,NA
"BerryCrust_0003092",NA,NA,NA,NA,NA,NA,NA
"BerryCrust_0003093",NA,NA,NA,NA,NA,NA,NA
"BerryCrust_0003094",NA,NA,NA,NA,NA,NA,NA
"BerryCrust_0003095",NA,NA,NA,NA,NA,NA,NA
"BerryCrust_0003096",NA,NA,NA,NA,NA,NA,NA
"BerryCrust_0003097",NA,NA,NA,NA,NA,NA,NA
"BerryCrust_0003098",NA,NA,NA,NA,NA,NA,NA
"BerryCrust_0003099",NA,NA,NA,NA,NA,NA,NA
"BerryCrust_0003100",NA,NA,NA,NA,NA,NA,NA
"BerryCrust_0003101",NA,NA,NA,NA,NA,NA,NA
"BerryCrust_0003102",NA,NA,NA,NA,NA,NA,NA
"BerryCrust_0003103",NA,NA,NA,NA,NA,NA,NA
"BerryCrust_0003104",NA,NA,NA,NA,NA,NA,NA
"BerryCrust_0003105",NA,NA,NA,NA,NA,NA,NA
"BerryCrust_0003106",NA,NA,NA,NA,NA,NA,NA
"BerryCrust_0003107",NA,NA,NA,NA,NA,NA,NA
"BerryCrust_0003108",NA,NA,NA,NA,NA,NA,NA
"BerryCrust_0003109",NA,NA,NA,NA,NA,NA,NA
"BerryCrust_0003110",NA,NA,NA,NA,NA,NA,NA
"BerryCrust_0003111",NA,NA,NA,NA,NA,NA,NA
"BerryCrust_0003112",NA,NA,NA,NA,NA,NA,NA
"BerryCrust_0003113",NA,NA,NA,NA,NA,NA,NA
"BerryCrust_0003114",NA,NA,NA,NA,NA,NA,NA
"BerryCrust_0003115",NA,NA,NA,NA,NA,NA,NA
"BerryCrust_0003116",NA,NA,NA,NA,NA,NA,NA
"BerryCrust_0003117",NA,NA,NA,NA,NA,NA,NA
"BerryCrust_0003118",NA,NA,NA,NA,NA,NA,NA
"BerryCrust_0003119",NA,NA,NA,NA,NA,NA,NA
"BerryCrust_0003120",NA,NA,NA,NA,NA,NA,NA
"BerryCrust_0003121",NA,NA,NA,NA,NA,NA,NA
"BerryCrust_0003122",NA,NA,NA,NA,NA,NA,NA
"BerryCrust_0003123",NA,NA,NA,NA,NA,NA,NA
"BerryCrust_0003124",NA,NA,NA,NA,NA,NA,NA
"BerryCrust_0003125",NA,NA,NA,NA,NA,NA,NA
"BerryCrust_0003126",NA,NA,NA,NA,NA,NA,NA
"BerryCrust_0003127",NA,NA,NA,NA,NA,NA,NA
"BerryCrust_0003128",NA,NA,NA,NA,NA,NA,NA
"BerryCrust_0003129",NA,NA,NA,NA,NA,NA,NA
"BerryCrust_0003130",NA,NA,NA,NA,NA,NA,NA
"BerryCrust_0003131",NA,NA,NA,NA,NA,NA,NA
"BerryCrust_0003132",NA,NA,NA,NA,NA,NA,NA
"BerryCrust_0003133",NA,NA,NA,NA,NA,NA,NA
"BerryCrust_0003134",NA,NA,NA,NA,NA,NA,NA
"BerryCrust_0003135",NA,NA,NA,NA,NA,NA,NA
"BerryCrust_0003136",NA,NA,NA,NA,NA,NA,NA
"BerryCrust_0003137",NA,NA,NA,NA,NA,NA,NA
"BerryCrust_0003138",NA,NA,NA,NA,NA,NA,NA
"BerryCrust_0003139",NA,NA,NA,NA,NA,NA,NA
"BerryCrust_0003140",NA,NA,NA,NA,NA,NA,NA
"BerryCrust_0003141",NA,NA,NA,NA,NA,NA,NA
"BerryCrust_0003142",NA,NA,NA,NA,NA,NA,NA
"BerryCrust_0003143",NA,NA,NA,NA,NA,NA,NA
"BerryCrust_0003144",NA,NA,NA,NA,NA,NA,NA
"BerryCrust_0003145",NA,NA,NA,NA,NA,NA,NA
"BerryCrust_0003146",NA,NA,NA,NA,NA,NA,NA
"BerryCrust_0003147",NA,NA,NA,NA,NA,NA,NA
"BerryCrust_0003148",NA,NA,NA,NA,NA,NA,NA
"BerryCrust_0003149",NA,NA,NA,NA,NA,NA,NA
"BerryCrust_0003150",NA,NA,NA,NA,NA,NA,NA
"BerryCrust_0003151","Eukaryota","Arthropoda","Malacostraca","Decapoda","Mithracidae","Teleophrys","Teleophrys cristulipes"
"BerryCrust_0003152",NA,NA,NA,NA,NA,NA,NA
"BerryCrust_0003153",NA,NA,NA,NA,NA,NA,NA
"BerryCrust_0003154",NA,NA,NA,NA,NA,NA,NA
"BerryCrust_0003155",NA,NA,NA,NA,NA,NA,NA
"BerryCrust_0003156",NA,NA,NA,NA,NA,NA,NA
"BerryCrust_0003157",NA,NA,NA,NA,NA,NA,NA
"BerryCrust_0003158",NA,NA,NA,NA,NA,NA,NA
"BerryCrust_0003159",NA,NA,NA,NA,NA,NA,NA
"BerryCrust_0003160",NA,NA,NA,NA,NA,NA,NA
"BerryCrust_0003161",NA,NA,NA,NA,NA,NA,NA
"BerryCrust_0003162",NA,NA,NA,NA,NA,NA,NA
"BerryCrust_0003163",NA,NA,NA,NA,NA,NA,NA
"BerryCrust_0003164",NA,NA,NA,NA,NA,NA,NA
"BerryCrust_0003165",NA,NA,NA,NA,NA,NA,NA
"BerryCrust_0003166",NA,NA,NA,NA,NA,NA,NA
"BerryCrust_0003167",NA,NA,NA,NA,NA,NA,NA
"BerryCrust_0003168",NA,NA,NA,NA,NA,NA,NA
"BerryCrust_0003169",NA,NA,NA,NA,NA,NA,NA
"BerryCrust_0003170",NA,NA,NA,NA,NA,NA,NA
"BerryCrust_0003171",NA,NA,NA,NA,NA,NA,NA
"BerryCrust_0003172",NA,NA,NA,NA,NA,NA,NA
"BerryCrust_0003173",NA,NA,NA,NA,NA,NA,NA
"BerryCrust_0003174",NA,NA,NA,NA,NA,NA,NA
"BerryCrust_0003175",NA,NA,NA,NA,NA,NA,NA
"BerryCrust_0003176",NA,NA,NA,NA,NA,NA,NA
"BerryCrust_0003177",NA,NA,NA,NA,NA,NA,NA
"BerryCrust_0003178",NA,NA,NA,NA,NA,NA,NA
"BerryCrust_0003179",NA,NA,NA,NA,NA,NA,NA
"BerryCrust_0003180",NA,NA,NA,NA,NA,NA,NA
"BerryCrust_0003181",NA,NA,NA,NA,NA,NA,NA
"BerryCrust_0003182",NA,NA,NA,NA,NA,NA,NA
"BerryCrust_0003183",NA,NA,NA,NA,NA,NA,NA
"BerryCrust_0003184",NA,NA,NA,NA,NA,NA,NA
"BerryCrust_0003185",NA,NA,NA,NA,NA,NA,NA
"BerryCrust_0003186",NA,NA,NA,NA,NA,NA,NA
"BerryCrust_0003187",NA,NA,NA,NA,NA,NA,NA
"BerryCrust_0003188",NA,NA,NA,NA,NA,NA,NA
"BerryCrust_0003189",NA,NA,NA,NA,NA,NA,NA
"BerryCrust_0003190",NA,NA,NA,NA,NA,NA,NA
"BerryCrust_0003191",NA,NA,NA,NA,NA,NA,NA
"BerryCrust_0003192",NA,NA,NA,NA,NA,NA,NA
"BerryCrust_0003193",NA,NA,NA,NA,NA,NA,NA
"BerryCrust_0003194",NA,NA,NA,NA,NA,NA,NA
"BerryCrust_0003195",NA,NA,NA,NA,NA,NA,NA
"BerryCrust_0003196",NA,NA,NA,NA,NA,NA,NA
"BerryCrust_0003197",NA,NA,NA,NA,NA,NA,NA
"BerryCrust_0003198",NA,NA,NA,NA,NA,NA,NA
"BerryCrust_0003199",NA,NA,NA,NA,NA,NA,NA
"BerryCrust_0003200",NA,NA,NA,NA,NA,NA,NA
"BerryCrust_0003201","Eukaryota","Arthropoda","Malacostraca","Decapoda","Mithracidae","Teleophrys","Teleophrys cristulipes"
"BerryCrust_0003202",NA,NA,NA,NA,NA,NA,NA
"BerryCrust_0003203",NA,NA,NA,NA,NA,NA,NA
"BerryCrust_0003204",NA,NA,NA,NA,NA,NA,NA
"BerryCrust_0003205",NA,NA,NA,NA,NA,NA,NA
"BerryCrust_0003206",NA,NA,NA,NA,NA,NA,NA
"BerryCrust_0003207",NA,NA,NA,NA,NA,NA,NA
"BerryCrust_0003208",NA,NA,NA,NA,NA,NA,NA
"BerryCrust_0003209",NA,NA,NA,NA,NA,NA,NA
"BerryCrust_0003210",NA,NA,NA,NA,NA,NA,NA
"BerryCrust_0003211",NA,NA,NA,NA,NA,NA,NA
"BerryCrust_0003212",NA,NA,NA,NA,NA,NA,NA
"BerryCrust_0003213",NA,NA,NA,NA,NA,NA,NA
"BerryCrust_0003214",NA,NA,NA,NA,NA,NA,NA
"BerryCrust_0003215",NA,NA,NA,NA,NA,NA,NA
"BerryCrust_0003216",NA,NA,NA,NA,NA,NA,NA
"BerryCrust_0003217",NA,NA,NA,NA,NA,NA,NA
"BerryCrust_0003218",NA,NA,NA,NA,NA,NA,NA
"BerryCrust_0003219",NA,NA,NA,NA,NA,NA,NA
"BerryCrust_0003220",NA,NA,NA,NA,NA,NA,NA
"BerryCrust_0003221",NA,NA,NA,NA,NA,NA,NA
"BerryCrust_0003222",NA,NA,NA,NA,NA,NA,NA
"BerryCrust_0003223",NA,NA,NA,NA,NA,NA,NA
"BerryCrust_0003224",NA,NA,NA,NA,NA,NA,NA
"BerryCrust_0003225","Eukaryota","Arthropoda","Malacostraca","Decapoda","Mithracidae","Teleophrys","Teleophrys cristulipes"
"BerryCrust_0003226",NA,NA,NA,NA,NA,NA,NA
"BerryCrust_0003227",NA,NA,NA,NA,NA,NA,NA
"BerryCrust_0003228",NA,NA,NA,NA,NA,NA,NA
"BerryCrust_0003229",NA,NA,NA,NA,NA,NA,NA
"BerryCrust_0003230",NA,NA,NA,NA,NA,NA,NA
"BerryCrust_0003231",NA,NA,NA,NA,NA,NA,NA
"BerryCrust_0003232",NA,NA,NA,NA,NA,NA,NA
"BerryCrust_0003233",NA,NA,NA,NA,NA,NA,NA
"BerryCrust_0003234",NA,NA,NA,NA,NA,NA,NA
"BerryCrust_0003235",NA,NA,NA,NA,NA,NA,NA
"BerryCrust_0003236",NA,NA,NA,NA,NA,NA,NA
"BerryCrust_0003237",NA,NA,NA,NA,NA,NA,NA
"BerryCrust_0003238",NA,NA,NA,NA,NA,NA,NA
"BerryCrust_0003239",NA,NA,NA,NA,NA,NA,NA
"BerryCrust_0003240",NA,NA,NA,NA,NA,NA,NA
"BerryCrust_0003241",NA,NA,NA,NA,NA,NA,NA
"BerryCrust_0003242",NA,NA,NA,NA,NA,NA,NA
"BerryCrust_0003243",NA,NA,NA,NA,NA,NA,NA
"BerryCrust_0003244",NA,NA,NA,NA,NA,NA,NA
"BerryCrust_0003245",NA,NA,NA,NA,NA,NA,NA
"BerryCrust_0003246",NA,NA,NA,NA,NA,NA,NA
"BerryCrust_0003247",NA,NA,NA,NA,NA,NA,NA
"BerryCrust_0003248",NA,NA,NA,NA,NA,NA,NA
"BerryCrust_0003249",NA,NA,NA,NA,NA,NA,NA
"BerryCrust_0003250",NA,NA,NA,NA,NA,NA,NA
"BerryCrust_0003251",NA,NA,NA,NA,NA,NA,NA
"BerryCrust_0003252",NA,NA,NA,NA,NA,NA,NA
"BerryCrust_0003253",NA,NA,NA,NA,NA,NA,NA
"BerryCrust_0003254",NA,NA,NA,NA,NA,NA,NA
"BerryCrust_0003255",NA,NA,NA,NA,NA,NA,NA
"BerryCrust_0003256",NA,NA,NA,NA,NA,NA,NA
"BerryCrust_0003257",NA,NA,NA,NA,NA,NA,NA
"BerryCrust_0003258",NA,NA,NA,NA,NA,NA,NA
"BerryCrust_0003259",NA,NA,NA,NA,NA,NA,NA
"BerryCrust_0003260",NA,NA,NA,NA,NA,NA,NA
"BerryCrust_0003261",NA,NA,NA,NA,NA,NA,NA
"BerryCrust_0003262",NA,NA,NA,NA,NA,NA,NA
"BerryCrust_0003263",NA,NA,NA,NA,NA,NA,NA
"BerryCrust_0003264",NA,NA,NA,NA,NA,NA,NA
"BerryCrust_0003265",NA,NA,NA,NA,NA,NA,NA
"BerryCrust_0003266",NA,NA,NA,NA,NA,NA,NA
"BerryCrust_0003267",NA,NA,NA,NA,NA,NA,NA
"BerryCrust_0003268",NA,NA,NA,NA,NA,NA,NA
"BerryCrust_0003269",NA,NA,NA,NA,NA,NA,NA
"BerryCrust_0003270",NA,NA,NA,NA,NA,NA,NA
"BerryCrust_0003271",NA,NA,NA,NA,NA,NA,NA
"BerryCrust_0003272",NA,NA,NA,NA,NA,NA,NA
"BerryCrust_0003273",NA,NA,NA,NA,NA,NA,NA
"BerryCrust_0003274",NA,NA,NA,NA,NA,NA,NA
"BerryCrust_0003275",NA,NA,NA,NA,NA,NA,NA
"BerryCrust_0003276",NA,NA,NA,NA,NA,NA,NA
"BerryCrust_0003277",NA,NA,NA,NA,NA,NA,NA
"BerryCrust_0003278",NA,NA,NA,NA,NA,NA,NA
"BerryCrust_0003279",NA,NA,NA,NA,NA,NA,NA
"BerryCrust_0003280",NA,NA,NA,NA,NA,NA,NA
"BerryCrust_0003281","Eukaryota","Arthropoda","Malacostraca","Decapoda","Mithracidae","Teleophrys","Teleophrys cristulipes"
"BerryCrust_0003282",NA,NA,NA,NA,NA,NA,NA
"BerryCrust_0003283",NA,NA,NA,NA,NA,NA,NA
"BerryCrust_0003284",NA,NA,NA,NA,NA,NA,NA
"BerryCrust_0003285",NA,NA,NA,NA,NA,NA,NA
"BerryCrust_0003286",NA,NA,NA,NA,NA,NA,NA
"BerryCrust_0003287",NA,NA,NA,NA,NA,NA,NA
"BerryCrust_0003288",NA,NA,NA,NA,NA,NA,NA
"BerryCrust_0003289",NA,NA,NA,NA,NA,NA,NA
"BerryCrust_0003290",NA,NA,NA,NA,NA,NA,NA
"BerryCrust_0003291",NA,NA,NA,NA,NA,NA,NA
"BerryCrust_0003292",NA,NA,NA,NA,NA,NA,NA
"BerryCrust_0003293",NA,NA,NA,NA,NA,NA,NA
"BerryCrust_0003294",NA,NA,NA,NA,NA,NA,NA
"BerryCrust_0003295",NA,NA,NA,NA,NA,NA,NA
"BerryCrust_0003296",NA,NA,NA,NA,NA,NA,NA
"BerryCrust_0003297",NA,NA,NA,NA,NA,NA,NA
"BerryCrust_0003298",NA,NA,NA,NA,NA,NA,NA
"BerryCrust_0003299",NA,NA,NA,NA,NA,NA,NA
"BerryCrust_0003300",NA,NA,NA,NA,NA,NA,NA
"BerryCrust_0003301",NA,NA,NA,NA,NA,NA,NA
"BerryCrust_0003302",NA,NA,NA,NA,NA,NA,NA
"BerryCrust_0003303",NA,NA,NA,NA,NA,NA,NA
"BerryCrust_0003304",NA,NA,NA,NA,NA,NA,NA
"BerryCrust_0003305",NA,NA,NA,NA,NA,NA,NA
"BerryCrust_0003306",NA,NA,NA,NA,NA,NA,NA
"BerryCrust_0003307",NA,NA,NA,NA,NA,NA,NA
"BerryCrust_0003308",NA,NA,NA,NA,NA,NA,NA
"BerryCrust_0003309",NA,NA,NA,NA,NA,NA,NA
"BerryCrust_0003310",NA,NA,NA,NA,NA,NA,NA
"BerryCrust_0003311",NA,NA,NA,NA,NA,NA,NA
"BerryCrust_0003312",NA,NA,NA,NA,NA,NA,NA
"BerryCrust_0003313",NA,NA,NA,NA,NA,NA,NA
"BerryCrust_0003314",NA,NA,NA,NA,NA,NA,NA
"BerryCrust_0003315",NA,NA,NA,NA,NA,NA,NA
"BerryCrust_0003316","Eukaryota",NA,NA,NA,NA,NA,NA
"BerryCrust_0003317",NA,NA,NA,NA,NA,NA,NA
"BerryCrust_0003318",NA,NA,NA,NA,NA,NA,NA
"BerryCrust_0003319",NA,NA,NA,NA,NA,NA,NA
"BerryCrust_0003320",NA,NA,NA,NA,NA,NA,NA
"BerryCrust_0003321",NA,NA,NA,NA,NA,NA,NA
"BerryCrust_0003322",NA,NA,NA,NA,NA,NA,NA
"BerryCrust_0003323",NA,NA,NA,NA,NA,NA,NA
"BerryCrust_0003324",NA,NA,NA,NA,NA,NA,NA
"BerryCrust_0003325",NA,NA,NA,NA,NA,NA,NA
"BerryCrust_0003326",NA,NA,NA,NA,NA,NA,NA
"BerryCrust_0003327",NA,NA,NA,NA,NA,NA,NA
"BerryCrust_0003328",NA,NA,NA,NA,NA,NA,NA
"BerryCrust_0003329",NA,NA,NA,NA,NA,NA,NA
"BerryCrust_0003330",NA,NA,NA,NA,NA,NA,NA
"BerryCrust_0003331","Eukaryota","Arthropoda","Malacostraca","Decapoda","Mithracidae","Teleophrys","Teleophrys cristulipes"
"BerryCrust_0003332",NA,NA,NA,NA,NA,NA,NA
"BerryCrust_0003333",NA,NA,NA,NA,NA,NA,NA
"BerryCrust_0003334",NA,NA,NA,NA,NA,NA,NA
"BerryCrust_0003335",NA,NA,NA,NA,NA,NA,NA
"BerryCrust_0003336",NA,NA,NA,NA,NA,NA,NA
"BerryCrust_0003337",NA,NA,NA,NA,NA,NA,NA
"BerryCrust_0003338",NA,NA,NA,NA,NA,NA,NA
"BerryCrust_0003339",NA,NA,NA,NA,NA,NA,NA
"BerryCrust_0003340",NA,NA,NA,NA,NA,NA,NA
"BerryCrust_0003341",NA,NA,NA,NA,NA,NA,NA
"BerryCrust_0003342",NA,NA,NA,NA,NA,NA,NA
"BerryCrust_0003343",NA,NA,NA,NA,NA,NA,NA
"BerryCrust_0003344",NA,NA,NA,NA,NA,NA,NA
"BerryCrust_0003345",NA,NA,NA,NA,NA,NA,NA
"BerryCrust_0003346",NA,NA,NA,NA,NA,NA,NA
"BerryCrust_0003347",NA,NA,NA,NA,NA,NA,NA
"BerryCrust_0003348",NA,NA,NA,NA,NA,NA,NA
"BerryCrust_0003349",NA,NA,NA,NA,NA,NA,NA
"BerryCrust_0003350",NA,NA,NA,NA,NA,NA,NA
"BerryCrust_0003351",NA,NA,NA,NA,NA,NA,NA
"BerryCrust_0003352",NA,NA,NA,NA,NA,NA,NA
"BerryCrust_0003353",NA,NA,NA,NA,NA,NA,NA
"BerryCrust_0003354",NA,NA,NA,NA,NA,NA,NA
"BerryCrust_0003355",NA,NA,NA,NA,NA,NA,NA
"BerryCrust_0003356",NA,NA,NA,NA,NA,NA,NA
"BerryCrust_0003357",NA,NA,NA,NA,NA,NA,NA
"BerryCrust_0003358",NA,NA,NA,NA,NA,NA,NA
"BerryCrust_0003359",NA,NA,NA,NA,NA,NA,NA
"BerryCrust_0003360",NA,NA,NA,NA,NA,NA,NA
"BerryCrust_0003361",NA,NA,NA,NA,NA,NA,NA
"BerryCrust_0003362",NA,NA,NA,NA,NA,NA,NA
"BerryCrust_0003363",NA,NA,NA,NA,NA,NA,NA
"BerryCrust_0003364",NA,NA,NA,NA,NA,NA,NA
"BerryCrust_0003365",NA,NA,NA,NA,NA,NA,NA
"BerryCrust_0003366",NA,NA,NA,NA,NA,NA,NA
"BerryCrust_0003367",NA,NA,NA,NA,NA,NA,NA
"BerryCrust_0003368",NA,NA,NA,NA,NA,NA,NA
"BerryCrust_0003369",NA,NA,NA,NA,NA,NA,NA
"BerryCrust_0003370",NA,NA,NA,NA,NA,NA,NA
"BerryCrust_0003371",NA,NA,NA,NA,NA,NA,NA
"BerryCrust_0003372",NA,NA,NA,NA,NA,NA,NA
"BerryCrust_0003373",NA,NA,NA,NA,NA,NA,NA
"BerryCrust_0003374",NA,NA,NA,NA,NA,NA,NA
"BerryCrust_0003375",NA,NA,NA,NA,NA,NA,NA
"BerryCrust_0003376",NA,NA,NA,NA,NA,NA,NA
"BerryCrust_0003377",NA,NA,NA,NA,NA,NA,NA
"BerryCrust_0003378",NA,NA,NA,NA,NA,NA,NA
"BerryCrust_0003379",NA,NA,NA,NA,NA,NA,NA
"BerryCrust_0003380",NA,NA,NA,NA,NA,NA,NA
"BerryCrust_0003381",NA,NA,NA,NA,NA,NA,NA
"BerryCrust_0003382",NA,NA,NA,NA,NA,NA,NA
"BerryCrust_0003383",NA,NA,NA,NA,NA,NA,NA
"BerryCrust_0003384","Eukaryota",NA,NA,NA,NA,NA,NA
"BerryCrust_0003385",NA,NA,NA,NA,NA,NA,NA
"BerryCrust_0003386",NA,NA,NA,NA,NA,NA,NA
"BerryCrust_0003387",NA,NA,NA,NA,NA,NA,NA
"BerryCrust_0003388",NA,NA,NA,NA,NA,NA,NA
"BerryCrust_0003389",NA,NA,NA,NA,NA,NA,NA
"BerryCrust_0003390",NA,NA,NA,NA,NA,NA,NA
"BerryCrust_0003391",NA,NA,NA,NA,NA,NA,NA
"BerryCrust_0003392",NA,NA,NA,NA,NA,NA,NA
"BerryCrust_0003393",NA,NA,NA,NA,NA,NA,NA
"BerryCrust_0003394",NA,NA,NA,NA,NA,NA,NA
"BerryCrust_0003395",NA,NA,NA,NA,NA,NA,NA
"BerryCrust_0003396",NA,NA,NA,NA,NA,NA,NA
"BerryCrust_0003397",NA,NA,NA,NA,NA,NA,NA
"BerryCrust_0003398",NA,NA,NA,NA,NA,NA,NA
"BerryCrust_0003399",NA,NA,NA,NA,NA,NA,NA
"BerryCrust_0003400",NA,NA,NA,NA,NA,NA,NA
"BerryCrust_0003401",NA,NA,NA,NA,NA,NA,NA
"BerryCrust_0003402",NA,NA,NA,NA,NA,NA,NA
"BerryCrust_0003403",NA,NA,NA,NA,NA,NA,NA
"BerryCrust_0003404",NA,NA,NA,NA,NA,NA,NA
"BerryCrust_0003405",NA,NA,NA,NA,NA,NA,NA
"BerryCrust_0003406",NA,NA,NA,NA,NA,NA,NA
"BerryCrust_0003407",NA,NA,NA,NA,NA,NA,NA
"BerryCrust_0003408",NA,NA,NA,NA,NA,NA,NA
"BerryCrust_0003409",NA,NA,NA,NA,NA,NA,NA
"BerryCrust_0003410",NA,NA,NA,NA,NA,NA,NA
"BerryCrust_0003411",NA,NA,NA,NA,NA,NA,NA
"BerryCrust_0003412",NA,NA,NA,NA,NA,NA,NA
"BerryCrust_0003413",NA,NA,NA,NA,NA,NA,NA
"BerryCrust_0003414",NA,NA,NA,NA,NA,NA,NA
"BerryCrust_0003415",NA,NA,NA,NA,NA,NA,NA
"BerryCrust_0003416",NA,NA,NA,NA,NA,NA,NA
"BerryCrust_0003417",NA,NA,NA,NA,NA,NA,NA
"BerryCrust_0003418",NA,NA,NA,NA,NA,NA,NA
"BerryCrust_0003419",NA,NA,NA,NA,NA,NA,NA
"BerryCrust_0003420",NA,NA,NA,NA,NA,NA,NA
"BerryCrust_0003421",NA,NA,NA,NA,NA,NA,NA
"BerryCrust_0003422",NA,NA,NA,NA,NA,NA,NA
"BerryCrust_0003423",NA,NA,NA,NA,NA,NA,NA
"BerryCrust_0003424",NA,NA,NA,NA,NA,NA,NA
"BerryCrust_0003425",NA,NA,NA,NA,NA,NA,NA
"BerryCrust_0003426",NA,NA,NA,NA,NA,NA,NA
"BerryCrust_0003427",NA,NA,NA,NA,NA,NA,NA
"BerryCrust_0003428",NA,NA,NA,NA,NA,NA,NA
"BerryCrust_0003429",NA,NA,NA,NA,NA,NA,NA
"BerryCrust_0003430",NA,NA,NA,NA,NA,NA,NA
"BerryCrust_0003431",NA,NA,NA,NA,NA,NA,NA
"BerryCrust_0003432",NA,NA,NA,NA,NA,NA,NA
"BerryCrust_0003433",NA,NA,NA,NA,NA,NA,NA
"BerryCrust_0003434","Eukaryota",NA,NA,NA,NA,NA,NA
"BerryCrust_0003435",NA,NA,NA,NA,NA,NA,NA
"BerryCrust_0003436",NA,NA,NA,NA,NA,NA,NA
"BerryCrust_0003437",NA,NA,NA,NA,NA,NA,NA
"BerryCrust_0003438",NA,NA,NA,NA,NA,NA,NA
"BerryCrust_0003439",NA,NA,NA,NA,NA,NA,NA
"BerryCrust_0003440",NA,NA,NA,NA,NA,NA,NA
"BerryCrust_0003441",NA,NA,NA,NA,NA,NA,NA
"BerryCrust_0003442",NA,NA,NA,NA,NA,NA,NA
"BerryCrust_0003443",NA,NA,NA,NA,NA,NA,NA
"BerryCrust_0003444",NA,NA,NA,NA,NA,NA,NA
"BerryCrust_0003445",NA,NA,NA,NA,NA,NA,NA
"BerryCrust_0003446",NA,NA,NA,NA,NA,NA,NA
"BerryCrust_0003447",NA,NA,NA,NA,NA,NA,NA
"BerryCrust_0003448",NA,NA,NA,NA,NA,NA,NA
"BerryCrust_0003449",NA,NA,NA,NA,NA,NA,NA
"BerryCrust_0003450",NA,NA,NA,NA,NA,NA,NA
"BerryCrust_0003451",NA,NA,NA,NA,NA,NA,NA
"BerryCrust_0003452",NA,NA,NA,NA,NA,NA,NA
"BerryCrust_0003453",NA,NA,NA,NA,NA,NA,NA
"BerryCrust_0003454",NA,NA,NA,NA,NA,NA,NA
"BerryCrust_0003455",NA,NA,NA,NA,NA,NA,NA
"BerryCrust_0003456",NA,NA,NA,NA,NA,NA,NA
"BerryCrust_0003457",NA,NA,NA,NA,NA,NA,NA
"BerryCrust_0003458",NA,NA,NA,NA,NA,NA,NA
"BerryCrust_0003459",NA,NA,NA,NA,NA,NA,NA
"BerryCrust_0003460",NA,NA,NA,NA,NA,NA,NA
"BerryCrust_0003461",NA,NA,NA,NA,NA,NA,NA
"BerryCrust_0003462",NA,NA,NA,NA,NA,NA,NA
"BerryCrust_0003463",NA,NA,NA,NA,NA,NA,NA
"BerryCrust_0003464","Eukaryota","Arthropoda","Malacostraca","Decapoda","Mithracidae","Teleophrys","Teleophrys cristulipes"
"BerryCrust_0003465",NA,NA,NA,NA,NA,NA,NA
"BerryCrust_0003466",NA,NA,NA,NA,NA,NA,NA
"BerryCrust_0003467",NA,NA,NA,NA,NA,NA,NA
"BerryCrust_0003468",NA,NA,NA,NA,NA,NA,NA
"BerryCrust_0003469",NA,NA,NA,NA,NA,NA,NA
"BerryCrust_0003470",NA,NA,NA,NA,NA,NA,NA
"BerryCrust_0003471","Eukaryota","Arthropoda","Malacostraca","Decapoda","Mithracidae","Teleophrys","Teleophrys cristulipes"
"BerryCrust_0003472",NA,NA,NA,NA,NA,NA,NA
"BerryCrust_0003473",NA,NA,NA,NA,NA,NA,NA
"BerryCrust_0003474",NA,NA,NA,NA,NA,NA,NA
"BerryCrust_0003475",NA,NA,NA,NA,NA,NA,NA
"BerryCrust_0003476",NA,NA,NA,NA,NA,NA,NA
"BerryCrust_0003477",NA,NA,NA,NA,NA,NA,NA
"BerryCrust_0003478",NA,NA,NA,NA,NA,NA,NA
"BerryCrust_0003479",NA,NA,NA,NA,NA,NA,NA
"BerryCrust_0003480",NA,NA,NA,NA,NA,NA,NA
"BerryCrust_0003481",NA,NA,NA,NA,NA,NA,NA
"BerryCrust_0003482","Eukaryota","Arthropoda","Malacostraca","Decapoda","Mithracidae","Teleophrys","Teleophrys cristulipes"
"BerryCrust_0003483",NA,NA,NA,NA,NA,NA,NA
"BerryCrust_0003484",NA,NA,NA,NA,NA,NA,NA
"BerryCrust_0003485",NA,NA,NA,NA,NA,NA,NA
"BerryCrust_0003486",NA,NA,NA,NA,NA,NA,NA
"BerryCrust_0003487",NA,NA,NA,NA,NA,NA,NA
"BerryCrust_0003488",NA,NA,NA,NA,NA,NA,NA
"BerryCrust_0003489",NA,NA,NA,NA,NA,NA,NA
"BerryCrust_0003490",NA,NA,NA,NA,NA,NA,NA
"BerryCrust_0003491",NA,NA,NA,NA,NA,NA,NA
"BerryCrust_0003492",NA,NA,NA,NA,NA,NA,NA
"BerryCrust_0003493",NA,NA,NA,NA,NA,NA,NA
"BerryCrust_0003494",NA,NA,NA,NA,NA,NA,NA
"BerryCrust_0003495",NA,NA,NA,NA,NA,NA,NA
"BerryCrust_0003496",NA,NA,NA,NA,NA,NA,NA
"BerryCrust_0003497",NA,NA,NA,NA,NA,NA,NA
"BerryCrust_0003498",NA,NA,NA,NA,NA,NA,NA
"BerryCrust_0003499",NA,NA,NA,NA,NA,NA,NA
"BerryCrust_0003500",NA,NA,NA,NA,NA,NA,NA
"BerryCrust_0003501",NA,NA,NA,NA,NA,NA,NA
"BerryCrust_0003502",NA,NA,NA,NA,NA,NA,NA
"BerryCrust_0003503",NA,NA,NA,NA,NA,NA,NA
"BerryCrust_0003504",NA,NA,NA,NA,NA,NA,NA
"BerryCrust_0003505",NA,NA,NA,NA,NA,NA,NA
"BerryCrust_0003506",NA,NA,NA,NA,NA,NA,NA
"BerryCrust_0003507",NA,NA,NA,NA,NA,NA,NA
"BerryCrust_0003508",NA,NA,NA,NA,NA,NA,NA
"BerryCrust_0003509",NA,NA,NA,NA,NA,NA,NA
"BerryCrust_0003510",NA,NA,NA,NA,NA,NA,NA
"BerryCrust_0003511",NA,NA,NA,NA,NA,NA,NA
"BerryCrust_0003512",NA,NA,NA,NA,NA,NA,NA
"BerryCrust_0003513",NA,NA,NA,NA,NA,NA,NA
"BerryCrust_0003514",NA,NA,NA,NA,NA,NA,NA
"BerryCrust_0003515",NA,NA,NA,NA,NA,NA,NA
"BerryCrust_0003516",NA,NA,NA,NA,NA,NA,NA
"BerryCrust_0003517",NA,NA,NA,NA,NA,NA,NA
"BerryCrust_0003518",NA,NA,NA,NA,NA,NA,NA
"BerryCrust_0003519",NA,NA,NA,NA,NA,NA,NA
"BerryCrust_0003520",NA,NA,NA,NA,NA,NA,NA
"BerryCrust_0003521",NA,NA,NA,NA,NA,NA,NA
"BerryCrust_0003522",NA,NA,NA,NA,NA,NA,NA
"BerryCrust_0003523",NA,NA,NA,NA,NA,NA,NA
"BerryCrust_0003524",NA,NA,NA,NA,NA,NA,NA
"BerryCrust_0003525",NA,NA,NA,NA,NA,NA,NA
"BerryCrust_0003526",NA,NA,NA,NA,NA,NA,NA
"BerryCrust_0003527",NA,NA,NA,NA,NA,NA,NA
"BerryCrust_0003528",NA,NA,NA,NA,NA,NA,NA
"BerryCrust_0003529",NA,NA,NA,NA,NA,NA,NA
"BerryCrust_0003530",NA,NA,NA,NA,NA,NA,NA
"BerryCrust_0003531",NA,NA,NA,NA,NA,NA,NA
"BerryCrust_0003532",NA,NA,NA,NA,NA,NA,NA
"BerryCrust_0003533",NA,NA,NA,NA,NA,NA,NA
"BerryCrust_0003534","Eukaryota","Arthropoda","Malacostraca","Decapoda","Mithracidae","Teleophrys","Teleophrys cristulipes"
"BerryCrust_0003535",NA,NA,NA,NA,NA,NA,NA
"BerryCrust_0003536",NA,NA,NA,NA,NA,NA,NA
"BerryCrust_0003537",NA,NA,NA,NA,NA,NA,NA
"BerryCrust_0003538",NA,NA,NA,NA,NA,NA,NA
"BerryCrust_0003539",NA,NA,NA,NA,NA,NA,NA
"BerryCrust_0003540",NA,NA,NA,NA,NA,NA,NA
"BerryCrust_0003541",NA,NA,NA,NA,NA,NA,NA
"BerryCrust_0003542",NA,NA,NA,NA,NA,NA,NA
"BerryCrust_0003543",NA,NA,NA,NA,NA,NA,NA
"BerryCrust_0003544",NA,NA,NA,NA,NA,NA,NA
"BerryCrust_0003545",NA,NA,NA,NA,NA,NA,NA
"BerryCrust_0003546",NA,NA,NA,NA,NA,NA,NA
"BerryCrust_0003547",NA,NA,NA,NA,NA,NA,NA
"BerryCrust_0003548",NA,NA,NA,NA,NA,NA,NA
"BerryCrust_0003549",NA,NA,NA,NA,NA,NA,NA
"BerryCrust_0003550",NA,NA,NA,NA,NA,NA,NA
"BerryCrust_0003551",NA,NA,NA,NA,NA,NA,NA
"BerryCrust_0003552",NA,NA,NA,NA,NA,NA,NA
"BerryCrust_0003553",NA,NA,NA,NA,NA,NA,NA
"BerryCrust_0003554",NA,NA,NA,NA,NA,NA,NA
"BerryCrust_0003555",NA,NA,NA,NA,NA,NA,NA
"BerryCrust_0003556",NA,NA,NA,NA,NA,NA,NA
"BerryCrust_0003557",NA,NA,NA,NA,NA,NA,NA
"BerryCrust_0003558",NA,NA,NA,NA,NA,NA,NA
"BerryCrust_0003559",NA,NA,NA,NA,NA,NA,NA
"BerryCrust_0003560",NA,NA,NA,NA,NA,NA,NA
"BerryCrust_0003561",NA,NA,NA,NA,NA,NA,NA
"BerryCrust_0003562",NA,NA,NA,NA,NA,NA,NA
"BerryCrust_0003563",NA,NA,NA,NA,NA,NA,NA
"BerryCrust_0003564",NA,NA,NA,NA,NA,NA,NA
"BerryCrust_0003565",NA,NA,NA,NA,NA,NA,NA
"BerryCrust_0003566",NA,NA,NA,NA,NA,NA,NA
"BerryCrust_0003567",NA,NA,NA,NA,NA,NA,NA
"BerryCrust_0003568",NA,NA,NA,NA,NA,NA,NA
"BerryCrust_0003569",NA,NA,NA,NA,NA,NA,NA
"BerryCrust_0003570",NA,NA,NA,NA,NA,NA,NA
"BerryCrust_0003571",NA,NA,NA,NA,NA,NA,NA
"BerryCrust_0003572",NA,NA,NA,NA,NA,NA,NA
"BerryCrust_0003573",NA,NA,NA,NA,NA,NA,NA
"BerryCrust_0003574",NA,NA,NA,NA,NA,NA,NA
"BerryCrust_0003575",NA,NA,NA,NA,NA,NA,NA
"BerryCrust_0003576",NA,NA,NA,NA,NA,NA,NA
"BerryCrust_0003577",NA,NA,NA,NA,NA,NA,NA
"BerryCrust_0003578",NA,NA,NA,NA,NA,NA,NA
"BerryCrust_0003579","Eukaryota","Arthropoda","Malacostraca","Decapoda","Mithracidae","Teleophrys","Teleophrys cristulipes"
"BerryCrust_0003580",NA,NA,NA,NA,NA,NA,NA
"BerryCrust_0003581","Eukaryota","Arthropoda","Malacostraca","Decapoda","Mithracidae","Teleophrys","Teleophrys cristulipes"
"BerryCrust_0003582",NA,NA,NA,NA,NA,NA,NA
"BerryCrust_0003583",NA,NA,NA,NA,NA,NA,NA
"BerryCrust_0003584",NA,NA,NA,NA,NA,NA,NA
"BerryCrust_0003585",NA,NA,NA,NA,NA,NA,NA
"BerryCrust_0003586",NA,NA,NA,NA,NA,NA,NA
"BerryCrust_0003587",NA,NA,NA,NA,NA,NA,NA
"BerryCrust_0003588",NA,NA,NA,NA,NA,NA,NA
"BerryCrust_0003589",NA,NA,NA,NA,NA,NA,NA
"BerryCrust_0003590",NA,NA,NA,NA,NA,NA,NA
"BerryCrust_0003591",NA,NA,NA,NA,NA,NA,NA
"BerryCrust_0003592","Eukaryota","Arthropoda",NA,NA,NA,NA,NA
"BerryCrust_0003593",NA,NA,NA,NA,NA,NA,NA
"BerryCrust_0003594",NA,NA,NA,NA,NA,NA,NA
"BerryCrust_0003595",NA,NA,NA,NA,NA,NA,NA
"BerryCrust_0003596",NA,NA,NA,NA,NA,NA,NA
"BerryCrust_0003597",NA,NA,NA,NA,NA,NA,NA
"BerryCrust_0003598",NA,NA,NA,NA,NA,NA,NA
"BerryCrust_0003599",NA,NA,NA,NA,NA,NA,NA
"BerryCrust_0003600",NA,NA,NA,NA,NA,NA,NA
"BerryCrust_0003601",NA,NA,NA,NA,NA,NA,NA
"BerryCrust_0003602",NA,NA,NA,NA,NA,NA,NA
"BerryCrust_0003603",NA,NA,NA,NA,NA,NA,NA
"BerryCrust_0003604",NA,NA,NA,NA,NA,NA,NA
"BerryCrust_0003605",NA,NA,NA,NA,NA,NA,NA
"BerryCrust_0003606",NA,NA,NA,NA,NA,NA,NA
"BerryCrust_0003607",NA,NA,NA,NA,NA,NA,NA
"BerryCrust_0003608",NA,NA,NA,NA,NA,NA,NA
"BerryCrust_0003609","Eukaryota","Arthropoda","Malacostraca","Decapoda","Mithracidae","Teleophrys","Teleophrys cristulipes"
"BerryCrust_0003610",NA,NA,NA,NA,NA,NA,NA
"BerryCrust_0003611",NA,NA,NA,NA,NA,NA,NA
"BerryCrust_0003612","Eukaryota","Arthropoda","Malacostraca","Decapoda","Mithracidae","Teleophrys","Teleophrys cristulipes"
"BerryCrust_0003613",NA,NA,NA,NA,NA,NA,NA
"BerryCrust_0003614",NA,NA,NA,NA,NA,NA,NA
"BerryCrust_0003615",NA,NA,NA,NA,NA,NA,NA
"BerryCrust_0003616","Eukaryota","Arthropoda","Malacostraca","Decapoda","Mithracidae","Teleophrys","Teleophrys cristulipes"
"BerryCrust_0003617",NA,NA,NA,NA,NA,NA,NA
"BerryCrust_0003618",NA,NA,NA,NA,NA,NA,NA
"BerryCrust_0003619","Eukaryota","Arthropoda","Malacostraca","Euphausiacea","Euphausiidae","Nyctiphanes","Nyctiphanes simplex"
"BerryCrust_0003620",NA,NA,NA,NA,NA,NA,NA
"BerryCrust_0003621",NA,NA,NA,NA,NA,NA,NA
"BerryCrust_0003622",NA,NA,NA,NA,NA,NA,NA
"BerryCrust_0003623",NA,NA,NA,NA,NA,NA,NA
"BerryCrust_0003624",NA,NA,NA,NA,NA,NA,NA
"BerryCrust_0003625",NA,NA,NA,NA,NA,NA,NA
"BerryCrust_0003626",NA,NA,NA,NA,NA,NA,NA
"BerryCrust_0003627",NA,NA,NA,NA,NA,NA,NA
"BerryCrust_0003628",NA,NA,NA,NA,NA,NA,NA
"BerryCrust_0003629",NA,NA,NA,NA,NA,NA,NA
"BerryCrust_0003630",NA,NA,NA,NA,NA,NA,NA
"BerryCrust_0003631",NA,NA,NA,NA,NA,NA,NA
"BerryCrust_0003632",NA,NA,NA,NA,NA,NA,NA
"BerryCrust_0003633",NA,NA,NA,NA,NA,NA,NA
"BerryCrust_0003634","Eukaryota","Arthropoda","Malacostraca","Decapoda","Mithracidae","Teleophrys","Teleophrys cristulipes"
"BerryCrust_0003635",NA,NA,NA,NA,NA,NA,NA
"BerryCrust_0003636",NA,NA,NA,NA,NA,NA,NA
"BerryCrust_0003637",NA,NA,NA,NA,NA,NA,NA
"BerryCrust_0003638",NA,NA,NA,NA,NA,NA,NA
"BerryCrust_0003639",NA,NA,NA,NA,NA,NA,NA
"BerryCrust_0003640",NA,NA,NA,NA,NA,NA,NA
"BerryCrust_0003641",NA,NA,NA,NA,NA,NA,NA
"BerryCrust_0003642",NA,NA,NA,NA,NA,NA,NA
"BerryCrust_0003643",NA,NA,NA,NA,NA,NA,NA
"BerryCrust_0003644",NA,NA,NA,NA,NA,NA,NA
"BerryCrust_0003645",NA,NA,NA,NA,NA,NA,NA
"BerryCrust_0003646",NA,NA,NA,NA,NA,NA,NA
"BerryCrust_0003647",NA,NA,NA,NA,NA,NA,NA
"BerryCrust_0003648",NA,NA,NA,NA,NA,NA,NA
"BerryCrust_0003649",NA,NA,NA,NA,NA,NA,NA
"BerryCrust_0003650",NA,NA,NA,NA,NA,NA,NA
"BerryCrust_0003651",NA,NA,NA,NA,NA,NA,NA
"BerryCrust_0003652",NA,NA,NA,NA,NA,NA,NA
"BerryCrust_0003653",NA,NA,NA,NA,NA,NA,NA
"BerryCrust_0003654",NA,NA,NA,NA,NA,NA,NA
"BerryCrust_0003655",NA,NA,NA,NA,NA,NA,NA
"BerryCrust_0003656",NA,NA,NA,NA,NA,NA,NA
"BerryCrust_0003657",NA,NA,NA,NA,NA,NA,NA
"BerryCrust_0003658",NA,NA,NA,NA,NA,NA,NA
"BerryCrust_0003659",NA,NA,NA,NA,NA,NA,NA
"BerryCrust_0003660",NA,NA,NA,NA,NA,NA,NA
"BerryCrust_0003661",NA,NA,NA,NA,NA,NA,NA
"BerryCrust_0003662",NA,NA,NA,NA,NA,NA,NA
"BerryCrust_0003663",NA,NA,NA,NA,NA,NA,NA
"BerryCrust_0003664",NA,NA,NA,NA,NA,NA,NA
"BerryCrust_0003665",NA,NA,NA,NA,NA,NA,NA
"BerryCrust_0003666",NA,NA,NA,NA,NA,NA,NA
"BerryCrust_0003667","Eukaryota","Arthropoda","Malacostraca","Decapoda","Mithracidae","Teleophrys","Teleophrys cristulipes"
"BerryCrust_0003668",NA,NA,NA,NA,NA,NA,NA
"BerryCrust_0003669",NA,NA,NA,NA,NA,NA,NA
"BerryCrust_0003670",NA,NA,NA,NA,NA,NA,NA
"BerryCrust_0003671",NA,NA,NA,NA,NA,NA,NA
"BerryCrust_0003672",NA,NA,NA,NA,NA,NA,NA
"BerryCrust_0003673",NA,NA,NA,NA,NA,NA,NA
"BerryCrust_0003674",NA,NA,NA,NA,NA,NA,NA
"BerryCrust_0003675",NA,NA,NA,NA,NA,NA,NA
"BerryCrust_0003676",NA,NA,NA,NA,NA,NA,NA
"BerryCrust_0003677",NA,NA,NA,NA,NA,NA,NA
"BerryCrust_0003678",NA,NA,NA,NA,NA,NA,NA
"BerryCrust_0003679",NA,NA,NA,NA,NA,NA,NA
"BerryCrust_0003680",NA,NA,NA,NA,NA,NA,NA
"BerryCrust_0003681",NA,NA,NA,NA,NA,NA,NA
"BerryCrust_0003682",NA,NA,NA,NA,NA,NA,NA
"BerryCrust_0003683",NA,NA,NA,NA,NA,NA,NA
"BerryCrust_0003684",NA,NA,NA,NA,NA,NA,NA
"BerryCrust_0003685",NA,NA,NA,NA,NA,NA,NA
"BerryCrust_0003686",NA,NA,NA,NA,NA,NA,NA
"BerryCrust_0003687",NA,NA,NA,NA,NA,NA,NA
"BerryCrust_0003688",NA,NA,NA,NA,NA,NA,NA
"BerryCrust_0003689",NA,NA,NA,NA,NA,NA,NA
"BerryCrust_0003690",NA,NA,NA,NA,NA,NA,NA
"BerryCrust_0003691",NA,NA,NA,NA,NA,NA,NA
"BerryCrust_0003692",NA,NA,NA,NA,NA,NA,NA
"BerryCrust_0003693",NA,NA,NA,NA,NA,NA,NA
"BerryCrust_0003694",NA,NA,NA,NA,NA,NA,NA
"BerryCrust_0003695",NA,NA,NA,NA,NA,NA,NA
"BerryCrust_0003696",NA,NA,NA,NA,NA,NA,NA
"BerryCrust_0003697",NA,NA,NA,NA,NA,NA,NA
"BerryCrust_0003698",NA,NA,NA,NA,NA,NA,NA
"BerryCrust_0003699",NA,NA,NA,NA,NA,NA,NA
"BerryCrust_0003700",NA,NA,NA,NA,NA,NA,NA
"BerryCrust_0003701",NA,NA,NA,NA,NA,NA,NA
"BerryCrust_0003702",NA,NA,NA,NA,NA,NA,NA
"BerryCrust_0003703",NA,NA,NA,NA,NA,NA,NA
"BerryCrust_0003704",NA,NA,NA,NA,NA,NA,NA
"BerryCrust_0003705",NA,NA,NA,NA,NA,NA,NA
"BerryCrust_0003706",NA,NA,NA,NA,NA,NA,NA
"BerryCrust_0003707",NA,NA,NA,NA,NA,NA,NA
"BerryCrust_0003708",NA,NA,NA,NA,NA,NA,NA
"BerryCrust_0003709",NA,NA,NA,NA,NA,NA,NA
"BerryCrust_0003710",NA,NA,NA,NA,NA,NA,NA
"BerryCrust_0003711",NA,NA,NA,NA,NA,NA,NA
"BerryCrust_0003712",NA,NA,NA,NA,NA,NA,NA
"BerryCrust_0003713",NA,NA,NA,NA,NA,NA,NA
"BerryCrust_0003714",NA,NA,NA,NA,NA,NA,NA
"BerryCrust_0003715","Eukaryota","Arthropoda","Malacostraca","Decapoda","Mithracidae","Teleophrys","Teleophrys cristulipes"
"BerryCrust_0003716",NA,NA,NA,NA,NA,NA,NA
"BerryCrust_0003717",NA,NA,NA,NA,NA,NA,NA
"BerryCrust_0003718",NA,NA,NA,NA,NA,NA,NA
"BerryCrust_0003719",NA,NA,NA,NA,NA,NA,NA
"BerryCrust_0003720",NA,NA,NA,NA,NA,NA,NA
"BerryCrust_0003721",NA,NA,NA,NA,NA,NA,NA
"BerryCrust_0003722",NA,NA,NA,NA,NA,NA,NA
"BerryCrust_0003723",NA,NA,NA,NA,NA,NA,NA
"BerryCrust_0003724","Eukaryota","Arthropoda","Malacostraca","Decapoda","Mithracidae","Teleophrys","Teleophrys cristulipes"
"BerryCrust_0003725",NA,NA,NA,NA,NA,NA,NA
"BerryCrust_0003726",NA,NA,NA,NA,NA,NA,NA
"BerryCrust_0003727",NA,NA,NA,NA,NA,NA,NA
"BerryCrust_0003728",NA,NA,NA,NA,NA,NA,NA
"BerryCrust_0003729",NA,NA,NA,NA,NA,NA,NA
"BerryCrust_0003730",NA,NA,NA,NA,NA,NA,NA
"BerryCrust_0003731",NA,NA,NA,NA,NA,NA,NA
"BerryCrust_0003732",NA,NA,NA,NA,NA,NA,NA
"BerryCrust_0003733",NA,NA,NA,NA,NA,NA,NA
"BerryCrust_0003734",NA,NA,NA,NA,NA,NA,NA
"BerryCrust_0003735",NA,NA,NA,NA,NA,NA,NA
"BerryCrust_0003736",NA,NA,NA,NA,NA,NA,NA
"BerryCrust_0003737",NA,NA,NA,NA,NA,NA,NA
"BerryCrust_0003738",NA,NA,NA,NA,NA,NA,NA
"BerryCrust_0003739",NA,NA,NA,NA,NA,NA,NA
"BerryCrust_0003740",NA,NA,NA,NA,NA,NA,NA
"BerryCrust_0003741",NA,NA,NA,NA,NA,NA,NA
"BerryCrust_0003742",NA,NA,NA,NA,NA,NA,NA
"BerryCrust_0003743",NA,NA,NA,NA,NA,NA,NA
"BerryCrust_0003744",NA,NA,NA,NA,NA,NA,NA
"BerryCrust_0003745",NA,NA,NA,NA,NA,NA,NA
"BerryCrust_0003746",NA,NA,NA,NA,NA,NA,NA
"BerryCrust_0003747","Eukaryota","Arthropoda","Malacostraca","Decapoda","Mithracidae","Teleophrys","Teleophrys cristulipes"
"BerryCrust_0003748",NA,NA,NA,NA,NA,NA,NA
"BerryCrust_0003749",NA,NA,NA,NA,NA,NA,NA
"BerryCrust_0003750",NA,NA,NA,NA,NA,NA,NA
"BerryCrust_0003751",NA,NA,NA,NA,NA,NA,NA
"BerryCrust_0003752","Eukaryota","Arthropoda","Malacostraca","Decapoda","Mithracidae","Teleophrys","Teleophrys cristulipes"
"BerryCrust_0003753",NA,NA,NA,NA,NA,NA,NA
"BerryCrust_0003754",NA,NA,NA,NA,NA,NA,NA
"BerryCrust_0003755","Eukaryota","Arthropoda","Malacostraca","Decapoda","Mithracidae","Teleophrys","Teleophrys cristulipes"
"BerryCrust_0003756",NA,NA,NA,NA,NA,NA,NA
"BerryCrust_0003757",NA,NA,NA,NA,NA,NA,NA
"BerryCrust_0003758",NA,NA,NA,NA,NA,NA,NA
"BerryCrust_0003759",NA,NA,NA,NA,NA,NA,NA
"BerryCrust_0003760",NA,NA,NA,NA,NA,NA,NA
"BerryCrust_0003761",NA,NA,NA,NA,NA,NA,NA
"BerryCrust_0003762",NA,NA,NA,NA,NA,NA,NA
"BerryCrust_0003763",NA,NA,NA,NA,NA,NA,NA
"BerryCrust_0003764",NA,NA,NA,NA,NA,NA,NA
"BerryCrust_0003765",NA,NA,NA,NA,NA,NA,NA
"BerryCrust_0003766",NA,NA,NA,NA,NA,NA,NA
"BerryCrust_0003767",NA,NA,NA,NA,NA,NA,NA
"BerryCrust_0003768",NA,NA,NA,NA,NA,NA,NA
"BerryCrust_0003769",NA,NA,NA,NA,NA,NA,NA
"BerryCrust_0003770",NA,NA,NA,NA,NA,NA,NA
"BerryCrust_0003771",NA,NA,NA,NA,NA,NA,NA
"BerryCrust_0003772",NA,NA,NA,NA,NA,NA,NA
"BerryCrust_0003773",NA,NA,NA,NA,NA,NA,NA
"BerryCrust_0003774",NA,NA,NA,NA,NA,NA,NA
"BerryCrust_0003775",NA,NA,NA,NA,NA,NA,NA
"BerryCrust_0003776",NA,NA,NA,NA,NA,NA,NA
"BerryCrust_0003777",NA,NA,NA,NA,NA,NA,NA
"BerryCrust_0003778",NA,NA,NA,NA,NA,NA,NA
"BerryCrust_0003779",NA,NA,NA,NA,NA,NA,NA
"BerryCrust_0003780",NA,NA,NA,NA,NA,NA,NA
"BerryCrust_0003781",NA,NA,NA,NA,NA,NA,NA
"BerryCrust_0003782",NA,NA,NA,NA,NA,NA,NA
"BerryCrust_0003783",NA,NA,NA,NA,NA,NA,NA
"BerryCrust_0003784",NA,NA,NA,NA,NA,NA,NA
"BerryCrust_0003785",NA,NA,NA,NA,NA,NA,NA
"BerryCrust_0003786",NA,NA,NA,NA,NA,NA,NA
"BerryCrust_0003787","Eukaryota","Arthropoda","Malacostraca","Decapoda","Mithracidae","Teleophrys","Teleophrys cristulipes"
"BerryCrust_0003788",NA,NA,NA,NA,NA,NA,NA
"BerryCrust_0003789",NA,NA,NA,NA,NA,NA,NA
"BerryCrust_0003790",NA,NA,NA,NA,NA,NA,NA
"BerryCrust_0003791",NA,NA,NA,NA,NA,NA,NA
"BerryCrust_0003792",NA,NA,NA,NA,NA,NA,NA
"BerryCrust_0003793",NA,NA,NA,NA,NA,NA,NA
"BerryCrust_0003794",NA,NA,NA,NA,NA,NA,NA
"BerryCrust_0003795",NA,NA,NA,NA,NA,NA,NA
"BerryCrust_0003796",NA,NA,NA,NA,NA,NA,NA
"BerryCrust_0003797",NA,NA,NA,NA,NA,NA,NA
"BerryCrust_0003798",NA,NA,NA,NA,NA,NA,NA
"BerryCrust_0003799",NA,NA,NA,NA,NA,NA,NA
"BerryCrust_0003800","Eukaryota","Arthropoda","Malacostraca","Decapoda","Mithracidae","Teleophrys","Teleophrys cristulipes"
"BerryCrust_0003801",NA,NA,NA,NA,NA,NA,NA
"BerryCrust_0003802",NA,NA,NA,NA,NA,NA,NA
"BerryCrust_0003803","Eukaryota","Arthropoda",NA,NA,NA,NA,NA
"BerryCrust_0003804",NA,NA,NA,NA,NA,NA,NA
"BerryCrust_0003805","Eukaryota","Arthropoda","Malacostraca","Decapoda","Mithracidae","Teleophrys","Teleophrys cristulipes"
"BerryCrust_0003806",NA,NA,NA,NA,NA,NA,NA
"BerryCrust_0003807",NA,NA,NA,NA,NA,NA,NA
"BerryCrust_0003808",NA,NA,NA,NA,NA,NA,NA
"BerryCrust_0003809",NA,NA,NA,NA,NA,NA,NA
"BerryCrust_0003810",NA,NA,NA,NA,NA,NA,NA
"BerryCrust_0003811",NA,NA,NA,NA,NA,NA,NA
"BerryCrust_0003812",NA,NA,NA,NA,NA,NA,NA
"BerryCrust_0003813",NA,NA,NA,NA,NA,NA,NA
"BerryCrust_0003814",NA,NA,NA,NA,NA,NA,NA
"BerryCrust_0003815",NA,NA,NA,NA,NA,NA,NA
"BerryCrust_0003816",NA,NA,NA,NA,NA,NA,NA
"BerryCrust_0003817",NA,NA,NA,NA,NA,NA,NA
"BerryCrust_0003818",NA,NA,NA,NA,NA,NA,NA
"BerryCrust_0003819",NA,NA,NA,NA,NA,NA,NA
"BerryCrust_0003820",NA,NA,NA,NA,NA,NA,NA
"BerryCrust_0003821",NA,NA,NA,NA,NA,NA,NA
"BerryCrust_0003822",NA,NA,NA,NA,NA,NA,NA
"BerryCrust_0003823",NA,NA,NA,NA,NA,NA,NA
"BerryCrust_0003824",NA,NA,NA,NA,NA,NA,NA
"BerryCrust_0003825",NA,NA,NA,NA,NA,NA,NA
"BerryCrust_0003826",NA,NA,NA,NA,NA,NA,NA
"BerryCrust_0003827",NA,NA,NA,NA,NA,NA,NA
"BerryCrust_0003828",NA,NA,NA,NA,NA,NA,NA
"BerryCrust_0003829",NA,NA,NA,NA,NA,NA,NA
"BerryCrust_0003830",NA,NA,NA,NA,NA,NA,NA
"BerryCrust_0003831",NA,NA,NA,NA,NA,NA,NA
"BerryCrust_0003832",NA,NA,NA,NA,NA,NA,NA
"BerryCrust_0003833",NA,NA,NA,NA,NA,NA,NA
"BerryCrust_0003834",NA,NA,NA,NA,NA,NA,NA
"BerryCrust_0003835",NA,NA,NA,NA,NA,NA,NA
"BerryCrust_0003836",NA,NA,NA,NA,NA,NA,NA
"BerryCrust_0003837",NA,NA,NA,NA,NA,NA,NA
"BerryCrust_0003838",NA,NA,NA,NA,NA,NA,NA
"BerryCrust_0003839",NA,NA,NA,NA,NA,NA,NA
"BerryCrust_0003840",NA,NA,NA,NA,NA,NA,NA
"BerryCrust_0003841",NA,NA,NA,NA,NA,NA,NA
"BerryCrust_0003842",NA,NA,NA,NA,NA,NA,NA
"BerryCrust_0003843",NA,NA,NA,NA,NA,NA,NA
"BerryCrust_0003844",NA,NA,NA,NA,NA,NA,NA
"BerryCrust_0003845",NA,NA,NA,NA,NA,NA,NA
"BerryCrust_0003846",NA,NA,NA,NA,NA,NA,NA
"BerryCrust_0003847",NA,NA,NA,NA,NA,NA,NA
"BerryCrust_0003848",NA,NA,NA,NA,NA,NA,NA
"BerryCrust_0003849",NA,NA,NA,NA,NA,NA,NA
"BerryCrust_0003850",NA,NA,NA,NA,NA,NA,NA
"BerryCrust_0003851",NA,NA,NA,NA,NA,NA,NA
"BerryCrust_0003852",NA,NA,NA,NA,NA,NA,NA
"BerryCrust_0003853",NA,NA,NA,NA,NA,NA,NA
"BerryCrust_0003854",NA,NA,NA,NA,NA,NA,NA
"BerryCrust_0003855",NA,NA,NA,NA,NA,NA,NA
"BerryCrust_0003856",NA,NA,NA,NA,NA,NA,NA
"BerryCrust_0003857",NA,NA,NA,NA,NA,NA,NA
"BerryCrust_0003858",NA,NA,NA,NA,NA,NA,NA
"BerryCrust_0003859",NA,NA,NA,NA,NA,NA,NA
"BerryCrust_0003860",NA,NA,NA,NA,NA,NA,NA
"BerryCrust_0003861",NA,NA,NA,NA,NA,NA,NA
"BerryCrust_0003862",NA,NA,NA,NA,NA,NA,NA
"BerryCrust_0003863",NA,NA,NA,NA,NA,NA,NA
"BerryCrust_0003864",NA,NA,NA,NA,NA,NA,NA
"BerryCrust_0003865",NA,NA,NA,NA,NA,NA,NA
"BerryCrust_0003866",NA,NA,NA,NA,NA,NA,NA
"BerryCrust_0003867",NA,NA,NA,NA,NA,NA,NA
"BerryCrust_0003868",NA,NA,NA,NA,NA,NA,NA
"BerryCrust_0003869",NA,NA,NA,NA,NA,NA,NA
"BerryCrust_0003870",NA,NA,NA,NA,NA,NA,NA
"BerryCrust_0003871",NA,NA,NA,NA,NA,NA,NA
"BerryCrust_0003872",NA,NA,NA,NA,NA,NA,NA
"BerryCrust_0003873",NA,NA,NA,NA,NA,NA,NA
"BerryCrust_0003874",NA,NA,NA,NA,NA,NA,NA
"BerryCrust_0003875",NA,NA,NA,NA,NA,NA,NA
"BerryCrust_0003876",NA,NA,NA,NA,NA,NA,NA
"BerryCrust_0003877",NA,NA,NA,NA,NA,NA,NA
"BerryCrust_0003878",NA,NA,NA,NA,NA,NA,NA
"BerryCrust_0003879",NA,NA,NA,NA,NA,NA,NA
"BerryCrust_0003880",NA,NA,NA,NA,NA,NA,NA
"BerryCrust_0003881",NA,NA,NA,NA,NA,NA,NA
"BerryCrust_0003882",NA,NA,NA,NA,NA,NA,NA
"BerryCrust_0003883",NA,NA,NA,NA,NA,NA,NA
"BerryCrust_0003884",NA,NA,NA,NA,NA,NA,NA
"BerryCrust_0003885",NA,NA,NA,NA,NA,NA,NA
"BerryCrust_0003886",NA,NA,NA,NA,NA,NA,NA
"BerryCrust_0003887",NA,NA,NA,NA,NA,NA,NA
"BerryCrust_0003888",NA,NA,NA,NA,NA,NA,NA
"BerryCrust_0003889",NA,NA,NA,NA,NA,NA,NA
"BerryCrust_0003890",NA,NA,NA,NA,NA,NA,NA
"BerryCrust_0003891",NA,NA,NA,NA,NA,NA,NA
"BerryCrust_0003892",NA,NA,NA,NA,NA,NA,NA
"BerryCrust_0003893",NA,NA,NA,NA,NA,NA,NA
"BerryCrust_0003894",NA,NA,NA,NA,NA,NA,NA
"BerryCrust_0003895",NA,NA,NA,NA,NA,NA,NA
"BerryCrust_0003896",NA,NA,NA,NA,NA,NA,NA
"BerryCrust_0003897",NA,NA,NA,NA,NA,NA,NA
"BerryCrust_0003898",NA,NA,NA,NA,NA,NA,NA
"BerryCrust_0003899",NA,NA,NA,NA,NA,NA,NA
"BerryCrust_0003900",NA,NA,NA,NA,NA,NA,NA
"BerryCrust_0003901",NA,NA,NA,NA,NA,NA,NA
"BerryCrust_0003902",NA,NA,NA,NA,NA,NA,NA
"BerryCrust_0003903",NA,NA,NA,NA,NA,NA,NA
"BerryCrust_0003904",NA,NA,NA,NA,NA,NA,NA
"BerryCrust_0003905",NA,NA,NA,NA,NA,NA,NA
"BerryCrust_0003906",NA,NA,NA,NA,NA,NA,NA
"BerryCrust_0003907",NA,NA,NA,NA,NA,NA,NA
"BerryCrust_0003908",NA,NA,NA,NA,NA,NA,NA
"BerryCrust_0003909",NA,NA,NA,NA,NA,NA,NA
"BerryCrust_0003910",NA,NA,NA,NA,NA,NA,NA
"BerryCrust_0003911",NA,NA,NA,NA,NA,NA,NA
"BerryCrust_0003912",NA,NA,NA,NA,NA,NA,NA
"BerryCrust_0003913",NA,NA,NA,NA,NA,NA,NA
"BerryCrust_0003914",NA,NA,NA,NA,NA,NA,NA
"BerryCrust_0003915",NA,NA,NA,NA,NA,NA,NA
"BerryCrust_0003916",NA,NA,NA,NA,NA,NA,NA
"BerryCrust_0003917",NA,NA,NA,NA,NA,NA,NA
"BerryCrust_0003918",NA,NA,NA,NA,NA,NA,NA
"BerryCrust_0003919",NA,NA,NA,NA,NA,NA,NA
"BerryCrust_0003920",NA,NA,NA,NA,NA,NA,NA
"BerryCrust_0003921",NA,NA,NA,NA,NA,NA,NA
"BerryCrust_0003922",NA,NA,NA,NA,NA,NA,NA
"BerryCrust_0003923",NA,NA,NA,NA,NA,NA,NA
"BerryCrust_0003924",NA,NA,NA,NA,NA,NA,NA
"BerryCrust_0003925",NA,NA,NA,NA,NA,NA,NA
"BerryCrust_0003926",NA,NA,NA,NA,NA,NA,NA
"BerryCrust_0003927",NA,NA,NA,NA,NA,NA,NA
"BerryCrust_0003928",NA,NA,NA,NA,NA,NA,NA
"BerryCrust_0003929",NA,NA,NA,NA,NA,NA,NA
"BerryCrust_0003930",NA,NA,NA,NA,NA,NA,NA
"BerryCrust_0003931",NA,NA,NA,NA,NA,NA,NA
"BerryCrust_0003932",NA,NA,NA,NA,NA,NA,NA
"BerryCrust_0003933",NA,NA,NA,NA,NA,NA,NA
"BerryCrust_0003934",NA,NA,NA,NA,NA,NA,NA
"BerryCrust_0003935",NA,NA,NA,NA,NA,NA,NA
"BerryCrust_0003936",NA,NA,NA,NA,NA,NA,NA
"BerryCrust_0003937",NA,NA,NA,NA,NA,NA,NA
"BerryCrust_0003938",NA,NA,NA,NA,NA,NA,NA
"BerryCrust_0003939",NA,NA,NA,NA,NA,NA,NA
"BerryCrust_0003940",NA,NA,NA,NA,NA,NA,NA
"BerryCrust_0003941",NA,NA,NA,NA,NA,NA,NA
"BerryCrust_0003942",NA,NA,NA,NA,NA,NA,NA
"BerryCrust_0003943",NA,NA,NA,NA,NA,NA,NA
"BerryCrust_0003944",NA,NA,NA,NA,NA,NA,NA
"BerryCrust_0003945",NA,NA,NA,NA,NA,NA,NA
"BerryCrust_0003946",NA,NA,NA,NA,NA,NA,NA
"BerryCrust_0003947",NA,NA,NA,NA,NA,NA,NA
"BerryCrust_0003948",NA,NA,NA,NA,NA,NA,NA
"BerryCrust_0003949",NA,NA,NA,NA,NA,NA,NA
"BerryCrust_0003950",NA,NA,NA,NA,NA,NA,NA
"BerryCrust_0003951",NA,NA,NA,NA,NA,NA,NA
"BerryCrust_0003952",NA,NA,NA,NA,NA,NA,NA
"BerryCrust_0003953",NA,NA,NA,NA,NA,NA,NA
"BerryCrust_0003954",NA,NA,NA,NA,NA,NA,NA
"BerryCrust_0003955",NA,NA,NA,NA,NA,NA,NA
"BerryCrust_0003956",NA,NA,NA,NA,NA,NA,NA
"BerryCrust_0003957",NA,NA,NA,NA,NA,NA,NA
"BerryCrust_0003958",NA,NA,NA,NA,NA,NA,NA
"BerryCrust_0003959",NA,NA,NA,NA,NA,NA,NA
"BerryCrust_0003960",NA,NA,NA,NA,NA,NA,NA
"BerryCrust_0003961",NA,NA,NA,NA,NA,NA,NA
"BerryCrust_0003962",NA,NA,NA,NA,NA,NA,NA
"BerryCrust_0003963",NA,NA,NA,NA,NA,NA,NA
"BerryCrust_0003964",NA,NA,NA,NA,NA,NA,NA
"BerryCrust_0003965",NA,NA,NA,NA,NA,NA,NA
"BerryCrust_0003966",NA,NA,NA,NA,NA,NA,NA
"BerryCrust_0003967",NA,NA,NA,NA,NA,NA,NA
"BerryCrust_0003968",NA,NA,NA,NA,NA,NA,NA
"BerryCrust_0003969",NA,NA,NA,NA,NA,NA,NA
"BerryCrust_0003970",NA,NA,NA,NA,NA,NA,NA
"BerryCrust_0003971",NA,NA,NA,NA,NA,NA,NA
"BerryCrust_0003972",NA,NA,NA,NA,NA,NA,NA
"BerryCrust_0003973",NA,NA,NA,NA,NA,NA,NA
"BerryCrust_0003974",NA,NA,NA,NA,NA,NA,NA
"BerryCrust_0003975",NA,NA,NA,NA,NA,NA,NA
"BerryCrust_0003976",NA,NA,NA,NA,NA,NA,NA
"BerryCrust_0003977",NA,NA,NA,NA,NA,NA,NA
"BerryCrust_0003978",NA,NA,NA,NA,NA,NA,NA
"BerryCrust_0003979",NA,NA,NA,NA,NA,NA,NA
"BerryCrust_0003980",NA,NA,NA,NA,NA,NA,NA
"BerryCrust_0003981",NA,NA,NA,NA,NA,NA,NA
"BerryCrust_0003982",NA,NA,NA,NA,NA,NA,NA
"BerryCrust_0003983",NA,NA,NA,NA,NA,NA,NA
"BerryCrust_0003984",NA,NA,NA,NA,NA,NA,NA
"BerryCrust_0003985",NA,NA,NA,NA,NA,NA,NA
"BerryCrust_0003986",NA,NA,NA,NA,NA,NA,NA
"BerryCrust_0003987",NA,NA,NA,NA,NA,NA,NA
"BerryCrust_0003988",NA,NA,NA,NA,NA,NA,NA
"BerryCrust_0003989",NA,NA,NA,NA,NA,NA,NA
"BerryCrust_0003990",NA,NA,NA,NA,NA,NA,NA
"BerryCrust_0003991",NA,NA,NA,NA,NA,NA,NA
"BerryCrust_0003992",NA,NA,NA,NA,NA,NA,NA
"BerryCrust_0003993",NA,NA,NA,NA,NA,NA,NA
"BerryCrust_0003994",NA,NA,NA,NA,NA,NA,NA
"BerryCrust_0003995",NA,NA,NA,NA,NA,NA,NA
"BerryCrust_0003996",NA,NA,NA,NA,NA,NA,NA
"BerryCrust_0003997",NA,NA,NA,NA,NA,NA,NA
"BerryCrust_0003998",NA,NA,NA,NA,NA,NA,NA
"BerryCrust_0003999",NA,NA,NA,NA,NA,NA,NA
"BerryCrust_0004000","Eukaryota",NA,NA,NA,NA,NA,NA
"BerryCrust_0004001",NA,NA,NA,NA,NA,NA,NA
"BerryCrust_0004002","Eukaryota",NA,NA,NA,NA,NA,NA
"BerryCrust_0004003",NA,NA,NA,NA,NA,NA,NA
"BerryCrust_0004004",NA,NA,NA,NA,NA,NA,NA
"BerryCrust_0004005",NA,NA,NA,NA,NA,NA,NA
"BerryCrust_0004006","Eukaryota",NA,NA,NA,NA,NA,NA
"BerryCrust_0004007","Eukaryota",NA,NA,NA,NA,NA,NA
"BerryCrust_0004008","Eukaryota",NA,NA,NA,NA,NA,NA
"BerryCrust_0004009",NA,NA,NA,NA,NA,NA,NA
"BerryCrust_0004010",NA,NA,NA,NA,NA,NA,NA
"BerryCrust_0004011",NA,NA,NA,NA,NA,NA,NA
"BerryCrust_0004012","Eukaryota",NA,NA,NA,NA,NA,NA
"BerryCrust_0004013","Eukaryota",NA,NA,NA,NA,NA,NA
"BerryCrust_0004014",NA,NA,NA,NA,NA,NA,NA
"BerryCrust_0004015",NA,NA,NA,NA,NA,NA,NA
"BerryCrust_0004016",NA,NA,NA,NA,NA,NA,NA
"BerryCrust_0004017",NA,NA,NA,NA,NA,NA,NA
"BerryCrust_0004018",NA,NA,NA,NA,NA,NA,NA
"BerryCrust_0004019",NA,NA,NA,NA,NA,NA,NA
"BerryCrust_0004020",NA,NA,NA,NA,NA,NA,NA
"BerryCrust_0004021",NA,NA,NA,NA,NA,NA,NA
"BerryCrust_0004022",NA,NA,NA,NA,NA,NA,NA
"BerryCrust_0004023",NA,NA,NA,NA,NA,NA,NA
"BerryCrust_0004024",NA,NA,NA,NA,NA,NA,NA
"BerryCrust_0004025","Eukaryota","Arthropoda","Malacostraca","Decapoda","Mithracidae","Teleophrys","Teleophrys cristulipes"
"BerryCrust_0004026",NA,NA,NA,NA,NA,NA,NA
"BerryCrust_0004027",NA,NA,NA,NA,NA,NA,NA
"BerryCrust_0004028","Eukaryota",NA,NA,NA,NA,NA,NA
"BerryCrust_0004029","Eukaryota",NA,NA,NA,NA,NA,NA
"BerryCrust_0004030",NA,NA,NA,NA,NA,NA,NA
"BerryCrust_0004031",NA,NA,NA,NA,NA,NA,NA
"BerryCrust_0004032","Eukaryota",NA,NA,NA,NA,NA,NA
"BerryCrust_0004033",NA,NA,NA,NA,NA,NA,NA
"BerryCrust_0004034",NA,NA,NA,NA,NA,NA,NA
"BerryCrust_0004035","Eukaryota",NA,NA,NA,NA,NA,NA
"BerryCrust_0004036","Eukaryota",NA,NA,NA,NA,NA,NA
"BerryCrust_0004037",NA,NA,NA,NA,NA,NA,NA
"BerryCrust_0004038",NA,NA,NA,NA,NA,NA,NA
"BerryCrust_0004039","Eukaryota","Arthropoda","Malacostraca","Decapoda","Mithracidae","Teleophrys","Teleophrys cristulipes"
"BerryCrust_0004040","Eukaryota",NA,NA,NA,NA,NA,NA
"BerryCrust_0004041",NA,NA,NA,NA,NA,NA,NA
"BerryCrust_0004042","Eukaryota",NA,NA,NA,NA,NA,NA
"BerryCrust_0004043",NA,NA,NA,NA,NA,NA,NA
"BerryCrust_0004044","Eukaryota",NA,NA,NA,NA,NA,NA
"BerryCrust_0004045",NA,NA,NA,NA,NA,NA,NA
"BerryCrust_0004046",NA,NA,NA,NA,NA,NA,NA
"BerryCrust_0004047",NA,NA,NA,NA,NA,NA,NA
"BerryCrust_0004048",NA,NA,NA,NA,NA,NA,NA
"BerryCrust_0004049",NA,NA,NA,NA,NA,NA,NA
"BerryCrust_0004050",NA,NA,NA,NA,NA,NA,NA
"BerryCrust_0004051",NA,NA,NA,NA,NA,NA,NA
"BerryCrust_0004052",NA,NA,NA,NA,NA,NA,NA
"BerryCrust_0004053","Eukaryota",NA,NA,NA,NA,NA,NA
"BerryCrust_0004054","Eukaryota",NA,NA,NA,NA,NA,NA
"BerryCrust_0004055",NA,NA,NA,NA,NA,NA,NA
"BerryCrust_0004056","Eukaryota",NA,NA,NA,NA,NA,NA
"BerryCrust_0004057","Eukaryota",NA,NA,NA,NA,NA,NA
"BerryCrust_0004058",NA,NA,NA,NA,NA,NA,NA
"BerryCrust_0004059","Eukaryota","Arthropoda","Malacostraca","Decapoda","Mithracidae","Teleophrys","Teleophrys cristulipes"
"BerryCrust_0004060","Eukaryota",NA,NA,NA,NA,NA,NA
"BerryCrust_0004061",NA,NA,NA,NA,NA,NA,NA
"BerryCrust_0004062",NA,NA,NA,NA,NA,NA,NA
"BerryCrust_0004063",NA,NA,NA,NA,NA,NA,NA
"BerryCrust_0004064","Eukaryota",NA,NA,NA,NA,NA,NA
"BerryCrust_0004065",NA,NA,NA,NA,NA,NA,NA
"BerryCrust_0004066",NA,NA,NA,NA,NA,NA,NA
"BerryCrust_0004067","Eukaryota",NA,NA,NA,NA,NA,NA
"BerryCrust_0004068",NA,NA,NA,NA,NA,NA,NA
"BerryCrust_0004069",NA,NA,NA,NA,NA,NA,NA
"BerryCrust_0004070",NA,NA,NA,NA,NA,NA,NA
"BerryCrust_0004071",NA,NA,NA,NA,NA,NA,NA
"BerryCrust_0004072",NA,NA,NA,NA,NA,NA,NA
"BerryCrust_0004073",NA,NA,NA,NA,NA,NA,NA
"BerryCrust_0004074",NA,NA,NA,NA,NA,NA,NA
"BerryCrust_0004075",NA,NA,NA,NA,NA,NA,NA
"BerryCrust_0004076",NA,NA,NA,NA,NA,NA,NA
"BerryCrust_0004077","Eukaryota",NA,NA,NA,NA,NA,NA
"BerryCrust_0004078","Eukaryota",NA,NA,NA,NA,NA,NA
"BerryCrust_0004079","Eukaryota",NA,NA,NA,NA,NA,NA
"BerryCrust_0004080",NA,NA,NA,NA,NA,NA,NA
"BerryCrust_0004081",NA,NA,NA,NA,NA,NA,NA
"BerryCrust_0004082",NA,NA,NA,NA,NA,NA,NA
"BerryCrust_0004083",NA,NA,NA,NA,NA,NA,NA
"BerryCrust_0004084",NA,NA,NA,NA,NA,NA,NA
"BerryCrust_0004085","Eukaryota",NA,NA,NA,NA,NA,NA
"BerryCrust_0004086",NA,NA,NA,NA,NA,NA,NA
"BerryCrust_0004087",NA,NA,NA,NA,NA,NA,NA
"BerryCrust_0004088","Eukaryota",NA,NA,NA,NA,NA,NA
"BerryCrust_0004089","Eukaryota",NA,NA,NA,NA,NA,NA
"BerryCrust_0004090",NA,NA,NA,NA,NA,NA,NA
"BerryCrust_0004091",NA,NA,NA,NA,NA,NA,NA
"BerryCrust_0004092",NA,NA,NA,NA,NA,NA,NA
"BerryCrust_0004093",NA,NA,NA,NA,NA,NA,NA
"BerryCrust_0004094",NA,NA,NA,NA,NA,NA,NA
"BerryCrust_0004095",NA,NA,NA,NA,NA,NA,NA
"BerryCrust_0004096","Eukaryota",NA,NA,NA,NA,NA,NA
"BerryCrust_0004097",NA,NA,NA,NA,NA,NA,NA
"BerryCrust_0004098","Eukaryota",NA,NA,NA,NA,NA,NA
"BerryCrust_0004099",NA,NA,NA,NA,NA,NA,NA
"BerryCrust_0004100","Eukaryota",NA,NA,NA,NA,NA,NA
"BerryCrust_0004101",NA,NA,NA,NA,NA,NA,NA
"BerryCrust_0004102",NA,NA,NA,NA,NA,NA,NA
"BerryCrust_0004103",NA,NA,NA,NA,NA,NA,NA
"BerryCrust_0004104",NA,NA,NA,NA,NA,NA,NA
"BerryCrust_0004105",NA,NA,NA,NA,NA,NA,NA
"BerryCrust_0004106",NA,NA,NA,NA,NA,NA,NA
"BerryCrust_0004107",NA,NA,NA,NA,NA,NA,NA
"BerryCrust_0004108",NA,NA,NA,NA,NA,NA,NA
"BerryCrust_0004109","Eukaryota",NA,NA,NA,NA,NA,NA
"BerryCrust_0004110","Eukaryota",NA,NA,NA,NA,NA,NA
"BerryCrust_0004111",NA,NA,NA,NA,NA,NA,NA
"BerryCrust_0004112","Eukaryota",NA,NA,NA,NA,NA,NA
"BerryCrust_0004113",NA,NA,NA,NA,NA,NA,NA
"BerryCrust_0004114",NA,NA,NA,NA,NA,NA,NA
"BerryCrust_0004115",NA,NA,NA,NA,NA,NA,NA
"BerryCrust_0004116",NA,NA,NA,NA,NA,NA,NA
"BerryCrust_0004117",NA,NA,NA,NA,NA,NA,NA
"BerryCrust_0004118","Eukaryota",NA,NA,NA,NA,NA,NA
"BerryCrust_0004119","Eukaryota",NA,NA,NA,NA,NA,NA
"BerryCrust_0004120",NA,NA,NA,NA,NA,NA,NA
"BerryCrust_0004121",NA,NA,NA,NA,NA,NA,NA
"BerryCrust_0004122",NA,NA,NA,NA,NA,NA,NA
"BerryCrust_0004123",NA,NA,NA,NA,NA,NA,NA
"BerryCrust_0004124",NA,NA,NA,NA,NA,NA,NA
"BerryCrust_0004125",NA,NA,NA,NA,NA,NA,NA
"BerryCrust_0004126",NA,NA,NA,NA,NA,NA,NA
"BerryCrust_0004127",NA,NA,NA,NA,NA,NA,NA
"BerryCrust_0004128","Eukaryota",NA,NA,NA,NA,NA,NA
"BerryCrust_0004129",NA,NA,NA,NA,NA,NA,NA
"BerryCrust_0004130",NA,NA,NA,NA,NA,NA,NA
"BerryCrust_0004131",NA,NA,NA,NA,NA,NA,NA
"BerryCrust_0004132",NA,NA,NA,NA,NA,NA,NA
"BerryCrust_0004133",NA,NA,NA,NA,NA,NA,NA
"BerryCrust_0004134","Eukaryota",NA,NA,NA,NA,NA,NA
"BerryCrust_0004135",NA,NA,NA,NA,NA,NA,NA
"BerryCrust_0004136",NA,NA,NA,NA,NA,NA,NA
"BerryCrust_0004137",NA,NA,NA,NA,NA,NA,NA
"BerryCrust_0004138",NA,NA,NA,NA,NA,NA,NA
"BerryCrust_0004139","Eukaryota",NA,NA,NA,NA,NA,NA
"BerryCrust_0004140",NA,NA,NA,NA,NA,NA,NA
"BerryCrust_0004141",NA,NA,NA,NA,NA,NA,NA
"BerryCrust_0004142","Eukaryota",NA,NA,NA,NA,NA,NA
"BerryCrust_0004143",NA,NA,NA,NA,NA,NA,NA
"BerryCrust_0004144",NA,NA,NA,NA,NA,NA,NA
"BerryCrust_0004145",NA,NA,NA,NA,NA,NA,NA
"BerryCrust_0004146","Eukaryota",NA,NA,NA,NA,NA,NA
"BerryCrust_0004147",NA,NA,NA,NA,NA,NA,NA
"BerryCrust_0004148",NA,NA,NA,NA,NA,NA,NA
"BerryCrust_0004149",NA,NA,NA,NA,NA,NA,NA
"BerryCrust_0004150",NA,NA,NA,NA,NA,NA,NA
"BerryCrust_0004151",NA,NA,NA,NA,NA,NA,NA
"BerryCrust_0004152",NA,NA,NA,NA,NA,NA,NA
"BerryCrust_0004153",NA,NA,NA,NA,NA,NA,NA
"BerryCrust_0004154",NA,NA,NA,NA,NA,NA,NA
"BerryCrust_0004155",NA,NA,NA,NA,NA,NA,NA
"BerryCrust_0004156",NA,NA,NA,NA,NA,NA,NA
"BerryCrust_0004157",NA,NA,NA,NA,NA,NA,NA
"BerryCrust_0004158",NA,NA,NA,NA,NA,NA,NA
"BerryCrust_0004159",NA,NA,NA,NA,NA,NA,NA
"BerryCrust_0004160",NA,NA,NA,NA,NA,NA,NA
"BerryCrust_0004161",NA,NA,NA,NA,NA,NA,NA
"BerryCrust_0004162",NA,NA,NA,NA,NA,NA,NA
"BerryCrust_0004163",NA,NA,NA,NA,NA,NA,NA
"BerryCrust_0004164",NA,NA,NA,NA,NA,NA,NA
"BerryCrust_0004165",NA,NA,NA,NA,NA,NA,NA
"BerryCrust_0004166",NA,NA,NA,NA,NA,NA,NA
"BerryCrust_0004167",NA,NA,NA,NA,NA,NA,NA
"BerryCrust_0004168",NA,NA,NA,NA,NA,NA,NA
"BerryCrust_0004169",NA,NA,NA,NA,NA,NA,NA
"BerryCrust_0004170","Eukaryota","Arthropoda","Malacostraca","Decapoda","Mithracidae","Teleophrys","Teleophrys cristulipes"
"BerryCrust_0004171",NA,NA,NA,NA,NA,NA,NA
"BerryCrust_0004172",NA,NA,NA,NA,NA,NA,NA
"BerryCrust_0004173",NA,NA,NA,NA,NA,NA,NA
"BerryCrust_0004174","Eukaryota","Arthropoda","Malacostraca","Decapoda","Mithracidae","Teleophrys","Teleophrys cristulipes"
"BerryCrust_0004175",NA,NA,NA,NA,NA,NA,NA
"BerryCrust_0004176",NA,NA,NA,NA,NA,NA,NA
"BerryCrust_0004177",NA,NA,NA,NA,NA,NA,NA
"BerryCrust_0004178",NA,NA,NA,NA,NA,NA,NA
"BerryCrust_0004179",NA,NA,NA,NA,NA,NA,NA
"BerryCrust_0004180",NA,NA,NA,NA,NA,NA,NA
"BerryCrust_0004181",NA,NA,NA,NA,NA,NA,NA
"BerryCrust_0004182",NA,NA,NA,NA,NA,NA,NA
"BerryCrust_0004183",NA,NA,NA,NA,NA,NA,NA
"BerryCrust_0004184",NA,NA,NA,NA,NA,NA,NA
"BerryCrust_0004185","Eukaryota",NA,NA,NA,NA,NA,NA
"BerryCrust_0004186",NA,NA,NA,NA,NA,NA,NA
"BerryCrust_0004187",NA,NA,NA,NA,NA,NA,NA
"BerryCrust_0004188",NA,NA,NA,NA,NA,NA,NA
"BerryCrust_0004189",NA,NA,NA,NA,NA,NA,NA
"BerryCrust_0004190","Eukaryota",NA,NA,NA,NA,NA,NA
"BerryCrust_0004191",NA,NA,NA,NA,NA,NA,NA
"BerryCrust_0004192",NA,NA,NA,NA,NA,NA,NA
"BerryCrust_0004193",NA,NA,NA,NA,NA,NA,NA
"BerryCrust_0004194",NA,NA,NA,NA,NA,NA,NA
"BerryCrust_0004195",NA,NA,NA,NA,NA,NA,NA
"BerryCrust_0004196",NA,NA,NA,NA,NA,NA,NA
"BerryCrust_0004197",NA,NA,NA,NA,NA,NA,NA
"BerryCrust_0004198",NA,NA,NA,NA,NA,NA,NA
"BerryCrust_0004199",NA,NA,NA,NA,NA,NA,NA
"BerryCrust_0004200",NA,NA,NA,NA,NA,NA,NA
"BerryCrust_0004201",NA,NA,NA,NA,NA,NA,NA
"BerryCrust_0004202",NA,NA,NA,NA,NA,NA,NA
"BerryCrust_0004203",NA,NA,NA,NA,NA,NA,NA
"BerryCrust_0004204",NA,NA,NA,NA,NA,NA,NA
"BerryCrust_0004205",NA,NA,NA,NA,NA,NA,NA
"BerryCrust_0004206",NA,NA,NA,NA,NA,NA,NA
"BerryCrust_0004207",NA,NA,NA,NA,NA,NA,NA
"BerryCrust_0004208",NA,NA,NA,NA,NA,NA,NA
"BerryCrust_0004209",NA,NA,NA,NA,NA,NA,NA
"BerryCrust_0004210",NA,NA,NA,NA,NA,NA,NA
"BerryCrust_0004211",NA,NA,NA,NA,NA,NA,NA
"BerryCrust_0004212",NA,NA,NA,NA,NA,NA,NA
"BerryCrust_0004213",NA,NA,NA,NA,NA,NA,NA
"BerryCrust_0004214","Eukaryota",NA,NA,NA,NA,NA,NA
"BerryCrust_0004215",NA,NA,NA,NA,NA,NA,NA
"BerryCrust_0004216",NA,NA,NA,NA,NA,NA,NA
"BerryCrust_0004217",NA,NA,NA,NA,NA,NA,NA
"BerryCrust_0004218",NA,NA,NA,NA,NA,NA,NA
"BerryCrust_0004219",NA,NA,NA,NA,NA,NA,NA
"BerryCrust_0004220",NA,NA,NA,NA,NA,NA,NA
"BerryCrust_0004221",NA,NA,NA,NA,NA,NA,NA
"BerryCrust_0004222",NA,NA,NA,NA,NA,NA,NA
"BerryCrust_0004223",NA,NA,NA,NA,NA,NA,NA
"BerryCrust_0004224",NA,NA,NA,NA,NA,NA,NA
"BerryCrust_0004225",NA,NA,NA,NA,NA,NA,NA
"BerryCrust_0004226",NA,NA,NA,NA,NA,NA,NA
"BerryCrust_0004227",NA,NA,NA,NA,NA,NA,NA
"BerryCrust_0004228",NA,NA,NA,NA,NA,NA,NA
"BerryCrust_0004229",NA,NA,NA,NA,NA,NA,NA
"BerryCrust_0004230",NA,NA,NA,NA,NA,NA,NA
"BerryCrust_0004231",NA,NA,NA,NA,NA,NA,NA
"BerryCrust_0004232",NA,NA,NA,NA,NA,NA,NA
"BerryCrust_0004233",NA,NA,NA,NA,NA,NA,NA
"BerryCrust_0004234",NA,NA,NA,NA,NA,NA,NA
"BerryCrust_0004235",NA,NA,NA,NA,NA,NA,NA
"BerryCrust_0004236",NA,NA,NA,NA,NA,NA,NA
"BerryCrust_0004237",NA,NA,NA,NA,NA,NA,NA
"BerryCrust_0004238",NA,NA,NA,NA,NA,NA,NA
"BerryCrust_0004239",NA,NA,NA,NA,NA,NA,NA
"BerryCrust_0004240",NA,NA,NA,NA,NA,NA,NA
"BerryCrust_0004241",NA,NA,NA,NA,NA,NA,NA
"BerryCrust_0004242",NA,NA,NA,NA,NA,NA,NA
"BerryCrust_0004243",NA,NA,NA,NA,NA,NA,NA
"BerryCrust_0004244",NA,NA,NA,NA,NA,NA,NA
"BerryCrust_0004245",NA,NA,NA,NA,NA,NA,NA
"BerryCrust_0004246",NA,NA,NA,NA,NA,NA,NA
"BerryCrust_0004247",NA,NA,NA,NA,NA,NA,NA
"BerryCrust_0004248",NA,NA,NA,NA,NA,NA,NA
"BerryCrust_0004249",NA,NA,NA,NA,NA,NA,NA
"BerryCrust_0004250",NA,NA,NA,NA,NA,NA,NA
"BerryCrust_0004251",NA,NA,NA,NA,NA,NA,NA
"BerryCrust_0004252",NA,NA,NA,NA,NA,NA,NA
"BerryCrust_0004253",NA,NA,NA,NA,NA,NA,NA
"BerryCrust_0004254",NA,NA,NA,NA,NA,NA,NA
"BerryCrust_0004255",NA,NA,NA,NA,NA,NA,NA
"BerryCrust_0004256","Eukaryota",NA,NA,NA,NA,NA,NA
"BerryCrust_0004257",NA,NA,NA,NA,NA,NA,NA
"BerryCrust_0004258",NA,NA,NA,NA,NA,NA,NA
"BerryCrust_0004259","Eukaryota",NA,NA,NA,NA,NA,NA
"BerryCrust_0004260",NA,NA,NA,NA,NA,NA,NA
"BerryCrust_0004261",NA,NA,NA,NA,NA,NA,NA
"BerryCrust_0004262",NA,NA,NA,NA,NA,NA,NA
"BerryCrust_0004263",NA,NA,NA,NA,NA,NA,NA
"BerryCrust_0004264",NA,NA,NA,NA,NA,NA,NA
"BerryCrust_0004265",NA,NA,NA,NA,NA,NA,NA
"BerryCrust_0004266",NA,NA,NA,NA,NA,NA,NA
"BerryCrust_0004267",NA,NA,NA,NA,NA,NA,NA
"BerryCrust_0004268","Eukaryota",NA,NA,NA,NA,NA,NA
"BerryCrust_0004269",NA,NA,NA,NA,NA,NA,NA
"BerryCrust_0004270",NA,NA,NA,NA,NA,NA,NA
"BerryCrust_0004271",NA,NA,NA,NA,NA,NA,NA
"BerryCrust_0004272",NA,NA,NA,NA,NA,NA,NA
"BerryCrust_0004273",NA,NA,NA,NA,NA,NA,NA
"BerryCrust_0004274",NA,NA,NA,NA,NA,NA,NA
"BerryCrust_0004275",NA,NA,NA,NA,NA,NA,NA
"BerryCrust_0004276","Eukaryota","Arthropoda","Malacostraca","Decapoda","Mithracidae","Teleophrys","Teleophrys cristulipes"
"BerryCrust_0004277","Eukaryota","Arthropoda","Malacostraca","Decapoda","Grapsidae","Pachygrapsus","Pachygrapsus socius"
"BerryCrust_0004278",NA,NA,NA,NA,NA,NA,NA
"BerryCrust_0004279",NA,NA,NA,NA,NA,NA,NA
"BerryCrust_0004280",NA,NA,NA,NA,NA,NA,NA
"BerryCrust_0004281",NA,NA,NA,NA,NA,NA,NA
"BerryCrust_0004282",NA,NA,NA,NA,NA,NA,NA
"BerryCrust_0004283",NA,NA,NA,NA,NA,NA,NA
"BerryCrust_0004284",NA,NA,NA,NA,NA,NA,NA
"BerryCrust_0004285",NA,NA,NA,NA,NA,NA,NA
"BerryCrust_0004286",NA,NA,NA,NA,NA,NA,NA
"BerryCrust_0004287",NA,NA,NA,NA,NA,NA,NA
"BerryCrust_0004288",NA,NA,NA,NA,NA,NA,NA
"BerryCrust_0004289","Eukaryota",NA,NA,NA,NA,NA,NA
"BerryCrust_0004290",NA,NA,NA,NA,NA,NA,NA
"BerryCrust_0004291",NA,NA,NA,NA,NA,NA,NA
"BerryCrust_0004292",NA,NA,NA,NA,NA,NA,NA
"BerryCrust_0004293",NA,NA,NA,NA,NA,NA,NA
"BerryCrust_0004294",NA,NA,NA,NA,NA,NA,NA
"BerryCrust_0004295",NA,NA,NA,NA,NA,NA,NA
"BerryCrust_0004296",NA,NA,NA,NA,NA,NA,NA
"BerryCrust_0004297",NA,NA,NA,NA,NA,NA,NA
"BerryCrust_0004298",NA,NA,NA,NA,NA,NA,NA
"BerryCrust_0004299",NA,NA,NA,NA,NA,NA,NA
"BerryCrust_0004300","Eukaryota","Arthropoda","Malacostraca","Decapoda","Mithracidae","Teleophrys","Teleophrys cristulipes"
"BerryCrust_0004301",NA,NA,NA,NA,NA,NA,NA
"BerryCrust_0004302","Eukaryota","Arthropoda","Malacostraca","Decapoda","Mithracidae","Teleophrys","Teleophrys cristulipes"
"BerryCrust_0004303",NA,NA,NA,NA,NA,NA,NA
"BerryCrust_0004304",NA,NA,NA,NA,NA,NA,NA
"BerryCrust_0004305",NA,NA,NA,NA,NA,NA,NA
"BerryCrust_0004306",NA,NA,NA,NA,NA,NA,NA
"BerryCrust_0004307",NA,NA,NA,NA,NA,NA,NA
"BerryCrust_0004308",NA,NA,NA,NA,NA,NA,NA
"BerryCrust_0004309",NA,NA,NA,NA,NA,NA,NA
"BerryCrust_0004310",NA,NA,NA,NA,NA,NA,NA
"BerryCrust_0004311",NA,NA,NA,NA,NA,NA,NA
"BerryCrust_0004312",NA,NA,NA,NA,NA,NA,NA
"BerryCrust_0004313",NA,NA,NA,NA,NA,NA,NA
"BerryCrust_0004314",NA,NA,NA,NA,NA,NA,NA
"BerryCrust_0004315",NA,NA,NA,NA,NA,NA,NA
"BerryCrust_0004316","Eukaryota","Arthropoda","Malacostraca","Decapoda","Dairidae","Daira","Daira americana"
"BerryCrust_0004317",NA,NA,NA,NA,NA,NA,NA
"BerryCrust_0004318","Eukaryota","Arthropoda","Malacostraca","Decapoda","Xanthidae","Microcassiope",NA
"BerryCrust_0004319",NA,NA,NA,NA,NA,NA,NA
"BerryCrust_0004320",NA,NA,NA,NA,NA,NA,NA
"BerryCrust_0004321","Eukaryota",NA,NA,NA,NA,NA,NA
"BerryCrust_0004322","Eukaryota","Arthropoda","Malacostraca","Decapoda","Mithracidae","Teleophrys","Teleophrys cristulipes"
"BerryCrust_0004323",NA,NA,NA,NA,NA,NA,NA
"BerryCrust_0004324","Eukaryota",NA,NA,NA,NA,NA,NA
"BerryCrust_0004325",NA,NA,NA,NA,NA,NA,NA
"BerryCrust_0004326",NA,NA,NA,NA,NA,NA,NA
"BerryCrust_0004327",NA,NA,NA,NA,NA,NA,NA
"BerryCrust_0004328",NA,NA,NA,NA,NA,NA,NA
"BerryCrust_0004329",NA,NA,NA,NA,NA,NA,NA
"BerryCrust_0004330","Eukaryota","Arthropoda","Malacostraca","Stomatopoda","Gonodactylidae","Neogonodactylus","Neogonodactylus bahiahondensis"
"BerryCrust_0004331",NA,NA,NA,NA,NA,NA,NA
"BerryCrust_0004332",NA,NA,NA,NA,NA,NA,NA
"BerryCrust_0004333",NA,NA,NA,NA,NA,NA,NA
"BerryCrust_0004334",NA,NA,NA,NA,NA,NA,NA
"BerryCrust_0004335","Eukaryota","Arthropoda","Malacostraca","Decapoda","Mithracidae","Teleophrys","Teleophrys cristulipes"
"BerryCrust_0004336",NA,NA,NA,NA,NA,NA,NA
"BerryCrust_0004337",NA,NA,NA,NA,NA,NA,NA
"BerryCrust_0004338",NA,NA,NA,NA,NA,NA,NA
"BerryCrust_0004339","Eukaryota","Arthropoda","Malacostraca","Decapoda","Mithracidae","Teleophrys","Teleophrys cristulipes"
"BerryCrust_0004340",NA,NA,NA,NA,NA,NA,NA
"BerryCrust_0004341",NA,NA,NA,NA,NA,NA,NA
"BerryCrust_0004342",NA,NA,NA,NA,NA,NA,NA
"BerryCrust_0004343",NA,NA,NA,NA,NA,NA,NA
"BerryCrust_0004344","Eukaryota","Arthropoda","Malacostraca","Decapoda","Mithracidae","Teleophrys","Teleophrys cristulipes"
"BerryCrust_0004345",NA,NA,NA,NA,NA,NA,NA
"BerryCrust_0004346",NA,NA,NA,NA,NA,NA,NA
"BerryCrust_0004347",NA,NA,NA,NA,NA,NA,NA
"BerryCrust_0004348",NA,NA,NA,NA,NA,NA,NA
"BerryCrust_0004349",NA,NA,NA,NA,NA,NA,NA
"BerryCrust_0004350",NA,NA,NA,NA,NA,NA,NA
"BerryCrust_0004351",NA,NA,NA,NA,NA,NA,NA
"BerryCrust_0004352",NA,NA,NA,NA,NA,NA,NA
"BerryCrust_0004353",NA,NA,NA,NA,NA,NA,NA
"BerryCrust_0004354","Eukaryota",NA,NA,NA,NA,NA,NA
"BerryCrust_0004355",NA,NA,NA,NA,NA,NA,NA
"BerryCrust_0004356",NA,NA,NA,NA,NA,NA,NA
"BerryCrust_0004357",NA,NA,NA,NA,NA,NA,NA
"BerryCrust_0004358",NA,NA,NA,NA,NA,NA,NA
"BerryCrust_0004359",NA,NA,NA,NA,NA,NA,NA
"BerryCrust_0004360",NA,NA,NA,NA,NA,NA,NA
"BerryCrust_0004361",NA,NA,NA,NA,NA,NA,NA
"BerryCrust_0004362",NA,NA,NA,NA,NA,NA,NA
"BerryCrust_0004363",NA,NA,NA,NA,NA,NA,NA
"BerryCrust_0004364",NA,NA,NA,NA,NA,NA,NA
"BerryCrust_0004365","Eukaryota","Arthropoda","Malacostraca","Decapoda","Alpheidae","Alpheus",NA
"BerryCrust_0004366","Eukaryota","Arthropoda","Malacostraca","Decapoda","Mithracidae","Teleophrys","Teleophrys cristulipes"
"BerryCrust_0004367",NA,NA,NA,NA,NA,NA,NA
"BerryCrust_0004368",NA,NA,NA,NA,NA,NA,NA
"BerryCrust_0004369",NA,NA,NA,NA,NA,NA,NA
"BerryCrust_0004370","Eukaryota",NA,NA,NA,NA,NA,NA
"BerryCrust_0004371","Eukaryota",NA,NA,NA,NA,NA,NA
"BerryCrust_0004372",NA,NA,NA,NA,NA,NA,NA
"BerryCrust_0004373",NA,NA,NA,NA,NA,NA,NA
"BerryCrust_0004374",NA,NA,NA,NA,NA,NA,NA
"BerryCrust_0004375",NA,NA,NA,NA,NA,NA,NA
"BerryCrust_0004376",NA,NA,NA,NA,NA,NA,NA
"BerryCrust_0004377",NA,NA,NA,NA,NA,NA,NA
"BerryCrust_0004378",NA,NA,NA,NA,NA,NA,NA
"BerryCrust_0004379",NA,NA,NA,NA,NA,NA,NA
"BerryCrust_0004380",NA,NA,NA,NA,NA,NA,NA
"BerryCrust_0004381",NA,NA,NA,NA,NA,NA,NA
"BerryCrust_0004382",NA,NA,NA,NA,NA,NA,NA
"BerryCrust_0004383",NA,NA,NA,NA,NA,NA,NA
"BerryCrust_0004384",NA,NA,NA,NA,NA,NA,NA
"BerryCrust_0004385",NA,NA,NA,NA,NA,NA,NA
"BerryCrust_0004386",NA,NA,NA,NA,NA,NA,NA
"BerryCrust_0004387",NA,NA,NA,NA,NA,NA,NA
"BerryCrust_0004388",NA,NA,NA,NA,NA,NA,NA
"BerryCrust_0004389","Eukaryota",NA,NA,NA,NA,NA,NA
"BerryCrust_0004390",NA,NA,NA,NA,NA,NA,NA
"BerryCrust_0004391",NA,NA,NA,NA,NA,NA,NA
"BerryCrust_0004392","Eukaryota",NA,NA,NA,NA,NA,NA
"BerryCrust_0004393",NA,NA,NA,NA,NA,NA,NA
"BerryCrust_0004394","Eukaryota","Arthropoda","Malacostraca","Decapoda","Mithracidae","Teleophrys","Teleophrys cristulipes"
"BerryCrust_0004395",NA,NA,NA,NA,NA,NA,NA
"BerryCrust_0004396",NA,NA,NA,NA,NA,NA,NA
"BerryCrust_0004397",NA,NA,NA,NA,NA,NA,NA
"BerryCrust_0004398",NA,NA,NA,NA,NA,NA,NA
"BerryCrust_0004399",NA,NA,NA,NA,NA,NA,NA
"BerryCrust_0004400",NA,NA,NA,NA,NA,NA,NA
"BerryCrust_0004401",NA,NA,NA,NA,NA,NA,NA
"BerryCrust_0004402","Eukaryota","Arthropoda","Malacostraca","Decapoda","Mithracidae","Teleophrys","Teleophrys cristulipes"
"BerryCrust_0004403",NA,NA,NA,NA,NA,NA,NA
"BerryCrust_0004404",NA,NA,NA,NA,NA,NA,NA
"BerryCrust_0004405",NA,NA,NA,NA,NA,NA,NA
"BerryCrust_0004406",NA,NA,NA,NA,NA,NA,NA
"BerryCrust_0004407",NA,NA,NA,NA,NA,NA,NA
"BerryCrust_0004408","Eukaryota","Arthropoda","Malacostraca","Decapoda","Mithracidae","Teleophrys","Teleophrys cristulipes"
"BerryCrust_0004409",NA,NA,NA,NA,NA,NA,NA
"BerryCrust_0004410","Eukaryota","Arthropoda","Malacostraca","Decapoda","Mithracidae","Teleophrys","Teleophrys cristulipes"
"BerryCrust_0004411","Eukaryota","Arthropoda","Malacostraca","Decapoda","Mithracidae","Teleophrys","Teleophrys cristulipes"
"BerryCrust_0004412","Eukaryota","Arthropoda","Malacostraca","Decapoda","Mithracidae","Teleophrys","Teleophrys cristulipes"
"BerryCrust_0004413",NA,NA,NA,NA,NA,NA,NA
"BerryCrust_0004414",NA,NA,NA,NA,NA,NA,NA
"BerryCrust_0004415",NA,NA,NA,NA,NA,NA,NA
"BerryCrust_0004416",NA,NA,NA,NA,NA,NA,NA
"BerryCrust_0004417",NA,NA,NA,NA,NA,NA,NA
"BerryCrust_0004418",NA,NA,NA,NA,NA,NA,NA
"BerryCrust_0004419",NA,NA,NA,NA,NA,NA,NA
"BerryCrust_0004420",NA,NA,NA,NA,NA,NA,NA
"BerryCrust_0004421",NA,NA,NA,NA,NA,NA,NA
"BerryCrust_0004422",NA,NA,NA,NA,NA,NA,NA
"BerryCrust_0004423",NA,NA,NA,NA,NA,NA,NA
"BerryCrust_0004424",NA,NA,NA,NA,NA,NA,NA
"BerryCrust_0004425",NA,NA,NA,NA,NA,NA,NA
"BerryCrust_0004426",NA,NA,NA,NA,NA,NA,NA
"BerryCrust_0004427","Eukaryota",NA,NA,NA,NA,NA,NA
"BerryCrust_0004428",NA,NA,NA,NA,NA,NA,NA
"BerryCrust_0004429","Eukaryota","Arthropoda","Malacostraca","Decapoda","Mithracidae","Teleophrys","Teleophrys cristulipes"
"BerryCrust_0004430","Eukaryota","Arthropoda","Malacostraca","Decapoda","Mithracidae","Teleophrys","Teleophrys cristulipes"
"BerryCrust_0004431",NA,NA,NA,NA,NA,NA,NA
"BerryCrust_0004432",NA,NA,NA,NA,NA,NA,NA
"BerryCrust_0004433",NA,NA,NA,NA,NA,NA,NA
"BerryCrust_0004434",NA,NA,NA,NA,NA,NA,NA
"BerryCrust_0004435","Eukaryota","Arthropoda","Malacostraca","Decapoda","Mithracidae","Teleophrys","Teleophrys cristulipes"
"BerryCrust_0004436",NA,NA,NA,NA,NA,NA,NA
"BerryCrust_0004437",NA,NA,NA,NA,NA,NA,NA
"BerryCrust_0004438",NA,NA,NA,NA,NA,NA,NA
"BerryCrust_0004439","Eukaryota","Arthropoda","Malacostraca","Decapoda","Mithracidae","Teleophrys","Teleophrys cristulipes"
"BerryCrust_0004440",NA,NA,NA,NA,NA,NA,NA
"BerryCrust_0004441",NA,NA,NA,NA,NA,NA,NA
"BerryCrust_0004442",NA,NA,NA,NA,NA,NA,NA
"BerryCrust_0004443",NA,NA,NA,NA,NA,NA,NA
"BerryCrust_0004444",NA,NA,NA,NA,NA,NA,NA
"BerryCrust_0004445",NA,NA,NA,NA,NA,NA,NA
"BerryCrust_0004446",NA,NA,NA,NA,NA,NA,NA
"BerryCrust_0004447",NA,NA,NA,NA,NA,NA,NA
"BerryCrust_0004448",NA,NA,NA,NA,NA,NA,NA
"BerryCrust_0004449",NA,NA,NA,NA,NA,NA,NA
"BerryCrust_0004450",NA,NA,NA,NA,NA,NA,NA
"BerryCrust_0004451",NA,NA,NA,NA,NA,NA,NA
"BerryCrust_0004452","Eukaryota",NA,NA,NA,NA,NA,NA
"BerryCrust_0004453",NA,NA,NA,NA,NA,NA,NA
"BerryCrust_0004454",NA,NA,NA,NA,NA,NA,NA
"BerryCrust_0004455",NA,NA,NA,NA,NA,NA,NA
"BerryCrust_0004456",NA,NA,NA,NA,NA,NA,NA
"BerryCrust_0004457",NA,NA,NA,NA,NA,NA,NA
"BerryCrust_0004458",NA,NA,NA,NA,NA,NA,NA
"BerryCrust_0004459",NA,NA,NA,NA,NA,NA,NA
"BerryCrust_0004460",NA,NA,NA,NA,NA,NA,NA
"BerryCrust_0004461",NA,NA,NA,NA,NA,NA,NA
"BerryCrust_0004462",NA,NA,NA,NA,NA,NA,NA
"BerryCrust_0004463",NA,NA,NA,NA,NA,NA,NA
"BerryCrust_0004464","Eukaryota","Arthropoda","Malacostraca","Decapoda","Mithracidae","Teleophrys","Teleophrys cristulipes"
"BerryCrust_0004465",NA,NA,NA,NA,NA,NA,NA
"BerryCrust_0004466",NA,NA,NA,NA,NA,NA,NA
"BerryCrust_0004467",NA,NA,NA,NA,NA,NA,NA
"BerryCrust_0004468",NA,NA,NA,NA,NA,NA,NA
"BerryCrust_0004469",NA,NA,NA,NA,NA,NA,NA
"BerryCrust_0004470",NA,NA,NA,NA,NA,NA,NA
"BerryCrust_0004471",NA,NA,NA,NA,NA,NA,NA
"BerryCrust_0004472",NA,NA,NA,NA,NA,NA,NA
"BerryCrust_0004473",NA,NA,NA,NA,NA,NA,NA
"BerryCrust_0004474",NA,NA,NA,NA,NA,NA,NA
"BerryCrust_0004475","Eukaryota",NA,NA,NA,NA,NA,NA
"BerryCrust_0004476",NA,NA,NA,NA,NA,NA,NA
"BerryCrust_0004477",NA,NA,NA,NA,NA,NA,NA
"BerryCrust_0004478","Eukaryota","Arthropoda","Malacostraca","Decapoda","Xanthidae","Microcassiope","Microcassiope xantusii"
"BerryCrust_0004479",NA,NA,NA,NA,NA,NA,NA
"BerryCrust_0004480",NA,NA,NA,NA,NA,NA,NA
"BerryCrust_0004481",NA,NA,NA,NA,NA,NA,NA
"BerryCrust_0004482","Eukaryota","Arthropoda","Malacostraca","Decapoda","Mithracidae","Teleophrys","Teleophrys cristulipes"
"BerryCrust_0004483",NA,NA,NA,NA,NA,NA,NA
"BerryCrust_0004484","Eukaryota","Arthropoda","Malacostraca","Decapoda","Mithracidae","Teleophrys","Teleophrys cristulipes"
"BerryCrust_0004485",NA,NA,NA,NA,NA,NA,NA
"BerryCrust_0004486","Eukaryota","Arthropoda","Malacostraca","Decapoda","Mithracidae","Teleophrys","Teleophrys cristulipes"
"BerryCrust_0004487",NA,NA,NA,NA,NA,NA,NA
"BerryCrust_0004488",NA,NA,NA,NA,NA,NA,NA
"BerryCrust_0004489","Eukaryota",NA,NA,NA,NA,NA,NA
"BerryCrust_0004490",NA,NA,NA,NA,NA,NA,NA
"BerryCrust_0004491",NA,NA,NA,NA,NA,NA,NA
"BerryCrust_0004492",NA,NA,NA,NA,NA,NA,NA
"BerryCrust_0004493",NA,NA,NA,NA,NA,NA,NA
"BerryCrust_0004494",NA,NA,NA,NA,NA,NA,NA
"BerryCrust_0004495","Eukaryota","Arthropoda","Malacostraca","Decapoda","Mithracidae","Teleophrys","Teleophrys cristulipes"
"BerryCrust_0004496",NA,NA,NA,NA,NA,NA,NA
"BerryCrust_0004497",NA,NA,NA,NA,NA,NA,NA
"BerryCrust_0004498",NA,NA,NA,NA,NA,NA,NA
"BerryCrust_0004499",NA,NA,NA,NA,NA,NA,NA
"BerryCrust_0004500",NA,NA,NA,NA,NA,NA,NA
"BerryCrust_0004501",NA,NA,NA,NA,NA,NA,NA
"BerryCrust_0004502","Eukaryota",NA,NA,NA,NA,NA,NA
"BerryCrust_0004503",NA,NA,NA,NA,NA,NA,NA
"BerryCrust_0004504",NA,NA,NA,NA,NA,NA,NA
"BerryCrust_0004505",NA,NA,NA,NA,NA,NA,NA
"BerryCrust_0004506",NA,NA,NA,NA,NA,NA,NA
"BerryCrust_0004507",NA,NA,NA,NA,NA,NA,NA
"BerryCrust_0004508",NA,NA,NA,NA,NA,NA,NA
"BerryCrust_0004509",NA,NA,NA,NA,NA,NA,NA
"BerryCrust_0004510",NA,NA,NA,NA,NA,NA,NA
"BerryCrust_0004511",NA,NA,NA,NA,NA,NA,NA
"BerryCrust_0004512",NA,NA,NA,NA,NA,NA,NA
"BerryCrust_0004513",NA,NA,NA,NA,NA,NA,NA
"BerryCrust_0004514",NA,NA,NA,NA,NA,NA,NA
"BerryCrust_0004515",NA,NA,NA,NA,NA,NA,NA
"BerryCrust_0004516",NA,NA,NA,NA,NA,NA,NA
"BerryCrust_0004517",NA,NA,NA,NA,NA,NA,NA
"BerryCrust_0004518",NA,NA,NA,NA,NA,NA,NA
"BerryCrust_0004519",NA,NA,NA,NA,NA,NA,NA
"BerryCrust_0004520","Eukaryota","Arthropoda","Malacostraca","Decapoda","Mithracidae","Teleophrys","Teleophrys cristulipes"
"BerryCrust_0004521",NA,NA,NA,NA,NA,NA,NA
"BerryCrust_0004522",NA,NA,NA,NA,NA,NA,NA
"BerryCrust_0004523",NA,NA,NA,NA,NA,NA,NA
"BerryCrust_0004524","Eukaryota",NA,NA,NA,NA,NA,NA
"BerryCrust_0004525",NA,NA,NA,NA,NA,NA,NA
"BerryCrust_0004526",NA,NA,NA,NA,NA,NA,NA
"BerryCrust_0004527",NA,NA,NA,NA,NA,NA,NA
"BerryCrust_0004528",NA,NA,NA,NA,NA,NA,NA
"BerryCrust_0004529",NA,NA,NA,NA,NA,NA,NA
"BerryCrust_0004530",NA,NA,NA,NA,NA,NA,NA
"BerryCrust_0004531",NA,NA,NA,NA,NA,NA,NA
"BerryCrust_0004532",NA,NA,NA,NA,NA,NA,NA
"BerryCrust_0004533",NA,NA,NA,NA,NA,NA,NA
"BerryCrust_0004534",NA,NA,NA,NA,NA,NA,NA
"BerryCrust_0004535","Eukaryota",NA,NA,NA,NA,NA,NA
"BerryCrust_0004536",NA,NA,NA,NA,NA,NA,NA
"BerryCrust_0004537",NA,NA,NA,NA,NA,NA,NA
"BerryCrust_0004538","Eukaryota","Arthropoda","Malacostraca","Decapoda","Dairidae","Daira","Daira americana"
"BerryCrust_0004539","Eukaryota","Arthropoda","Malacostraca","Decapoda","Mithracidae","Teleophrys","Teleophrys cristulipes"
"BerryCrust_0004540",NA,NA,NA,NA,NA,NA,NA
"BerryCrust_0004541",NA,NA,NA,NA,NA,NA,NA
"BerryCrust_0004542",NA,NA,NA,NA,NA,NA,NA
"BerryCrust_0004543",NA,NA,NA,NA,NA,NA,NA
"BerryCrust_0004544","Eukaryota",NA,NA,NA,NA,NA,NA
"BerryCrust_0004545",NA,NA,NA,NA,NA,NA,NA
"BerryCrust_0004546",NA,NA,NA,NA,NA,NA,NA
"BerryCrust_0004547",NA,NA,NA,NA,NA,NA,NA
"BerryCrust_0004548",NA,NA,NA,NA,NA,NA,NA
"BerryCrust_0004549",NA,NA,NA,NA,NA,NA,NA
"BerryCrust_0004550",NA,NA,NA,NA,NA,NA,NA
"BerryCrust_0004551",NA,NA,NA,NA,NA,NA,NA
"BerryCrust_0004552",NA,NA,NA,NA,NA,NA,NA
"BerryCrust_0004553","Eukaryota","Arthropoda","Malacostraca","Decapoda","Mithracidae","Teleophrys","Teleophrys cristulipes"
"BerryCrust_0004554",NA,NA,NA,NA,NA,NA,NA
"BerryCrust_0004555",NA,NA,NA,NA,NA,NA,NA
"BerryCrust_0004556","Eukaryota","Arthropoda","Malacostraca","Decapoda","Mithracidae","Teleophrys","Teleophrys cristulipes"
"BerryCrust_0004557","Eukaryota","Arthropoda","Malacostraca","Decapoda","Mithracidae","Teleophrys","Teleophrys cristulipes"
"BerryCrust_0004558",NA,NA,NA,NA,NA,NA,NA
"BerryCrust_0004559","Eukaryota","Arthropoda","Malacostraca","Decapoda","Mithracidae","Teleophrys","Teleophrys cristulipes"
"BerryCrust_0004560",NA,NA,NA,NA,NA,NA,NA
"BerryCrust_0004561",NA,NA,NA,NA,NA,NA,NA
"BerryCrust_0004562",NA,NA,NA,NA,NA,NA,NA
"BerryCrust_0004563",NA,NA,NA,NA,NA,NA,NA
"BerryCrust_0004564",NA,NA,NA,NA,NA,NA,NA
"BerryCrust_0004565",NA,NA,NA,NA,NA,NA,NA
"BerryCrust_0004566",NA,NA,NA,NA,NA,NA,NA
"BerryCrust_0004567",NA,NA,NA,NA,NA,NA,NA
"BerryCrust_0004568",NA,NA,NA,NA,NA,NA,NA
"BerryCrust_0004569",NA,NA,NA,NA,NA,NA,NA
"BerryCrust_0004570",NA,NA,NA,NA,NA,NA,NA
"BerryCrust_0004571",NA,NA,NA,NA,NA,NA,NA
"BerryCrust_0004572",NA,NA,NA,NA,NA,NA,NA
"BerryCrust_0004573",NA,NA,NA,NA,NA,NA,NA
"BerryCrust_0004574","Eukaryota",NA,NA,NA,NA,NA,NA
"BerryCrust_0004575",NA,NA,NA,NA,NA,NA,NA
"BerryCrust_0004576",NA,NA,NA,NA,NA,NA,NA
"BerryCrust_0004577",NA,NA,NA,NA,NA,NA,NA
"BerryCrust_0004578",NA,NA,NA,NA,NA,NA,NA
"BerryCrust_0004579",NA,NA,NA,NA,NA,NA,NA
"BerryCrust_0004580",NA,NA,NA,NA,NA,NA,NA
"BerryCrust_0004581",NA,NA,NA,NA,NA,NA,NA
"BerryCrust_0004582",NA,NA,NA,NA,NA,NA,NA
"BerryCrust_0004583",NA,NA,NA,NA,NA,NA,NA
"BerryCrust_0004584",NA,NA,NA,NA,NA,NA,NA
"BerryCrust_0004585","Eukaryota",NA,NA,NA,NA,NA,NA
"BerryCrust_0004586",NA,NA,NA,NA,NA,NA,NA
"BerryCrust_0004587",NA,NA,NA,NA,NA,NA,NA
"BerryCrust_0004588",NA,NA,NA,NA,NA,NA,NA
"BerryCrust_0004589",NA,NA,NA,NA,NA,NA,NA
"BerryCrust_0004590",NA,NA,NA,NA,NA,NA,NA
"BerryCrust_0004591",NA,NA,NA,NA,NA,NA,NA
"BerryCrust_0004592",NA,NA,NA,NA,NA,NA,NA
"BerryCrust_0004593",NA,NA,NA,NA,NA,NA,NA
"BerryCrust_0004594",NA,NA,NA,NA,NA,NA,NA
"BerryCrust_0004595","Eukaryota",NA,NA,NA,NA,NA,NA
"BerryCrust_0004596","Eukaryota","Arthropoda","Malacostraca","Decapoda","Mithracidae","Teleophrys","Teleophrys cristulipes"
"BerryCrust_0004597",NA,NA,NA,NA,NA,NA,NA
"BerryCrust_0004598",NA,NA,NA,NA,NA,NA,NA
"BerryCrust_0004599",NA,NA,NA,NA,NA,NA,NA
"BerryCrust_0004600","Eukaryota",NA,NA,NA,NA,NA,NA
"BerryCrust_0004601",NA,NA,NA,NA,NA,NA,NA
"BerryCrust_0004602",NA,NA,NA,NA,NA,NA,NA
"BerryCrust_0004603",NA,NA,NA,NA,NA,NA,NA
"BerryCrust_0004604",NA,NA,NA,NA,NA,NA,NA
"BerryCrust_0004605",NA,NA,NA,NA,NA,NA,NA
"BerryCrust_0004606",NA,NA,NA,NA,NA,NA,NA
"BerryCrust_0004607",NA,NA,NA,NA,NA,NA,NA
"BerryCrust_0004608",NA,NA,NA,NA,NA,NA,NA
"BerryCrust_0004609",NA,NA,NA,NA,NA,NA,NA
"BerryCrust_0004610",NA,NA,NA,NA,NA,NA,NA
"BerryCrust_0004611",NA,NA,NA,NA,NA,NA,NA
"BerryCrust_0004612","Eukaryota","Arthropoda","Malacostraca","Decapoda","Mithracidae","Teleophrys","Teleophrys cristulipes"
"BerryCrust_0004613","Eukaryota","Arthropoda","Malacostraca","Decapoda","Mithracidae","Teleophrys","Teleophrys cristulipes"
"BerryCrust_0004614",NA,NA,NA,NA,NA,NA,NA
"BerryCrust_0004615",NA,NA,NA,NA,NA,NA,NA
"BerryCrust_0004616",NA,NA,NA,NA,NA,NA,NA
"BerryCrust_0004617",NA,NA,NA,NA,NA,NA,NA
"BerryCrust_0004618",NA,NA,NA,NA,NA,NA,NA
"BerryCrust_0004619","Eukaryota",NA,NA,NA,NA,NA,NA
"BerryCrust_0004620",NA,NA,NA,NA,NA,NA,NA
"BerryCrust_0004621",NA,NA,NA,NA,NA,NA,NA
"BerryCrust_0004622",NA,NA,NA,NA,NA,NA,NA
"BerryCrust_0004623",NA,NA,NA,NA,NA,NA,NA
"BerryCrust_0004624",NA,NA,NA,NA,NA,NA,NA
"BerryCrust_0004625",NA,NA,NA,NA,NA,NA,NA
"BerryCrust_0004626",NA,NA,NA,NA,NA,NA,NA
"BerryCrust_0004627",NA,NA,NA,NA,NA,NA,NA
"BerryCrust_0004628",NA,NA,NA,NA,NA,NA,NA
"BerryCrust_0004629",NA,NA,NA,NA,NA,NA,NA
"BerryCrust_0004630",NA,NA,NA,NA,NA,NA,NA
"BerryCrust_0004631",NA,NA,NA,NA,NA,NA,NA
"BerryCrust_0004632",NA,NA,NA,NA,NA,NA,NA
"BerryCrust_0004633",NA,NA,NA,NA,NA,NA,NA
"BerryCrust_0004634",NA,NA,NA,NA,NA,NA,NA
"BerryCrust_0004635",NA,NA,NA,NA,NA,NA,NA
"BerryCrust_0004636",NA,NA,NA,NA,NA,NA,NA
"BerryCrust_0004637","Eukaryota","Arthropoda","Malacostraca","Decapoda","Mithracidae","Teleophrys","Teleophrys cristulipes"
"BerryCrust_0004638",NA,NA,NA,NA,NA,NA,NA
"BerryCrust_0004639",NA,NA,NA,NA,NA,NA,NA
"BerryCrust_0004640",NA,NA,NA,NA,NA,NA,NA
"BerryCrust_0004641",NA,NA,NA,NA,NA,NA,NA
"BerryCrust_0004642",NA,NA,NA,NA,NA,NA,NA
"BerryCrust_0004643","Eukaryota",NA,NA,NA,NA,NA,NA
"BerryCrust_0004644",NA,NA,NA,NA,NA,NA,NA
"BerryCrust_0004645",NA,NA,NA,NA,NA,NA,NA
"BerryCrust_0004646",NA,NA,NA,NA,NA,NA,NA
"BerryCrust_0004647",NA,NA,NA,NA,NA,NA,NA
"BerryCrust_0004648",NA,NA,NA,NA,NA,NA,NA
"BerryCrust_0004649",NA,NA,NA,NA,NA,NA,NA
"BerryCrust_0004650",NA,NA,NA,NA,NA,NA,NA
"BerryCrust_0004651","Eukaryota","Arthropoda","Malacostraca","Decapoda","Mithracidae","Teleophrys","Teleophrys cristulipes"
"BerryCrust_0004652","Eukaryota",NA,NA,NA,NA,NA,NA
"BerryCrust_0004653",NA,NA,NA,NA,NA,NA,NA
"BerryCrust_0004654",NA,NA,NA,NA,NA,NA,NA
"BerryCrust_0004655",NA,NA,NA,NA,NA,NA,NA
"BerryCrust_0004656",NA,NA,NA,NA,NA,NA,NA
"BerryCrust_0004657",NA,NA,NA,NA,NA,NA,NA
"BerryCrust_0004658",NA,NA,NA,NA,NA,NA,NA
"BerryCrust_0004659",NA,NA,NA,NA,NA,NA,NA
"BerryCrust_0004660",NA,NA,NA,NA,NA,NA,NA
"BerryCrust_0004661",NA,NA,NA,NA,NA,NA,NA
"BerryCrust_0004662","Eukaryota","Arthropoda","Malacostraca","Decapoda","Grapsidae","Pachygrapsus","Pachygrapsus socius"
"BerryCrust_0004663",NA,NA,NA,NA,NA,NA,NA
"BerryCrust_0004664",NA,NA,NA,NA,NA,NA,NA
"BerryCrust_0004665","Eukaryota","Arthropoda","Malacostraca","Decapoda","Mithracidae","Teleophrys","Teleophrys cristulipes"
"BerryCrust_0004666",NA,NA,NA,NA,NA,NA,NA
"BerryCrust_0004667",NA,NA,NA,NA,NA,NA,NA
"BerryCrust_0004668",NA,NA,NA,NA,NA,NA,NA
"BerryCrust_0004669","Eukaryota","Arthropoda","Malacostraca","Decapoda","Mithracidae","Teleophrys","Teleophrys cristulipes"
"BerryCrust_0004670",NA,NA,NA,NA,NA,NA,NA
"BerryCrust_0004671",NA,NA,NA,NA,NA,NA,NA
"BerryCrust_0004672",NA,NA,NA,NA,NA,NA,NA
"BerryCrust_0004673",NA,NA,NA,NA,NA,NA,NA
"BerryCrust_0004674","Eukaryota","Arthropoda","Malacostraca","Decapoda","Mithracidae","Teleophrys","Teleophrys cristulipes"
"BerryCrust_0004675",NA,NA,NA,NA,NA,NA,NA
"BerryCrust_0004676","Eukaryota","Arthropoda","Malacostraca","Decapoda","Mithracidae","Teleophrys","Teleophrys cristulipes"
"BerryCrust_0004677","Eukaryota",NA,NA,NA,NA,NA,NA
"BerryCrust_0004678",NA,NA,NA,NA,NA,NA,NA
"BerryCrust_0004679",NA,NA,NA,NA,NA,NA,NA
"BerryCrust_0004680",NA,NA,NA,NA,NA,NA,NA
"BerryCrust_0004681",NA,NA,NA,NA,NA,NA,NA
"BerryCrust_0004682",NA,NA,NA,NA,NA,NA,NA
"BerryCrust_0004683",NA,NA,NA,NA,NA,NA,NA
"BerryCrust_0004684",NA,NA,NA,NA,NA,NA,NA
"BerryCrust_0004685",NA,NA,NA,NA,NA,NA,NA
"BerryCrust_0004686",NA,NA,NA,NA,NA,NA,NA
"BerryCrust_0004687",NA,NA,NA,NA,NA,NA,NA
"BerryCrust_0004688",NA,NA,NA,NA,NA,NA,NA
"BerryCrust_0004689",NA,NA,NA,NA,NA,NA,NA
"BerryCrust_0004690",NA,NA,NA,NA,NA,NA,NA
"BerryCrust_0004691",NA,NA,NA,NA,NA,NA,NA
"BerryCrust_0004692",NA,NA,NA,NA,NA,NA,NA
"BerryCrust_0004693",NA,NA,NA,NA,NA,NA,NA
"BerryCrust_0004694","Eukaryota","Arthropoda","Malacostraca","Decapoda","Mithracidae","Teleophrys","Teleophrys cristulipes"
"BerryCrust_0004695","Eukaryota","Arthropoda","Malacostraca","Decapoda","Mithracidae","Teleophrys","Teleophrys cristulipes"
"BerryCrust_0004696",NA,NA,NA,NA,NA,NA,NA
"BerryCrust_0004697",NA,NA,NA,NA,NA,NA,NA
"BerryCrust_0004698","Eukaryota","Arthropoda","Malacostraca","Decapoda","Mithracidae","Teleophrys","Teleophrys cristulipes"
"BerryCrust_0004699","Eukaryota","Arthropoda","Malacostraca","Decapoda","Mithracidae","Teleophrys","Teleophrys cristulipes"
"BerryCrust_0004700",NA,NA,NA,NA,NA,NA,NA
"BerryCrust_0004701",NA,NA,NA,NA,NA,NA,NA
"BerryCrust_0004702","Eukaryota","Arthropoda","Malacostraca","Decapoda","Mithracidae","Teleophrys","Teleophrys cristulipes"
"BerryCrust_0004703",NA,NA,NA,NA,NA,NA,NA
"BerryCrust_0004704",NA,NA,NA,NA,NA,NA,NA
"BerryCrust_0004705",NA,NA,NA,NA,NA,NA,NA
"BerryCrust_0004706",NA,NA,NA,NA,NA,NA,NA
"BerryCrust_0004707","Eukaryota","Arthropoda","Malacostraca","Decapoda","Mithracidae","Teleophrys","Teleophrys cristulipes"
"BerryCrust_0004708",NA,NA,NA,NA,NA,NA,NA
"BerryCrust_0004709",NA,NA,NA,NA,NA,NA,NA
"BerryCrust_0004710",NA,NA,NA,NA,NA,NA,NA
"BerryCrust_0004711",NA,NA,NA,NA,NA,NA,NA
"BerryCrust_0004712","Eukaryota","Arthropoda","Malacostraca","Decapoda","Mithracidae","Teleophrys","Teleophrys cristulipes"
"BerryCrust_0004713",NA,NA,NA,NA,NA,NA,NA
"BerryCrust_0004714",NA,NA,NA,NA,NA,NA,NA
"BerryCrust_0004715",NA,NA,NA,NA,NA,NA,NA
"BerryCrust_0004716","Eukaryota","Arthropoda","Malacostraca","Decapoda","Mithracidae","Teleophrys","Teleophrys cristulipes"
"BerryCrust_0004717","Eukaryota","Arthropoda","Malacostraca","Decapoda","Mithracidae","Teleophrys","Teleophrys cristulipes"
"BerryCrust_0004718",NA,NA,NA,NA,NA,NA,NA
"BerryCrust_0004719",NA,NA,NA,NA,NA,NA,NA
"BerryCrust_0004720",NA,NA,NA,NA,NA,NA,NA
"BerryCrust_0004721",NA,NA,NA,NA,NA,NA,NA
"BerryCrust_0004722",NA,NA,NA,NA,NA,NA,NA
"BerryCrust_0004723",NA,NA,NA,NA,NA,NA,NA
"BerryCrust_0004724",NA,NA,NA,NA,NA,NA,NA
"BerryCrust_0004725","Eukaryota","Arthropoda","Malacostraca","Decapoda","Mithracidae","Teleophrys","Teleophrys cristulipes"
"BerryCrust_0004726",NA,NA,NA,NA,NA,NA,NA
"BerryCrust_0004727",NA,NA,NA,NA,NA,NA,NA
"BerryCrust_0004728",NA,NA,NA,NA,NA,NA,NA
"BerryCrust_0004729",NA,NA,NA,NA,NA,NA,NA
"BerryCrust_0004730",NA,NA,NA,NA,NA,NA,NA
"BerryCrust_0004731",NA,NA,NA,NA,NA,NA,NA
"BerryCrust_0004732",NA,NA,NA,NA,NA,NA,NA
"BerryCrust_0004733",NA,NA,NA,NA,NA,NA,NA
"BerryCrust_0004734",NA,NA,NA,NA,NA,NA,NA
"BerryCrust_0004735",NA,NA,NA,NA,NA,NA,NA
"BerryCrust_0004736","Eukaryota","Arthropoda","Malacostraca","Decapoda","Mithracidae","Teleophrys","Teleophrys cristulipes"
"BerryCrust_0004737","Eukaryota","Arthropoda","Malacostraca","Decapoda","Mithracidae","Teleophrys","Teleophrys cristulipes"
"BerryCrust_0004738","Eukaryota","Arthropoda","Malacostraca","Decapoda","Mithracidae","Teleophrys","Teleophrys cristulipes"
"BerryCrust_0004739",NA,NA,NA,NA,NA,NA,NA
"BerryCrust_0004740","Eukaryota","Arthropoda","Malacostraca","Decapoda","Mithracidae","Teleophrys","Teleophrys cristulipes"
"BerryCrust_0004741",NA,NA,NA,NA,NA,NA,NA
"BerryCrust_0004742",NA,NA,NA,NA,NA,NA,NA
"BerryCrust_0004743",NA,NA,NA,NA,NA,NA,NA
"BerryCrust_0004744","Eukaryota",NA,NA,NA,NA,NA,NA
"BerryCrust_0004745",NA,NA,NA,NA,NA,NA,NA
"BerryCrust_0004746",NA,NA,NA,NA,NA,NA,NA
"BerryCrust_0004747",NA,NA,NA,NA,NA,NA,NA
"BerryCrust_0004748",NA,NA,NA,NA,NA,NA,NA
"BerryCrust_0004749",NA,NA,NA,NA,NA,NA,NA
"BerryCrust_0004750","Eukaryota","Arthropoda","Malacostraca","Decapoda","Mithracidae","Teleophrys","Teleophrys cristulipes"
"BerryCrust_0004751","Eukaryota","Arthropoda","Malacostraca","Decapoda","Mithracidae","Teleophrys","Teleophrys cristulipes"
"BerryCrust_0004752",NA,NA,NA,NA,NA,NA,NA
"BerryCrust_0004753",NA,NA,NA,NA,NA,NA,NA
"BerryCrust_0004754",NA,NA,NA,NA,NA,NA,NA
"BerryCrust_0004755","Eukaryota","Arthropoda","Malacostraca","Decapoda","Mithracidae","Teleophrys","Teleophrys cristulipes"
"BerryCrust_0004756",NA,NA,NA,NA,NA,NA,NA
"BerryCrust_0004757",NA,NA,NA,NA,NA,NA,NA
"BerryCrust_0004758",NA,NA,NA,NA,NA,NA,NA
"BerryCrust_0004759","Eukaryota","Arthropoda","Malacostraca","Decapoda","Mithracidae","Teleophrys","Teleophrys cristulipes"
"BerryCrust_0004760",NA,NA,NA,NA,NA,NA,NA
"BerryCrust_0004761",NA,NA,NA,NA,NA,NA,NA
"BerryCrust_0004762","Eukaryota","Arthropoda","Malacostraca","Decapoda","Mithracidae","Teleophrys","Teleophrys cristulipes"
"BerryCrust_0004763",NA,NA,NA,NA,NA,NA,NA
"BerryCrust_0004764",NA,NA,NA,NA,NA,NA,NA
"BerryCrust_0004765","Eukaryota",NA,NA,NA,NA,NA,NA
"BerryCrust_0004766","Eukaryota","Arthropoda","Malacostraca","Decapoda","Mithracidae","Teleophrys","Teleophrys cristulipes"
"BerryCrust_0004767",NA,NA,NA,NA,NA,NA,NA
"BerryCrust_0004768","Eukaryota","Arthropoda","Malacostraca","Decapoda","Mithracidae","Teleophrys","Teleophrys cristulipes"
"BerryCrust_0004769",NA,NA,NA,NA,NA,NA,NA
"BerryCrust_0004770",NA,NA,NA,NA,NA,NA,NA
"BerryCrust_0004771",NA,NA,NA,NA,NA,NA,NA
"BerryCrust_0004772",NA,NA,NA,NA,NA,NA,NA
"BerryCrust_0004773",NA,NA,NA,NA,NA,NA,NA
"BerryCrust_0004774",NA,NA,NA,NA,NA,NA,NA
"BerryCrust_0004775",NA,NA,NA,NA,NA,NA,NA
"BerryCrust_0004776",NA,NA,NA,NA,NA,NA,NA
"BerryCrust_0004777",NA,NA,NA,NA,NA,NA,NA
"BerryCrust_0004778",NA,NA,NA,NA,NA,NA,NA
"BerryCrust_0004779",NA,NA,NA,NA,NA,NA,NA
"BerryCrust_0004780",NA,NA,NA,NA,NA,NA,NA
"BerryCrust_0004781",NA,NA,NA,NA,NA,NA,NA
"BerryCrust_0004782",NA,NA,NA,NA,NA,NA,NA
"BerryCrust_0004783",NA,NA,NA,NA,NA,NA,NA
"BerryCrust_0004784",NA,NA,NA,NA,NA,NA,NA
"BerryCrust_0004785","Eukaryota",NA,NA,NA,NA,NA,NA
"BerryCrust_0004786",NA,NA,NA,NA,NA,NA,NA
"BerryCrust_0004787","Eukaryota",NA,NA,NA,NA,NA,NA
"BerryCrust_0004788",NA,NA,NA,NA,NA,NA,NA
"BerryCrust_0004789",NA,NA,NA,NA,NA,NA,NA
"BerryCrust_0004790",NA,NA,NA,NA,NA,NA,NA
"BerryCrust_0004791",NA,NA,NA,NA,NA,NA,NA
"BerryCrust_0004792",NA,NA,NA,NA,NA,NA,NA
"BerryCrust_0004793",NA,NA,NA,NA,NA,NA,NA
"BerryCrust_0004794","Eukaryota","Arthropoda","Malacostraca","Decapoda","Grapsidae","Pachygrapsus","Pachygrapsus socius"
"BerryCrust_0004795",NA,NA,NA,NA,NA,NA,NA
"BerryCrust_0004796",NA,NA,NA,NA,NA,NA,NA
"BerryCrust_0004797","Eukaryota",NA,NA,NA,NA,NA,NA
"BerryCrust_0004798",NA,NA,NA,NA,NA,NA,NA
"BerryCrust_0004799",NA,NA,NA,NA,NA,NA,NA
"BerryCrust_0004800",NA,NA,NA,NA,NA,NA,NA
"BerryCrust_0004801",NA,NA,NA,NA,NA,NA,NA
"BerryCrust_0004802",NA,NA,NA,NA,NA,NA,NA
"BerryCrust_0004803","Eukaryota",NA,NA,NA,NA,NA,NA
"BerryCrust_0004804","Eukaryota","Arthropoda","Malacostraca","Decapoda","Mithracidae","Teleophrys","Teleophrys cristulipes"
"BerryCrust_0004805",NA,NA,NA,NA,NA,NA,NA
"BerryCrust_0004806","Eukaryota","Arthropoda","Malacostraca","Decapoda","Grapsidae","Pachygrapsus","Pachygrapsus socius"
"BerryCrust_0004807",NA,NA,NA,NA,NA,NA,NA
"BerryCrust_0004808",NA,NA,NA,NA,NA,NA,NA
"BerryCrust_0004809","Eukaryota","Arthropoda","Malacostraca","Decapoda","Mithracidae","Teleophrys","Teleophrys cristulipes"
"BerryCrust_0004810",NA,NA,NA,NA,NA,NA,NA
"BerryCrust_0004811","Eukaryota","Arthropoda","Malacostraca","Decapoda","Mithracidae","Teleophrys","Teleophrys cristulipes"
"BerryCrust_0004812",NA,NA,NA,NA,NA,NA,NA
"BerryCrust_0004813",NA,NA,NA,NA,NA,NA,NA
"BerryCrust_0004814",NA,NA,NA,NA,NA,NA,NA
"BerryCrust_0004815","Eukaryota","Arthropoda","Malacostraca","Decapoda","Mithracidae","Teleophrys","Teleophrys cristulipes"
"BerryCrust_0004816","Eukaryota","Arthropoda","Malacostraca","Decapoda","Mithracidae","Teleophrys","Teleophrys cristulipes"
"BerryCrust_0004817",NA,NA,NA,NA,NA,NA,NA
"BerryCrust_0004818",NA,NA,NA,NA,NA,NA,NA
"BerryCrust_0004819","Eukaryota","Arthropoda","Malacostraca","Decapoda","Mithracidae","Teleophrys","Teleophrys cristulipes"
"BerryCrust_0004820",NA,NA,NA,NA,NA,NA,NA
"BerryCrust_0004821",NA,NA,NA,NA,NA,NA,NA
"BerryCrust_0004822","Eukaryota","Arthropoda","Malacostraca","Decapoda","Mithracidae","Teleophrys","Teleophrys cristulipes"
"BerryCrust_0004823",NA,NA,NA,NA,NA,NA,NA
"BerryCrust_0004824",NA,NA,NA,NA,NA,NA,NA
"BerryCrust_0004825",NA,NA,NA,NA,NA,NA,NA
"BerryCrust_0004826",NA,NA,NA,NA,NA,NA,NA
"BerryCrust_0004827",NA,NA,NA,NA,NA,NA,NA
"BerryCrust_0004828",NA,NA,NA,NA,NA,NA,NA
"BerryCrust_0004829",NA,NA,NA,NA,NA,NA,NA
"BerryCrust_0004830",NA,NA,NA,NA,NA,NA,NA
"BerryCrust_0004831",NA,NA,NA,NA,NA,NA,NA
"BerryCrust_0004832",NA,NA,NA,NA,NA,NA,NA
"BerryCrust_0004833",NA,NA,NA,NA,NA,NA,NA
"BerryCrust_0004834",NA,NA,NA,NA,NA,NA,NA
"BerryCrust_0004835",NA,NA,NA,NA,NA,NA,NA
"BerryCrust_0004836","Eukaryota","Arthropoda","Malacostraca","Decapoda","Calappidae","Calappa","Calappa convexa"
"BerryCrust_0004837",NA,NA,NA,NA,NA,NA,NA
"BerryCrust_0004838",NA,NA,NA,NA,NA,NA,NA
"BerryCrust_0004839",NA,NA,NA,NA,NA,NA,NA
"BerryCrust_0004840",NA,NA,NA,NA,NA,NA,NA
"BerryCrust_0004841",NA,NA,NA,NA,NA,NA,NA
"BerryCrust_0004842",NA,NA,NA,NA,NA,NA,NA
"BerryCrust_0004843",NA,NA,NA,NA,NA,NA,NA
"BerryCrust_0004844",NA,NA,NA,NA,NA,NA,NA
"BerryCrust_0004845",NA,NA,NA,NA,NA,NA,NA
"BerryCrust_0004846","Eukaryota",NA,NA,NA,NA,NA,NA
"BerryCrust_0004847",NA,NA,NA,NA,NA,NA,NA
"BerryCrust_0004848",NA,NA,NA,NA,NA,NA,NA
"BerryCrust_0004849",NA,NA,NA,NA,NA,NA,NA
"BerryCrust_0004850",NA,NA,NA,NA,NA,NA,NA
"BerryCrust_0004851",NA,NA,NA,NA,NA,NA,NA
"BerryCrust_0004852",NA,NA,NA,NA,NA,NA,NA
"BerryCrust_0004853",NA,NA,NA,NA,NA,NA,NA
"BerryCrust_0004854",NA,NA,NA,NA,NA,NA,NA
"BerryCrust_0004855",NA,NA,NA,NA,NA,NA,NA
"BerryCrust_0004856",NA,NA,NA,NA,NA,NA,NA
"BerryCrust_0004857",NA,NA,NA,NA,NA,NA,NA
"BerryCrust_0004858",NA,NA,NA,NA,NA,NA,NA
"BerryCrust_0004859",NA,NA,NA,NA,NA,NA,NA
"BerryCrust_0004860",NA,NA,NA,NA,NA,NA,NA
"BerryCrust_0004861",NA,NA,NA,NA,NA,NA,NA
"BerryCrust_0004862","Eukaryota","Arthropoda","Malacostraca","Decapoda","Palaemonidae","Palaemon","Palaemon ritteri"
"BerryCrust_0004863",NA,NA,NA,NA,NA,NA,NA
"BerryCrust_0004864",NA,NA,NA,NA,NA,NA,NA
"BerryCrust_0004865",NA,NA,NA,NA,NA,NA,NA
"BerryCrust_0004866",NA,NA,NA,NA,NA,NA,NA
"BerryCrust_0004867",NA,NA,NA,NA,NA,NA,NA
"BerryCrust_0004868",NA,NA,NA,NA,NA,NA,NA
"BerryCrust_0004869",NA,NA,NA,NA,NA,NA,NA
"BerryCrust_0004870",NA,NA,NA,NA,NA,NA,NA
"BerryCrust_0004871",NA,NA,NA,NA,NA,NA,NA
"BerryCrust_0004872",NA,NA,NA,NA,NA,NA,NA
"BerryCrust_0004873",NA,NA,NA,NA,NA,NA,NA
"BerryCrust_0004874",NA,NA,NA,NA,NA,NA,NA
"BerryCrust_0004875",NA,NA,NA,NA,NA,NA,NA
"BerryCrust_0004876",NA,NA,NA,NA,NA,NA,NA
"BerryCrust_0004877",NA,NA,NA,NA,NA,NA,NA
"BerryCrust_0004878",NA,NA,NA,NA,NA,NA,NA
"BerryCrust_0004879","Eukaryota",NA,NA,NA,NA,NA,NA
"BerryCrust_0004880",NA,NA,NA,NA,NA,NA,NA
"BerryCrust_0004881",NA,NA,NA,NA,NA,NA,NA
"BerryCrust_0004882",NA,NA,NA,NA,NA,NA,NA
"BerryCrust_0004883",NA,NA,NA,NA,NA,NA,NA
"BerryCrust_0004884",NA,NA,NA,NA,NA,NA,NA
"BerryCrust_0004885","Eukaryota",NA,NA,NA,NA,NA,NA
"BerryCrust_0004886",NA,NA,NA,NA,NA,NA,NA
"BerryCrust_0004887",NA,NA,NA,NA,NA,NA,NA
"BerryCrust_0004888",NA,NA,NA,NA,NA,NA,NA
"BerryCrust_0004889",NA,NA,NA,NA,NA,NA,NA
"BerryCrust_0004890",NA,NA,NA,NA,NA,NA,NA
"BerryCrust_0004891",NA,NA,NA,NA,NA,NA,NA
"BerryCrust_0004892",NA,NA,NA,NA,NA,NA,NA
"BerryCrust_0004893",NA,NA,NA,NA,NA,NA,NA
"BerryCrust_0004894",NA,NA,NA,NA,NA,NA,NA
"BerryCrust_0004895",NA,NA,NA,NA,NA,NA,NA
"BerryCrust_0004896",NA,NA,NA,NA,NA,NA,NA
"BerryCrust_0004897","Eukaryota","Arthropoda","Malacostraca","Decapoda","Diogenidae","Calcinus","Calcinus explorator"
"BerryCrust_0004898",NA,NA,NA,NA,NA,NA,NA
"BerryCrust_0004899",NA,NA,NA,NA,NA,NA,NA
"BerryCrust_0004900",NA,NA,NA,NA,NA,NA,NA
"BerryCrust_0004901",NA,NA,NA,NA,NA,NA,NA
"BerryCrust_0004902",NA,NA,NA,NA,NA,NA,NA
"BerryCrust_0004903",NA,NA,NA,NA,NA,NA,NA
"BerryCrust_0004904",NA,NA,NA,NA,NA,NA,NA
"BerryCrust_0004905",NA,NA,NA,NA,NA,NA,NA
"BerryCrust_0004906",NA,NA,NA,NA,NA,NA,NA
"BerryCrust_0004907",NA,NA,NA,NA,NA,NA,NA
"BerryCrust_0004908",NA,NA,NA,NA,NA,NA,NA
"BerryCrust_0004909",NA,NA,NA,NA,NA,NA,NA
"BerryCrust_0004910","Eukaryota",NA,NA,NA,NA,NA,NA
"BerryCrust_0004911",NA,NA,NA,NA,NA,NA,NA
"BerryCrust_0004912",NA,NA,NA,NA,NA,NA,NA
"BerryCrust_0004913",NA,NA,NA,NA,NA,NA,NA
"BerryCrust_0004914",NA,NA,NA,NA,NA,NA,NA
"BerryCrust_0004915",NA,NA,NA,NA,NA,NA,NA
"BerryCrust_0004916",NA,NA,NA,NA,NA,NA,NA
"BerryCrust_0004917",NA,NA,NA,NA,NA,NA,NA
"BerryCrust_0004918",NA,NA,NA,NA,NA,NA,NA
"BerryCrust_0004919",NA,NA,NA,NA,NA,NA,NA
"BerryCrust_0004920",NA,NA,NA,NA,NA,NA,NA
"BerryCrust_0004921",NA,NA,NA,NA,NA,NA,NA
"BerryCrust_0004922",NA,NA,NA,NA,NA,NA,NA
"BerryCrust_0004923","Eukaryota",NA,NA,NA,NA,NA,NA
"BerryCrust_0004924",NA,NA,NA,NA,NA,NA,NA
"BerryCrust_0004925",NA,NA,NA,NA,NA,NA,NA
"BerryCrust_0004926",NA,NA,NA,NA,NA,NA,NA
"BerryCrust_0004927",NA,NA,NA,NA,NA,NA,NA
"BerryCrust_0004928",NA,NA,NA,NA,NA,NA,NA
"BerryCrust_0004929",NA,NA,NA,NA,NA,NA,NA
"BerryCrust_0004930",NA,NA,NA,NA,NA,NA,NA
"BerryCrust_0004931",NA,NA,NA,NA,NA,NA,NA
"BerryCrust_0004932",NA,NA,NA,NA,NA,NA,NA
"BerryCrust_0004933",NA,NA,NA,NA,NA,NA,NA
"BerryCrust_0004934",NA,NA,NA,NA,NA,NA,NA
"BerryCrust_0004935",NA,NA,NA,NA,NA,NA,NA
"BerryCrust_0004936",NA,NA,NA,NA,NA,NA,NA
"BerryCrust_0004937",NA,NA,NA,NA,NA,NA,NA
"BerryCrust_0004938",NA,NA,NA,NA,NA,NA,NA
"BerryCrust_0004939",NA,NA,NA,NA,NA,NA,NA
"BerryCrust_0004940",NA,NA,NA,NA,NA,NA,NA
"BerryCrust_0004941",NA,NA,NA,NA,NA,NA,NA
"BerryCrust_0004942","Eukaryota",NA,NA,NA,NA,NA,NA
"BerryCrust_0004943",NA,NA,NA,NA,NA,NA,NA
"BerryCrust_0004944",NA,NA,NA,NA,NA,NA,NA
"BerryCrust_0004945",NA,NA,NA,NA,NA,NA,NA
"BerryCrust_0004946",NA,NA,NA,NA,NA,NA,NA
"BerryCrust_0004947",NA,NA,NA,NA,NA,NA,NA
"BerryCrust_0004948","Eukaryota","Arthropoda","Malacostraca","Decapoda","Mithracidae","Teleophrys","Teleophrys cristulipes"
"BerryCrust_0004949",NA,NA,NA,NA,NA,NA,NA
"BerryCrust_0004950",NA,NA,NA,NA,NA,NA,NA
"BerryCrust_0004951","Eukaryota","Arthropoda",NA,NA,NA,NA,NA
"BerryCrust_0004952",NA,NA,NA,NA,NA,NA,NA
"BerryCrust_0004953","Eukaryota","Arthropoda","Malacostraca","Decapoda","Mithracidae","Teleophrys","Teleophrys cristulipes"
"BerryCrust_0004954",NA,NA,NA,NA,NA,NA,NA
"BerryCrust_0004955",NA,NA,NA,NA,NA,NA,NA
"BerryCrust_0004956",NA,NA,NA,NA,NA,NA,NA
"BerryCrust_0004957",NA,NA,NA,NA,NA,NA,NA
"BerryCrust_0004958",NA,NA,NA,NA,NA,NA,NA
"BerryCrust_0004959",NA,NA,NA,NA,NA,NA,NA
"BerryCrust_0004960",NA,NA,NA,NA,NA,NA,NA
"BerryCrust_0004961",NA,NA,NA,NA,NA,NA,NA
"BerryCrust_0004962",NA,NA,NA,NA,NA,NA,NA
"BerryCrust_0004963",NA,NA,NA,NA,NA,NA,NA
"BerryCrust_0004964",NA,NA,NA,NA,NA,NA,NA
"BerryCrust_0004965",NA,NA,NA,NA,NA,NA,NA
"BerryCrust_0004966",NA,NA,NA,NA,NA,NA,NA
"BerryCrust_0004967",NA,NA,NA,NA,NA,NA,NA
"BerryCrust_0004968",NA,NA,NA,NA,NA,NA,NA
"BerryCrust_0004969",NA,NA,NA,NA,NA,NA,NA
"BerryCrust_0004970",NA,NA,NA,NA,NA,NA,NA
"BerryCrust_0004971",NA,NA,NA,NA,NA,NA,NA
"BerryCrust_0004972",NA,NA,NA,NA,NA,NA,NA
"BerryCrust_0004973",NA,NA,NA,NA,NA,NA,NA
"BerryCrust_0004974",NA,NA,NA,NA,NA,NA,NA
"BerryCrust_0004975",NA,NA,NA,NA,NA,NA,NA
"BerryCrust_0004976",NA,NA,NA,NA,NA,NA,NA
"BerryCrust_0004977",NA,NA,NA,NA,NA,NA,NA
"BerryCrust_0004978",NA,NA,NA,NA,NA,NA,NA
"BerryCrust_0004979",NA,NA,NA,NA,NA,NA,NA
"BerryCrust_0004980",NA,NA,NA,NA,NA,NA,NA
"BerryCrust_0004981",NA,NA,NA,NA,NA,NA,NA
"BerryCrust_0004982",NA,NA,NA,NA,NA,NA,NA
"BerryCrust_0004983",NA,NA,NA,NA,NA,NA,NA
"BerryCrust_0004984",NA,NA,NA,NA,NA,NA,NA
"BerryCrust_0004985",NA,NA,NA,NA,NA,NA,NA
"BerryCrust_0004986",NA,NA,NA,NA,NA,NA,NA
"BerryCrust_0004987",NA,NA,NA,NA,NA,NA,NA
"BerryCrust_0004988",NA,NA,NA,NA,NA,NA,NA
"BerryCrust_0004989",NA,NA,NA,NA,NA,NA,NA
"BerryCrust_0004990",NA,NA,NA,NA,NA,NA,NA
"BerryCrust_0004991",NA,NA,NA,NA,NA,NA,NA
"BerryCrust_0004992",NA,NA,NA,NA,NA,NA,NA
"BerryCrust_0004993",NA,NA,NA,NA,NA,NA,NA
"BerryCrust_0004994",NA,NA,NA,NA,NA,NA,NA
"BerryCrust_0004995",NA,NA,NA,NA,NA,NA,NA
"BerryCrust_0004996",NA,NA,NA,NA,NA,NA,NA
"BerryCrust_0004997",NA,NA,NA,NA,NA,NA,NA
"BerryCrust_0004998",NA,NA,NA,NA,NA,NA,NA
"BerryCrust_0004999","Eukaryota","Arthropoda","Malacostraca","Decapoda","Callianassidae",NA,NA
"BerryCrust_0005000",NA,NA,NA,NA,NA,NA,NA
"BerryCrust_0005001",NA,NA,NA,NA,NA,NA,NA
"BerryCrust_0005002",NA,NA,NA,NA,NA,NA,NA
"BerryCrust_0005003",NA,NA,NA,NA,NA,NA,NA
"BerryCrust_0005004",NA,NA,NA,NA,NA,NA,NA
"BerryCrust_0005005",NA,NA,NA,NA,NA,NA,NA
"BerryCrust_0005006",NA,NA,NA,NA,NA,NA,NA
"BerryCrust_0005007",NA,NA,NA,NA,NA,NA,NA
"BerryCrust_0005008",NA,NA,NA,NA,NA,NA,NA
"BerryCrust_0005009",NA,NA,NA,NA,NA,NA,NA
"BerryCrust_0005010",NA,NA,NA,NA,NA,NA,NA
"BerryCrust_0005011",NA,NA,NA,NA,NA,NA,NA
"BerryCrust_0005012",NA,NA,NA,NA,NA,NA,NA
"BerryCrust_0005013",NA,NA,NA,NA,NA,NA,NA
"BerryCrust_0005014",NA,NA,NA,NA,NA,NA,NA
"BerryCrust_0005015",NA,NA,NA,NA,NA,NA,NA
"BerryCrust_0005016",NA,NA,NA,NA,NA,NA,NA
"BerryCrust_0005017",NA,NA,NA,NA,NA,NA,NA
"BerryCrust_0005018",NA,NA,NA,NA,NA,NA,NA
"BerryCrust_0005019",NA,NA,NA,NA,NA,NA,NA
"BerryCrust_0005020",NA,NA,NA,NA,NA,NA,NA
"BerryCrust_0005021",NA,NA,NA,NA,NA,NA,NA
"BerryCrust_0005022",NA,NA,NA,NA,NA,NA,NA
"BerryCrust_0005023",NA,NA,NA,NA,NA,NA,NA
"BerryCrust_0005024","Eukaryota","Arthropoda","Malacostraca","Decapoda","Mithracidae","Teleophrys","Teleophrys cristulipes"
"BerryCrust_0005025",NA,NA,NA,NA,NA,NA,NA
"BerryCrust_0005026",NA,NA,NA,NA,NA,NA,NA
"BerryCrust_0005027",NA,NA,NA,NA,NA,NA,NA
"BerryCrust_0005028",NA,NA,NA,NA,NA,NA,NA
"BerryCrust_0005029",NA,NA,NA,NA,NA,NA,NA
"BerryCrust_0005030",NA,NA,NA,NA,NA,NA,NA
"BerryCrust_0005031",NA,NA,NA,NA,NA,NA,NA
"BerryCrust_0005032",NA,NA,NA,NA,NA,NA,NA
"BerryCrust_0005033",NA,NA,NA,NA,NA,NA,NA
"BerryCrust_0005034",NA,NA,NA,NA,NA,NA,NA
"BerryCrust_0005035",NA,NA,NA,NA,NA,NA,NA
"BerryCrust_0005036",NA,NA,NA,NA,NA,NA,NA
"BerryCrust_0005037",NA,NA,NA,NA,NA,NA,NA
"BerryCrust_0005038",NA,NA,NA,NA,NA,NA,NA
"BerryCrust_0005039",NA,NA,NA,NA,NA,NA,NA
"BerryCrust_0005040",NA,NA,NA,NA,NA,NA,NA
"BerryCrust_0005041",NA,NA,NA,NA,NA,NA,NA
"BerryCrust_0005042",NA,NA,NA,NA,NA,NA,NA
"BerryCrust_0005043",NA,NA,NA,NA,NA,NA,NA
"BerryCrust_0005044",NA,NA,NA,NA,NA,NA,NA
"BerryCrust_0005045",NA,NA,NA,NA,NA,NA,NA
"BerryCrust_0005046",NA,NA,NA,NA,NA,NA,NA
"BerryCrust_0005047",NA,NA,NA,NA,NA,NA,NA
"BerryCrust_0005048",NA,NA,NA,NA,NA,NA,NA
"BerryCrust_0005049",NA,NA,NA,NA,NA,NA,NA
"BerryCrust_0005050",NA,NA,NA,NA,NA,NA,NA
"BerryCrust_0005051",NA,NA,NA,NA,NA,NA,NA
"BerryCrust_0005052",NA,NA,NA,NA,NA,NA,NA
"BerryCrust_0005053",NA,NA,NA,NA,NA,NA,NA
"BerryCrust_0005054",NA,NA,NA,NA,NA,NA,NA
"BerryCrust_0005055",NA,NA,NA,NA,NA,NA,NA
"BerryCrust_0005056",NA,NA,NA,NA,NA,NA,NA
"BerryCrust_0005057",NA,NA,NA,NA,NA,NA,NA
"BerryCrust_0005058",NA,NA,NA,NA,NA,NA,NA
"BerryCrust_0005059",NA,NA,NA,NA,NA,NA,NA
"BerryCrust_0005060",NA,NA,NA,NA,NA,NA,NA
"BerryCrust_0005061",NA,NA,NA,NA,NA,NA,NA
"BerryCrust_0005062",NA,NA,NA,NA,NA,NA,NA
"BerryCrust_0005063","Eukaryota",NA,NA,NA,NA,NA,NA
"BerryCrust_0005064",NA,NA,NA,NA,NA,NA,NA
"BerryCrust_0005065",NA,NA,NA,NA,NA,NA,NA
"BerryCrust_0005066",NA,NA,NA,NA,NA,NA,NA
"BerryCrust_0005067",NA,NA,NA,NA,NA,NA,NA
"BerryCrust_0005068",NA,NA,NA,NA,NA,NA,NA
"BerryCrust_0005069",NA,NA,NA,NA,NA,NA,NA
"BerryCrust_0005070",NA,NA,NA,NA,NA,NA,NA
"BerryCrust_0005071",NA,NA,NA,NA,NA,NA,NA
"BerryCrust_0005072",NA,NA,NA,NA,NA,NA,NA
"BerryCrust_0005073",NA,NA,NA,NA,NA,NA,NA
"BerryCrust_0005074",NA,NA,NA,NA,NA,NA,NA
"BerryCrust_0005075",NA,NA,NA,NA,NA,NA,NA
"BerryCrust_0005076",NA,NA,NA,NA,NA,NA,NA
"BerryCrust_0005077",NA,NA,NA,NA,NA,NA,NA
"BerryCrust_0005078",NA,NA,NA,NA,NA,NA,NA
"BerryCrust_0005079",NA,NA,NA,NA,NA,NA,NA
"BerryCrust_0005080",NA,NA,NA,NA,NA,NA,NA
"BerryCrust_0005081",NA,NA,NA,NA,NA,NA,NA
"BerryCrust_0005082",NA,NA,NA,NA,NA,NA,NA
"BerryCrust_0005083",NA,NA,NA,NA,NA,NA,NA
"BerryCrust_0005084",NA,NA,NA,NA,NA,NA,NA
"BerryCrust_0005085",NA,NA,NA,NA,NA,NA,NA
"BerryCrust_0005086",NA,NA,NA,NA,NA,NA,NA
"BerryCrust_0005087",NA,NA,NA,NA,NA,NA,NA
"BerryCrust_0005088",NA,NA,NA,NA,NA,NA,NA
"BerryCrust_0005089",NA,NA,NA,NA,NA,NA,NA
"BerryCrust_0005090",NA,NA,NA,NA,NA,NA,NA
"BerryCrust_0005091",NA,NA,NA,NA,NA,NA,NA
"BerryCrust_0005092",NA,NA,NA,NA,NA,NA,NA
"BerryCrust_0005093",NA,NA,NA,NA,NA,NA,NA
"BerryCrust_0005094",NA,NA,NA,NA,NA,NA,NA
"BerryCrust_0005095",NA,NA,NA,NA,NA,NA,NA
"BerryCrust_0005096",NA,NA,NA,NA,NA,NA,NA
"BerryCrust_0005097",NA,NA,NA,NA,NA,NA,NA
"BerryCrust_0005098",NA,NA,NA,NA,NA,NA,NA
"BerryCrust_0005099",NA,NA,NA,NA,NA,NA,NA
"BerryCrust_0005100",NA,NA,NA,NA,NA,NA,NA
"BerryCrust_0005101",NA,NA,NA,NA,NA,NA,NA
"BerryCrust_0005102",NA,NA,NA,NA,NA,NA,NA
"BerryCrust_0005103",NA,NA,NA,NA,NA,NA,NA
"BerryCrust_0005104",NA,NA,NA,NA,NA,NA,NA
"BerryCrust_0005105",NA,NA,NA,NA,NA,NA,NA
"BerryCrust_0005106",NA,NA,NA,NA,NA,NA,NA
"BerryCrust_0005107",NA,NA,NA,NA,NA,NA,NA
"BerryCrust_0005108",NA,NA,NA,NA,NA,NA,NA
"BerryCrust_0005109",NA,NA,NA,NA,NA,NA,NA
"BerryCrust_0005110",NA,NA,NA,NA,NA,NA,NA
"BerryCrust_0005111",NA,NA,NA,NA,NA,NA,NA
"BerryCrust_0005112",NA,NA,NA,NA,NA,NA,NA
"BerryCrust_0005113",NA,NA,NA,NA,NA,NA,NA
"BerryCrust_0005114",NA,NA,NA,NA,NA,NA,NA
"BerryCrust_0005115",NA,NA,NA,NA,NA,NA,NA
"BerryCrust_0005116",NA,NA,NA,NA,NA,NA,NA
"BerryCrust_0005117",NA,NA,NA,NA,NA,NA,NA
"BerryCrust_0005118",NA,NA,NA,NA,NA,NA,NA
"BerryCrust_0005119",NA,NA,NA,NA,NA,NA,NA
"BerryCrust_0005120",NA,NA,NA,NA,NA,NA,NA
"BerryCrust_0005121",NA,NA,NA,NA,NA,NA,NA
"BerryCrust_0005122",NA,NA,NA,NA,NA,NA,NA
"BerryCrust_0005123",NA,NA,NA,NA,NA,NA,NA
"BerryCrust_0005124",NA,NA,NA,NA,NA,NA,NA
"BerryCrust_0005125",NA,NA,NA,NA,NA,NA,NA
"BerryCrust_0005126",NA,NA,NA,NA,NA,NA,NA
"BerryCrust_0005127",NA,NA,NA,NA,NA,NA,NA
"BerryCrust_0005128","Eukaryota","Arthropoda","Malacostraca","Decapoda","Mithracidae","Teleophrys","Teleophrys cristulipes"
"BerryCrust_0005129",NA,NA,NA,NA,NA,NA,NA
"BerryCrust_0005130",NA,NA,NA,NA,NA,NA,NA
"BerryCrust_0005131","Eukaryota",NA,NA,NA,NA,NA,NA
"BerryCrust_0005132",NA,NA,NA,NA,NA,NA,NA
"BerryCrust_0005133",NA,NA,NA,NA,NA,NA,NA
"BerryCrust_0005134",NA,NA,NA,NA,NA,NA,NA
"BerryCrust_0005135",NA,NA,NA,NA,NA,NA,NA
"BerryCrust_0005136",NA,NA,NA,NA,NA,NA,NA
"BerryCrust_0005137",NA,NA,NA,NA,NA,NA,NA
"BerryCrust_0005138",NA,NA,NA,NA,NA,NA,NA
"BerryCrust_0005139",NA,NA,NA,NA,NA,NA,NA
"BerryCrust_0005140",NA,NA,NA,NA,NA,NA,NA
"BerryCrust_0005141",NA,NA,NA,NA,NA,NA,NA
"BerryCrust_0005142",NA,NA,NA,NA,NA,NA,NA
"BerryCrust_0005143",NA,NA,NA,NA,NA,NA,NA
"BerryCrust_0005144",NA,NA,NA,NA,NA,NA,NA
"BerryCrust_0005145",NA,NA,NA,NA,NA,NA,NA
"BerryCrust_0005146",NA,NA,NA,NA,NA,NA,NA
"BerryCrust_0005147",NA,NA,NA,NA,NA,NA,NA
"BerryCrust_0005148","Eukaryota",NA,NA,NA,NA,NA,NA
"BerryCrust_0005149",NA,NA,NA,NA,NA,NA,NA
"BerryCrust_0005150",NA,NA,NA,NA,NA,NA,NA
"BerryCrust_0005151",NA,NA,NA,NA,NA,NA,NA
"BerryCrust_0005152",NA,NA,NA,NA,NA,NA,NA
"BerryCrust_0005153",NA,NA,NA,NA,NA,NA,NA
"BerryCrust_0005154",NA,NA,NA,NA,NA,NA,NA
"BerryCrust_0005155","Eukaryota","Arthropoda","Malacostraca","Decapoda","Eriphiidae","Eriphides","Eriphides hispida"
"BerryCrust_0005156",NA,NA,NA,NA,NA,NA,NA
"BerryCrust_0005157",NA,NA,NA,NA,NA,NA,NA
"BerryCrust_0005158",NA,NA,NA,NA,NA,NA,NA
"BerryCrust_0005159",NA,NA,NA,NA,NA,NA,NA
"BerryCrust_0005160",NA,NA,NA,NA,NA,NA,NA
"BerryCrust_0005161",NA,NA,NA,NA,NA,NA,NA
"BerryCrust_0005162",NA,NA,NA,NA,NA,NA,NA
"BerryCrust_0005163",NA,NA,NA,NA,NA,NA,NA
"BerryCrust_0005164",NA,NA,NA,NA,NA,NA,NA
"BerryCrust_0005165",NA,NA,NA,NA,NA,NA,NA
"BerryCrust_0005166",NA,NA,NA,NA,NA,NA,NA
"BerryCrust_0005167",NA,NA,NA,NA,NA,NA,NA
"BerryCrust_0005168",NA,NA,NA,NA,NA,NA,NA
"BerryCrust_0005169",NA,NA,NA,NA,NA,NA,NA
"BerryCrust_0005170",NA,NA,NA,NA,NA,NA,NA
"BerryCrust_0005171",NA,NA,NA,NA,NA,NA,NA
"BerryCrust_0005172",NA,NA,NA,NA,NA,NA,NA
"BerryCrust_0005173",NA,NA,NA,NA,NA,NA,NA
"BerryCrust_0005174",NA,NA,NA,NA,NA,NA,NA
"BerryCrust_0005175",NA,NA,NA,NA,NA,NA,NA
"BerryCrust_0005176",NA,NA,NA,NA,NA,NA,NA
"BerryCrust_0005177",NA,NA,NA,NA,NA,NA,NA
"BerryCrust_0005178",NA,NA,NA,NA,NA,NA,NA
"BerryCrust_0005179",NA,NA,NA,NA,NA,NA,NA
"BerryCrust_0005180",NA,NA,NA,NA,NA,NA,NA
"BerryCrust_0005181",NA,NA,NA,NA,NA,NA,NA
"BerryCrust_0005182",NA,NA,NA,NA,NA,NA,NA
"BerryCrust_0005183",NA,NA,NA,NA,NA,NA,NA
"BerryCrust_0005184",NA,NA,NA,NA,NA,NA,NA
"BerryCrust_0005185",NA,NA,NA,NA,NA,NA,NA
"BerryCrust_0005186",NA,NA,NA,NA,NA,NA,NA
"BerryCrust_0005187","Eukaryota",NA,NA,NA,NA,NA,NA
"BerryCrust_0005188","Eukaryota","Arthropoda","Malacostraca","Decapoda","Mithracidae","Teleophrys","Teleophrys cristulipes"
"BerryCrust_0005189",NA,NA,NA,NA,NA,NA,NA
"BerryCrust_0005190",NA,NA,NA,NA,NA,NA,NA
"BerryCrust_0005191","Eukaryota",NA,NA,NA,NA,NA,NA
"BerryCrust_0005192",NA,NA,NA,NA,NA,NA,NA
"BerryCrust_0005193",NA,NA,NA,NA,NA,NA,NA
"BerryCrust_0005194","Eukaryota","Arthropoda","Malacostraca","Decapoda","Grapsidae","Pachygrapsus","Pachygrapsus socius"
"BerryCrust_0005195",NA,NA,NA,NA,NA,NA,NA
"BerryCrust_0005196",NA,NA,NA,NA,NA,NA,NA
"BerryCrust_0005197",NA,NA,NA,NA,NA,NA,NA
"BerryCrust_0005198",NA,NA,NA,NA,NA,NA,NA
"BerryCrust_0005199",NA,NA,NA,NA,NA,NA,NA
"BerryCrust_0005200",NA,NA,NA,NA,NA,NA,NA
"BerryCrust_0005201",NA,NA,NA,NA,NA,NA,NA
"BerryCrust_0005202",NA,NA,NA,NA,NA,NA,NA
"BerryCrust_0005203",NA,NA,NA,NA,NA,NA,NA
"BerryCrust_0005204",NA,NA,NA,NA,NA,NA,NA
"BerryCrust_0005205",NA,NA,NA,NA,NA,NA,NA
"BerryCrust_0005206",NA,NA,NA,NA,NA,NA,NA
"BerryCrust_0005207",NA,NA,NA,NA,NA,NA,NA
"BerryCrust_0005208",NA,NA,NA,NA,NA,NA,NA
"BerryCrust_0005209",NA,NA,NA,NA,NA,NA,NA
"BerryCrust_0005210",NA,NA,NA,NA,NA,NA,NA
"BerryCrust_0005211","Eukaryota","Arthropoda","Malacostraca","Decapoda","Mithracidae","Teleophrys","Teleophrys cristulipes"
"BerryCrust_0005212","Eukaryota","Arthropoda","Malacostraca","Decapoda","Mithracidae","Teleophrys","Teleophrys cristulipes"
"BerryCrust_0005213","Eukaryota","Arthropoda","Malacostraca","Decapoda","Grapsidae","Pachygrapsus","Pachygrapsus socius"
"BerryCrust_0005214",NA,NA,NA,NA,NA,NA,NA
"BerryCrust_0005215",NA,NA,NA,NA,NA,NA,NA
"BerryCrust_0005216",NA,NA,NA,NA,NA,NA,NA
"BerryCrust_0005217",NA,NA,NA,NA,NA,NA,NA
"BerryCrust_0005218",NA,NA,NA,NA,NA,NA,NA
"BerryCrust_0005219",NA,NA,NA,NA,NA,NA,NA
"BerryCrust_0005220",NA,NA,NA,NA,NA,NA,NA
"BerryCrust_0005221",NA,NA,NA,NA,NA,NA,NA
"BerryCrust_0005222",NA,NA,NA,NA,NA,NA,NA
"BerryCrust_0005223",NA,NA,NA,NA,NA,NA,NA
"BerryCrust_0005224",NA,NA,NA,NA,NA,NA,NA
"BerryCrust_0005225",NA,NA,NA,NA,NA,NA,NA
"BerryCrust_0005226",NA,NA,NA,NA,NA,NA,NA
"BerryCrust_0005227","Eukaryota","Arthropoda","Malacostraca","Decapoda","Grapsidae","Pachygrapsus","Pachygrapsus socius"
"BerryCrust_0005228","Eukaryota",NA,NA,NA,NA,NA,NA
"BerryCrust_0005229","Eukaryota","Arthropoda","Malacostraca","Decapoda","Mithracidae","Teleophrys","Teleophrys cristulipes"
"BerryCrust_0005230",NA,NA,NA,NA,NA,NA,NA
"BerryCrust_0005231",NA,NA,NA,NA,NA,NA,NA
"BerryCrust_0005232",NA,NA,NA,NA,NA,NA,NA
"BerryCrust_0005233",NA,NA,NA,NA,NA,NA,NA
"BerryCrust_0005234",NA,NA,NA,NA,NA,NA,NA
"BerryCrust_0005235",NA,NA,NA,NA,NA,NA,NA
"BerryCrust_0005236","Eukaryota",NA,NA,NA,NA,NA,NA
"BerryCrust_0005237",NA,NA,NA,NA,NA,NA,NA
"BerryCrust_0005238",NA,NA,NA,NA,NA,NA,NA
"BerryCrust_0005239","Eukaryota",NA,NA,NA,NA,NA,NA
"BerryCrust_0005240",NA,NA,NA,NA,NA,NA,NA
"BerryCrust_0005241",NA,NA,NA,NA,NA,NA,NA
"BerryCrust_0005242","Eukaryota","Arthropoda","Malacostraca","Decapoda","Grapsidae","Pachygrapsus","Pachygrapsus socius"
"BerryCrust_0005243",NA,NA,NA,NA,NA,NA,NA
"BerryCrust_0005244",NA,NA,NA,NA,NA,NA,NA
"BerryCrust_0005245","Eukaryota",NA,NA,NA,NA,NA,NA
"BerryCrust_0005246",NA,NA,NA,NA,NA,NA,NA
"BerryCrust_0005247","Eukaryota","Arthropoda","Malacostraca","Decapoda","Mithracidae","Teleophrys","Teleophrys cristulipes"
"BerryCrust_0005248",NA,NA,NA,NA,NA,NA,NA
"BerryCrust_0005249",NA,NA,NA,NA,NA,NA,NA
"BerryCrust_0005250",NA,NA,NA,NA,NA,NA,NA
"BerryCrust_0005251",NA,NA,NA,NA,NA,NA,NA
"BerryCrust_0005252",NA,NA,NA,NA,NA,NA,NA
"BerryCrust_0005253",NA,NA,NA,NA,NA,NA,NA
"BerryCrust_0005254",NA,NA,NA,NA,NA,NA,NA
"BerryCrust_0005255",NA,NA,NA,NA,NA,NA,NA
"BerryCrust_0005256",NA,NA,NA,NA,NA,NA,NA
"BerryCrust_0005257",NA,NA,NA,NA,NA,NA,NA
"BerryCrust_0005258",NA,NA,NA,NA,NA,NA,NA
"BerryCrust_0005259",NA,NA,NA,NA,NA,NA,NA
"BerryCrust_0005260",NA,NA,NA,NA,NA,NA,NA
"BerryCrust_0005261",NA,NA,NA,NA,NA,NA,NA
"BerryCrust_0005262",NA,NA,NA,NA,NA,NA,NA
"BerryCrust_0005263",NA,NA,NA,NA,NA,NA,NA
"BerryCrust_0005264",NA,NA,NA,NA,NA,NA,NA
"BerryCrust_0005265",NA,NA,NA,NA,NA,NA,NA
"BerryCrust_0005266",NA,NA,NA,NA,NA,NA,NA
"BerryCrust_0005267",NA,NA,NA,NA,NA,NA,NA
"BerryCrust_0005268",NA,NA,NA,NA,NA,NA,NA
"BerryCrust_0005269",NA,NA,NA,NA,NA,NA,NA
"BerryCrust_0005270",NA,NA,NA,NA,NA,NA,NA
"BerryCrust_0005271",NA,NA,NA,NA,NA,NA,NA
"BerryCrust_0005272",NA,NA,NA,NA,NA,NA,NA
"BerryCrust_0005273",NA,NA,NA,NA,NA,NA,NA
"BerryCrust_0005274",NA,NA,NA,NA,NA,NA,NA
"BerryCrust_0005275",NA,NA,NA,NA,NA,NA,NA
"BerryCrust_0005276",NA,NA,NA,NA,NA,NA,NA
"BerryCrust_0005277",NA,NA,NA,NA,NA,NA,NA
"BerryCrust_0005278",NA,NA,NA,NA,NA,NA,NA
"BerryCrust_0005279",NA,NA,NA,NA,NA,NA,NA
"BerryCrust_0005280",NA,NA,NA,NA,NA,NA,NA
"BerryCrust_0005281",NA,NA,NA,NA,NA,NA,NA
"BerryCrust_0005282",NA,NA,NA,NA,NA,NA,NA
"BerryCrust_0005283",NA,NA,NA,NA,NA,NA,NA
"BerryCrust_0005284",NA,NA,NA,NA,NA,NA,NA
"BerryCrust_0005285",NA,NA,NA,NA,NA,NA,NA
"BerryCrust_0005286",NA,NA,NA,NA,NA,NA,NA
"BerryCrust_0005287",NA,NA,NA,NA,NA,NA,NA
"BerryCrust_0005288",NA,NA,NA,NA,NA,NA,NA
"BerryCrust_0005289",NA,NA,NA,NA,NA,NA,NA
"BerryCrust_0005290",NA,NA,NA,NA,NA,NA,NA
"BerryCrust_0005291",NA,NA,NA,NA,NA,NA,NA
"BerryCrust_0005292",NA,NA,NA,NA,NA,NA,NA
"BerryCrust_0005293",NA,NA,NA,NA,NA,NA,NA
"BerryCrust_0005294",NA,NA,NA,NA,NA,NA,NA
"BerryCrust_0005295",NA,NA,NA,NA,NA,NA,NA
"BerryCrust_0005296",NA,NA,NA,NA,NA,NA,NA
"BerryCrust_0005297",NA,NA,NA,NA,NA,NA,NA
"BerryCrust_0005298",NA,NA,NA,NA,NA,NA,NA
"BerryCrust_0005299",NA,NA,NA,NA,NA,NA,NA
"BerryCrust_0005300",NA,NA,NA,NA,NA,NA,NA
"BerryCrust_0005301",NA,NA,NA,NA,NA,NA,NA
"BerryCrust_0005302",NA,NA,NA,NA,NA,NA,NA
"BerryCrust_0005303",NA,NA,NA,NA,NA,NA,NA
"BerryCrust_0005304",NA,NA,NA,NA,NA,NA,NA
"BerryCrust_0005305",NA,NA,NA,NA,NA,NA,NA
"BerryCrust_0005306",NA,NA,NA,NA,NA,NA,NA
"BerryCrust_0005307",NA,NA,NA,NA,NA,NA,NA
"BerryCrust_0005308",NA,NA,NA,NA,NA,NA,NA
"BerryCrust_0005309",NA,NA,NA,NA,NA,NA,NA
"BerryCrust_0005310",NA,NA,NA,NA,NA,NA,NA
"BerryCrust_0005311",NA,NA,NA,NA,NA,NA,NA
"BerryCrust_0005312",NA,NA,NA,NA,NA,NA,NA
"BerryCrust_0005313",NA,NA,NA,NA,NA,NA,NA
"BerryCrust_0005314",NA,NA,NA,NA,NA,NA,NA
"BerryCrust_0005315",NA,NA,NA,NA,NA,NA,NA
"BerryCrust_0005316",NA,NA,NA,NA,NA,NA,NA
"BerryCrust_0005317",NA,NA,NA,NA,NA,NA,NA
"BerryCrust_0005318",NA,NA,NA,NA,NA,NA,NA
"BerryCrust_0005319",NA,NA,NA,NA,NA,NA,NA
"BerryCrust_0005320",NA,NA,NA,NA,NA,NA,NA
"BerryCrust_0005321",NA,NA,NA,NA,NA,NA,NA
"BerryCrust_0005322",NA,NA,NA,NA,NA,NA,NA
"BerryCrust_0005323",NA,NA,NA,NA,NA,NA,NA
"BerryCrust_0005324",NA,NA,NA,NA,NA,NA,NA
"BerryCrust_0005325",NA,NA,NA,NA,NA,NA,NA
"BerryCrust_0005326",NA,NA,NA,NA,NA,NA,NA
"BerryCrust_0005327",NA,NA,NA,NA,NA,NA,NA
"BerryCrust_0005328",NA,NA,NA,NA,NA,NA,NA
"BerryCrust_0005329",NA,NA,NA,NA,NA,NA,NA
"BerryCrust_0005330",NA,NA,NA,NA,NA,NA,NA
"BerryCrust_0005331",NA,NA,NA,NA,NA,NA,NA
"BerryCrust_0005332",NA,NA,NA,NA,NA,NA,NA
"BerryCrust_0005333",NA,NA,NA,NA,NA,NA,NA
"BerryCrust_0005334",NA,NA,NA,NA,NA,NA,NA
"BerryCrust_0005335",NA,NA,NA,NA,NA,NA,NA
"BerryCrust_0005336",NA,NA,NA,NA,NA,NA,NA
"BerryCrust_0005337",NA,NA,NA,NA,NA,NA,NA
"BerryCrust_0005338",NA,NA,NA,NA,NA,NA,NA
"BerryCrust_0005339",NA,NA,NA,NA,NA,NA,NA
"BerryCrust_0005340",NA,NA,NA,NA,NA,NA,NA
"BerryCrust_0005341",NA,NA,NA,NA,NA,NA,NA
"BerryCrust_0005342",NA,NA,NA,NA,NA,NA,NA
"BerryCrust_0005343",NA,NA,NA,NA,NA,NA,NA
"BerryCrust_0005344",NA,NA,NA,NA,NA,NA,NA
"BerryCrust_0005345",NA,NA,NA,NA,NA,NA,NA
"BerryCrust_0005346",NA,NA,NA,NA,NA,NA,NA
"BerryCrust_0005347",NA,NA,NA,NA,NA,NA,NA
"BerryCrust_0005348",NA,NA,NA,NA,NA,NA,NA
"BerryCrust_0005349",NA,NA,NA,NA,NA,NA,NA
"BerryCrust_0005350",NA,NA,NA,NA,NA,NA,NA
"BerryCrust_0005351",NA,NA,NA,NA,NA,NA,NA
"BerryCrust_0005352",NA,NA,NA,NA,NA,NA,NA
"BerryCrust_0005353",NA,NA,NA,NA,NA,NA,NA
"BerryCrust_0005354",NA,NA,NA,NA,NA,NA,NA
"BerryCrust_0005355",NA,NA,NA,NA,NA,NA,NA
"BerryCrust_0005356",NA,NA,NA,NA,NA,NA,NA
"BerryCrust_0005357",NA,NA,NA,NA,NA,NA,NA
"BerryCrust_0005358",NA,NA,NA,NA,NA,NA,NA
"BerryCrust_0005359",NA,NA,NA,NA,NA,NA,NA
"BerryCrust_0005360",NA,NA,NA,NA,NA,NA,NA
"BerryCrust_0005361",NA,NA,NA,NA,NA,NA,NA
"BerryCrust_0005362",NA,NA,NA,NA,NA,NA,NA
"BerryCrust_0005363",NA,NA,NA,NA,NA,NA,NA
"BerryCrust_0005364",NA,NA,NA,NA,NA,NA,NA
"BerryCrust_0005365",NA,NA,NA,NA,NA,NA,NA
"BerryCrust_0005366",NA,NA,NA,NA,NA,NA,NA
"BerryCrust_0005367",NA,NA,NA,NA,NA,NA,NA
"BerryCrust_0005368",NA,NA,NA,NA,NA,NA,NA
"BerryCrust_0005369",NA,NA,NA,NA,NA,NA,NA
"BerryCrust_0005370",NA,NA,NA,NA,NA,NA,NA
"BerryCrust_0005371",NA,NA,NA,NA,NA,NA,NA
"BerryCrust_0005372",NA,NA,NA,NA,NA,NA,NA
"BerryCrust_0005373",NA,NA,NA,NA,NA,NA,NA
"BerryCrust_0005374",NA,NA,NA,NA,NA,NA,NA
"BerryCrust_0005375",NA,NA,NA,NA,NA,NA,NA
"BerryCrust_0005376",NA,NA,NA,NA,NA,NA,NA
"BerryCrust_0005377",NA,NA,NA,NA,NA,NA,NA
"BerryCrust_0005378",NA,NA,NA,NA,NA,NA,NA
"BerryCrust_0005379",NA,NA,NA,NA,NA,NA,NA
"BerryCrust_0005380",NA,NA,NA,NA,NA,NA,NA
"BerryCrust_0005381",NA,NA,NA,NA,NA,NA,NA
"BerryCrust_0005382",NA,NA,NA,NA,NA,NA,NA
"BerryCrust_0005383",NA,NA,NA,NA,NA,NA,NA
"BerryCrust_0005384",NA,NA,NA,NA,NA,NA,NA
"BerryCrust_0005385",NA,NA,NA,NA,NA,NA,NA
"BerryCrust_0005386",NA,NA,NA,NA,NA,NA,NA
"BerryCrust_0005387",NA,NA,NA,NA,NA,NA,NA
"BerryCrust_0005388",NA,NA,NA,NA,NA,NA,NA
"BerryCrust_0005389",NA,NA,NA,NA,NA,NA,NA
"BerryCrust_0005390",NA,NA,NA,NA,NA,NA,NA
"BerryCrust_0005391",NA,NA,NA,NA,NA,NA,NA
"BerryCrust_0005392","Eukaryota","Arthropoda","Malacostraca","Decapoda","Palaemonidae","Palaemon","Palaemon ritteri"
"BerryCrust_0005393",NA,NA,NA,NA,NA,NA,NA
"BerryCrust_0005394",NA,NA,NA,NA,NA,NA,NA
"BerryCrust_0005395",NA,NA,NA,NA,NA,NA,NA
"BerryCrust_0005396",NA,NA,NA,NA,NA,NA,NA
"BerryCrust_0005397",NA,NA,NA,NA,NA,NA,NA
"BerryCrust_0005398",NA,NA,NA,NA,NA,NA,NA
"BerryCrust_0005399",NA,NA,NA,NA,NA,NA,NA
"BerryCrust_0005400",NA,NA,NA,NA,NA,NA,NA
"BerryCrust_0005401",NA,NA,NA,NA,NA,NA,NA
"BerryCrust_0005402",NA,NA,NA,NA,NA,NA,NA
"BerryCrust_0005403",NA,NA,NA,NA,NA,NA,NA
"BerryCrust_0005404",NA,NA,NA,NA,NA,NA,NA
"BerryCrust_0005405",NA,NA,NA,NA,NA,NA,NA
"BerryCrust_0005406",NA,NA,NA,NA,NA,NA,NA
"BerryCrust_0005407",NA,NA,NA,NA,NA,NA,NA
"BerryCrust_0005408",NA,NA,NA,NA,NA,NA,NA
"BerryCrust_0005409",NA,NA,NA,NA,NA,NA,NA
"BerryCrust_0005410",NA,NA,NA,NA,NA,NA,NA
"BerryCrust_0005411",NA,NA,NA,NA,NA,NA,NA
"BerryCrust_0005412",NA,NA,NA,NA,NA,NA,NA
"BerryCrust_0005413",NA,NA,NA,NA,NA,NA,NA
"BerryCrust_0005414",NA,NA,NA,NA,NA,NA,NA
"BerryCrust_0005415",NA,NA,NA,NA,NA,NA,NA
"BerryCrust_0005416",NA,NA,NA,NA,NA,NA,NA
"BerryCrust_0005417",NA,NA,NA,NA,NA,NA,NA
"BerryCrust_0005418",NA,NA,NA,NA,NA,NA,NA
"BerryCrust_0005419",NA,NA,NA,NA,NA,NA,NA
"BerryCrust_0005420",NA,NA,NA,NA,NA,NA,NA
"BerryCrust_0005421",NA,NA,NA,NA,NA,NA,NA
"BerryCrust_0005422",NA,NA,NA,NA,NA,NA,NA
"BerryCrust_0005423",NA,NA,NA,NA,NA,NA,NA
"BerryCrust_0005424",NA,NA,NA,NA,NA,NA,NA
"BerryCrust_0005425",NA,NA,NA,NA,NA,NA,NA
"BerryCrust_0005426",NA,NA,NA,NA,NA,NA,NA
"BerryCrust_0005427",NA,NA,NA,NA,NA,NA,NA
"BerryCrust_0005428",NA,NA,NA,NA,NA,NA,NA
"BerryCrust_0005429",NA,NA,NA,NA,NA,NA,NA
"BerryCrust_0005430",NA,NA,NA,NA,NA,NA,NA
"BerryCrust_0005431",NA,NA,NA,NA,NA,NA,NA
"BerryCrust_0005432",NA,NA,NA,NA,NA,NA,NA
"BerryCrust_0005433","Eukaryota",NA,NA,NA,NA,NA,NA
"BerryCrust_0005434",NA,NA,NA,NA,NA,NA,NA
"BerryCrust_0005435",NA,NA,NA,NA,NA,NA,NA
"BerryCrust_0005436",NA,NA,NA,NA,NA,NA,NA
"BerryCrust_0005437",NA,NA,NA,NA,NA,NA,NA
"BerryCrust_0005438",NA,NA,NA,NA,NA,NA,NA
"BerryCrust_0005439",NA,NA,NA,NA,NA,NA,NA
"BerryCrust_0005440",NA,NA,NA,NA,NA,NA,NA
"BerryCrust_0005441",NA,NA,NA,NA,NA,NA,NA
"BerryCrust_0005442",NA,NA,NA,NA,NA,NA,NA
"BerryCrust_0005443",NA,NA,NA,NA,NA,NA,NA
"BerryCrust_0005444",NA,NA,NA,NA,NA,NA,NA
"BerryCrust_0005445",NA,NA,NA,NA,NA,NA,NA
"BerryCrust_0005446",NA,NA,NA,NA,NA,NA,NA
"BerryCrust_0005447",NA,NA,NA,NA,NA,NA,NA
"BerryCrust_0005448",NA,NA,NA,NA,NA,NA,NA
"BerryCrust_0005449",NA,NA,NA,NA,NA,NA,NA
"BerryCrust_0005450",NA,NA,NA,NA,NA,NA,NA
"BerryCrust_0005451",NA,NA,NA,NA,NA,NA,NA
"BerryCrust_0005452","Eukaryota","Arthropoda","Malacostraca","Decapoda","Palaemonidae","Palaemon","Palaemon ritteri"
"BerryCrust_0005453",NA,NA,NA,NA,NA,NA,NA
"BerryCrust_0005454",NA,NA,NA,NA,NA,NA,NA
"BerryCrust_0005455",NA,NA,NA,NA,NA,NA,NA
"BerryCrust_0005456",NA,NA,NA,NA,NA,NA,NA
"BerryCrust_0005457",NA,NA,NA,NA,NA,NA,NA
"BerryCrust_0005458",NA,NA,NA,NA,NA,NA,NA
"BerryCrust_0005459",NA,NA,NA,NA,NA,NA,NA
"BerryCrust_0005460",NA,NA,NA,NA,NA,NA,NA
"BerryCrust_0005461",NA,NA,NA,NA,NA,NA,NA
"BerryCrust_0005462",NA,NA,NA,NA,NA,NA,NA
"BerryCrust_0005463",NA,NA,NA,NA,NA,NA,NA
"BerryCrust_0005464",NA,NA,NA,NA,NA,NA,NA
"BerryCrust_0005465",NA,NA,NA,NA,NA,NA,NA
"BerryCrust_0005466",NA,NA,NA,NA,NA,NA,NA
"BerryCrust_0005467",NA,NA,NA,NA,NA,NA,NA
"BerryCrust_0005468",NA,NA,NA,NA,NA,NA,NA
"BerryCrust_0005469",NA,NA,NA,NA,NA,NA,NA
"BerryCrust_0005470",NA,NA,NA,NA,NA,NA,NA
"BerryCrust_0005471",NA,NA,NA,NA,NA,NA,NA
"BerryCrust_0005472",NA,NA,NA,NA,NA,NA,NA
"BerryCrust_0005473",NA,NA,NA,NA,NA,NA,NA
"BerryCrust_0005474",NA,NA,NA,NA,NA,NA,NA
"BerryCrust_0005475","Eukaryota",NA,NA,NA,NA,NA,NA
"BerryCrust_0005476",NA,NA,NA,NA,NA,NA,NA
"BerryCrust_0005477",NA,NA,NA,NA,NA,NA,NA
"BerryCrust_0005478",NA,NA,NA,NA,NA,NA,NA
"BerryCrust_0005479",NA,NA,NA,NA,NA,NA,NA
"BerryCrust_0005480",NA,NA,NA,NA,NA,NA,NA
"BerryCrust_0005481",NA,NA,NA,NA,NA,NA,NA
"BerryCrust_0005482",NA,NA,NA,NA,NA,NA,NA
"BerryCrust_0005483",NA,NA,NA,NA,NA,NA,NA
"BerryCrust_0005484",NA,NA,NA,NA,NA,NA,NA
"BerryCrust_0005485",NA,NA,NA,NA,NA,NA,NA
"BerryCrust_0005486","Eukaryota","Arthropoda","Malacostraca","Decapoda","Sicyoniidae","Sicyonia","Sicyonia disparri"
"BerryCrust_0005487",NA,NA,NA,NA,NA,NA,NA
"BerryCrust_0005488",NA,NA,NA,NA,NA,NA,NA
"BerryCrust_0005489",NA,NA,NA,NA,NA,NA,NA
"BerryCrust_0005490",NA,NA,NA,NA,NA,NA,NA
"BerryCrust_0005491",NA,NA,NA,NA,NA,NA,NA
"BerryCrust_0005492",NA,NA,NA,NA,NA,NA,NA
"BerryCrust_0005493",NA,NA,NA,NA,NA,NA,NA
"BerryCrust_0005494",NA,NA,NA,NA,NA,NA,NA
"BerryCrust_0005495",NA,NA,NA,NA,NA,NA,NA
"BerryCrust_0005496","Eukaryota","Arthropoda","Malacostraca","Decapoda","Portunidae","Cronius","Cronius ruber"
"BerryCrust_0005497",NA,NA,NA,NA,NA,NA,NA
"BerryCrust_0005498",NA,NA,NA,NA,NA,NA,NA
"BerryCrust_0005499",NA,NA,NA,NA,NA,NA,NA
"BerryCrust_0005500",NA,NA,NA,NA,NA,NA,NA
"BerryCrust_0005501",NA,NA,NA,NA,NA,NA,NA
"BerryCrust_0005502",NA,NA,NA,NA,NA,NA,NA
"BerryCrust_0005503",NA,NA,NA,NA,NA,NA,NA
"BerryCrust_0005504",NA,NA,NA,NA,NA,NA,NA
"BerryCrust_0005505",NA,NA,NA,NA,NA,NA,NA
"BerryCrust_0005506",NA,NA,NA,NA,NA,NA,NA
"BerryCrust_0005507",NA,NA,NA,NA,NA,NA,NA
"BerryCrust_0005508",NA,NA,NA,NA,NA,NA,NA
"BerryCrust_0005509",NA,NA,NA,NA,NA,NA,NA
"BerryCrust_0005510",NA,NA,NA,NA,NA,NA,NA
"BerryCrust_0005511",NA,NA,NA,NA,NA,NA,NA
"BerryCrust_0005512",NA,NA,NA,NA,NA,NA,NA
"BerryCrust_0005513",NA,NA,NA,NA,NA,NA,NA
"BerryCrust_0005514",NA,NA,NA,NA,NA,NA,NA
"BerryCrust_0005515",NA,NA,NA,NA,NA,NA,NA
"BerryCrust_0005516",NA,NA,NA,NA,NA,NA,NA
"BerryCrust_0005517","Eukaryota","Arthropoda","Malacostraca","Decapoda","Xanthidae","Liomera",NA
"BerryCrust_0005518",NA,NA,NA,NA,NA,NA,NA
"BerryCrust_0005519",NA,NA,NA,NA,NA,NA,NA
"BerryCrust_0005520",NA,NA,NA,NA,NA,NA,NA
"BerryCrust_0005521",NA,NA,NA,NA,NA,NA,NA
"BerryCrust_0005522",NA,NA,NA,NA,NA,NA,NA
"BerryCrust_0005523",NA,NA,NA,NA,NA,NA,NA
"BerryCrust_0005524",NA,NA,NA,NA,NA,NA,NA
"BerryCrust_0005525",NA,NA,NA,NA,NA,NA,NA
"BerryCrust_0005526","Eukaryota","Arthropoda","Malacostraca","Decapoda","Mithracidae","Teleophrys","Teleophrys cristulipes"
"BerryCrust_0005527",NA,NA,NA,NA,NA,NA,NA
"BerryCrust_0005528",NA,NA,NA,NA,NA,NA,NA
"BerryCrust_0005529",NA,NA,NA,NA,NA,NA,NA
"BerryCrust_0005530",NA,NA,NA,NA,NA,NA,NA
"BerryCrust_0005531",NA,NA,NA,NA,NA,NA,NA
"BerryCrust_0005532",NA,NA,NA,NA,NA,NA,NA
"BerryCrust_0005533",NA,NA,NA,NA,NA,NA,NA
"BerryCrust_0005534",NA,NA,NA,NA,NA,NA,NA
"BerryCrust_0005535",NA,NA,NA,NA,NA,NA,NA
"BerryCrust_0005536",NA,NA,NA,NA,NA,NA,NA
"BerryCrust_0005537",NA,NA,NA,NA,NA,NA,NA
"BerryCrust_0005538",NA,NA,NA,NA,NA,NA,NA
"BerryCrust_0005539",NA,NA,NA,NA,NA,NA,NA
"BerryCrust_0005540",NA,NA,NA,NA,NA,NA,NA
"BerryCrust_0005541",NA,NA,NA,NA,NA,NA,NA
"BerryCrust_0005542",NA,NA,NA,NA,NA,NA,NA
"BerryCrust_0005543",NA,NA,NA,NA,NA,NA,NA
"BerryCrust_0005544",NA,NA,NA,NA,NA,NA,NA
"BerryCrust_0005545",NA,NA,NA,NA,NA,NA,NA
"BerryCrust_0005546",NA,NA,NA,NA,NA,NA,NA
"BerryCrust_0005547",NA,NA,NA,NA,NA,NA,NA
"BerryCrust_0005548",NA,NA,NA,NA,NA,NA,NA
"BerryCrust_0005549",NA,NA,NA,NA,NA,NA,NA
"BerryCrust_0005550",NA,NA,NA,NA,NA,NA,NA
"BerryCrust_0005551",NA,NA,NA,NA,NA,NA,NA
"BerryCrust_0005552",NA,NA,NA,NA,NA,NA,NA
"BerryCrust_0005553",NA,NA,NA,NA,NA,NA,NA
"BerryCrust_0005554",NA,NA,NA,NA,NA,NA,NA
"BerryCrust_0005555",NA,NA,NA,NA,NA,NA,NA
"BerryCrust_0005556",NA,NA,NA,NA,NA,NA,NA
"BerryCrust_0005557",NA,NA,NA,NA,NA,NA,NA
"BerryCrust_0005558",NA,NA,NA,NA,NA,NA,NA
"BerryCrust_0005559",NA,NA,NA,NA,NA,NA,NA
"BerryCrust_0005560",NA,NA,NA,NA,NA,NA,NA
"BerryCrust_0005561",NA,NA,NA,NA,NA,NA,NA
"BerryCrust_0005562",NA,NA,NA,NA,NA,NA,NA
"BerryCrust_0005563",NA,NA,NA,NA,NA,NA,NA
"BerryCrust_0005564",NA,NA,NA,NA,NA,NA,NA
"BerryCrust_0005565",NA,NA,NA,NA,NA,NA,NA
"BerryCrust_0005566",NA,NA,NA,NA,NA,NA,NA
"BerryCrust_0005567",NA,NA,NA,NA,NA,NA,NA
"BerryCrust_0005568",NA,NA,NA,NA,NA,NA,NA
"BerryCrust_0005569",NA,NA,NA,NA,NA,NA,NA
"BerryCrust_0005570",NA,NA,NA,NA,NA,NA,NA
"BerryCrust_0005571",NA,NA,NA,NA,NA,NA,NA
"BerryCrust_0005572","Eukaryota",NA,NA,NA,NA,NA,NA
"BerryCrust_0005573",NA,NA,NA,NA,NA,NA,NA
"BerryCrust_0005574",NA,NA,NA,NA,NA,NA,NA
"BerryCrust_0005575","Eukaryota","Arthropoda","Malacostraca","Decapoda","Mithracidae","Teleophrys","Teleophrys cristulipes"
"BerryCrust_0005576",NA,NA,NA,NA,NA,NA,NA
"BerryCrust_0005577",NA,NA,NA,NA,NA,NA,NA
"BerryCrust_0005578",NA,NA,NA,NA,NA,NA,NA
"BerryCrust_0005579",NA,NA,NA,NA,NA,NA,NA
"BerryCrust_0005580",NA,NA,NA,NA,NA,NA,NA
"BerryCrust_0005581",NA,NA,NA,NA,NA,NA,NA
"BerryCrust_0005582",NA,NA,NA,NA,NA,NA,NA
"BerryCrust_0005583",NA,NA,NA,NA,NA,NA,NA
"BerryCrust_0005584",NA,NA,NA,NA,NA,NA,NA
"BerryCrust_0005585",NA,NA,NA,NA,NA,NA,NA
"BerryCrust_0005586",NA,NA,NA,NA,NA,NA,NA
"BerryCrust_0005587",NA,NA,NA,NA,NA,NA,NA
"BerryCrust_0005588",NA,NA,NA,NA,NA,NA,NA
"BerryCrust_0005589",NA,NA,NA,NA,NA,NA,NA
"BerryCrust_0005590",NA,NA,NA,NA,NA,NA,NA
"BerryCrust_0005591",NA,NA,NA,NA,NA,NA,NA
"BerryCrust_0005592",NA,NA,NA,NA,NA,NA,NA
"BerryCrust_0005593",NA,NA,NA,NA,NA,NA,NA
"BerryCrust_0005594",NA,NA,NA,NA,NA,NA,NA
"BerryCrust_0005595",NA,NA,NA,NA,NA,NA,NA
"BerryCrust_0005596","Eukaryota",NA,NA,NA,NA,NA,NA
"BerryCrust_0005597",NA,NA,NA,NA,NA,NA,NA
"BerryCrust_0005598",NA,NA,NA,NA,NA,NA,NA
"BerryCrust_0005599",NA,NA,NA,NA,NA,NA,NA
"BerryCrust_0005600",NA,NA,NA,NA,NA,NA,NA
"BerryCrust_0005601",NA,NA,NA,NA,NA,NA,NA
"BerryCrust_0005602",NA,NA,NA,NA,NA,NA,NA
"BerryCrust_0005603","Eukaryota","Arthropoda","Malacostraca","Decapoda","Diogenidae","Calcinus","Calcinus explorator"
"BerryCrust_0005604",NA,NA,NA,NA,NA,NA,NA
"BerryCrust_0005605",NA,NA,NA,NA,NA,NA,NA
"BerryCrust_0005606",NA,NA,NA,NA,NA,NA,NA
"BerryCrust_0005607",NA,NA,NA,NA,NA,NA,NA
"BerryCrust_0005608",NA,NA,NA,NA,NA,NA,NA
"BerryCrust_0005609",NA,NA,NA,NA,NA,NA,NA
"BerryCrust_0005610",NA,NA,NA,NA,NA,NA,NA
"BerryCrust_0005611",NA,NA,NA,NA,NA,NA,NA
"BerryCrust_0005612",NA,NA,NA,NA,NA,NA,NA
"BerryCrust_0005613",NA,NA,NA,NA,NA,NA,NA
"BerryCrust_0005614",NA,NA,NA,NA,NA,NA,NA
"BerryCrust_0005615",NA,NA,NA,NA,NA,NA,NA
"BerryCrust_0005616",NA,NA,NA,NA,NA,NA,NA
"BerryCrust_0005617",NA,NA,NA,NA,NA,NA,NA
"BerryCrust_0005618",NA,NA,NA,NA,NA,NA,NA
"BerryCrust_0005619",NA,NA,NA,NA,NA,NA,NA
"BerryCrust_0005620",NA,NA,NA,NA,NA,NA,NA
"BerryCrust_0005621",NA,NA,NA,NA,NA,NA,NA
"BerryCrust_0005622",NA,NA,NA,NA,NA,NA,NA
"BerryCrust_0005623",NA,NA,NA,NA,NA,NA,NA
"BerryCrust_0005624","Eukaryota",NA,NA,NA,NA,NA,NA
"BerryCrust_0005625",NA,NA,NA,NA,NA,NA,NA
"BerryCrust_0005626",NA,NA,NA,NA,NA,NA,NA
"BerryCrust_0005627",NA,NA,NA,NA,NA,NA,NA
"BerryCrust_0005628","Eukaryota","Arthropoda","Malacostraca","Decapoda","Diogenidae","Calcinus","Calcinus explorator"
"BerryCrust_0005629",NA,NA,NA,NA,NA,NA,NA
"BerryCrust_0005630",NA,NA,NA,NA,NA,NA,NA
"BerryCrust_0005631",NA,NA,NA,NA,NA,NA,NA
"BerryCrust_0005632",NA,NA,NA,NA,NA,NA,NA
"BerryCrust_0005633",NA,NA,NA,NA,NA,NA,NA
"BerryCrust_0005634",NA,NA,NA,NA,NA,NA,NA
"BerryCrust_0005635",NA,NA,NA,NA,NA,NA,NA
"BerryCrust_0005636",NA,NA,NA,NA,NA,NA,NA
"BerryCrust_0005637",NA,NA,NA,NA,NA,NA,NA
"BerryCrust_0005638",NA,NA,NA,NA,NA,NA,NA
"BerryCrust_0005639",NA,NA,NA,NA,NA,NA,NA
"BerryCrust_0005640",NA,NA,NA,NA,NA,NA,NA
"BerryCrust_0005641",NA,NA,NA,NA,NA,NA,NA
"BerryCrust_0005642",NA,NA,NA,NA,NA,NA,NA
"BerryCrust_0005643",NA,NA,NA,NA,NA,NA,NA
"BerryCrust_0005644",NA,NA,NA,NA,NA,NA,NA
"BerryCrust_0005645",NA,NA,NA,NA,NA,NA,NA
"BerryCrust_0005646",NA,NA,NA,NA,NA,NA,NA
"BerryCrust_0005647",NA,NA,NA,NA,NA,NA,NA
"BerryCrust_0005648",NA,NA,NA,NA,NA,NA,NA
"BerryCrust_0005649",NA,NA,NA,NA,NA,NA,NA
"BerryCrust_0005650",NA,NA,NA,NA,NA,NA,NA
"BerryCrust_0005651",NA,NA,NA,NA,NA,NA,NA
"BerryCrust_0005652",NA,NA,NA,NA,NA,NA,NA
"BerryCrust_0005653",NA,NA,NA,NA,NA,NA,NA
"BerryCrust_0005654",NA,NA,NA,NA,NA,NA,NA
"BerryCrust_0005655",NA,NA,NA,NA,NA,NA,NA
"BerryCrust_0005656",NA,NA,NA,NA,NA,NA,NA
"BerryCrust_0005657",NA,NA,NA,NA,NA,NA,NA
"BerryCrust_0005658",NA,NA,NA,NA,NA,NA,NA
"BerryCrust_0005659",NA,NA,NA,NA,NA,NA,NA
"BerryCrust_0005660",NA,NA,NA,NA,NA,NA,NA
"BerryCrust_0005661",NA,NA,NA,NA,NA,NA,NA
"BerryCrust_0005662",NA,NA,NA,NA,NA,NA,NA
"BerryCrust_0005663",NA,NA,NA,NA,NA,NA,NA
"BerryCrust_0005664",NA,NA,NA,NA,NA,NA,NA
"BerryCrust_0005665",NA,NA,NA,NA,NA,NA,NA
"BerryCrust_0005666",NA,NA,NA,NA,NA,NA,NA
"BerryCrust_0005667",NA,NA,NA,NA,NA,NA,NA
"BerryCrust_0005668",NA,NA,NA,NA,NA,NA,NA
"BerryCrust_0005669",NA,NA,NA,NA,NA,NA,NA
"BerryCrust_0005670",NA,NA,NA,NA,NA,NA,NA
"BerryCrust_0005671",NA,NA,NA,NA,NA,NA,NA
"BerryCrust_0005672",NA,NA,NA,NA,NA,NA,NA
"BerryCrust_0005673",NA,NA,NA,NA,NA,NA,NA
"BerryCrust_0005674",NA,NA,NA,NA,NA,NA,NA
"BerryCrust_0005675",NA,NA,NA,NA,NA,NA,NA
"BerryCrust_0005676",NA,NA,NA,NA,NA,NA,NA
"BerryCrust_0005677",NA,NA,NA,NA,NA,NA,NA
"BerryCrust_0005678",NA,NA,NA,NA,NA,NA,NA
"BerryCrust_0005679",NA,NA,NA,NA,NA,NA,NA
"BerryCrust_0005680",NA,NA,NA,NA,NA,NA,NA
"BerryCrust_0005681",NA,NA,NA,NA,NA,NA,NA
"BerryCrust_0005682",NA,NA,NA,NA,NA,NA,NA
"BerryCrust_0005683","Eukaryota",NA,NA,NA,NA,NA,NA
"BerryCrust_0005684",NA,NA,NA,NA,NA,NA,NA
"BerryCrust_0005685",NA,NA,NA,NA,NA,NA,NA
"BerryCrust_0005686",NA,NA,NA,NA,NA,NA,NA
"BerryCrust_0005687",NA,NA,NA,NA,NA,NA,NA
"BerryCrust_0005688","Eukaryota","Arthropoda","Malacostraca","Decapoda","Xanthidae","Liomera",NA
"BerryCrust_0005689",NA,NA,NA,NA,NA,NA,NA
"BerryCrust_0005690",NA,NA,NA,NA,NA,NA,NA
"BerryCrust_0005691",NA,NA,NA,NA,NA,NA,NA
"BerryCrust_0005692","Eukaryota",NA,NA,NA,NA,NA,NA
"BerryCrust_0005693",NA,NA,NA,NA,NA,NA,NA
"BerryCrust_0005694",NA,NA,NA,NA,NA,NA,NA
"BerryCrust_0005695",NA,NA,NA,NA,NA,NA,NA
"BerryCrust_0005696",NA,NA,NA,NA,NA,NA,NA
"BerryCrust_0005697",NA,NA,NA,NA,NA,NA,NA
"BerryCrust_0005698",NA,NA,NA,NA,NA,NA,NA
"BerryCrust_0005699",NA,NA,NA,NA,NA,NA,NA
"BerryCrust_0005700",NA,NA,NA,NA,NA,NA,NA
"BerryCrust_0005701",NA,NA,NA,NA,NA,NA,NA
"BerryCrust_0005702",NA,NA,NA,NA,NA,NA,NA
"BerryCrust_0005703",NA,NA,NA,NA,NA,NA,NA
"BerryCrust_0005704",NA,NA,NA,NA,NA,NA,NA
"BerryCrust_0005705",NA,NA,NA,NA,NA,NA,NA
"BerryCrust_0005706",NA,NA,NA,NA,NA,NA,NA
"BerryCrust_0005707",NA,NA,NA,NA,NA,NA,NA
"BerryCrust_0005708",NA,NA,NA,NA,NA,NA,NA
"BerryCrust_0005709",NA,NA,NA,NA,NA,NA,NA
"BerryCrust_0005710",NA,NA,NA,NA,NA,NA,NA
"BerryCrust_0005711",NA,NA,NA,NA,NA,NA,NA
"BerryCrust_0005712",NA,NA,NA,NA,NA,NA,NA
"BerryCrust_0005713",NA,NA,NA,NA,NA,NA,NA
"BerryCrust_0005714",NA,NA,NA,NA,NA,NA,NA
"BerryCrust_0005715",NA,NA,NA,NA,NA,NA,NA
"BerryCrust_0005716",NA,NA,NA,NA,NA,NA,NA
"BerryCrust_0005717",NA,NA,NA,NA,NA,NA,NA
"BerryCrust_0005718",NA,NA,NA,NA,NA,NA,NA
"BerryCrust_0005719",NA,NA,NA,NA,NA,NA,NA
"BerryCrust_0005720","Eukaryota",NA,NA,NA,NA,NA,NA
"BerryCrust_0005721",NA,NA,NA,NA,NA,NA,NA
"BerryCrust_0005722",NA,NA,NA,NA,NA,NA,NA
"BerryCrust_0005723",NA,NA,NA,NA,NA,NA,NA
"BerryCrust_0005724","Eukaryota","Arthropoda","Malacostraca","Decapoda","Mithracidae","Teleophrys","Teleophrys cristulipes"
"BerryCrust_0005725",NA,NA,NA,NA,NA,NA,NA
"BerryCrust_0005726",NA,NA,NA,NA,NA,NA,NA
"BerryCrust_0005727",NA,NA,NA,NA,NA,NA,NA
"BerryCrust_0005728",NA,NA,NA,NA,NA,NA,NA
"BerryCrust_0005729",NA,NA,NA,NA,NA,NA,NA
"BerryCrust_0005730",NA,NA,NA,NA,NA,NA,NA
"BerryCrust_0005731",NA,NA,NA,NA,NA,NA,NA
"BerryCrust_0005732",NA,NA,NA,NA,NA,NA,NA
"BerryCrust_0005733",NA,NA,NA,NA,NA,NA,NA
"BerryCrust_0005734",NA,NA,NA,NA,NA,NA,NA
"BerryCrust_0005735",NA,NA,NA,NA,NA,NA,NA
"BerryCrust_0005736",NA,NA,NA,NA,NA,NA,NA
"BerryCrust_0005737",NA,NA,NA,NA,NA,NA,NA
"BerryCrust_0005738",NA,NA,NA,NA,NA,NA,NA
"BerryCrust_0005739",NA,NA,NA,NA,NA,NA,NA
"BerryCrust_0005740",NA,NA,NA,NA,NA,NA,NA
"BerryCrust_0005741",NA,NA,NA,NA,NA,NA,NA
"BerryCrust_0005742",NA,NA,NA,NA,NA,NA,NA
"BerryCrust_0005743",NA,NA,NA,NA,NA,NA,NA
"BerryCrust_0005744",NA,NA,NA,NA,NA,NA,NA
"BerryCrust_0005745",NA,NA,NA,NA,NA,NA,NA
"BerryCrust_0005746",NA,NA,NA,NA,NA,NA,NA
"BerryCrust_0005747",NA,NA,NA,NA,NA,NA,NA
"BerryCrust_0005748",NA,NA,NA,NA,NA,NA,NA
"BerryCrust_0005749",NA,NA,NA,NA,NA,NA,NA
"BerryCrust_0005750",NA,NA,NA,NA,NA,NA,NA
"BerryCrust_0005751",NA,NA,NA,NA,NA,NA,NA
"BerryCrust_0005752",NA,NA,NA,NA,NA,NA,NA
"BerryCrust_0005753",NA,NA,NA,NA,NA,NA,NA
"BerryCrust_0005754","Eukaryota","Arthropoda","Malacostraca","Decapoda","Mithracidae","Teleophrys","Teleophrys cristulipes"
"BerryCrust_0005755",NA,NA,NA,NA,NA,NA,NA
"BerryCrust_0005756",NA,NA,NA,NA,NA,NA,NA
"BerryCrust_0005757",NA,NA,NA,NA,NA,NA,NA
"BerryCrust_0005758",NA,NA,NA,NA,NA,NA,NA
"BerryCrust_0005759",NA,NA,NA,NA,NA,NA,NA
"BerryCrust_0005760",NA,NA,NA,NA,NA,NA,NA
"BerryCrust_0005761",NA,NA,NA,NA,NA,NA,NA
"BerryCrust_0005762",NA,NA,NA,NA,NA,NA,NA
"BerryCrust_0005763",NA,NA,NA,NA,NA,NA,NA
"BerryCrust_0005764",NA,NA,NA,NA,NA,NA,NA
"BerryCrust_0005765",NA,NA,NA,NA,NA,NA,NA
"BerryCrust_0005766",NA,NA,NA,NA,NA,NA,NA
"BerryCrust_0005767",NA,NA,NA,NA,NA,NA,NA
"BerryCrust_0005768",NA,NA,NA,NA,NA,NA,NA
"BerryCrust_0005769",NA,NA,NA,NA,NA,NA,NA
"BerryCrust_0005770",NA,NA,NA,NA,NA,NA,NA
"BerryCrust_0005771",NA,NA,NA,NA,NA,NA,NA
"BerryCrust_0005772",NA,NA,NA,NA,NA,NA,NA
"BerryCrust_0005773","Eukaryota",NA,NA,NA,NA,NA,NA
"BerryCrust_0005774",NA,NA,NA,NA,NA,NA,NA
"BerryCrust_0005775",NA,NA,NA,NA,NA,NA,NA
"BerryCrust_0005776",NA,NA,NA,NA,NA,NA,NA
"BerryCrust_0005777",NA,NA,NA,NA,NA,NA,NA
"BerryCrust_0005778",NA,NA,NA,NA,NA,NA,NA
"BerryCrust_0005779",NA,NA,NA,NA,NA,NA,NA
"BerryCrust_0005780",NA,NA,NA,NA,NA,NA,NA
"BerryCrust_0005781",NA,NA,NA,NA,NA,NA,NA
"BerryCrust_0005782",NA,NA,NA,NA,NA,NA,NA
"BerryCrust_0005783",NA,NA,NA,NA,NA,NA,NA
"BerryCrust_0005784",NA,NA,NA,NA,NA,NA,NA
"BerryCrust_0005785",NA,NA,NA,NA,NA,NA,NA
"BerryCrust_0005786",NA,NA,NA,NA,NA,NA,NA
"BerryCrust_0005787",NA,NA,NA,NA,NA,NA,NA
"BerryCrust_0005788",NA,NA,NA,NA,NA,NA,NA
"BerryCrust_0005789",NA,NA,NA,NA,NA,NA,NA
"BerryCrust_0005790",NA,NA,NA,NA,NA,NA,NA
"BerryCrust_0005791",NA,NA,NA,NA,NA,NA,NA
"BerryCrust_0005792",NA,NA,NA,NA,NA,NA,NA
"BerryCrust_0005793",NA,NA,NA,NA,NA,NA,NA
"BerryCrust_0005794",NA,NA,NA,NA,NA,NA,NA
"BerryCrust_0005795",NA,NA,NA,NA,NA,NA,NA
"BerryCrust_0005796",NA,NA,NA,NA,NA,NA,NA
"BerryCrust_0005797",NA,NA,NA,NA,NA,NA,NA
"BerryCrust_0005798",NA,NA,NA,NA,NA,NA,NA
"BerryCrust_0005799",NA,NA,NA,NA,NA,NA,NA
"BerryCrust_0005800","Eukaryota",NA,NA,NA,NA,NA,NA
"BerryCrust_0005801",NA,NA,NA,NA,NA,NA,NA
"BerryCrust_0005802",NA,NA,NA,NA,NA,NA,NA
"BerryCrust_0005803",NA,NA,NA,NA,NA,NA,NA
"BerryCrust_0005804",NA,NA,NA,NA,NA,NA,NA
"BerryCrust_0005805",NA,NA,NA,NA,NA,NA,NA
"BerryCrust_0005806",NA,NA,NA,NA,NA,NA,NA
"BerryCrust_0005807",NA,NA,NA,NA,NA,NA,NA
"BerryCrust_0005808",NA,NA,NA,NA,NA,NA,NA
"BerryCrust_0005809",NA,NA,NA,NA,NA,NA,NA
"BerryCrust_0005810",NA,NA,NA,NA,NA,NA,NA
"BerryCrust_0005811",NA,NA,NA,NA,NA,NA,NA
"BerryCrust_0005812",NA,NA,NA,NA,NA,NA,NA
"BerryCrust_0005813",NA,NA,NA,NA,NA,NA,NA
"BerryCrust_0005814",NA,NA,NA,NA,NA,NA,NA
"BerryCrust_0005815",NA,NA,NA,NA,NA,NA,NA
"BerryCrust_0005816",NA,NA,NA,NA,NA,NA,NA
"BerryCrust_0005817",NA,NA,NA,NA,NA,NA,NA
"BerryCrust_0005818",NA,NA,NA,NA,NA,NA,NA
"BerryCrust_0005819",NA,NA,NA,NA,NA,NA,NA
"BerryCrust_0005820",NA,NA,NA,NA,NA,NA,NA
"BerryCrust_0005821",NA,NA,NA,NA,NA,NA,NA
"BerryCrust_0005822",NA,NA,NA,NA,NA,NA,NA
"BerryCrust_0005823",NA,NA,NA,NA,NA,NA,NA
"BerryCrust_0005824",NA,NA,NA,NA,NA,NA,NA
"BerryCrust_0005825",NA,NA,NA,NA,NA,NA,NA
"BerryCrust_0005826",NA,NA,NA,NA,NA,NA,NA
"BerryCrust_0005827",NA,NA,NA,NA,NA,NA,NA
"BerryCrust_0005828",NA,NA,NA,NA,NA,NA,NA
"BerryCrust_0005829",NA,NA,NA,NA,NA,NA,NA
"BerryCrust_0005830",NA,NA,NA,NA,NA,NA,NA
"BerryCrust_0005831",NA,NA,NA,NA,NA,NA,NA
"BerryCrust_0005832",NA,NA,NA,NA,NA,NA,NA
"BerryCrust_0005833",NA,NA,NA,NA,NA,NA,NA
"BerryCrust_0005834",NA,NA,NA,NA,NA,NA,NA
"BerryCrust_0005835",NA,NA,NA,NA,NA,NA,NA
"BerryCrust_0005836",NA,NA,NA,NA,NA,NA,NA
"BerryCrust_0005837",NA,NA,NA,NA,NA,NA,NA
"BerryCrust_0005838",NA,NA,NA,NA,NA,NA,NA
"BerryCrust_0005839",NA,NA,NA,NA,NA,NA,NA
"BerryCrust_0005840","Eukaryota","Arthropoda","Malacostraca","Decapoda","Mithracidae","Teleophrys","Teleophrys cristulipes"
"BerryCrust_0005841",NA,NA,NA,NA,NA,NA,NA
"BerryCrust_0005842",NA,NA,NA,NA,NA,NA,NA
"BerryCrust_0005843",NA,NA,NA,NA,NA,NA,NA
"BerryCrust_0005844",NA,NA,NA,NA,NA,NA,NA
"BerryCrust_0005845",NA,NA,NA,NA,NA,NA,NA
"BerryCrust_0005846",NA,NA,NA,NA,NA,NA,NA
"BerryCrust_0005847",NA,NA,NA,NA,NA,NA,NA
"BerryCrust_0005848",NA,NA,NA,NA,NA,NA,NA
"BerryCrust_0005849",NA,NA,NA,NA,NA,NA,NA
"BerryCrust_0005850",NA,NA,NA,NA,NA,NA,NA
"BerryCrust_0005851",NA,NA,NA,NA,NA,NA,NA
"BerryCrust_0005852",NA,NA,NA,NA,NA,NA,NA
"BerryCrust_0005853",NA,NA,NA,NA,NA,NA,NA
"BerryCrust_0005854",NA,NA,NA,NA,NA,NA,NA
"BerryCrust_0005855",NA,NA,NA,NA,NA,NA,NA
"BerryCrust_0005856",NA,NA,NA,NA,NA,NA,NA
"BerryCrust_0005857",NA,NA,NA,NA,NA,NA,NA
"BerryCrust_0005858",NA,NA,NA,NA,NA,NA,NA
"BerryCrust_0005859",NA,NA,NA,NA,NA,NA,NA
"BerryCrust_0005860",NA,NA,NA,NA,NA,NA,NA
"BerryCrust_0005861",NA,NA,NA,NA,NA,NA,NA
"BerryCrust_0005862",NA,NA,NA,NA,NA,NA,NA
"BerryCrust_0005863",NA,NA,NA,NA,NA,NA,NA
"BerryCrust_0005864",NA,NA,NA,NA,NA,NA,NA
"BerryCrust_0005865",NA,NA,NA,NA,NA,NA,NA
"BerryCrust_0005866",NA,NA,NA,NA,NA,NA,NA
"BerryCrust_0005867",NA,NA,NA,NA,NA,NA,NA
"BerryCrust_0005868",NA,NA,NA,NA,NA,NA,NA
"BerryCrust_0005869",NA,NA,NA,NA,NA,NA,NA
"BerryCrust_0005870",NA,NA,NA,NA,NA,NA,NA
"BerryCrust_0005871",NA,NA,NA,NA,NA,NA,NA
"BerryCrust_0005872",NA,NA,NA,NA,NA,NA,NA
"BerryCrust_0005873",NA,NA,NA,NA,NA,NA,NA
"BerryCrust_0005874",NA,NA,NA,NA,NA,NA,NA
"BerryCrust_0005875",NA,NA,NA,NA,NA,NA,NA
"BerryCrust_0005876",NA,NA,NA,NA,NA,NA,NA
"BerryCrust_0005877",NA,NA,NA,NA,NA,NA,NA
"BerryCrust_0005878",NA,NA,NA,NA,NA,NA,NA
"BerryCrust_0005879",NA,NA,NA,NA,NA,NA,NA
"BerryCrust_0005880",NA,NA,NA,NA,NA,NA,NA
"BerryCrust_0005881",NA,NA,NA,NA,NA,NA,NA
"BerryCrust_0005882",NA,NA,NA,NA,NA,NA,NA
"BerryCrust_0005883",NA,NA,NA,NA,NA,NA,NA
"BerryCrust_0005884",NA,NA,NA,NA,NA,NA,NA
"BerryCrust_0005885",NA,NA,NA,NA,NA,NA,NA
"BerryCrust_0005886",NA,NA,NA,NA,NA,NA,NA
"BerryCrust_0005887",NA,NA,NA,NA,NA,NA,NA
"BerryCrust_0005888",NA,NA,NA,NA,NA,NA,NA
"BerryCrust_0005889",NA,NA,NA,NA,NA,NA,NA
"BerryCrust_0005890",NA,NA,NA,NA,NA,NA,NA
"BerryCrust_0005891",NA,NA,NA,NA,NA,NA,NA
"BerryCrust_0005892",NA,NA,NA,NA,NA,NA,NA
"BerryCrust_0005893","Eukaryota",NA,NA,NA,NA,NA,NA
"BerryCrust_0005894",NA,NA,NA,NA,NA,NA,NA
"BerryCrust_0005895",NA,NA,NA,NA,NA,NA,NA
"BerryCrust_0005896",NA,NA,NA,NA,NA,NA,NA
"BerryCrust_0005897",NA,NA,NA,NA,NA,NA,NA
"BerryCrust_0005898",NA,NA,NA,NA,NA,NA,NA
"BerryCrust_0005899",NA,NA,NA,NA,NA,NA,NA
"BerryCrust_0005900",NA,NA,NA,NA,NA,NA,NA
"BerryCrust_0005901",NA,NA,NA,NA,NA,NA,NA
"BerryCrust_0005902",NA,NA,NA,NA,NA,NA,NA
"BerryCrust_0005903","Eukaryota","Arthropoda","Malacostraca","Decapoda","Grapsidae","Pachygrapsus","Pachygrapsus socius"
"BerryCrust_0005904",NA,NA,NA,NA,NA,NA,NA
"BerryCrust_0005905",NA,NA,NA,NA,NA,NA,NA
"BerryCrust_0005906",NA,NA,NA,NA,NA,NA,NA
"BerryCrust_0005907",NA,NA,NA,NA,NA,NA,NA
"BerryCrust_0005908",NA,NA,NA,NA,NA,NA,NA
"BerryCrust_0005909",NA,NA,NA,NA,NA,NA,NA
"BerryCrust_0005910",NA,NA,NA,NA,NA,NA,NA
"BerryCrust_0005911",NA,NA,NA,NA,NA,NA,NA
"BerryCrust_0005912",NA,NA,NA,NA,NA,NA,NA
"BerryCrust_0005913",NA,NA,NA,NA,NA,NA,NA
"BerryCrust_0005914",NA,NA,NA,NA,NA,NA,NA
"BerryCrust_0005915",NA,NA,NA,NA,NA,NA,NA
"BerryCrust_0005916",NA,NA,NA,NA,NA,NA,NA
"BerryCrust_0005917",NA,NA,NA,NA,NA,NA,NA
"BerryCrust_0005918",NA,NA,NA,NA,NA,NA,NA
"BerryCrust_0005919",NA,NA,NA,NA,NA,NA,NA
"BerryCrust_0005920",NA,NA,NA,NA,NA,NA,NA
"BerryCrust_0005921",NA,NA,NA,NA,NA,NA,NA
"BerryCrust_0005922",NA,NA,NA,NA,NA,NA,NA
"BerryCrust_0005923",NA,NA,NA,NA,NA,NA,NA
"BerryCrust_0005924",NA,NA,NA,NA,NA,NA,NA
"BerryCrust_0005925",NA,NA,NA,NA,NA,NA,NA
"BerryCrust_0005926",NA,NA,NA,NA,NA,NA,NA
"BerryCrust_0005927",NA,NA,NA,NA,NA,NA,NA
"BerryCrust_0005928",NA,NA,NA,NA,NA,NA,NA
"BerryCrust_0005929",NA,NA,NA,NA,NA,NA,NA
"BerryCrust_0005930",NA,NA,NA,NA,NA,NA,NA
"BerryCrust_0005931","Eukaryota","Arthropoda","Malacostraca","Decapoda","Mithracidae","Teleophrys","Teleophrys cristulipes"
"BerryCrust_0005932",NA,NA,NA,NA,NA,NA,NA
"BerryCrust_0005933",NA,NA,NA,NA,NA,NA,NA
"BerryCrust_0005934",NA,NA,NA,NA,NA,NA,NA
"BerryCrust_0005935",NA,NA,NA,NA,NA,NA,NA
"BerryCrust_0005936",NA,NA,NA,NA,NA,NA,NA
"BerryCrust_0005937",NA,NA,NA,NA,NA,NA,NA
"BerryCrust_0005938",NA,NA,NA,NA,NA,NA,NA
"BerryCrust_0005939",NA,NA,NA,NA,NA,NA,NA
"BerryCrust_0005940",NA,NA,NA,NA,NA,NA,NA
"BerryCrust_0005941",NA,NA,NA,NA,NA,NA,NA
"BerryCrust_0005942",NA,NA,NA,NA,NA,NA,NA
"BerryCrust_0005943",NA,NA,NA,NA,NA,NA,NA
"BerryCrust_0005944",NA,NA,NA,NA,NA,NA,NA
"BerryCrust_0005945",NA,NA,NA,NA,NA,NA,NA
"BerryCrust_0005946",NA,NA,NA,NA,NA,NA,NA
"BerryCrust_0005947",NA,NA,NA,NA,NA,NA,NA
"BerryCrust_0005948",NA,NA,NA,NA,NA,NA,NA
"BerryCrust_0005949",NA,NA,NA,NA,NA,NA,NA
"BerryCrust_0005950",NA,NA,NA,NA,NA,NA,NA
"BerryCrust_0005951",NA,NA,NA,NA,NA,NA,NA
"BerryCrust_0005952",NA,NA,NA,NA,NA,NA,NA
"BerryCrust_0005953",NA,NA,NA,NA,NA,NA,NA
"BerryCrust_0005954",NA,NA,NA,NA,NA,NA,NA
"BerryCrust_0005955",NA,NA,NA,NA,NA,NA,NA
"BerryCrust_0005956",NA,NA,NA,NA,NA,NA,NA
"BerryCrust_0005957","Eukaryota",NA,NA,NA,NA,NA,NA
"BerryCrust_0005958",NA,NA,NA,NA,NA,NA,NA
"BerryCrust_0005959",NA,NA,NA,NA,NA,NA,NA
"BerryCrust_0005960",NA,NA,NA,NA,NA,NA,NA
"BerryCrust_0005961",NA,NA,NA,NA,NA,NA,NA
"BerryCrust_0005962",NA,NA,NA,NA,NA,NA,NA
"BerryCrust_0005963",NA,NA,NA,NA,NA,NA,NA
"BerryCrust_0005964",NA,NA,NA,NA,NA,NA,NA
"BerryCrust_0005965",NA,NA,NA,NA,NA,NA,NA
"BerryCrust_0005966",NA,NA,NA,NA,NA,NA,NA
"BerryCrust_0005967",NA,NA,NA,NA,NA,NA,NA
"BerryCrust_0005968",NA,NA,NA,NA,NA,NA,NA
"BerryCrust_0005969",NA,NA,NA,NA,NA,NA,NA
"BerryCrust_0005970",NA,NA,NA,NA,NA,NA,NA
"BerryCrust_0005971",NA,NA,NA,NA,NA,NA,NA
"BerryCrust_0005972",NA,NA,NA,NA,NA,NA,NA
"BerryCrust_0005973",NA,NA,NA,NA,NA,NA,NA
"BerryCrust_0005974",NA,NA,NA,NA,NA,NA,NA
"BerryCrust_0005975",NA,NA,NA,NA,NA,NA,NA
"BerryCrust_0005976",NA,NA,NA,NA,NA,NA,NA
"BerryCrust_0005977",NA,NA,NA,NA,NA,NA,NA
"BerryCrust_0005978",NA,NA,NA,NA,NA,NA,NA
"BerryCrust_0005979",NA,NA,NA,NA,NA,NA,NA
"BerryCrust_0005980",NA,NA,NA,NA,NA,NA,NA
"BerryCrust_0005981",NA,NA,NA,NA,NA,NA,NA
"BerryCrust_0005982",NA,NA,NA,NA,NA,NA,NA
"BerryCrust_0005983",NA,NA,NA,NA,NA,NA,NA
"BerryCrust_0005984",NA,NA,NA,NA,NA,NA,NA
"BerryCrust_0005985",NA,NA,NA,NA,NA,NA,NA
"BerryCrust_0005986",NA,NA,NA,NA,NA,NA,NA
"BerryCrust_0005987",NA,NA,NA,NA,NA,NA,NA
"BerryCrust_0005988",NA,NA,NA,NA,NA,NA,NA
"BerryCrust_0005989",NA,NA,NA,NA,NA,NA,NA
"BerryCrust_0005990",NA,NA,NA,NA,NA,NA,NA
"BerryCrust_0005991","Eukaryota","Arthropoda","Malacostraca","Decapoda","Palaemonidae","Palaemon","Palaemon ritteri"
"BerryCrust_0005992",NA,NA,NA,NA,NA,NA,NA
"BerryCrust_0005993",NA,NA,NA,NA,NA,NA,NA
"BerryCrust_0005994",NA,NA,NA,NA,NA,NA,NA
"BerryCrust_0005995",NA,NA,NA,NA,NA,NA,NA
"BerryCrust_0005996",NA,NA,NA,NA,NA,NA,NA
"BerryCrust_0005997","Eukaryota",NA,NA,NA,NA,NA,NA
"BerryCrust_0005998",NA,NA,NA,NA,NA,NA,NA
"BerryCrust_0005999",NA,NA,NA,NA,NA,NA,NA
"BerryCrust_0006000",NA,NA,NA,NA,NA,NA,NA
"BerryCrust_0006001",NA,NA,NA,NA,NA,NA,NA
"BerryCrust_0006002",NA,NA,NA,NA,NA,NA,NA
"BerryCrust_0006003",NA,NA,NA,NA,NA,NA,NA
"BerryCrust_0006004","Eukaryota","Arthropoda","Malacostraca","Decapoda","Palaemonidae","Palaemon","Palaemon ritteri"
"BerryCrust_0006005","Eukaryota",NA,NA,NA,NA,NA,NA
"BerryCrust_0006006",NA,NA,NA,NA,NA,NA,NA
"BerryCrust_0006007",NA,NA,NA,NA,NA,NA,NA
"BerryCrust_0006008",NA,NA,NA,NA,NA,NA,NA
"BerryCrust_0006009",NA,NA,NA,NA,NA,NA,NA
"BerryCrust_0006010",NA,NA,NA,NA,NA,NA,NA
"BerryCrust_0006011",NA,NA,NA,NA,NA,NA,NA
"BerryCrust_0006012",NA,NA,NA,NA,NA,NA,NA
"BerryCrust_0006013",NA,NA,NA,NA,NA,NA,NA
"BerryCrust_0006014",NA,NA,NA,NA,NA,NA,NA
"BerryCrust_0006015",NA,NA,NA,NA,NA,NA,NA
"BerryCrust_0006016",NA,NA,NA,NA,NA,NA,NA
"BerryCrust_0006017",NA,NA,NA,NA,NA,NA,NA
"BerryCrust_0006018",NA,NA,NA,NA,NA,NA,NA
"BerryCrust_0006019",NA,NA,NA,NA,NA,NA,NA
"BerryCrust_0006020",NA,NA,NA,NA,NA,NA,NA
"BerryCrust_0006021",NA,NA,NA,NA,NA,NA,NA
"BerryCrust_0006022",NA,NA,NA,NA,NA,NA,NA
"BerryCrust_0006023",NA,NA,NA,NA,NA,NA,NA
"BerryCrust_0006024",NA,NA,NA,NA,NA,NA,NA
"BerryCrust_0006025",NA,NA,NA,NA,NA,NA,NA
"BerryCrust_0006026",NA,NA,NA,NA,NA,NA,NA
"BerryCrust_0006027",NA,NA,NA,NA,NA,NA,NA
"BerryCrust_0006028",NA,NA,NA,NA,NA,NA,NA
"BerryCrust_0006029",NA,NA,NA,NA,NA,NA,NA
"BerryCrust_0006030",NA,NA,NA,NA,NA,NA,NA
"BerryCrust_0006031",NA,NA,NA,NA,NA,NA,NA
"BerryCrust_0006032",NA,NA,NA,NA,NA,NA,NA
"BerryCrust_0006033",NA,NA,NA,NA,NA,NA,NA
"BerryCrust_0006034",NA,NA,NA,NA,NA,NA,NA
"BerryCrust_0006035",NA,NA,NA,NA,NA,NA,NA
"BerryCrust_0006036",NA,NA,NA,NA,NA,NA,NA
"BerryCrust_0006037",NA,NA,NA,NA,NA,NA,NA
"BerryCrust_0006038",NA,NA,NA,NA,NA,NA,NA
"BerryCrust_0006039",NA,NA,NA,NA,NA,NA,NA
"BerryCrust_0006040",NA,NA,NA,NA,NA,NA,NA
"BerryCrust_0006041",NA,NA,NA,NA,NA,NA,NA
"BerryCrust_0006042",NA,NA,NA,NA,NA,NA,NA
"BerryCrust_0006043",NA,NA,NA,NA,NA,NA,NA
"BerryCrust_0006044",NA,NA,NA,NA,NA,NA,NA
"BerryCrust_0006045",NA,NA,NA,NA,NA,NA,NA
"BerryCrust_0006046",NA,NA,NA,NA,NA,NA,NA
"BerryCrust_0006047",NA,NA,NA,NA,NA,NA,NA
"BerryCrust_0006048",NA,NA,NA,NA,NA,NA,NA
"BerryCrust_0006049",NA,NA,NA,NA,NA,NA,NA
"BerryCrust_0006050",NA,NA,NA,NA,NA,NA,NA
"BerryCrust_0006051",NA,NA,NA,NA,NA,NA,NA
"BerryCrust_0006052",NA,NA,NA,NA,NA,NA,NA
"BerryCrust_0006053",NA,NA,NA,NA,NA,NA,NA
"BerryCrust_0006054",NA,NA,NA,NA,NA,NA,NA
"BerryCrust_0006055",NA,NA,NA,NA,NA,NA,NA
"BerryCrust_0006056",NA,NA,NA,NA,NA,NA,NA
"BerryCrust_0006057",NA,NA,NA,NA,NA,NA,NA
"BerryCrust_0006058",NA,NA,NA,NA,NA,NA,NA
"BerryCrust_0006059",NA,NA,NA,NA,NA,NA,NA
"BerryCrust_0006060",NA,NA,NA,NA,NA,NA,NA
"BerryCrust_0006061",NA,NA,NA,NA,NA,NA,NA
"BerryCrust_0006062",NA,NA,NA,NA,NA,NA,NA
"BerryCrust_0006063",NA,NA,NA,NA,NA,NA,NA
"BerryCrust_0006064",NA,NA,NA,NA,NA,NA,NA
"BerryCrust_0006065",NA,NA,NA,NA,NA,NA,NA
"BerryCrust_0006066",NA,NA,NA,NA,NA,NA,NA
"BerryCrust_0006067",NA,NA,NA,NA,NA,NA,NA
"BerryCrust_0006068",NA,NA,NA,NA,NA,NA,NA
"BerryCrust_0006069",NA,NA,NA,NA,NA,NA,NA
"BerryCrust_0006070",NA,NA,NA,NA,NA,NA,NA
"BerryCrust_0006071",NA,NA,NA,NA,NA,NA,NA
"BerryCrust_0006072",NA,NA,NA,NA,NA,NA,NA
"BerryCrust_0006073",NA,NA,NA,NA,NA,NA,NA
"BerryCrust_0006074",NA,NA,NA,NA,NA,NA,NA
"BerryCrust_0006075",NA,NA,NA,NA,NA,NA,NA
"BerryCrust_0006076",NA,NA,NA,NA,NA,NA,NA
"BerryCrust_0006077",NA,NA,NA,NA,NA,NA,NA
"BerryCrust_0006078",NA,NA,NA,NA,NA,NA,NA
"BerryCrust_0006079",NA,NA,NA,NA,NA,NA,NA
"BerryCrust_0006080",NA,NA,NA,NA,NA,NA,NA
"BerryCrust_0006081",NA,NA,NA,NA,NA,NA,NA
"BerryCrust_0006082",NA,NA,NA,NA,NA,NA,NA
"BerryCrust_0006083",NA,NA,NA,NA,NA,NA,NA
"BerryCrust_0006084",NA,NA,NA,NA,NA,NA,NA
"BerryCrust_0006085",NA,NA,NA,NA,NA,NA,NA
"BerryCrust_0006086",NA,NA,NA,NA,NA,NA,NA
"BerryCrust_0006087",NA,NA,NA,NA,NA,NA,NA
"BerryCrust_0006088",NA,NA,NA,NA,NA,NA,NA
"BerryCrust_0006089",NA,NA,NA,NA,NA,NA,NA
"BerryCrust_0006090",NA,NA,NA,NA,NA,NA,NA
"BerryCrust_0006091",NA,NA,NA,NA,NA,NA,NA
"BerryCrust_0006092",NA,NA,NA,NA,NA,NA,NA
"BerryCrust_0006093",NA,NA,NA,NA,NA,NA,NA
"BerryCrust_0006094",NA,NA,NA,NA,NA,NA,NA
"BerryCrust_0006095",NA,NA,NA,NA,NA,NA,NA
"BerryCrust_0006096",NA,NA,NA,NA,NA,NA,NA
"BerryCrust_0006097",NA,NA,NA,NA,NA,NA,NA
"BerryCrust_0006098",NA,NA,NA,NA,NA,NA,NA
"BerryCrust_0006099",NA,NA,NA,NA,NA,NA,NA
"BerryCrust_0006100",NA,NA,NA,NA,NA,NA,NA
"BerryCrust_0006101",NA,NA,NA,NA,NA,NA,NA
"BerryCrust_0006102",NA,NA,NA,NA,NA,NA,NA
"BerryCrust_0006103",NA,NA,NA,NA,NA,NA,NA
"BerryCrust_0006104",NA,NA,NA,NA,NA,NA,NA
"BerryCrust_0006105",NA,NA,NA,NA,NA,NA,NA
"BerryCrust_0006106",NA,NA,NA,NA,NA,NA,NA
"BerryCrust_0006107",NA,NA,NA,NA,NA,NA,NA
"BerryCrust_0006108",NA,NA,NA,NA,NA,NA,NA
"BerryCrust_0006109",NA,NA,NA,NA,NA,NA,NA
"BerryCrust_0006110",NA,NA,NA,NA,NA,NA,NA
"BerryCrust_0006111",NA,NA,NA,NA,NA,NA,NA
"BerryCrust_0006112","Eukaryota",NA,NA,NA,NA,NA,NA
"BerryCrust_0006113","Eukaryota",NA,NA,NA,NA,NA,NA
"BerryCrust_0006114",NA,NA,NA,NA,NA,NA,NA
"BerryCrust_0006115",NA,NA,NA,NA,NA,NA,NA
"BerryCrust_0006116","Eukaryota","Arthropoda","Malacostraca","Decapoda","Calappidae","Calappa","Calappa convexa"
"BerryCrust_0006117",NA,NA,NA,NA,NA,NA,NA
"BerryCrust_0006118",NA,NA,NA,NA,NA,NA,NA
"BerryCrust_0006119","Eukaryota","Arthropoda","Malacostraca","Decapoda","Grapsidae","Pachygrapsus","Pachygrapsus socius"
"BerryCrust_0006120","Eukaryota",NA,NA,NA,NA,NA,NA
"BerryCrust_0006121",NA,NA,NA,NA,NA,NA,NA
"BerryCrust_0006122","Eukaryota",NA,NA,NA,NA,NA,NA
"BerryCrust_0006123",NA,NA,NA,NA,NA,NA,NA
"BerryCrust_0006124",NA,NA,NA,NA,NA,NA,NA
"BerryCrust_0006125",NA,NA,NA,NA,NA,NA,NA
"BerryCrust_0006126","Eukaryota",NA,NA,NA,NA,NA,NA
"BerryCrust_0006127","Eukaryota",NA,NA,NA,NA,NA,NA
"BerryCrust_0006128","Eukaryota","Arthropoda","Malacostraca","Decapoda","Mithracidae","Teleophrys","Teleophrys cristulipes"
"BerryCrust_0006129",NA,NA,NA,NA,NA,NA,NA
"BerryCrust_0006130",NA,NA,NA,NA,NA,NA,NA
"BerryCrust_0006131",NA,NA,NA,NA,NA,NA,NA
"BerryCrust_0006132",NA,NA,NA,NA,NA,NA,NA
"BerryCrust_0006133","Eukaryota",NA,NA,NA,NA,NA,NA
"BerryCrust_0006134","Eukaryota",NA,NA,NA,NA,NA,NA
"BerryCrust_0006135",NA,NA,NA,NA,NA,NA,NA
"BerryCrust_0006136",NA,NA,NA,NA,NA,NA,NA
"BerryCrust_0006137",NA,NA,NA,NA,NA,NA,NA
"BerryCrust_0006138","Eukaryota",NA,NA,NA,NA,NA,NA
"BerryCrust_0006139",NA,NA,NA,NA,NA,NA,NA
"BerryCrust_0006140","Eukaryota",NA,NA,NA,NA,NA,NA
"BerryCrust_0006141",NA,NA,NA,NA,NA,NA,NA
"BerryCrust_0006142","Eukaryota",NA,NA,NA,NA,NA,NA
"BerryCrust_0006143",NA,NA,NA,NA,NA,NA,NA
"BerryCrust_0006144",NA,NA,NA,NA,NA,NA,NA
"BerryCrust_0006145","Eukaryota",NA,NA,NA,NA,NA,NA
"BerryCrust_0006146",NA,NA,NA,NA,NA,NA,NA
"BerryCrust_0006147",NA,NA,NA,NA,NA,NA,NA
"BerryCrust_0006148",NA,NA,NA,NA,NA,NA,NA
"BerryCrust_0006149","Eukaryota",NA,NA,NA,NA,NA,NA
"BerryCrust_0006150",NA,NA,NA,NA,NA,NA,NA
"BerryCrust_0006151",NA,NA,NA,NA,NA,NA,NA
"BerryCrust_0006152","Eukaryota","Arthropoda","Malacostraca","Decapoda","Mithracidae","Teleophrys","Teleophrys cristulipes"
"BerryCrust_0006153",NA,NA,NA,NA,NA,NA,NA
"BerryCrust_0006154",NA,NA,NA,NA,NA,NA,NA
"BerryCrust_0006155",NA,NA,NA,NA,NA,NA,NA
"BerryCrust_0006156",NA,NA,NA,NA,NA,NA,NA
"BerryCrust_0006157",NA,NA,NA,NA,NA,NA,NA
"BerryCrust_0006158",NA,NA,NA,NA,NA,NA,NA
"BerryCrust_0006159","Eukaryota","Arthropoda","Malacostraca","Decapoda","Grapsidae","Pachygrapsus","Pachygrapsus socius"
"BerryCrust_0006160",NA,NA,NA,NA,NA,NA,NA
"BerryCrust_0006161","Eukaryota","Arthropoda",NA,NA,NA,NA,NA
"BerryCrust_0006162",NA,NA,NA,NA,NA,NA,NA
"BerryCrust_0006163","Eukaryota",NA,NA,NA,NA,NA,NA
"BerryCrust_0006164","Eukaryota",NA,NA,NA,NA,NA,NA
"BerryCrust_0006165",NA,NA,NA,NA,NA,NA,NA
"BerryCrust_0006166",NA,NA,NA,NA,NA,NA,NA
"BerryCrust_0006167","Eukaryota",NA,NA,NA,NA,NA,NA
"BerryCrust_0006168",NA,NA,NA,NA,NA,NA,NA
"BerryCrust_0006169","Eukaryota",NA,NA,NA,NA,NA,NA
"BerryCrust_0006170","Eukaryota","Arthropoda","Malacostraca","Decapoda","Dairidae","Daira","Daira americana"
"BerryCrust_0006171",NA,NA,NA,NA,NA,NA,NA
"BerryCrust_0006172",NA,NA,NA,NA,NA,NA,NA
"BerryCrust_0006173",NA,NA,NA,NA,NA,NA,NA
"BerryCrust_0006174",NA,NA,NA,NA,NA,NA,NA
"BerryCrust_0006175",NA,NA,NA,NA,NA,NA,NA
"BerryCrust_0006176",NA,NA,NA,NA,NA,NA,NA
"BerryCrust_0006177",NA,NA,NA,NA,NA,NA,NA
"BerryCrust_0006178",NA,NA,NA,NA,NA,NA,NA
"BerryCrust_0006179",NA,NA,NA,NA,NA,NA,NA
"BerryCrust_0006180",NA,NA,NA,NA,NA,NA,NA
"BerryCrust_0006181",NA,NA,NA,NA,NA,NA,NA
"BerryCrust_0006182",NA,NA,NA,NA,NA,NA,NA
"BerryCrust_0006183",NA,NA,NA,NA,NA,NA,NA
"BerryCrust_0006184",NA,NA,NA,NA,NA,NA,NA
"BerryCrust_0006185",NA,NA,NA,NA,NA,NA,NA
"BerryCrust_0006186",NA,NA,NA,NA,NA,NA,NA
"BerryCrust_0006187",NA,NA,NA,NA,NA,NA,NA
"BerryCrust_0006188","Eukaryota",NA,NA,NA,NA,NA,NA
"BerryCrust_0006189","Eukaryota","Arthropoda","Malacostraca","Decapoda","Diogenidae","Calcinus","Calcinus explorator"
"BerryCrust_0006190",NA,NA,NA,NA,NA,NA,NA
"BerryCrust_0006191","Eukaryota",NA,NA,NA,NA,NA,NA
"BerryCrust_0006192",NA,NA,NA,NA,NA,NA,NA
"BerryCrust_0006193","Eukaryota","Arthropoda","Malacostraca","Decapoda","Dairidae","Daira","Daira americana"
"BerryCrust_0006194",NA,NA,NA,NA,NA,NA,NA
"BerryCrust_0006195","Eukaryota",NA,NA,NA,NA,NA,NA
"BerryCrust_0006196","Eukaryota",NA,NA,NA,NA,NA,NA
"BerryCrust_0006197",NA,NA,NA,NA,NA,NA,NA
"BerryCrust_0006198",NA,NA,NA,NA,NA,NA,NA
"BerryCrust_0006199",NA,NA,NA,NA,NA,NA,NA
"BerryCrust_0006200",NA,NA,NA,NA,NA,NA,NA
"BerryCrust_0006201",NA,NA,NA,NA,NA,NA,NA
"BerryCrust_0006202","Eukaryota",NA,NA,NA,NA,NA,NA
"BerryCrust_0006203",NA,NA,NA,NA,NA,NA,NA
"BerryCrust_0006204","Eukaryota",NA,NA,NA,NA,NA,NA
"BerryCrust_0006205","Eukaryota","Arthropoda","Malacostraca","Euphausiacea","Euphausiidae","Nyctiphanes","Nyctiphanes simplex"
"BerryCrust_0006206",NA,NA,NA,NA,NA,NA,NA
"BerryCrust_0006207",NA,NA,NA,NA,NA,NA,NA
"BerryCrust_0006208",NA,NA,NA,NA,NA,NA,NA
"BerryCrust_0006209",NA,NA,NA,NA,NA,NA,NA
"BerryCrust_0006210","Eukaryota","Arthropoda","Malacostraca","Decapoda","Dairidae","Daira","Daira americana"
"BerryCrust_0006211",NA,NA,NA,NA,NA,NA,NA
"BerryCrust_0006212",NA,NA,NA,NA,NA,NA,NA
"BerryCrust_0006213",NA,NA,NA,NA,NA,NA,NA
"BerryCrust_0006214",NA,NA,NA,NA,NA,NA,NA
"BerryCrust_0006215",NA,NA,NA,NA,NA,NA,NA
"BerryCrust_0006216",NA,NA,NA,NA,NA,NA,NA
"BerryCrust_0006217",NA,NA,NA,NA,NA,NA,NA
"BerryCrust_0006218",NA,NA,NA,NA,NA,NA,NA
"BerryCrust_0006219",NA,NA,NA,NA,NA,NA,NA
"BerryCrust_0006220","Eukaryota","Arthropoda","Malacostraca","Decapoda","Mithracidae","Teleophrys","Teleophrys cristulipes"
"BerryCrust_0006221",NA,NA,NA,NA,NA,NA,NA
"BerryCrust_0006222",NA,NA,NA,NA,NA,NA,NA
"BerryCrust_0006223","Eukaryota",NA,NA,NA,NA,NA,NA
"BerryCrust_0006224",NA,NA,NA,NA,NA,NA,NA
"BerryCrust_0006225",NA,NA,NA,NA,NA,NA,NA
"BerryCrust_0006226","Eukaryota","Arthropoda","Malacostraca","Decapoda","Diogenidae","Calcinus","Calcinus explorator"
"BerryCrust_0006227","Eukaryota","Arthropoda","Malacostraca","Decapoda","Mithracidae","Teleophrys","Teleophrys cristulipes"
"BerryCrust_0006228",NA,NA,NA,NA,NA,NA,NA
"BerryCrust_0006229",NA,NA,NA,NA,NA,NA,NA
"BerryCrust_0006230","Eukaryota","Arthropoda","Malacostraca","Decapoda","Dairidae","Daira","Daira americana"
"BerryCrust_0006231",NA,NA,NA,NA,NA,NA,NA
"BerryCrust_0006232",NA,NA,NA,NA,NA,NA,NA
"BerryCrust_0006233","Eukaryota","Arthropoda","Malacostraca","Decapoda","Grapsidae","Pachygrapsus","Pachygrapsus socius"
"BerryCrust_0006234",NA,NA,NA,NA,NA,NA,NA
"BerryCrust_0006235",NA,NA,NA,NA,NA,NA,NA
"BerryCrust_0006236","Eukaryota","Arthropoda","Malacostraca","Decapoda","Mithracidae","Teleophrys","Teleophrys cristulipes"
"BerryCrust_0006237","Eukaryota",NA,NA,NA,NA,NA,NA
"BerryCrust_0006238",NA,NA,NA,NA,NA,NA,NA
"BerryCrust_0006239","Eukaryota","Arthropoda","Malacostraca","Decapoda","Diogenidae","Calcinus","Calcinus explorator"
"BerryCrust_0006240",NA,NA,NA,NA,NA,NA,NA
"BerryCrust_0006241",NA,NA,NA,NA,NA,NA,NA
"BerryCrust_0006242",NA,NA,NA,NA,NA,NA,NA
"BerryCrust_0006243",NA,NA,NA,NA,NA,NA,NA
"BerryCrust_0006244","Eukaryota",NA,NA,NA,NA,NA,NA
"BerryCrust_0006245",NA,NA,NA,NA,NA,NA,NA
"BerryCrust_0006246","Eukaryota","Arthropoda","Malacostraca","Decapoda","Mithracidae","Teleophrys","Teleophrys cristulipes"
"BerryCrust_0006247","Eukaryota",NA,NA,NA,NA,NA,NA
"BerryCrust_0006248",NA,NA,NA,NA,NA,NA,NA
"BerryCrust_0006249",NA,NA,NA,NA,NA,NA,NA
"BerryCrust_0006250","Eukaryota",NA,NA,NA,NA,NA,NA
"BerryCrust_0006251",NA,NA,NA,NA,NA,NA,NA
"BerryCrust_0006252",NA,NA,NA,NA,NA,NA,NA
"BerryCrust_0006253",NA,NA,NA,NA,NA,NA,NA
"BerryCrust_0006254",NA,NA,NA,NA,NA,NA,NA
"BerryCrust_0006255",NA,NA,NA,NA,NA,NA,NA
"BerryCrust_0006256",NA,NA,NA,NA,NA,NA,NA
"BerryCrust_0006257",NA,NA,NA,NA,NA,NA,NA
"BerryCrust_0006258",NA,NA,NA,NA,NA,NA,NA
"BerryCrust_0006259",NA,NA,NA,NA,NA,NA,NA
"BerryCrust_0006260","Eukaryota",NA,NA,NA,NA,NA,NA
"BerryCrust_0006261","Eukaryota","Arthropoda","Malacostraca","Decapoda","Grapsidae","Grapsus","Grapsus grapsus"
"BerryCrust_0006262",NA,NA,NA,NA,NA,NA,NA
"BerryCrust_0006263",NA,NA,NA,NA,NA,NA,NA
"BerryCrust_0006264",NA,NA,NA,NA,NA,NA,NA
"BerryCrust_0006265","Eukaryota","Arthropoda","Malacostraca","Decapoda","Grapsidae","Pachygrapsus","Pachygrapsus socius"
"BerryCrust_0006266",NA,NA,NA,NA,NA,NA,NA
"BerryCrust_0006267",NA,NA,NA,NA,NA,NA,NA
"BerryCrust_0006268",NA,NA,NA,NA,NA,NA,NA
"BerryCrust_0006269",NA,NA,NA,NA,NA,NA,NA
"BerryCrust_0006270",NA,NA,NA,NA,NA,NA,NA
"BerryCrust_0006271",NA,NA,NA,NA,NA,NA,NA
"BerryCrust_0006272","Eukaryota","Arthropoda","Malacostraca","Decapoda","Dairidae","Daira","Daira americana"
"BerryCrust_0006273",NA,NA,NA,NA,NA,NA,NA
"BerryCrust_0006274",NA,NA,NA,NA,NA,NA,NA
"BerryCrust_0006275",NA,NA,NA,NA,NA,NA,NA
"BerryCrust_0006276",NA,NA,NA,NA,NA,NA,NA
"BerryCrust_0006277",NA,NA,NA,NA,NA,NA,NA
"BerryCrust_0006278",NA,NA,NA,NA,NA,NA,NA
"BerryCrust_0006279","Eukaryota","Arthropoda","Malacostraca","Decapoda","Grapsidae","Pachygrapsus","Pachygrapsus socius"
"BerryCrust_0006280",NA,NA,NA,NA,NA,NA,NA
"BerryCrust_0006281","Eukaryota",NA,NA,NA,NA,NA,NA
"BerryCrust_0006282",NA,NA,NA,NA,NA,NA,NA
"BerryCrust_0006283",NA,NA,NA,NA,NA,NA,NA
"BerryCrust_0006284",NA,NA,NA,NA,NA,NA,NA
"BerryCrust_0006285",NA,NA,NA,NA,NA,NA,NA
"BerryCrust_0006286",NA,NA,NA,NA,NA,NA,NA
"BerryCrust_0006287","Eukaryota",NA,NA,NA,NA,NA,NA
"BerryCrust_0006288",NA,NA,NA,NA,NA,NA,NA
"BerryCrust_0006289",NA,NA,NA,NA,NA,NA,NA
"BerryCrust_0006290",NA,NA,NA,NA,NA,NA,NA
"BerryCrust_0006291",NA,NA,NA,NA,NA,NA,NA
"BerryCrust_0006292","Eukaryota","Arthropoda","Malacostraca","Decapoda","Mithracidae","Teleophrys","Teleophrys cristulipes"
"BerryCrust_0006293",NA,NA,NA,NA,NA,NA,NA
"BerryCrust_0006294",NA,NA,NA,NA,NA,NA,NA
"BerryCrust_0006295",NA,NA,NA,NA,NA,NA,NA
"BerryCrust_0006296",NA,NA,NA,NA,NA,NA,NA
"BerryCrust_0006297","Eukaryota",NA,NA,NA,NA,NA,NA
"BerryCrust_0006298",NA,NA,NA,NA,NA,NA,NA
"BerryCrust_0006299","Eukaryota",NA,NA,NA,NA,NA,NA
"BerryCrust_0006300",NA,NA,NA,NA,NA,NA,NA
"BerryCrust_0006301",NA,NA,NA,NA,NA,NA,NA
"BerryCrust_0006302",NA,NA,NA,NA,NA,NA,NA
"BerryCrust_0006303",NA,NA,NA,NA,NA,NA,NA
"BerryCrust_0006304",NA,NA,NA,NA,NA,NA,NA
"BerryCrust_0006305",NA,NA,NA,NA,NA,NA,NA
"BerryCrust_0006306","Eukaryota",NA,NA,NA,NA,NA,NA
"BerryCrust_0006307",NA,NA,NA,NA,NA,NA,NA
"BerryCrust_0006308",NA,NA,NA,NA,NA,NA,NA
"BerryCrust_0006309",NA,NA,NA,NA,NA,NA,NA
"BerryCrust_0006310","Eukaryota",NA,NA,NA,NA,NA,NA
"BerryCrust_0006311",NA,NA,NA,NA,NA,NA,NA
"BerryCrust_0006312",NA,NA,NA,NA,NA,NA,NA
"BerryCrust_0006313","Eukaryota","Arthropoda","Malacostraca","Decapoda","Mithracidae","Teleophrys","Teleophrys cristulipes"
"BerryCrust_0006314","Eukaryota","Arthropoda","Malacostraca","Decapoda","Mithracidae","Teleophrys","Teleophrys cristulipes"
"BerryCrust_0006315",NA,NA,NA,NA,NA,NA,NA
"BerryCrust_0006316",NA,NA,NA,NA,NA,NA,NA
"BerryCrust_0006317",NA,NA,NA,NA,NA,NA,NA
"BerryCrust_0006318",NA,NA,NA,NA,NA,NA,NA
"BerryCrust_0006319",NA,NA,NA,NA,NA,NA,NA
"BerryCrust_0006320",NA,NA,NA,NA,NA,NA,NA
"BerryCrust_0006321",NA,NA,NA,NA,NA,NA,NA
"BerryCrust_0006322",NA,NA,NA,NA,NA,NA,NA
"BerryCrust_0006323",NA,NA,NA,NA,NA,NA,NA
"BerryCrust_0006324",NA,NA,NA,NA,NA,NA,NA
"BerryCrust_0006325",NA,NA,NA,NA,NA,NA,NA
"BerryCrust_0006326",NA,NA,NA,NA,NA,NA,NA
"BerryCrust_0006327",NA,NA,NA,NA,NA,NA,NA
"BerryCrust_0006328",NA,NA,NA,NA,NA,NA,NA
"BerryCrust_0006329",NA,NA,NA,NA,NA,NA,NA
"BerryCrust_0006330",NA,NA,NA,NA,NA,NA,NA
"BerryCrust_0006331",NA,NA,NA,NA,NA,NA,NA
"BerryCrust_0006332",NA,NA,NA,NA,NA,NA,NA
"BerryCrust_0006333",NA,NA,NA,NA,NA,NA,NA
"BerryCrust_0006334",NA,NA,NA,NA,NA,NA,NA
"BerryCrust_0006335",NA,NA,NA,NA,NA,NA,NA
"BerryCrust_0006336",NA,NA,NA,NA,NA,NA,NA
"BerryCrust_0006337",NA,NA,NA,NA,NA,NA,NA
"BerryCrust_0006338",NA,NA,NA,NA,NA,NA,NA
"BerryCrust_0006339",NA,NA,NA,NA,NA,NA,NA
"BerryCrust_0006340",NA,NA,NA,NA,NA,NA,NA
"BerryCrust_0006341",NA,NA,NA,NA,NA,NA,NA
"BerryCrust_0006342","Eukaryota",NA,NA,NA,NA,NA,NA
"BerryCrust_0006343",NA,NA,NA,NA,NA,NA,NA
"BerryCrust_0006344",NA,NA,NA,NA,NA,NA,NA
"BerryCrust_0006345","Eukaryota",NA,NA,NA,NA,NA,NA
"BerryCrust_0006346","Eukaryota",NA,NA,NA,NA,NA,NA
"BerryCrust_0006347",NA,NA,NA,NA,NA,NA,NA
"BerryCrust_0006348","Eukaryota","Arthropoda","Malacostraca","Decapoda","Mithracidae","Teleophrys","Teleophrys cristulipes"
"BerryCrust_0006349",NA,NA,NA,NA,NA,NA,NA
"BerryCrust_0006350",NA,NA,NA,NA,NA,NA,NA
"BerryCrust_0006351",NA,NA,NA,NA,NA,NA,NA
"BerryCrust_0006352",NA,NA,NA,NA,NA,NA,NA
"BerryCrust_0006353",NA,NA,NA,NA,NA,NA,NA
"BerryCrust_0006354",NA,NA,NA,NA,NA,NA,NA
"BerryCrust_0006355",NA,NA,NA,NA,NA,NA,NA
"BerryCrust_0006356",NA,NA,NA,NA,NA,NA,NA
"BerryCrust_0006357",NA,NA,NA,NA,NA,NA,NA
"BerryCrust_0006358",NA,NA,NA,NA,NA,NA,NA
"BerryCrust_0006359",NA,NA,NA,NA,NA,NA,NA
"BerryCrust_0006360",NA,NA,NA,NA,NA,NA,NA
"BerryCrust_0006361",NA,NA,NA,NA,NA,NA,NA
"BerryCrust_0006362",NA,NA,NA,NA,NA,NA,NA
"BerryCrust_0006363",NA,NA,NA,NA,NA,NA,NA
"BerryCrust_0006364","Eukaryota","Arthropoda","Malacostraca","Decapoda","Mithracidae","Teleophrys","Teleophrys cristulipes"
"BerryCrust_0006365",NA,NA,NA,NA,NA,NA,NA
"BerryCrust_0006366",NA,NA,NA,NA,NA,NA,NA
"BerryCrust_0006367",NA,NA,NA,NA,NA,NA,NA
"BerryCrust_0006368",NA,NA,NA,NA,NA,NA,NA
"BerryCrust_0006369",NA,NA,NA,NA,NA,NA,NA
"BerryCrust_0006370","Eukaryota","Arthropoda","Malacostraca","Decapoda","Grapsidae","Pachygrapsus","Pachygrapsus socius"
"BerryCrust_0006371",NA,NA,NA,NA,NA,NA,NA
"BerryCrust_0006372",NA,NA,NA,NA,NA,NA,NA
"BerryCrust_0006373",NA,NA,NA,NA,NA,NA,NA
"BerryCrust_0006374",NA,NA,NA,NA,NA,NA,NA
"BerryCrust_0006375",NA,NA,NA,NA,NA,NA,NA
"BerryCrust_0006376",NA,NA,NA,NA,NA,NA,NA
"BerryCrust_0006377",NA,NA,NA,NA,NA,NA,NA
"BerryCrust_0006378",NA,NA,NA,NA,NA,NA,NA
"BerryCrust_0006379",NA,NA,NA,NA,NA,NA,NA
"BerryCrust_0006380",NA,NA,NA,NA,NA,NA,NA
"BerryCrust_0006381",NA,NA,NA,NA,NA,NA,NA
"BerryCrust_0006382",NA,NA,NA,NA,NA,NA,NA
"BerryCrust_0006383",NA,NA,NA,NA,NA,NA,NA
"BerryCrust_0006384",NA,NA,NA,NA,NA,NA,NA
"BerryCrust_0006385",NA,NA,NA,NA,NA,NA,NA
"BerryCrust_0006386",NA,NA,NA,NA,NA,NA,NA
"BerryCrust_0006387",NA,NA,NA,NA,NA,NA,NA
"BerryCrust_0006388","Eukaryota","Arthropoda","Malacostraca","Decapoda","Mithracidae","Teleophrys","Teleophrys cristulipes"
"BerryCrust_0006389",NA,NA,NA,NA,NA,NA,NA
"BerryCrust_0006390","Eukaryota",NA,NA,NA,NA,NA,NA
"BerryCrust_0006391","Eukaryota",NA,NA,NA,NA,NA,NA
"BerryCrust_0006392",NA,NA,NA,NA,NA,NA,NA
"BerryCrust_0006393",NA,NA,NA,NA,NA,NA,NA
"BerryCrust_0006394",NA,NA,NA,NA,NA,NA,NA
"BerryCrust_0006395",NA,NA,NA,NA,NA,NA,NA
"BerryCrust_0006396",NA,NA,NA,NA,NA,NA,NA
"BerryCrust_0006397",NA,NA,NA,NA,NA,NA,NA
"BerryCrust_0006398",NA,NA,NA,NA,NA,NA,NA
"BerryCrust_0006399",NA,NA,NA,NA,NA,NA,NA
"BerryCrust_0006400",NA,NA,NA,NA,NA,NA,NA
"BerryCrust_0006401","Eukaryota","Arthropoda","Malacostraca","Decapoda","Mithracidae","Teleophrys","Teleophrys cristulipes"
"BerryCrust_0006402",NA,NA,NA,NA,NA,NA,NA
"BerryCrust_0006403",NA,NA,NA,NA,NA,NA,NA
"BerryCrust_0006404",NA,NA,NA,NA,NA,NA,NA
"BerryCrust_0006405","Eukaryota",NA,NA,NA,NA,NA,NA
"BerryCrust_0006406",NA,NA,NA,NA,NA,NA,NA
"BerryCrust_0006407",NA,NA,NA,NA,NA,NA,NA
"BerryCrust_0006408",NA,NA,NA,NA,NA,NA,NA
"BerryCrust_0006409",NA,NA,NA,NA,NA,NA,NA
"BerryCrust_0006410",NA,NA,NA,NA,NA,NA,NA
"BerryCrust_0006411","Eukaryota","Arthropoda","Malacostraca","Decapoda","Mithracidae","Teleophrys","Teleophrys cristulipes"
"BerryCrust_0006412",NA,NA,NA,NA,NA,NA,NA
"BerryCrust_0006413",NA,NA,NA,NA,NA,NA,NA
"BerryCrust_0006414",NA,NA,NA,NA,NA,NA,NA
"BerryCrust_0006415",NA,NA,NA,NA,NA,NA,NA
"BerryCrust_0006416","Eukaryota","Arthropoda","Malacostraca","Decapoda","Diogenidae","Calcinus","Calcinus explorator"
"BerryCrust_0006417",NA,NA,NA,NA,NA,NA,NA
"BerryCrust_0006418",NA,NA,NA,NA,NA,NA,NA
"BerryCrust_0006419",NA,NA,NA,NA,NA,NA,NA
"BerryCrust_0006420",NA,NA,NA,NA,NA,NA,NA
"BerryCrust_0006421",NA,NA,NA,NA,NA,NA,NA
"BerryCrust_0006422",NA,NA,NA,NA,NA,NA,NA
"BerryCrust_0006423",NA,NA,NA,NA,NA,NA,NA
"BerryCrust_0006424",NA,NA,NA,NA,NA,NA,NA
"BerryCrust_0006425","Eukaryota","Arthropoda","Malacostraca","Decapoda","Grapsidae","Pachygrapsus","Pachygrapsus socius"
"BerryCrust_0006426",NA,NA,NA,NA,NA,NA,NA
"BerryCrust_0006427","Eukaryota","Arthropoda","Malacostraca","Decapoda","Mithracidae","Teleophrys","Teleophrys cristulipes"
"BerryCrust_0006428","Eukaryota","Arthropoda","Malacostraca","Decapoda","Dairidae","Daira","Daira americana"
"BerryCrust_0006429","Eukaryota",NA,NA,NA,NA,NA,NA
"BerryCrust_0006430",NA,NA,NA,NA,NA,NA,NA
"BerryCrust_0006431",NA,NA,NA,NA,NA,NA,NA
"BerryCrust_0006432",NA,NA,NA,NA,NA,NA,NA
"BerryCrust_0006433",NA,NA,NA,NA,NA,NA,NA
"BerryCrust_0006434","Eukaryota",NA,NA,NA,NA,NA,NA
"BerryCrust_0006435",NA,NA,NA,NA,NA,NA,NA
"BerryCrust_0006436",NA,NA,NA,NA,NA,NA,NA
"BerryCrust_0006437",NA,NA,NA,NA,NA,NA,NA
"BerryCrust_0006438",NA,NA,NA,NA,NA,NA,NA
"BerryCrust_0006439",NA,NA,NA,NA,NA,NA,NA
"BerryCrust_0006440","Eukaryota",NA,NA,NA,NA,NA,NA
"BerryCrust_0006441",NA,NA,NA,NA,NA,NA,NA
"BerryCrust_0006442",NA,NA,NA,NA,NA,NA,NA
"BerryCrust_0006443",NA,NA,NA,NA,NA,NA,NA
"BerryCrust_0006444",NA,NA,NA,NA,NA,NA,NA
"BerryCrust_0006445",NA,NA,NA,NA,NA,NA,NA
"BerryCrust_0006446",NA,NA,NA,NA,NA,NA,NA
"BerryCrust_0006447","Eukaryota",NA,NA,NA,NA,NA,NA
"BerryCrust_0006448","Eukaryota",NA,NA,NA,NA,NA,NA
"BerryCrust_0006449",NA,NA,NA,NA,NA,NA,NA
"BerryCrust_0006450",NA,NA,NA,NA,NA,NA,NA
"BerryCrust_0006451",NA,NA,NA,NA,NA,NA,NA
"BerryCrust_0006452",NA,NA,NA,NA,NA,NA,NA
"BerryCrust_0006453",NA,NA,NA,NA,NA,NA,NA
"BerryCrust_0006454","Eukaryota","Arthropoda","Malacostraca","Decapoda","Xanthidae","Paractaea",NA
"BerryCrust_0006455","Eukaryota","Arthropoda","Malacostraca","Decapoda","Grapsidae","Pachygrapsus","Pachygrapsus socius"
"BerryCrust_0006456",NA,NA,NA,NA,NA,NA,NA
"BerryCrust_0006457",NA,NA,NA,NA,NA,NA,NA
"BerryCrust_0006458",NA,NA,NA,NA,NA,NA,NA
"BerryCrust_0006459",NA,NA,NA,NA,NA,NA,NA
"BerryCrust_0006460",NA,NA,NA,NA,NA,NA,NA
"BerryCrust_0006461",NA,NA,NA,NA,NA,NA,NA
"BerryCrust_0006462",NA,NA,NA,NA,NA,NA,NA
"BerryCrust_0006463",NA,NA,NA,NA,NA,NA,NA
"BerryCrust_0006464",NA,NA,NA,NA,NA,NA,NA
"BerryCrust_0006465",NA,NA,NA,NA,NA,NA,NA
"BerryCrust_0006466","Eukaryota",NA,NA,NA,NA,NA,NA
"BerryCrust_0006467",NA,NA,NA,NA,NA,NA,NA
"BerryCrust_0006468",NA,NA,NA,NA,NA,NA,NA
"BerryCrust_0006469",NA,NA,NA,NA,NA,NA,NA
"BerryCrust_0006470",NA,NA,NA,NA,NA,NA,NA
"BerryCrust_0006471","Eukaryota","Arthropoda","Malacostraca","Decapoda","Hippidae","Hippa","Hippa pacifica"
"BerryCrust_0006472",NA,NA,NA,NA,NA,NA,NA
"BerryCrust_0006473",NA,NA,NA,NA,NA,NA,NA
"BerryCrust_0006474",NA,NA,NA,NA,NA,NA,NA
"BerryCrust_0006475","Eukaryota",NA,NA,NA,NA,NA,NA
"BerryCrust_0006476",NA,NA,NA,NA,NA,NA,NA
"BerryCrust_0006477",NA,NA,NA,NA,NA,NA,NA
"BerryCrust_0006478","Eukaryota","Arthropoda","Malacostraca","Decapoda","Dairidae","Daira","Daira americana"
"BerryCrust_0006479","Eukaryota",NA,NA,NA,NA,NA,NA
"BerryCrust_0006480",NA,NA,NA,NA,NA,NA,NA
"BerryCrust_0006481",NA,NA,NA,NA,NA,NA,NA
"BerryCrust_0006482",NA,NA,NA,NA,NA,NA,NA
"BerryCrust_0006483",NA,NA,NA,NA,NA,NA,NA
"BerryCrust_0006484",NA,NA,NA,NA,NA,NA,NA
"BerryCrust_0006485","Eukaryota",NA,NA,NA,NA,NA,NA
"BerryCrust_0006486",NA,NA,NA,NA,NA,NA,NA
"BerryCrust_0006487",NA,NA,NA,NA,NA,NA,NA
"BerryCrust_0006488","Eukaryota",NA,NA,NA,NA,NA,NA
"BerryCrust_0006489",NA,NA,NA,NA,NA,NA,NA
"BerryCrust_0006490",NA,NA,NA,NA,NA,NA,NA
"BerryCrust_0006491",NA,NA,NA,NA,NA,NA,NA
"BerryCrust_0006492","Eukaryota",NA,NA,NA,NA,NA,NA
"BerryCrust_0006493","Eukaryota",NA,NA,NA,NA,NA,NA
"BerryCrust_0006494",NA,NA,NA,NA,NA,NA,NA
"BerryCrust_0006495",NA,NA,NA,NA,NA,NA,NA
"BerryCrust_0006496",NA,NA,NA,NA,NA,NA,NA
"BerryCrust_0006497",NA,NA,NA,NA,NA,NA,NA
"BerryCrust_0006498","Eukaryota",NA,NA,NA,NA,NA,NA
"BerryCrust_0006499",NA,NA,NA,NA,NA,NA,NA
"BerryCrust_0006500",NA,NA,NA,NA,NA,NA,NA
"BerryCrust_0006501",NA,NA,NA,NA,NA,NA,NA
"BerryCrust_0006502",NA,NA,NA,NA,NA,NA,NA
"BerryCrust_0006503",NA,NA,NA,NA,NA,NA,NA
"BerryCrust_0006504",NA,NA,NA,NA,NA,NA,NA
"BerryCrust_0006505",NA,NA,NA,NA,NA,NA,NA
"BerryCrust_0006506","Eukaryota",NA,NA,NA,NA,NA,NA
"BerryCrust_0006507",NA,NA,NA,NA,NA,NA,NA
"BerryCrust_0006508","Eukaryota",NA,NA,NA,NA,NA,NA
"BerryCrust_0006509",NA,NA,NA,NA,NA,NA,NA
"BerryCrust_0006510","Eukaryota",NA,NA,NA,NA,NA,NA
"BerryCrust_0006511",NA,NA,NA,NA,NA,NA,NA
"BerryCrust_0006512","Eukaryota","Arthropoda","Malacostraca","Decapoda","Grapsidae","Pachygrapsus","Pachygrapsus socius"
"BerryCrust_0006513",NA,NA,NA,NA,NA,NA,NA
"BerryCrust_0006514",NA,NA,NA,NA,NA,NA,NA
"BerryCrust_0006515",NA,NA,NA,NA,NA,NA,NA
"BerryCrust_0006516","Eukaryota",NA,NA,NA,NA,NA,NA
"BerryCrust_0006517",NA,NA,NA,NA,NA,NA,NA
"BerryCrust_0006518",NA,NA,NA,NA,NA,NA,NA
"BerryCrust_0006519","Eukaryota","Arthropoda","Malacostraca","Decapoda","Grapsidae","Pachygrapsus","Pachygrapsus socius"
"BerryCrust_0006520",NA,NA,NA,NA,NA,NA,NA
"BerryCrust_0006521",NA,NA,NA,NA,NA,NA,NA
"BerryCrust_0006522",NA,NA,NA,NA,NA,NA,NA
"BerryCrust_0006523",NA,NA,NA,NA,NA,NA,NA
"BerryCrust_0006524","Eukaryota",NA,NA,NA,NA,NA,NA
"BerryCrust_0006525","Eukaryota",NA,NA,NA,NA,NA,NA
"BerryCrust_0006526",NA,NA,NA,NA,NA,NA,NA
"BerryCrust_0006527",NA,NA,NA,NA,NA,NA,NA
"BerryCrust_0006528",NA,NA,NA,NA,NA,NA,NA
"BerryCrust_0006529","Eukaryota","Arthropoda","Malacostraca","Decapoda","Portunidae","Cronius","Cronius ruber"
"BerryCrust_0006530","Eukaryota",NA,NA,NA,NA,NA,NA
"BerryCrust_0006531",NA,NA,NA,NA,NA,NA,NA
"BerryCrust_0006532",NA,NA,NA,NA,NA,NA,NA
"BerryCrust_0006533",NA,NA,NA,NA,NA,NA,NA
"BerryCrust_0006534",NA,NA,NA,NA,NA,NA,NA
"BerryCrust_0006535",NA,NA,NA,NA,NA,NA,NA
"BerryCrust_0006536",NA,NA,NA,NA,NA,NA,NA
"BerryCrust_0006537",NA,NA,NA,NA,NA,NA,NA
"BerryCrust_0006538",NA,NA,NA,NA,NA,NA,NA
"BerryCrust_0006539",NA,NA,NA,NA,NA,NA,NA
"BerryCrust_0006540",NA,NA,NA,NA,NA,NA,NA
"BerryCrust_0006541",NA,NA,NA,NA,NA,NA,NA
"BerryCrust_0006542",NA,NA,NA,NA,NA,NA,NA
"BerryCrust_0006543",NA,NA,NA,NA,NA,NA,NA
"BerryCrust_0006544",NA,NA,NA,NA,NA,NA,NA
"BerryCrust_0006545",NA,NA,NA,NA,NA,NA,NA
"BerryCrust_0006546",NA,NA,NA,NA,NA,NA,NA
"BerryCrust_0006547","Eukaryota",NA,NA,NA,NA,NA,NA
"BerryCrust_0006548",NA,NA,NA,NA,NA,NA,NA
"BerryCrust_0006549",NA,NA,NA,NA,NA,NA,NA
"BerryCrust_0006550",NA,NA,NA,NA,NA,NA,NA
"BerryCrust_0006551",NA,NA,NA,NA,NA,NA,NA
"BerryCrust_0006552",NA,NA,NA,NA,NA,NA,NA
"BerryCrust_0006553",NA,NA,NA,NA,NA,NA,NA
"BerryCrust_0006554",NA,NA,NA,NA,NA,NA,NA
"BerryCrust_0006555",NA,NA,NA,NA,NA,NA,NA
"BerryCrust_0006556",NA,NA,NA,NA,NA,NA,NA
"BerryCrust_0006557",NA,NA,NA,NA,NA,NA,NA
"BerryCrust_0006558",NA,NA,NA,NA,NA,NA,NA
"BerryCrust_0006559","Eukaryota",NA,NA,NA,NA,NA,NA
"BerryCrust_0006560",NA,NA,NA,NA,NA,NA,NA
"BerryCrust_0006561",NA,NA,NA,NA,NA,NA,NA
"BerryCrust_0006562",NA,NA,NA,NA,NA,NA,NA
"BerryCrust_0006563",NA,NA,NA,NA,NA,NA,NA
"BerryCrust_0006564",NA,NA,NA,NA,NA,NA,NA
"BerryCrust_0006565",NA,NA,NA,NA,NA,NA,NA
"BerryCrust_0006566",NA,NA,NA,NA,NA,NA,NA
"BerryCrust_0006567","Eukaryota","Arthropoda","Malacostraca","Decapoda","Grapsidae","Pachygrapsus","Pachygrapsus socius"
"BerryCrust_0006568",NA,NA,NA,NA,NA,NA,NA
"BerryCrust_0006569","Eukaryota","Arthropoda","Malacostraca","Decapoda","Grapsidae","Pachygrapsus","Pachygrapsus socius"
"BerryCrust_0006570",NA,NA,NA,NA,NA,NA,NA
"BerryCrust_0006571",NA,NA,NA,NA,NA,NA,NA
"BerryCrust_0006572",NA,NA,NA,NA,NA,NA,NA
"BerryCrust_0006573",NA,NA,NA,NA,NA,NA,NA
"BerryCrust_0006574",NA,NA,NA,NA,NA,NA,NA
"BerryCrust_0006575",NA,NA,NA,NA,NA,NA,NA
"BerryCrust_0006576",NA,NA,NA,NA,NA,NA,NA
"BerryCrust_0006577",NA,NA,NA,NA,NA,NA,NA
"BerryCrust_0006578","Eukaryota","Arthropoda","Malacostraca","Decapoda","Palaemonidae","Palaemon","Palaemon ritteri"
"BerryCrust_0006579",NA,NA,NA,NA,NA,NA,NA
"BerryCrust_0006580",NA,NA,NA,NA,NA,NA,NA
"BerryCrust_0006581",NA,NA,NA,NA,NA,NA,NA
"BerryCrust_0006582",NA,NA,NA,NA,NA,NA,NA
"BerryCrust_0006583",NA,NA,NA,NA,NA,NA,NA
"BerryCrust_0006584",NA,NA,NA,NA,NA,NA,NA
"BerryCrust_0006585",NA,NA,NA,NA,NA,NA,NA
"BerryCrust_0006586",NA,NA,NA,NA,NA,NA,NA
"BerryCrust_0006587",NA,NA,NA,NA,NA,NA,NA
"BerryCrust_0006588",NA,NA,NA,NA,NA,NA,NA
"BerryCrust_0006589",NA,NA,NA,NA,NA,NA,NA
"BerryCrust_0006590","Eukaryota",NA,NA,NA,NA,NA,NA
"BerryCrust_0006591","Eukaryota",NA,NA,NA,NA,NA,NA
"BerryCrust_0006592",NA,NA,NA,NA,NA,NA,NA
"BerryCrust_0006593",NA,NA,NA,NA,NA,NA,NA
"BerryCrust_0006594",NA,NA,NA,NA,NA,NA,NA
"BerryCrust_0006595",NA,NA,NA,NA,NA,NA,NA
"BerryCrust_0006596",NA,NA,NA,NA,NA,NA,NA
"BerryCrust_0006597",NA,NA,NA,NA,NA,NA,NA
"BerryCrust_0006598",NA,NA,NA,NA,NA,NA,NA
"BerryCrust_0006599","Eukaryota","Arthropoda","Malacostraca","Decapoda","Grapsidae","Pachygrapsus","Pachygrapsus socius"
"BerryCrust_0006600",NA,NA,NA,NA,NA,NA,NA
"BerryCrust_0006601",NA,NA,NA,NA,NA,NA,NA
"BerryCrust_0006602",NA,NA,NA,NA,NA,NA,NA
"BerryCrust_0006603","Eukaryota","Arthropoda","Malacostraca","Decapoda","Diogenidae","Calcinus","Calcinus explorator"
"BerryCrust_0006604",NA,NA,NA,NA,NA,NA,NA
"BerryCrust_0006605",NA,NA,NA,NA,NA,NA,NA
"BerryCrust_0006606",NA,NA,NA,NA,NA,NA,NA
"BerryCrust_0006607",NA,NA,NA,NA,NA,NA,NA
"BerryCrust_0006608",NA,NA,NA,NA,NA,NA,NA
"BerryCrust_0006609",NA,NA,NA,NA,NA,NA,NA
"BerryCrust_0006610",NA,NA,NA,NA,NA,NA,NA
"BerryCrust_0006611",NA,NA,NA,NA,NA,NA,NA
"BerryCrust_0006612","Eukaryota","Arthropoda","Malacostraca","Decapoda","Grapsidae","Pachygrapsus","Pachygrapsus socius"
"BerryCrust_0006613",NA,NA,NA,NA,NA,NA,NA
"BerryCrust_0006614",NA,NA,NA,NA,NA,NA,NA
"BerryCrust_0006615",NA,NA,NA,NA,NA,NA,NA
"BerryCrust_0006616",NA,NA,NA,NA,NA,NA,NA
"BerryCrust_0006617",NA,NA,NA,NA,NA,NA,NA
"BerryCrust_0006618",NA,NA,NA,NA,NA,NA,NA
"BerryCrust_0006619",NA,NA,NA,NA,NA,NA,NA
"BerryCrust_0006620",NA,NA,NA,NA,NA,NA,NA
"BerryCrust_0006621",NA,NA,NA,NA,NA,NA,NA
"BerryCrust_0006622",NA,NA,NA,NA,NA,NA,NA
"BerryCrust_0006623",NA,NA,NA,NA,NA,NA,NA
"BerryCrust_0006624",NA,NA,NA,NA,NA,NA,NA
"BerryCrust_0006625","Eukaryota",NA,NA,NA,NA,NA,NA
"BerryCrust_0006626",NA,NA,NA,NA,NA,NA,NA
"BerryCrust_0006627",NA,NA,NA,NA,NA,NA,NA
"BerryCrust_0006628",NA,NA,NA,NA,NA,NA,NA
"BerryCrust_0006629",NA,NA,NA,NA,NA,NA,NA
"BerryCrust_0006630",NA,NA,NA,NA,NA,NA,NA
"BerryCrust_0006631",NA,NA,NA,NA,NA,NA,NA
"BerryCrust_0006632",NA,NA,NA,NA,NA,NA,NA
"BerryCrust_0006633",NA,NA,NA,NA,NA,NA,NA
"BerryCrust_0006634",NA,NA,NA,NA,NA,NA,NA
"BerryCrust_0006635",NA,NA,NA,NA,NA,NA,NA
"BerryCrust_0006636",NA,NA,NA,NA,NA,NA,NA
"BerryCrust_0006637","Eukaryota",NA,NA,NA,NA,NA,NA
"BerryCrust_0006638",NA,NA,NA,NA,NA,NA,NA
"BerryCrust_0006639",NA,NA,NA,NA,NA,NA,NA
"BerryCrust_0006640",NA,NA,NA,NA,NA,NA,NA
"BerryCrust_0006641",NA,NA,NA,NA,NA,NA,NA
"BerryCrust_0006642",NA,NA,NA,NA,NA,NA,NA
"BerryCrust_0006643",NA,NA,NA,NA,NA,NA,NA
"BerryCrust_0006644",NA,NA,NA,NA,NA,NA,NA
"BerryCrust_0006645",NA,NA,NA,NA,NA,NA,NA
"BerryCrust_0006646",NA,NA,NA,NA,NA,NA,NA
"BerryCrust_0006647",NA,NA,NA,NA,NA,NA,NA
"BerryCrust_0006648","Eukaryota","Arthropoda","Malacostraca","Euphausiacea","Euphausiidae","Nyctiphanes","Nyctiphanes simplex"
"BerryCrust_0006649","Eukaryota","Arthropoda","Malacostraca","Decapoda","Mithracidae","Teleophrys","Teleophrys cristulipes"
"BerryCrust_0006650",NA,NA,NA,NA,NA,NA,NA
"BerryCrust_0006651",NA,NA,NA,NA,NA,NA,NA
"BerryCrust_0006652","Eukaryota","Arthropoda","Malacostraca","Decapoda","Grapsidae","Pachygrapsus","Pachygrapsus socius"
"BerryCrust_0006653",NA,NA,NA,NA,NA,NA,NA
"BerryCrust_0006654",NA,NA,NA,NA,NA,NA,NA
"BerryCrust_0006655",NA,NA,NA,NA,NA,NA,NA
"BerryCrust_0006656",NA,NA,NA,NA,NA,NA,NA
"BerryCrust_0006657",NA,NA,NA,NA,NA,NA,NA
"BerryCrust_0006658",NA,NA,NA,NA,NA,NA,NA
"BerryCrust_0006659",NA,NA,NA,NA,NA,NA,NA
"BerryCrust_0006660",NA,NA,NA,NA,NA,NA,NA
"BerryCrust_0006661","Eukaryota","Arthropoda","Malacostraca","Decapoda","Grapsidae","Pachygrapsus","Pachygrapsus socius"
"BerryCrust_0006662",NA,NA,NA,NA,NA,NA,NA
"BerryCrust_0006663",NA,NA,NA,NA,NA,NA,NA
"BerryCrust_0006664","Eukaryota","Arthropoda","Malacostraca","Decapoda","Grapsidae","Pachygrapsus","Pachygrapsus socius"
"BerryCrust_0006665","Eukaryota","Arthropoda","Malacostraca","Decapoda","Grapsidae","Pachygrapsus","Pachygrapsus socius"
"BerryCrust_0006666","Eukaryota","Arthropoda","Malacostraca","Decapoda","Grapsidae","Pachygrapsus","Pachygrapsus socius"
"BerryCrust_0006667","Eukaryota","Arthropoda","Malacostraca","Decapoda","Grapsidae","Pachygrapsus","Pachygrapsus socius"
"BerryCrust_0006668",NA,NA,NA,NA,NA,NA,NA
"BerryCrust_0006669","Eukaryota","Arthropoda","Malacostraca","Decapoda","Grapsidae","Pachygrapsus","Pachygrapsus socius"
"BerryCrust_0006670",NA,NA,NA,NA,NA,NA,NA
"BerryCrust_0006671",NA,NA,NA,NA,NA,NA,NA
"BerryCrust_0006672",NA,NA,NA,NA,NA,NA,NA
"BerryCrust_0006673","Eukaryota","Arthropoda","Malacostraca","Decapoda","Grapsidae","Pachygrapsus","Pachygrapsus socius"
"BerryCrust_0006674",NA,NA,NA,NA,NA,NA,NA
"BerryCrust_0006675","Eukaryota","Arthropoda","Malacostraca","Decapoda","Grapsidae","Pachygrapsus","Pachygrapsus socius"
"BerryCrust_0006676",NA,NA,NA,NA,NA,NA,NA
"BerryCrust_0006677",NA,NA,NA,NA,NA,NA,NA
"BerryCrust_0006678","Eukaryota","Arthropoda","Malacostraca","Decapoda","Grapsidae","Pachygrapsus","Pachygrapsus socius"
"BerryCrust_0006679",NA,NA,NA,NA,NA,NA,NA
"BerryCrust_0006680",NA,NA,NA,NA,NA,NA,NA
"BerryCrust_0006681",NA,NA,NA,NA,NA,NA,NA
"BerryCrust_0006682",NA,NA,NA,NA,NA,NA,NA
"BerryCrust_0006683",NA,NA,NA,NA,NA,NA,NA
"BerryCrust_0006684",NA,NA,NA,NA,NA,NA,NA
"BerryCrust_0006685",NA,NA,NA,NA,NA,NA,NA
"BerryCrust_0006686",NA,NA,NA,NA,NA,NA,NA
"BerryCrust_0006687",NA,NA,NA,NA,NA,NA,NA
"BerryCrust_0006688",NA,NA,NA,NA,NA,NA,NA
"BerryCrust_0006689",NA,NA,NA,NA,NA,NA,NA
"BerryCrust_0006690",NA,NA,NA,NA,NA,NA,NA
"BerryCrust_0006691",NA,NA,NA,NA,NA,NA,NA
"BerryCrust_0006692",NA,NA,NA,NA,NA,NA,NA
"BerryCrust_0006693","Eukaryota","Arthropoda","Malacostraca","Decapoda","Grapsidae","Pachygrapsus","Pachygrapsus socius"
"BerryCrust_0006694",NA,NA,NA,NA,NA,NA,NA
"BerryCrust_0006695",NA,NA,NA,NA,NA,NA,NA
"BerryCrust_0006696",NA,NA,NA,NA,NA,NA,NA
"BerryCrust_0006697",NA,NA,NA,NA,NA,NA,NA
"BerryCrust_0006698",NA,NA,NA,NA,NA,NA,NA
"BerryCrust_0006699",NA,NA,NA,NA,NA,NA,NA
"BerryCrust_0006700",NA,NA,NA,NA,NA,NA,NA
"BerryCrust_0006701",NA,NA,NA,NA,NA,NA,NA
"BerryCrust_0006702",NA,NA,NA,NA,NA,NA,NA
"BerryCrust_0006703",NA,NA,NA,NA,NA,NA,NA
"BerryCrust_0006704",NA,NA,NA,NA,NA,NA,NA
"BerryCrust_0006705",NA,NA,NA,NA,NA,NA,NA
"BerryCrust_0006706",NA,NA,NA,NA,NA,NA,NA
"BerryCrust_0006707",NA,NA,NA,NA,NA,NA,NA
"BerryCrust_0006708","Eukaryota","Arthropoda","Malacostraca","Decapoda","Dairidae","Daira","Daira americana"
"BerryCrust_0006709",NA,NA,NA,NA,NA,NA,NA
"BerryCrust_0006710",NA,NA,NA,NA,NA,NA,NA
"BerryCrust_0006711",NA,NA,NA,NA,NA,NA,NA
"BerryCrust_0006712",NA,NA,NA,NA,NA,NA,NA
"BerryCrust_0006713",NA,NA,NA,NA,NA,NA,NA
"BerryCrust_0006714","Eukaryota","Arthropoda","Malacostraca","Decapoda","Grapsidae","Pachygrapsus","Pachygrapsus socius"
"BerryCrust_0006715",NA,NA,NA,NA,NA,NA,NA
"BerryCrust_0006716",NA,NA,NA,NA,NA,NA,NA
"BerryCrust_0006717",NA,NA,NA,NA,NA,NA,NA
"BerryCrust_0006718","Eukaryota","Arthropoda","Malacostraca","Decapoda","Grapsidae","Pachygrapsus","Pachygrapsus socius"
"BerryCrust_0006719",NA,NA,NA,NA,NA,NA,NA
"BerryCrust_0006720",NA,NA,NA,NA,NA,NA,NA
"BerryCrust_0006721","Eukaryota","Arthropoda","Malacostraca","Decapoda","Grapsidae","Pachygrapsus","Pachygrapsus socius"
"BerryCrust_0006722",NA,NA,NA,NA,NA,NA,NA
"BerryCrust_0006723",NA,NA,NA,NA,NA,NA,NA
"BerryCrust_0006724",NA,NA,NA,NA,NA,NA,NA
"BerryCrust_0006725",NA,NA,NA,NA,NA,NA,NA
"BerryCrust_0006726",NA,NA,NA,NA,NA,NA,NA
"BerryCrust_0006727",NA,NA,NA,NA,NA,NA,NA
"BerryCrust_0006728",NA,NA,NA,NA,NA,NA,NA
"BerryCrust_0006729",NA,NA,NA,NA,NA,NA,NA
"BerryCrust_0006730",NA,NA,NA,NA,NA,NA,NA
"BerryCrust_0006731",NA,NA,NA,NA,NA,NA,NA
"BerryCrust_0006732",NA,NA,NA,NA,NA,NA,NA
"BerryCrust_0006733",NA,NA,NA,NA,NA,NA,NA
"BerryCrust_0006734","Eukaryota","Arthropoda","Malacostraca","Decapoda","Grapsidae","Pachygrapsus","Pachygrapsus socius"
"BerryCrust_0006735",NA,NA,NA,NA,NA,NA,NA
"BerryCrust_0006736",NA,NA,NA,NA,NA,NA,NA
"BerryCrust_0006737",NA,NA,NA,NA,NA,NA,NA
"BerryCrust_0006738",NA,NA,NA,NA,NA,NA,NA
"BerryCrust_0006739",NA,NA,NA,NA,NA,NA,NA
"BerryCrust_0006740",NA,NA,NA,NA,NA,NA,NA
"BerryCrust_0006741",NA,NA,NA,NA,NA,NA,NA
"BerryCrust_0006742",NA,NA,NA,NA,NA,NA,NA
"BerryCrust_0006743",NA,NA,NA,NA,NA,NA,NA
"BerryCrust_0006744",NA,NA,NA,NA,NA,NA,NA
"BerryCrust_0006745",NA,NA,NA,NA,NA,NA,NA
"BerryCrust_0006746",NA,NA,NA,NA,NA,NA,NA
"BerryCrust_0006747","Eukaryota",NA,NA,NA,NA,NA,NA
"BerryCrust_0006748",NA,NA,NA,NA,NA,NA,NA
"BerryCrust_0006749",NA,NA,NA,NA,NA,NA,NA
"BerryCrust_0006750",NA,NA,NA,NA,NA,NA,NA
"BerryCrust_0006751",NA,NA,NA,NA,NA,NA,NA
"BerryCrust_0006752",NA,NA,NA,NA,NA,NA,NA
"BerryCrust_0006753",NA,NA,NA,NA,NA,NA,NA
"BerryCrust_0006754",NA,NA,NA,NA,NA,NA,NA
"BerryCrust_0006755",NA,NA,NA,NA,NA,NA,NA
"BerryCrust_0006756",NA,NA,NA,NA,NA,NA,NA
"BerryCrust_0006757",NA,NA,NA,NA,NA,NA,NA
"BerryCrust_0006758",NA,NA,NA,NA,NA,NA,NA
"BerryCrust_0006759",NA,NA,NA,NA,NA,NA,NA
"BerryCrust_0006760",NA,NA,NA,NA,NA,NA,NA
"BerryCrust_0006761",NA,NA,NA,NA,NA,NA,NA
"BerryCrust_0006762",NA,NA,NA,NA,NA,NA,NA
"BerryCrust_0006763",NA,NA,NA,NA,NA,NA,NA
"BerryCrust_0006764",NA,NA,NA,NA,NA,NA,NA
"BerryCrust_0006765",NA,NA,NA,NA,NA,NA,NA
"BerryCrust_0006766",NA,NA,NA,NA,NA,NA,NA
"BerryCrust_0006767",NA,NA,NA,NA,NA,NA,NA
"BerryCrust_0006768",NA,NA,NA,NA,NA,NA,NA
"BerryCrust_0006769",NA,NA,NA,NA,NA,NA,NA
"BerryCrust_0006770",NA,NA,NA,NA,NA,NA,NA
"BerryCrust_0006771",NA,NA,NA,NA,NA,NA,NA
"BerryCrust_0006772","Eukaryota","Arthropoda","Malacostraca","Decapoda","Grapsidae","Pachygrapsus","Pachygrapsus socius"
"BerryCrust_0006773",NA,NA,NA,NA,NA,NA,NA
"BerryCrust_0006774",NA,NA,NA,NA,NA,NA,NA
"BerryCrust_0006775",NA,NA,NA,NA,NA,NA,NA
"BerryCrust_0006776",NA,NA,NA,NA,NA,NA,NA
"BerryCrust_0006777",NA,NA,NA,NA,NA,NA,NA
"BerryCrust_0006778","Eukaryota","Arthropoda","Malacostraca","Decapoda","Grapsidae","Pachygrapsus","Pachygrapsus socius"
"BerryCrust_0006779",NA,NA,NA,NA,NA,NA,NA
"BerryCrust_0006780",NA,NA,NA,NA,NA,NA,NA
"BerryCrust_0006781",NA,NA,NA,NA,NA,NA,NA
"BerryCrust_0006782",NA,NA,NA,NA,NA,NA,NA
"BerryCrust_0006783",NA,NA,NA,NA,NA,NA,NA
"BerryCrust_0006784",NA,NA,NA,NA,NA,NA,NA
"BerryCrust_0006785",NA,NA,NA,NA,NA,NA,NA
"BerryCrust_0006786",NA,NA,NA,NA,NA,NA,NA
"BerryCrust_0006787",NA,NA,NA,NA,NA,NA,NA
"BerryCrust_0006788",NA,NA,NA,NA,NA,NA,NA
"BerryCrust_0006789",NA,NA,NA,NA,NA,NA,NA
"BerryCrust_0006790",NA,NA,NA,NA,NA,NA,NA
"BerryCrust_0006791",NA,NA,NA,NA,NA,NA,NA
"BerryCrust_0006792",NA,NA,NA,NA,NA,NA,NA
"BerryCrust_0006793",NA,NA,NA,NA,NA,NA,NA
"BerryCrust_0006794",NA,NA,NA,NA,NA,NA,NA
"BerryCrust_0006795",NA,NA,NA,NA,NA,NA,NA
"BerryCrust_0006796",NA,NA,NA,NA,NA,NA,NA
"BerryCrust_0006797","Eukaryota","Arthropoda","Malacostraca","Decapoda","Grapsidae","Pachygrapsus","Pachygrapsus socius"
"BerryCrust_0006798",NA,NA,NA,NA,NA,NA,NA
"BerryCrust_0006799",NA,NA,NA,NA,NA,NA,NA
"BerryCrust_0006800",NA,NA,NA,NA,NA,NA,NA
"BerryCrust_0006801",NA,NA,NA,NA,NA,NA,NA
"BerryCrust_0006802",NA,NA,NA,NA,NA,NA,NA
"BerryCrust_0006803","Eukaryota",NA,NA,NA,NA,NA,NA
"BerryCrust_0006804",NA,NA,NA,NA,NA,NA,NA
"BerryCrust_0006805",NA,NA,NA,NA,NA,NA,NA
"BerryCrust_0006806",NA,NA,NA,NA,NA,NA,NA
"BerryCrust_0006807",NA,NA,NA,NA,NA,NA,NA
"BerryCrust_0006808",NA,NA,NA,NA,NA,NA,NA
"BerryCrust_0006809",NA,NA,NA,NA,NA,NA,NA
"BerryCrust_0006810",NA,NA,NA,NA,NA,NA,NA
"BerryCrust_0006811",NA,NA,NA,NA,NA,NA,NA
"BerryCrust_0006812",NA,NA,NA,NA,NA,NA,NA
"BerryCrust_0006813",NA,NA,NA,NA,NA,NA,NA
"BerryCrust_0006814",NA,NA,NA,NA,NA,NA,NA
"BerryCrust_0006815","Eukaryota","Arthropoda","Malacostraca","Decapoda","Diogenidae","Calcinus","Calcinus explorator"
"BerryCrust_0006816",NA,NA,NA,NA,NA,NA,NA
"BerryCrust_0006817",NA,NA,NA,NA,NA,NA,NA
"BerryCrust_0006818",NA,NA,NA,NA,NA,NA,NA
"BerryCrust_0006819",NA,NA,NA,NA,NA,NA,NA
"BerryCrust_0006820",NA,NA,NA,NA,NA,NA,NA
"BerryCrust_0006821",NA,NA,NA,NA,NA,NA,NA
"BerryCrust_0006822",NA,NA,NA,NA,NA,NA,NA
"BerryCrust_0006823",NA,NA,NA,NA,NA,NA,NA
"BerryCrust_0006824",NA,NA,NA,NA,NA,NA,NA
"BerryCrust_0006825",NA,NA,NA,NA,NA,NA,NA
"BerryCrust_0006826",NA,NA,NA,NA,NA,NA,NA
"BerryCrust_0006827",NA,NA,NA,NA,NA,NA,NA
"BerryCrust_0006828",NA,NA,NA,NA,NA,NA,NA
"BerryCrust_0006829",NA,NA,NA,NA,NA,NA,NA
"BerryCrust_0006830",NA,NA,NA,NA,NA,NA,NA
"BerryCrust_0006831",NA,NA,NA,NA,NA,NA,NA
"BerryCrust_0006832",NA,NA,NA,NA,NA,NA,NA
"BerryCrust_0006833",NA,NA,NA,NA,NA,NA,NA
"BerryCrust_0006834",NA,NA,NA,NA,NA,NA,NA
"BerryCrust_0006835",NA,NA,NA,NA,NA,NA,NA
"BerryCrust_0006836",NA,NA,NA,NA,NA,NA,NA
"BerryCrust_0006837",NA,NA,NA,NA,NA,NA,NA
"BerryCrust_0006838",NA,NA,NA,NA,NA,NA,NA
"BerryCrust_0006839",NA,NA,NA,NA,NA,NA,NA
"BerryCrust_0006840",NA,NA,NA,NA,NA,NA,NA
"BerryCrust_0006841",NA,NA,NA,NA,NA,NA,NA
"BerryCrust_0006842",NA,NA,NA,NA,NA,NA,NA
"BerryCrust_0006843",NA,NA,NA,NA,NA,NA,NA
"BerryCrust_0006844",NA,NA,NA,NA,NA,NA,NA
"BerryCrust_0006845",NA,NA,NA,NA,NA,NA,NA
"BerryCrust_0006846",NA,NA,NA,NA,NA,NA,NA
"BerryCrust_0006847",NA,NA,NA,NA,NA,NA,NA
"BerryCrust_0006848",NA,NA,NA,NA,NA,NA,NA
"BerryCrust_0006849",NA,NA,NA,NA,NA,NA,NA
"BerryCrust_0006850",NA,NA,NA,NA,NA,NA,NA
"BerryCrust_0006851",NA,NA,NA,NA,NA,NA,NA
"BerryCrust_0006852",NA,NA,NA,NA,NA,NA,NA
"BerryCrust_0006853",NA,NA,NA,NA,NA,NA,NA
"BerryCrust_0006854",NA,NA,NA,NA,NA,NA,NA
"BerryCrust_0006855",NA,NA,NA,NA,NA,NA,NA
"BerryCrust_0006856",NA,NA,NA,NA,NA,NA,NA
"BerryCrust_0006857",NA,NA,NA,NA,NA,NA,NA
"BerryCrust_0006858",NA,NA,NA,NA,NA,NA,NA
"BerryCrust_0006859",NA,NA,NA,NA,NA,NA,NA
"BerryCrust_0006860",NA,NA,NA,NA,NA,NA,NA
"BerryCrust_0006861",NA,NA,NA,NA,NA,NA,NA
"BerryCrust_0006862",NA,NA,NA,NA,NA,NA,NA
"BerryCrust_0006863",NA,NA,NA,NA,NA,NA,NA
"BerryCrust_0006864",NA,NA,NA,NA,NA,NA,NA
"BerryCrust_0006865",NA,NA,NA,NA,NA,NA,NA
"BerryCrust_0006866",NA,NA,NA,NA,NA,NA,NA
"BerryCrust_0006867",NA,NA,NA,NA,NA,NA,NA
"BerryCrust_0006868",NA,NA,NA,NA,NA,NA,NA
"BerryCrust_0006869",NA,NA,NA,NA,NA,NA,NA
"BerryCrust_0006870",NA,NA,NA,NA,NA,NA,NA
"BerryCrust_0006871",NA,NA,NA,NA,NA,NA,NA
"BerryCrust_0006872",NA,NA,NA,NA,NA,NA,NA
"BerryCrust_0006873",NA,NA,NA,NA,NA,NA,NA
"BerryCrust_0006874",NA,NA,NA,NA,NA,NA,NA
"BerryCrust_0006875",NA,NA,NA,NA,NA,NA,NA
"BerryCrust_0006876","Eukaryota","Arthropoda","Malacostraca","Decapoda","Diogenidae","Calcinus","Calcinus explorator"
"BerryCrust_0006877",NA,NA,NA,NA,NA,NA,NA
"BerryCrust_0006878",NA,NA,NA,NA,NA,NA,NA
"BerryCrust_0006879",NA,NA,NA,NA,NA,NA,NA
"BerryCrust_0006880",NA,NA,NA,NA,NA,NA,NA
"BerryCrust_0006881",NA,NA,NA,NA,NA,NA,NA
"BerryCrust_0006882","Eukaryota",NA,NA,NA,NA,NA,NA
"BerryCrust_0006883",NA,NA,NA,NA,NA,NA,NA
"BerryCrust_0006884",NA,NA,NA,NA,NA,NA,NA
"BerryCrust_0006885",NA,NA,NA,NA,NA,NA,NA
"BerryCrust_0006886",NA,NA,NA,NA,NA,NA,NA
"BerryCrust_0006887","Eukaryota","Arthropoda","Malacostraca","Decapoda","Callianassidae","Corallianassa",NA
"BerryCrust_0006888","Eukaryota","Arthropoda","Malacostraca","Decapoda","Diogenidae","Calcinus","Calcinus explorator"
"BerryCrust_0006889",NA,NA,NA,NA,NA,NA,NA
"BerryCrust_0006890",NA,NA,NA,NA,NA,NA,NA
"BerryCrust_0006891",NA,NA,NA,NA,NA,NA,NA
"BerryCrust_0006892",NA,NA,NA,NA,NA,NA,NA
"BerryCrust_0006893",NA,NA,NA,NA,NA,NA,NA
"BerryCrust_0006894",NA,NA,NA,NA,NA,NA,NA
"BerryCrust_0006895",NA,NA,NA,NA,NA,NA,NA
"BerryCrust_0006896",NA,NA,NA,NA,NA,NA,NA
"BerryCrust_0006897",NA,NA,NA,NA,NA,NA,NA
"BerryCrust_0006898",NA,NA,NA,NA,NA,NA,NA
"BerryCrust_0006899",NA,NA,NA,NA,NA,NA,NA
"BerryCrust_0006900",NA,NA,NA,NA,NA,NA,NA
"BerryCrust_0006901","Eukaryota","Arthropoda","Malacostraca","Decapoda","Oziidae","Ozius","Ozius tenuidactylus"
"BerryCrust_0006902",NA,NA,NA,NA,NA,NA,NA
"BerryCrust_0006903",NA,NA,NA,NA,NA,NA,NA
"BerryCrust_0006904",NA,NA,NA,NA,NA,NA,NA
"BerryCrust_0006905",NA,NA,NA,NA,NA,NA,NA
"BerryCrust_0006906","Eukaryota","Arthropoda","Malacostraca","Decapoda","Grapsidae","Pachygrapsus","Pachygrapsus socius"
"BerryCrust_0006907",NA,NA,NA,NA,NA,NA,NA
"BerryCrust_0006908",NA,NA,NA,NA,NA,NA,NA
"BerryCrust_0006909",NA,NA,NA,NA,NA,NA,NA
"BerryCrust_0006910",NA,NA,NA,NA,NA,NA,NA
"BerryCrust_0006911",NA,NA,NA,NA,NA,NA,NA
"BerryCrust_0006912",NA,NA,NA,NA,NA,NA,NA
"BerryCrust_0006913",NA,NA,NA,NA,NA,NA,NA
"BerryCrust_0006914",NA,NA,NA,NA,NA,NA,NA
"BerryCrust_0006915",NA,NA,NA,NA,NA,NA,NA
"BerryCrust_0006916",NA,NA,NA,NA,NA,NA,NA
"BerryCrust_0006917",NA,NA,NA,NA,NA,NA,NA
"BerryCrust_0006918",NA,NA,NA,NA,NA,NA,NA
"BerryCrust_0006919",NA,NA,NA,NA,NA,NA,NA
"BerryCrust_0006920",NA,NA,NA,NA,NA,NA,NA
"BerryCrust_0006921",NA,NA,NA,NA,NA,NA,NA
"BerryCrust_0006922",NA,NA,NA,NA,NA,NA,NA
"BerryCrust_0006923",NA,NA,NA,NA,NA,NA,NA
"BerryCrust_0006924",NA,NA,NA,NA,NA,NA,NA
"BerryCrust_0006925",NA,NA,NA,NA,NA,NA,NA
"BerryCrust_0006926",NA,NA,NA,NA,NA,NA,NA
"BerryCrust_0006927",NA,NA,NA,NA,NA,NA,NA
"BerryCrust_0006928",NA,NA,NA,NA,NA,NA,NA
"BerryCrust_0006929",NA,NA,NA,NA,NA,NA,NA
"BerryCrust_0006930","Eukaryota",NA,NA,NA,NA,NA,NA
"BerryCrust_0006931",NA,NA,NA,NA,NA,NA,NA
"BerryCrust_0006932",NA,NA,NA,NA,NA,NA,NA
"BerryCrust_0006933",NA,NA,NA,NA,NA,NA,NA
"BerryCrust_0006934",NA,NA,NA,NA,NA,NA,NA
"BerryCrust_0006935",NA,NA,NA,NA,NA,NA,NA
"BerryCrust_0006936",NA,NA,NA,NA,NA,NA,NA
"BerryCrust_0006937",NA,NA,NA,NA,NA,NA,NA
"BerryCrust_0006938",NA,NA,NA,NA,NA,NA,NA
"BerryCrust_0006939",NA,NA,NA,NA,NA,NA,NA
"BerryCrust_0006940",NA,NA,NA,NA,NA,NA,NA
"BerryCrust_0006941",NA,NA,NA,NA,NA,NA,NA
"BerryCrust_0006942","Eukaryota","Arthropoda","Malacostraca","Decapoda","Diogenidae","Calcinus","Calcinus explorator"
"BerryCrust_0006943",NA,NA,NA,NA,NA,NA,NA
"BerryCrust_0006944",NA,NA,NA,NA,NA,NA,NA
"BerryCrust_0006945",NA,NA,NA,NA,NA,NA,NA
"BerryCrust_0006946",NA,NA,NA,NA,NA,NA,NA
"BerryCrust_0006947",NA,NA,NA,NA,NA,NA,NA
"BerryCrust_0006948",NA,NA,NA,NA,NA,NA,NA
"BerryCrust_0006949",NA,NA,NA,NA,NA,NA,NA
"BerryCrust_0006950",NA,NA,NA,NA,NA,NA,NA
"BerryCrust_0006951",NA,NA,NA,NA,NA,NA,NA
"BerryCrust_0006952",NA,NA,NA,NA,NA,NA,NA
"BerryCrust_0006953",NA,NA,NA,NA,NA,NA,NA
"BerryCrust_0006954","Eukaryota","Arthropoda","Malacostraca","Decapoda","Diogenidae","Calcinus","Calcinus explorator"
"BerryCrust_0006955",NA,NA,NA,NA,NA,NA,NA
"BerryCrust_0006956",NA,NA,NA,NA,NA,NA,NA
"BerryCrust_0006957",NA,NA,NA,NA,NA,NA,NA
"BerryCrust_0006958",NA,NA,NA,NA,NA,NA,NA
"BerryCrust_0006959",NA,NA,NA,NA,NA,NA,NA
"BerryCrust_0006960",NA,NA,NA,NA,NA,NA,NA
"BerryCrust_0006961",NA,NA,NA,NA,NA,NA,NA
"BerryCrust_0006962",NA,NA,NA,NA,NA,NA,NA
"BerryCrust_0006963",NA,NA,NA,NA,NA,NA,NA
"BerryCrust_0006964",NA,NA,NA,NA,NA,NA,NA
"BerryCrust_0006965",NA,NA,NA,NA,NA,NA,NA
"BerryCrust_0006966",NA,NA,NA,NA,NA,NA,NA
"BerryCrust_0006967",NA,NA,NA,NA,NA,NA,NA
"BerryCrust_0006968",NA,NA,NA,NA,NA,NA,NA
"BerryCrust_0006969",NA,NA,NA,NA,NA,NA,NA
"BerryCrust_0006970",NA,NA,NA,NA,NA,NA,NA
"BerryCrust_0006971",NA,NA,NA,NA,NA,NA,NA
"BerryCrust_0006972",NA,NA,NA,NA,NA,NA,NA
"BerryCrust_0006973",NA,NA,NA,NA,NA,NA,NA
"BerryCrust_0006974",NA,NA,NA,NA,NA,NA,NA
"BerryCrust_0006975",NA,NA,NA,NA,NA,NA,NA
"BerryCrust_0006976",NA,NA,NA,NA,NA,NA,NA
"BerryCrust_0006977",NA,NA,NA,NA,NA,NA,NA
"BerryCrust_0006978",NA,NA,NA,NA,NA,NA,NA
"BerryCrust_0006979",NA,NA,NA,NA,NA,NA,NA
"BerryCrust_0006980","Eukaryota","Arthropoda","Malacostraca","Decapoda","Oziidae","Ozius","Ozius tenuidactylus"
"BerryCrust_0006981",NA,NA,NA,NA,NA,NA,NA
"BerryCrust_0006982",NA,NA,NA,NA,NA,NA,NA
"BerryCrust_0006983",NA,NA,NA,NA,NA,NA,NA
"BerryCrust_0006984",NA,NA,NA,NA,NA,NA,NA
"BerryCrust_0006985",NA,NA,NA,NA,NA,NA,NA
"BerryCrust_0006986",NA,NA,NA,NA,NA,NA,NA
"BerryCrust_0006987",NA,NA,NA,NA,NA,NA,NA
"BerryCrust_0006988",NA,NA,NA,NA,NA,NA,NA
"BerryCrust_0006989","Eukaryota","Arthropoda","Malacostraca","Decapoda","Diogenidae","Calcinus","Calcinus explorator"
"BerryCrust_0006990",NA,NA,NA,NA,NA,NA,NA
"BerryCrust_0006991",NA,NA,NA,NA,NA,NA,NA
"BerryCrust_0006992",NA,NA,NA,NA,NA,NA,NA
"BerryCrust_0006993",NA,NA,NA,NA,NA,NA,NA
"BerryCrust_0006994",NA,NA,NA,NA,NA,NA,NA
"BerryCrust_0006995",NA,NA,NA,NA,NA,NA,NA
"BerryCrust_0006996",NA,NA,NA,NA,NA,NA,NA
"BerryCrust_0006997",NA,NA,NA,NA,NA,NA,NA
"BerryCrust_0006998",NA,NA,NA,NA,NA,NA,NA
"BerryCrust_0006999",NA,NA,NA,NA,NA,NA,NA
"BerryCrust_0007000",NA,NA,NA,NA,NA,NA,NA
"BerryCrust_0007001",NA,NA,NA,NA,NA,NA,NA
"BerryCrust_0007002",NA,NA,NA,NA,NA,NA,NA
"BerryCrust_0007003",NA,NA,NA,NA,NA,NA,NA
"BerryCrust_0007004","Eukaryota","Arthropoda","Malacostraca","Decapoda","Mithracidae","Teleophrys","Teleophrys cristulipes"
"BerryCrust_0007005",NA,NA,NA,NA,NA,NA,NA
"BerryCrust_0007006",NA,NA,NA,NA,NA,NA,NA
"BerryCrust_0007007",NA,NA,NA,NA,NA,NA,NA
"BerryCrust_0007008",NA,NA,NA,NA,NA,NA,NA
"BerryCrust_0007009",NA,NA,NA,NA,NA,NA,NA
"BerryCrust_0007010",NA,NA,NA,NA,NA,NA,NA
"BerryCrust_0007011",NA,NA,NA,NA,NA,NA,NA
"BerryCrust_0007012","Eukaryota","Arthropoda","Malacostraca","Decapoda","Diogenidae","Calcinus","Calcinus explorator"
"BerryCrust_0007013",NA,NA,NA,NA,NA,NA,NA
"BerryCrust_0007014","Eukaryota","Arthropoda","Malacostraca","Decapoda","Mithracidae","Teleophrys","Teleophrys cristulipes"
"BerryCrust_0007015",NA,NA,NA,NA,NA,NA,NA
"BerryCrust_0007016",NA,NA,NA,NA,NA,NA,NA
"BerryCrust_0007017",NA,NA,NA,NA,NA,NA,NA
"BerryCrust_0007018",NA,NA,NA,NA,NA,NA,NA
"BerryCrust_0007019",NA,NA,NA,NA,NA,NA,NA
"BerryCrust_0007020","Eukaryota","Arthropoda","Malacostraca","Decapoda","Palaemonidae","Palaemon","Palaemon ritteri"
"BerryCrust_0007021",NA,NA,NA,NA,NA,NA,NA
"BerryCrust_0007022",NA,NA,NA,NA,NA,NA,NA
"BerryCrust_0007023",NA,NA,NA,NA,NA,NA,NA
"BerryCrust_0007024",NA,NA,NA,NA,NA,NA,NA
"BerryCrust_0007025",NA,NA,NA,NA,NA,NA,NA
"BerryCrust_0007026",NA,NA,NA,NA,NA,NA,NA
"BerryCrust_0007027",NA,NA,NA,NA,NA,NA,NA
"BerryCrust_0007028",NA,NA,NA,NA,NA,NA,NA
"BerryCrust_0007029",NA,NA,NA,NA,NA,NA,NA
"BerryCrust_0007030",NA,NA,NA,NA,NA,NA,NA
"BerryCrust_0007031",NA,NA,NA,NA,NA,NA,NA
"BerryCrust_0007032",NA,NA,NA,NA,NA,NA,NA
"BerryCrust_0007033",NA,NA,NA,NA,NA,NA,NA
"BerryCrust_0007034",NA,NA,NA,NA,NA,NA,NA
"BerryCrust_0007035","Eukaryota","Arthropoda","Malacostraca","Decapoda","Porcellanidae","Petrolisthes","Petrolisthes glasselli"
"BerryCrust_0007036",NA,NA,NA,NA,NA,NA,NA
"BerryCrust_0007037",NA,NA,NA,NA,NA,NA,NA
"BerryCrust_0007038",NA,NA,NA,NA,NA,NA,NA
"BerryCrust_0007039",NA,NA,NA,NA,NA,NA,NA
"BerryCrust_0007040",NA,NA,NA,NA,NA,NA,NA
"BerryCrust_0007041",NA,NA,NA,NA,NA,NA,NA
"BerryCrust_0007042",NA,NA,NA,NA,NA,NA,NA
"BerryCrust_0007043",NA,NA,NA,NA,NA,NA,NA
"BerryCrust_0007044",NA,NA,NA,NA,NA,NA,NA
"BerryCrust_0007045",NA,NA,NA,NA,NA,NA,NA
"BerryCrust_0007046",NA,NA,NA,NA,NA,NA,NA
"BerryCrust_0007047",NA,NA,NA,NA,NA,NA,NA
"BerryCrust_0007048",NA,NA,NA,NA,NA,NA,NA
"BerryCrust_0007049",NA,NA,NA,NA,NA,NA,NA
"BerryCrust_0007050",NA,NA,NA,NA,NA,NA,NA
"BerryCrust_0007051","Eukaryota","Arthropoda","Malacostraca","Decapoda","Diogenidae","Calcinus","Calcinus explorator"
"BerryCrust_0007052",NA,NA,NA,NA,NA,NA,NA
"BerryCrust_0007053",NA,NA,NA,NA,NA,NA,NA
"BerryCrust_0007054",NA,NA,NA,NA,NA,NA,NA
"BerryCrust_0007055","Eukaryota","Arthropoda","Malacostraca","Decapoda","Mithracidae","Teleophrys","Teleophrys cristulipes"
"BerryCrust_0007056",NA,NA,NA,NA,NA,NA,NA
"BerryCrust_0007057",NA,NA,NA,NA,NA,NA,NA
"BerryCrust_0007058",NA,NA,NA,NA,NA,NA,NA
"BerryCrust_0007059",NA,NA,NA,NA,NA,NA,NA
"BerryCrust_0007060",NA,NA,NA,NA,NA,NA,NA
"BerryCrust_0007061",NA,NA,NA,NA,NA,NA,NA
"BerryCrust_0007062",NA,NA,NA,NA,NA,NA,NA
"BerryCrust_0007063",NA,NA,NA,NA,NA,NA,NA
"BerryCrust_0007064",NA,NA,NA,NA,NA,NA,NA
"BerryCrust_0007065",NA,NA,NA,NA,NA,NA,NA
"BerryCrust_0007066",NA,NA,NA,NA,NA,NA,NA
"BerryCrust_0007067","Eukaryota","Arthropoda","Malacostraca","Decapoda","Diogenidae","Calcinus","Calcinus explorator"
"BerryCrust_0007068",NA,NA,NA,NA,NA,NA,NA
"BerryCrust_0007069",NA,NA,NA,NA,NA,NA,NA
"BerryCrust_0007070",NA,NA,NA,NA,NA,NA,NA
"BerryCrust_0007071",NA,NA,NA,NA,NA,NA,NA
"BerryCrust_0007072",NA,NA,NA,NA,NA,NA,NA
"BerryCrust_0007073",NA,NA,NA,NA,NA,NA,NA
"BerryCrust_0007074",NA,NA,NA,NA,NA,NA,NA
"BerryCrust_0007075",NA,NA,NA,NA,NA,NA,NA
"BerryCrust_0007076",NA,NA,NA,NA,NA,NA,NA
"BerryCrust_0007077",NA,NA,NA,NA,NA,NA,NA
"BerryCrust_0007078",NA,NA,NA,NA,NA,NA,NA
"BerryCrust_0007079",NA,NA,NA,NA,NA,NA,NA
"BerryCrust_0007080",NA,NA,NA,NA,NA,NA,NA
"BerryCrust_0007081",NA,NA,NA,NA,NA,NA,NA
"BerryCrust_0007082",NA,NA,NA,NA,NA,NA,NA
"BerryCrust_0007083",NA,NA,NA,NA,NA,NA,NA
"BerryCrust_0007084",NA,NA,NA,NA,NA,NA,NA
"BerryCrust_0007085",NA,NA,NA,NA,NA,NA,NA
"BerryCrust_0007086",NA,NA,NA,NA,NA,NA,NA
"BerryCrust_0007087",NA,NA,NA,NA,NA,NA,NA
"BerryCrust_0007088",NA,NA,NA,NA,NA,NA,NA
"BerryCrust_0007089",NA,NA,NA,NA,NA,NA,NA
"BerryCrust_0007090",NA,NA,NA,NA,NA,NA,NA
"BerryCrust_0007091",NA,NA,NA,NA,NA,NA,NA
"BerryCrust_0007092",NA,NA,NA,NA,NA,NA,NA
"BerryCrust_0007093",NA,NA,NA,NA,NA,NA,NA
"BerryCrust_0007094",NA,NA,NA,NA,NA,NA,NA
"BerryCrust_0007095",NA,NA,NA,NA,NA,NA,NA
"BerryCrust_0007096",NA,NA,NA,NA,NA,NA,NA
"BerryCrust_0007097",NA,NA,NA,NA,NA,NA,NA
"BerryCrust_0007098",NA,NA,NA,NA,NA,NA,NA
"BerryCrust_0007099",NA,NA,NA,NA,NA,NA,NA
"BerryCrust_0007100",NA,NA,NA,NA,NA,NA,NA
"BerryCrust_0007101",NA,NA,NA,NA,NA,NA,NA
"BerryCrust_0007102",NA,NA,NA,NA,NA,NA,NA
"BerryCrust_0007103",NA,NA,NA,NA,NA,NA,NA
"BerryCrust_0007104",NA,NA,NA,NA,NA,NA,NA
"BerryCrust_0007105",NA,NA,NA,NA,NA,NA,NA
"BerryCrust_0007106","Eukaryota","Arthropoda","Malacostraca","Decapoda","Mithracidae","Teleophrys","Teleophrys cristulipes"
"BerryCrust_0007107",NA,NA,NA,NA,NA,NA,NA
"BerryCrust_0007108",NA,NA,NA,NA,NA,NA,NA
"BerryCrust_0007109",NA,NA,NA,NA,NA,NA,NA
"BerryCrust_0007110",NA,NA,NA,NA,NA,NA,NA
"BerryCrust_0007111",NA,NA,NA,NA,NA,NA,NA
"BerryCrust_0007112",NA,NA,NA,NA,NA,NA,NA
"BerryCrust_0007113",NA,NA,NA,NA,NA,NA,NA
"BerryCrust_0007114",NA,NA,NA,NA,NA,NA,NA
"BerryCrust_0007115",NA,NA,NA,NA,NA,NA,NA
"BerryCrust_0007116",NA,NA,NA,NA,NA,NA,NA
"BerryCrust_0007117",NA,NA,NA,NA,NA,NA,NA
"BerryCrust_0007118",NA,NA,NA,NA,NA,NA,NA
"BerryCrust_0007119",NA,NA,NA,NA,NA,NA,NA
"BerryCrust_0007120",NA,NA,NA,NA,NA,NA,NA
"BerryCrust_0007121",NA,NA,NA,NA,NA,NA,NA
"BerryCrust_0007122",NA,NA,NA,NA,NA,NA,NA
"BerryCrust_0007123",NA,NA,NA,NA,NA,NA,NA
"BerryCrust_0007124",NA,NA,NA,NA,NA,NA,NA
"BerryCrust_0007125",NA,NA,NA,NA,NA,NA,NA
"BerryCrust_0007126",NA,NA,NA,NA,NA,NA,NA
"BerryCrust_0007127",NA,NA,NA,NA,NA,NA,NA
"BerryCrust_0007128",NA,NA,NA,NA,NA,NA,NA
"BerryCrust_0007129",NA,NA,NA,NA,NA,NA,NA
"BerryCrust_0007130",NA,NA,NA,NA,NA,NA,NA
"BerryCrust_0007131",NA,NA,NA,NA,NA,NA,NA
"BerryCrust_0007132",NA,NA,NA,NA,NA,NA,NA
"BerryCrust_0007133",NA,NA,NA,NA,NA,NA,NA
"BerryCrust_0007134",NA,NA,NA,NA,NA,NA,NA
"BerryCrust_0007135",NA,NA,NA,NA,NA,NA,NA
"BerryCrust_0007136",NA,NA,NA,NA,NA,NA,NA
"BerryCrust_0007137",NA,NA,NA,NA,NA,NA,NA
"BerryCrust_0007138",NA,NA,NA,NA,NA,NA,NA
"BerryCrust_0007139",NA,NA,NA,NA,NA,NA,NA
"BerryCrust_0007140",NA,NA,NA,NA,NA,NA,NA
"BerryCrust_0007141",NA,NA,NA,NA,NA,NA,NA
"BerryCrust_0007142",NA,NA,NA,NA,NA,NA,NA
"BerryCrust_0007143",NA,NA,NA,NA,NA,NA,NA
"BerryCrust_0007144",NA,NA,NA,NA,NA,NA,NA
"BerryCrust_0007145",NA,NA,NA,NA,NA,NA,NA
"BerryCrust_0007146",NA,NA,NA,NA,NA,NA,NA
"BerryCrust_0007147",NA,NA,NA,NA,NA,NA,NA
"BerryCrust_0007148",NA,NA,NA,NA,NA,NA,NA
"BerryCrust_0007149",NA,NA,NA,NA,NA,NA,NA
"BerryCrust_0007150",NA,NA,NA,NA,NA,NA,NA
"BerryCrust_0007151",NA,NA,NA,NA,NA,NA,NA
"BerryCrust_0007152",NA,NA,NA,NA,NA,NA,NA
"BerryCrust_0007153",NA,NA,NA,NA,NA,NA,NA
"BerryCrust_0007154",NA,NA,NA,NA,NA,NA,NA
"BerryCrust_0007155",NA,NA,NA,NA,NA,NA,NA
"BerryCrust_0007156",NA,NA,NA,NA,NA,NA,NA
"BerryCrust_0007157",NA,NA,NA,NA,NA,NA,NA
"BerryCrust_0007158","Eukaryota",NA,NA,NA,NA,NA,NA
"BerryCrust_0007159",NA,NA,NA,NA,NA,NA,NA
"BerryCrust_0007160",NA,NA,NA,NA,NA,NA,NA
"BerryCrust_0007161",NA,NA,NA,NA,NA,NA,NA
"BerryCrust_0007162",NA,NA,NA,NA,NA,NA,NA
"BerryCrust_0007163",NA,NA,NA,NA,NA,NA,NA
"BerryCrust_0007164",NA,NA,NA,NA,NA,NA,NA
"BerryCrust_0007165",NA,NA,NA,NA,NA,NA,NA
"BerryCrust_0007166",NA,NA,NA,NA,NA,NA,NA
"BerryCrust_0007167",NA,NA,NA,NA,NA,NA,NA
"BerryCrust_0007168",NA,NA,NA,NA,NA,NA,NA
"BerryCrust_0007169",NA,NA,NA,NA,NA,NA,NA
"BerryCrust_0007170",NA,NA,NA,NA,NA,NA,NA
"BerryCrust_0007171",NA,NA,NA,NA,NA,NA,NA
"BerryCrust_0007172",NA,NA,NA,NA,NA,NA,NA
"BerryCrust_0007173",NA,NA,NA,NA,NA,NA,NA
"BerryCrust_0007174",NA,NA,NA,NA,NA,NA,NA
"BerryCrust_0007175",NA,NA,NA,NA,NA,NA,NA
"BerryCrust_0007176",NA,NA,NA,NA,NA,NA,NA
"BerryCrust_0007177",NA,NA,NA,NA,NA,NA,NA
"BerryCrust_0007178",NA,NA,NA,NA,NA,NA,NA
"BerryCrust_0007179",NA,NA,NA,NA,NA,NA,NA
"BerryCrust_0007180",NA,NA,NA,NA,NA,NA,NA
"BerryCrust_0007181",NA,NA,NA,NA,NA,NA,NA
"BerryCrust_0007182",NA,NA,NA,NA,NA,NA,NA
"BerryCrust_0007183",NA,NA,NA,NA,NA,NA,NA
"BerryCrust_0007184",NA,NA,NA,NA,NA,NA,NA
"BerryCrust_0007185",NA,NA,NA,NA,NA,NA,NA
"BerryCrust_0007186",NA,NA,NA,NA,NA,NA,NA
"BerryCrust_0007187",NA,NA,NA,NA,NA,NA,NA
"BerryCrust_0007188",NA,NA,NA,NA,NA,NA,NA
"BerryCrust_0007189",NA,NA,NA,NA,NA,NA,NA
"BerryCrust_0007190",NA,NA,NA,NA,NA,NA,NA
"BerryCrust_0007191",NA,NA,NA,NA,NA,NA,NA
"BerryCrust_0007192",NA,NA,NA,NA,NA,NA,NA
"BerryCrust_0007193",NA,NA,NA,NA,NA,NA,NA
"BerryCrust_0007194",NA,NA,NA,NA,NA,NA,NA
"BerryCrust_0007195",NA,NA,NA,NA,NA,NA,NA
"BerryCrust_0007196",NA,NA,NA,NA,NA,NA,NA
"BerryCrust_0007197",NA,NA,NA,NA,NA,NA,NA
"BerryCrust_0007198",NA,NA,NA,NA,NA,NA,NA
"BerryCrust_0007199",NA,NA,NA,NA,NA,NA,NA
"BerryCrust_0007200","Eukaryota","Arthropoda","Malacostraca","Decapoda","Mithracidae","Teleophrys","Teleophrys cristulipes"
"BerryCrust_0007201",NA,NA,NA,NA,NA,NA,NA
"BerryCrust_0007202",NA,NA,NA,NA,NA,NA,NA
"BerryCrust_0007203",NA,NA,NA,NA,NA,NA,NA
"BerryCrust_0007204",NA,NA,NA,NA,NA,NA,NA
"BerryCrust_0007205",NA,NA,NA,NA,NA,NA,NA
"BerryCrust_0007206",NA,NA,NA,NA,NA,NA,NA
"BerryCrust_0007207",NA,NA,NA,NA,NA,NA,NA
"BerryCrust_0007208",NA,NA,NA,NA,NA,NA,NA
"BerryCrust_0007209",NA,NA,NA,NA,NA,NA,NA
"BerryCrust_0007210",NA,NA,NA,NA,NA,NA,NA
"BerryCrust_0007211",NA,NA,NA,NA,NA,NA,NA
"BerryCrust_0007212",NA,NA,NA,NA,NA,NA,NA
"BerryCrust_0007213",NA,NA,NA,NA,NA,NA,NA
"BerryCrust_0007214",NA,NA,NA,NA,NA,NA,NA
"BerryCrust_0007215",NA,NA,NA,NA,NA,NA,NA
"BerryCrust_0007216",NA,NA,NA,NA,NA,NA,NA
"BerryCrust_0007217",NA,NA,NA,NA,NA,NA,NA
"BerryCrust_0007218","Eukaryota","Arthropoda","Malacostraca","Decapoda","Mithracidae","Teleophrys","Teleophrys cristulipes"
"BerryCrust_0007219",NA,NA,NA,NA,NA,NA,NA
"BerryCrust_0007220",NA,NA,NA,NA,NA,NA,NA
"BerryCrust_0007221",NA,NA,NA,NA,NA,NA,NA
"BerryCrust_0007222",NA,NA,NA,NA,NA,NA,NA
"BerryCrust_0007223",NA,NA,NA,NA,NA,NA,NA
"BerryCrust_0007224",NA,NA,NA,NA,NA,NA,NA
"BerryCrust_0007225",NA,NA,NA,NA,NA,NA,NA
"BerryCrust_0007226",NA,NA,NA,NA,NA,NA,NA
"BerryCrust_0007227",NA,NA,NA,NA,NA,NA,NA
"BerryCrust_0007228",NA,NA,NA,NA,NA,NA,NA
"BerryCrust_0007229",NA,NA,NA,NA,NA,NA,NA
"BerryCrust_0007230",NA,NA,NA,NA,NA,NA,NA
"BerryCrust_0007231","Eukaryota","Arthropoda","Malacostraca","Decapoda","Alpheidae","Alpheus",NA
"BerryCrust_0007232",NA,NA,NA,NA,NA,NA,NA
"BerryCrust_0007233","Eukaryota","Arthropoda","Malacostraca","Decapoda","Mithracidae","Teleophrys","Teleophrys cristulipes"
"BerryCrust_0007234",NA,NA,NA,NA,NA,NA,NA
"BerryCrust_0007235",NA,NA,NA,NA,NA,NA,NA
"BerryCrust_0007236",NA,NA,NA,NA,NA,NA,NA
"BerryCrust_0007237",NA,NA,NA,NA,NA,NA,NA
"BerryCrust_0007238",NA,NA,NA,NA,NA,NA,NA
"BerryCrust_0007239",NA,NA,NA,NA,NA,NA,NA
"BerryCrust_0007240",NA,NA,NA,NA,NA,NA,NA
"BerryCrust_0007241","Eukaryota","Arthropoda","Malacostraca","Decapoda","Mithracidae","Teleophrys","Teleophrys cristulipes"
"BerryCrust_0007242","Eukaryota",NA,NA,NA,NA,NA,NA
"BerryCrust_0007243",NA,NA,NA,NA,NA,NA,NA
"BerryCrust_0007244",NA,NA,NA,NA,NA,NA,NA
"BerryCrust_0007245",NA,NA,NA,NA,NA,NA,NA
"BerryCrust_0007246",NA,NA,NA,NA,NA,NA,NA
"BerryCrust_0007247",NA,NA,NA,NA,NA,NA,NA
"BerryCrust_0007248",NA,NA,NA,NA,NA,NA,NA
"BerryCrust_0007249",NA,NA,NA,NA,NA,NA,NA
"BerryCrust_0007250",NA,NA,NA,NA,NA,NA,NA
"BerryCrust_0007251",NA,NA,NA,NA,NA,NA,NA
"BerryCrust_0007252",NA,NA,NA,NA,NA,NA,NA
"BerryCrust_0007253",NA,NA,NA,NA,NA,NA,NA
"BerryCrust_0007254",NA,NA,NA,NA,NA,NA,NA
"BerryCrust_0007255",NA,NA,NA,NA,NA,NA,NA
"BerryCrust_0007256",NA,NA,NA,NA,NA,NA,NA
"BerryCrust_0007257",NA,NA,NA,NA,NA,NA,NA
"BerryCrust_0007258",NA,NA,NA,NA,NA,NA,NA
"BerryCrust_0007259",NA,NA,NA,NA,NA,NA,NA
"BerryCrust_0007260","Eukaryota","Arthropoda","Malacostraca","Decapoda","Mithracidae","Teleophrys","Teleophrys cristulipes"
"BerryCrust_0007261",NA,NA,NA,NA,NA,NA,NA
"BerryCrust_0007262",NA,NA,NA,NA,NA,NA,NA
"BerryCrust_0007263",NA,NA,NA,NA,NA,NA,NA
"BerryCrust_0007264","Eukaryota","Arthropoda","Malacostraca","Decapoda","Dairidae","Daira","Daira americana"
"BerryCrust_0007265",NA,NA,NA,NA,NA,NA,NA
"BerryCrust_0007266",NA,NA,NA,NA,NA,NA,NA
"BerryCrust_0007267",NA,NA,NA,NA,NA,NA,NA
"BerryCrust_0007268",NA,NA,NA,NA,NA,NA,NA
"BerryCrust_0007269",NA,NA,NA,NA,NA,NA,NA
"BerryCrust_0007270",NA,NA,NA,NA,NA,NA,NA
"BerryCrust_0007271",NA,NA,NA,NA,NA,NA,NA
"BerryCrust_0007272",NA,NA,NA,NA,NA,NA,NA
"BerryCrust_0007273",NA,NA,NA,NA,NA,NA,NA
"BerryCrust_0007274",NA,NA,NA,NA,NA,NA,NA
"BerryCrust_0007275",NA,NA,NA,NA,NA,NA,NA
"BerryCrust_0007276",NA,NA,NA,NA,NA,NA,NA
"BerryCrust_0007277",NA,NA,NA,NA,NA,NA,NA
"BerryCrust_0007278",NA,NA,NA,NA,NA,NA,NA
"BerryCrust_0007279",NA,NA,NA,NA,NA,NA,NA
"BerryCrust_0007280",NA,NA,NA,NA,NA,NA,NA
"BerryCrust_0007281",NA,NA,NA,NA,NA,NA,NA
"BerryCrust_0007282",NA,NA,NA,NA,NA,NA,NA
"BerryCrust_0007283",NA,NA,NA,NA,NA,NA,NA
"BerryCrust_0007284",NA,NA,NA,NA,NA,NA,NA
"BerryCrust_0007285",NA,NA,NA,NA,NA,NA,NA
"BerryCrust_0007286",NA,NA,NA,NA,NA,NA,NA
"BerryCrust_0007287",NA,NA,NA,NA,NA,NA,NA
"BerryCrust_0007288",NA,NA,NA,NA,NA,NA,NA
"BerryCrust_0007289",NA,NA,NA,NA,NA,NA,NA
"BerryCrust_0007290",NA,NA,NA,NA,NA,NA,NA
"BerryCrust_0007291",NA,NA,NA,NA,NA,NA,NA
"BerryCrust_0007292",NA,NA,NA,NA,NA,NA,NA
"BerryCrust_0007293","Eukaryota","Arthropoda","Malacostraca","Decapoda","Mithracidae","Teleophrys","Teleophrys cristulipes"
"BerryCrust_0007294",NA,NA,NA,NA,NA,NA,NA
"BerryCrust_0007295",NA,NA,NA,NA,NA,NA,NA
"BerryCrust_0007296",NA,NA,NA,NA,NA,NA,NA
"BerryCrust_0007297",NA,NA,NA,NA,NA,NA,NA
"BerryCrust_0007298",NA,NA,NA,NA,NA,NA,NA
"BerryCrust_0007299",NA,NA,NA,NA,NA,NA,NA
"BerryCrust_0007300",NA,NA,NA,NA,NA,NA,NA
"BerryCrust_0007301",NA,NA,NA,NA,NA,NA,NA
"BerryCrust_0007302",NA,NA,NA,NA,NA,NA,NA
"BerryCrust_0007303",NA,NA,NA,NA,NA,NA,NA
"BerryCrust_0007304",NA,NA,NA,NA,NA,NA,NA
"BerryCrust_0007305",NA,NA,NA,NA,NA,NA,NA
"BerryCrust_0007306",NA,NA,NA,NA,NA,NA,NA
"BerryCrust_0007307",NA,NA,NA,NA,NA,NA,NA
"BerryCrust_0007308",NA,NA,NA,NA,NA,NA,NA
"BerryCrust_0007309",NA,NA,NA,NA,NA,NA,NA
"BerryCrust_0007310",NA,NA,NA,NA,NA,NA,NA
"BerryCrust_0007311",NA,NA,NA,NA,NA,NA,NA
"BerryCrust_0007312",NA,NA,NA,NA,NA,NA,NA
"BerryCrust_0007313","Eukaryota","Arthropoda","Malacostraca","Decapoda","Mithracidae","Teleophrys","Teleophrys cristulipes"
"BerryCrust_0007314",NA,NA,NA,NA,NA,NA,NA
"BerryCrust_0007315",NA,NA,NA,NA,NA,NA,NA
"BerryCrust_0007316",NA,NA,NA,NA,NA,NA,NA
"BerryCrust_0007317",NA,NA,NA,NA,NA,NA,NA
"BerryCrust_0007318","Eukaryota","Arthropoda","Malacostraca","Decapoda","Mithracidae","Teleophrys","Teleophrys cristulipes"
"BerryCrust_0007319",NA,NA,NA,NA,NA,NA,NA
"BerryCrust_0007320",NA,NA,NA,NA,NA,NA,NA
"BerryCrust_0007321",NA,NA,NA,NA,NA,NA,NA
"BerryCrust_0007322",NA,NA,NA,NA,NA,NA,NA
"BerryCrust_0007323",NA,NA,NA,NA,NA,NA,NA
"BerryCrust_0007324",NA,NA,NA,NA,NA,NA,NA
"BerryCrust_0007325",NA,NA,NA,NA,NA,NA,NA
"BerryCrust_0007326",NA,NA,NA,NA,NA,NA,NA
"BerryCrust_0007327",NA,NA,NA,NA,NA,NA,NA
"BerryCrust_0007328",NA,NA,NA,NA,NA,NA,NA
"BerryCrust_0007329",NA,NA,NA,NA,NA,NA,NA
"BerryCrust_0007330",NA,NA,NA,NA,NA,NA,NA
"BerryCrust_0007331",NA,NA,NA,NA,NA,NA,NA
"BerryCrust_0007332",NA,NA,NA,NA,NA,NA,NA
"BerryCrust_0007333",NA,NA,NA,NA,NA,NA,NA
"BerryCrust_0007334",NA,NA,NA,NA,NA,NA,NA
"BerryCrust_0007335",NA,NA,NA,NA,NA,NA,NA
"BerryCrust_0007336",NA,NA,NA,NA,NA,NA,NA
"BerryCrust_0007337",NA,NA,NA,NA,NA,NA,NA
"BerryCrust_0007338",NA,NA,NA,NA,NA,NA,NA
"BerryCrust_0007339",NA,NA,NA,NA,NA,NA,NA
"BerryCrust_0007340",NA,NA,NA,NA,NA,NA,NA
"BerryCrust_0007341",NA,NA,NA,NA,NA,NA,NA
"BerryCrust_0007342",NA,NA,NA,NA,NA,NA,NA
"BerryCrust_0007343",NA,NA,NA,NA,NA,NA,NA
"BerryCrust_0007344",NA,NA,NA,NA,NA,NA,NA
"BerryCrust_0007345",NA,NA,NA,NA,NA,NA,NA
"BerryCrust_0007346",NA,NA,NA,NA,NA,NA,NA
"BerryCrust_0007347",NA,NA,NA,NA,NA,NA,NA
"BerryCrust_0007348",NA,NA,NA,NA,NA,NA,NA
"BerryCrust_0007349",NA,NA,NA,NA,NA,NA,NA
"BerryCrust_0007350",NA,NA,NA,NA,NA,NA,NA
"BerryCrust_0007351",NA,NA,NA,NA,NA,NA,NA
"BerryCrust_0007352",NA,NA,NA,NA,NA,NA,NA
"BerryCrust_0007353","Eukaryota","Arthropoda","Malacostraca","Decapoda","Diogenidae","Calcinus","Calcinus explorator"
"BerryCrust_0007354",NA,NA,NA,NA,NA,NA,NA
"BerryCrust_0007355",NA,NA,NA,NA,NA,NA,NA
"BerryCrust_0007356",NA,NA,NA,NA,NA,NA,NA
"BerryCrust_0007357",NA,NA,NA,NA,NA,NA,NA
"BerryCrust_0007358","Eukaryota","Arthropoda","Malacostraca","Decapoda","Mithracidae","Teleophrys","Teleophrys cristulipes"
"BerryCrust_0007359",NA,NA,NA,NA,NA,NA,NA
"BerryCrust_0007360",NA,NA,NA,NA,NA,NA,NA
"BerryCrust_0007361",NA,NA,NA,NA,NA,NA,NA
"BerryCrust_0007362",NA,NA,NA,NA,NA,NA,NA
"BerryCrust_0007363",NA,NA,NA,NA,NA,NA,NA
"BerryCrust_0007364",NA,NA,NA,NA,NA,NA,NA
"BerryCrust_0007365",NA,NA,NA,NA,NA,NA,NA
"BerryCrust_0007366",NA,NA,NA,NA,NA,NA,NA
"BerryCrust_0007367",NA,NA,NA,NA,NA,NA,NA
"BerryCrust_0007368",NA,NA,NA,NA,NA,NA,NA
"BerryCrust_0007369","Eukaryota","Arthropoda","Malacostraca","Decapoda","Portunidae","Cronius","Cronius ruber"
"BerryCrust_0007370",NA,NA,NA,NA,NA,NA,NA
"BerryCrust_0007371",NA,NA,NA,NA,NA,NA,NA
"BerryCrust_0007372",NA,NA,NA,NA,NA,NA,NA
"BerryCrust_0007373",NA,NA,NA,NA,NA,NA,NA
"BerryCrust_0007374",NA,NA,NA,NA,NA,NA,NA
"BerryCrust_0007375",NA,NA,NA,NA,NA,NA,NA
"BerryCrust_0007376",NA,NA,NA,NA,NA,NA,NA
"BerryCrust_0007377",NA,NA,NA,NA,NA,NA,NA
"BerryCrust_0007378",NA,NA,NA,NA,NA,NA,NA
"BerryCrust_0007379",NA,NA,NA,NA,NA,NA,NA
"BerryCrust_0007380",NA,NA,NA,NA,NA,NA,NA
"BerryCrust_0007381",NA,NA,NA,NA,NA,NA,NA
"BerryCrust_0007382",NA,NA,NA,NA,NA,NA,NA
"BerryCrust_0007383",NA,NA,NA,NA,NA,NA,NA
"BerryCrust_0007384",NA,NA,NA,NA,NA,NA,NA
"BerryCrust_0007385",NA,NA,NA,NA,NA,NA,NA
"BerryCrust_0007386",NA,NA,NA,NA,NA,NA,NA
"BerryCrust_0007387",NA,NA,NA,NA,NA,NA,NA
"BerryCrust_0007388",NA,NA,NA,NA,NA,NA,NA
"BerryCrust_0007389",NA,NA,NA,NA,NA,NA,NA
"BerryCrust_0007390",NA,NA,NA,NA,NA,NA,NA
"BerryCrust_0007391",NA,NA,NA,NA,NA,NA,NA
"BerryCrust_0007392",NA,NA,NA,NA,NA,NA,NA
"BerryCrust_0007393",NA,NA,NA,NA,NA,NA,NA
"BerryCrust_0007394",NA,NA,NA,NA,NA,NA,NA
"BerryCrust_0007395",NA,NA,NA,NA,NA,NA,NA
"BerryCrust_0007396",NA,NA,NA,NA,NA,NA,NA
"BerryCrust_0007397",NA,NA,NA,NA,NA,NA,NA
"BerryCrust_0007398",NA,NA,NA,NA,NA,NA,NA
"BerryCrust_0007399",NA,NA,NA,NA,NA,NA,NA
"BerryCrust_0007400",NA,NA,NA,NA,NA,NA,NA
"BerryCrust_0007401",NA,NA,NA,NA,NA,NA,NA
"BerryCrust_0007402",NA,NA,NA,NA,NA,NA,NA
"BerryCrust_0007403",NA,NA,NA,NA,NA,NA,NA
"BerryCrust_0007404",NA,NA,NA,NA,NA,NA,NA
"BerryCrust_0007405",NA,NA,NA,NA,NA,NA,NA
"BerryCrust_0007406",NA,NA,NA,NA,NA,NA,NA
"BerryCrust_0007407",NA,NA,NA,NA,NA,NA,NA
"BerryCrust_0007408",NA,NA,NA,NA,NA,NA,NA
"BerryCrust_0007409",NA,NA,NA,NA,NA,NA,NA
"BerryCrust_0007410","Eukaryota","Arthropoda","Malacostraca","Decapoda","Mithracidae","Teleophrys","Teleophrys cristulipes"
"BerryCrust_0007411",NA,NA,NA,NA,NA,NA,NA
"BerryCrust_0007412",NA,NA,NA,NA,NA,NA,NA
"BerryCrust_0007413",NA,NA,NA,NA,NA,NA,NA
"BerryCrust_0007414",NA,NA,NA,NA,NA,NA,NA
"BerryCrust_0007415",NA,NA,NA,NA,NA,NA,NA
"BerryCrust_0007416",NA,NA,NA,NA,NA,NA,NA
"BerryCrust_0007417",NA,NA,NA,NA,NA,NA,NA
"BerryCrust_0007418",NA,NA,NA,NA,NA,NA,NA
"BerryCrust_0007419",NA,NA,NA,NA,NA,NA,NA
"BerryCrust_0007420",NA,NA,NA,NA,NA,NA,NA
"BerryCrust_0007421",NA,NA,NA,NA,NA,NA,NA
"BerryCrust_0007422","Eukaryota","Arthropoda","Malacostraca","Decapoda","Mithracidae","Teleophrys","Teleophrys cristulipes"
"BerryCrust_0007423",NA,NA,NA,NA,NA,NA,NA
"BerryCrust_0007424",NA,NA,NA,NA,NA,NA,NA
"BerryCrust_0007425",NA,NA,NA,NA,NA,NA,NA
"BerryCrust_0007426",NA,NA,NA,NA,NA,NA,NA
"BerryCrust_0007427",NA,NA,NA,NA,NA,NA,NA
"BerryCrust_0007428",NA,NA,NA,NA,NA,NA,NA
"BerryCrust_0007429",NA,NA,NA,NA,NA,NA,NA
"BerryCrust_0007430",NA,NA,NA,NA,NA,NA,NA
"BerryCrust_0007431",NA,NA,NA,NA,NA,NA,NA
"BerryCrust_0007432",NA,NA,NA,NA,NA,NA,NA
"BerryCrust_0007433",NA,NA,NA,NA,NA,NA,NA
"BerryCrust_0007434",NA,NA,NA,NA,NA,NA,NA
"BerryCrust_0007435",NA,NA,NA,NA,NA,NA,NA
"BerryCrust_0007436",NA,NA,NA,NA,NA,NA,NA
"BerryCrust_0007437",NA,NA,NA,NA,NA,NA,NA
"BerryCrust_0007438",NA,NA,NA,NA,NA,NA,NA
"BerryCrust_0007439",NA,NA,NA,NA,NA,NA,NA
"BerryCrust_0007440",NA,NA,NA,NA,NA,NA,NA
"BerryCrust_0007441",NA,NA,NA,NA,NA,NA,NA
"BerryCrust_0007442",NA,NA,NA,NA,NA,NA,NA
"BerryCrust_0007443",NA,NA,NA,NA,NA,NA,NA
"BerryCrust_0007444",NA,NA,NA,NA,NA,NA,NA
"BerryCrust_0007445",NA,NA,NA,NA,NA,NA,NA
"BerryCrust_0007446",NA,NA,NA,NA,NA,NA,NA
"BerryCrust_0007447",NA,NA,NA,NA,NA,NA,NA
"BerryCrust_0007448",NA,NA,NA,NA,NA,NA,NA
"BerryCrust_0007449",NA,NA,NA,NA,NA,NA,NA
"BerryCrust_0007450",NA,NA,NA,NA,NA,NA,NA
"BerryCrust_0007451",NA,NA,NA,NA,NA,NA,NA
"BerryCrust_0007452",NA,NA,NA,NA,NA,NA,NA
"BerryCrust_0007453",NA,NA,NA,NA,NA,NA,NA
"BerryCrust_0007454",NA,NA,NA,NA,NA,NA,NA
"BerryCrust_0007455",NA,NA,NA,NA,NA,NA,NA
"BerryCrust_0007456",NA,NA,NA,NA,NA,NA,NA
"BerryCrust_0007457",NA,NA,NA,NA,NA,NA,NA
"BerryCrust_0007458",NA,NA,NA,NA,NA,NA,NA
"BerryCrust_0007459",NA,NA,NA,NA,NA,NA,NA
"BerryCrust_0007460",NA,NA,NA,NA,NA,NA,NA
"BerryCrust_0007461",NA,NA,NA,NA,NA,NA,NA
"BerryCrust_0007462",NA,NA,NA,NA,NA,NA,NA
"BerryCrust_0007463",NA,NA,NA,NA,NA,NA,NA
"BerryCrust_0007464",NA,NA,NA,NA,NA,NA,NA
"BerryCrust_0007465",NA,NA,NA,NA,NA,NA,NA
"BerryCrust_0007466",NA,NA,NA,NA,NA,NA,NA
"BerryCrust_0007467",NA,NA,NA,NA,NA,NA,NA
"BerryCrust_0007468",NA,NA,NA,NA,NA,NA,NA
"BerryCrust_0007469",NA,NA,NA,NA,NA,NA,NA
"BerryCrust_0007470",NA,NA,NA,NA,NA,NA,NA
"BerryCrust_0007471",NA,NA,NA,NA,NA,NA,NA
"BerryCrust_0007472",NA,NA,NA,NA,NA,NA,NA
"BerryCrust_0007473",NA,NA,NA,NA,NA,NA,NA
"BerryCrust_0007474",NA,NA,NA,NA,NA,NA,NA
"BerryCrust_0007475",NA,NA,NA,NA,NA,NA,NA
"BerryCrust_0007476",NA,NA,NA,NA,NA,NA,NA
"BerryCrust_0007477",NA,NA,NA,NA,NA,NA,NA
"BerryCrust_0007478",NA,NA,NA,NA,NA,NA,NA
"BerryCrust_0007479",NA,NA,NA,NA,NA,NA,NA
"BerryCrust_0007480",NA,NA,NA,NA,NA,NA,NA
"BerryCrust_0007481",NA,NA,NA,NA,NA,NA,NA
"BerryCrust_0007482",NA,NA,NA,NA,NA,NA,NA
"BerryCrust_0007483",NA,NA,NA,NA,NA,NA,NA
"BerryCrust_0007484",NA,NA,NA,NA,NA,NA,NA
"BerryCrust_0007485",NA,NA,NA,NA,NA,NA,NA
"BerryCrust_0007486",NA,NA,NA,NA,NA,NA,NA
"BerryCrust_0007487",NA,NA,NA,NA,NA,NA,NA
"BerryCrust_0007488",NA,NA,NA,NA,NA,NA,NA
"BerryCrust_0007489",NA,NA,NA,NA,NA,NA,NA
"BerryCrust_0007490",NA,NA,NA,NA,NA,NA,NA
"BerryCrust_0007491",NA,NA,NA,NA,NA,NA,NA
"BerryCrust_0007492",NA,NA,NA,NA,NA,NA,NA
"BerryCrust_0007493",NA,NA,NA,NA,NA,NA,NA
"BerryCrust_0007494",NA,NA,NA,NA,NA,NA,NA
"BerryCrust_0007495",NA,NA,NA,NA,NA,NA,NA
"BerryCrust_0007496",NA,NA,NA,NA,NA,NA,NA
"BerryCrust_0007497",NA,NA,NA,NA,NA,NA,NA
"BerryCrust_0007498","Eukaryota",NA,NA,NA,NA,NA,NA
"BerryCrust_0007499","Eukaryota","Arthropoda","Malacostraca","Decapoda","Mithracidae","Teleophrys","Teleophrys cristulipes"
"BerryCrust_0007500",NA,NA,NA,NA,NA,NA,NA
"BerryCrust_0007501",NA,NA,NA,NA,NA,NA,NA
"BerryCrust_0007502",NA,NA,NA,NA,NA,NA,NA
"BerryCrust_0007503",NA,NA,NA,NA,NA,NA,NA
"BerryCrust_0007504",NA,NA,NA,NA,NA,NA,NA
"BerryCrust_0007505",NA,NA,NA,NA,NA,NA,NA
"BerryCrust_0007506",NA,NA,NA,NA,NA,NA,NA
"BerryCrust_0007507",NA,NA,NA,NA,NA,NA,NA
"BerryCrust_0007508",NA,NA,NA,NA,NA,NA,NA
"BerryCrust_0007509","Eukaryota",NA,NA,NA,NA,NA,NA
"BerryCrust_0007510",NA,NA,NA,NA,NA,NA,NA
"BerryCrust_0007511",NA,NA,NA,NA,NA,NA,NA
"BerryCrust_0007512",NA,NA,NA,NA,NA,NA,NA
"BerryCrust_0007513",NA,NA,NA,NA,NA,NA,NA
"BerryCrust_0007514",NA,NA,NA,NA,NA,NA,NA
"BerryCrust_0007515",NA,NA,NA,NA,NA,NA,NA
"BerryCrust_0007516",NA,NA,NA,NA,NA,NA,NA
"BerryCrust_0007517",NA,NA,NA,NA,NA,NA,NA
"BerryCrust_0007518",NA,NA,NA,NA,NA,NA,NA
"BerryCrust_0007519",NA,NA,NA,NA,NA,NA,NA
"BerryCrust_0007520",NA,NA,NA,NA,NA,NA,NA
"BerryCrust_0007521",NA,NA,NA,NA,NA,NA,NA
"BerryCrust_0007522",NA,NA,NA,NA,NA,NA,NA
"BerryCrust_0007523",NA,NA,NA,NA,NA,NA,NA
"BerryCrust_0007524",NA,NA,NA,NA,NA,NA,NA
"BerryCrust_0007525",NA,NA,NA,NA,NA,NA,NA
"BerryCrust_0007526",NA,NA,NA,NA,NA,NA,NA
"BerryCrust_0007527",NA,NA,NA,NA,NA,NA,NA
"BerryCrust_0007528",NA,NA,NA,NA,NA,NA,NA
"BerryCrust_0007529",NA,NA,NA,NA,NA,NA,NA
"BerryCrust_0007530",NA,NA,NA,NA,NA,NA,NA
"BerryCrust_0007531",NA,NA,NA,NA,NA,NA,NA
"BerryCrust_0007532",NA,NA,NA,NA,NA,NA,NA
"BerryCrust_0007533",NA,NA,NA,NA,NA,NA,NA
"BerryCrust_0007534",NA,NA,NA,NA,NA,NA,NA
"BerryCrust_0007535",NA,NA,NA,NA,NA,NA,NA
"BerryCrust_0007536",NA,NA,NA,NA,NA,NA,NA
"BerryCrust_0007537",NA,NA,NA,NA,NA,NA,NA
"BerryCrust_0007538",NA,NA,NA,NA,NA,NA,NA
"BerryCrust_0007539",NA,NA,NA,NA,NA,NA,NA
"BerryCrust_0007540",NA,NA,NA,NA,NA,NA,NA
"BerryCrust_0007541",NA,NA,NA,NA,NA,NA,NA
"BerryCrust_0007542","Eukaryota","Arthropoda","Malacostraca","Decapoda","Diogenidae","Calcinus","Calcinus explorator"
"BerryCrust_0007543",NA,NA,NA,NA,NA,NA,NA
"BerryCrust_0007544",NA,NA,NA,NA,NA,NA,NA
"BerryCrust_0007545",NA,NA,NA,NA,NA,NA,NA
"BerryCrust_0007546",NA,NA,NA,NA,NA,NA,NA
"BerryCrust_0007547",NA,NA,NA,NA,NA,NA,NA
"BerryCrust_0007548",NA,NA,NA,NA,NA,NA,NA
"BerryCrust_0007549",NA,NA,NA,NA,NA,NA,NA
"BerryCrust_0007550",NA,NA,NA,NA,NA,NA,NA
"BerryCrust_0007551",NA,NA,NA,NA,NA,NA,NA
"BerryCrust_0007552",NA,NA,NA,NA,NA,NA,NA
"BerryCrust_0007553",NA,NA,NA,NA,NA,NA,NA
"BerryCrust_0007554",NA,NA,NA,NA,NA,NA,NA
"BerryCrust_0007555",NA,NA,NA,NA,NA,NA,NA
"BerryCrust_0007556",NA,NA,NA,NA,NA,NA,NA
"BerryCrust_0007557",NA,NA,NA,NA,NA,NA,NA
"BerryCrust_0007558",NA,NA,NA,NA,NA,NA,NA
"BerryCrust_0007559",NA,NA,NA,NA,NA,NA,NA
"BerryCrust_0007560",NA,NA,NA,NA,NA,NA,NA
"BerryCrust_0007561",NA,NA,NA,NA,NA,NA,NA
"BerryCrust_0007562",NA,NA,NA,NA,NA,NA,NA
"BerryCrust_0007563",NA,NA,NA,NA,NA,NA,NA
"BerryCrust_0007564",NA,NA,NA,NA,NA,NA,NA
"BerryCrust_0007565",NA,NA,NA,NA,NA,NA,NA
"BerryCrust_0007566",NA,NA,NA,NA,NA,NA,NA
"BerryCrust_0007567",NA,NA,NA,NA,NA,NA,NA
"BerryCrust_0007568",NA,NA,NA,NA,NA,NA,NA
"BerryCrust_0007569",NA,NA,NA,NA,NA,NA,NA
"BerryCrust_0007570",NA,NA,NA,NA,NA,NA,NA
"BerryCrust_0007571",NA,NA,NA,NA,NA,NA,NA
"BerryCrust_0007572",NA,NA,NA,NA,NA,NA,NA
"BerryCrust_0007573",NA,NA,NA,NA,NA,NA,NA
"BerryCrust_0007574",NA,NA,NA,NA,NA,NA,NA
"BerryCrust_0007575",NA,NA,NA,NA,NA,NA,NA
"BerryCrust_0007576",NA,NA,NA,NA,NA,NA,NA
"BerryCrust_0007577",NA,NA,NA,NA,NA,NA,NA
"BerryCrust_0007578",NA,NA,NA,NA,NA,NA,NA
"BerryCrust_0007579",NA,NA,NA,NA,NA,NA,NA
"BerryCrust_0007580",NA,NA,NA,NA,NA,NA,NA
"BerryCrust_0007581",NA,NA,NA,NA,NA,NA,NA
"BerryCrust_0007582",NA,NA,NA,NA,NA,NA,NA
"BerryCrust_0007583",NA,NA,NA,NA,NA,NA,NA
"BerryCrust_0007584",NA,NA,NA,NA,NA,NA,NA
"BerryCrust_0007585",NA,NA,NA,NA,NA,NA,NA
"BerryCrust_0007586",NA,NA,NA,NA,NA,NA,NA
"BerryCrust_0007587",NA,NA,NA,NA,NA,NA,NA
"BerryCrust_0007588",NA,NA,NA,NA,NA,NA,NA
"BerryCrust_0007589",NA,NA,NA,NA,NA,NA,NA
"BerryCrust_0007590",NA,NA,NA,NA,NA,NA,NA
"BerryCrust_0007591",NA,NA,NA,NA,NA,NA,NA
"BerryCrust_0007592",NA,NA,NA,NA,NA,NA,NA
"BerryCrust_0007593",NA,NA,NA,NA,NA,NA,NA
"BerryCrust_0007594",NA,NA,NA,NA,NA,NA,NA
"BerryCrust_0007595",NA,NA,NA,NA,NA,NA,NA
"BerryCrust_0007596",NA,NA,NA,NA,NA,NA,NA
"BerryCrust_0007597",NA,NA,NA,NA,NA,NA,NA
"BerryCrust_0007598",NA,NA,NA,NA,NA,NA,NA
"BerryCrust_0007599",NA,NA,NA,NA,NA,NA,NA
"BerryCrust_0007600",NA,NA,NA,NA,NA,NA,NA
"BerryCrust_0007601","Eukaryota","Arthropoda","Malacostraca","Decapoda","Diogenidae","Calcinus","Calcinus explorator"
"BerryCrust_0007602",NA,NA,NA,NA,NA,NA,NA
"BerryCrust_0007603",NA,NA,NA,NA,NA,NA,NA
"BerryCrust_0007604",NA,NA,NA,NA,NA,NA,NA
"BerryCrust_0007605",NA,NA,NA,NA,NA,NA,NA
"BerryCrust_0007606",NA,NA,NA,NA,NA,NA,NA
"BerryCrust_0007607",NA,NA,NA,NA,NA,NA,NA
"BerryCrust_0007608",NA,NA,NA,NA,NA,NA,NA
"BerryCrust_0007609",NA,NA,NA,NA,NA,NA,NA
"BerryCrust_0007610",NA,NA,NA,NA,NA,NA,NA
"BerryCrust_0007611",NA,NA,NA,NA,NA,NA,NA
"BerryCrust_0007612",NA,NA,NA,NA,NA,NA,NA
"BerryCrust_0007613",NA,NA,NA,NA,NA,NA,NA
"BerryCrust_0007614",NA,NA,NA,NA,NA,NA,NA
"BerryCrust_0007615",NA,NA,NA,NA,NA,NA,NA
"BerryCrust_0007616","Eukaryota","Arthropoda","Malacostraca","Decapoda","Diogenidae","Calcinus","Calcinus explorator"
"BerryCrust_0007617",NA,NA,NA,NA,NA,NA,NA
"BerryCrust_0007618",NA,NA,NA,NA,NA,NA,NA
"BerryCrust_0007619",NA,NA,NA,NA,NA,NA,NA
"BerryCrust_0007620","Eukaryota","Arthropoda","Malacostraca","Decapoda","Diogenidae","Calcinus","Calcinus explorator"
"BerryCrust_0007621",NA,NA,NA,NA,NA,NA,NA
"BerryCrust_0007622",NA,NA,NA,NA,NA,NA,NA
"BerryCrust_0007623",NA,NA,NA,NA,NA,NA,NA
"BerryCrust_0007624",NA,NA,NA,NA,NA,NA,NA
"BerryCrust_0007625",NA,NA,NA,NA,NA,NA,NA
"BerryCrust_0007626",NA,NA,NA,NA,NA,NA,NA
"BerryCrust_0007627",NA,NA,NA,NA,NA,NA,NA
"BerryCrust_0007628",NA,NA,NA,NA,NA,NA,NA
"BerryCrust_0007629",NA,NA,NA,NA,NA,NA,NA
"BerryCrust_0007630",NA,NA,NA,NA,NA,NA,NA
"BerryCrust_0007631",NA,NA,NA,NA,NA,NA,NA
"BerryCrust_0007632",NA,NA,NA,NA,NA,NA,NA
"BerryCrust_0007633",NA,NA,NA,NA,NA,NA,NA
"BerryCrust_0007634",NA,NA,NA,NA,NA,NA,NA
"BerryCrust_0007635",NA,NA,NA,NA,NA,NA,NA
"BerryCrust_0007636",NA,NA,NA,NA,NA,NA,NA
"BerryCrust_0007637",NA,NA,NA,NA,NA,NA,NA
"BerryCrust_0007638",NA,NA,NA,NA,NA,NA,NA
"BerryCrust_0007639","Eukaryota","Arthropoda","Malacostraca","Decapoda","Panopeidae","Eurytium",NA
"BerryCrust_0007640",NA,NA,NA,NA,NA,NA,NA
"BerryCrust_0007641",NA,NA,NA,NA,NA,NA,NA
"BerryCrust_0007642",NA,NA,NA,NA,NA,NA,NA
"BerryCrust_0007643",NA,NA,NA,NA,NA,NA,NA
"BerryCrust_0007644",NA,NA,NA,NA,NA,NA,NA
"BerryCrust_0007645",NA,NA,NA,NA,NA,NA,NA
"BerryCrust_0007646",NA,NA,NA,NA,NA,NA,NA
"BerryCrust_0007647",NA,NA,NA,NA,NA,NA,NA
"BerryCrust_0007648",NA,NA,NA,NA,NA,NA,NA
"BerryCrust_0007649",NA,NA,NA,NA,NA,NA,NA
"BerryCrust_0007650",NA,NA,NA,NA,NA,NA,NA
"BerryCrust_0007651","Eukaryota","Arthropoda","Malacostraca","Decapoda","Palaemonidae","Palaemon","Palaemon ritteri"
"BerryCrust_0007652",NA,NA,NA,NA,NA,NA,NA
"BerryCrust_0007653",NA,NA,NA,NA,NA,NA,NA
"BerryCrust_0007654",NA,NA,NA,NA,NA,NA,NA
"BerryCrust_0007655",NA,NA,NA,NA,NA,NA,NA
"BerryCrust_0007656",NA,NA,NA,NA,NA,NA,NA
"BerryCrust_0007657",NA,NA,NA,NA,NA,NA,NA
"BerryCrust_0007658",NA,NA,NA,NA,NA,NA,NA
"BerryCrust_0007659",NA,NA,NA,NA,NA,NA,NA
"BerryCrust_0007660",NA,NA,NA,NA,NA,NA,NA
"BerryCrust_0007661",NA,NA,NA,NA,NA,NA,NA
"BerryCrust_0007662",NA,NA,NA,NA,NA,NA,NA
"BerryCrust_0007663",NA,NA,NA,NA,NA,NA,NA
"BerryCrust_0007664",NA,NA,NA,NA,NA,NA,NA
"BerryCrust_0007665",NA,NA,NA,NA,NA,NA,NA
"BerryCrust_0007666",NA,NA,NA,NA,NA,NA,NA
"BerryCrust_0007667",NA,NA,NA,NA,NA,NA,NA
"BerryCrust_0007668",NA,NA,NA,NA,NA,NA,NA
"BerryCrust_0007669",NA,NA,NA,NA,NA,NA,NA
"BerryCrust_0007670",NA,NA,NA,NA,NA,NA,NA
"BerryCrust_0007671",NA,NA,NA,NA,NA,NA,NA
"BerryCrust_0007672",NA,NA,NA,NA,NA,NA,NA
"BerryCrust_0007673",NA,NA,NA,NA,NA,NA,NA
"BerryCrust_0007674",NA,NA,NA,NA,NA,NA,NA
"BerryCrust_0007675",NA,NA,NA,NA,NA,NA,NA
"BerryCrust_0007676",NA,NA,NA,NA,NA,NA,NA
"BerryCrust_0007677",NA,NA,NA,NA,NA,NA,NA
"BerryCrust_0007678",NA,NA,NA,NA,NA,NA,NA
"BerryCrust_0007679",NA,NA,NA,NA,NA,NA,NA
"BerryCrust_0007680",NA,NA,NA,NA,NA,NA,NA
"BerryCrust_0007681",NA,NA,NA,NA,NA,NA,NA
"BerryCrust_0007682","Eukaryota","Arthropoda","Malacostraca","Decapoda","Mithracidae","Teleophrys","Teleophrys cristulipes"
"BerryCrust_0007683",NA,NA,NA,NA,NA,NA,NA
"BerryCrust_0007684",NA,NA,NA,NA,NA,NA,NA
"BerryCrust_0007685",NA,NA,NA,NA,NA,NA,NA
"BerryCrust_0007686",NA,NA,NA,NA,NA,NA,NA
"BerryCrust_0007687",NA,NA,NA,NA,NA,NA,NA
"BerryCrust_0007688",NA,NA,NA,NA,NA,NA,NA
"BerryCrust_0007689",NA,NA,NA,NA,NA,NA,NA
"BerryCrust_0007690",NA,NA,NA,NA,NA,NA,NA
"BerryCrust_0007691",NA,NA,NA,NA,NA,NA,NA
"BerryCrust_0007692",NA,NA,NA,NA,NA,NA,NA
"BerryCrust_0007693",NA,NA,NA,NA,NA,NA,NA
"BerryCrust_0007694",NA,NA,NA,NA,NA,NA,NA
"BerryCrust_0007695",NA,NA,NA,NA,NA,NA,NA
"BerryCrust_0007696",NA,NA,NA,NA,NA,NA,NA
"BerryCrust_0007697",NA,NA,NA,NA,NA,NA,NA
"BerryCrust_0007698",NA,NA,NA,NA,NA,NA,NA
"BerryCrust_0007699",NA,NA,NA,NA,NA,NA,NA
"BerryCrust_0007700",NA,NA,NA,NA,NA,NA,NA
"BerryCrust_0007701","Eukaryota",NA,NA,NA,NA,NA,NA
"BerryCrust_0007702",NA,NA,NA,NA,NA,NA,NA
"BerryCrust_0007703",NA,NA,NA,NA,NA,NA,NA
"BerryCrust_0007704",NA,NA,NA,NA,NA,NA,NA
"BerryCrust_0007705",NA,NA,NA,NA,NA,NA,NA
"BerryCrust_0007706",NA,NA,NA,NA,NA,NA,NA
"BerryCrust_0007707",NA,NA,NA,NA,NA,NA,NA
"BerryCrust_0007708",NA,NA,NA,NA,NA,NA,NA
"BerryCrust_0007709",NA,NA,NA,NA,NA,NA,NA
"BerryCrust_0007710",NA,NA,NA,NA,NA,NA,NA
"BerryCrust_0007711",NA,NA,NA,NA,NA,NA,NA
"BerryCrust_0007712",NA,NA,NA,NA,NA,NA,NA
"BerryCrust_0007713",NA,NA,NA,NA,NA,NA,NA
"BerryCrust_0007714",NA,NA,NA,NA,NA,NA,NA
"BerryCrust_0007715",NA,NA,NA,NA,NA,NA,NA
"BerryCrust_0007716",NA,NA,NA,NA,NA,NA,NA
"BerryCrust_0007717",NA,NA,NA,NA,NA,NA,NA
"BerryCrust_0007718",NA,NA,NA,NA,NA,NA,NA
"BerryCrust_0007719",NA,NA,NA,NA,NA,NA,NA
"BerryCrust_0007720",NA,NA,NA,NA,NA,NA,NA
"BerryCrust_0007721",NA,NA,NA,NA,NA,NA,NA
"BerryCrust_0007722",NA,NA,NA,NA,NA,NA,NA
"BerryCrust_0007723",NA,NA,NA,NA,NA,NA,NA
"BerryCrust_0007724",NA,NA,NA,NA,NA,NA,NA
"BerryCrust_0007725",NA,NA,NA,NA,NA,NA,NA
"BerryCrust_0007726",NA,NA,NA,NA,NA,NA,NA
"BerryCrust_0007727","Eukaryota",NA,NA,NA,NA,NA,NA
"BerryCrust_0007728",NA,NA,NA,NA,NA,NA,NA
"BerryCrust_0007729",NA,NA,NA,NA,NA,NA,NA
"BerryCrust_0007730",NA,NA,NA,NA,NA,NA,NA
"BerryCrust_0007731",NA,NA,NA,NA,NA,NA,NA
"BerryCrust_0007732",NA,NA,NA,NA,NA,NA,NA
"BerryCrust_0007733",NA,NA,NA,NA,NA,NA,NA
"BerryCrust_0007734","Eukaryota","Arthropoda","Malacostraca","Decapoda","Mithracidae","Teleophrys","Teleophrys cristulipes"
"BerryCrust_0007735",NA,NA,NA,NA,NA,NA,NA
"BerryCrust_0007736",NA,NA,NA,NA,NA,NA,NA
"BerryCrust_0007737",NA,NA,NA,NA,NA,NA,NA
"BerryCrust_0007738",NA,NA,NA,NA,NA,NA,NA
"BerryCrust_0007739",NA,NA,NA,NA,NA,NA,NA
"BerryCrust_0007740",NA,NA,NA,NA,NA,NA,NA
"BerryCrust_0007741",NA,NA,NA,NA,NA,NA,NA
"BerryCrust_0007742",NA,NA,NA,NA,NA,NA,NA
"BerryCrust_0007743",NA,NA,NA,NA,NA,NA,NA
"BerryCrust_0007744",NA,NA,NA,NA,NA,NA,NA
"BerryCrust_0007745",NA,NA,NA,NA,NA,NA,NA
"BerryCrust_0007746",NA,NA,NA,NA,NA,NA,NA
"BerryCrust_0007747",NA,NA,NA,NA,NA,NA,NA
"BerryCrust_0007748",NA,NA,NA,NA,NA,NA,NA
"BerryCrust_0007749",NA,NA,NA,NA,NA,NA,NA
"BerryCrust_0007750",NA,NA,NA,NA,NA,NA,NA
"BerryCrust_0007751",NA,NA,NA,NA,NA,NA,NA
"BerryCrust_0007752",NA,NA,NA,NA,NA,NA,NA
"BerryCrust_0007753",NA,NA,NA,NA,NA,NA,NA
"BerryCrust_0007754",NA,NA,NA,NA,NA,NA,NA
"BerryCrust_0007755",NA,NA,NA,NA,NA,NA,NA
"BerryCrust_0007756",NA,NA,NA,NA,NA,NA,NA
"BerryCrust_0007757",NA,NA,NA,NA,NA,NA,NA
"BerryCrust_0007758",NA,NA,NA,NA,NA,NA,NA
"BerryCrust_0007759",NA,NA,NA,NA,NA,NA,NA
"BerryCrust_0007760",NA,NA,NA,NA,NA,NA,NA
"BerryCrust_0007761",NA,NA,NA,NA,NA,NA,NA
"BerryCrust_0007762",NA,NA,NA,NA,NA,NA,NA
"BerryCrust_0007763",NA,NA,NA,NA,NA,NA,NA
"BerryCrust_0007764",NA,NA,NA,NA,NA,NA,NA
"BerryCrust_0007765",NA,NA,NA,NA,NA,NA,NA
"BerryCrust_0007766",NA,NA,NA,NA,NA,NA,NA
"BerryCrust_0007767",NA,NA,NA,NA,NA,NA,NA
"BerryCrust_0007768",NA,NA,NA,NA,NA,NA,NA
"BerryCrust_0007769",NA,NA,NA,NA,NA,NA,NA
"BerryCrust_0007770",NA,NA,NA,NA,NA,NA,NA
"BerryCrust_0007771",NA,NA,NA,NA,NA,NA,NA
"BerryCrust_0007772",NA,NA,NA,NA,NA,NA,NA
"BerryCrust_0007773",NA,NA,NA,NA,NA,NA,NA
"BerryCrust_0007774",NA,NA,NA,NA,NA,NA,NA
"BerryCrust_0007775",NA,NA,NA,NA,NA,NA,NA
"BerryCrust_0007776",NA,NA,NA,NA,NA,NA,NA
"BerryCrust_0007777",NA,NA,NA,NA,NA,NA,NA
"BerryCrust_0007778","Eukaryota","Arthropoda","Malacostraca","Decapoda","Palaemonidae","Palaemon","Palaemon ritteri"
"BerryCrust_0007779",NA,NA,NA,NA,NA,NA,NA
"BerryCrust_0007780",NA,NA,NA,NA,NA,NA,NA
"BerryCrust_0007781",NA,NA,NA,NA,NA,NA,NA
"BerryCrust_0007782",NA,NA,NA,NA,NA,NA,NA
"BerryCrust_0007783",NA,NA,NA,NA,NA,NA,NA
"BerryCrust_0007784",NA,NA,NA,NA,NA,NA,NA
"BerryCrust_0007785",NA,NA,NA,NA,NA,NA,NA
"BerryCrust_0007786",NA,NA,NA,NA,NA,NA,NA
"BerryCrust_0007787",NA,NA,NA,NA,NA,NA,NA
"BerryCrust_0007788",NA,NA,NA,NA,NA,NA,NA
"BerryCrust_0007789",NA,NA,NA,NA,NA,NA,NA
"BerryCrust_0007790",NA,NA,NA,NA,NA,NA,NA
"BerryCrust_0007791",NA,NA,NA,NA,NA,NA,NA
"BerryCrust_0007792",NA,NA,NA,NA,NA,NA,NA
"BerryCrust_0007793",NA,NA,NA,NA,NA,NA,NA
"BerryCrust_0007794",NA,NA,NA,NA,NA,NA,NA
"BerryCrust_0007795",NA,NA,NA,NA,NA,NA,NA
"BerryCrust_0007796",NA,NA,NA,NA,NA,NA,NA
"BerryCrust_0007797",NA,NA,NA,NA,NA,NA,NA
"BerryCrust_0007798",NA,NA,NA,NA,NA,NA,NA
"BerryCrust_0007799",NA,NA,NA,NA,NA,NA,NA
"BerryCrust_0007800",NA,NA,NA,NA,NA,NA,NA
"BerryCrust_0007801",NA,NA,NA,NA,NA,NA,NA
"BerryCrust_0007802",NA,NA,NA,NA,NA,NA,NA
"BerryCrust_0007803",NA,NA,NA,NA,NA,NA,NA
"BerryCrust_0007804","Eukaryota","Arthropoda","Malacostraca","Decapoda","Mithracidae","Teleophrys","Teleophrys cristulipes"
"BerryCrust_0007805",NA,NA,NA,NA,NA,NA,NA
"BerryCrust_0007806","Eukaryota","Arthropoda","Malacostraca","Decapoda","Mithracidae","Teleophrys","Teleophrys cristulipes"
"BerryCrust_0007807",NA,NA,NA,NA,NA,NA,NA
"BerryCrust_0007808",NA,NA,NA,NA,NA,NA,NA
"BerryCrust_0007809",NA,NA,NA,NA,NA,NA,NA
"BerryCrust_0007810","Eukaryota","Arthropoda","Malacostraca","Decapoda","Mithracidae","Teleophrys","Teleophrys cristulipes"
"BerryCrust_0007811",NA,NA,NA,NA,NA,NA,NA
"BerryCrust_0007812",NA,NA,NA,NA,NA,NA,NA
"BerryCrust_0007813",NA,NA,NA,NA,NA,NA,NA
"BerryCrust_0007814",NA,NA,NA,NA,NA,NA,NA
"BerryCrust_0007815",NA,NA,NA,NA,NA,NA,NA
"BerryCrust_0007816",NA,NA,NA,NA,NA,NA,NA
"BerryCrust_0007817",NA,NA,NA,NA,NA,NA,NA
"BerryCrust_0007818",NA,NA,NA,NA,NA,NA,NA
"BerryCrust_0007819",NA,NA,NA,NA,NA,NA,NA
"BerryCrust_0007820",NA,NA,NA,NA,NA,NA,NA
"BerryCrust_0007821",NA,NA,NA,NA,NA,NA,NA
"BerryCrust_0007822",NA,NA,NA,NA,NA,NA,NA
"BerryCrust_0007823",NA,NA,NA,NA,NA,NA,NA
"BerryCrust_0007824",NA,NA,NA,NA,NA,NA,NA
"BerryCrust_0007825",NA,NA,NA,NA,NA,NA,NA
"BerryCrust_0007826",NA,NA,NA,NA,NA,NA,NA
"BerryCrust_0007827",NA,NA,NA,NA,NA,NA,NA
"BerryCrust_0007828",NA,NA,NA,NA,NA,NA,NA
"BerryCrust_0007829",NA,NA,NA,NA,NA,NA,NA
"BerryCrust_0007830",NA,NA,NA,NA,NA,NA,NA
"BerryCrust_0007831",NA,NA,NA,NA,NA,NA,NA
"BerryCrust_0007832",NA,NA,NA,NA,NA,NA,NA
"BerryCrust_0007833",NA,NA,NA,NA,NA,NA,NA
"BerryCrust_0007834",NA,NA,NA,NA,NA,NA,NA
"BerryCrust_0007835",NA,NA,NA,NA,NA,NA,NA
"BerryCrust_0007836",NA,NA,NA,NA,NA,NA,NA
"BerryCrust_0007837",NA,NA,NA,NA,NA,NA,NA
"BerryCrust_0007838",NA,NA,NA,NA,NA,NA,NA
"BerryCrust_0007839",NA,NA,NA,NA,NA,NA,NA
"BerryCrust_0007840",NA,NA,NA,NA,NA,NA,NA
"BerryCrust_0007841",NA,NA,NA,NA,NA,NA,NA
"BerryCrust_0007842",NA,NA,NA,NA,NA,NA,NA
"BerryCrust_0007843",NA,NA,NA,NA,NA,NA,NA
"BerryCrust_0007844",NA,NA,NA,NA,NA,NA,NA
"BerryCrust_0007845",NA,NA,NA,NA,NA,NA,NA
"BerryCrust_0007846",NA,NA,NA,NA,NA,NA,NA
"BerryCrust_0007847",NA,NA,NA,NA,NA,NA,NA
"BerryCrust_0007848",NA,NA,NA,NA,NA,NA,NA
"BerryCrust_0007849",NA,NA,NA,NA,NA,NA,NA
"BerryCrust_0007850",NA,NA,NA,NA,NA,NA,NA
"BerryCrust_0007851",NA,NA,NA,NA,NA,NA,NA
"BerryCrust_0007852",NA,NA,NA,NA,NA,NA,NA
"BerryCrust_0007853","Eukaryota",NA,NA,NA,NA,NA,NA
"BerryCrust_0007854","Eukaryota",NA,NA,NA,NA,NA,NA
"BerryCrust_0007855",NA,NA,NA,NA,NA,NA,NA
"BerryCrust_0007856",NA,NA,NA,NA,NA,NA,NA
"BerryCrust_0007857","Eukaryota",NA,NA,NA,NA,NA,NA
"BerryCrust_0007858",NA,NA,NA,NA,NA,NA,NA
"BerryCrust_0007859",NA,NA,NA,NA,NA,NA,NA
"BerryCrust_0007860",NA,NA,NA,NA,NA,NA,NA
"BerryCrust_0007861",NA,NA,NA,NA,NA,NA,NA
"BerryCrust_0007862",NA,NA,NA,NA,NA,NA,NA
"BerryCrust_0007863",NA,NA,NA,NA,NA,NA,NA
"BerryCrust_0007864","Eukaryota",NA,NA,NA,NA,NA,NA
"BerryCrust_0007865",NA,NA,NA,NA,NA,NA,NA
"BerryCrust_0007866","Eukaryota",NA,NA,NA,NA,NA,NA
"BerryCrust_0007867",NA,NA,NA,NA,NA,NA,NA
"BerryCrust_0007868","Eukaryota",NA,NA,NA,NA,NA,NA
"BerryCrust_0007869","Eukaryota",NA,NA,NA,NA,NA,NA
"BerryCrust_0007870","Eukaryota",NA,NA,NA,NA,NA,NA
"BerryCrust_0007871",NA,NA,NA,NA,NA,NA,NA
"BerryCrust_0007872",NA,NA,NA,NA,NA,NA,NA
"BerryCrust_0007873","Eukaryota",NA,NA,NA,NA,NA,NA
"BerryCrust_0007874",NA,NA,NA,NA,NA,NA,NA
"BerryCrust_0007875","Eukaryota",NA,NA,NA,NA,NA,NA
"BerryCrust_0007876","Eukaryota",NA,NA,NA,NA,NA,NA
"BerryCrust_0007877",NA,NA,NA,NA,NA,NA,NA
"BerryCrust_0007878","Eukaryota",NA,NA,NA,NA,NA,NA
"BerryCrust_0007879","Eukaryota",NA,NA,NA,NA,NA,NA
"BerryCrust_0007880","Eukaryota",NA,NA,NA,NA,NA,NA
"BerryCrust_0007881",NA,NA,NA,NA,NA,NA,NA
"BerryCrust_0007882",NA,NA,NA,NA,NA,NA,NA
"BerryCrust_0007883","Eukaryota",NA,NA,NA,NA,NA,NA
"BerryCrust_0007884","Eukaryota",NA,NA,NA,NA,NA,NA
"BerryCrust_0007885","Eukaryota",NA,NA,NA,NA,NA,NA
"BerryCrust_0007886",NA,NA,NA,NA,NA,NA,NA
"BerryCrust_0007887","Eukaryota",NA,NA,NA,NA,NA,NA
"BerryCrust_0007888",NA,NA,NA,NA,NA,NA,NA
"BerryCrust_0007889",NA,NA,NA,NA,NA,NA,NA
"BerryCrust_0007890","Eukaryota",NA,NA,NA,NA,NA,NA
"BerryCrust_0007891",NA,NA,NA,NA,NA,NA,NA
"BerryCrust_0007892","Eukaryota",NA,NA,NA,NA,NA,NA
"BerryCrust_0007893",NA,NA,NA,NA,NA,NA,NA
"BerryCrust_0007894","Eukaryota",NA,NA,NA,NA,NA,NA
"BerryCrust_0007895",NA,NA,NA,NA,NA,NA,NA
"BerryCrust_0007896","Eukaryota",NA,NA,NA,NA,NA,NA
"BerryCrust_0007897",NA,NA,NA,NA,NA,NA,NA
"BerryCrust_0007898",NA,NA,NA,NA,NA,NA,NA
"BerryCrust_0007899","Eukaryota",NA,NA,NA,NA,NA,NA
"BerryCrust_0007900",NA,NA,NA,NA,NA,NA,NA
"BerryCrust_0007901","Eukaryota",NA,NA,NA,NA,NA,NA
"BerryCrust_0007902",NA,NA,NA,NA,NA,NA,NA
"BerryCrust_0007903",NA,NA,NA,NA,NA,NA,NA
"BerryCrust_0007904","Eukaryota",NA,NA,NA,NA,NA,NA
"BerryCrust_0007905",NA,NA,NA,NA,NA,NA,NA
"BerryCrust_0007906","Eukaryota",NA,NA,NA,NA,NA,NA
"BerryCrust_0007907",NA,NA,NA,NA,NA,NA,NA
"BerryCrust_0007908","Eukaryota","Arthropoda","Malacostraca","Stomatopoda","Gonodactylidae","Neogonodactylus","Neogonodactylus bahiahondensis"
"BerryCrust_0007909","Eukaryota",NA,NA,NA,NA,NA,NA
"BerryCrust_0007910","Eukaryota","Arthropoda",NA,NA,NA,NA,NA
"BerryCrust_0007911","Eukaryota",NA,NA,NA,NA,NA,NA
"BerryCrust_0007912",NA,NA,NA,NA,NA,NA,NA
"BerryCrust_0007913",NA,NA,NA,NA,NA,NA,NA
"BerryCrust_0007914","Eukaryota",NA,NA,NA,NA,NA,NA
"BerryCrust_0007915","Eukaryota",NA,NA,NA,NA,NA,NA
"BerryCrust_0007916",NA,NA,NA,NA,NA,NA,NA
"BerryCrust_0007917",NA,NA,NA,NA,NA,NA,NA
"BerryCrust_0007918",NA,NA,NA,NA,NA,NA,NA
"BerryCrust_0007919","Eukaryota",NA,NA,NA,NA,NA,NA
"BerryCrust_0007920","Eukaryota",NA,NA,NA,NA,NA,NA
"BerryCrust_0007921",NA,NA,NA,NA,NA,NA,NA
"BerryCrust_0007922","Eukaryota",NA,NA,NA,NA,NA,NA
"BerryCrust_0007923",NA,NA,NA,NA,NA,NA,NA
"BerryCrust_0007924",NA,NA,NA,NA,NA,NA,NA
"BerryCrust_0007925","Eukaryota",NA,NA,NA,NA,NA,NA
"BerryCrust_0007926",NA,NA,NA,NA,NA,NA,NA
"BerryCrust_0007927","Eukaryota",NA,NA,NA,NA,NA,NA
"BerryCrust_0007928","Eukaryota",NA,NA,NA,NA,NA,NA
"BerryCrust_0007929",NA,NA,NA,NA,NA,NA,NA
"BerryCrust_0007930",NA,NA,NA,NA,NA,NA,NA
"BerryCrust_0007931","Eukaryota",NA,NA,NA,NA,NA,NA
"BerryCrust_0007932","Eukaryota",NA,NA,NA,NA,NA,NA
"BerryCrust_0007933",NA,NA,NA,NA,NA,NA,NA
"BerryCrust_0007934","Eukaryota",NA,NA,NA,NA,NA,NA
"BerryCrust_0007935","Eukaryota",NA,NA,NA,NA,NA,NA
"BerryCrust_0007936",NA,NA,NA,NA,NA,NA,NA
"BerryCrust_0007937",NA,NA,NA,NA,NA,NA,NA
"BerryCrust_0007938",NA,NA,NA,NA,NA,NA,NA
"BerryCrust_0007939","Eukaryota",NA,NA,NA,NA,NA,NA
"BerryCrust_0007940","Eukaryota",NA,NA,NA,NA,NA,NA
"BerryCrust_0007941","Eukaryota",NA,NA,NA,NA,NA,NA
"BerryCrust_0007942",NA,NA,NA,NA,NA,NA,NA
"BerryCrust_0007943","Eukaryota",NA,NA,NA,NA,NA,NA
"BerryCrust_0007944",NA,NA,NA,NA,NA,NA,NA
"BerryCrust_0007945",NA,NA,NA,NA,NA,NA,NA
"BerryCrust_0007946",NA,NA,NA,NA,NA,NA,NA
"BerryCrust_0007947",NA,NA,NA,NA,NA,NA,NA
"BerryCrust_0007948","Eukaryota",NA,NA,NA,NA,NA,NA
"BerryCrust_0007949",NA,NA,NA,NA,NA,NA,NA
"BerryCrust_0007950",NA,NA,NA,NA,NA,NA,NA
"BerryCrust_0007951",NA,NA,NA,NA,NA,NA,NA
"BerryCrust_0007952","Eukaryota",NA,NA,NA,NA,NA,NA
"BerryCrust_0007953","Eukaryota",NA,NA,NA,NA,NA,NA
"BerryCrust_0007954",NA,NA,NA,NA,NA,NA,NA
"BerryCrust_0007955",NA,NA,NA,NA,NA,NA,NA
"BerryCrust_0007956",NA,NA,NA,NA,NA,NA,NA
"BerryCrust_0007957",NA,NA,NA,NA,NA,NA,NA
"BerryCrust_0007958",NA,NA,NA,NA,NA,NA,NA
"BerryCrust_0007959",NA,NA,NA,NA,NA,NA,NA
"BerryCrust_0007960","Eukaryota",NA,NA,NA,NA,NA,NA
"BerryCrust_0007961","Eukaryota",NA,NA,NA,NA,NA,NA
"BerryCrust_0007962",NA,NA,NA,NA,NA,NA,NA
"BerryCrust_0007963",NA,NA,NA,NA,NA,NA,NA
"BerryCrust_0007964",NA,NA,NA,NA,NA,NA,NA
"BerryCrust_0007965",NA,NA,NA,NA,NA,NA,NA
"BerryCrust_0007966",NA,NA,NA,NA,NA,NA,NA
"BerryCrust_0007967",NA,NA,NA,NA,NA,NA,NA
"BerryCrust_0007968",NA,NA,NA,NA,NA,NA,NA
"BerryCrust_0007969",NA,NA,NA,NA,NA,NA,NA
"BerryCrust_0007970",NA,NA,NA,NA,NA,NA,NA
"BerryCrust_0007971",NA,NA,NA,NA,NA,NA,NA
"BerryCrust_0007972",NA,NA,NA,NA,NA,NA,NA
"BerryCrust_0007973",NA,NA,NA,NA,NA,NA,NA
"BerryCrust_0007974",NA,NA,NA,NA,NA,NA,NA
"BerryCrust_0007975",NA,NA,NA,NA,NA,NA,NA
"BerryCrust_0007976","Eukaryota",NA,NA,NA,NA,NA,NA
"BerryCrust_0007977",NA,NA,NA,NA,NA,NA,NA
"BerryCrust_0007978",NA,NA,NA,NA,NA,NA,NA
"BerryCrust_0007979",NA,NA,NA,NA,NA,NA,NA
"BerryCrust_0007980","Eukaryota",NA,NA,NA,NA,NA,NA
"BerryCrust_0007981",NA,NA,NA,NA,NA,NA,NA
"BerryCrust_0007982",NA,NA,NA,NA,NA,NA,NA
"BerryCrust_0007983","Eukaryota",NA,NA,NA,NA,NA,NA
"BerryCrust_0007984",NA,NA,NA,NA,NA,NA,NA
"BerryCrust_0007985",NA,NA,NA,NA,NA,NA,NA
"BerryCrust_0007986","Eukaryota","Arthropoda","Malacostraca","Stomatopoda","Gonodactylidae","Neogonodactylus","Neogonodactylus bahiahondensis"
"BerryCrust_0007987","Eukaryota",NA,NA,NA,NA,NA,NA
"BerryCrust_0007988",NA,NA,NA,NA,NA,NA,NA
"BerryCrust_0007989",NA,NA,NA,NA,NA,NA,NA
"BerryCrust_0007990",NA,NA,NA,NA,NA,NA,NA
"BerryCrust_0007991",NA,NA,NA,NA,NA,NA,NA
"BerryCrust_0007992",NA,NA,NA,NA,NA,NA,NA
"BerryCrust_0007993",NA,NA,NA,NA,NA,NA,NA
"BerryCrust_0007994",NA,NA,NA,NA,NA,NA,NA
"BerryCrust_0007995",NA,NA,NA,NA,NA,NA,NA
"BerryCrust_0007996",NA,NA,NA,NA,NA,NA,NA
"BerryCrust_0007997",NA,NA,NA,NA,NA,NA,NA
"BerryCrust_0007998","Eukaryota",NA,NA,NA,NA,NA,NA
"BerryCrust_0007999",NA,NA,NA,NA,NA,NA,NA
"BerryCrust_0008000",NA,NA,NA,NA,NA,NA,NA
"BerryCrust_0008001",NA,NA,NA,NA,NA,NA,NA
"BerryCrust_0008002",NA,NA,NA,NA,NA,NA,NA
"BerryCrust_0008003",NA,NA,NA,NA,NA,NA,NA
"BerryCrust_0008004",NA,NA,NA,NA,NA,NA,NA
"BerryCrust_0008005",NA,NA,NA,NA,NA,NA,NA
"BerryCrust_0008006",NA,NA,NA,NA,NA,NA,NA
"BerryCrust_0008007",NA,NA,NA,NA,NA,NA,NA
"BerryCrust_0008008",NA,NA,NA,NA,NA,NA,NA
"BerryCrust_0008009",NA,NA,NA,NA,NA,NA,NA
"BerryCrust_0008010",NA,NA,NA,NA,NA,NA,NA
"BerryCrust_0008011",NA,NA,NA,NA,NA,NA,NA
"BerryCrust_0008012","Eukaryota","Arthropoda","Malacostraca","Decapoda","Mithracidae","Teleophrys","Teleophrys cristulipes"
"BerryCrust_0008013","Eukaryota",NA,NA,NA,NA,NA,NA
"BerryCrust_0008014",NA,NA,NA,NA,NA,NA,NA
"BerryCrust_0008015",NA,NA,NA,NA,NA,NA,NA
"BerryCrust_0008016","Eukaryota",NA,NA,NA,NA,NA,NA
"BerryCrust_0008017","Eukaryota",NA,NA,NA,NA,NA,NA
"BerryCrust_0008018",NA,NA,NA,NA,NA,NA,NA
"BerryCrust_0008019",NA,NA,NA,NA,NA,NA,NA
"BerryCrust_0008020",NA,NA,NA,NA,NA,NA,NA
"BerryCrust_0008021",NA,NA,NA,NA,NA,NA,NA
"BerryCrust_0008022","Eukaryota",NA,NA,NA,NA,NA,NA
"BerryCrust_0008023",NA,NA,NA,NA,NA,NA,NA
"BerryCrust_0008024",NA,NA,NA,NA,NA,NA,NA
"BerryCrust_0008025","Eukaryota",NA,NA,NA,NA,NA,NA
"BerryCrust_0008026",NA,NA,NA,NA,NA,NA,NA
"BerryCrust_0008027",NA,NA,NA,NA,NA,NA,NA
"BerryCrust_0008028","Eukaryota",NA,NA,NA,NA,NA,NA
"BerryCrust_0008029","Eukaryota",NA,NA,NA,NA,NA,NA
"BerryCrust_0008030",NA,NA,NA,NA,NA,NA,NA
"BerryCrust_0008031","Eukaryota",NA,NA,NA,NA,NA,NA
"BerryCrust_0008032",NA,NA,NA,NA,NA,NA,NA
"BerryCrust_0008033","Eukaryota",NA,NA,NA,NA,NA,NA
"BerryCrust_0008034",NA,NA,NA,NA,NA,NA,NA
"BerryCrust_0008035",NA,NA,NA,NA,NA,NA,NA
"BerryCrust_0008036","Eukaryota",NA,NA,NA,NA,NA,NA
"BerryCrust_0008037","Eukaryota",NA,NA,NA,NA,NA,NA
"BerryCrust_0008038","Eukaryota",NA,NA,NA,NA,NA,NA
"BerryCrust_0008039",NA,NA,NA,NA,NA,NA,NA
"BerryCrust_0008040",NA,NA,NA,NA,NA,NA,NA
"BerryCrust_0008041","Eukaryota",NA,NA,NA,NA,NA,NA
"BerryCrust_0008042","Eukaryota",NA,NA,NA,NA,NA,NA
"BerryCrust_0008043",NA,NA,NA,NA,NA,NA,NA
"BerryCrust_0008044",NA,NA,NA,NA,NA,NA,NA
"BerryCrust_0008045","Eukaryota",NA,NA,NA,NA,NA,NA
"BerryCrust_0008046",NA,NA,NA,NA,NA,NA,NA
"BerryCrust_0008047",NA,NA,NA,NA,NA,NA,NA
"BerryCrust_0008048",NA,NA,NA,NA,NA,NA,NA
"BerryCrust_0008049",NA,NA,NA,NA,NA,NA,NA
"BerryCrust_0008050",NA,NA,NA,NA,NA,NA,NA
"BerryCrust_0008051","Eukaryota",NA,NA,NA,NA,NA,NA
"BerryCrust_0008052","Eukaryota",NA,NA,NA,NA,NA,NA
"BerryCrust_0008053",NA,NA,NA,NA,NA,NA,NA
"BerryCrust_0008054","Eukaryota",NA,NA,NA,NA,NA,NA
"BerryCrust_0008055",NA,NA,NA,NA,NA,NA,NA
"BerryCrust_0008056","Eukaryota","Arthropoda","Malacostraca","Decapoda","Dairidae","Daira","Daira americana"
"BerryCrust_0008057",NA,NA,NA,NA,NA,NA,NA
"BerryCrust_0008058","Eukaryota",NA,NA,NA,NA,NA,NA
"BerryCrust_0008059","Eukaryota","Arthropoda","Malacostraca","Decapoda","Munididae","Iridonida","Iridonida refulgens"
"BerryCrust_0008060",NA,NA,NA,NA,NA,NA,NA
"BerryCrust_0008061","Eukaryota",NA,NA,NA,NA,NA,NA
"BerryCrust_0008062","Eukaryota",NA,NA,NA,NA,NA,NA
"BerryCrust_0008063","Eukaryota",NA,NA,NA,NA,NA,NA
"BerryCrust_0008064","Eukaryota",NA,NA,NA,NA,NA,NA
"BerryCrust_0008065",NA,NA,NA,NA,NA,NA,NA
"BerryCrust_0008066",NA,NA,NA,NA,NA,NA,NA
"BerryCrust_0008067",NA,NA,NA,NA,NA,NA,NA
"BerryCrust_0008068","Eukaryota",NA,NA,NA,NA,NA,NA
"BerryCrust_0008069",NA,NA,NA,NA,NA,NA,NA
"BerryCrust_0008070",NA,NA,NA,NA,NA,NA,NA
"BerryCrust_0008071","Eukaryota",NA,NA,NA,NA,NA,NA
"BerryCrust_0008072",NA,NA,NA,NA,NA,NA,NA
"BerryCrust_0008073",NA,NA,NA,NA,NA,NA,NA
"BerryCrust_0008074",NA,NA,NA,NA,NA,NA,NA
"BerryCrust_0008075",NA,NA,NA,NA,NA,NA,NA
"BerryCrust_0008076",NA,NA,NA,NA,NA,NA,NA
"BerryCrust_0008077","Eukaryota",NA,NA,NA,NA,NA,NA
"BerryCrust_0008078",NA,NA,NA,NA,NA,NA,NA
"BerryCrust_0008079","Eukaryota",NA,NA,NA,NA,NA,NA
"BerryCrust_0008080","Eukaryota",NA,NA,NA,NA,NA,NA
"BerryCrust_0008081","Eukaryota",NA,NA,NA,NA,NA,NA
"BerryCrust_0008082",NA,NA,NA,NA,NA,NA,NA
"BerryCrust_0008083",NA,NA,NA,NA,NA,NA,NA
"BerryCrust_0008084",NA,NA,NA,NA,NA,NA,NA
"BerryCrust_0008085",NA,NA,NA,NA,NA,NA,NA
"BerryCrust_0008086","Eukaryota",NA,NA,NA,NA,NA,NA
"BerryCrust_0008087",NA,NA,NA,NA,NA,NA,NA
"BerryCrust_0008088","Eukaryota",NA,NA,NA,NA,NA,NA
"BerryCrust_0008089","Eukaryota",NA,NA,NA,NA,NA,NA
"BerryCrust_0008090","Eukaryota",NA,NA,NA,NA,NA,NA
"BerryCrust_0008091",NA,NA,NA,NA,NA,NA,NA
"BerryCrust_0008092",NA,NA,NA,NA,NA,NA,NA
"BerryCrust_0008093",NA,NA,NA,NA,NA,NA,NA
"BerryCrust_0008094",NA,NA,NA,NA,NA,NA,NA
"BerryCrust_0008095","Eukaryota",NA,NA,NA,NA,NA,NA
"BerryCrust_0008096",NA,NA,NA,NA,NA,NA,NA
"BerryCrust_0008097",NA,NA,NA,NA,NA,NA,NA
"BerryCrust_0008098","Eukaryota",NA,NA,NA,NA,NA,NA
"BerryCrust_0008099",NA,NA,NA,NA,NA,NA,NA
"BerryCrust_0008100","Eukaryota",NA,NA,NA,NA,NA,NA
"BerryCrust_0008101","Eukaryota",NA,NA,NA,NA,NA,NA
"BerryCrust_0008102",NA,NA,NA,NA,NA,NA,NA
"BerryCrust_0008103",NA,NA,NA,NA,NA,NA,NA
"BerryCrust_0008104",NA,NA,NA,NA,NA,NA,NA
"BerryCrust_0008105",NA,NA,NA,NA,NA,NA,NA
"BerryCrust_0008106",NA,NA,NA,NA,NA,NA,NA
"BerryCrust_0008107",NA,NA,NA,NA,NA,NA,NA
"BerryCrust_0008108","Eukaryota",NA,NA,NA,NA,NA,NA
"BerryCrust_0008109","Eukaryota",NA,NA,NA,NA,NA,NA
"BerryCrust_0008110",NA,NA,NA,NA,NA,NA,NA
"BerryCrust_0008111",NA,NA,NA,NA,NA,NA,NA
"BerryCrust_0008112",NA,NA,NA,NA,NA,NA,NA
"BerryCrust_0008113",NA,NA,NA,NA,NA,NA,NA
"BerryCrust_0008114","Eukaryota","Arthropoda","Malacostraca","Decapoda","Mithracidae","Teleophrys","Teleophrys cristulipes"
"BerryCrust_0008115",NA,NA,NA,NA,NA,NA,NA
"BerryCrust_0008116",NA,NA,NA,NA,NA,NA,NA
"BerryCrust_0008117",NA,NA,NA,NA,NA,NA,NA
"BerryCrust_0008118",NA,NA,NA,NA,NA,NA,NA
"BerryCrust_0008119",NA,NA,NA,NA,NA,NA,NA
"BerryCrust_0008120",NA,NA,NA,NA,NA,NA,NA
"BerryCrust_0008121",NA,NA,NA,NA,NA,NA,NA
"BerryCrust_0008122",NA,NA,NA,NA,NA,NA,NA
"BerryCrust_0008123",NA,NA,NA,NA,NA,NA,NA
"BerryCrust_0008124",NA,NA,NA,NA,NA,NA,NA
"BerryCrust_0008125","Eukaryota","Arthropoda","Malacostraca","Decapoda","Mithracidae","Teleophrys","Teleophrys cristulipes"
"BerryCrust_0008126",NA,NA,NA,NA,NA,NA,NA
"BerryCrust_0008127",NA,NA,NA,NA,NA,NA,NA
"BerryCrust_0008128",NA,NA,NA,NA,NA,NA,NA
"BerryCrust_0008129",NA,NA,NA,NA,NA,NA,NA
"BerryCrust_0008130",NA,NA,NA,NA,NA,NA,NA
"BerryCrust_0008131",NA,NA,NA,NA,NA,NA,NA
"BerryCrust_0008132",NA,NA,NA,NA,NA,NA,NA
"BerryCrust_0008133",NA,NA,NA,NA,NA,NA,NA
"BerryCrust_0008134","Eukaryota","Arthropoda","Malacostraca","Decapoda","Xanthidae","Microcassiope","Microcassiope xantusii"
"BerryCrust_0008135",NA,NA,NA,NA,NA,NA,NA
"BerryCrust_0008136",NA,NA,NA,NA,NA,NA,NA
"BerryCrust_0008137",NA,NA,NA,NA,NA,NA,NA
"BerryCrust_0008138",NA,NA,NA,NA,NA,NA,NA
"BerryCrust_0008139",NA,NA,NA,NA,NA,NA,NA
"BerryCrust_0008140","Eukaryota",NA,NA,NA,NA,NA,NA
"BerryCrust_0008141","Eukaryota",NA,NA,NA,NA,NA,NA
"BerryCrust_0008142",NA,NA,NA,NA,NA,NA,NA
"BerryCrust_0008143",NA,NA,NA,NA,NA,NA,NA
"BerryCrust_0008144",NA,NA,NA,NA,NA,NA,NA
"BerryCrust_0008145",NA,NA,NA,NA,NA,NA,NA
"BerryCrust_0008146",NA,NA,NA,NA,NA,NA,NA
"BerryCrust_0008147",NA,NA,NA,NA,NA,NA,NA
"BerryCrust_0008148",NA,NA,NA,NA,NA,NA,NA
"BerryCrust_0008149",NA,NA,NA,NA,NA,NA,NA
"BerryCrust_0008150",NA,NA,NA,NA,NA,NA,NA
"BerryCrust_0008151",NA,NA,NA,NA,NA,NA,NA
"BerryCrust_0008152",NA,NA,NA,NA,NA,NA,NA
"BerryCrust_0008153",NA,NA,NA,NA,NA,NA,NA
"BerryCrust_0008154",NA,NA,NA,NA,NA,NA,NA
"BerryCrust_0008155",NA,NA,NA,NA,NA,NA,NA
"BerryCrust_0008156","Eukaryota","Arthropoda","Malacostraca","Decapoda","Calappidae","Calappa","Calappa convexa"
"BerryCrust_0008157",NA,NA,NA,NA,NA,NA,NA
"BerryCrust_0008158",NA,NA,NA,NA,NA,NA,NA
"BerryCrust_0008159",NA,NA,NA,NA,NA,NA,NA
"BerryCrust_0008160",NA,NA,NA,NA,NA,NA,NA
"BerryCrust_0008161",NA,NA,NA,NA,NA,NA,NA
"BerryCrust_0008162",NA,NA,NA,NA,NA,NA,NA
"BerryCrust_0008163",NA,NA,NA,NA,NA,NA,NA
"BerryCrust_0008164",NA,NA,NA,NA,NA,NA,NA
"BerryCrust_0008165",NA,NA,NA,NA,NA,NA,NA
"BerryCrust_0008166",NA,NA,NA,NA,NA,NA,NA
"BerryCrust_0008167",NA,NA,NA,NA,NA,NA,NA
"BerryCrust_0008168",NA,NA,NA,NA,NA,NA,NA
"BerryCrust_0008169","Eukaryota",NA,NA,NA,NA,NA,NA
"BerryCrust_0008170",NA,NA,NA,NA,NA,NA,NA
"BerryCrust_0008171",NA,NA,NA,NA,NA,NA,NA
"BerryCrust_0008172",NA,NA,NA,NA,NA,NA,NA
"BerryCrust_0008173",NA,NA,NA,NA,NA,NA,NA
"BerryCrust_0008174",NA,NA,NA,NA,NA,NA,NA
"BerryCrust_0008175",NA,NA,NA,NA,NA,NA,NA
"BerryCrust_0008176",NA,NA,NA,NA,NA,NA,NA
"BerryCrust_0008177",NA,NA,NA,NA,NA,NA,NA
"BerryCrust_0008178",NA,NA,NA,NA,NA,NA,NA
"BerryCrust_0008179",NA,NA,NA,NA,NA,NA,NA
"BerryCrust_0008180","Eukaryota","Arthropoda","Malacostraca","Decapoda","Calappidae","Calappa","Calappa convexa"
"BerryCrust_0008181",NA,NA,NA,NA,NA,NA,NA
"BerryCrust_0008182",NA,NA,NA,NA,NA,NA,NA
"BerryCrust_0008183",NA,NA,NA,NA,NA,NA,NA
"BerryCrust_0008184",NA,NA,NA,NA,NA,NA,NA
"BerryCrust_0008185",NA,NA,NA,NA,NA,NA,NA
"BerryCrust_0008186",NA,NA,NA,NA,NA,NA,NA
"BerryCrust_0008187",NA,NA,NA,NA,NA,NA,NA
"BerryCrust_0008188",NA,NA,NA,NA,NA,NA,NA
"BerryCrust_0008189",NA,NA,NA,NA,NA,NA,NA
"BerryCrust_0008190",NA,NA,NA,NA,NA,NA,NA
"BerryCrust_0008191",NA,NA,NA,NA,NA,NA,NA
"BerryCrust_0008192",NA,NA,NA,NA,NA,NA,NA
"BerryCrust_0008193",NA,NA,NA,NA,NA,NA,NA
"BerryCrust_0008194",NA,NA,NA,NA,NA,NA,NA
"BerryCrust_0008195",NA,NA,NA,NA,NA,NA,NA
"BerryCrust_0008196",NA,NA,NA,NA,NA,NA,NA
"BerryCrust_0008197",NA,NA,NA,NA,NA,NA,NA
"BerryCrust_0008198",NA,NA,NA,NA,NA,NA,NA
"BerryCrust_0008199",NA,NA,NA,NA,NA,NA,NA
"BerryCrust_0008200",NA,NA,NA,NA,NA,NA,NA
"BerryCrust_0008201",NA,NA,NA,NA,NA,NA,NA
"BerryCrust_0008202",NA,NA,NA,NA,NA,NA,NA
"BerryCrust_0008203",NA,NA,NA,NA,NA,NA,NA
"BerryCrust_0008204",NA,NA,NA,NA,NA,NA,NA
"BerryCrust_0008205",NA,NA,NA,NA,NA,NA,NA
"BerryCrust_0008206",NA,NA,NA,NA,NA,NA,NA
"BerryCrust_0008207",NA,NA,NA,NA,NA,NA,NA
"BerryCrust_0008208",NA,NA,NA,NA,NA,NA,NA
"BerryCrust_0008209",NA,NA,NA,NA,NA,NA,NA
"BerryCrust_0008210",NA,NA,NA,NA,NA,NA,NA
"BerryCrust_0008211",NA,NA,NA,NA,NA,NA,NA
"BerryCrust_0008212",NA,NA,NA,NA,NA,NA,NA
"BerryCrust_0008213",NA,NA,NA,NA,NA,NA,NA
"BerryCrust_0008214",NA,NA,NA,NA,NA,NA,NA
"BerryCrust_0008215","Eukaryota","Arthropoda","Malacostraca","Decapoda","Mithracidae","Teleophrys","Teleophrys cristulipes"
"BerryCrust_0008216",NA,NA,NA,NA,NA,NA,NA
"BerryCrust_0008217",NA,NA,NA,NA,NA,NA,NA
"BerryCrust_0008218",NA,NA,NA,NA,NA,NA,NA
"BerryCrust_0008219",NA,NA,NA,NA,NA,NA,NA
"BerryCrust_0008220",NA,NA,NA,NA,NA,NA,NA
"BerryCrust_0008221",NA,NA,NA,NA,NA,NA,NA
"BerryCrust_0008222",NA,NA,NA,NA,NA,NA,NA
"BerryCrust_0008223",NA,NA,NA,NA,NA,NA,NA
"BerryCrust_0008224",NA,NA,NA,NA,NA,NA,NA
"BerryCrust_0008225",NA,NA,NA,NA,NA,NA,NA
"BerryCrust_0008226",NA,NA,NA,NA,NA,NA,NA
"BerryCrust_0008227","Eukaryota","Arthropoda","Malacostraca","Decapoda","Mithracidae","Teleophrys","Teleophrys cristulipes"
"BerryCrust_0008228",NA,NA,NA,NA,NA,NA,NA
"BerryCrust_0008229",NA,NA,NA,NA,NA,NA,NA
"BerryCrust_0008230",NA,NA,NA,NA,NA,NA,NA
"BerryCrust_0008231",NA,NA,NA,NA,NA,NA,NA
"BerryCrust_0008232",NA,NA,NA,NA,NA,NA,NA
"BerryCrust_0008233",NA,NA,NA,NA,NA,NA,NA
"BerryCrust_0008234",NA,NA,NA,NA,NA,NA,NA
"BerryCrust_0008235",NA,NA,NA,NA,NA,NA,NA
"BerryCrust_0008236",NA,NA,NA,NA,NA,NA,NA
"BerryCrust_0008237","Eukaryota",NA,NA,NA,NA,NA,NA
"BerryCrust_0008238",NA,NA,NA,NA,NA,NA,NA
"BerryCrust_0008239",NA,NA,NA,NA,NA,NA,NA
"BerryCrust_0008240",NA,NA,NA,NA,NA,NA,NA
"BerryCrust_0008241",NA,NA,NA,NA,NA,NA,NA
"BerryCrust_0008242",NA,NA,NA,NA,NA,NA,NA
"BerryCrust_0008243",NA,NA,NA,NA,NA,NA,NA
"BerryCrust_0008244",NA,NA,NA,NA,NA,NA,NA
"BerryCrust_0008245",NA,NA,NA,NA,NA,NA,NA
"BerryCrust_0008246",NA,NA,NA,NA,NA,NA,NA
"BerryCrust_0008247",NA,NA,NA,NA,NA,NA,NA
"BerryCrust_0008248",NA,NA,NA,NA,NA,NA,NA
"BerryCrust_0008249",NA,NA,NA,NA,NA,NA,NA
"BerryCrust_0008250",NA,NA,NA,NA,NA,NA,NA
"BerryCrust_0008251",NA,NA,NA,NA,NA,NA,NA
"BerryCrust_0008252","Eukaryota","Arthropoda","Malacostraca","Decapoda","Grapsidae","Pachygrapsus","Pachygrapsus socius"
"BerryCrust_0008253","Eukaryota","Arthropoda","Malacostraca","Decapoda","Grapsidae","Pachygrapsus","Pachygrapsus socius"
"BerryCrust_0008254",NA,NA,NA,NA,NA,NA,NA
"BerryCrust_0008255",NA,NA,NA,NA,NA,NA,NA
"BerryCrust_0008256",NA,NA,NA,NA,NA,NA,NA
"BerryCrust_0008257","Eukaryota","Arthropoda","Malacostraca","Decapoda","Callianassidae",NA,NA
"BerryCrust_0008258",NA,NA,NA,NA,NA,NA,NA
"BerryCrust_0008259",NA,NA,NA,NA,NA,NA,NA
"BerryCrust_0008260","Eukaryota",NA,NA,NA,NA,NA,NA
"BerryCrust_0008261",NA,NA,NA,NA,NA,NA,NA
"BerryCrust_0008262",NA,NA,NA,NA,NA,NA,NA
"BerryCrust_0008263",NA,NA,NA,NA,NA,NA,NA
"BerryCrust_0008264",NA,NA,NA,NA,NA,NA,NA
"BerryCrust_0008265","Eukaryota",NA,NA,NA,NA,NA,NA
"BerryCrust_0008266",NA,NA,NA,NA,NA,NA,NA
"BerryCrust_0008267",NA,NA,NA,NA,NA,NA,NA
"BerryCrust_0008268",NA,NA,NA,NA,NA,NA,NA
"BerryCrust_0008269",NA,NA,NA,NA,NA,NA,NA
"BerryCrust_0008270",NA,NA,NA,NA,NA,NA,NA
"BerryCrust_0008271",NA,NA,NA,NA,NA,NA,NA
"BerryCrust_0008272",NA,NA,NA,NA,NA,NA,NA
"BerryCrust_0008273",NA,NA,NA,NA,NA,NA,NA
"BerryCrust_0008274",NA,NA,NA,NA,NA,NA,NA
"BerryCrust_0008275","Eukaryota",NA,NA,NA,NA,NA,NA
"BerryCrust_0008276",NA,NA,NA,NA,NA,NA,NA
"BerryCrust_0008277",NA,NA,NA,NA,NA,NA,NA
"BerryCrust_0008278",NA,NA,NA,NA,NA,NA,NA
"BerryCrust_0008279",NA,NA,NA,NA,NA,NA,NA
"BerryCrust_0008280",NA,NA,NA,NA,NA,NA,NA
"BerryCrust_0008281",NA,NA,NA,NA,NA,NA,NA
"BerryCrust_0008282",NA,NA,NA,NA,NA,NA,NA
"BerryCrust_0008283","Eukaryota",NA,NA,NA,NA,NA,NA
"BerryCrust_0008284","Eukaryota",NA,NA,NA,NA,NA,NA
"BerryCrust_0008285",NA,NA,NA,NA,NA,NA,NA
"BerryCrust_0008286",NA,NA,NA,NA,NA,NA,NA
"BerryCrust_0008287",NA,NA,NA,NA,NA,NA,NA
"BerryCrust_0008288",NA,NA,NA,NA,NA,NA,NA
"BerryCrust_0008289","Eukaryota",NA,NA,NA,NA,NA,NA
"BerryCrust_0008290",NA,NA,NA,NA,NA,NA,NA
"BerryCrust_0008291",NA,NA,NA,NA,NA,NA,NA
"BerryCrust_0008292",NA,NA,NA,NA,NA,NA,NA
"BerryCrust_0008293",NA,NA,NA,NA,NA,NA,NA
"BerryCrust_0008294",NA,NA,NA,NA,NA,NA,NA
"BerryCrust_0008295",NA,NA,NA,NA,NA,NA,NA
"BerryCrust_0008296",NA,NA,NA,NA,NA,NA,NA
"BerryCrust_0008297",NA,NA,NA,NA,NA,NA,NA
"BerryCrust_0008298",NA,NA,NA,NA,NA,NA,NA
"BerryCrust_0008299",NA,NA,NA,NA,NA,NA,NA
"BerryCrust_0008300",NA,NA,NA,NA,NA,NA,NA
"BerryCrust_0008301",NA,NA,NA,NA,NA,NA,NA
"BerryCrust_0008302",NA,NA,NA,NA,NA,NA,NA
"BerryCrust_0008303",NA,NA,NA,NA,NA,NA,NA
"BerryCrust_0008304",NA,NA,NA,NA,NA,NA,NA
"BerryCrust_0008305",NA,NA,NA,NA,NA,NA,NA
"BerryCrust_0008306",NA,NA,NA,NA,NA,NA,NA
"BerryCrust_0008307","Eukaryota","Arthropoda","Malacostraca","Decapoda","Mithracidae","Teleophrys","Teleophrys cristulipes"
"BerryCrust_0008308","Eukaryota","Arthropoda","Malacostraca","Decapoda","Hippidae","Hippa","Hippa pacifica"
"BerryCrust_0008309",NA,NA,NA,NA,NA,NA,NA
"BerryCrust_0008310",NA,NA,NA,NA,NA,NA,NA
"BerryCrust_0008311","Eukaryota",NA,NA,NA,NA,NA,NA
"BerryCrust_0008312",NA,NA,NA,NA,NA,NA,NA
"BerryCrust_0008313",NA,NA,NA,NA,NA,NA,NA
"BerryCrust_0008314",NA,NA,NA,NA,NA,NA,NA
"BerryCrust_0008315",NA,NA,NA,NA,NA,NA,NA
"BerryCrust_0008316",NA,NA,NA,NA,NA,NA,NA
"BerryCrust_0008317","Eukaryota",NA,NA,NA,NA,NA,NA
"BerryCrust_0008318",NA,NA,NA,NA,NA,NA,NA
"BerryCrust_0008319",NA,NA,NA,NA,NA,NA,NA
"BerryCrust_0008320",NA,NA,NA,NA,NA,NA,NA
"BerryCrust_0008321",NA,NA,NA,NA,NA,NA,NA
"BerryCrust_0008322",NA,NA,NA,NA,NA,NA,NA
"BerryCrust_0008323",NA,NA,NA,NA,NA,NA,NA
"BerryCrust_0008324",NA,NA,NA,NA,NA,NA,NA
"BerryCrust_0008325",NA,NA,NA,NA,NA,NA,NA
"BerryCrust_0008326",NA,NA,NA,NA,NA,NA,NA
"BerryCrust_0008327","Eukaryota","Arthropoda","Malacostraca","Decapoda","Callianassidae",NA,NA
"BerryCrust_0008328",NA,NA,NA,NA,NA,NA,NA
"BerryCrust_0008329",NA,NA,NA,NA,NA,NA,NA
"BerryCrust_0008330",NA,NA,NA,NA,NA,NA,NA
"BerryCrust_0008331",NA,NA,NA,NA,NA,NA,NA
"BerryCrust_0008332","Eukaryota","Arthropoda","Malacostraca","Decapoda","Callianassidae",NA,NA
"BerryCrust_0008333",NA,NA,NA,NA,NA,NA,NA
"BerryCrust_0008334",NA,NA,NA,NA,NA,NA,NA
"BerryCrust_0008335",NA,NA,NA,NA,NA,NA,NA
"BerryCrust_0008336","Eukaryota","Arthropoda","Thecostraca","Balanomorpha","Balanidae","Balanus","Balanus trigonus"
"BerryCrust_0008337",NA,NA,NA,NA,NA,NA,NA
"BerryCrust_0008338",NA,NA,NA,NA,NA,NA,NA
"BerryCrust_0008339",NA,NA,NA,NA,NA,NA,NA
"BerryCrust_0008340",NA,NA,NA,NA,NA,NA,NA
"BerryCrust_0008341",NA,NA,NA,NA,NA,NA,NA
"BerryCrust_0008342","Eukaryota","Arthropoda","Malacostraca","Decapoda","Callianassidae",NA,NA
"BerryCrust_0008343",NA,NA,NA,NA,NA,NA,NA
"BerryCrust_0008344",NA,NA,NA,NA,NA,NA,NA
"BerryCrust_0008345",NA,NA,NA,NA,NA,NA,NA
"BerryCrust_0008346",NA,NA,NA,NA,NA,NA,NA
"BerryCrust_0008347",NA,NA,NA,NA,NA,NA,NA
"BerryCrust_0008348",NA,NA,NA,NA,NA,NA,NA
"BerryCrust_0008349",NA,NA,NA,NA,NA,NA,NA
"BerryCrust_0008350",NA,NA,NA,NA,NA,NA,NA
"BerryCrust_0008351",NA,NA,NA,NA,NA,NA,NA
"BerryCrust_0008352",NA,NA,NA,NA,NA,NA,NA
"BerryCrust_0008353",NA,NA,NA,NA,NA,NA,NA
"BerryCrust_0008354",NA,NA,NA,NA,NA,NA,NA
"BerryCrust_0008355",NA,NA,NA,NA,NA,NA,NA
"BerryCrust_0008356","Eukaryota",NA,NA,NA,NA,NA,NA
"BerryCrust_0008357",NA,NA,NA,NA,NA,NA,NA
"BerryCrust_0008358",NA,NA,NA,NA,NA,NA,NA
"BerryCrust_0008359",NA,NA,NA,NA,NA,NA,NA
"BerryCrust_0008360",NA,NA,NA,NA,NA,NA,NA
"BerryCrust_0008361",NA,NA,NA,NA,NA,NA,NA
"BerryCrust_0008362",NA,NA,NA,NA,NA,NA,NA
"BerryCrust_0008363",NA,NA,NA,NA,NA,NA,NA
"BerryCrust_0008364",NA,NA,NA,NA,NA,NA,NA
"BerryCrust_0008365",NA,NA,NA,NA,NA,NA,NA
"BerryCrust_0008366",NA,NA,NA,NA,NA,NA,NA
"BerryCrust_0008367",NA,NA,NA,NA,NA,NA,NA
"BerryCrust_0008368",NA,NA,NA,NA,NA,NA,NA
"BerryCrust_0008369",NA,NA,NA,NA,NA,NA,NA
"BerryCrust_0008370",NA,NA,NA,NA,NA,NA,NA
"BerryCrust_0008371",NA,NA,NA,NA,NA,NA,NA
"BerryCrust_0008372",NA,NA,NA,NA,NA,NA,NA
"BerryCrust_0008373","Eukaryota","Arthropoda","Malacostraca","Decapoda","Callianassidae",NA,NA
"BerryCrust_0008374",NA,NA,NA,NA,NA,NA,NA
"BerryCrust_0008375",NA,NA,NA,NA,NA,NA,NA
"BerryCrust_0008376",NA,NA,NA,NA,NA,NA,NA
"BerryCrust_0008377",NA,NA,NA,NA,NA,NA,NA
"BerryCrust_0008378",NA,NA,NA,NA,NA,NA,NA
"BerryCrust_0008379","Eukaryota",NA,NA,NA,NA,NA,NA
"BerryCrust_0008380","Eukaryota",NA,NA,NA,NA,NA,NA
"BerryCrust_0008381","Eukaryota",NA,NA,NA,NA,NA,NA
"BerryCrust_0008382",NA,NA,NA,NA,NA,NA,NA
"BerryCrust_0008383",NA,NA,NA,NA,NA,NA,NA
"BerryCrust_0008384",NA,NA,NA,NA,NA,NA,NA
"BerryCrust_0008385",NA,NA,NA,NA,NA,NA,NA
"BerryCrust_0008386",NA,NA,NA,NA,NA,NA,NA
"BerryCrust_0008387",NA,NA,NA,NA,NA,NA,NA
"BerryCrust_0008388",NA,NA,NA,NA,NA,NA,NA
"BerryCrust_0008389",NA,NA,NA,NA,NA,NA,NA
"BerryCrust_0008390",NA,NA,NA,NA,NA,NA,NA
"BerryCrust_0008391",NA,NA,NA,NA,NA,NA,NA
"BerryCrust_0008392",NA,NA,NA,NA,NA,NA,NA
"BerryCrust_0008393",NA,NA,NA,NA,NA,NA,NA
"BerryCrust_0008394","Eukaryota",NA,NA,NA,NA,NA,NA
"BerryCrust_0008395",NA,NA,NA,NA,NA,NA,NA
"BerryCrust_0008396",NA,NA,NA,NA,NA,NA,NA
"BerryCrust_0008397",NA,NA,NA,NA,NA,NA,NA
"BerryCrust_0008398",NA,NA,NA,NA,NA,NA,NA
"BerryCrust_0008399",NA,NA,NA,NA,NA,NA,NA
"BerryCrust_0008400",NA,NA,NA,NA,NA,NA,NA
"BerryCrust_0008401",NA,NA,NA,NA,NA,NA,NA
"BerryCrust_0008402",NA,NA,NA,NA,NA,NA,NA
"BerryCrust_0008403",NA,NA,NA,NA,NA,NA,NA
"BerryCrust_0008404",NA,NA,NA,NA,NA,NA,NA
"BerryCrust_0008405",NA,NA,NA,NA,NA,NA,NA
"BerryCrust_0008406",NA,NA,NA,NA,NA,NA,NA
"BerryCrust_0008407",NA,NA,NA,NA,NA,NA,NA
"BerryCrust_0008408",NA,NA,NA,NA,NA,NA,NA
"BerryCrust_0008409",NA,NA,NA,NA,NA,NA,NA
"BerryCrust_0008410",NA,NA,NA,NA,NA,NA,NA
"BerryCrust_0008411",NA,NA,NA,NA,NA,NA,NA
"BerryCrust_0008412",NA,NA,NA,NA,NA,NA,NA
"BerryCrust_0008413",NA,NA,NA,NA,NA,NA,NA
"BerryCrust_0008414",NA,NA,NA,NA,NA,NA,NA
"BerryCrust_0008415",NA,NA,NA,NA,NA,NA,NA
"BerryCrust_0008416",NA,NA,NA,NA,NA,NA,NA
"BerryCrust_0008417",NA,NA,NA,NA,NA,NA,NA
"BerryCrust_0008418",NA,NA,NA,NA,NA,NA,NA
"BerryCrust_0008419",NA,NA,NA,NA,NA,NA,NA
"BerryCrust_0008420",NA,NA,NA,NA,NA,NA,NA
"BerryCrust_0008421",NA,NA,NA,NA,NA,NA,NA
"BerryCrust_0008422",NA,NA,NA,NA,NA,NA,NA
"BerryCrust_0008423",NA,NA,NA,NA,NA,NA,NA
"BerryCrust_0008424",NA,NA,NA,NA,NA,NA,NA
"BerryCrust_0008425","Eukaryota",NA,NA,NA,NA,NA,NA
"BerryCrust_0008426",NA,NA,NA,NA,NA,NA,NA
"BerryCrust_0008427","Eukaryota",NA,NA,NA,NA,NA,NA
"BerryCrust_0008428",NA,NA,NA,NA,NA,NA,NA
"BerryCrust_0008429",NA,NA,NA,NA,NA,NA,NA
"BerryCrust_0008430",NA,NA,NA,NA,NA,NA,NA
"BerryCrust_0008431",NA,NA,NA,NA,NA,NA,NA
"BerryCrust_0008432",NA,NA,NA,NA,NA,NA,NA
"BerryCrust_0008433",NA,NA,NA,NA,NA,NA,NA
"BerryCrust_0008434",NA,NA,NA,NA,NA,NA,NA
"BerryCrust_0008435",NA,NA,NA,NA,NA,NA,NA
"BerryCrust_0008436","Eukaryota","Arthropoda","Malacostraca","Decapoda","Mithracidae","Teleophrys","Teleophrys cristulipes"
"BerryCrust_0008437",NA,NA,NA,NA,NA,NA,NA
"BerryCrust_0008438",NA,NA,NA,NA,NA,NA,NA
"BerryCrust_0008439",NA,NA,NA,NA,NA,NA,NA
"BerryCrust_0008440",NA,NA,NA,NA,NA,NA,NA
"BerryCrust_0008441",NA,NA,NA,NA,NA,NA,NA
"BerryCrust_0008442",NA,NA,NA,NA,NA,NA,NA
"BerryCrust_0008443",NA,NA,NA,NA,NA,NA,NA
"BerryCrust_0008444",NA,NA,NA,NA,NA,NA,NA
"BerryCrust_0008445",NA,NA,NA,NA,NA,NA,NA
"BerryCrust_0008446","Eukaryota","Arthropoda","Malacostraca","Decapoda","Hippidae","Hippa","Hippa pacifica"
"BerryCrust_0008447",NA,NA,NA,NA,NA,NA,NA
"BerryCrust_0008448",NA,NA,NA,NA,NA,NA,NA
"BerryCrust_0008449",NA,NA,NA,NA,NA,NA,NA
"BerryCrust_0008450",NA,NA,NA,NA,NA,NA,NA
"BerryCrust_0008451",NA,NA,NA,NA,NA,NA,NA
"BerryCrust_0008452",NA,NA,NA,NA,NA,NA,NA
"BerryCrust_0008453",NA,NA,NA,NA,NA,NA,NA
"BerryCrust_0008454",NA,NA,NA,NA,NA,NA,NA
"BerryCrust_0008455",NA,NA,NA,NA,NA,NA,NA
"BerryCrust_0008456",NA,NA,NA,NA,NA,NA,NA
"BerryCrust_0008457",NA,NA,NA,NA,NA,NA,NA
"BerryCrust_0008458",NA,NA,NA,NA,NA,NA,NA
"BerryCrust_0008459",NA,NA,NA,NA,NA,NA,NA
"BerryCrust_0008460",NA,NA,NA,NA,NA,NA,NA
"BerryCrust_0008461",NA,NA,NA,NA,NA,NA,NA
"BerryCrust_0008462","Eukaryota",NA,NA,NA,NA,NA,NA
"BerryCrust_0008463",NA,NA,NA,NA,NA,NA,NA
"BerryCrust_0008464",NA,NA,NA,NA,NA,NA,NA
"BerryCrust_0008465",NA,NA,NA,NA,NA,NA,NA
"BerryCrust_0008466",NA,NA,NA,NA,NA,NA,NA
"BerryCrust_0008467",NA,NA,NA,NA,NA,NA,NA
"BerryCrust_0008468",NA,NA,NA,NA,NA,NA,NA
"BerryCrust_0008469",NA,NA,NA,NA,NA,NA,NA
"BerryCrust_0008470",NA,NA,NA,NA,NA,NA,NA
"BerryCrust_0008471",NA,NA,NA,NA,NA,NA,NA
"BerryCrust_0008472",NA,NA,NA,NA,NA,NA,NA
"BerryCrust_0008473",NA,NA,NA,NA,NA,NA,NA
"BerryCrust_0008474",NA,NA,NA,NA,NA,NA,NA
"BerryCrust_0008475",NA,NA,NA,NA,NA,NA,NA
"BerryCrust_0008476",NA,NA,NA,NA,NA,NA,NA
"BerryCrust_0008477",NA,NA,NA,NA,NA,NA,NA
"BerryCrust_0008478",NA,NA,NA,NA,NA,NA,NA
"BerryCrust_0008479",NA,NA,NA,NA,NA,NA,NA
"BerryCrust_0008480",NA,NA,NA,NA,NA,NA,NA
"BerryCrust_0008481",NA,NA,NA,NA,NA,NA,NA
"BerryCrust_0008482",NA,NA,NA,NA,NA,NA,NA
"BerryCrust_0008483",NA,NA,NA,NA,NA,NA,NA
"BerryCrust_0008484",NA,NA,NA,NA,NA,NA,NA
"BerryCrust_0008485",NA,NA,NA,NA,NA,NA,NA
"BerryCrust_0008486",NA,NA,NA,NA,NA,NA,NA
"BerryCrust_0008487","Eukaryota",NA,NA,NA,NA,NA,NA
"BerryCrust_0008488",NA,NA,NA,NA,NA,NA,NA
"BerryCrust_0008489",NA,NA,NA,NA,NA,NA,NA
"BerryCrust_0008490",NA,NA,NA,NA,NA,NA,NA
"BerryCrust_0008491",NA,NA,NA,NA,NA,NA,NA
"BerryCrust_0008492",NA,NA,NA,NA,NA,NA,NA
"BerryCrust_0008493",NA,NA,NA,NA,NA,NA,NA
"BerryCrust_0008494",NA,NA,NA,NA,NA,NA,NA
"BerryCrust_0008495",NA,NA,NA,NA,NA,NA,NA
"BerryCrust_0008496",NA,NA,NA,NA,NA,NA,NA
"BerryCrust_0008497",NA,NA,NA,NA,NA,NA,NA
"BerryCrust_0008498",NA,NA,NA,NA,NA,NA,NA
"BerryCrust_0008499",NA,NA,NA,NA,NA,NA,NA
"BerryCrust_0008500","Eukaryota",NA,NA,NA,NA,NA,NA
"BerryCrust_0008501",NA,NA,NA,NA,NA,NA,NA
"BerryCrust_0008502",NA,NA,NA,NA,NA,NA,NA
"BerryCrust_0008503",NA,NA,NA,NA,NA,NA,NA
"BerryCrust_0008504",NA,NA,NA,NA,NA,NA,NA
"BerryCrust_0008505",NA,NA,NA,NA,NA,NA,NA
"BerryCrust_0008506",NA,NA,NA,NA,NA,NA,NA
"BerryCrust_0008507",NA,NA,NA,NA,NA,NA,NA
"BerryCrust_0008508",NA,NA,NA,NA,NA,NA,NA
"BerryCrust_0008509",NA,NA,NA,NA,NA,NA,NA
"BerryCrust_0008510",NA,NA,NA,NA,NA,NA,NA
"BerryCrust_0008511",NA,NA,NA,NA,NA,NA,NA
"BerryCrust_0008512",NA,NA,NA,NA,NA,NA,NA
"BerryCrust_0008513",NA,NA,NA,NA,NA,NA,NA
"BerryCrust_0008514",NA,NA,NA,NA,NA,NA,NA
"BerryCrust_0008515",NA,NA,NA,NA,NA,NA,NA
"BerryCrust_0008516",NA,NA,NA,NA,NA,NA,NA
"BerryCrust_0008517",NA,NA,NA,NA,NA,NA,NA
"BerryCrust_0008518","Eukaryota",NA,NA,NA,NA,NA,NA
"BerryCrust_0008519",NA,NA,NA,NA,NA,NA,NA
"BerryCrust_0008520",NA,NA,NA,NA,NA,NA,NA
"BerryCrust_0008521","Eukaryota","Arthropoda","Malacostraca","Decapoda","Mithracidae","Teleophrys","Teleophrys cristulipes"
"BerryCrust_0008522",NA,NA,NA,NA,NA,NA,NA
"BerryCrust_0008523",NA,NA,NA,NA,NA,NA,NA
"BerryCrust_0008524",NA,NA,NA,NA,NA,NA,NA
"BerryCrust_0008525",NA,NA,NA,NA,NA,NA,NA
"BerryCrust_0008526",NA,NA,NA,NA,NA,NA,NA
"BerryCrust_0008527",NA,NA,NA,NA,NA,NA,NA
"BerryCrust_0008528",NA,NA,NA,NA,NA,NA,NA
"BerryCrust_0008529",NA,NA,NA,NA,NA,NA,NA
"BerryCrust_0008530",NA,NA,NA,NA,NA,NA,NA
"BerryCrust_0008531",NA,NA,NA,NA,NA,NA,NA
"BerryCrust_0008532",NA,NA,NA,NA,NA,NA,NA
"BerryCrust_0008533",NA,NA,NA,NA,NA,NA,NA
"BerryCrust_0008534",NA,NA,NA,NA,NA,NA,NA
"BerryCrust_0008535",NA,NA,NA,NA,NA,NA,NA
"BerryCrust_0008536",NA,NA,NA,NA,NA,NA,NA
"BerryCrust_0008537",NA,NA,NA,NA,NA,NA,NA
"BerryCrust_0008538",NA,NA,NA,NA,NA,NA,NA
"BerryCrust_0008539",NA,NA,NA,NA,NA,NA,NA
"BerryCrust_0008540",NA,NA,NA,NA,NA,NA,NA
"BerryCrust_0008541",NA,NA,NA,NA,NA,NA,NA
"BerryCrust_0008542",NA,NA,NA,NA,NA,NA,NA
"BerryCrust_0008543",NA,NA,NA,NA,NA,NA,NA
"BerryCrust_0008544",NA,NA,NA,NA,NA,NA,NA
"BerryCrust_0008545",NA,NA,NA,NA,NA,NA,NA
"BerryCrust_0008546",NA,NA,NA,NA,NA,NA,NA
"BerryCrust_0008547",NA,NA,NA,NA,NA,NA,NA
"BerryCrust_0008548",NA,NA,NA,NA,NA,NA,NA
"BerryCrust_0008549",NA,NA,NA,NA,NA,NA,NA
"BerryCrust_0008550",NA,NA,NA,NA,NA,NA,NA
"BerryCrust_0008551",NA,NA,NA,NA,NA,NA,NA
"BerryCrust_0008552",NA,NA,NA,NA,NA,NA,NA
"BerryCrust_0008553",NA,NA,NA,NA,NA,NA,NA
"BerryCrust_0008554",NA,NA,NA,NA,NA,NA,NA
"BerryCrust_0008555",NA,NA,NA,NA,NA,NA,NA
"BerryCrust_0008556",NA,NA,NA,NA,NA,NA,NA
"BerryCrust_0008557",NA,NA,NA,NA,NA,NA,NA
"BerryCrust_0008558",NA,NA,NA,NA,NA,NA,NA
"BerryCrust_0008559",NA,NA,NA,NA,NA,NA,NA
"BerryCrust_0008560",NA,NA,NA,NA,NA,NA,NA
"BerryCrust_0008561","Eukaryota",NA,NA,NA,NA,NA,NA
"BerryCrust_0008562",NA,NA,NA,NA,NA,NA,NA
"BerryCrust_0008563",NA,NA,NA,NA,NA,NA,NA
"BerryCrust_0008564",NA,NA,NA,NA,NA,NA,NA
"BerryCrust_0008565",NA,NA,NA,NA,NA,NA,NA
"BerryCrust_0008566",NA,NA,NA,NA,NA,NA,NA
"BerryCrust_0008567",NA,NA,NA,NA,NA,NA,NA
"BerryCrust_0008568",NA,NA,NA,NA,NA,NA,NA
"BerryCrust_0008569",NA,NA,NA,NA,NA,NA,NA
"BerryCrust_0008570",NA,NA,NA,NA,NA,NA,NA
"BerryCrust_0008571",NA,NA,NA,NA,NA,NA,NA
"BerryCrust_0008572",NA,NA,NA,NA,NA,NA,NA
"BerryCrust_0008573",NA,NA,NA,NA,NA,NA,NA
"BerryCrust_0008574",NA,NA,NA,NA,NA,NA,NA
"BerryCrust_0008575",NA,NA,NA,NA,NA,NA,NA
"BerryCrust_0008576",NA,NA,NA,NA,NA,NA,NA
"BerryCrust_0008577",NA,NA,NA,NA,NA,NA,NA
"BerryCrust_0008578",NA,NA,NA,NA,NA,NA,NA
"BerryCrust_0008579",NA,NA,NA,NA,NA,NA,NA
"BerryCrust_0008580",NA,NA,NA,NA,NA,NA,NA
"BerryCrust_0008581",NA,NA,NA,NA,NA,NA,NA
"BerryCrust_0008582",NA,NA,NA,NA,NA,NA,NA
"BerryCrust_0008583",NA,NA,NA,NA,NA,NA,NA
"BerryCrust_0008584",NA,NA,NA,NA,NA,NA,NA
"BerryCrust_0008585",NA,NA,NA,NA,NA,NA,NA
"BerryCrust_0008586",NA,NA,NA,NA,NA,NA,NA
"BerryCrust_0008587",NA,NA,NA,NA,NA,NA,NA
"BerryCrust_0008588",NA,NA,NA,NA,NA,NA,NA
"BerryCrust_0008589","Eukaryota",NA,NA,NA,NA,NA,NA
"BerryCrust_0008590",NA,NA,NA,NA,NA,NA,NA
"BerryCrust_0008591",NA,NA,NA,NA,NA,NA,NA
"BerryCrust_0008592",NA,NA,NA,NA,NA,NA,NA
"BerryCrust_0008593",NA,NA,NA,NA,NA,NA,NA
"BerryCrust_0008594",NA,NA,NA,NA,NA,NA,NA
"BerryCrust_0008595",NA,NA,NA,NA,NA,NA,NA
"BerryCrust_0008596",NA,NA,NA,NA,NA,NA,NA
"BerryCrust_0008597",NA,NA,NA,NA,NA,NA,NA
"BerryCrust_0008598",NA,NA,NA,NA,NA,NA,NA
"BerryCrust_0008599",NA,NA,NA,NA,NA,NA,NA
"BerryCrust_0008600",NA,NA,NA,NA,NA,NA,NA
"BerryCrust_0008601",NA,NA,NA,NA,NA,NA,NA
"BerryCrust_0008602",NA,NA,NA,NA,NA,NA,NA
"BerryCrust_0008603",NA,NA,NA,NA,NA,NA,NA
"BerryCrust_0008604",NA,NA,NA,NA,NA,NA,NA
"BerryCrust_0008605",NA,NA,NA,NA,NA,NA,NA
"BerryCrust_0008606",NA,NA,NA,NA,NA,NA,NA
"BerryCrust_0008607",NA,NA,NA,NA,NA,NA,NA
"BerryCrust_0008608",NA,NA,NA,NA,NA,NA,NA
"BerryCrust_0008609","Eukaryota",NA,NA,NA,NA,NA,NA
"BerryCrust_0008610",NA,NA,NA,NA,NA,NA,NA
"BerryCrust_0008611",NA,NA,NA,NA,NA,NA,NA
"BerryCrust_0008612","Eukaryota","Arthropoda","Malacostraca","Decapoda","Mithracidae","Teleophrys","Teleophrys cristulipes"
"BerryCrust_0008613",NA,NA,NA,NA,NA,NA,NA
"BerryCrust_0008614",NA,NA,NA,NA,NA,NA,NA
"BerryCrust_0008615","Eukaryota","Arthropoda","Malacostraca","Decapoda","Mithracidae","Teleophrys","Teleophrys cristulipes"
"BerryCrust_0008616",NA,NA,NA,NA,NA,NA,NA
"BerryCrust_0008617",NA,NA,NA,NA,NA,NA,NA
"BerryCrust_0008618",NA,NA,NA,NA,NA,NA,NA
"BerryCrust_0008619",NA,NA,NA,NA,NA,NA,NA
"BerryCrust_0008620",NA,NA,NA,NA,NA,NA,NA
"BerryCrust_0008621",NA,NA,NA,NA,NA,NA,NA
"BerryCrust_0008622",NA,NA,NA,NA,NA,NA,NA
"BerryCrust_0008623",NA,NA,NA,NA,NA,NA,NA
"BerryCrust_0008624",NA,NA,NA,NA,NA,NA,NA
"BerryCrust_0008625",NA,NA,NA,NA,NA,NA,NA
"BerryCrust_0008626",NA,NA,NA,NA,NA,NA,NA
"BerryCrust_0008627",NA,NA,NA,NA,NA,NA,NA
"BerryCrust_0008628",NA,NA,NA,NA,NA,NA,NA
"BerryCrust_0008629",NA,NA,NA,NA,NA,NA,NA
"BerryCrust_0008630",NA,NA,NA,NA,NA,NA,NA
"BerryCrust_0008631",NA,NA,NA,NA,NA,NA,NA
"BerryCrust_0008632",NA,NA,NA,NA,NA,NA,NA
"BerryCrust_0008633",NA,NA,NA,NA,NA,NA,NA
"BerryCrust_0008634",NA,NA,NA,NA,NA,NA,NA
"BerryCrust_0008635",NA,NA,NA,NA,NA,NA,NA
"BerryCrust_0008636","Eukaryota","Arthropoda","Malacostraca","Decapoda","Dairidae","Daira","Daira americana"
"BerryCrust_0008637",NA,NA,NA,NA,NA,NA,NA
"BerryCrust_0008638",NA,NA,NA,NA,NA,NA,NA
"BerryCrust_0008639",NA,NA,NA,NA,NA,NA,NA
"BerryCrust_0008640",NA,NA,NA,NA,NA,NA,NA
"BerryCrust_0008641",NA,NA,NA,NA,NA,NA,NA
"BerryCrust_0008642",NA,NA,NA,NA,NA,NA,NA
"BerryCrust_0008643",NA,NA,NA,NA,NA,NA,NA
"BerryCrust_0008644",NA,NA,NA,NA,NA,NA,NA
"BerryCrust_0008645","Eukaryota",NA,NA,NA,NA,NA,NA
"BerryCrust_0008646",NA,NA,NA,NA,NA,NA,NA
"BerryCrust_0008647",NA,NA,NA,NA,NA,NA,NA
"BerryCrust_0008648","Eukaryota",NA,NA,NA,NA,NA,NA
"BerryCrust_0008649",NA,NA,NA,NA,NA,NA,NA
"BerryCrust_0008650",NA,NA,NA,NA,NA,NA,NA
"BerryCrust_0008651","Eukaryota",NA,NA,NA,NA,NA,NA
"BerryCrust_0008652","Eukaryota",NA,NA,NA,NA,NA,NA
"BerryCrust_0008653","Eukaryota",NA,NA,NA,NA,NA,NA
"BerryCrust_0008654",NA,NA,NA,NA,NA,NA,NA
"BerryCrust_0008655","Eukaryota",NA,NA,NA,NA,NA,NA
"BerryCrust_0008656","Eukaryota",NA,NA,NA,NA,NA,NA
"BerryCrust_0008657",NA,NA,NA,NA,NA,NA,NA
"BerryCrust_0008658",NA,NA,NA,NA,NA,NA,NA
"BerryCrust_0008659",NA,NA,NA,NA,NA,NA,NA
"BerryCrust_0008660",NA,NA,NA,NA,NA,NA,NA
"BerryCrust_0008661",NA,NA,NA,NA,NA,NA,NA
"BerryCrust_0008662",NA,NA,NA,NA,NA,NA,NA
"BerryCrust_0008663",NA,NA,NA,NA,NA,NA,NA
"BerryCrust_0008664",NA,NA,NA,NA,NA,NA,NA
"BerryCrust_0008665",NA,NA,NA,NA,NA,NA,NA
"BerryCrust_0008666",NA,NA,NA,NA,NA,NA,NA
"BerryCrust_0008667",NA,NA,NA,NA,NA,NA,NA
"BerryCrust_0008668","Eukaryota",NA,NA,NA,NA,NA,NA
"BerryCrust_0008669","Eukaryota",NA,NA,NA,NA,NA,NA
"BerryCrust_0008670",NA,NA,NA,NA,NA,NA,NA
"BerryCrust_0008671",NA,NA,NA,NA,NA,NA,NA
"BerryCrust_0008672",NA,NA,NA,NA,NA,NA,NA
"BerryCrust_0008673","Eukaryota",NA,NA,NA,NA,NA,NA
"BerryCrust_0008674",NA,NA,NA,NA,NA,NA,NA
"BerryCrust_0008675",NA,NA,NA,NA,NA,NA,NA
"BerryCrust_0008676",NA,NA,NA,NA,NA,NA,NA
"BerryCrust_0008677",NA,NA,NA,NA,NA,NA,NA
"BerryCrust_0008678",NA,NA,NA,NA,NA,NA,NA
"BerryCrust_0008679",NA,NA,NA,NA,NA,NA,NA
"BerryCrust_0008680",NA,NA,NA,NA,NA,NA,NA
"BerryCrust_0008681",NA,NA,NA,NA,NA,NA,NA
"BerryCrust_0008682",NA,NA,NA,NA,NA,NA,NA
"BerryCrust_0008683",NA,NA,NA,NA,NA,NA,NA
"BerryCrust_0008684",NA,NA,NA,NA,NA,NA,NA
"BerryCrust_0008685",NA,NA,NA,NA,NA,NA,NA
"BerryCrust_0008686",NA,NA,NA,NA,NA,NA,NA
"BerryCrust_0008687","Eukaryota",NA,NA,NA,NA,NA,NA
"BerryCrust_0008688",NA,NA,NA,NA,NA,NA,NA
"BerryCrust_0008689","Eukaryota",NA,NA,NA,NA,NA,NA
"BerryCrust_0008690",NA,NA,NA,NA,NA,NA,NA
"BerryCrust_0008691","Eukaryota",NA,NA,NA,NA,NA,NA
"BerryCrust_0008692",NA,NA,NA,NA,NA,NA,NA
"BerryCrust_0008693",NA,NA,NA,NA,NA,NA,NA
"BerryCrust_0008694","Eukaryota",NA,NA,NA,NA,NA,NA
"BerryCrust_0008695",NA,NA,NA,NA,NA,NA,NA
"BerryCrust_0008696",NA,NA,NA,NA,NA,NA,NA
"BerryCrust_0008697",NA,NA,NA,NA,NA,NA,NA
"BerryCrust_0008698",NA,NA,NA,NA,NA,NA,NA
"BerryCrust_0008699",NA,NA,NA,NA,NA,NA,NA
"BerryCrust_0008700",NA,NA,NA,NA,NA,NA,NA
"BerryCrust_0008701","Eukaryota",NA,NA,NA,NA,NA,NA
"BerryCrust_0008702",NA,NA,NA,NA,NA,NA,NA
"BerryCrust_0008703",NA,NA,NA,NA,NA,NA,NA
"BerryCrust_0008704",NA,NA,NA,NA,NA,NA,NA
"BerryCrust_0008705",NA,NA,NA,NA,NA,NA,NA
"BerryCrust_0008706","Eukaryota",NA,NA,NA,NA,NA,NA
"BerryCrust_0008707",NA,NA,NA,NA,NA,NA,NA
"BerryCrust_0008708",NA,NA,NA,NA,NA,NA,NA
"BerryCrust_0008709",NA,NA,NA,NA,NA,NA,NA
"BerryCrust_0008710",NA,NA,NA,NA,NA,NA,NA
"BerryCrust_0008711",NA,NA,NA,NA,NA,NA,NA
"BerryCrust_0008712",NA,NA,NA,NA,NA,NA,NA
"BerryCrust_0008713","Eukaryota",NA,NA,NA,NA,NA,NA
"BerryCrust_0008714",NA,NA,NA,NA,NA,NA,NA
"BerryCrust_0008715",NA,NA,NA,NA,NA,NA,NA
"BerryCrust_0008716",NA,NA,NA,NA,NA,NA,NA
"BerryCrust_0008717",NA,NA,NA,NA,NA,NA,NA
"BerryCrust_0008718","Eukaryota",NA,NA,NA,NA,NA,NA
"BerryCrust_0008719",NA,NA,NA,NA,NA,NA,NA
"BerryCrust_0008720","Eukaryota","Arthropoda","Malacostraca","Decapoda","Grapsidae","Planes","Planes major"
"BerryCrust_0008721","Eukaryota",NA,NA,NA,NA,NA,NA
"BerryCrust_0008722","Eukaryota",NA,NA,NA,NA,NA,NA
"BerryCrust_0008723",NA,NA,NA,NA,NA,NA,NA
"BerryCrust_0008724",NA,NA,NA,NA,NA,NA,NA
"BerryCrust_0008725","Eukaryota","Arthropoda","Malacostraca","Decapoda","Diogenidae","Calcinus","Calcinus explorator"
"BerryCrust_0008726",NA,NA,NA,NA,NA,NA,NA
"BerryCrust_0008727",NA,NA,NA,NA,NA,NA,NA
"BerryCrust_0008728",NA,NA,NA,NA,NA,NA,NA
"BerryCrust_0008729",NA,NA,NA,NA,NA,NA,NA
"BerryCrust_0008730",NA,NA,NA,NA,NA,NA,NA
"BerryCrust_0008731",NA,NA,NA,NA,NA,NA,NA
"BerryCrust_0008732",NA,NA,NA,NA,NA,NA,NA
"BerryCrust_0008733",NA,NA,NA,NA,NA,NA,NA
"BerryCrust_0008734","Eukaryota",NA,NA,NA,NA,NA,NA
"BerryCrust_0008735",NA,NA,NA,NA,NA,NA,NA
"BerryCrust_0008736",NA,NA,NA,NA,NA,NA,NA
"BerryCrust_0008737",NA,NA,NA,NA,NA,NA,NA
"BerryCrust_0008738",NA,NA,NA,NA,NA,NA,NA
"BerryCrust_0008739",NA,NA,NA,NA,NA,NA,NA
"BerryCrust_0008740","Eukaryota",NA,NA,NA,NA,NA,NA
"BerryCrust_0008741",NA,NA,NA,NA,NA,NA,NA
"BerryCrust_0008742","Eukaryota",NA,NA,NA,NA,NA,NA
"BerryCrust_0008743","Eukaryota",NA,NA,NA,NA,NA,NA
"BerryCrust_0008744",NA,NA,NA,NA,NA,NA,NA
"BerryCrust_0008745",NA,NA,NA,NA,NA,NA,NA
"BerryCrust_0008746",NA,NA,NA,NA,NA,NA,NA
"BerryCrust_0008747",NA,NA,NA,NA,NA,NA,NA
"BerryCrust_0008748",NA,NA,NA,NA,NA,NA,NA
"BerryCrust_0008749","Eukaryota","Arthropoda","Malacostraca","Decapoda","Acidopsidae","Acidops","Acidops fimbriatus"
"BerryCrust_0008750","Eukaryota","Arthropoda","Malacostraca","Decapoda","Mithracidae","Teleophrys","Teleophrys cristulipes"
"BerryCrust_0008751","Eukaryota","Arthropoda","Malacostraca","Decapoda","Portunidae","Achelous","Achelous angustus"
"BerryCrust_0008752",NA,NA,NA,NA,NA,NA,NA
"BerryCrust_0008753",NA,NA,NA,NA,NA,NA,NA
"BerryCrust_0008754",NA,NA,NA,NA,NA,NA,NA
"BerryCrust_0008755",NA,NA,NA,NA,NA,NA,NA
"BerryCrust_0008756",NA,NA,NA,NA,NA,NA,NA
"BerryCrust_0008757",NA,NA,NA,NA,NA,NA,NA
"BerryCrust_0008758",NA,NA,NA,NA,NA,NA,NA
"BerryCrust_0008759",NA,NA,NA,NA,NA,NA,NA
"BerryCrust_0008760",NA,NA,NA,NA,NA,NA,NA
"BerryCrust_0008761",NA,NA,NA,NA,NA,NA,NA
"BerryCrust_0008762",NA,NA,NA,NA,NA,NA,NA
"BerryCrust_0008763",NA,NA,NA,NA,NA,NA,NA
"BerryCrust_0008764",NA,NA,NA,NA,NA,NA,NA
"BerryCrust_0008765",NA,NA,NA,NA,NA,NA,NA
"BerryCrust_0008766",NA,NA,NA,NA,NA,NA,NA
"BerryCrust_0008767",NA,NA,NA,NA,NA,NA,NA
"BerryCrust_0008768",NA,NA,NA,NA,NA,NA,NA
"BerryCrust_0008769",NA,NA,NA,NA,NA,NA,NA
"BerryCrust_0008770",NA,NA,NA,NA,NA,NA,NA
"BerryCrust_0008771",NA,NA,NA,NA,NA,NA,NA
"BerryCrust_0008772",NA,NA,NA,NA,NA,NA,NA
"BerryCrust_0008773",NA,NA,NA,NA,NA,NA,NA
"BerryCrust_0008774",NA,NA,NA,NA,NA,NA,NA
"BerryCrust_0008775",NA,NA,NA,NA,NA,NA,NA
"BerryCrust_0008776",NA,NA,NA,NA,NA,NA,NA
"BerryCrust_0008777",NA,NA,NA,NA,NA,NA,NA
"BerryCrust_0008778",NA,NA,NA,NA,NA,NA,NA
"BerryCrust_0008779",NA,NA,NA,NA,NA,NA,NA
"BerryCrust_0008780",NA,NA,NA,NA,NA,NA,NA
"BerryCrust_0008781",NA,NA,NA,NA,NA,NA,NA
"BerryCrust_0008782",NA,NA,NA,NA,NA,NA,NA
"BerryCrust_0008783",NA,NA,NA,NA,NA,NA,NA
"BerryCrust_0008784",NA,NA,NA,NA,NA,NA,NA
"BerryCrust_0008785",NA,NA,NA,NA,NA,NA,NA
"BerryCrust_0008786","Eukaryota","Arthropoda","Malacostraca","Decapoda","Dairidae","Daira","Daira americana"
"BerryCrust_0008787",NA,NA,NA,NA,NA,NA,NA
"BerryCrust_0008788",NA,NA,NA,NA,NA,NA,NA
"BerryCrust_0008789",NA,NA,NA,NA,NA,NA,NA
"BerryCrust_0008790",NA,NA,NA,NA,NA,NA,NA
"BerryCrust_0008791",NA,NA,NA,NA,NA,NA,NA
"BerryCrust_0008792",NA,NA,NA,NA,NA,NA,NA
"BerryCrust_0008793",NA,NA,NA,NA,NA,NA,NA
"BerryCrust_0008794",NA,NA,NA,NA,NA,NA,NA
"BerryCrust_0008795",NA,NA,NA,NA,NA,NA,NA
"BerryCrust_0008796",NA,NA,NA,NA,NA,NA,NA
"BerryCrust_0008797",NA,NA,NA,NA,NA,NA,NA
"BerryCrust_0008798",NA,NA,NA,NA,NA,NA,NA
"BerryCrust_0008799",NA,NA,NA,NA,NA,NA,NA
"BerryCrust_0008800",NA,NA,NA,NA,NA,NA,NA
"BerryCrust_0008801",NA,NA,NA,NA,NA,NA,NA
"BerryCrust_0008802",NA,NA,NA,NA,NA,NA,NA
"BerryCrust_0008803",NA,NA,NA,NA,NA,NA,NA
"BerryCrust_0008804",NA,NA,NA,NA,NA,NA,NA
"BerryCrust_0008805",NA,NA,NA,NA,NA,NA,NA
"BerryCrust_0008806",NA,NA,NA,NA,NA,NA,NA
"BerryCrust_0008807",NA,NA,NA,NA,NA,NA,NA
"BerryCrust_0008808",NA,NA,NA,NA,NA,NA,NA
"BerryCrust_0008809",NA,NA,NA,NA,NA,NA,NA
"BerryCrust_0008810",NA,NA,NA,NA,NA,NA,NA
"BerryCrust_0008811","Eukaryota",NA,NA,NA,NA,NA,NA
"BerryCrust_0008812",NA,NA,NA,NA,NA,NA,NA
"BerryCrust_0008813",NA,NA,NA,NA,NA,NA,NA
"BerryCrust_0008814",NA,NA,NA,NA,NA,NA,NA
"BerryCrust_0008815",NA,NA,NA,NA,NA,NA,NA
"BerryCrust_0008816",NA,NA,NA,NA,NA,NA,NA
"BerryCrust_0008817","Eukaryota","Arthropoda","Malacostraca","Decapoda","Xanthidae","Microcassiope",NA
"BerryCrust_0008818",NA,NA,NA,NA,NA,NA,NA
"BerryCrust_0008819",NA,NA,NA,NA,NA,NA,NA
"BerryCrust_0008820",NA,NA,NA,NA,NA,NA,NA
"BerryCrust_0008821","Eukaryota","Arthropoda","Malacostraca","Decapoda","Dairidae","Daira","Daira americana"
"BerryCrust_0008822",NA,NA,NA,NA,NA,NA,NA
"BerryCrust_0008823",NA,NA,NA,NA,NA,NA,NA
"BerryCrust_0008824",NA,NA,NA,NA,NA,NA,NA
"BerryCrust_0008825",NA,NA,NA,NA,NA,NA,NA
"BerryCrust_0008826",NA,NA,NA,NA,NA,NA,NA
"BerryCrust_0008827",NA,NA,NA,NA,NA,NA,NA
"BerryCrust_0008828","Eukaryota","Arthropoda","Malacostraca","Decapoda","Mithracidae","Teleophrys","Teleophrys cristulipes"
"BerryCrust_0008829",NA,NA,NA,NA,NA,NA,NA
"BerryCrust_0008830",NA,NA,NA,NA,NA,NA,NA
"BerryCrust_0008831",NA,NA,NA,NA,NA,NA,NA
"BerryCrust_0008832",NA,NA,NA,NA,NA,NA,NA
"BerryCrust_0008833",NA,NA,NA,NA,NA,NA,NA
"BerryCrust_0008834",NA,NA,NA,NA,NA,NA,NA
"BerryCrust_0008835",NA,NA,NA,NA,NA,NA,NA
"BerryCrust_0008836",NA,NA,NA,NA,NA,NA,NA
"BerryCrust_0008837",NA,NA,NA,NA,NA,NA,NA
"BerryCrust_0008838",NA,NA,NA,NA,NA,NA,NA
"BerryCrust_0008839",NA,NA,NA,NA,NA,NA,NA
"BerryCrust_0008840","Eukaryota","Arthropoda","Malacostraca","Decapoda","Mithracidae","Teleophrys","Teleophrys cristulipes"
"BerryCrust_0008841",NA,NA,NA,NA,NA,NA,NA
"BerryCrust_0008842",NA,NA,NA,NA,NA,NA,NA
"BerryCrust_0008843",NA,NA,NA,NA,NA,NA,NA
"BerryCrust_0008844",NA,NA,NA,NA,NA,NA,NA
"BerryCrust_0008845",NA,NA,NA,NA,NA,NA,NA
"BerryCrust_0008846",NA,NA,NA,NA,NA,NA,NA
"BerryCrust_0008847",NA,NA,NA,NA,NA,NA,NA
"BerryCrust_0008848",NA,NA,NA,NA,NA,NA,NA
"BerryCrust_0008849",NA,NA,NA,NA,NA,NA,NA
"BerryCrust_0008850",NA,NA,NA,NA,NA,NA,NA
"BerryCrust_0008851",NA,NA,NA,NA,NA,NA,NA
"BerryCrust_0008852",NA,NA,NA,NA,NA,NA,NA
"BerryCrust_0008853",NA,NA,NA,NA,NA,NA,NA
"BerryCrust_0008854",NA,NA,NA,NA,NA,NA,NA
"BerryCrust_0008855",NA,NA,NA,NA,NA,NA,NA
"BerryCrust_0008856",NA,NA,NA,NA,NA,NA,NA
"BerryCrust_0008857","Eukaryota",NA,NA,NA,NA,NA,NA
"BerryCrust_0008858",NA,NA,NA,NA,NA,NA,NA
"BerryCrust_0008859",NA,NA,NA,NA,NA,NA,NA
"BerryCrust_0008860",NA,NA,NA,NA,NA,NA,NA
"BerryCrust_0008861",NA,NA,NA,NA,NA,NA,NA
"BerryCrust_0008862",NA,NA,NA,NA,NA,NA,NA
"BerryCrust_0008863",NA,NA,NA,NA,NA,NA,NA
"BerryCrust_0008864",NA,NA,NA,NA,NA,NA,NA
"BerryCrust_0008865",NA,NA,NA,NA,NA,NA,NA
"BerryCrust_0008866",NA,NA,NA,NA,NA,NA,NA
"BerryCrust_0008867",NA,NA,NA,NA,NA,NA,NA
"BerryCrust_0008868",NA,NA,NA,NA,NA,NA,NA
"BerryCrust_0008869",NA,NA,NA,NA,NA,NA,NA
"BerryCrust_0008870","Eukaryota",NA,NA,NA,NA,NA,NA
"BerryCrust_0008871",NA,NA,NA,NA,NA,NA,NA
"BerryCrust_0008872",NA,NA,NA,NA,NA,NA,NA
"BerryCrust_0008873",NA,NA,NA,NA,NA,NA,NA
"BerryCrust_0008874",NA,NA,NA,NA,NA,NA,NA
"BerryCrust_0008875",NA,NA,NA,NA,NA,NA,NA
"BerryCrust_0008876","Eukaryota",NA,NA,NA,NA,NA,NA
"BerryCrust_0008877","Eukaryota","Arthropoda","Malacostraca","Decapoda","Hippolytidae","Lysmata","Lysmata argentopunctata"
"BerryCrust_0008878",NA,NA,NA,NA,NA,NA,NA
"BerryCrust_0008879",NA,NA,NA,NA,NA,NA,NA
"BerryCrust_0008880",NA,NA,NA,NA,NA,NA,NA
"BerryCrust_0008881","Eukaryota","Arthropoda","Malacostraca","Decapoda","Mithracidae","Teleophrys","Teleophrys cristulipes"
"BerryCrust_0008882",NA,NA,NA,NA,NA,NA,NA
"BerryCrust_0008883",NA,NA,NA,NA,NA,NA,NA
"BerryCrust_0008884","Eukaryota","Arthropoda","Malacostraca","Decapoda","Dairidae","Daira","Daira americana"
"BerryCrust_0008885",NA,NA,NA,NA,NA,NA,NA
"BerryCrust_0008886",NA,NA,NA,NA,NA,NA,NA
"BerryCrust_0008887","Eukaryota","Arthropoda","Malacostraca","Decapoda","Mithracidae","Teleophrys","Teleophrys cristulipes"
"BerryCrust_0008888","Eukaryota","Arthropoda","Malacostraca","Decapoda","Mithracidae","Teleophrys","Teleophrys cristulipes"
"BerryCrust_0008889",NA,NA,NA,NA,NA,NA,NA
"BerryCrust_0008890",NA,NA,NA,NA,NA,NA,NA
"BerryCrust_0008891",NA,NA,NA,NA,NA,NA,NA
"BerryCrust_0008892",NA,NA,NA,NA,NA,NA,NA
"BerryCrust_0008893",NA,NA,NA,NA,NA,NA,NA
"BerryCrust_0008894",NA,NA,NA,NA,NA,NA,NA
"BerryCrust_0008895",NA,NA,NA,NA,NA,NA,NA
"BerryCrust_0008896",NA,NA,NA,NA,NA,NA,NA
"BerryCrust_0008897",NA,NA,NA,NA,NA,NA,NA
"BerryCrust_0008898",NA,NA,NA,NA,NA,NA,NA
"BerryCrust_0008899",NA,NA,NA,NA,NA,NA,NA
"BerryCrust_0008900",NA,NA,NA,NA,NA,NA,NA
"BerryCrust_0008901",NA,NA,NA,NA,NA,NA,NA
"BerryCrust_0008902",NA,NA,NA,NA,NA,NA,NA
"BerryCrust_0008903",NA,NA,NA,NA,NA,NA,NA
"BerryCrust_0008904",NA,NA,NA,NA,NA,NA,NA
"BerryCrust_0008905",NA,NA,NA,NA,NA,NA,NA
"BerryCrust_0008906",NA,NA,NA,NA,NA,NA,NA
"BerryCrust_0008907",NA,NA,NA,NA,NA,NA,NA
"BerryCrust_0008908",NA,NA,NA,NA,NA,NA,NA
"BerryCrust_0008909",NA,NA,NA,NA,NA,NA,NA
"BerryCrust_0008910",NA,NA,NA,NA,NA,NA,NA
"BerryCrust_0008911",NA,NA,NA,NA,NA,NA,NA
"BerryCrust_0008912",NA,NA,NA,NA,NA,NA,NA
"BerryCrust_0008913",NA,NA,NA,NA,NA,NA,NA
"BerryCrust_0008914",NA,NA,NA,NA,NA,NA,NA
"BerryCrust_0008915",NA,NA,NA,NA,NA,NA,NA
"BerryCrust_0008916",NA,NA,NA,NA,NA,NA,NA
"BerryCrust_0008917","Eukaryota","Arthropoda","Malacostraca","Decapoda","Dairidae","Daira","Daira americana"
"BerryCrust_0008918",NA,NA,NA,NA,NA,NA,NA
"BerryCrust_0008919",NA,NA,NA,NA,NA,NA,NA
"BerryCrust_0008920",NA,NA,NA,NA,NA,NA,NA
"BerryCrust_0008921",NA,NA,NA,NA,NA,NA,NA
"BerryCrust_0008922",NA,NA,NA,NA,NA,NA,NA
"BerryCrust_0008923",NA,NA,NA,NA,NA,NA,NA
"BerryCrust_0008924",NA,NA,NA,NA,NA,NA,NA
"BerryCrust_0008925",NA,NA,NA,NA,NA,NA,NA
"BerryCrust_0008926",NA,NA,NA,NA,NA,NA,NA
"BerryCrust_0008927",NA,NA,NA,NA,NA,NA,NA
"BerryCrust_0008928",NA,NA,NA,NA,NA,NA,NA
"BerryCrust_0008929",NA,NA,NA,NA,NA,NA,NA
"BerryCrust_0008930",NA,NA,NA,NA,NA,NA,NA
"BerryCrust_0008931",NA,NA,NA,NA,NA,NA,NA
"BerryCrust_0008932",NA,NA,NA,NA,NA,NA,NA
"BerryCrust_0008933",NA,NA,NA,NA,NA,NA,NA
"BerryCrust_0008934",NA,NA,NA,NA,NA,NA,NA
"BerryCrust_0008935",NA,NA,NA,NA,NA,NA,NA
"BerryCrust_0008936",NA,NA,NA,NA,NA,NA,NA
"BerryCrust_0008937",NA,NA,NA,NA,NA,NA,NA
"BerryCrust_0008938",NA,NA,NA,NA,NA,NA,NA
"BerryCrust_0008939",NA,NA,NA,NA,NA,NA,NA
"BerryCrust_0008940",NA,NA,NA,NA,NA,NA,NA
"BerryCrust_0008941",NA,NA,NA,NA,NA,NA,NA
"BerryCrust_0008942",NA,NA,NA,NA,NA,NA,NA
"BerryCrust_0008943",NA,NA,NA,NA,NA,NA,NA
"BerryCrust_0008944",NA,NA,NA,NA,NA,NA,NA
"BerryCrust_0008945",NA,NA,NA,NA,NA,NA,NA
"BerryCrust_0008946",NA,NA,NA,NA,NA,NA,NA
"BerryCrust_0008947",NA,NA,NA,NA,NA,NA,NA
"BerryCrust_0008948",NA,NA,NA,NA,NA,NA,NA
"BerryCrust_0008949","Eukaryota","Arthropoda","Malacostraca","Decapoda","Mithracidae","Teleophrys","Teleophrys cristulipes"
"BerryCrust_0008950","Eukaryota","Arthropoda","Malacostraca","Decapoda","Alpheidae","Parabetaeus",NA
"BerryCrust_0008951",NA,NA,NA,NA,NA,NA,NA
"BerryCrust_0008952",NA,NA,NA,NA,NA,NA,NA
"BerryCrust_0008953",NA,NA,NA,NA,NA,NA,NA
"BerryCrust_0008954","Eukaryota","Arthropoda","Malacostraca","Decapoda","Mithracidae","Teleophrys","Teleophrys cristulipes"
"BerryCrust_0008955",NA,NA,NA,NA,NA,NA,NA
"BerryCrust_0008956",NA,NA,NA,NA,NA,NA,NA
"BerryCrust_0008957",NA,NA,NA,NA,NA,NA,NA
"BerryCrust_0008958","Eukaryota","Arthropoda","Malacostraca","Decapoda","Diogenidae","Calcinus","Calcinus explorator"
"BerryCrust_0008959",NA,NA,NA,NA,NA,NA,NA
"BerryCrust_0008960",NA,NA,NA,NA,NA,NA,NA
"BerryCrust_0008961",NA,NA,NA,NA,NA,NA,NA
"BerryCrust_0008962",NA,NA,NA,NA,NA,NA,NA
"BerryCrust_0008963",NA,NA,NA,NA,NA,NA,NA
"BerryCrust_0008964",NA,NA,NA,NA,NA,NA,NA
"BerryCrust_0008965",NA,NA,NA,NA,NA,NA,NA
"BerryCrust_0008966",NA,NA,NA,NA,NA,NA,NA
"BerryCrust_0008967",NA,NA,NA,NA,NA,NA,NA
"BerryCrust_0008968",NA,NA,NA,NA,NA,NA,NA
"BerryCrust_0008969",NA,NA,NA,NA,NA,NA,NA
"BerryCrust_0008970",NA,NA,NA,NA,NA,NA,NA
"BerryCrust_0008971",NA,NA,NA,NA,NA,NA,NA
"BerryCrust_0008972",NA,NA,NA,NA,NA,NA,NA
"BerryCrust_0008973",NA,NA,NA,NA,NA,NA,NA
"BerryCrust_0008974",NA,NA,NA,NA,NA,NA,NA
"BerryCrust_0008975",NA,NA,NA,NA,NA,NA,NA
"BerryCrust_0008976",NA,NA,NA,NA,NA,NA,NA
"BerryCrust_0008977",NA,NA,NA,NA,NA,NA,NA
"BerryCrust_0008978",NA,NA,NA,NA,NA,NA,NA
"BerryCrust_0008979",NA,NA,NA,NA,NA,NA,NA
"BerryCrust_0008980",NA,NA,NA,NA,NA,NA,NA
"BerryCrust_0008981","Eukaryota","Arthropoda","Malacostraca","Decapoda","Diogenidae","Calcinus","Calcinus explorator"
"BerryCrust_0008982",NA,NA,NA,NA,NA,NA,NA
"BerryCrust_0008983","Eukaryota","Arthropoda","Malacostraca","Decapoda","Alpheidae","Alpheus","Alpheus rostratus"
"BerryCrust_0008984",NA,NA,NA,NA,NA,NA,NA
"BerryCrust_0008985",NA,NA,NA,NA,NA,NA,NA
"BerryCrust_0008986",NA,NA,NA,NA,NA,NA,NA
"BerryCrust_0008987",NA,NA,NA,NA,NA,NA,NA
"BerryCrust_0008988",NA,NA,NA,NA,NA,NA,NA
"BerryCrust_0008989",NA,NA,NA,NA,NA,NA,NA
"BerryCrust_0008990","Eukaryota","Arthropoda","Malacostraca","Decapoda","Xanthidae","Williamstimpsonia","Williamstimpsonia stimpsoni"
"BerryCrust_0008991",NA,NA,NA,NA,NA,NA,NA
"BerryCrust_0008992",NA,NA,NA,NA,NA,NA,NA
"BerryCrust_0008993",NA,NA,NA,NA,NA,NA,NA
"BerryCrust_0008994",NA,NA,NA,NA,NA,NA,NA
"BerryCrust_0008995",NA,NA,NA,NA,NA,NA,NA
"BerryCrust_0008996",NA,NA,NA,NA,NA,NA,NA
"BerryCrust_0008997",NA,NA,NA,NA,NA,NA,NA
"BerryCrust_0008998",NA,NA,NA,NA,NA,NA,NA
"BerryCrust_0008999",NA,NA,NA,NA,NA,NA,NA
"BerryCrust_0009000",NA,NA,NA,NA,NA,NA,NA
"BerryCrust_0009001",NA,NA,NA,NA,NA,NA,NA
"BerryCrust_0009002",NA,NA,NA,NA,NA,NA,NA
"BerryCrust_0009003",NA,NA,NA,NA,NA,NA,NA
"BerryCrust_0009004",NA,NA,NA,NA,NA,NA,NA
"BerryCrust_0009005",NA,NA,NA,NA,NA,NA,NA
"BerryCrust_0009006",NA,NA,NA,NA,NA,NA,NA
"BerryCrust_0009007",NA,NA,NA,NA,NA,NA,NA
"BerryCrust_0009008",NA,NA,NA,NA,NA,NA,NA
"BerryCrust_0009009",NA,NA,NA,NA,NA,NA,NA
"BerryCrust_0009010",NA,NA,NA,NA,NA,NA,NA
"BerryCrust_0009011",NA,NA,NA,NA,NA,NA,NA
"BerryCrust_0009012",NA,NA,NA,NA,NA,NA,NA
"BerryCrust_0009013",NA,NA,NA,NA,NA,NA,NA
"BerryCrust_0009014",NA,NA,NA,NA,NA,NA,NA
"BerryCrust_0009015",NA,NA,NA,NA,NA,NA,NA
"BerryCrust_0009016",NA,NA,NA,NA,NA,NA,NA
"BerryCrust_0009017",NA,NA,NA,NA,NA,NA,NA
"BerryCrust_0009018",NA,NA,NA,NA,NA,NA,NA
"BerryCrust_0009019",NA,NA,NA,NA,NA,NA,NA
"BerryCrust_0009020",NA,NA,NA,NA,NA,NA,NA
"BerryCrust_0009021",NA,NA,NA,NA,NA,NA,NA
"BerryCrust_0009022","Eukaryota","Arthropoda","Malacostraca","Decapoda","Mithracidae","Teleophrys","Teleophrys cristulipes"
"BerryCrust_0009023",NA,NA,NA,NA,NA,NA,NA
"BerryCrust_0009024","Eukaryota","Arthropoda","Malacostraca","Stomatopoda","Gonodactylidae","Neogonodactylus","Neogonodactylus bahiahondensis"
"BerryCrust_0009025",NA,NA,NA,NA,NA,NA,NA
"BerryCrust_0009026",NA,NA,NA,NA,NA,NA,NA
"BerryCrust_0009027",NA,NA,NA,NA,NA,NA,NA
"BerryCrust_0009028","Eukaryota","Arthropoda","Malacostraca","Decapoda","Mithracidae","Teleophrys","Teleophrys cristulipes"
"BerryCrust_0009029",NA,NA,NA,NA,NA,NA,NA
"BerryCrust_0009030",NA,NA,NA,NA,NA,NA,NA
"BerryCrust_0009031",NA,NA,NA,NA,NA,NA,NA
"BerryCrust_0009032",NA,NA,NA,NA,NA,NA,NA
"BerryCrust_0009033",NA,NA,NA,NA,NA,NA,NA
"BerryCrust_0009034",NA,NA,NA,NA,NA,NA,NA
"BerryCrust_0009035",NA,NA,NA,NA,NA,NA,NA
"BerryCrust_0009036",NA,NA,NA,NA,NA,NA,NA
"BerryCrust_0009037",NA,NA,NA,NA,NA,NA,NA
"BerryCrust_0009038",NA,NA,NA,NA,NA,NA,NA
"BerryCrust_0009039",NA,NA,NA,NA,NA,NA,NA
"BerryCrust_0009040",NA,NA,NA,NA,NA,NA,NA
"BerryCrust_0009041",NA,NA,NA,NA,NA,NA,NA
"BerryCrust_0009042",NA,NA,NA,NA,NA,NA,NA
"BerryCrust_0009043",NA,NA,NA,NA,NA,NA,NA
"BerryCrust_0009044",NA,NA,NA,NA,NA,NA,NA
"BerryCrust_0009045",NA,NA,NA,NA,NA,NA,NA
"BerryCrust_0009046",NA,NA,NA,NA,NA,NA,NA
"BerryCrust_0009047",NA,NA,NA,NA,NA,NA,NA
"BerryCrust_0009048",NA,NA,NA,NA,NA,NA,NA
"BerryCrust_0009049",NA,NA,NA,NA,NA,NA,NA
"BerryCrust_0009050",NA,NA,NA,NA,NA,NA,NA
"BerryCrust_0009051",NA,NA,NA,NA,NA,NA,NA
"BerryCrust_0009052",NA,NA,NA,NA,NA,NA,NA
"BerryCrust_0009053",NA,NA,NA,NA,NA,NA,NA
"BerryCrust_0009054",NA,NA,NA,NA,NA,NA,NA
"BerryCrust_0009055",NA,NA,NA,NA,NA,NA,NA
"BerryCrust_0009056",NA,NA,NA,NA,NA,NA,NA
"BerryCrust_0009057","Eukaryota",NA,NA,NA,NA,NA,NA
"BerryCrust_0009058",NA,NA,NA,NA,NA,NA,NA
"BerryCrust_0009059",NA,NA,NA,NA,NA,NA,NA
"BerryCrust_0009060",NA,NA,NA,NA,NA,NA,NA
"BerryCrust_0009061",NA,NA,NA,NA,NA,NA,NA
"BerryCrust_0009062",NA,NA,NA,NA,NA,NA,NA
"BerryCrust_0009063",NA,NA,NA,NA,NA,NA,NA
"BerryCrust_0009064",NA,NA,NA,NA,NA,NA,NA
"BerryCrust_0009065",NA,NA,NA,NA,NA,NA,NA
"BerryCrust_0009066",NA,NA,NA,NA,NA,NA,NA
"BerryCrust_0009067",NA,NA,NA,NA,NA,NA,NA
"BerryCrust_0009068",NA,NA,NA,NA,NA,NA,NA
"BerryCrust_0009069",NA,NA,NA,NA,NA,NA,NA
"BerryCrust_0009070","Eukaryota",NA,NA,NA,NA,NA,NA
"BerryCrust_0009071","Eukaryota",NA,NA,NA,NA,NA,NA
"BerryCrust_0009072",NA,NA,NA,NA,NA,NA,NA
"BerryCrust_0009073",NA,NA,NA,NA,NA,NA,NA
"BerryCrust_0009074",NA,NA,NA,NA,NA,NA,NA
"BerryCrust_0009075",NA,NA,NA,NA,NA,NA,NA
"BerryCrust_0009076",NA,NA,NA,NA,NA,NA,NA
"BerryCrust_0009077",NA,NA,NA,NA,NA,NA,NA
"BerryCrust_0009078",NA,NA,NA,NA,NA,NA,NA
"BerryCrust_0009079",NA,NA,NA,NA,NA,NA,NA
"BerryCrust_0009080",NA,NA,NA,NA,NA,NA,NA
"BerryCrust_0009081","Eukaryota","Arthropoda","Malacostraca","Euphausiacea","Euphausiidae","Hansarsia",NA
"BerryCrust_0009082",NA,NA,NA,NA,NA,NA,NA
"BerryCrust_0009083",NA,NA,NA,NA,NA,NA,NA
"BerryCrust_0009084",NA,NA,NA,NA,NA,NA,NA
"BerryCrust_0009085",NA,NA,NA,NA,NA,NA,NA
"BerryCrust_0009086",NA,NA,NA,NA,NA,NA,NA
"BerryCrust_0009087",NA,NA,NA,NA,NA,NA,NA
"BerryCrust_0009088",NA,NA,NA,NA,NA,NA,NA
"BerryCrust_0009089",NA,NA,NA,NA,NA,NA,NA
"BerryCrust_0009090",NA,NA,NA,NA,NA,NA,NA
"BerryCrust_0009091",NA,NA,NA,NA,NA,NA,NA
"BerryCrust_0009092",NA,NA,NA,NA,NA,NA,NA
"BerryCrust_0009093",NA,NA,NA,NA,NA,NA,NA
"BerryCrust_0009094",NA,NA,NA,NA,NA,NA,NA
"BerryCrust_0009095",NA,NA,NA,NA,NA,NA,NA
"BerryCrust_0009096",NA,NA,NA,NA,NA,NA,NA
"BerryCrust_0009097","Eukaryota",NA,NA,NA,NA,NA,NA
"BerryCrust_0009098",NA,NA,NA,NA,NA,NA,NA
"BerryCrust_0009099",NA,NA,NA,NA,NA,NA,NA
"BerryCrust_0009100",NA,NA,NA,NA,NA,NA,NA
"BerryCrust_0009101",NA,NA,NA,NA,NA,NA,NA
"BerryCrust_0009102",NA,NA,NA,NA,NA,NA,NA
"BerryCrust_0009103",NA,NA,NA,NA,NA,NA,NA
"BerryCrust_0009104",NA,NA,NA,NA,NA,NA,NA
"BerryCrust_0009105",NA,NA,NA,NA,NA,NA,NA
"BerryCrust_0009106",NA,NA,NA,NA,NA,NA,NA
"BerryCrust_0009107",NA,NA,NA,NA,NA,NA,NA
"BerryCrust_0009108",NA,NA,NA,NA,NA,NA,NA
"BerryCrust_0009109",NA,NA,NA,NA,NA,NA,NA
"BerryCrust_0009110","Eukaryota",NA,NA,NA,NA,NA,NA
"BerryCrust_0009111",NA,NA,NA,NA,NA,NA,NA
"BerryCrust_0009112",NA,NA,NA,NA,NA,NA,NA
"BerryCrust_0009113",NA,NA,NA,NA,NA,NA,NA
"BerryCrust_0009114",NA,NA,NA,NA,NA,NA,NA
"BerryCrust_0009115",NA,NA,NA,NA,NA,NA,NA
"BerryCrust_0009116",NA,NA,NA,NA,NA,NA,NA
"BerryCrust_0009117",NA,NA,NA,NA,NA,NA,NA
"BerryCrust_0009118",NA,NA,NA,NA,NA,NA,NA
"BerryCrust_0009119",NA,NA,NA,NA,NA,NA,NA
"BerryCrust_0009120",NA,NA,NA,NA,NA,NA,NA
"BerryCrust_0009121",NA,NA,NA,NA,NA,NA,NA
"BerryCrust_0009122",NA,NA,NA,NA,NA,NA,NA
"BerryCrust_0009123",NA,NA,NA,NA,NA,NA,NA
"BerryCrust_0009124",NA,NA,NA,NA,NA,NA,NA
"BerryCrust_0009125",NA,NA,NA,NA,NA,NA,NA
"BerryCrust_0009126",NA,NA,NA,NA,NA,NA,NA
"BerryCrust_0009127",NA,NA,NA,NA,NA,NA,NA
"BerryCrust_0009128","Eukaryota","Arthropoda","Malacostraca","Decapoda","Diogenidae","Calcinus","Calcinus explorator"
"BerryCrust_0009129",NA,NA,NA,NA,NA,NA,NA
"BerryCrust_0009130",NA,NA,NA,NA,NA,NA,NA
"BerryCrust_0009131",NA,NA,NA,NA,NA,NA,NA
"BerryCrust_0009132",NA,NA,NA,NA,NA,NA,NA
"BerryCrust_0009133","Eukaryota","Arthropoda","Malacostraca","Decapoda","Coenobitidae","Coenobita","Coenobita compressus"
"BerryCrust_0009134","Eukaryota","Arthropoda","Malacostraca","Decapoda","Alpheidae","Synalpheus",NA
"BerryCrust_0009135",NA,NA,NA,NA,NA,NA,NA
"BerryCrust_0009136",NA,NA,NA,NA,NA,NA,NA
"BerryCrust_0009137",NA,NA,NA,NA,NA,NA,NA
"BerryCrust_0009138",NA,NA,NA,NA,NA,NA,NA
"BerryCrust_0009139",NA,NA,NA,NA,NA,NA,NA
"BerryCrust_0009140","Eukaryota",NA,NA,NA,NA,NA,NA
"BerryCrust_0009141",NA,NA,NA,NA,NA,NA,NA
"BerryCrust_0009142",NA,NA,NA,NA,NA,NA,NA
"BerryCrust_0009143",NA,NA,NA,NA,NA,NA,NA
"BerryCrust_0009144",NA,NA,NA,NA,NA,NA,NA
"BerryCrust_0009145",NA,NA,NA,NA,NA,NA,NA
"BerryCrust_0009146",NA,NA,NA,NA,NA,NA,NA
"BerryCrust_0009147",NA,NA,NA,NA,NA,NA,NA
"BerryCrust_0009148",NA,NA,NA,NA,NA,NA,NA
"BerryCrust_0009149",NA,NA,NA,NA,NA,NA,NA
"BerryCrust_0009150",NA,NA,NA,NA,NA,NA,NA
"BerryCrust_0009151",NA,NA,NA,NA,NA,NA,NA
"BerryCrust_0009152",NA,NA,NA,NA,NA,NA,NA
"BerryCrust_0009153",NA,NA,NA,NA,NA,NA,NA
"BerryCrust_0009154",NA,NA,NA,NA,NA,NA,NA
"BerryCrust_0009155","Eukaryota",NA,NA,NA,NA,NA,NA
"BerryCrust_0009156",NA,NA,NA,NA,NA,NA,NA
"BerryCrust_0009157",NA,NA,NA,NA,NA,NA,NA
"BerryCrust_0009158",NA,NA,NA,NA,NA,NA,NA
"BerryCrust_0009159",NA,NA,NA,NA,NA,NA,NA
"BerryCrust_0009160","Eukaryota","Arthropoda","Malacostraca","Decapoda","Porcellanidae","Petrolisthes","Petrolisthes edwardsii"
"BerryCrust_0009161","Eukaryota","Arthropoda","Malacostraca","Decapoda","Dairidae","Daira","Daira americana"
"BerryCrust_0009162",NA,NA,NA,NA,NA,NA,NA
"BerryCrust_0009163",NA,NA,NA,NA,NA,NA,NA
"BerryCrust_0009164",NA,NA,NA,NA,NA,NA,NA
"BerryCrust_0009165",NA,NA,NA,NA,NA,NA,NA
"BerryCrust_0009166",NA,NA,NA,NA,NA,NA,NA
"BerryCrust_0009167",NA,NA,NA,NA,NA,NA,NA
"BerryCrust_0009168",NA,NA,NA,NA,NA,NA,NA
"BerryCrust_0009169",NA,NA,NA,NA,NA,NA,NA
"BerryCrust_0009170",NA,NA,NA,NA,NA,NA,NA
"BerryCrust_0009171","Eukaryota",NA,NA,NA,NA,NA,NA
"BerryCrust_0009172",NA,NA,NA,NA,NA,NA,NA
"BerryCrust_0009173",NA,NA,NA,NA,NA,NA,NA
"BerryCrust_0009174",NA,NA,NA,NA,NA,NA,NA
"BerryCrust_0009175",NA,NA,NA,NA,NA,NA,NA
"BerryCrust_0009176","Eukaryota","Arthropoda","Malacostraca","Decapoda","Diogenidae","Calcinus","Calcinus explorator"
"BerryCrust_0009177",NA,NA,NA,NA,NA,NA,NA
"BerryCrust_0009178",NA,NA,NA,NA,NA,NA,NA
"BerryCrust_0009179",NA,NA,NA,NA,NA,NA,NA
"BerryCrust_0009180","Eukaryota","Arthropoda","Malacostraca","Decapoda","Grapsidae","Grapsus","Grapsus grapsus"
"BerryCrust_0009181",NA,NA,NA,NA,NA,NA,NA
"BerryCrust_0009182",NA,NA,NA,NA,NA,NA,NA
"BerryCrust_0009183",NA,NA,NA,NA,NA,NA,NA
"BerryCrust_0009184",NA,NA,NA,NA,NA,NA,NA
"BerryCrust_0009185",NA,NA,NA,NA,NA,NA,NA
"BerryCrust_0009186","Eukaryota",NA,NA,NA,NA,NA,NA
"BerryCrust_0009187","Eukaryota",NA,NA,NA,NA,NA,NA
"BerryCrust_0009188",NA,NA,NA,NA,NA,NA,NA
"BerryCrust_0009189","Eukaryota",NA,NA,NA,NA,NA,NA
"BerryCrust_0009190",NA,NA,NA,NA,NA,NA,NA
"BerryCrust_0009191","Eukaryota",NA,NA,NA,NA,NA,NA
"BerryCrust_0009192",NA,NA,NA,NA,NA,NA,NA
"BerryCrust_0009193",NA,NA,NA,NA,NA,NA,NA
"BerryCrust_0009194","Eukaryota",NA,NA,NA,NA,NA,NA
"BerryCrust_0009195",NA,NA,NA,NA,NA,NA,NA
"BerryCrust_0009196",NA,NA,NA,NA,NA,NA,NA
"BerryCrust_0009197",NA,NA,NA,NA,NA,NA,NA
"BerryCrust_0009198",NA,NA,NA,NA,NA,NA,NA
"BerryCrust_0009199",NA,NA,NA,NA,NA,NA,NA
"BerryCrust_0009200",NA,NA,NA,NA,NA,NA,NA
"BerryCrust_0009201",NA,NA,NA,NA,NA,NA,NA
"BerryCrust_0009202",NA,NA,NA,NA,NA,NA,NA
"BerryCrust_0009203",NA,NA,NA,NA,NA,NA,NA
"BerryCrust_0009204","Eukaryota","Arthropoda","Malacostraca","Decapoda","Alpheidae","Alpheus","Alpheus bouvieri"
"BerryCrust_0009205",NA,NA,NA,NA,NA,NA,NA
"BerryCrust_0009206","Eukaryota",NA,NA,NA,NA,NA,NA
"BerryCrust_0009207",NA,NA,NA,NA,NA,NA,NA
"BerryCrust_0009208",NA,NA,NA,NA,NA,NA,NA
"BerryCrust_0009209",NA,NA,NA,NA,NA,NA,NA
"BerryCrust_0009210",NA,NA,NA,NA,NA,NA,NA
"BerryCrust_0009211","Eukaryota",NA,NA,NA,NA,NA,NA
"BerryCrust_0009212",NA,NA,NA,NA,NA,NA,NA
"BerryCrust_0009213",NA,NA,NA,NA,NA,NA,NA
"BerryCrust_0009214",NA,NA,NA,NA,NA,NA,NA
"BerryCrust_0009215",NA,NA,NA,NA,NA,NA,NA
"BerryCrust_0009216",NA,NA,NA,NA,NA,NA,NA
"BerryCrust_0009217",NA,NA,NA,NA,NA,NA,NA
"BerryCrust_0009218",NA,NA,NA,NA,NA,NA,NA
"BerryCrust_0009219",NA,NA,NA,NA,NA,NA,NA
"BerryCrust_0009220",NA,NA,NA,NA,NA,NA,NA
"BerryCrust_0009221",NA,NA,NA,NA,NA,NA,NA
"BerryCrust_0009222",NA,NA,NA,NA,NA,NA,NA
"BerryCrust_0009223",NA,NA,NA,NA,NA,NA,NA
"BerryCrust_0009224",NA,NA,NA,NA,NA,NA,NA
"BerryCrust_0009225",NA,NA,NA,NA,NA,NA,NA
"BerryCrust_0009226",NA,NA,NA,NA,NA,NA,NA
"BerryCrust_0009227",NA,NA,NA,NA,NA,NA,NA
"BerryCrust_0009228",NA,NA,NA,NA,NA,NA,NA
"BerryCrust_0009229",NA,NA,NA,NA,NA,NA,NA
"BerryCrust_0009230",NA,NA,NA,NA,NA,NA,NA
"BerryCrust_0009231",NA,NA,NA,NA,NA,NA,NA
"BerryCrust_0009232",NA,NA,NA,NA,NA,NA,NA
"BerryCrust_0009233",NA,NA,NA,NA,NA,NA,NA
"BerryCrust_0009234",NA,NA,NA,NA,NA,NA,NA
"BerryCrust_0009235",NA,NA,NA,NA,NA,NA,NA
"BerryCrust_0009236",NA,NA,NA,NA,NA,NA,NA
"BerryCrust_0009237",NA,NA,NA,NA,NA,NA,NA
"BerryCrust_0009238",NA,NA,NA,NA,NA,NA,NA
"BerryCrust_0009239",NA,NA,NA,NA,NA,NA,NA
"BerryCrust_0009240",NA,NA,NA,NA,NA,NA,NA
"BerryCrust_0009241","Eukaryota","Arthropoda","Malacostraca","Decapoda","Mithracidae","Teleophrys","Teleophrys cristulipes"
"BerryCrust_0009242","Eukaryota","Arthropoda","Thecostraca","Balanomorpha","Tetraclitidae","Tetraclita","Tetraclita milleporosa"
"BerryCrust_0009243",NA,NA,NA,NA,NA,NA,NA
"BerryCrust_0009244",NA,NA,NA,NA,NA,NA,NA
"BerryCrust_0009245",NA,NA,NA,NA,NA,NA,NA
"BerryCrust_0009246",NA,NA,NA,NA,NA,NA,NA
"BerryCrust_0009247",NA,NA,NA,NA,NA,NA,NA
"BerryCrust_0009248",NA,NA,NA,NA,NA,NA,NA
"BerryCrust_0009249",NA,NA,NA,NA,NA,NA,NA
"BerryCrust_0009250",NA,NA,NA,NA,NA,NA,NA
"BerryCrust_0009251","Eukaryota","Arthropoda","Malacostraca","Decapoda","Mithracidae","Teleophrys","Teleophrys cristulipes"
"BerryCrust_0009252",NA,NA,NA,NA,NA,NA,NA
"BerryCrust_0009253",NA,NA,NA,NA,NA,NA,NA
"BerryCrust_0009254","Eukaryota","Arthropoda","Malacostraca","Decapoda","Mithracidae","Teleophrys","Teleophrys cristulipes"
"BerryCrust_0009255",NA,NA,NA,NA,NA,NA,NA
"BerryCrust_0009256",NA,NA,NA,NA,NA,NA,NA
"BerryCrust_0009257",NA,NA,NA,NA,NA,NA,NA
"BerryCrust_0009258","Eukaryota","Arthropoda","Malacostraca","Decapoda","Dairidae","Daira","Daira americana"
"BerryCrust_0009259","Eukaryota",NA,NA,NA,NA,NA,NA
"BerryCrust_0009260",NA,NA,NA,NA,NA,NA,NA
"BerryCrust_0009261",NA,NA,NA,NA,NA,NA,NA
"BerryCrust_0009262",NA,NA,NA,NA,NA,NA,NA
"BerryCrust_0009263",NA,NA,NA,NA,NA,NA,NA
"BerryCrust_0009264","Eukaryota",NA,NA,NA,NA,NA,NA
"BerryCrust_0009265",NA,NA,NA,NA,NA,NA,NA
"BerryCrust_0009266",NA,NA,NA,NA,NA,NA,NA
"BerryCrust_0009267",NA,NA,NA,NA,NA,NA,NA
"BerryCrust_0009268",NA,NA,NA,NA,NA,NA,NA
"BerryCrust_0009269",NA,NA,NA,NA,NA,NA,NA
"BerryCrust_0009270",NA,NA,NA,NA,NA,NA,NA
"BerryCrust_0009271",NA,NA,NA,NA,NA,NA,NA
"BerryCrust_0009272",NA,NA,NA,NA,NA,NA,NA
"BerryCrust_0009273",NA,NA,NA,NA,NA,NA,NA
"BerryCrust_0009274",NA,NA,NA,NA,NA,NA,NA
"BerryCrust_0009275",NA,NA,NA,NA,NA,NA,NA
"BerryCrust_0009276",NA,NA,NA,NA,NA,NA,NA
"BerryCrust_0009277",NA,NA,NA,NA,NA,NA,NA
"BerryCrust_0009278",NA,NA,NA,NA,NA,NA,NA
"BerryCrust_0009279",NA,NA,NA,NA,NA,NA,NA
"BerryCrust_0009280",NA,NA,NA,NA,NA,NA,NA
"BerryCrust_0009281",NA,NA,NA,NA,NA,NA,NA
"BerryCrust_0009282",NA,NA,NA,NA,NA,NA,NA
"BerryCrust_0009283",NA,NA,NA,NA,NA,NA,NA
"BerryCrust_0009284",NA,NA,NA,NA,NA,NA,NA
"BerryCrust_0009285",NA,NA,NA,NA,NA,NA,NA
"BerryCrust_0009286","Eukaryota","Arthropoda","Malacostraca","Decapoda","Diogenidae","Calcinus","Calcinus explorator"
"BerryCrust_0009287",NA,NA,NA,NA,NA,NA,NA
"BerryCrust_0009288","Eukaryota","Arthropoda",NA,NA,NA,NA,NA
"BerryCrust_0009289",NA,NA,NA,NA,NA,NA,NA
"BerryCrust_0009290","Eukaryota",NA,NA,NA,NA,NA,NA
"BerryCrust_0009291",NA,NA,NA,NA,NA,NA,NA
"BerryCrust_0009292","Eukaryota",NA,NA,NA,NA,NA,NA
"BerryCrust_0009293",NA,NA,NA,NA,NA,NA,NA
"BerryCrust_0009294",NA,NA,NA,NA,NA,NA,NA
"BerryCrust_0009295",NA,NA,NA,NA,NA,NA,NA
"BerryCrust_0009296",NA,NA,NA,NA,NA,NA,NA
"BerryCrust_0009297","Eukaryota",NA,NA,NA,NA,NA,NA
"BerryCrust_0009298",NA,NA,NA,NA,NA,NA,NA
"BerryCrust_0009299","Eukaryota",NA,NA,NA,NA,NA,NA
"BerryCrust_0009300","Eukaryota",NA,NA,NA,NA,NA,NA
"BerryCrust_0009301","Eukaryota",NA,NA,NA,NA,NA,NA
"BerryCrust_0009302",NA,NA,NA,NA,NA,NA,NA
"BerryCrust_0009303","Eukaryota",NA,NA,NA,NA,NA,NA
"BerryCrust_0009304",NA,NA,NA,NA,NA,NA,NA
"BerryCrust_0009305","Eukaryota","Arthropoda","Malacostraca","Decapoda","Palaemonidae","Palaemon","Palaemon ritteri"
"BerryCrust_0009306",NA,NA,NA,NA,NA,NA,NA
"BerryCrust_0009307",NA,NA,NA,NA,NA,NA,NA
"BerryCrust_0009308",NA,NA,NA,NA,NA,NA,NA
"BerryCrust_0009309",NA,NA,NA,NA,NA,NA,NA
"BerryCrust_0009310",NA,NA,NA,NA,NA,NA,NA
"BerryCrust_0009311",NA,NA,NA,NA,NA,NA,NA
"BerryCrust_0009312",NA,NA,NA,NA,NA,NA,NA
"BerryCrust_0009313",NA,NA,NA,NA,NA,NA,NA
"BerryCrust_0009314",NA,NA,NA,NA,NA,NA,NA
"BerryCrust_0009315",NA,NA,NA,NA,NA,NA,NA
"BerryCrust_0009316",NA,NA,NA,NA,NA,NA,NA
"BerryCrust_0009317",NA,NA,NA,NA,NA,NA,NA
"BerryCrust_0009318","Eukaryota",NA,NA,NA,NA,NA,NA
"BerryCrust_0009319",NA,NA,NA,NA,NA,NA,NA
"BerryCrust_0009320",NA,NA,NA,NA,NA,NA,NA
"BerryCrust_0009321",NA,NA,NA,NA,NA,NA,NA
"BerryCrust_0009322",NA,NA,NA,NA,NA,NA,NA
"BerryCrust_0009323",NA,NA,NA,NA,NA,NA,NA
"BerryCrust_0009324",NA,NA,NA,NA,NA,NA,NA
"BerryCrust_0009325",NA,NA,NA,NA,NA,NA,NA
"BerryCrust_0009326","Eukaryota","Arthropoda","Malacostraca","Decapoda","Mithracidae","Teleophrys","Teleophrys cristulipes"
"BerryCrust_0009327",NA,NA,NA,NA,NA,NA,NA
"BerryCrust_0009328",NA,NA,NA,NA,NA,NA,NA
"BerryCrust_0009329",NA,NA,NA,NA,NA,NA,NA
"BerryCrust_0009330",NA,NA,NA,NA,NA,NA,NA
"BerryCrust_0009331",NA,NA,NA,NA,NA,NA,NA
"BerryCrust_0009332",NA,NA,NA,NA,NA,NA,NA
"BerryCrust_0009333",NA,NA,NA,NA,NA,NA,NA
"BerryCrust_0009334",NA,NA,NA,NA,NA,NA,NA
"BerryCrust_0009335","Eukaryota","Arthropoda","Malacostraca","Decapoda","Palaemonidae","Brachycarpus","Brachycarpus biunguiculatus"
"BerryCrust_0009336",NA,NA,NA,NA,NA,NA,NA
"BerryCrust_0009337",NA,NA,NA,NA,NA,NA,NA
"BerryCrust_0009338",NA,NA,NA,NA,NA,NA,NA
"BerryCrust_0009339","Eukaryota",NA,NA,NA,NA,NA,NA
"BerryCrust_0009340",NA,NA,NA,NA,NA,NA,NA
"BerryCrust_0009341","Eukaryota","Arthropoda","Malacostraca","Decapoda","Mithracidae","Teleophrys","Teleophrys cristulipes"
"BerryCrust_0009342",NA,NA,NA,NA,NA,NA,NA
"BerryCrust_0009343",NA,NA,NA,NA,NA,NA,NA
"BerryCrust_0009344",NA,NA,NA,NA,NA,NA,NA
"BerryCrust_0009345",NA,NA,NA,NA,NA,NA,NA
"BerryCrust_0009346",NA,NA,NA,NA,NA,NA,NA
"BerryCrust_0009347","Eukaryota","Arthropoda","Malacostraca","Stomatopoda","Gonodactylidae","Neogonodactylus","Neogonodactylus bahiahondensis"
"BerryCrust_0009348",NA,NA,NA,NA,NA,NA,NA
"BerryCrust_0009349","Eukaryota","Arthropoda","Malacostraca","Decapoda","Mithracidae","Teleophrys","Teleophrys cristulipes"
"BerryCrust_0009350",NA,NA,NA,NA,NA,NA,NA
"BerryCrust_0009351",NA,NA,NA,NA,NA,NA,NA
"BerryCrust_0009352",NA,NA,NA,NA,NA,NA,NA
"BerryCrust_0009353","Eukaryota","Arthropoda","Malacostraca","Decapoda","Palaemonidae","Brachycarpus","Brachycarpus biunguiculatus"
"BerryCrust_0009354",NA,NA,NA,NA,NA,NA,NA
"BerryCrust_0009355",NA,NA,NA,NA,NA,NA,NA
"BerryCrust_0009356",NA,NA,NA,NA,NA,NA,NA
"BerryCrust_0009357",NA,NA,NA,NA,NA,NA,NA
"BerryCrust_0009358",NA,NA,NA,NA,NA,NA,NA
"BerryCrust_0009359",NA,NA,NA,NA,NA,NA,NA
"BerryCrust_0009360","Eukaryota","Arthropoda","Malacostraca","Decapoda","Mithracidae","Teleophrys","Teleophrys cristulipes"
"BerryCrust_0009361","Eukaryota","Arthropoda","Malacostraca","Decapoda","Diogenidae","Calcinus","Calcinus explorator"
"BerryCrust_0009362",NA,NA,NA,NA,NA,NA,NA
"BerryCrust_0009363",NA,NA,NA,NA,NA,NA,NA
"BerryCrust_0009364",NA,NA,NA,NA,NA,NA,NA
"BerryCrust_0009365","Eukaryota","Arthropoda","Malacostraca","Decapoda","Mithracidae","Teleophrys","Teleophrys cristulipes"
"BerryCrust_0009366",NA,NA,NA,NA,NA,NA,NA
"BerryCrust_0009367",NA,NA,NA,NA,NA,NA,NA
"BerryCrust_0009368",NA,NA,NA,NA,NA,NA,NA
"BerryCrust_0009369",NA,NA,NA,NA,NA,NA,NA
"BerryCrust_0009370",NA,NA,NA,NA,NA,NA,NA
"BerryCrust_0009371",NA,NA,NA,NA,NA,NA,NA
"BerryCrust_0009372",NA,NA,NA,NA,NA,NA,NA
"BerryCrust_0009373",NA,NA,NA,NA,NA,NA,NA
"BerryCrust_0009374",NA,NA,NA,NA,NA,NA,NA
"BerryCrust_0009375",NA,NA,NA,NA,NA,NA,NA
"BerryCrust_0009376",NA,NA,NA,NA,NA,NA,NA
"BerryCrust_0009377",NA,NA,NA,NA,NA,NA,NA
"BerryCrust_0009378","Eukaryota","Arthropoda","Malacostraca","Decapoda","Mithracidae","Teleophrys","Teleophrys cristulipes"
"BerryCrust_0009379",NA,NA,NA,NA,NA,NA,NA
"BerryCrust_0009380","Eukaryota",NA,NA,NA,NA,NA,NA
"BerryCrust_0009381","Eukaryota","Arthropoda","Malacostraca","Stomatopoda","Gonodactylidae","Neogonodactylus","Neogonodactylus bahiahondensis"
"BerryCrust_0009382",NA,NA,NA,NA,NA,NA,NA
"BerryCrust_0009383",NA,NA,NA,NA,NA,NA,NA
"BerryCrust_0009384",NA,NA,NA,NA,NA,NA,NA
"BerryCrust_0009385",NA,NA,NA,NA,NA,NA,NA
"BerryCrust_0009386","Eukaryota",NA,NA,NA,NA,NA,NA
"BerryCrust_0009387","Eukaryota",NA,NA,NA,NA,NA,NA
"BerryCrust_0009388",NA,NA,NA,NA,NA,NA,NA
"BerryCrust_0009389","Eukaryota","Arthropoda","Malacostraca","Decapoda","Mithracidae","Teleophrys","Teleophrys cristulipes"
"BerryCrust_0009390",NA,NA,NA,NA,NA,NA,NA
"BerryCrust_0009391","Eukaryota",NA,NA,NA,NA,NA,NA
"BerryCrust_0009392",NA,NA,NA,NA,NA,NA,NA
"BerryCrust_0009393",NA,NA,NA,NA,NA,NA,NA
"BerryCrust_0009394",NA,NA,NA,NA,NA,NA,NA
"BerryCrust_0009395","Eukaryota","Arthropoda","Malacostraca","Decapoda","Mithracidae","Teleophrys","Teleophrys cristulipes"
"BerryCrust_0009396",NA,NA,NA,NA,NA,NA,NA
"BerryCrust_0009397",NA,NA,NA,NA,NA,NA,NA
"BerryCrust_0009398","Eukaryota","Arthropoda","Malacostraca","Decapoda","Callianassidae",NA,NA
"BerryCrust_0009399","Eukaryota","Arthropoda","Malacostraca","Decapoda","Dairidae","Daira","Daira americana"
"BerryCrust_0009400",NA,NA,NA,NA,NA,NA,NA
"BerryCrust_0009401",NA,NA,NA,NA,NA,NA,NA
"BerryCrust_0009402",NA,NA,NA,NA,NA,NA,NA
"BerryCrust_0009403",NA,NA,NA,NA,NA,NA,NA
"BerryCrust_0009404",NA,NA,NA,NA,NA,NA,NA
"BerryCrust_0009405",NA,NA,NA,NA,NA,NA,NA
"BerryCrust_0009406",NA,NA,NA,NA,NA,NA,NA
"BerryCrust_0009407",NA,NA,NA,NA,NA,NA,NA
"BerryCrust_0009408",NA,NA,NA,NA,NA,NA,NA
"BerryCrust_0009409","Eukaryota","Arthropoda","Malacostraca","Decapoda","Dairidae","Daira","Daira americana"
"BerryCrust_0009410",NA,NA,NA,NA,NA,NA,NA
"BerryCrust_0009411",NA,NA,NA,NA,NA,NA,NA
"BerryCrust_0009412",NA,NA,NA,NA,NA,NA,NA
"BerryCrust_0009413",NA,NA,NA,NA,NA,NA,NA
"BerryCrust_0009414",NA,NA,NA,NA,NA,NA,NA
"BerryCrust_0009415",NA,NA,NA,NA,NA,NA,NA
"BerryCrust_0009416",NA,NA,NA,NA,NA,NA,NA
"BerryCrust_0009417","Eukaryota",NA,NA,NA,NA,NA,NA
"BerryCrust_0009418",NA,NA,NA,NA,NA,NA,NA
"BerryCrust_0009419",NA,NA,NA,NA,NA,NA,NA
"BerryCrust_0009420",NA,NA,NA,NA,NA,NA,NA
"BerryCrust_0009421",NA,NA,NA,NA,NA,NA,NA
"BerryCrust_0009422",NA,NA,NA,NA,NA,NA,NA
"BerryCrust_0009423",NA,NA,NA,NA,NA,NA,NA
"BerryCrust_0009424","Eukaryota","Arthropoda","Malacostraca","Decapoda","Dairidae","Daira","Daira americana"
"BerryCrust_0009425",NA,NA,NA,NA,NA,NA,NA
"BerryCrust_0009426",NA,NA,NA,NA,NA,NA,NA
"BerryCrust_0009427",NA,NA,NA,NA,NA,NA,NA
"BerryCrust_0009428",NA,NA,NA,NA,NA,NA,NA
"BerryCrust_0009429",NA,NA,NA,NA,NA,NA,NA
"BerryCrust_0009430",NA,NA,NA,NA,NA,NA,NA
"BerryCrust_0009431",NA,NA,NA,NA,NA,NA,NA
"BerryCrust_0009432",NA,NA,NA,NA,NA,NA,NA
"BerryCrust_0009433",NA,NA,NA,NA,NA,NA,NA
"BerryCrust_0009434",NA,NA,NA,NA,NA,NA,NA
"BerryCrust_0009435",NA,NA,NA,NA,NA,NA,NA
"BerryCrust_0009436",NA,NA,NA,NA,NA,NA,NA
"BerryCrust_0009437",NA,NA,NA,NA,NA,NA,NA
"BerryCrust_0009438",NA,NA,NA,NA,NA,NA,NA
"BerryCrust_0009439",NA,NA,NA,NA,NA,NA,NA
"BerryCrust_0009440",NA,NA,NA,NA,NA,NA,NA
"BerryCrust_0009441",NA,NA,NA,NA,NA,NA,NA
"BerryCrust_0009442","Eukaryota",NA,NA,NA,NA,NA,NA
"BerryCrust_0009443",NA,NA,NA,NA,NA,NA,NA
"BerryCrust_0009444",NA,NA,NA,NA,NA,NA,NA
"BerryCrust_0009445",NA,NA,NA,NA,NA,NA,NA
"BerryCrust_0009446",NA,NA,NA,NA,NA,NA,NA
"BerryCrust_0009447","Eukaryota","Arthropoda","Malacostraca","Decapoda","Mithracidae","Teleophrys","Teleophrys cristulipes"
"BerryCrust_0009448",NA,NA,NA,NA,NA,NA,NA
"BerryCrust_0009449","Eukaryota",NA,NA,NA,NA,NA,NA
"BerryCrust_0009450",NA,NA,NA,NA,NA,NA,NA
"BerryCrust_0009451",NA,NA,NA,NA,NA,NA,NA
"BerryCrust_0009452",NA,NA,NA,NA,NA,NA,NA
"BerryCrust_0009453",NA,NA,NA,NA,NA,NA,NA
"BerryCrust_0009454",NA,NA,NA,NA,NA,NA,NA
"BerryCrust_0009455","Eukaryota","Arthropoda","Malacostraca","Stomatopoda","Gonodactylidae","Neogonodactylus","Neogonodactylus bahiahondensis"
"BerryCrust_0009456",NA,NA,NA,NA,NA,NA,NA
"BerryCrust_0009457",NA,NA,NA,NA,NA,NA,NA
"BerryCrust_0009458",NA,NA,NA,NA,NA,NA,NA
"BerryCrust_0009459",NA,NA,NA,NA,NA,NA,NA
"BerryCrust_0009460",NA,NA,NA,NA,NA,NA,NA
"BerryCrust_0009461",NA,NA,NA,NA,NA,NA,NA
"BerryCrust_0009462",NA,NA,NA,NA,NA,NA,NA
"BerryCrust_0009463",NA,NA,NA,NA,NA,NA,NA
"BerryCrust_0009464","Eukaryota",NA,NA,NA,NA,NA,NA
"BerryCrust_0009465","Eukaryota","Arthropoda","Malacostraca","Decapoda","Mithracidae","Teleophrys","Teleophrys cristulipes"
"BerryCrust_0009466",NA,NA,NA,NA,NA,NA,NA
"BerryCrust_0009467",NA,NA,NA,NA,NA,NA,NA
"BerryCrust_0009468",NA,NA,NA,NA,NA,NA,NA
"BerryCrust_0009469",NA,NA,NA,NA,NA,NA,NA
"BerryCrust_0009470",NA,NA,NA,NA,NA,NA,NA
"BerryCrust_0009471",NA,NA,NA,NA,NA,NA,NA
"BerryCrust_0009472",NA,NA,NA,NA,NA,NA,NA
"BerryCrust_0009473",NA,NA,NA,NA,NA,NA,NA
"BerryCrust_0009474",NA,NA,NA,NA,NA,NA,NA
"BerryCrust_0009475",NA,NA,NA,NA,NA,NA,NA
"BerryCrust_0009476",NA,NA,NA,NA,NA,NA,NA
"BerryCrust_0009477",NA,NA,NA,NA,NA,NA,NA
"BerryCrust_0009478",NA,NA,NA,NA,NA,NA,NA
"BerryCrust_0009479",NA,NA,NA,NA,NA,NA,NA
"BerryCrust_0009480",NA,NA,NA,NA,NA,NA,NA
"BerryCrust_0009481",NA,NA,NA,NA,NA,NA,NA
"BerryCrust_0009482",NA,NA,NA,NA,NA,NA,NA
"BerryCrust_0009483",NA,NA,NA,NA,NA,NA,NA
"BerryCrust_0009484","Eukaryota",NA,NA,NA,NA,NA,NA
"BerryCrust_0009485",NA,NA,NA,NA,NA,NA,NA
"BerryCrust_0009486",NA,NA,NA,NA,NA,NA,NA
"BerryCrust_0009487",NA,NA,NA,NA,NA,NA,NA
"BerryCrust_0009488","Eukaryota","Arthropoda","Malacostraca","Decapoda","Porcellanidae","Petrolisthes","Petrolisthes glasselli"
"BerryCrust_0009489",NA,NA,NA,NA,NA,NA,NA
"BerryCrust_0009490",NA,NA,NA,NA,NA,NA,NA
"BerryCrust_0009491","Eukaryota","Arthropoda","Malacostraca","Decapoda","Alpheidae","Synalpheus",NA
"BerryCrust_0009492","Eukaryota","Arthropoda","Malacostraca","Decapoda","Alpheidae","Synalpheus",NA
"BerryCrust_0009493","Eukaryota",NA,NA,NA,NA,NA,NA
"BerryCrust_0009494","Eukaryota","Arthropoda","Malacostraca","Decapoda","Mithracidae","Teleophrys","Teleophrys cristulipes"
"BerryCrust_0009495",NA,NA,NA,NA,NA,NA,NA
"BerryCrust_0009496","Eukaryota",NA,NA,NA,NA,NA,NA
"BerryCrust_0009497",NA,NA,NA,NA,NA,NA,NA
"BerryCrust_0009498",NA,NA,NA,NA,NA,NA,NA
"BerryCrust_0009499",NA,NA,NA,NA,NA,NA,NA
"BerryCrust_0009500",NA,NA,NA,NA,NA,NA,NA
"BerryCrust_0009501",NA,NA,NA,NA,NA,NA,NA
"BerryCrust_0009502",NA,NA,NA,NA,NA,NA,NA
"BerryCrust_0009503",NA,NA,NA,NA,NA,NA,NA
"BerryCrust_0009504",NA,NA,NA,NA,NA,NA,NA
"BerryCrust_0009505","Eukaryota","Arthropoda","Malacostraca","Decapoda","Alpheidae","Pomagnathus","Pomagnathus corallinus"
"BerryCrust_0009506",NA,NA,NA,NA,NA,NA,NA
"BerryCrust_0009507",NA,NA,NA,NA,NA,NA,NA
"BerryCrust_0009508",NA,NA,NA,NA,NA,NA,NA
"BerryCrust_0009509","Eukaryota",NA,NA,NA,NA,NA,NA
"BerryCrust_0009510",NA,NA,NA,NA,NA,NA,NA
"BerryCrust_0009511",NA,NA,NA,NA,NA,NA,NA
"BerryCrust_0009512","Eukaryota","Arthropoda","Malacostraca","Decapoda","Mithracidae","Teleophrys","Teleophrys cristulipes"
"BerryCrust_0009513",NA,NA,NA,NA,NA,NA,NA
"BerryCrust_0009514",NA,NA,NA,NA,NA,NA,NA
"BerryCrust_0009515","Eukaryota","Arthropoda","Malacostraca","Decapoda","Callianassidae","Corallianassa",NA
"BerryCrust_0009516","Eukaryota","Arthropoda","Malacostraca","Decapoda","Mithracidae","Teleophrys","Teleophrys cristulipes"
"BerryCrust_0009517",NA,NA,NA,NA,NA,NA,NA
"BerryCrust_0009518",NA,NA,NA,NA,NA,NA,NA
"BerryCrust_0009519",NA,NA,NA,NA,NA,NA,NA
"BerryCrust_0009520",NA,NA,NA,NA,NA,NA,NA
"BerryCrust_0009521",NA,NA,NA,NA,NA,NA,NA
"BerryCrust_0009522",NA,NA,NA,NA,NA,NA,NA
"BerryCrust_0009523",NA,NA,NA,NA,NA,NA,NA
"BerryCrust_0009524",NA,NA,NA,NA,NA,NA,NA
"BerryCrust_0009525",NA,NA,NA,NA,NA,NA,NA
"BerryCrust_0009526",NA,NA,NA,NA,NA,NA,NA
"BerryCrust_0009527","Eukaryota","Arthropoda","Malacostraca","Decapoda","Mithracidae","Teleophrys","Teleophrys cristulipes"
"BerryCrust_0009528",NA,NA,NA,NA,NA,NA,NA
"BerryCrust_0009529",NA,NA,NA,NA,NA,NA,NA
"BerryCrust_0009530",NA,NA,NA,NA,NA,NA,NA
"BerryCrust_0009531",NA,NA,NA,NA,NA,NA,NA
"BerryCrust_0009532",NA,NA,NA,NA,NA,NA,NA
"BerryCrust_0009533","Eukaryota","Arthropoda","Malacostraca","Decapoda","Mithracidae","Teleophrys","Teleophrys cristulipes"
"BerryCrust_0009534",NA,NA,NA,NA,NA,NA,NA
"BerryCrust_0009535",NA,NA,NA,NA,NA,NA,NA
"BerryCrust_0009536",NA,NA,NA,NA,NA,NA,NA
"BerryCrust_0009537","Eukaryota",NA,NA,NA,NA,NA,NA
"BerryCrust_0009538",NA,NA,NA,NA,NA,NA,NA
"BerryCrust_0009539","Eukaryota",NA,NA,NA,NA,NA,NA
"BerryCrust_0009540","Eukaryota",NA,NA,NA,NA,NA,NA
"BerryCrust_0009541",NA,NA,NA,NA,NA,NA,NA
"BerryCrust_0009542",NA,NA,NA,NA,NA,NA,NA
"BerryCrust_0009543","Eukaryota","Arthropoda","Malacostraca","Decapoda","Porcellanidae","Petrolisthes","Petrolisthes glasselli"
"BerryCrust_0009544",NA,NA,NA,NA,NA,NA,NA
"BerryCrust_0009545",NA,NA,NA,NA,NA,NA,NA
"BerryCrust_0009546",NA,NA,NA,NA,NA,NA,NA
"BerryCrust_0009547",NA,NA,NA,NA,NA,NA,NA
"BerryCrust_0009548",NA,NA,NA,NA,NA,NA,NA
"BerryCrust_0009549",NA,NA,NA,NA,NA,NA,NA
"BerryCrust_0009550",NA,NA,NA,NA,NA,NA,NA
"BerryCrust_0009551","Eukaryota","Arthropoda","Malacostraca","Decapoda","Mithracidae","Teleophrys","Teleophrys cristulipes"
"BerryCrust_0009552",NA,NA,NA,NA,NA,NA,NA
"BerryCrust_0009553",NA,NA,NA,NA,NA,NA,NA
"BerryCrust_0009554",NA,NA,NA,NA,NA,NA,NA
"BerryCrust_0009555",NA,NA,NA,NA,NA,NA,NA
"BerryCrust_0009556",NA,NA,NA,NA,NA,NA,NA
"BerryCrust_0009557",NA,NA,NA,NA,NA,NA,NA
"BerryCrust_0009558",NA,NA,NA,NA,NA,NA,NA
"BerryCrust_0009559",NA,NA,NA,NA,NA,NA,NA
"BerryCrust_0009560",NA,NA,NA,NA,NA,NA,NA
"BerryCrust_0009561",NA,NA,NA,NA,NA,NA,NA
"BerryCrust_0009562",NA,NA,NA,NA,NA,NA,NA
"BerryCrust_0009563",NA,NA,NA,NA,NA,NA,NA
"BerryCrust_0009564",NA,NA,NA,NA,NA,NA,NA
"BerryCrust_0009565",NA,NA,NA,NA,NA,NA,NA
"BerryCrust_0009566",NA,NA,NA,NA,NA,NA,NA
"BerryCrust_0009567",NA,NA,NA,NA,NA,NA,NA
"BerryCrust_0009568",NA,NA,NA,NA,NA,NA,NA
"BerryCrust_0009569",NA,NA,NA,NA,NA,NA,NA
"BerryCrust_0009570","Eukaryota",NA,NA,NA,NA,NA,NA
"BerryCrust_0009571",NA,NA,NA,NA,NA,NA,NA
"BerryCrust_0009572",NA,NA,NA,NA,NA,NA,NA
"BerryCrust_0009573","Eukaryota",NA,NA,NA,NA,NA,NA
"BerryCrust_0009574",NA,NA,NA,NA,NA,NA,NA
"BerryCrust_0009575",NA,NA,NA,NA,NA,NA,NA
"BerryCrust_0009576","Eukaryota",NA,NA,NA,NA,NA,NA
"BerryCrust_0009577",NA,NA,NA,NA,NA,NA,NA
"BerryCrust_0009578",NA,NA,NA,NA,NA,NA,NA
"BerryCrust_0009579",NA,NA,NA,NA,NA,NA,NA
"BerryCrust_0009580",NA,NA,NA,NA,NA,NA,NA
"BerryCrust_0009581",NA,NA,NA,NA,NA,NA,NA
"BerryCrust_0009582",NA,NA,NA,NA,NA,NA,NA
"BerryCrust_0009583","Eukaryota",NA,NA,NA,NA,NA,NA
"BerryCrust_0009584",NA,NA,NA,NA,NA,NA,NA
"BerryCrust_0009585",NA,NA,NA,NA,NA,NA,NA
"BerryCrust_0009586",NA,NA,NA,NA,NA,NA,NA
"BerryCrust_0009587",NA,NA,NA,NA,NA,NA,NA
"BerryCrust_0009588",NA,NA,NA,NA,NA,NA,NA
"BerryCrust_0009589","Eukaryota","Arthropoda","Malacostraca","Decapoda","Hippidae","Hippa","Hippa pacifica"
"BerryCrust_0009590",NA,NA,NA,NA,NA,NA,NA
"BerryCrust_0009591",NA,NA,NA,NA,NA,NA,NA
"BerryCrust_0009592",NA,NA,NA,NA,NA,NA,NA
"BerryCrust_0009593",NA,NA,NA,NA,NA,NA,NA
"BerryCrust_0009594",NA,NA,NA,NA,NA,NA,NA
"BerryCrust_0009595",NA,NA,NA,NA,NA,NA,NA
"BerryCrust_0009596",NA,NA,NA,NA,NA,NA,NA
"BerryCrust_0009597",NA,NA,NA,NA,NA,NA,NA
"BerryCrust_0009598","Eukaryota",NA,NA,NA,NA,NA,NA
"BerryCrust_0009599","Eukaryota",NA,NA,NA,NA,NA,NA
"BerryCrust_0009600",NA,NA,NA,NA,NA,NA,NA
"BerryCrust_0009601",NA,NA,NA,NA,NA,NA,NA
"BerryCrust_0009602",NA,NA,NA,NA,NA,NA,NA
"BerryCrust_0009603",NA,NA,NA,NA,NA,NA,NA
"BerryCrust_0009604",NA,NA,NA,NA,NA,NA,NA
"BerryCrust_0009605",NA,NA,NA,NA,NA,NA,NA
"BerryCrust_0009606",NA,NA,NA,NA,NA,NA,NA
"BerryCrust_0009607","Eukaryota","Arthropoda",NA,NA,NA,NA,NA
"BerryCrust_0009608",NA,NA,NA,NA,NA,NA,NA
"BerryCrust_0009609",NA,NA,NA,NA,NA,NA,NA
"BerryCrust_0009610","Eukaryota","Arthropoda","Malacostraca","Decapoda","Hippidae","Hippa","Hippa pacifica"
"BerryCrust_0009611",NA,NA,NA,NA,NA,NA,NA
"BerryCrust_0009612",NA,NA,NA,NA,NA,NA,NA
"BerryCrust_0009613",NA,NA,NA,NA,NA,NA,NA
"BerryCrust_0009614",NA,NA,NA,NA,NA,NA,NA
"BerryCrust_0009615","Eukaryota",NA,NA,NA,NA,NA,NA
"BerryCrust_0009616","Eukaryota","Arthropoda","Malacostraca","Decapoda","Callianassidae",NA,NA
"BerryCrust_0009617",NA,NA,NA,NA,NA,NA,NA
"BerryCrust_0009618",NA,NA,NA,NA,NA,NA,NA
"BerryCrust_0009619",NA,NA,NA,NA,NA,NA,NA
"BerryCrust_0009620",NA,NA,NA,NA,NA,NA,NA
"BerryCrust_0009621",NA,NA,NA,NA,NA,NA,NA
"BerryCrust_0009622",NA,NA,NA,NA,NA,NA,NA
"BerryCrust_0009623",NA,NA,NA,NA,NA,NA,NA
"BerryCrust_0009624","Eukaryota",NA,NA,NA,NA,NA,NA
"BerryCrust_0009625",NA,NA,NA,NA,NA,NA,NA
"BerryCrust_0009626",NA,NA,NA,NA,NA,NA,NA
"BerryCrust_0009627",NA,NA,NA,NA,NA,NA,NA
"BerryCrust_0009628",NA,NA,NA,NA,NA,NA,NA
"BerryCrust_0009629","Eukaryota",NA,NA,NA,NA,NA,NA
"BerryCrust_0009630",NA,NA,NA,NA,NA,NA,NA
"BerryCrust_0009631",NA,NA,NA,NA,NA,NA,NA
"BerryCrust_0009632","Eukaryota",NA,NA,NA,NA,NA,NA
"BerryCrust_0009633",NA,NA,NA,NA,NA,NA,NA
"BerryCrust_0009634",NA,NA,NA,NA,NA,NA,NA
"BerryCrust_0009635",NA,NA,NA,NA,NA,NA,NA
"BerryCrust_0009636",NA,NA,NA,NA,NA,NA,NA
"BerryCrust_0009637","Eukaryota",NA,NA,NA,NA,NA,NA
"BerryCrust_0009638",NA,NA,NA,NA,NA,NA,NA
"BerryCrust_0009639",NA,NA,NA,NA,NA,NA,NA
"BerryCrust_0009640","Eukaryota","Arthropoda","Malacostraca","Decapoda","Callianassidae",NA,NA
"BerryCrust_0009641",NA,NA,NA,NA,NA,NA,NA
"BerryCrust_0009642",NA,NA,NA,NA,NA,NA,NA
"BerryCrust_0009643",NA,NA,NA,NA,NA,NA,NA
"BerryCrust_0009644",NA,NA,NA,NA,NA,NA,NA
"BerryCrust_0009645",NA,NA,NA,NA,NA,NA,NA
"BerryCrust_0009646",NA,NA,NA,NA,NA,NA,NA
"BerryCrust_0009647",NA,NA,NA,NA,NA,NA,NA
"BerryCrust_0009648",NA,NA,NA,NA,NA,NA,NA
"BerryCrust_0009649",NA,NA,NA,NA,NA,NA,NA
"BerryCrust_0009650","Eukaryota",NA,NA,NA,NA,NA,NA
"BerryCrust_0009651",NA,NA,NA,NA,NA,NA,NA
"BerryCrust_0009652",NA,NA,NA,NA,NA,NA,NA
"BerryCrust_0009653",NA,NA,NA,NA,NA,NA,NA
"BerryCrust_0009654",NA,NA,NA,NA,NA,NA,NA
"BerryCrust_0009655",NA,NA,NA,NA,NA,NA,NA
"BerryCrust_0009656",NA,NA,NA,NA,NA,NA,NA
"BerryCrust_0009657",NA,NA,NA,NA,NA,NA,NA
"BerryCrust_0009658","Eukaryota",NA,NA,NA,NA,NA,NA
"BerryCrust_0009659",NA,NA,NA,NA,NA,NA,NA
"BerryCrust_0009660",NA,NA,NA,NA,NA,NA,NA
"BerryCrust_0009661",NA,NA,NA,NA,NA,NA,NA
"BerryCrust_0009662",NA,NA,NA,NA,NA,NA,NA
"BerryCrust_0009663",NA,NA,NA,NA,NA,NA,NA
"BerryCrust_0009664",NA,NA,NA,NA,NA,NA,NA
"BerryCrust_0009665",NA,NA,NA,NA,NA,NA,NA
"BerryCrust_0009666",NA,NA,NA,NA,NA,NA,NA
"BerryCrust_0009667",NA,NA,NA,NA,NA,NA,NA
"BerryCrust_0009668","Eukaryota","Arthropoda",NA,NA,NA,NA,NA
"BerryCrust_0009669",NA,NA,NA,NA,NA,NA,NA
"BerryCrust_0009670",NA,NA,NA,NA,NA,NA,NA
"BerryCrust_0009671",NA,NA,NA,NA,NA,NA,NA
"BerryCrust_0009672",NA,NA,NA,NA,NA,NA,NA
"BerryCrust_0009673",NA,NA,NA,NA,NA,NA,NA
"BerryCrust_0009674",NA,NA,NA,NA,NA,NA,NA
"BerryCrust_0009675",NA,NA,NA,NA,NA,NA,NA
"BerryCrust_0009676",NA,NA,NA,NA,NA,NA,NA
"BerryCrust_0009677",NA,NA,NA,NA,NA,NA,NA
"BerryCrust_0009678",NA,NA,NA,NA,NA,NA,NA
"BerryCrust_0009679",NA,NA,NA,NA,NA,NA,NA
"BerryCrust_0009680",NA,NA,NA,NA,NA,NA,NA
"BerryCrust_0009681",NA,NA,NA,NA,NA,NA,NA
"BerryCrust_0009682",NA,NA,NA,NA,NA,NA,NA
"BerryCrust_0009683",NA,NA,NA,NA,NA,NA,NA
"BerryCrust_0009684",NA,NA,NA,NA,NA,NA,NA
"BerryCrust_0009685",NA,NA,NA,NA,NA,NA,NA
"BerryCrust_0009686",NA,NA,NA,NA,NA,NA,NA
"BerryCrust_0009687","Eukaryota","Arthropoda","Malacostraca","Decapoda","Hippidae","Hippa","Hippa pacifica"
"BerryCrust_0009688",NA,NA,NA,NA,NA,NA,NA
"BerryCrust_0009689",NA,NA,NA,NA,NA,NA,NA
"BerryCrust_0009690",NA,NA,NA,NA,NA,NA,NA
"BerryCrust_0009691",NA,NA,NA,NA,NA,NA,NA
"BerryCrust_0009692",NA,NA,NA,NA,NA,NA,NA
"BerryCrust_0009693",NA,NA,NA,NA,NA,NA,NA
"BerryCrust_0009694",NA,NA,NA,NA,NA,NA,NA
"BerryCrust_0009695",NA,NA,NA,NA,NA,NA,NA
"BerryCrust_0009696",NA,NA,NA,NA,NA,NA,NA
"BerryCrust_0009697",NA,NA,NA,NA,NA,NA,NA
"BerryCrust_0009698","Eukaryota","Arthropoda","Malacostraca","Decapoda","Portunidae","Cronius",NA
"BerryCrust_0009699",NA,NA,NA,NA,NA,NA,NA
"BerryCrust_0009700",NA,NA,NA,NA,NA,NA,NA
"BerryCrust_0009701",NA,NA,NA,NA,NA,NA,NA
"BerryCrust_0009702",NA,NA,NA,NA,NA,NA,NA
"BerryCrust_0009703",NA,NA,NA,NA,NA,NA,NA
"BerryCrust_0009704",NA,NA,NA,NA,NA,NA,NA
"BerryCrust_0009705",NA,NA,NA,NA,NA,NA,NA
"BerryCrust_0009706",NA,NA,NA,NA,NA,NA,NA
"BerryCrust_0009707",NA,NA,NA,NA,NA,NA,NA
"BerryCrust_0009708",NA,NA,NA,NA,NA,NA,NA
"BerryCrust_0009709",NA,NA,NA,NA,NA,NA,NA
"BerryCrust_0009710",NA,NA,NA,NA,NA,NA,NA
"BerryCrust_0009711",NA,NA,NA,NA,NA,NA,NA
"BerryCrust_0009712",NA,NA,NA,NA,NA,NA,NA
"BerryCrust_0009713",NA,NA,NA,NA,NA,NA,NA
"BerryCrust_0009714",NA,NA,NA,NA,NA,NA,NA
"BerryCrust_0009715",NA,NA,NA,NA,NA,NA,NA
"BerryCrust_0009716",NA,NA,NA,NA,NA,NA,NA
"BerryCrust_0009717",NA,NA,NA,NA,NA,NA,NA
"BerryCrust_0009718",NA,NA,NA,NA,NA,NA,NA
"BerryCrust_0009719",NA,NA,NA,NA,NA,NA,NA
"BerryCrust_0009720",NA,NA,NA,NA,NA,NA,NA
"BerryCrust_0009721",NA,NA,NA,NA,NA,NA,NA
"BerryCrust_0009722",NA,NA,NA,NA,NA,NA,NA
"BerryCrust_0009723",NA,NA,NA,NA,NA,NA,NA
"BerryCrust_0009724",NA,NA,NA,NA,NA,NA,NA
"BerryCrust_0009725",NA,NA,NA,NA,NA,NA,NA
"BerryCrust_0009726",NA,NA,NA,NA,NA,NA,NA
"BerryCrust_0009727",NA,NA,NA,NA,NA,NA,NA
"BerryCrust_0009728",NA,NA,NA,NA,NA,NA,NA
"BerryCrust_0009729",NA,NA,NA,NA,NA,NA,NA
"BerryCrust_0009730",NA,NA,NA,NA,NA,NA,NA
"BerryCrust_0009731",NA,NA,NA,NA,NA,NA,NA
"BerryCrust_0009732",NA,NA,NA,NA,NA,NA,NA
"BerryCrust_0009733",NA,NA,NA,NA,NA,NA,NA
"BerryCrust_0009734",NA,NA,NA,NA,NA,NA,NA
"BerryCrust_0009735","Eukaryota",NA,NA,NA,NA,NA,NA
"BerryCrust_0009736",NA,NA,NA,NA,NA,NA,NA
"BerryCrust_0009737",NA,NA,NA,NA,NA,NA,NA
"BerryCrust_0009738","Eukaryota",NA,NA,NA,NA,NA,NA
"BerryCrust_0009739",NA,NA,NA,NA,NA,NA,NA
"BerryCrust_0009740",NA,NA,NA,NA,NA,NA,NA
"BerryCrust_0009741",NA,NA,NA,NA,NA,NA,NA
"BerryCrust_0009742","Eukaryota","Arthropoda","Malacostraca","Decapoda","Hippidae","Hippa","Hippa pacifica"
"BerryCrust_0009743",NA,NA,NA,NA,NA,NA,NA
"BerryCrust_0009744",NA,NA,NA,NA,NA,NA,NA
"BerryCrust_0009745","Eukaryota",NA,NA,NA,NA,NA,NA
"BerryCrust_0009746",NA,NA,NA,NA,NA,NA,NA
"BerryCrust_0009747",NA,NA,NA,NA,NA,NA,NA
"BerryCrust_0009748","Eukaryota",NA,NA,NA,NA,NA,NA
"BerryCrust_0009749",NA,NA,NA,NA,NA,NA,NA
"BerryCrust_0009750",NA,NA,NA,NA,NA,NA,NA
"BerryCrust_0009751",NA,NA,NA,NA,NA,NA,NA
"BerryCrust_0009752",NA,NA,NA,NA,NA,NA,NA
"BerryCrust_0009753",NA,NA,NA,NA,NA,NA,NA
"BerryCrust_0009754",NA,NA,NA,NA,NA,NA,NA
"BerryCrust_0009755",NA,NA,NA,NA,NA,NA,NA
"BerryCrust_0009756",NA,NA,NA,NA,NA,NA,NA
"BerryCrust_0009757",NA,NA,NA,NA,NA,NA,NA
"BerryCrust_0009758",NA,NA,NA,NA,NA,NA,NA
"BerryCrust_0009759",NA,NA,NA,NA,NA,NA,NA
"BerryCrust_0009760","Eukaryota","Arthropoda","Malacostraca","Decapoda","Palinuridae","Panulirus","Panulirus gracilis"
"BerryCrust_0009761",NA,NA,NA,NA,NA,NA,NA
"BerryCrust_0009762",NA,NA,NA,NA,NA,NA,NA
"BerryCrust_0009763",NA,NA,NA,NA,NA,NA,NA
"BerryCrust_0009764",NA,NA,NA,NA,NA,NA,NA
"BerryCrust_0009765",NA,NA,NA,NA,NA,NA,NA
"BerryCrust_0009766",NA,NA,NA,NA,NA,NA,NA
"BerryCrust_0009767",NA,NA,NA,NA,NA,NA,NA
"BerryCrust_0009768",NA,NA,NA,NA,NA,NA,NA
"BerryCrust_0009769",NA,NA,NA,NA,NA,NA,NA
"BerryCrust_0009770",NA,NA,NA,NA,NA,NA,NA
"BerryCrust_0009771",NA,NA,NA,NA,NA,NA,NA
"BerryCrust_0009772","Eukaryota","Arthropoda","Malacostraca","Decapoda","Ocypodidae","Ocypode",NA
"BerryCrust_0009773",NA,NA,NA,NA,NA,NA,NA
"BerryCrust_0009774","Eukaryota",NA,NA,NA,NA,NA,NA
"BerryCrust_0009775",NA,NA,NA,NA,NA,NA,NA
"BerryCrust_0009776",NA,NA,NA,NA,NA,NA,NA
"BerryCrust_0009777",NA,NA,NA,NA,NA,NA,NA
"BerryCrust_0009778",NA,NA,NA,NA,NA,NA,NA
"BerryCrust_0009779",NA,NA,NA,NA,NA,NA,NA
"BerryCrust_0009780",NA,NA,NA,NA,NA,NA,NA
"BerryCrust_0009781",NA,NA,NA,NA,NA,NA,NA
"BerryCrust_0009782","Eukaryota","Arthropoda","Malacostraca","Decapoda","Palinuridae","Panulirus","Panulirus gracilis"
"BerryCrust_0009783",NA,NA,NA,NA,NA,NA,NA
"BerryCrust_0009784",NA,NA,NA,NA,NA,NA,NA
"BerryCrust_0009785","Eukaryota",NA,NA,NA,NA,NA,NA
"BerryCrust_0009786",NA,NA,NA,NA,NA,NA,NA
"BerryCrust_0009787",NA,NA,NA,NA,NA,NA,NA
"BerryCrust_0009788",NA,NA,NA,NA,NA,NA,NA
"BerryCrust_0009789",NA,NA,NA,NA,NA,NA,NA
"BerryCrust_0009790",NA,NA,NA,NA,NA,NA,NA
"BerryCrust_0009791",NA,NA,NA,NA,NA,NA,NA
"BerryCrust_0009792",NA,NA,NA,NA,NA,NA,NA
"BerryCrust_0009793",NA,NA,NA,NA,NA,NA,NA
"BerryCrust_0009794",NA,NA,NA,NA,NA,NA,NA
"BerryCrust_0009795",NA,NA,NA,NA,NA,NA,NA
"BerryCrust_0009796",NA,NA,NA,NA,NA,NA,NA
"BerryCrust_0009797",NA,NA,NA,NA,NA,NA,NA
"BerryCrust_0009798",NA,NA,NA,NA,NA,NA,NA
"BerryCrust_0009799",NA,NA,NA,NA,NA,NA,NA
"BerryCrust_0009800",NA,NA,NA,NA,NA,NA,NA
"BerryCrust_0009801",NA,NA,NA,NA,NA,NA,NA
"BerryCrust_0009802",NA,NA,NA,NA,NA,NA,NA
"BerryCrust_0009803",NA,NA,NA,NA,NA,NA,NA
"BerryCrust_0009804",NA,NA,NA,NA,NA,NA,NA
"BerryCrust_0009805",NA,NA,NA,NA,NA,NA,NA
"BerryCrust_0009806",NA,NA,NA,NA,NA,NA,NA
"BerryCrust_0009807",NA,NA,NA,NA,NA,NA,NA
"BerryCrust_0009808",NA,NA,NA,NA,NA,NA,NA
"BerryCrust_0009809",NA,NA,NA,NA,NA,NA,NA
"BerryCrust_0009810",NA,NA,NA,NA,NA,NA,NA
"BerryCrust_0009811",NA,NA,NA,NA,NA,NA,NA
"BerryCrust_0009812",NA,NA,NA,NA,NA,NA,NA
"BerryCrust_0009813",NA,NA,NA,NA,NA,NA,NA
"BerryCrust_0009814",NA,NA,NA,NA,NA,NA,NA
"BerryCrust_0009815",NA,NA,NA,NA,NA,NA,NA
"BerryCrust_0009816",NA,NA,NA,NA,NA,NA,NA
"BerryCrust_0009817",NA,NA,NA,NA,NA,NA,NA
"BerryCrust_0009818",NA,NA,NA,NA,NA,NA,NA
"BerryCrust_0009819",NA,NA,NA,NA,NA,NA,NA
"BerryCrust_0009820",NA,NA,NA,NA,NA,NA,NA
"BerryCrust_0009821",NA,NA,NA,NA,NA,NA,NA
"BerryCrust_0009822",NA,NA,NA,NA,NA,NA,NA
"BerryCrust_0009823",NA,NA,NA,NA,NA,NA,NA
"BerryCrust_0009824",NA,NA,NA,NA,NA,NA,NA
"BerryCrust_0009825",NA,NA,NA,NA,NA,NA,NA
"BerryCrust_0009826",NA,NA,NA,NA,NA,NA,NA
"BerryCrust_0009827",NA,NA,NA,NA,NA,NA,NA
"BerryCrust_0009828",NA,NA,NA,NA,NA,NA,NA
"BerryCrust_0009829",NA,NA,NA,NA,NA,NA,NA
"BerryCrust_0009830",NA,NA,NA,NA,NA,NA,NA
"BerryCrust_0009831",NA,NA,NA,NA,NA,NA,NA
"BerryCrust_0009832",NA,NA,NA,NA,NA,NA,NA
"BerryCrust_0009833",NA,NA,NA,NA,NA,NA,NA
"BerryCrust_0009834",NA,NA,NA,NA,NA,NA,NA
"BerryCrust_0009835",NA,NA,NA,NA,NA,NA,NA
"BerryCrust_0009836",NA,NA,NA,NA,NA,NA,NA
"BerryCrust_0009837",NA,NA,NA,NA,NA,NA,NA
"BerryCrust_0009838",NA,NA,NA,NA,NA,NA,NA
"BerryCrust_0009839",NA,NA,NA,NA,NA,NA,NA
"BerryCrust_0009840",NA,NA,NA,NA,NA,NA,NA
"BerryCrust_0009841",NA,NA,NA,NA,NA,NA,NA
"BerryCrust_0009842",NA,NA,NA,NA,NA,NA,NA
"BerryCrust_0009843",NA,NA,NA,NA,NA,NA,NA
"BerryCrust_0009844",NA,NA,NA,NA,NA,NA,NA
"BerryCrust_0009845",NA,NA,NA,NA,NA,NA,NA
"BerryCrust_0009846",NA,NA,NA,NA,NA,NA,NA
"BerryCrust_0009847",NA,NA,NA,NA,NA,NA,NA
"BerryCrust_0009848",NA,NA,NA,NA,NA,NA,NA
"BerryCrust_0009849",NA,NA,NA,NA,NA,NA,NA
"BerryCrust_0009850",NA,NA,NA,NA,NA,NA,NA
"BerryCrust_0009851",NA,NA,NA,NA,NA,NA,NA
"BerryCrust_0009852",NA,NA,NA,NA,NA,NA,NA
"BerryCrust_0009853",NA,NA,NA,NA,NA,NA,NA
"BerryCrust_0009854",NA,NA,NA,NA,NA,NA,NA
"BerryCrust_0009855",NA,NA,NA,NA,NA,NA,NA
"BerryCrust_0009856",NA,NA,NA,NA,NA,NA,NA
"BerryCrust_0009857",NA,NA,NA,NA,NA,NA,NA
"BerryCrust_0009858",NA,NA,NA,NA,NA,NA,NA
"BerryCrust_0009859",NA,NA,NA,NA,NA,NA,NA
"BerryCrust_0009860",NA,NA,NA,NA,NA,NA,NA
"BerryCrust_0009861",NA,NA,NA,NA,NA,NA,NA
"BerryCrust_0009862",NA,NA,NA,NA,NA,NA,NA
"BerryCrust_0009863",NA,NA,NA,NA,NA,NA,NA
"BerryCrust_0009864",NA,NA,NA,NA,NA,NA,NA
"BerryCrust_0009865",NA,NA,NA,NA,NA,NA,NA
"BerryCrust_0009866",NA,NA,NA,NA,NA,NA,NA
"BerryCrust_0009867",NA,NA,NA,NA,NA,NA,NA
"BerryCrust_0009868",NA,NA,NA,NA,NA,NA,NA
"BerryCrust_0009869",NA,NA,NA,NA,NA,NA,NA
"BerryCrust_0009870",NA,NA,NA,NA,NA,NA,NA
"BerryCrust_0009871",NA,NA,NA,NA,NA,NA,NA
"BerryCrust_0009872",NA,NA,NA,NA,NA,NA,NA
"BerryCrust_0009873",NA,NA,NA,NA,NA,NA,NA
"BerryCrust_0009874",NA,NA,NA,NA,NA,NA,NA
"BerryCrust_0009875",NA,NA,NA,NA,NA,NA,NA
"BerryCrust_0009876",NA,NA,NA,NA,NA,NA,NA
"BerryCrust_0009877",NA,NA,NA,NA,NA,NA,NA
"BerryCrust_0009878",NA,NA,NA,NA,NA,NA,NA
"BerryCrust_0009879",NA,NA,NA,NA,NA,NA,NA
"BerryCrust_0009880",NA,NA,NA,NA,NA,NA,NA
"BerryCrust_0009881","Eukaryota","Arthropoda","Malacostraca","Decapoda","Hippidae","Hippa","Hippa pacifica"
"BerryCrust_0009882",NA,NA,NA,NA,NA,NA,NA
"BerryCrust_0009883",NA,NA,NA,NA,NA,NA,NA
"BerryCrust_0009884",NA,NA,NA,NA,NA,NA,NA
"BerryCrust_0009885",NA,NA,NA,NA,NA,NA,NA
"BerryCrust_0009886",NA,NA,NA,NA,NA,NA,NA
"BerryCrust_0009887",NA,NA,NA,NA,NA,NA,NA
"BerryCrust_0009888",NA,NA,NA,NA,NA,NA,NA
"BerryCrust_0009889",NA,NA,NA,NA,NA,NA,NA
"BerryCrust_0009890",NA,NA,NA,NA,NA,NA,NA
"BerryCrust_0009891",NA,NA,NA,NA,NA,NA,NA
"BerryCrust_0009892",NA,NA,NA,NA,NA,NA,NA
"BerryCrust_0009893",NA,NA,NA,NA,NA,NA,NA
"BerryCrust_0009894",NA,NA,NA,NA,NA,NA,NA
"BerryCrust_0009895",NA,NA,NA,NA,NA,NA,NA
"BerryCrust_0009896",NA,NA,NA,NA,NA,NA,NA
"BerryCrust_0009897",NA,NA,NA,NA,NA,NA,NA
"BerryCrust_0009898",NA,NA,NA,NA,NA,NA,NA
"BerryCrust_0009899",NA,NA,NA,NA,NA,NA,NA
"BerryCrust_0009900",NA,NA,NA,NA,NA,NA,NA
"BerryCrust_0009901",NA,NA,NA,NA,NA,NA,NA
"BerryCrust_0009902",NA,NA,NA,NA,NA,NA,NA
"BerryCrust_0009903",NA,NA,NA,NA,NA,NA,NA
"BerryCrust_0009904",NA,NA,NA,NA,NA,NA,NA
"BerryCrust_0009905",NA,NA,NA,NA,NA,NA,NA
"BerryCrust_0009906",NA,NA,NA,NA,NA,NA,NA
"BerryCrust_0009907",NA,NA,NA,NA,NA,NA,NA
"BerryCrust_0009908",NA,NA,NA,NA,NA,NA,NA
"BerryCrust_0009909",NA,NA,NA,NA,NA,NA,NA
"BerryCrust_0009910","Eukaryota","Arthropoda","Malacostraca","Decapoda","Mithracidae","Teleophrys","Teleophrys cristulipes"
"BerryCrust_0009911",NA,NA,NA,NA,NA,NA,NA
"BerryCrust_0009912",NA,NA,NA,NA,NA,NA,NA
"BerryCrust_0009913",NA,NA,NA,NA,NA,NA,NA
"BerryCrust_0009914",NA,NA,NA,NA,NA,NA,NA
"BerryCrust_0009915",NA,NA,NA,NA,NA,NA,NA
"BerryCrust_0009916",NA,NA,NA,NA,NA,NA,NA
"BerryCrust_0009917",NA,NA,NA,NA,NA,NA,NA
"BerryCrust_0009918",NA,NA,NA,NA,NA,NA,NA
"BerryCrust_0009919","Eukaryota",NA,NA,NA,NA,NA,NA
"BerryCrust_0009920",NA,NA,NA,NA,NA,NA,NA
"BerryCrust_0009921",NA,NA,NA,NA,NA,NA,NA
"BerryCrust_0009922",NA,NA,NA,NA,NA,NA,NA
"BerryCrust_0009923",NA,NA,NA,NA,NA,NA,NA
"BerryCrust_0009924",NA,NA,NA,NA,NA,NA,NA
"BerryCrust_0009925",NA,NA,NA,NA,NA,NA,NA
"BerryCrust_0009926","Eukaryota",NA,NA,NA,NA,NA,NA
"BerryCrust_0009927","Eukaryota","Arthropoda",NA,NA,NA,NA,NA
"BerryCrust_0009928",NA,NA,NA,NA,NA,NA,NA
"BerryCrust_0009929",NA,NA,NA,NA,NA,NA,NA
"BerryCrust_0009930",NA,NA,NA,NA,NA,NA,NA
"BerryCrust_0009931",NA,NA,NA,NA,NA,NA,NA
"BerryCrust_0009932",NA,NA,NA,NA,NA,NA,NA
"BerryCrust_0009933",NA,NA,NA,NA,NA,NA,NA
"BerryCrust_0009934",NA,NA,NA,NA,NA,NA,NA
"BerryCrust_0009935",NA,NA,NA,NA,NA,NA,NA
"BerryCrust_0009936",NA,NA,NA,NA,NA,NA,NA
"BerryCrust_0009937",NA,NA,NA,NA,NA,NA,NA
"BerryCrust_0009938",NA,NA,NA,NA,NA,NA,NA
"BerryCrust_0009939",NA,NA,NA,NA,NA,NA,NA
"BerryCrust_0009940",NA,NA,NA,NA,NA,NA,NA
"BerryCrust_0009941","Eukaryota",NA,NA,NA,NA,NA,NA
"BerryCrust_0009942",NA,NA,NA,NA,NA,NA,NA
"BerryCrust_0009943",NA,NA,NA,NA,NA,NA,NA
"BerryCrust_0009944",NA,NA,NA,NA,NA,NA,NA
"BerryCrust_0009945",NA,NA,NA,NA,NA,NA,NA
"BerryCrust_0009946",NA,NA,NA,NA,NA,NA,NA
"BerryCrust_0009947",NA,NA,NA,NA,NA,NA,NA
"BerryCrust_0009948",NA,NA,NA,NA,NA,NA,NA
"BerryCrust_0009949",NA,NA,NA,NA,NA,NA,NA
"BerryCrust_0009950",NA,NA,NA,NA,NA,NA,NA
"BerryCrust_0009951",NA,NA,NA,NA,NA,NA,NA
"BerryCrust_0009952",NA,NA,NA,NA,NA,NA,NA
"BerryCrust_0009953",NA,NA,NA,NA,NA,NA,NA
"BerryCrust_0009954",NA,NA,NA,NA,NA,NA,NA
"BerryCrust_0009955",NA,NA,NA,NA,NA,NA,NA
"BerryCrust_0009956",NA,NA,NA,NA,NA,NA,NA
"BerryCrust_0009957",NA,NA,NA,NA,NA,NA,NA
"BerryCrust_0009958",NA,NA,NA,NA,NA,NA,NA
"BerryCrust_0009959",NA,NA,NA,NA,NA,NA,NA
"BerryCrust_0009960",NA,NA,NA,NA,NA,NA,NA
"BerryCrust_0009961",NA,NA,NA,NA,NA,NA,NA
"BerryCrust_0009962",NA,NA,NA,NA,NA,NA,NA
"BerryCrust_0009963",NA,NA,NA,NA,NA,NA,NA
"BerryCrust_0009964",NA,NA,NA,NA,NA,NA,NA
"BerryCrust_0009965",NA,NA,NA,NA,NA,NA,NA
"BerryCrust_0009966",NA,NA,NA,NA,NA,NA,NA
"BerryCrust_0009967",NA,NA,NA,NA,NA,NA,NA
"BerryCrust_0009968",NA,NA,NA,NA,NA,NA,NA
"BerryCrust_0009969",NA,NA,NA,NA,NA,NA,NA
"BerryCrust_0009970",NA,NA,NA,NA,NA,NA,NA
"BerryCrust_0009971",NA,NA,NA,NA,NA,NA,NA
"BerryCrust_0009972",NA,NA,NA,NA,NA,NA,NA
"BerryCrust_0009973",NA,NA,NA,NA,NA,NA,NA
"BerryCrust_0009974",NA,NA,NA,NA,NA,NA,NA
"BerryCrust_0009975",NA,NA,NA,NA,NA,NA,NA
"BerryCrust_0009976",NA,NA,NA,NA,NA,NA,NA
"BerryCrust_0009977",NA,NA,NA,NA,NA,NA,NA
"BerryCrust_0009978",NA,NA,NA,NA,NA,NA,NA
"BerryCrust_0009979",NA,NA,NA,NA,NA,NA,NA
"BerryCrust_0009980",NA,NA,NA,NA,NA,NA,NA
"BerryCrust_0009981",NA,NA,NA,NA,NA,NA,NA
"BerryCrust_0009982",NA,NA,NA,NA,NA,NA,NA
"BerryCrust_0009983",NA,NA,NA,NA,NA,NA,NA
"BerryCrust_0009984",NA,NA,NA,NA,NA,NA,NA
"BerryCrust_0009985",NA,NA,NA,NA,NA,NA,NA
"BerryCrust_0009986",NA,NA,NA,NA,NA,NA,NA
"BerryCrust_0009987",NA,NA,NA,NA,NA,NA,NA
"BerryCrust_0009988",NA,NA,NA,NA,NA,NA,NA
"BerryCrust_0009989",NA,NA,NA,NA,NA,NA,NA
"BerryCrust_0009990",NA,NA,NA,NA,NA,NA,NA
"BerryCrust_0009991",NA,NA,NA,NA,NA,NA,NA
"BerryCrust_0009992",NA,NA,NA,NA,NA,NA,NA
"BerryCrust_0009993",NA,NA,NA,NA,NA,NA,NA
"BerryCrust_0009994",NA,NA,NA,NA,NA,NA,NA
"BerryCrust_0009995",NA,NA,NA,NA,NA,NA,NA
"BerryCrust_0009996",NA,NA,NA,NA,NA,NA,NA
"BerryCrust_0009997",NA,NA,NA,NA,NA,NA,NA
"BerryCrust_0009998",NA,NA,NA,NA,NA,NA,NA
"BerryCrust_0009999",NA,NA,NA,NA,NA,NA,NA
"BerryCrust_0010000",NA,NA,NA,NA,NA,NA,NA
"BerryCrust_0010001",NA,NA,NA,NA,NA,NA,NA
"BerryCrust_0010002",NA,NA,NA,NA,NA,NA,NA
"BerryCrust_0010003",NA,NA,NA,NA,NA,NA,NA
"BerryCrust_0010004",NA,NA,NA,NA,NA,NA,NA
"BerryCrust_0010005",NA,NA,NA,NA,NA,NA,NA
"BerryCrust_0010006",NA,NA,NA,NA,NA,NA,NA
"BerryCrust_0010007",NA,NA,NA,NA,NA,NA,NA
"BerryCrust_0010008",NA,NA,NA,NA,NA,NA,NA
"BerryCrust_0010009",NA,NA,NA,NA,NA,NA,NA
"BerryCrust_0010010",NA,NA,NA,NA,NA,NA,NA
"BerryCrust_0010011",NA,NA,NA,NA,NA,NA,NA
"BerryCrust_0010012",NA,NA,NA,NA,NA,NA,NA
"BerryCrust_0010013",NA,NA,NA,NA,NA,NA,NA
"BerryCrust_0010014",NA,NA,NA,NA,NA,NA,NA
"BerryCrust_0010015",NA,NA,NA,NA,NA,NA,NA
"BerryCrust_0010016",NA,NA,NA,NA,NA,NA,NA
"BerryCrust_0010017","Eukaryota",NA,NA,NA,NA,NA,NA
"BerryCrust_0010018",NA,NA,NA,NA,NA,NA,NA
"BerryCrust_0010019",NA,NA,NA,NA,NA,NA,NA
"BerryCrust_0010020",NA,NA,NA,NA,NA,NA,NA
"BerryCrust_0010021",NA,NA,NA,NA,NA,NA,NA
"BerryCrust_0010022",NA,NA,NA,NA,NA,NA,NA
"BerryCrust_0010023","Eukaryota",NA,NA,NA,NA,NA,NA
"BerryCrust_0010024",NA,NA,NA,NA,NA,NA,NA
"BerryCrust_0010025",NA,NA,NA,NA,NA,NA,NA
"BerryCrust_0010026",NA,NA,NA,NA,NA,NA,NA
"BerryCrust_0010027",NA,NA,NA,NA,NA,NA,NA
"BerryCrust_0010028","Eukaryota",NA,NA,NA,NA,NA,NA
"BerryCrust_0010029",NA,NA,NA,NA,NA,NA,NA
"BerryCrust_0010030",NA,NA,NA,NA,NA,NA,NA
"BerryCrust_0010031",NA,NA,NA,NA,NA,NA,NA
"BerryCrust_0010032",NA,NA,NA,NA,NA,NA,NA
"BerryCrust_0010033",NA,NA,NA,NA,NA,NA,NA
"BerryCrust_0010034",NA,NA,NA,NA,NA,NA,NA
"BerryCrust_0010035",NA,NA,NA,NA,NA,NA,NA
"BerryCrust_0010036",NA,NA,NA,NA,NA,NA,NA
"BerryCrust_0010037",NA,NA,NA,NA,NA,NA,NA
"BerryCrust_0010038",NA,NA,NA,NA,NA,NA,NA
"BerryCrust_0010039",NA,NA,NA,NA,NA,NA,NA
"BerryCrust_0010040",NA,NA,NA,NA,NA,NA,NA
"BerryCrust_0010041","Eukaryota",NA,NA,NA,NA,NA,NA
"BerryCrust_0010042",NA,NA,NA,NA,NA,NA,NA
"BerryCrust_0010043",NA,NA,NA,NA,NA,NA,NA
"BerryCrust_0010044",NA,NA,NA,NA,NA,NA,NA
"BerryCrust_0010045",NA,NA,NA,NA,NA,NA,NA
"BerryCrust_0010046",NA,NA,NA,NA,NA,NA,NA
"BerryCrust_0010047",NA,NA,NA,NA,NA,NA,NA
"BerryCrust_0010048","Eukaryota",NA,NA,NA,NA,NA,NA
"BerryCrust_0010049",NA,NA,NA,NA,NA,NA,NA
"BerryCrust_0010050",NA,NA,NA,NA,NA,NA,NA
"BerryCrust_0010051",NA,NA,NA,NA,NA,NA,NA
"BerryCrust_0010052",NA,NA,NA,NA,NA,NA,NA
"BerryCrust_0010053",NA,NA,NA,NA,NA,NA,NA
"BerryCrust_0010054",NA,NA,NA,NA,NA,NA,NA
"BerryCrust_0010055",NA,NA,NA,NA,NA,NA,NA
"BerryCrust_0010056",NA,NA,NA,NA,NA,NA,NA
"BerryCrust_0010057",NA,NA,NA,NA,NA,NA,NA
"BerryCrust_0010058",NA,NA,NA,NA,NA,NA,NA
"BerryCrust_0010059",NA,NA,NA,NA,NA,NA,NA
"BerryCrust_0010060","Eukaryota","Arthropoda","Malacostraca","Decapoda","Porcellanidae","Petrolisthes","Petrolisthes glasselli"
"BerryCrust_0010061","Eukaryota","Arthropoda","Malacostraca","Decapoda","Mithracidae","Teleophrys","Teleophrys cristulipes"
"BerryCrust_0010062","Eukaryota","Arthropoda","Malacostraca","Decapoda","Dairidae","Daira","Daira americana"
"BerryCrust_0010063",NA,NA,NA,NA,NA,NA,NA
"BerryCrust_0010064",NA,NA,NA,NA,NA,NA,NA
"BerryCrust_0010065","Eukaryota","Arthropoda","Malacostraca","Decapoda","Mithracidae","Teleophrys","Teleophrys cristulipes"
"BerryCrust_0010066",NA,NA,NA,NA,NA,NA,NA
"BerryCrust_0010067",NA,NA,NA,NA,NA,NA,NA
"BerryCrust_0010068",NA,NA,NA,NA,NA,NA,NA
"BerryCrust_0010069",NA,NA,NA,NA,NA,NA,NA
"BerryCrust_0010070",NA,NA,NA,NA,NA,NA,NA
"BerryCrust_0010071",NA,NA,NA,NA,NA,NA,NA
"BerryCrust_0010072",NA,NA,NA,NA,NA,NA,NA
"BerryCrust_0010073",NA,NA,NA,NA,NA,NA,NA
"BerryCrust_0010074",NA,NA,NA,NA,NA,NA,NA
"BerryCrust_0010075",NA,NA,NA,NA,NA,NA,NA
"BerryCrust_0010076",NA,NA,NA,NA,NA,NA,NA
"BerryCrust_0010077",NA,NA,NA,NA,NA,NA,NA
"BerryCrust_0010078",NA,NA,NA,NA,NA,NA,NA
"BerryCrust_0010079",NA,NA,NA,NA,NA,NA,NA
"BerryCrust_0010080",NA,NA,NA,NA,NA,NA,NA
"BerryCrust_0010081",NA,NA,NA,NA,NA,NA,NA
"BerryCrust_0010082",NA,NA,NA,NA,NA,NA,NA
"BerryCrust_0010083",NA,NA,NA,NA,NA,NA,NA
"BerryCrust_0010084","Eukaryota",NA,NA,NA,NA,NA,NA
"BerryCrust_0010085","Eukaryota",NA,NA,NA,NA,NA,NA
"BerryCrust_0010086",NA,NA,NA,NA,NA,NA,NA
"BerryCrust_0010087",NA,NA,NA,NA,NA,NA,NA
"BerryCrust_0010088","Eukaryota",NA,NA,NA,NA,NA,NA
"BerryCrust_0010089",NA,NA,NA,NA,NA,NA,NA
"BerryCrust_0010090",NA,NA,NA,NA,NA,NA,NA
"BerryCrust_0010091",NA,NA,NA,NA,NA,NA,NA
"BerryCrust_0010092",NA,NA,NA,NA,NA,NA,NA
"BerryCrust_0010093",NA,NA,NA,NA,NA,NA,NA
"BerryCrust_0010094","Eukaryota",NA,NA,NA,NA,NA,NA
"BerryCrust_0010095","Eukaryota",NA,NA,NA,NA,NA,NA
"BerryCrust_0010096",NA,NA,NA,NA,NA,NA,NA
"BerryCrust_0010097",NA,NA,NA,NA,NA,NA,NA
"BerryCrust_0010098",NA,NA,NA,NA,NA,NA,NA
"BerryCrust_0010099",NA,NA,NA,NA,NA,NA,NA
"BerryCrust_0010100",NA,NA,NA,NA,NA,NA,NA
"BerryCrust_0010101",NA,NA,NA,NA,NA,NA,NA
"BerryCrust_0010102",NA,NA,NA,NA,NA,NA,NA
"BerryCrust_0010103",NA,NA,NA,NA,NA,NA,NA
"BerryCrust_0010104",NA,NA,NA,NA,NA,NA,NA
"BerryCrust_0010105",NA,NA,NA,NA,NA,NA,NA
"BerryCrust_0010106",NA,NA,NA,NA,NA,NA,NA
"BerryCrust_0010107",NA,NA,NA,NA,NA,NA,NA
"BerryCrust_0010108",NA,NA,NA,NA,NA,NA,NA
"BerryCrust_0010109",NA,NA,NA,NA,NA,NA,NA
"BerryCrust_0010110",NA,NA,NA,NA,NA,NA,NA
"BerryCrust_0010111",NA,NA,NA,NA,NA,NA,NA
"BerryCrust_0010112",NA,NA,NA,NA,NA,NA,NA
"BerryCrust_0010113",NA,NA,NA,NA,NA,NA,NA
"BerryCrust_0010114",NA,NA,NA,NA,NA,NA,NA
"BerryCrust_0010115",NA,NA,NA,NA,NA,NA,NA
"BerryCrust_0010116",NA,NA,NA,NA,NA,NA,NA
"BerryCrust_0010117","Eukaryota",NA,NA,NA,NA,NA,NA
"BerryCrust_0010118",NA,NA,NA,NA,NA,NA,NA
"BerryCrust_0010119",NA,NA,NA,NA,NA,NA,NA
"BerryCrust_0010120",NA,NA,NA,NA,NA,NA,NA
"BerryCrust_0010121",NA,NA,NA,NA,NA,NA,NA
"BerryCrust_0010122",NA,NA,NA,NA,NA,NA,NA
"BerryCrust_0010123",NA,NA,NA,NA,NA,NA,NA
"BerryCrust_0010124",NA,NA,NA,NA,NA,NA,NA
"BerryCrust_0010125",NA,NA,NA,NA,NA,NA,NA
"BerryCrust_0010126",NA,NA,NA,NA,NA,NA,NA
"BerryCrust_0010127","Eukaryota",NA,NA,NA,NA,NA,NA
"BerryCrust_0010128",NA,NA,NA,NA,NA,NA,NA
"BerryCrust_0010129",NA,NA,NA,NA,NA,NA,NA
"BerryCrust_0010130",NA,NA,NA,NA,NA,NA,NA
"BerryCrust_0010131",NA,NA,NA,NA,NA,NA,NA
"BerryCrust_0010132",NA,NA,NA,NA,NA,NA,NA
"BerryCrust_0010133",NA,NA,NA,NA,NA,NA,NA
"BerryCrust_0010134",NA,NA,NA,NA,NA,NA,NA
"BerryCrust_0010135",NA,NA,NA,NA,NA,NA,NA
"BerryCrust_0010136",NA,NA,NA,NA,NA,NA,NA
"BerryCrust_0010137",NA,NA,NA,NA,NA,NA,NA
"BerryCrust_0010138","Eukaryota",NA,NA,NA,NA,NA,NA
"BerryCrust_0010139",NA,NA,NA,NA,NA,NA,NA
"BerryCrust_0010140",NA,NA,NA,NA,NA,NA,NA
"BerryCrust_0010141",NA,NA,NA,NA,NA,NA,NA
"BerryCrust_0010142",NA,NA,NA,NA,NA,NA,NA
"BerryCrust_0010143",NA,NA,NA,NA,NA,NA,NA
"BerryCrust_0010144","Eukaryota",NA,NA,NA,NA,NA,NA
"BerryCrust_0010145",NA,NA,NA,NA,NA,NA,NA
"BerryCrust_0010146",NA,NA,NA,NA,NA,NA,NA
"BerryCrust_0010147",NA,NA,NA,NA,NA,NA,NA
"BerryCrust_0010148","Eukaryota",NA,NA,NA,NA,NA,NA
"BerryCrust_0010149",NA,NA,NA,NA,NA,NA,NA
"BerryCrust_0010150",NA,NA,NA,NA,NA,NA,NA
"BerryCrust_0010151",NA,NA,NA,NA,NA,NA,NA
"BerryCrust_0010152",NA,NA,NA,NA,NA,NA,NA
"BerryCrust_0010153",NA,NA,NA,NA,NA,NA,NA
"BerryCrust_0010154","Eukaryota",NA,NA,NA,NA,NA,NA
"BerryCrust_0010155",NA,NA,NA,NA,NA,NA,NA
"BerryCrust_0010156",NA,NA,NA,NA,NA,NA,NA
"BerryCrust_0010157",NA,NA,NA,NA,NA,NA,NA
"BerryCrust_0010158","Eukaryota",NA,NA,NA,NA,NA,NA
"BerryCrust_0010159",NA,NA,NA,NA,NA,NA,NA
"BerryCrust_0010160",NA,NA,NA,NA,NA,NA,NA
"BerryCrust_0010161",NA,NA,NA,NA,NA,NA,NA
"BerryCrust_0010162",NA,NA,NA,NA,NA,NA,NA
"BerryCrust_0010163",NA,NA,NA,NA,NA,NA,NA
"BerryCrust_0010164",NA,NA,NA,NA,NA,NA,NA
"BerryCrust_0010165",NA,NA,NA,NA,NA,NA,NA
"BerryCrust_0010166",NA,NA,NA,NA,NA,NA,NA
"BerryCrust_0010167",NA,NA,NA,NA,NA,NA,NA
"BerryCrust_0010168",NA,NA,NA,NA,NA,NA,NA
"BerryCrust_0010169",NA,NA,NA,NA,NA,NA,NA
"BerryCrust_0010170",NA,NA,NA,NA,NA,NA,NA
"BerryCrust_0010171",NA,NA,NA,NA,NA,NA,NA
"BerryCrust_0010172",NA,NA,NA,NA,NA,NA,NA
"BerryCrust_0010173",NA,NA,NA,NA,NA,NA,NA
"BerryCrust_0010174",NA,NA,NA,NA,NA,NA,NA
"BerryCrust_0010175",NA,NA,NA,NA,NA,NA,NA
"BerryCrust_0010176",NA,NA,NA,NA,NA,NA,NA
"BerryCrust_0010177",NA,NA,NA,NA,NA,NA,NA
"BerryCrust_0010178",NA,NA,NA,NA,NA,NA,NA
"BerryCrust_0010179",NA,NA,NA,NA,NA,NA,NA
"BerryCrust_0010180",NA,NA,NA,NA,NA,NA,NA
"BerryCrust_0010181","Eukaryota",NA,NA,NA,NA,NA,NA
"BerryCrust_0010182","Eukaryota",NA,NA,NA,NA,NA,NA
"BerryCrust_0010183",NA,NA,NA,NA,NA,NA,NA
"BerryCrust_0010184",NA,NA,NA,NA,NA,NA,NA
"BerryCrust_0010185",NA,NA,NA,NA,NA,NA,NA
"BerryCrust_0010186",NA,NA,NA,NA,NA,NA,NA
"BerryCrust_0010187",NA,NA,NA,NA,NA,NA,NA
"BerryCrust_0010188",NA,NA,NA,NA,NA,NA,NA
"BerryCrust_0010189",NA,NA,NA,NA,NA,NA,NA
"BerryCrust_0010190",NA,NA,NA,NA,NA,NA,NA
"BerryCrust_0010191",NA,NA,NA,NA,NA,NA,NA
"BerryCrust_0010192",NA,NA,NA,NA,NA,NA,NA
"BerryCrust_0010193",NA,NA,NA,NA,NA,NA,NA
"BerryCrust_0010194",NA,NA,NA,NA,NA,NA,NA
"BerryCrust_0010195",NA,NA,NA,NA,NA,NA,NA
"BerryCrust_0010196",NA,NA,NA,NA,NA,NA,NA
"BerryCrust_0010197",NA,NA,NA,NA,NA,NA,NA
"BerryCrust_0010198",NA,NA,NA,NA,NA,NA,NA
"BerryCrust_0010199",NA,NA,NA,NA,NA,NA,NA
"BerryCrust_0010200",NA,NA,NA,NA,NA,NA,NA
"BerryCrust_0010201",NA,NA,NA,NA,NA,NA,NA
"BerryCrust_0010202",NA,NA,NA,NA,NA,NA,NA
"BerryCrust_0010203",NA,NA,NA,NA,NA,NA,NA
"BerryCrust_0010204",NA,NA,NA,NA,NA,NA,NA
"BerryCrust_0010205",NA,NA,NA,NA,NA,NA,NA
"BerryCrust_0010206",NA,NA,NA,NA,NA,NA,NA
"BerryCrust_0010207",NA,NA,NA,NA,NA,NA,NA
"BerryCrust_0010208",NA,NA,NA,NA,NA,NA,NA
"BerryCrust_0010209",NA,NA,NA,NA,NA,NA,NA
"BerryCrust_0010210",NA,NA,NA,NA,NA,NA,NA
"BerryCrust_0010211",NA,NA,NA,NA,NA,NA,NA
"BerryCrust_0010212",NA,NA,NA,NA,NA,NA,NA
"BerryCrust_0010213",NA,NA,NA,NA,NA,NA,NA
"BerryCrust_0010214",NA,NA,NA,NA,NA,NA,NA
"BerryCrust_0010215",NA,NA,NA,NA,NA,NA,NA
"BerryCrust_0010216",NA,NA,NA,NA,NA,NA,NA
"BerryCrust_0010217",NA,NA,NA,NA,NA,NA,NA
"BerryCrust_0010218",NA,NA,NA,NA,NA,NA,NA
"BerryCrust_0010219",NA,NA,NA,NA,NA,NA,NA
"BerryCrust_0010220",NA,NA,NA,NA,NA,NA,NA
"BerryCrust_0010221",NA,NA,NA,NA,NA,NA,NA
"BerryCrust_0010222",NA,NA,NA,NA,NA,NA,NA
"BerryCrust_0010223",NA,NA,NA,NA,NA,NA,NA
"BerryCrust_0010224",NA,NA,NA,NA,NA,NA,NA
"BerryCrust_0010225",NA,NA,NA,NA,NA,NA,NA
"BerryCrust_0010226",NA,NA,NA,NA,NA,NA,NA
"BerryCrust_0010227",NA,NA,NA,NA,NA,NA,NA
"BerryCrust_0010228",NA,NA,NA,NA,NA,NA,NA
"BerryCrust_0010229",NA,NA,NA,NA,NA,NA,NA
"BerryCrust_0010230",NA,NA,NA,NA,NA,NA,NA
"BerryCrust_0010231",NA,NA,NA,NA,NA,NA,NA
"BerryCrust_0010232","Eukaryota","Arthropoda","Malacostraca","Stomatopoda","Gonodactylidae","Neogonodactylus","Neogonodactylus bahiahondensis"
"BerryCrust_0010233",NA,NA,NA,NA,NA,NA,NA
"BerryCrust_0010234","Eukaryota","Arthropoda","Malacostraca","Decapoda","Porcellanidae","Petrolisthes","Petrolisthes glasselli"
"BerryCrust_0010235",NA,NA,NA,NA,NA,NA,NA
"BerryCrust_0010236","Eukaryota",NA,NA,NA,NA,NA,NA
"BerryCrust_0010237",NA,NA,NA,NA,NA,NA,NA
"BerryCrust_0010238",NA,NA,NA,NA,NA,NA,NA
"BerryCrust_0010239",NA,NA,NA,NA,NA,NA,NA
"BerryCrust_0010240",NA,NA,NA,NA,NA,NA,NA
"BerryCrust_0010241",NA,NA,NA,NA,NA,NA,NA
"BerryCrust_0010242",NA,NA,NA,NA,NA,NA,NA
"BerryCrust_0010243",NA,NA,NA,NA,NA,NA,NA
"BerryCrust_0010244",NA,NA,NA,NA,NA,NA,NA
"BerryCrust_0010245",NA,NA,NA,NA,NA,NA,NA
"BerryCrust_0010246",NA,NA,NA,NA,NA,NA,NA
"BerryCrust_0010247",NA,NA,NA,NA,NA,NA,NA
"BerryCrust_0010248",NA,NA,NA,NA,NA,NA,NA
"BerryCrust_0010249",NA,NA,NA,NA,NA,NA,NA
"BerryCrust_0010250",NA,NA,NA,NA,NA,NA,NA
"BerryCrust_0010251",NA,NA,NA,NA,NA,NA,NA
"BerryCrust_0010252",NA,NA,NA,NA,NA,NA,NA
"BerryCrust_0010253",NA,NA,NA,NA,NA,NA,NA
"BerryCrust_0010254",NA,NA,NA,NA,NA,NA,NA
"BerryCrust_0010255",NA,NA,NA,NA,NA,NA,NA
"BerryCrust_0010256",NA,NA,NA,NA,NA,NA,NA
"BerryCrust_0010257",NA,NA,NA,NA,NA,NA,NA
"BerryCrust_0010258",NA,NA,NA,NA,NA,NA,NA
"BerryCrust_0010259",NA,NA,NA,NA,NA,NA,NA
"BerryCrust_0010260",NA,NA,NA,NA,NA,NA,NA
"BerryCrust_0010261",NA,NA,NA,NA,NA,NA,NA
"BerryCrust_0010262",NA,NA,NA,NA,NA,NA,NA
"BerryCrust_0010263",NA,NA,NA,NA,NA,NA,NA
"BerryCrust_0010264",NA,NA,NA,NA,NA,NA,NA
"BerryCrust_0010265",NA,NA,NA,NA,NA,NA,NA
"BerryCrust_0010266",NA,NA,NA,NA,NA,NA,NA
"BerryCrust_0010267",NA,NA,NA,NA,NA,NA,NA
"BerryCrust_0010268",NA,NA,NA,NA,NA,NA,NA
"BerryCrust_0010269",NA,NA,NA,NA,NA,NA,NA
"BerryCrust_0010270",NA,NA,NA,NA,NA,NA,NA
"BerryCrust_0010271",NA,NA,NA,NA,NA,NA,NA
"BerryCrust_0010272","Eukaryota",NA,NA,NA,NA,NA,NA
"BerryCrust_0010273",NA,NA,NA,NA,NA,NA,NA
"BerryCrust_0010274",NA,NA,NA,NA,NA,NA,NA
"BerryCrust_0010275",NA,NA,NA,NA,NA,NA,NA
"BerryCrust_0010276",NA,NA,NA,NA,NA,NA,NA
"BerryCrust_0010277",NA,NA,NA,NA,NA,NA,NA
"BerryCrust_0010278",NA,NA,NA,NA,NA,NA,NA
"BerryCrust_0010279",NA,NA,NA,NA,NA,NA,NA
"BerryCrust_0010280",NA,NA,NA,NA,NA,NA,NA
"BerryCrust_0010281",NA,NA,NA,NA,NA,NA,NA
"BerryCrust_0010282",NA,NA,NA,NA,NA,NA,NA
"BerryCrust_0010283",NA,NA,NA,NA,NA,NA,NA
"BerryCrust_0010284",NA,NA,NA,NA,NA,NA,NA
"BerryCrust_0010285",NA,NA,NA,NA,NA,NA,NA
"BerryCrust_0010286",NA,NA,NA,NA,NA,NA,NA
"BerryCrust_0010287",NA,NA,NA,NA,NA,NA,NA
"BerryCrust_0010288",NA,NA,NA,NA,NA,NA,NA
"BerryCrust_0010289",NA,NA,NA,NA,NA,NA,NA
"BerryCrust_0010290",NA,NA,NA,NA,NA,NA,NA
"BerryCrust_0010291",NA,NA,NA,NA,NA,NA,NA
"BerryCrust_0010292",NA,NA,NA,NA,NA,NA,NA
"BerryCrust_0010293",NA,NA,NA,NA,NA,NA,NA
"BerryCrust_0010294",NA,NA,NA,NA,NA,NA,NA
"BerryCrust_0010295",NA,NA,NA,NA,NA,NA,NA
"BerryCrust_0010296",NA,NA,NA,NA,NA,NA,NA
"BerryCrust_0010297",NA,NA,NA,NA,NA,NA,NA
"BerryCrust_0010298",NA,NA,NA,NA,NA,NA,NA
"BerryCrust_0010299",NA,NA,NA,NA,NA,NA,NA
"BerryCrust_0010300",NA,NA,NA,NA,NA,NA,NA
"BerryCrust_0010301",NA,NA,NA,NA,NA,NA,NA
"BerryCrust_0010302",NA,NA,NA,NA,NA,NA,NA
"BerryCrust_0010303",NA,NA,NA,NA,NA,NA,NA
"BerryCrust_0010304",NA,NA,NA,NA,NA,NA,NA
"BerryCrust_0010305","Eukaryota","Arthropoda","Malacostraca","Decapoda","Portunidae","Achelous","Achelous tuberculatus"
"BerryCrust_0010306",NA,NA,NA,NA,NA,NA,NA
"BerryCrust_0010307",NA,NA,NA,NA,NA,NA,NA
"BerryCrust_0010308",NA,NA,NA,NA,NA,NA,NA
"BerryCrust_0010309",NA,NA,NA,NA,NA,NA,NA
"BerryCrust_0010310",NA,NA,NA,NA,NA,NA,NA
"BerryCrust_0010311",NA,NA,NA,NA,NA,NA,NA
"BerryCrust_0010312",NA,NA,NA,NA,NA,NA,NA
"BerryCrust_0010313",NA,NA,NA,NA,NA,NA,NA
"BerryCrust_0010314",NA,NA,NA,NA,NA,NA,NA
"BerryCrust_0010315","Eukaryota",NA,NA,NA,NA,NA,NA
"BerryCrust_0010316",NA,NA,NA,NA,NA,NA,NA
"BerryCrust_0010317",NA,NA,NA,NA,NA,NA,NA
"BerryCrust_0010318",NA,NA,NA,NA,NA,NA,NA
"BerryCrust_0010319",NA,NA,NA,NA,NA,NA,NA
"BerryCrust_0010320",NA,NA,NA,NA,NA,NA,NA
"BerryCrust_0010321",NA,NA,NA,NA,NA,NA,NA
"BerryCrust_0010322",NA,NA,NA,NA,NA,NA,NA
"BerryCrust_0010323",NA,NA,NA,NA,NA,NA,NA
"BerryCrust_0010324",NA,NA,NA,NA,NA,NA,NA
"BerryCrust_0010325",NA,NA,NA,NA,NA,NA,NA
"BerryCrust_0010326",NA,NA,NA,NA,NA,NA,NA
"BerryCrust_0010327",NA,NA,NA,NA,NA,NA,NA
"BerryCrust_0010328","Eukaryota",NA,NA,NA,NA,NA,NA
"BerryCrust_0010329",NA,NA,NA,NA,NA,NA,NA
"BerryCrust_0010330",NA,NA,NA,NA,NA,NA,NA
"BerryCrust_0010331",NA,NA,NA,NA,NA,NA,NA
"BerryCrust_0010332",NA,NA,NA,NA,NA,NA,NA
"BerryCrust_0010333",NA,NA,NA,NA,NA,NA,NA
"BerryCrust_0010334",NA,NA,NA,NA,NA,NA,NA
"BerryCrust_0010335",NA,NA,NA,NA,NA,NA,NA
"BerryCrust_0010336",NA,NA,NA,NA,NA,NA,NA
"BerryCrust_0010337",NA,NA,NA,NA,NA,NA,NA
"BerryCrust_0010338",NA,NA,NA,NA,NA,NA,NA
"BerryCrust_0010339",NA,NA,NA,NA,NA,NA,NA
"BerryCrust_0010340",NA,NA,NA,NA,NA,NA,NA
"BerryCrust_0010341",NA,NA,NA,NA,NA,NA,NA
"BerryCrust_0010342",NA,NA,NA,NA,NA,NA,NA
"BerryCrust_0010343",NA,NA,NA,NA,NA,NA,NA
"BerryCrust_0010344","Eukaryota","Arthropoda","Malacostraca","Stomatopoda","Gonodactylidae","Neogonodactylus","Neogonodactylus bahiahondensis"
"BerryCrust_0010345",NA,NA,NA,NA,NA,NA,NA
"BerryCrust_0010346","Eukaryota",NA,NA,NA,NA,NA,NA
"BerryCrust_0010347",NA,NA,NA,NA,NA,NA,NA
"BerryCrust_0010348",NA,NA,NA,NA,NA,NA,NA
"BerryCrust_0010349",NA,NA,NA,NA,NA,NA,NA
"BerryCrust_0010350",NA,NA,NA,NA,NA,NA,NA
"BerryCrust_0010351",NA,NA,NA,NA,NA,NA,NA
"BerryCrust_0010352",NA,NA,NA,NA,NA,NA,NA
"BerryCrust_0010353",NA,NA,NA,NA,NA,NA,NA
"BerryCrust_0010354",NA,NA,NA,NA,NA,NA,NA
"BerryCrust_0010355",NA,NA,NA,NA,NA,NA,NA
"BerryCrust_0010356",NA,NA,NA,NA,NA,NA,NA
"BerryCrust_0010357",NA,NA,NA,NA,NA,NA,NA
"BerryCrust_0010358",NA,NA,NA,NA,NA,NA,NA
"BerryCrust_0010359",NA,NA,NA,NA,NA,NA,NA
"BerryCrust_0010360",NA,NA,NA,NA,NA,NA,NA
"BerryCrust_0010361",NA,NA,NA,NA,NA,NA,NA
"BerryCrust_0010362",NA,NA,NA,NA,NA,NA,NA
"BerryCrust_0010363",NA,NA,NA,NA,NA,NA,NA
"BerryCrust_0010364",NA,NA,NA,NA,NA,NA,NA
"BerryCrust_0010365",NA,NA,NA,NA,NA,NA,NA
"BerryCrust_0010366",NA,NA,NA,NA,NA,NA,NA
"BerryCrust_0010367",NA,NA,NA,NA,NA,NA,NA
"BerryCrust_0010368",NA,NA,NA,NA,NA,NA,NA
"BerryCrust_0010369",NA,NA,NA,NA,NA,NA,NA
"BerryCrust_0010370",NA,NA,NA,NA,NA,NA,NA
"BerryCrust_0010371","Eukaryota",NA,NA,NA,NA,NA,NA
"BerryCrust_0010372",NA,NA,NA,NA,NA,NA,NA
"BerryCrust_0010373",NA,NA,NA,NA,NA,NA,NA
"BerryCrust_0010374",NA,NA,NA,NA,NA,NA,NA
"BerryCrust_0010375",NA,NA,NA,NA,NA,NA,NA
"BerryCrust_0010376",NA,NA,NA,NA,NA,NA,NA
"BerryCrust_0010377",NA,NA,NA,NA,NA,NA,NA
"BerryCrust_0010378",NA,NA,NA,NA,NA,NA,NA
"BerryCrust_0010379","Eukaryota",NA,NA,NA,NA,NA,NA
"BerryCrust_0010380",NA,NA,NA,NA,NA,NA,NA
"BerryCrust_0010381",NA,NA,NA,NA,NA,NA,NA
"BerryCrust_0010382",NA,NA,NA,NA,NA,NA,NA
"BerryCrust_0010383",NA,NA,NA,NA,NA,NA,NA
"BerryCrust_0010384",NA,NA,NA,NA,NA,NA,NA
"BerryCrust_0010385",NA,NA,NA,NA,NA,NA,NA
"BerryCrust_0010386",NA,NA,NA,NA,NA,NA,NA
"BerryCrust_0010387",NA,NA,NA,NA,NA,NA,NA
"BerryCrust_0010388",NA,NA,NA,NA,NA,NA,NA
"BerryCrust_0010389","Eukaryota",NA,NA,NA,NA,NA,NA
"BerryCrust_0010390",NA,NA,NA,NA,NA,NA,NA
"BerryCrust_0010391",NA,NA,NA,NA,NA,NA,NA
"BerryCrust_0010392",NA,NA,NA,NA,NA,NA,NA
"BerryCrust_0010393",NA,NA,NA,NA,NA,NA,NA
"BerryCrust_0010394",NA,NA,NA,NA,NA,NA,NA
"BerryCrust_0010395",NA,NA,NA,NA,NA,NA,NA
"BerryCrust_0010396",NA,NA,NA,NA,NA,NA,NA
"BerryCrust_0010397",NA,NA,NA,NA,NA,NA,NA
"BerryCrust_0010398",NA,NA,NA,NA,NA,NA,NA
"BerryCrust_0010399",NA,NA,NA,NA,NA,NA,NA
"BerryCrust_0010400",NA,NA,NA,NA,NA,NA,NA
"BerryCrust_0010401","Eukaryota","Arthropoda","Malacostraca","Decapoda","Portunidae","Callinectes","Callinectes arcuatus"
"BerryCrust_0010402",NA,NA,NA,NA,NA,NA,NA
"BerryCrust_0010403",NA,NA,NA,NA,NA,NA,NA
"BerryCrust_0010404","Eukaryota",NA,NA,NA,NA,NA,NA
"BerryCrust_0010405",NA,NA,NA,NA,NA,NA,NA
"BerryCrust_0010406",NA,NA,NA,NA,NA,NA,NA
"BerryCrust_0010407",NA,NA,NA,NA,NA,NA,NA
"BerryCrust_0010408",NA,NA,NA,NA,NA,NA,NA
"BerryCrust_0010409",NA,NA,NA,NA,NA,NA,NA
"BerryCrust_0010410",NA,NA,NA,NA,NA,NA,NA
"BerryCrust_0010411",NA,NA,NA,NA,NA,NA,NA
"BerryCrust_0010412",NA,NA,NA,NA,NA,NA,NA
"BerryCrust_0010413",NA,NA,NA,NA,NA,NA,NA
"BerryCrust_0010414",NA,NA,NA,NA,NA,NA,NA
"BerryCrust_0010415",NA,NA,NA,NA,NA,NA,NA
"BerryCrust_0010416",NA,NA,NA,NA,NA,NA,NA
"BerryCrust_0010417","Eukaryota",NA,NA,NA,NA,NA,NA
"BerryCrust_0010418",NA,NA,NA,NA,NA,NA,NA
"BerryCrust_0010419",NA,NA,NA,NA,NA,NA,NA
"BerryCrust_0010420",NA,NA,NA,NA,NA,NA,NA
"BerryCrust_0010421","Eukaryota",NA,NA,NA,NA,NA,NA
"BerryCrust_0010422",NA,NA,NA,NA,NA,NA,NA
"BerryCrust_0010423",NA,NA,NA,NA,NA,NA,NA
"BerryCrust_0010424",NA,NA,NA,NA,NA,NA,NA
"BerryCrust_0010425",NA,NA,NA,NA,NA,NA,NA
"BerryCrust_0010426",NA,NA,NA,NA,NA,NA,NA
"BerryCrust_0010427","Eukaryota",NA,NA,NA,NA,NA,NA
"BerryCrust_0010428",NA,NA,NA,NA,NA,NA,NA
"BerryCrust_0010429","Eukaryota",NA,NA,NA,NA,NA,NA
"BerryCrust_0010430",NA,NA,NA,NA,NA,NA,NA
"BerryCrust_0010431","Eukaryota",NA,NA,NA,NA,NA,NA
"BerryCrust_0010432",NA,NA,NA,NA,NA,NA,NA
"BerryCrust_0010433","Eukaryota",NA,NA,NA,NA,NA,NA
"BerryCrust_0010434",NA,NA,NA,NA,NA,NA,NA
"BerryCrust_0010435",NA,NA,NA,NA,NA,NA,NA
"BerryCrust_0010436",NA,NA,NA,NA,NA,NA,NA
"BerryCrust_0010437",NA,NA,NA,NA,NA,NA,NA
"BerryCrust_0010438",NA,NA,NA,NA,NA,NA,NA
"BerryCrust_0010439",NA,NA,NA,NA,NA,NA,NA
"BerryCrust_0010440",NA,NA,NA,NA,NA,NA,NA
"BerryCrust_0010441",NA,NA,NA,NA,NA,NA,NA
"BerryCrust_0010442",NA,NA,NA,NA,NA,NA,NA
"BerryCrust_0010443",NA,NA,NA,NA,NA,NA,NA
"BerryCrust_0010444","Eukaryota",NA,NA,NA,NA,NA,NA
"BerryCrust_0010445",NA,NA,NA,NA,NA,NA,NA
"BerryCrust_0010446",NA,NA,NA,NA,NA,NA,NA
"BerryCrust_0010447",NA,NA,NA,NA,NA,NA,NA
"BerryCrust_0010448",NA,NA,NA,NA,NA,NA,NA
"BerryCrust_0010449",NA,NA,NA,NA,NA,NA,NA
"BerryCrust_0010450",NA,NA,NA,NA,NA,NA,NA
"BerryCrust_0010451",NA,NA,NA,NA,NA,NA,NA
"BerryCrust_0010452",NA,NA,NA,NA,NA,NA,NA
"BerryCrust_0010453",NA,NA,NA,NA,NA,NA,NA
"BerryCrust_0010454",NA,NA,NA,NA,NA,NA,NA
"BerryCrust_0010455",NA,NA,NA,NA,NA,NA,NA
"BerryCrust_0010456",NA,NA,NA,NA,NA,NA,NA
"BerryCrust_0010457",NA,NA,NA,NA,NA,NA,NA
"BerryCrust_0010458",NA,NA,NA,NA,NA,NA,NA
"BerryCrust_0010459","Eukaryota",NA,NA,NA,NA,NA,NA
"BerryCrust_0010460",NA,NA,NA,NA,NA,NA,NA
"BerryCrust_0010461",NA,NA,NA,NA,NA,NA,NA
"BerryCrust_0010462",NA,NA,NA,NA,NA,NA,NA
"BerryCrust_0010463",NA,NA,NA,NA,NA,NA,NA
"BerryCrust_0010464",NA,NA,NA,NA,NA,NA,NA
"BerryCrust_0010465","Eukaryota",NA,NA,NA,NA,NA,NA
"BerryCrust_0010466",NA,NA,NA,NA,NA,NA,NA
"BerryCrust_0010467",NA,NA,NA,NA,NA,NA,NA
"BerryCrust_0010468","Eukaryota","Arthropoda","Malacostraca","Decapoda","Portunidae","Achelous","Achelous tuberculatus"
"BerryCrust_0010469",NA,NA,NA,NA,NA,NA,NA
"BerryCrust_0010470",NA,NA,NA,NA,NA,NA,NA
"BerryCrust_0010471",NA,NA,NA,NA,NA,NA,NA
"BerryCrust_0010472",NA,NA,NA,NA,NA,NA,NA
"BerryCrust_0010473",NA,NA,NA,NA,NA,NA,NA
"BerryCrust_0010474",NA,NA,NA,NA,NA,NA,NA
"BerryCrust_0010475",NA,NA,NA,NA,NA,NA,NA
"BerryCrust_0010476",NA,NA,NA,NA,NA,NA,NA
"BerryCrust_0010477","Eukaryota",NA,NA,NA,NA,NA,NA
"BerryCrust_0010478",NA,NA,NA,NA,NA,NA,NA
"BerryCrust_0010479",NA,NA,NA,NA,NA,NA,NA
"BerryCrust_0010480",NA,NA,NA,NA,NA,NA,NA
"BerryCrust_0010481","Eukaryota",NA,NA,NA,NA,NA,NA
"BerryCrust_0010482",NA,NA,NA,NA,NA,NA,NA
"BerryCrust_0010483",NA,NA,NA,NA,NA,NA,NA
"BerryCrust_0010484",NA,NA,NA,NA,NA,NA,NA
"BerryCrust_0010485",NA,NA,NA,NA,NA,NA,NA
"BerryCrust_0010486",NA,NA,NA,NA,NA,NA,NA
"BerryCrust_0010487",NA,NA,NA,NA,NA,NA,NA
"BerryCrust_0010488","Eukaryota",NA,NA,NA,NA,NA,NA
"BerryCrust_0010489","Eukaryota",NA,NA,NA,NA,NA,NA
"BerryCrust_0010490","Eukaryota",NA,NA,NA,NA,NA,NA
"BerryCrust_0010491",NA,NA,NA,NA,NA,NA,NA
"BerryCrust_0010492",NA,NA,NA,NA,NA,NA,NA
"BerryCrust_0010493","Eukaryota",NA,NA,NA,NA,NA,NA
"BerryCrust_0010494",NA,NA,NA,NA,NA,NA,NA
"BerryCrust_0010495",NA,NA,NA,NA,NA,NA,NA
"BerryCrust_0010496",NA,NA,NA,NA,NA,NA,NA
"BerryCrust_0010497","Eukaryota",NA,NA,NA,NA,NA,NA
"BerryCrust_0010498",NA,NA,NA,NA,NA,NA,NA
"BerryCrust_0010499",NA,NA,NA,NA,NA,NA,NA
"BerryCrust_0010500",NA,NA,NA,NA,NA,NA,NA
"BerryCrust_0010501",NA,NA,NA,NA,NA,NA,NA
"BerryCrust_0010502",NA,NA,NA,NA,NA,NA,NA
"BerryCrust_0010503",NA,NA,NA,NA,NA,NA,NA
"BerryCrust_0010504",NA,NA,NA,NA,NA,NA,NA
"BerryCrust_0010505",NA,NA,NA,NA,NA,NA,NA
"BerryCrust_0010506",NA,NA,NA,NA,NA,NA,NA
"BerryCrust_0010507",NA,NA,NA,NA,NA,NA,NA
"BerryCrust_0010508",NA,NA,NA,NA,NA,NA,NA
"BerryCrust_0010509",NA,NA,NA,NA,NA,NA,NA
"BerryCrust_0010510",NA,NA,NA,NA,NA,NA,NA
"BerryCrust_0010511",NA,NA,NA,NA,NA,NA,NA
"BerryCrust_0010512",NA,NA,NA,NA,NA,NA,NA
"BerryCrust_0010513",NA,NA,NA,NA,NA,NA,NA
"BerryCrust_0010514",NA,NA,NA,NA,NA,NA,NA
"BerryCrust_0010515",NA,NA,NA,NA,NA,NA,NA
"BerryCrust_0010516",NA,NA,NA,NA,NA,NA,NA
"BerryCrust_0010517",NA,NA,NA,NA,NA,NA,NA
"BerryCrust_0010518",NA,NA,NA,NA,NA,NA,NA
"BerryCrust_0010519","Eukaryota","Arthropoda","Malacostraca","Decapoda","Dairidae","Daira","Daira americana"
"BerryCrust_0010520",NA,NA,NA,NA,NA,NA,NA
"BerryCrust_0010521",NA,NA,NA,NA,NA,NA,NA
"BerryCrust_0010522",NA,NA,NA,NA,NA,NA,NA
"BerryCrust_0010523",NA,NA,NA,NA,NA,NA,NA
"BerryCrust_0010524",NA,NA,NA,NA,NA,NA,NA
"BerryCrust_0010525",NA,NA,NA,NA,NA,NA,NA
"BerryCrust_0010526",NA,NA,NA,NA,NA,NA,NA
"BerryCrust_0010527",NA,NA,NA,NA,NA,NA,NA
"BerryCrust_0010528",NA,NA,NA,NA,NA,NA,NA
"BerryCrust_0010529",NA,NA,NA,NA,NA,NA,NA
"BerryCrust_0010530",NA,NA,NA,NA,NA,NA,NA
"BerryCrust_0010531",NA,NA,NA,NA,NA,NA,NA
"BerryCrust_0010532",NA,NA,NA,NA,NA,NA,NA
"BerryCrust_0010533",NA,NA,NA,NA,NA,NA,NA
"BerryCrust_0010534",NA,NA,NA,NA,NA,NA,NA
"BerryCrust_0010535",NA,NA,NA,NA,NA,NA,NA
"BerryCrust_0010536",NA,NA,NA,NA,NA,NA,NA
"BerryCrust_0010537",NA,NA,NA,NA,NA,NA,NA
"BerryCrust_0010538",NA,NA,NA,NA,NA,NA,NA
"BerryCrust_0010539",NA,NA,NA,NA,NA,NA,NA
"BerryCrust_0010540",NA,NA,NA,NA,NA,NA,NA
"BerryCrust_0010541",NA,NA,NA,NA,NA,NA,NA
"BerryCrust_0010542",NA,NA,NA,NA,NA,NA,NA
"BerryCrust_0010543",NA,NA,NA,NA,NA,NA,NA
"BerryCrust_0010544",NA,NA,NA,NA,NA,NA,NA
"BerryCrust_0010545",NA,NA,NA,NA,NA,NA,NA
"BerryCrust_0010546",NA,NA,NA,NA,NA,NA,NA
"BerryCrust_0010547",NA,NA,NA,NA,NA,NA,NA
"BerryCrust_0010548",NA,NA,NA,NA,NA,NA,NA
"BerryCrust_0010549",NA,NA,NA,NA,NA,NA,NA
"BerryCrust_0010550","Eukaryota","Arthropoda","Malacostraca","Decapoda","Dairidae","Daira","Daira americana"
"BerryCrust_0010551",NA,NA,NA,NA,NA,NA,NA
"BerryCrust_0010552",NA,NA,NA,NA,NA,NA,NA
"BerryCrust_0010553",NA,NA,NA,NA,NA,NA,NA
"BerryCrust_0010554",NA,NA,NA,NA,NA,NA,NA
"BerryCrust_0010555",NA,NA,NA,NA,NA,NA,NA
"BerryCrust_0010556",NA,NA,NA,NA,NA,NA,NA
"BerryCrust_0010557",NA,NA,NA,NA,NA,NA,NA
"BerryCrust_0010558",NA,NA,NA,NA,NA,NA,NA
"BerryCrust_0010559",NA,NA,NA,NA,NA,NA,NA
"BerryCrust_0010560","Eukaryota",NA,NA,NA,NA,NA,NA
"BerryCrust_0010561",NA,NA,NA,NA,NA,NA,NA
"BerryCrust_0010562",NA,NA,NA,NA,NA,NA,NA
"BerryCrust_0010563",NA,NA,NA,NA,NA,NA,NA
"BerryCrust_0010564",NA,NA,NA,NA,NA,NA,NA
"BerryCrust_0010565",NA,NA,NA,NA,NA,NA,NA
"BerryCrust_0010566",NA,NA,NA,NA,NA,NA,NA
"BerryCrust_0010567",NA,NA,NA,NA,NA,NA,NA
"BerryCrust_0010568","Eukaryota",NA,NA,NA,NA,NA,NA
"BerryCrust_0010569",NA,NA,NA,NA,NA,NA,NA
"BerryCrust_0010570",NA,NA,NA,NA,NA,NA,NA
"BerryCrust_0010571",NA,NA,NA,NA,NA,NA,NA
"BerryCrust_0010572","Eukaryota",NA,NA,NA,NA,NA,NA
"BerryCrust_0010573","Eukaryota",NA,NA,NA,NA,NA,NA
"BerryCrust_0010574",NA,NA,NA,NA,NA,NA,NA
"BerryCrust_0010575",NA,NA,NA,NA,NA,NA,NA
"BerryCrust_0010576","Eukaryota",NA,NA,NA,NA,NA,NA
"BerryCrust_0010577",NA,NA,NA,NA,NA,NA,NA
"BerryCrust_0010578",NA,NA,NA,NA,NA,NA,NA
"BerryCrust_0010579",NA,NA,NA,NA,NA,NA,NA
"BerryCrust_0010580","Eukaryota",NA,NA,NA,NA,NA,NA
"BerryCrust_0010581",NA,NA,NA,NA,NA,NA,NA
"BerryCrust_0010582",NA,NA,NA,NA,NA,NA,NA
"BerryCrust_0010583",NA,NA,NA,NA,NA,NA,NA
"BerryCrust_0010584",NA,NA,NA,NA,NA,NA,NA
"BerryCrust_0010585",NA,NA,NA,NA,NA,NA,NA
"BerryCrust_0010586",NA,NA,NA,NA,NA,NA,NA
"BerryCrust_0010587","Eukaryota",NA,NA,NA,NA,NA,NA
"BerryCrust_0010588",NA,NA,NA,NA,NA,NA,NA
"BerryCrust_0010589","Eukaryota","Arthropoda","Malacostraca","Amphipoda","Ampithoidae","Ampithoe","Ampithoe plumulosa"
"BerryCrust_0010590",NA,NA,NA,NA,NA,NA,NA
"BerryCrust_0010591",NA,NA,NA,NA,NA,NA,NA
"BerryCrust_0010592",NA,NA,NA,NA,NA,NA,NA
"BerryCrust_0010593",NA,NA,NA,NA,NA,NA,NA
"BerryCrust_0010594",NA,NA,NA,NA,NA,NA,NA
"BerryCrust_0010595",NA,NA,NA,NA,NA,NA,NA
"BerryCrust_0010596",NA,NA,NA,NA,NA,NA,NA
"BerryCrust_0010597",NA,NA,NA,NA,NA,NA,NA
"BerryCrust_0010598",NA,NA,NA,NA,NA,NA,NA
"BerryCrust_0010599",NA,NA,NA,NA,NA,NA,NA
"BerryCrust_0010600",NA,NA,NA,NA,NA,NA,NA
"BerryCrust_0010601",NA,NA,NA,NA,NA,NA,NA
"BerryCrust_0010602",NA,NA,NA,NA,NA,NA,NA
"BerryCrust_0010603",NA,NA,NA,NA,NA,NA,NA
"BerryCrust_0010604",NA,NA,NA,NA,NA,NA,NA
"BerryCrust_0010605",NA,NA,NA,NA,NA,NA,NA
"BerryCrust_0010606",NA,NA,NA,NA,NA,NA,NA
"BerryCrust_0010607",NA,NA,NA,NA,NA,NA,NA
"BerryCrust_0010608",NA,NA,NA,NA,NA,NA,NA
"BerryCrust_0010609",NA,NA,NA,NA,NA,NA,NA
"BerryCrust_0010610",NA,NA,NA,NA,NA,NA,NA
"BerryCrust_0010611",NA,NA,NA,NA,NA,NA,NA
"BerryCrust_0010612",NA,NA,NA,NA,NA,NA,NA
"BerryCrust_0010613",NA,NA,NA,NA,NA,NA,NA
"BerryCrust_0010614",NA,NA,NA,NA,NA,NA,NA
"BerryCrust_0010615",NA,NA,NA,NA,NA,NA,NA
"BerryCrust_0010616",NA,NA,NA,NA,NA,NA,NA
"BerryCrust_0010617",NA,NA,NA,NA,NA,NA,NA
"BerryCrust_0010618",NA,NA,NA,NA,NA,NA,NA
"BerryCrust_0010619",NA,NA,NA,NA,NA,NA,NA
"BerryCrust_0010620",NA,NA,NA,NA,NA,NA,NA
"BerryCrust_0010621",NA,NA,NA,NA,NA,NA,NA
"BerryCrust_0010622",NA,NA,NA,NA,NA,NA,NA
"BerryCrust_0010623",NA,NA,NA,NA,NA,NA,NA
"BerryCrust_0010624",NA,NA,NA,NA,NA,NA,NA
"BerryCrust_0010625",NA,NA,NA,NA,NA,NA,NA
"BerryCrust_0010626",NA,NA,NA,NA,NA,NA,NA
"BerryCrust_0010627",NA,NA,NA,NA,NA,NA,NA
"BerryCrust_0010628",NA,NA,NA,NA,NA,NA,NA
"BerryCrust_0010629",NA,NA,NA,NA,NA,NA,NA
"BerryCrust_0010630",NA,NA,NA,NA,NA,NA,NA
"BerryCrust_0010631",NA,NA,NA,NA,NA,NA,NA
"BerryCrust_0010632",NA,NA,NA,NA,NA,NA,NA
"BerryCrust_0010633",NA,NA,NA,NA,NA,NA,NA
"BerryCrust_0010634",NA,NA,NA,NA,NA,NA,NA
"BerryCrust_0010635",NA,NA,NA,NA,NA,NA,NA
"BerryCrust_0010636",NA,NA,NA,NA,NA,NA,NA
"BerryCrust_0010637",NA,NA,NA,NA,NA,NA,NA
"BerryCrust_0010638",NA,NA,NA,NA,NA,NA,NA
"BerryCrust_0010639",NA,NA,NA,NA,NA,NA,NA
"BerryCrust_0010640",NA,NA,NA,NA,NA,NA,NA
"BerryCrust_0010641",NA,NA,NA,NA,NA,NA,NA
"BerryCrust_0010642",NA,NA,NA,NA,NA,NA,NA
"BerryCrust_0010643",NA,NA,NA,NA,NA,NA,NA
"BerryCrust_0010644",NA,NA,NA,NA,NA,NA,NA
"BerryCrust_0010645",NA,NA,NA,NA,NA,NA,NA
"BerryCrust_0010646",NA,NA,NA,NA,NA,NA,NA
"BerryCrust_0010647",NA,NA,NA,NA,NA,NA,NA
"BerryCrust_0010648",NA,NA,NA,NA,NA,NA,NA
"BerryCrust_0010649",NA,NA,NA,NA,NA,NA,NA
"BerryCrust_0010650","Eukaryota","Arthropoda",NA,NA,NA,NA,NA
"BerryCrust_0010651",NA,NA,NA,NA,NA,NA,NA
"BerryCrust_0010652",NA,NA,NA,NA,NA,NA,NA
"BerryCrust_0010653",NA,NA,NA,NA,NA,NA,NA
"BerryCrust_0010654",NA,NA,NA,NA,NA,NA,NA
"BerryCrust_0010655",NA,NA,NA,NA,NA,NA,NA
"BerryCrust_0010656",NA,NA,NA,NA,NA,NA,NA
"BerryCrust_0010657","Eukaryota","Arthropoda","Malacostraca","Decapoda","Plagusiidae","Plagusia","Plagusia squamosa"
"BerryCrust_0010658",NA,NA,NA,NA,NA,NA,NA
"BerryCrust_0010659",NA,NA,NA,NA,NA,NA,NA
"BerryCrust_0010660",NA,NA,NA,NA,NA,NA,NA
"BerryCrust_0010661",NA,NA,NA,NA,NA,NA,NA
"BerryCrust_0010662",NA,NA,NA,NA,NA,NA,NA
"BerryCrust_0010663",NA,NA,NA,NA,NA,NA,NA
"BerryCrust_0010664",NA,NA,NA,NA,NA,NA,NA
"BerryCrust_0010665",NA,NA,NA,NA,NA,NA,NA
"BerryCrust_0010666",NA,NA,NA,NA,NA,NA,NA
"BerryCrust_0010667",NA,NA,NA,NA,NA,NA,NA
"BerryCrust_0010668",NA,NA,NA,NA,NA,NA,NA
"BerryCrust_0010669",NA,NA,NA,NA,NA,NA,NA
"BerryCrust_0010670",NA,NA,NA,NA,NA,NA,NA
"BerryCrust_0010671",NA,NA,NA,NA,NA,NA,NA
"BerryCrust_0010672",NA,NA,NA,NA,NA,NA,NA
"BerryCrust_0010673",NA,NA,NA,NA,NA,NA,NA
"BerryCrust_0010674","Eukaryota",NA,NA,NA,NA,NA,NA
"BerryCrust_0010675",NA,NA,NA,NA,NA,NA,NA
"BerryCrust_0010676",NA,NA,NA,NA,NA,NA,NA
"BerryCrust_0010677",NA,NA,NA,NA,NA,NA,NA
"BerryCrust_0010678",NA,NA,NA,NA,NA,NA,NA
"BerryCrust_0010679",NA,NA,NA,NA,NA,NA,NA
"BerryCrust_0010680","Eukaryota",NA,NA,NA,NA,NA,NA
"BerryCrust_0010681",NA,NA,NA,NA,NA,NA,NA
"BerryCrust_0010682",NA,NA,NA,NA,NA,NA,NA
"BerryCrust_0010683",NA,NA,NA,NA,NA,NA,NA
"BerryCrust_0010684",NA,NA,NA,NA,NA,NA,NA
"BerryCrust_0010685",NA,NA,NA,NA,NA,NA,NA
"BerryCrust_0010686",NA,NA,NA,NA,NA,NA,NA
"BerryCrust_0010687",NA,NA,NA,NA,NA,NA,NA
"BerryCrust_0010688",NA,NA,NA,NA,NA,NA,NA
"BerryCrust_0010689",NA,NA,NA,NA,NA,NA,NA
"BerryCrust_0010690",NA,NA,NA,NA,NA,NA,NA
"BerryCrust_0010691","Eukaryota","Arthropoda","Malacostraca","Decapoda","Mithracidae","Teleophrys","Teleophrys cristulipes"
"BerryCrust_0010692",NA,NA,NA,NA,NA,NA,NA
"BerryCrust_0010693",NA,NA,NA,NA,NA,NA,NA
"BerryCrust_0010694",NA,NA,NA,NA,NA,NA,NA
"BerryCrust_0010695",NA,NA,NA,NA,NA,NA,NA
"BerryCrust_0010696",NA,NA,NA,NA,NA,NA,NA
"BerryCrust_0010697","Eukaryota",NA,NA,NA,NA,NA,NA
"BerryCrust_0010698","Eukaryota","Arthropoda","Malacostraca","Stomatopoda","Gonodactylidae","Neogonodactylus","Neogonodactylus bahiahondensis"
"BerryCrust_0010699",NA,NA,NA,NA,NA,NA,NA
"BerryCrust_0010700",NA,NA,NA,NA,NA,NA,NA
"BerryCrust_0010701",NA,NA,NA,NA,NA,NA,NA
"BerryCrust_0010702",NA,NA,NA,NA,NA,NA,NA
"BerryCrust_0010703",NA,NA,NA,NA,NA,NA,NA
"BerryCrust_0010704",NA,NA,NA,NA,NA,NA,NA
"BerryCrust_0010705",NA,NA,NA,NA,NA,NA,NA
"BerryCrust_0010706",NA,NA,NA,NA,NA,NA,NA
"BerryCrust_0010707",NA,NA,NA,NA,NA,NA,NA
"BerryCrust_0010708",NA,NA,NA,NA,NA,NA,NA
"BerryCrust_0010709","Eukaryota",NA,NA,NA,NA,NA,NA
"BerryCrust_0010710",NA,NA,NA,NA,NA,NA,NA
"BerryCrust_0010711",NA,NA,NA,NA,NA,NA,NA
"BerryCrust_0010712",NA,NA,NA,NA,NA,NA,NA
"BerryCrust_0010713",NA,NA,NA,NA,NA,NA,NA
"BerryCrust_0010714",NA,NA,NA,NA,NA,NA,NA
"BerryCrust_0010715",NA,NA,NA,NA,NA,NA,NA
"BerryCrust_0010716",NA,NA,NA,NA,NA,NA,NA
"BerryCrust_0010717",NA,NA,NA,NA,NA,NA,NA
"BerryCrust_0010718",NA,NA,NA,NA,NA,NA,NA
"BerryCrust_0010719",NA,NA,NA,NA,NA,NA,NA
"BerryCrust_0010720",NA,NA,NA,NA,NA,NA,NA
"BerryCrust_0010721",NA,NA,NA,NA,NA,NA,NA
"BerryCrust_0010722",NA,NA,NA,NA,NA,NA,NA
"BerryCrust_0010723",NA,NA,NA,NA,NA,NA,NA
"BerryCrust_0010724",NA,NA,NA,NA,NA,NA,NA
"BerryCrust_0010725",NA,NA,NA,NA,NA,NA,NA
"BerryCrust_0010726",NA,NA,NA,NA,NA,NA,NA
"BerryCrust_0010727",NA,NA,NA,NA,NA,NA,NA
"BerryCrust_0010728",NA,NA,NA,NA,NA,NA,NA
"BerryCrust_0010729",NA,NA,NA,NA,NA,NA,NA
"BerryCrust_0010730",NA,NA,NA,NA,NA,NA,NA
"BerryCrust_0010731",NA,NA,NA,NA,NA,NA,NA
"BerryCrust_0010732",NA,NA,NA,NA,NA,NA,NA
"BerryCrust_0010733",NA,NA,NA,NA,NA,NA,NA
"BerryCrust_0010734","Eukaryota","Arthropoda","Malacostraca","Decapoda","Alpheidae","Synalpheus",NA
"BerryCrust_0010735",NA,NA,NA,NA,NA,NA,NA
"BerryCrust_0010736",NA,NA,NA,NA,NA,NA,NA
"BerryCrust_0010737",NA,NA,NA,NA,NA,NA,NA
"BerryCrust_0010738",NA,NA,NA,NA,NA,NA,NA
"BerryCrust_0010739",NA,NA,NA,NA,NA,NA,NA
"BerryCrust_0010740","Eukaryota","Arthropoda","Malacostraca","Decapoda","Alpheidae","Synalpheus",NA
"BerryCrust_0010741",NA,NA,NA,NA,NA,NA,NA
"BerryCrust_0010742",NA,NA,NA,NA,NA,NA,NA
"BerryCrust_0010743",NA,NA,NA,NA,NA,NA,NA
"BerryCrust_0010744",NA,NA,NA,NA,NA,NA,NA
"BerryCrust_0010745",NA,NA,NA,NA,NA,NA,NA
"BerryCrust_0010746",NA,NA,NA,NA,NA,NA,NA
"BerryCrust_0010747","Eukaryota","Arthropoda","Malacostraca","Euphausiacea","Euphausiidae","Euphausia","Euphausia tenera"
"BerryCrust_0010748",NA,NA,NA,NA,NA,NA,NA
"BerryCrust_0010749",NA,NA,NA,NA,NA,NA,NA
"BerryCrust_0010750","Eukaryota",NA,NA,NA,NA,NA,NA
"BerryCrust_0010751",NA,NA,NA,NA,NA,NA,NA
"BerryCrust_0010752",NA,NA,NA,NA,NA,NA,NA
"BerryCrust_0010753",NA,NA,NA,NA,NA,NA,NA
"BerryCrust_0010754",NA,NA,NA,NA,NA,NA,NA
"BerryCrust_0010755",NA,NA,NA,NA,NA,NA,NA
"BerryCrust_0010756",NA,NA,NA,NA,NA,NA,NA
"BerryCrust_0010757",NA,NA,NA,NA,NA,NA,NA
"BerryCrust_0010758",NA,NA,NA,NA,NA,NA,NA
"BerryCrust_0010759","Eukaryota",NA,NA,NA,NA,NA,NA
"BerryCrust_0010760",NA,NA,NA,NA,NA,NA,NA
"BerryCrust_0010761",NA,NA,NA,NA,NA,NA,NA
"BerryCrust_0010762",NA,NA,NA,NA,NA,NA,NA
"BerryCrust_0010763",NA,NA,NA,NA,NA,NA,NA
"BerryCrust_0010764",NA,NA,NA,NA,NA,NA,NA
"BerryCrust_0010765",NA,NA,NA,NA,NA,NA,NA
"BerryCrust_0010766",NA,NA,NA,NA,NA,NA,NA
"BerryCrust_0010767",NA,NA,NA,NA,NA,NA,NA
"BerryCrust_0010768",NA,NA,NA,NA,NA,NA,NA
"BerryCrust_0010769",NA,NA,NA,NA,NA,NA,NA
"BerryCrust_0010770",NA,NA,NA,NA,NA,NA,NA
"BerryCrust_0010771",NA,NA,NA,NA,NA,NA,NA
"BerryCrust_0010772",NA,NA,NA,NA,NA,NA,NA
"BerryCrust_0010773","Eukaryota","Arthropoda","Malacostraca","Decapoda","Dairidae","Daira","Daira americana"
"BerryCrust_0010774",NA,NA,NA,NA,NA,NA,NA
"BerryCrust_0010775",NA,NA,NA,NA,NA,NA,NA
"BerryCrust_0010776",NA,NA,NA,NA,NA,NA,NA
"BerryCrust_0010777",NA,NA,NA,NA,NA,NA,NA
"BerryCrust_0010778",NA,NA,NA,NA,NA,NA,NA
"BerryCrust_0010779",NA,NA,NA,NA,NA,NA,NA
"BerryCrust_0010780","Eukaryota",NA,NA,NA,NA,NA,NA
"BerryCrust_0010781",NA,NA,NA,NA,NA,NA,NA
"BerryCrust_0010782",NA,NA,NA,NA,NA,NA,NA
"BerryCrust_0010783",NA,NA,NA,NA,NA,NA,NA
"BerryCrust_0010784",NA,NA,NA,NA,NA,NA,NA
"BerryCrust_0010785",NA,NA,NA,NA,NA,NA,NA
"BerryCrust_0010786",NA,NA,NA,NA,NA,NA,NA
"BerryCrust_0010787",NA,NA,NA,NA,NA,NA,NA
"BerryCrust_0010788",NA,NA,NA,NA,NA,NA,NA
"BerryCrust_0010789","Eukaryota",NA,NA,NA,NA,NA,NA
"BerryCrust_0010790",NA,NA,NA,NA,NA,NA,NA
"BerryCrust_0010791",NA,NA,NA,NA,NA,NA,NA
"BerryCrust_0010792",NA,NA,NA,NA,NA,NA,NA
"BerryCrust_0010793",NA,NA,NA,NA,NA,NA,NA
"BerryCrust_0010794",NA,NA,NA,NA,NA,NA,NA
"BerryCrust_0010795",NA,NA,NA,NA,NA,NA,NA
"BerryCrust_0010796",NA,NA,NA,NA,NA,NA,NA
"BerryCrust_0010797",NA,NA,NA,NA,NA,NA,NA
"BerryCrust_0010798",NA,NA,NA,NA,NA,NA,NA
"BerryCrust_0010799",NA,NA,NA,NA,NA,NA,NA
"BerryCrust_0010800",NA,NA,NA,NA,NA,NA,NA
"BerryCrust_0010801",NA,NA,NA,NA,NA,NA,NA
"BerryCrust_0010802",NA,NA,NA,NA,NA,NA,NA
"BerryCrust_0010803",NA,NA,NA,NA,NA,NA,NA
"BerryCrust_0010804",NA,NA,NA,NA,NA,NA,NA
"BerryCrust_0010805",NA,NA,NA,NA,NA,NA,NA
"BerryCrust_0010806",NA,NA,NA,NA,NA,NA,NA
"BerryCrust_0010807",NA,NA,NA,NA,NA,NA,NA
"BerryCrust_0010808",NA,NA,NA,NA,NA,NA,NA
"BerryCrust_0010809",NA,NA,NA,NA,NA,NA,NA
"BerryCrust_0010810","Eukaryota","Arthropoda",NA,NA,NA,NA,NA
"BerryCrust_0010811",NA,NA,NA,NA,NA,NA,NA
"BerryCrust_0010812",NA,NA,NA,NA,NA,NA,NA
"BerryCrust_0010813",NA,NA,NA,NA,NA,NA,NA
"BerryCrust_0010814",NA,NA,NA,NA,NA,NA,NA
"BerryCrust_0010815",NA,NA,NA,NA,NA,NA,NA
"BerryCrust_0010816",NA,NA,NA,NA,NA,NA,NA
"BerryCrust_0010817",NA,NA,NA,NA,NA,NA,NA
"BerryCrust_0010818",NA,NA,NA,NA,NA,NA,NA
"BerryCrust_0010819",NA,NA,NA,NA,NA,NA,NA
"BerryCrust_0010820",NA,NA,NA,NA,NA,NA,NA
"BerryCrust_0010821",NA,NA,NA,NA,NA,NA,NA
"BerryCrust_0010822",NA,NA,NA,NA,NA,NA,NA
"BerryCrust_0010823",NA,NA,NA,NA,NA,NA,NA
"BerryCrust_0010824",NA,NA,NA,NA,NA,NA,NA
"BerryCrust_0010825",NA,NA,NA,NA,NA,NA,NA
"BerryCrust_0010826","Eukaryota","Arthropoda",NA,NA,NA,NA,NA
"BerryCrust_0010827",NA,NA,NA,NA,NA,NA,NA
"BerryCrust_0010828",NA,NA,NA,NA,NA,NA,NA
"BerryCrust_0010829",NA,NA,NA,NA,NA,NA,NA
"BerryCrust_0010830",NA,NA,NA,NA,NA,NA,NA
"BerryCrust_0010831",NA,NA,NA,NA,NA,NA,NA
"BerryCrust_0010832",NA,NA,NA,NA,NA,NA,NA
"BerryCrust_0010833",NA,NA,NA,NA,NA,NA,NA
"BerryCrust_0010834",NA,NA,NA,NA,NA,NA,NA
"BerryCrust_0010835",NA,NA,NA,NA,NA,NA,NA
"BerryCrust_0010836",NA,NA,NA,NA,NA,NA,NA
"BerryCrust_0010837",NA,NA,NA,NA,NA,NA,NA
"BerryCrust_0010838",NA,NA,NA,NA,NA,NA,NA
"BerryCrust_0010839",NA,NA,NA,NA,NA,NA,NA
"BerryCrust_0010840",NA,NA,NA,NA,NA,NA,NA
"BerryCrust_0010841",NA,NA,NA,NA,NA,NA,NA
"BerryCrust_0010842",NA,NA,NA,NA,NA,NA,NA
"BerryCrust_0010843",NA,NA,NA,NA,NA,NA,NA
"BerryCrust_0010844",NA,NA,NA,NA,NA,NA,NA
"BerryCrust_0010845",NA,NA,NA,NA,NA,NA,NA
"BerryCrust_0010846",NA,NA,NA,NA,NA,NA,NA
"BerryCrust_0010847",NA,NA,NA,NA,NA,NA,NA
"BerryCrust_0010848",NA,NA,NA,NA,NA,NA,NA
"BerryCrust_0010849",NA,NA,NA,NA,NA,NA,NA
"BerryCrust_0010850",NA,NA,NA,NA,NA,NA,NA
"BerryCrust_0010851",NA,NA,NA,NA,NA,NA,NA
"BerryCrust_0010852",NA,NA,NA,NA,NA,NA,NA
"BerryCrust_0010853",NA,NA,NA,NA,NA,NA,NA
"BerryCrust_0010854",NA,NA,NA,NA,NA,NA,NA
"BerryCrust_0010855",NA,NA,NA,NA,NA,NA,NA
"BerryCrust_0010856",NA,NA,NA,NA,NA,NA,NA
"BerryCrust_0010857",NA,NA,NA,NA,NA,NA,NA
"BerryCrust_0010858",NA,NA,NA,NA,NA,NA,NA
"BerryCrust_0010859",NA,NA,NA,NA,NA,NA,NA
"BerryCrust_0010860",NA,NA,NA,NA,NA,NA,NA
"BerryCrust_0010861",NA,NA,NA,NA,NA,NA,NA
"BerryCrust_0010862",NA,NA,NA,NA,NA,NA,NA
"BerryCrust_0010863",NA,NA,NA,NA,NA,NA,NA
"BerryCrust_0010864",NA,NA,NA,NA,NA,NA,NA
"BerryCrust_0010865",NA,NA,NA,NA,NA,NA,NA
"BerryCrust_0010866",NA,NA,NA,NA,NA,NA,NA
"BerryCrust_0010867",NA,NA,NA,NA,NA,NA,NA
"BerryCrust_0010868",NA,NA,NA,NA,NA,NA,NA
"BerryCrust_0010869",NA,NA,NA,NA,NA,NA,NA
"BerryCrust_0010870",NA,NA,NA,NA,NA,NA,NA
"BerryCrust_0010871",NA,NA,NA,NA,NA,NA,NA
"BerryCrust_0010872",NA,NA,NA,NA,NA,NA,NA
"BerryCrust_0010873",NA,NA,NA,NA,NA,NA,NA
"BerryCrust_0010874",NA,NA,NA,NA,NA,NA,NA
"BerryCrust_0010875",NA,NA,NA,NA,NA,NA,NA
"BerryCrust_0010876",NA,NA,NA,NA,NA,NA,NA
"BerryCrust_0010877",NA,NA,NA,NA,NA,NA,NA
"BerryCrust_0010878",NA,NA,NA,NA,NA,NA,NA
"BerryCrust_0010879",NA,NA,NA,NA,NA,NA,NA
"BerryCrust_0010880",NA,NA,NA,NA,NA,NA,NA
"BerryCrust_0010881",NA,NA,NA,NA,NA,NA,NA
"BerryCrust_0010882",NA,NA,NA,NA,NA,NA,NA
"BerryCrust_0010883",NA,NA,NA,NA,NA,NA,NA
"BerryCrust_0010884",NA,NA,NA,NA,NA,NA,NA
"BerryCrust_0010885",NA,NA,NA,NA,NA,NA,NA
"BerryCrust_0010886",NA,NA,NA,NA,NA,NA,NA
"BerryCrust_0010887",NA,NA,NA,NA,NA,NA,NA
"BerryCrust_0010888",NA,NA,NA,NA,NA,NA,NA
"BerryCrust_0010889",NA,NA,NA,NA,NA,NA,NA
"BerryCrust_0010890",NA,NA,NA,NA,NA,NA,NA
"BerryCrust_0010891",NA,NA,NA,NA,NA,NA,NA
"BerryCrust_0010892",NA,NA,NA,NA,NA,NA,NA
"BerryCrust_0010893",NA,NA,NA,NA,NA,NA,NA
"BerryCrust_0010894",NA,NA,NA,NA,NA,NA,NA
"BerryCrust_0010895",NA,NA,NA,NA,NA,NA,NA
"BerryCrust_0010896",NA,NA,NA,NA,NA,NA,NA
"BerryCrust_0010897",NA,NA,NA,NA,NA,NA,NA
"BerryCrust_0010898",NA,NA,NA,NA,NA,NA,NA
"BerryCrust_0010899",NA,NA,NA,NA,NA,NA,NA
"BerryCrust_0010900",NA,NA,NA,NA,NA,NA,NA
"BerryCrust_0010901","Eukaryota",NA,NA,NA,NA,NA,NA
"BerryCrust_0010902",NA,NA,NA,NA,NA,NA,NA
"BerryCrust_0010903",NA,NA,NA,NA,NA,NA,NA
"BerryCrust_0010904",NA,NA,NA,NA,NA,NA,NA
"BerryCrust_0010905",NA,NA,NA,NA,NA,NA,NA
"BerryCrust_0010906",NA,NA,NA,NA,NA,NA,NA
"BerryCrust_0010907",NA,NA,NA,NA,NA,NA,NA
"BerryCrust_0010908",NA,NA,NA,NA,NA,NA,NA
"BerryCrust_0010909",NA,NA,NA,NA,NA,NA,NA
"BerryCrust_0010910",NA,NA,NA,NA,NA,NA,NA
"BerryCrust_0010911",NA,NA,NA,NA,NA,NA,NA
"BerryCrust_0010912",NA,NA,NA,NA,NA,NA,NA
"BerryCrust_0010913",NA,NA,NA,NA,NA,NA,NA
"BerryCrust_0010914",NA,NA,NA,NA,NA,NA,NA
"BerryCrust_0010915",NA,NA,NA,NA,NA,NA,NA
"BerryCrust_0010916",NA,NA,NA,NA,NA,NA,NA
"BerryCrust_0010917",NA,NA,NA,NA,NA,NA,NA
"BerryCrust_0010918",NA,NA,NA,NA,NA,NA,NA
"BerryCrust_0010919",NA,NA,NA,NA,NA,NA,NA
"BerryCrust_0010920",NA,NA,NA,NA,NA,NA,NA
"BerryCrust_0010921",NA,NA,NA,NA,NA,NA,NA
"BerryCrust_0010922",NA,NA,NA,NA,NA,NA,NA
"BerryCrust_0010923",NA,NA,NA,NA,NA,NA,NA
"BerryCrust_0010924",NA,NA,NA,NA,NA,NA,NA
"BerryCrust_0010925",NA,NA,NA,NA,NA,NA,NA
"BerryCrust_0010926",NA,NA,NA,NA,NA,NA,NA
"BerryCrust_0010927",NA,NA,NA,NA,NA,NA,NA
"BerryCrust_0010928",NA,NA,NA,NA,NA,NA,NA
"BerryCrust_0010929",NA,NA,NA,NA,NA,NA,NA
"BerryCrust_0010930",NA,NA,NA,NA,NA,NA,NA
"BerryCrust_0010931",NA,NA,NA,NA,NA,NA,NA
"BerryCrust_0010932",NA,NA,NA,NA,NA,NA,NA
"BerryCrust_0010933",NA,NA,NA,NA,NA,NA,NA
"BerryCrust_0010934",NA,NA,NA,NA,NA,NA,NA
"BerryCrust_0010935",NA,NA,NA,NA,NA,NA,NA
"BerryCrust_0010936",NA,NA,NA,NA,NA,NA,NA
"BerryCrust_0010937","Eukaryota",NA,NA,NA,NA,NA,NA
"BerryCrust_0010938",NA,NA,NA,NA,NA,NA,NA
"BerryCrust_0010939",NA,NA,NA,NA,NA,NA,NA
"BerryCrust_0010940",NA,NA,NA,NA,NA,NA,NA
"BerryCrust_0010941",NA,NA,NA,NA,NA,NA,NA
"BerryCrust_0010942",NA,NA,NA,NA,NA,NA,NA
"BerryCrust_0010943",NA,NA,NA,NA,NA,NA,NA
"BerryCrust_0010944",NA,NA,NA,NA,NA,NA,NA
"BerryCrust_0010945",NA,NA,NA,NA,NA,NA,NA
"BerryCrust_0010946",NA,NA,NA,NA,NA,NA,NA
"BerryCrust_0010947",NA,NA,NA,NA,NA,NA,NA
"BerryCrust_0010948",NA,NA,NA,NA,NA,NA,NA
"BerryCrust_0010949",NA,NA,NA,NA,NA,NA,NA
"BerryCrust_0010950",NA,NA,NA,NA,NA,NA,NA
"BerryCrust_0010951",NA,NA,NA,NA,NA,NA,NA
"BerryCrust_0010952",NA,NA,NA,NA,NA,NA,NA
"BerryCrust_0010953",NA,NA,NA,NA,NA,NA,NA
"BerryCrust_0010954",NA,NA,NA,NA,NA,NA,NA
"BerryCrust_0010955",NA,NA,NA,NA,NA,NA,NA
"BerryCrust_0010956",NA,NA,NA,NA,NA,NA,NA
"BerryCrust_0010957","Eukaryota",NA,NA,NA,NA,NA,NA
"BerryCrust_0010958",NA,NA,NA,NA,NA,NA,NA
"BerryCrust_0010959",NA,NA,NA,NA,NA,NA,NA
"BerryCrust_0010960",NA,NA,NA,NA,NA,NA,NA
"BerryCrust_0010961",NA,NA,NA,NA,NA,NA,NA
"BerryCrust_0010962",NA,NA,NA,NA,NA,NA,NA
"BerryCrust_0010963",NA,NA,NA,NA,NA,NA,NA
"BerryCrust_0010964",NA,NA,NA,NA,NA,NA,NA
"BerryCrust_0010965",NA,NA,NA,NA,NA,NA,NA
"BerryCrust_0010966",NA,NA,NA,NA,NA,NA,NA
"BerryCrust_0010967",NA,NA,NA,NA,NA,NA,NA
"BerryCrust_0010968",NA,NA,NA,NA,NA,NA,NA
"BerryCrust_0010969",NA,NA,NA,NA,NA,NA,NA
"BerryCrust_0010970",NA,NA,NA,NA,NA,NA,NA
"BerryCrust_0010971",NA,NA,NA,NA,NA,NA,NA
"BerryCrust_0010972",NA,NA,NA,NA,NA,NA,NA
"BerryCrust_0010973",NA,NA,NA,NA,NA,NA,NA
"BerryCrust_0010974",NA,NA,NA,NA,NA,NA,NA
"BerryCrust_0010975",NA,NA,NA,NA,NA,NA,NA
"BerryCrust_0010976",NA,NA,NA,NA,NA,NA,NA
"BerryCrust_0010977",NA,NA,NA,NA,NA,NA,NA
"BerryCrust_0010978",NA,NA,NA,NA,NA,NA,NA
"BerryCrust_0010979",NA,NA,NA,NA,NA,NA,NA
"BerryCrust_0010980",NA,NA,NA,NA,NA,NA,NA
"BerryCrust_0010981",NA,NA,NA,NA,NA,NA,NA
"BerryCrust_0010982",NA,NA,NA,NA,NA,NA,NA
"BerryCrust_0010983",NA,NA,NA,NA,NA,NA,NA
"BerryCrust_0010984",NA,NA,NA,NA,NA,NA,NA
"BerryCrust_0010985",NA,NA,NA,NA,NA,NA,NA
"BerryCrust_0010986",NA,NA,NA,NA,NA,NA,NA
"BerryCrust_0010987",NA,NA,NA,NA,NA,NA,NA
"BerryCrust_0010988",NA,NA,NA,NA,NA,NA,NA
"BerryCrust_0010989",NA,NA,NA,NA,NA,NA,NA
"BerryCrust_0010990",NA,NA,NA,NA,NA,NA,NA
"BerryCrust_0010991",NA,NA,NA,NA,NA,NA,NA
"BerryCrust_0010992",NA,NA,NA,NA,NA,NA,NA
"BerryCrust_0010993",NA,NA,NA,NA,NA,NA,NA
"BerryCrust_0010994",NA,NA,NA,NA,NA,NA,NA
"BerryCrust_0010995",NA,NA,NA,NA,NA,NA,NA
"BerryCrust_0010996",NA,NA,NA,NA,NA,NA,NA
"BerryCrust_0010997",NA,NA,NA,NA,NA,NA,NA
"BerryCrust_0010998",NA,NA,NA,NA,NA,NA,NA
"BerryCrust_0010999",NA,NA,NA,NA,NA,NA,NA
"BerryCrust_0011000",NA,NA,NA,NA,NA,NA,NA
"BerryCrust_0011001",NA,NA,NA,NA,NA,NA,NA
"BerryCrust_0011002","Eukaryota",NA,NA,NA,NA,NA,NA
"BerryCrust_0011003",NA,NA,NA,NA,NA,NA,NA
"BerryCrust_0011004",NA,NA,NA,NA,NA,NA,NA
"BerryCrust_0011005",NA,NA,NA,NA,NA,NA,NA
"BerryCrust_0011006",NA,NA,NA,NA,NA,NA,NA
"BerryCrust_0011007",NA,NA,NA,NA,NA,NA,NA
"BerryCrust_0011008",NA,NA,NA,NA,NA,NA,NA
"BerryCrust_0011009",NA,NA,NA,NA,NA,NA,NA
"BerryCrust_0011010",NA,NA,NA,NA,NA,NA,NA
"BerryCrust_0011011",NA,NA,NA,NA,NA,NA,NA
"BerryCrust_0011012",NA,NA,NA,NA,NA,NA,NA
"BerryCrust_0011013",NA,NA,NA,NA,NA,NA,NA
"BerryCrust_0011014",NA,NA,NA,NA,NA,NA,NA
"BerryCrust_0011015",NA,NA,NA,NA,NA,NA,NA
"BerryCrust_0011016",NA,NA,NA,NA,NA,NA,NA
"BerryCrust_0011017",NA,NA,NA,NA,NA,NA,NA
"BerryCrust_0011018",NA,NA,NA,NA,NA,NA,NA
"BerryCrust_0011019",NA,NA,NA,NA,NA,NA,NA
"BerryCrust_0011020",NA,NA,NA,NA,NA,NA,NA
"BerryCrust_0011021",NA,NA,NA,NA,NA,NA,NA
"BerryCrust_0011022",NA,NA,NA,NA,NA,NA,NA
"BerryCrust_0011023",NA,NA,NA,NA,NA,NA,NA
"BerryCrust_0011024",NA,NA,NA,NA,NA,NA,NA
"BerryCrust_0011025",NA,NA,NA,NA,NA,NA,NA
"BerryCrust_0011026",NA,NA,NA,NA,NA,NA,NA
"BerryCrust_0011027",NA,NA,NA,NA,NA,NA,NA
"BerryCrust_0011028",NA,NA,NA,NA,NA,NA,NA
"BerryCrust_0011029","Eukaryota","Arthropoda",NA,NA,NA,NA,NA
"BerryCrust_0011030",NA,NA,NA,NA,NA,NA,NA
"BerryCrust_0011031",NA,NA,NA,NA,NA,NA,NA
"BerryCrust_0011032",NA,NA,NA,NA,NA,NA,NA
"BerryCrust_0011033",NA,NA,NA,NA,NA,NA,NA
"BerryCrust_0011034",NA,NA,NA,NA,NA,NA,NA
"BerryCrust_0011035",NA,NA,NA,NA,NA,NA,NA
"BerryCrust_0011036",NA,NA,NA,NA,NA,NA,NA
"BerryCrust_0011037",NA,NA,NA,NA,NA,NA,NA
"BerryCrust_0011038",NA,NA,NA,NA,NA,NA,NA
"BerryCrust_0011039",NA,NA,NA,NA,NA,NA,NA
"BerryCrust_0011040",NA,NA,NA,NA,NA,NA,NA
"BerryCrust_0011041",NA,NA,NA,NA,NA,NA,NA
"BerryCrust_0011042",NA,NA,NA,NA,NA,NA,NA
"BerryCrust_0011043",NA,NA,NA,NA,NA,NA,NA
"BerryCrust_0011044",NA,NA,NA,NA,NA,NA,NA
"BerryCrust_0011045",NA,NA,NA,NA,NA,NA,NA
"BerryCrust_0011046",NA,NA,NA,NA,NA,NA,NA
"BerryCrust_0011047",NA,NA,NA,NA,NA,NA,NA
"BerryCrust_0011048",NA,NA,NA,NA,NA,NA,NA
"BerryCrust_0011049",NA,NA,NA,NA,NA,NA,NA
"BerryCrust_0011050",NA,NA,NA,NA,NA,NA,NA
"BerryCrust_0011051",NA,NA,NA,NA,NA,NA,NA
"BerryCrust_0011052",NA,NA,NA,NA,NA,NA,NA
"BerryCrust_0011053",NA,NA,NA,NA,NA,NA,NA
"BerryCrust_0011054",NA,NA,NA,NA,NA,NA,NA
"BerryCrust_0011055",NA,NA,NA,NA,NA,NA,NA
"BerryCrust_0011056",NA,NA,NA,NA,NA,NA,NA
"BerryCrust_0011057",NA,NA,NA,NA,NA,NA,NA
"BerryCrust_0011058",NA,NA,NA,NA,NA,NA,NA
"BerryCrust_0011059",NA,NA,NA,NA,NA,NA,NA
"BerryCrust_0011060","Eukaryota","Arthropoda","Malacostraca","Decapoda","Palinuridae","Panulirus","Panulirus gracilis"
"BerryCrust_0011061",NA,NA,NA,NA,NA,NA,NA
"BerryCrust_0011062",NA,NA,NA,NA,NA,NA,NA
"BerryCrust_0011063",NA,NA,NA,NA,NA,NA,NA
"BerryCrust_0011064",NA,NA,NA,NA,NA,NA,NA
"BerryCrust_0011065",NA,NA,NA,NA,NA,NA,NA
"BerryCrust_0011066",NA,NA,NA,NA,NA,NA,NA
"BerryCrust_0011067",NA,NA,NA,NA,NA,NA,NA
"BerryCrust_0011068",NA,NA,NA,NA,NA,NA,NA
"BerryCrust_0011069",NA,NA,NA,NA,NA,NA,NA
"BerryCrust_0011070",NA,NA,NA,NA,NA,NA,NA
"BerryCrust_0011071",NA,NA,NA,NA,NA,NA,NA
"BerryCrust_0011072",NA,NA,NA,NA,NA,NA,NA
"BerryCrust_0011073",NA,NA,NA,NA,NA,NA,NA
"BerryCrust_0011074",NA,NA,NA,NA,NA,NA,NA
"BerryCrust_0011075",NA,NA,NA,NA,NA,NA,NA
"BerryCrust_0011076","Eukaryota",NA,NA,NA,NA,NA,NA
"BerryCrust_0011077",NA,NA,NA,NA,NA,NA,NA
"BerryCrust_0011078",NA,NA,NA,NA,NA,NA,NA
"BerryCrust_0011079",NA,NA,NA,NA,NA,NA,NA
"BerryCrust_0011080",NA,NA,NA,NA,NA,NA,NA
"BerryCrust_0011081",NA,NA,NA,NA,NA,NA,NA
"BerryCrust_0011082",NA,NA,NA,NA,NA,NA,NA
"BerryCrust_0011083",NA,NA,NA,NA,NA,NA,NA
"BerryCrust_0011084",NA,NA,NA,NA,NA,NA,NA
"BerryCrust_0011085",NA,NA,NA,NA,NA,NA,NA
"BerryCrust_0011086",NA,NA,NA,NA,NA,NA,NA
"BerryCrust_0011087","Eukaryota",NA,NA,NA,NA,NA,NA
"BerryCrust_0011088","Eukaryota",NA,NA,NA,NA,NA,NA
"BerryCrust_0011089","Eukaryota","Arthropoda","Malacostraca","Decapoda","Panopeidae","Panopeus","Panopeus chilensis"
"BerryCrust_0011090",NA,NA,NA,NA,NA,NA,NA
"BerryCrust_0011091",NA,NA,NA,NA,NA,NA,NA
"BerryCrust_0011092",NA,NA,NA,NA,NA,NA,NA
"BerryCrust_0011093",NA,NA,NA,NA,NA,NA,NA
"BerryCrust_0011094",NA,NA,NA,NA,NA,NA,NA
"BerryCrust_0011095",NA,NA,NA,NA,NA,NA,NA
"BerryCrust_0011096","Eukaryota","Arthropoda","Thecostraca","Balanomorpha","Balanidae","Balanus","Balanus trigonus"
"BerryCrust_0011097",NA,NA,NA,NA,NA,NA,NA
"BerryCrust_0011098",NA,NA,NA,NA,NA,NA,NA
"BerryCrust_0011099",NA,NA,NA,NA,NA,NA,NA
"BerryCrust_0011100",NA,NA,NA,NA,NA,NA,NA
"BerryCrust_0011101",NA,NA,NA,NA,NA,NA,NA
"BerryCrust_0011102",NA,NA,NA,NA,NA,NA,NA
"BerryCrust_0011103",NA,NA,NA,NA,NA,NA,NA
"BerryCrust_0011104",NA,NA,NA,NA,NA,NA,NA
"BerryCrust_0011105",NA,NA,NA,NA,NA,NA,NA
"BerryCrust_0011106",NA,NA,NA,NA,NA,NA,NA
"BerryCrust_0011107",NA,NA,NA,NA,NA,NA,NA
"BerryCrust_0011108",NA,NA,NA,NA,NA,NA,NA
"BerryCrust_0011109",NA,NA,NA,NA,NA,NA,NA
"BerryCrust_0011110",NA,NA,NA,NA,NA,NA,NA
"BerryCrust_0011111",NA,NA,NA,NA,NA,NA,NA
"BerryCrust_0011112",NA,NA,NA,NA,NA,NA,NA
"BerryCrust_0011113",NA,NA,NA,NA,NA,NA,NA
"BerryCrust_0011114",NA,NA,NA,NA,NA,NA,NA
"BerryCrust_0011115",NA,NA,NA,NA,NA,NA,NA
"BerryCrust_0011116",NA,NA,NA,NA,NA,NA,NA
"BerryCrust_0011117",NA,NA,NA,NA,NA,NA,NA
"BerryCrust_0011118",NA,NA,NA,NA,NA,NA,NA
"BerryCrust_0011119",NA,NA,NA,NA,NA,NA,NA
"BerryCrust_0011120",NA,NA,NA,NA,NA,NA,NA
"BerryCrust_0011121",NA,NA,NA,NA,NA,NA,NA
"BerryCrust_0011122",NA,NA,NA,NA,NA,NA,NA
"BerryCrust_0011123",NA,NA,NA,NA,NA,NA,NA
"BerryCrust_0011124",NA,NA,NA,NA,NA,NA,NA
"BerryCrust_0011125",NA,NA,NA,NA,NA,NA,NA
"BerryCrust_0011126",NA,NA,NA,NA,NA,NA,NA
"BerryCrust_0011127",NA,NA,NA,NA,NA,NA,NA
"BerryCrust_0011128",NA,NA,NA,NA,NA,NA,NA
"BerryCrust_0011129",NA,NA,NA,NA,NA,NA,NA
"BerryCrust_0011130",NA,NA,NA,NA,NA,NA,NA
"BerryCrust_0011131",NA,NA,NA,NA,NA,NA,NA
"BerryCrust_0011132",NA,NA,NA,NA,NA,NA,NA
"BerryCrust_0011133",NA,NA,NA,NA,NA,NA,NA
"BerryCrust_0011134","Eukaryota",NA,NA,NA,NA,NA,NA
"BerryCrust_0011135",NA,NA,NA,NA,NA,NA,NA
"BerryCrust_0011136",NA,NA,NA,NA,NA,NA,NA
"BerryCrust_0011137",NA,NA,NA,NA,NA,NA,NA
"BerryCrust_0011138",NA,NA,NA,NA,NA,NA,NA
"BerryCrust_0011139",NA,NA,NA,NA,NA,NA,NA
"BerryCrust_0011140",NA,NA,NA,NA,NA,NA,NA
"BerryCrust_0011141",NA,NA,NA,NA,NA,NA,NA
"BerryCrust_0011142",NA,NA,NA,NA,NA,NA,NA
"BerryCrust_0011143",NA,NA,NA,NA,NA,NA,NA
"BerryCrust_0011144",NA,NA,NA,NA,NA,NA,NA
"BerryCrust_0011145",NA,NA,NA,NA,NA,NA,NA
"BerryCrust_0011146",NA,NA,NA,NA,NA,NA,NA
"BerryCrust_0011147",NA,NA,NA,NA,NA,NA,NA
"BerryCrust_0011148",NA,NA,NA,NA,NA,NA,NA
"BerryCrust_0011149",NA,NA,NA,NA,NA,NA,NA
"BerryCrust_0011150",NA,NA,NA,NA,NA,NA,NA
"BerryCrust_0011151",NA,NA,NA,NA,NA,NA,NA
"BerryCrust_0011152",NA,NA,NA,NA,NA,NA,NA
"BerryCrust_0011153","Eukaryota",NA,NA,NA,NA,NA,NA
"BerryCrust_0011154",NA,NA,NA,NA,NA,NA,NA
"BerryCrust_0011155","Eukaryota","Arthropoda","Malacostraca","Decapoda","Palaemonidae","Palaemon","Palaemon ritteri"
"BerryCrust_0011156",NA,NA,NA,NA,NA,NA,NA
"BerryCrust_0011157",NA,NA,NA,NA,NA,NA,NA
"BerryCrust_0011158",NA,NA,NA,NA,NA,NA,NA
"BerryCrust_0011159",NA,NA,NA,NA,NA,NA,NA
"BerryCrust_0011160","Eukaryota","Arthropoda","Malacostraca","Decapoda","Palinuridae","Panulirus","Panulirus gracilis"
"BerryCrust_0011161",NA,NA,NA,NA,NA,NA,NA
"BerryCrust_0011162",NA,NA,NA,NA,NA,NA,NA
"BerryCrust_0011163",NA,NA,NA,NA,NA,NA,NA
"BerryCrust_0011164",NA,NA,NA,NA,NA,NA,NA
"BerryCrust_0011165",NA,NA,NA,NA,NA,NA,NA
"BerryCrust_0011166",NA,NA,NA,NA,NA,NA,NA
"BerryCrust_0011167",NA,NA,NA,NA,NA,NA,NA
"BerryCrust_0011168",NA,NA,NA,NA,NA,NA,NA
"BerryCrust_0011169",NA,NA,NA,NA,NA,NA,NA
"BerryCrust_0011170",NA,NA,NA,NA,NA,NA,NA
"BerryCrust_0011171",NA,NA,NA,NA,NA,NA,NA
"BerryCrust_0011172","Eukaryota","Arthropoda","Malacostraca","Decapoda","Palaemonidae","Palaemon","Palaemon ritteri"
"BerryCrust_0011173",NA,NA,NA,NA,NA,NA,NA
"BerryCrust_0011174","Eukaryota",NA,NA,NA,NA,NA,NA
"BerryCrust_0011175",NA,NA,NA,NA,NA,NA,NA
"BerryCrust_0011176",NA,NA,NA,NA,NA,NA,NA
"BerryCrust_0011177",NA,NA,NA,NA,NA,NA,NA
"BerryCrust_0011178",NA,NA,NA,NA,NA,NA,NA
"BerryCrust_0011179",NA,NA,NA,NA,NA,NA,NA
"BerryCrust_0011180",NA,NA,NA,NA,NA,NA,NA
"BerryCrust_0011181",NA,NA,NA,NA,NA,NA,NA
"BerryCrust_0011182",NA,NA,NA,NA,NA,NA,NA
"BerryCrust_0011183",NA,NA,NA,NA,NA,NA,NA
"BerryCrust_0011184",NA,NA,NA,NA,NA,NA,NA
"BerryCrust_0011185",NA,NA,NA,NA,NA,NA,NA
"BerryCrust_0011186",NA,NA,NA,NA,NA,NA,NA
"BerryCrust_0011187",NA,NA,NA,NA,NA,NA,NA
"BerryCrust_0011188",NA,NA,NA,NA,NA,NA,NA
"BerryCrust_0011189",NA,NA,NA,NA,NA,NA,NA
"BerryCrust_0011190",NA,NA,NA,NA,NA,NA,NA
"BerryCrust_0011191",NA,NA,NA,NA,NA,NA,NA
"BerryCrust_0011192",NA,NA,NA,NA,NA,NA,NA
"BerryCrust_0011193",NA,NA,NA,NA,NA,NA,NA
"BerryCrust_0011194",NA,NA,NA,NA,NA,NA,NA
"BerryCrust_0011195",NA,NA,NA,NA,NA,NA,NA
"BerryCrust_0011196","Eukaryota","Arthropoda","Malacostraca","Stomatopoda","Squillidae",NA,NA
"BerryCrust_0011197",NA,NA,NA,NA,NA,NA,NA
"BerryCrust_0011198",NA,NA,NA,NA,NA,NA,NA
"BerryCrust_0011199",NA,NA,NA,NA,NA,NA,NA
"BerryCrust_0011200",NA,NA,NA,NA,NA,NA,NA
"BerryCrust_0011201",NA,NA,NA,NA,NA,NA,NA
"BerryCrust_0011202",NA,NA,NA,NA,NA,NA,NA
"BerryCrust_0011203",NA,NA,NA,NA,NA,NA,NA
"BerryCrust_0011204",NA,NA,NA,NA,NA,NA,NA
"BerryCrust_0011205",NA,NA,NA,NA,NA,NA,NA
"BerryCrust_0011206",NA,NA,NA,NA,NA,NA,NA
"BerryCrust_0011207",NA,NA,NA,NA,NA,NA,NA
"BerryCrust_0011208",NA,NA,NA,NA,NA,NA,NA
"BerryCrust_0011209",NA,NA,NA,NA,NA,NA,NA
"BerryCrust_0011210",NA,NA,NA,NA,NA,NA,NA
"BerryCrust_0011211",NA,NA,NA,NA,NA,NA,NA
"BerryCrust_0011212",NA,NA,NA,NA,NA,NA,NA
"BerryCrust_0011213",NA,NA,NA,NA,NA,NA,NA
"BerryCrust_0011214",NA,NA,NA,NA,NA,NA,NA
"BerryCrust_0011215",NA,NA,NA,NA,NA,NA,NA
"BerryCrust_0011216",NA,NA,NA,NA,NA,NA,NA
"BerryCrust_0011217",NA,NA,NA,NA,NA,NA,NA
"BerryCrust_0011218",NA,NA,NA,NA,NA,NA,NA
"BerryCrust_0011219",NA,NA,NA,NA,NA,NA,NA
"BerryCrust_0011220",NA,NA,NA,NA,NA,NA,NA
"BerryCrust_0011221",NA,NA,NA,NA,NA,NA,NA
"BerryCrust_0011222",NA,NA,NA,NA,NA,NA,NA
"BerryCrust_0011223",NA,NA,NA,NA,NA,NA,NA
"BerryCrust_0011224",NA,NA,NA,NA,NA,NA,NA
"BerryCrust_0011225",NA,NA,NA,NA,NA,NA,NA
"BerryCrust_0011226",NA,NA,NA,NA,NA,NA,NA
"BerryCrust_0011227",NA,NA,NA,NA,NA,NA,NA
"BerryCrust_0011228",NA,NA,NA,NA,NA,NA,NA
"BerryCrust_0011229",NA,NA,NA,NA,NA,NA,NA
"BerryCrust_0011230",NA,NA,NA,NA,NA,NA,NA
"BerryCrust_0011231",NA,NA,NA,NA,NA,NA,NA
"BerryCrust_0011232",NA,NA,NA,NA,NA,NA,NA
"BerryCrust_0011233",NA,NA,NA,NA,NA,NA,NA
"BerryCrust_0011234",NA,NA,NA,NA,NA,NA,NA
"BerryCrust_0011235",NA,NA,NA,NA,NA,NA,NA
"BerryCrust_0011236",NA,NA,NA,NA,NA,NA,NA
"BerryCrust_0011237",NA,NA,NA,NA,NA,NA,NA
"BerryCrust_0011238",NA,NA,NA,NA,NA,NA,NA
"BerryCrust_0011239",NA,NA,NA,NA,NA,NA,NA
"BerryCrust_0011240",NA,NA,NA,NA,NA,NA,NA
"BerryCrust_0011241",NA,NA,NA,NA,NA,NA,NA
"BerryCrust_0011242",NA,NA,NA,NA,NA,NA,NA
"BerryCrust_0011243",NA,NA,NA,NA,NA,NA,NA
"BerryCrust_0011244",NA,NA,NA,NA,NA,NA,NA
"BerryCrust_0011245",NA,NA,NA,NA,NA,NA,NA
"BerryCrust_0011246",NA,NA,NA,NA,NA,NA,NA
"BerryCrust_0011247",NA,NA,NA,NA,NA,NA,NA
"BerryCrust_0011248",NA,NA,NA,NA,NA,NA,NA
"BerryCrust_0011249",NA,NA,NA,NA,NA,NA,NA
"BerryCrust_0011250",NA,NA,NA,NA,NA,NA,NA
"BerryCrust_0011251",NA,NA,NA,NA,NA,NA,NA
"BerryCrust_0011252",NA,NA,NA,NA,NA,NA,NA
"BerryCrust_0011253",NA,NA,NA,NA,NA,NA,NA
"BerryCrust_0011254",NA,NA,NA,NA,NA,NA,NA
"BerryCrust_0011255",NA,NA,NA,NA,NA,NA,NA
"BerryCrust_0011256",NA,NA,NA,NA,NA,NA,NA
"BerryCrust_0011257",NA,NA,NA,NA,NA,NA,NA
"BerryCrust_0011258",NA,NA,NA,NA,NA,NA,NA
"BerryCrust_0011259",NA,NA,NA,NA,NA,NA,NA
"BerryCrust_0011260",NA,NA,NA,NA,NA,NA,NA
"BerryCrust_0011261",NA,NA,NA,NA,NA,NA,NA
"BerryCrust_0011262",NA,NA,NA,NA,NA,NA,NA
"BerryCrust_0011263",NA,NA,NA,NA,NA,NA,NA
"BerryCrust_0011264",NA,NA,NA,NA,NA,NA,NA
"BerryCrust_0011265",NA,NA,NA,NA,NA,NA,NA
"BerryCrust_0011266",NA,NA,NA,NA,NA,NA,NA
"BerryCrust_0011267",NA,NA,NA,NA,NA,NA,NA
"BerryCrust_0011268","Eukaryota","Arthropoda",NA,NA,NA,NA,NA
"BerryCrust_0011269",NA,NA,NA,NA,NA,NA,NA
"BerryCrust_0011270",NA,NA,NA,NA,NA,NA,NA
"BerryCrust_0011271",NA,NA,NA,NA,NA,NA,NA
"BerryCrust_0011272",NA,NA,NA,NA,NA,NA,NA
"BerryCrust_0011273",NA,NA,NA,NA,NA,NA,NA
"BerryCrust_0011274",NA,NA,NA,NA,NA,NA,NA
"BerryCrust_0011275",NA,NA,NA,NA,NA,NA,NA
"BerryCrust_0011276",NA,NA,NA,NA,NA,NA,NA
"BerryCrust_0011277",NA,NA,NA,NA,NA,NA,NA
"BerryCrust_0011278",NA,NA,NA,NA,NA,NA,NA
"BerryCrust_0011279",NA,NA,NA,NA,NA,NA,NA
"BerryCrust_0011280",NA,NA,NA,NA,NA,NA,NA
"BerryCrust_0011281",NA,NA,NA,NA,NA,NA,NA
"BerryCrust_0011282",NA,NA,NA,NA,NA,NA,NA
"BerryCrust_0011283",NA,NA,NA,NA,NA,NA,NA
"BerryCrust_0011284",NA,NA,NA,NA,NA,NA,NA
"BerryCrust_0011285",NA,NA,NA,NA,NA,NA,NA
"BerryCrust_0011286",NA,NA,NA,NA,NA,NA,NA
"BerryCrust_0011287","Eukaryota",NA,NA,NA,NA,NA,NA
"BerryCrust_0011288",NA,NA,NA,NA,NA,NA,NA
"BerryCrust_0011289",NA,NA,NA,NA,NA,NA,NA
"BerryCrust_0011290",NA,NA,NA,NA,NA,NA,NA
"BerryCrust_0011291",NA,NA,NA,NA,NA,NA,NA
"BerryCrust_0011292",NA,NA,NA,NA,NA,NA,NA
"BerryCrust_0011293",NA,NA,NA,NA,NA,NA,NA
"BerryCrust_0011294",NA,NA,NA,NA,NA,NA,NA
"BerryCrust_0011295",NA,NA,NA,NA,NA,NA,NA
"BerryCrust_0011296",NA,NA,NA,NA,NA,NA,NA
"BerryCrust_0011297",NA,NA,NA,NA,NA,NA,NA
"BerryCrust_0011298",NA,NA,NA,NA,NA,NA,NA
"BerryCrust_0011299",NA,NA,NA,NA,NA,NA,NA
"BerryCrust_0011300",NA,NA,NA,NA,NA,NA,NA
"BerryCrust_0011301",NA,NA,NA,NA,NA,NA,NA
