"ASV_id","COUNT","BEST_MATCH_IDS","TAXID","BEST_IDENTITY","NUC_SEQ","BEST_MATCH_TAXIDS","SCIENTIFIC_NAME","domain_global","phylum_global","class_global","order_global","family_global","genus_global","species_global","pct_id_global","sintax","domain_local","phylum_local","class_local","order_local","family_local","genus_local","species_local","pct_id_local","best_pctid_winner","global_lca_to_local_triggered","preferred_pctid","preferred_database","preferred_scientific_name","preferred_domain","preferred_phylum","preferred_class","preferred_order","preferred_family","preferred_genus","preferred_species","post_checklist_domain","post_checklist_phylum","post_checklist_class","post_checklist_order","post_checklist_family","post_checklist_genus","post_checklist_species","regatta_match_rank","post_checklist_scientific_name"
"MiFish_0000001",225309,NA,"None",0,"caccgcggttatacgaggggcccgagtcgacagccaccggcgtaaagagtggttagggtaaaatttaaactaaagccaaactcctattaagttcgtctaatgttaattaaaagggagaggcccaactacgaaagtggctttaccaaacctgaccccacgaaagctgagaca",NA,NA,NA,NA,NA,NA,NA,NA,NA,0,NA,NA,NA,NA,NA,NA,NA,NA,NA,"local",FALSE,NA,NA,NA,NA,NA,NA,NA,NA,NA,NA,NA,NA,NA,NA,NA,NA,NA,NA,NA
"MiFish_0000002",2870,NA,"None",0,"caccgcggttatacgagaggtccaagttgatggttaacggcgtaaagcgtggttagagataaaccccatactaaagccgaaagctctcaaggctgtttaacgcttgccgagagtacgaagtccaattacgaaagtagctttaaattacctgaacccacgaaagctgaggaa",NA,NA,NA,NA,NA,NA,NA,NA,NA,0,NA,NA,NA,NA,NA,NA,NA,NA,NA,"local",FALSE,NA,NA,NA,NA,NA,NA,NA,NA,NA,NA,NA,NA,NA,NA,NA,NA,NA,NA,NA
"MiFish_0000003",19113,NA,"None",0,"cgccgcggttatacgagaggcccaagttgatagttaacggcgtaaagggtggttagaagaagactattactaaagccgaacgccctcaaggctgttatacgcatccgaaggtgagaagcccattcacgaaagtggctttataactttgaacccacgaaagctagggaa",NA,NA,NA,NA,NA,NA,NA,NA,NA,0,NA,NA,NA,NA,NA,NA,NA,NA,NA,"local",FALSE,NA,NA,NA,NA,NA,NA,NA,NA,NA,NA,NA,NA,NA,NA,NA,NA,NA,NA,NA
"MiFish_0000004",441,"['MW232422', 'MW232423', 'AP012946', 'KM651783']","8225",0.994047619047619,"caccgcggttatacgagaggcccaagttgacagacaccggcgtaaagcgtggttaaggtaaactaaaactaaagccgaataccttcagggcagttatacgcatccgaaggcacgaagccccaccacgaaagtggctttataacccctgaccccacgaaagctatgaca","[8227]","Euthynnus","Eukaryota","Chordata","Actinopteri","Scombriformes","Scombridae","Euthynnus",NA,99.4,"d:Eukaryota,p:Chordata,c:Actinopteri,o:Scombriformes,f:Scombridae,g:Auxis,s:Auxis_thazard","Eukaryota","Chordata","Actinopteri","Scombriformes","Scombridae","Auxis","Auxis thazard",98.2,"global",TRUE,99.4,"global_lca_to_local","Scombridae","Eukaryota","Chordata","Actinopteri","Scombriformes","Scombridae",NA,NA,"Eukaryota","Chordata","Actinopteri","Scombriformes","Scombridae",NA,NA,"family","Scombridae"
"MiFish_0000005",4405,NA,"None",0,"caccgcggtcacacgattaacccaagtcaatagaagccggcgtaaagagtgttttagatcaccccctccccaataaagctaaaactcacctgagttgtaaaaaactccagttgacacaaaatagactacgaaagtggctttaacatatctgaacacacaatagctaagacc",NA,NA,NA,NA,NA,NA,NA,NA,NA,0,NA,NA,NA,NA,NA,NA,NA,NA,NA,"local",FALSE,NA,NA,NA,NA,NA,NA,NA,NA,NA,NA,NA,NA,NA,NA,NA,NA,NA,NA,NA
"MiFish_0000006",60,NA,"None",0,"cgccgcggttatacgagaggcccaagttgatagttaacggcgtaaagggtggttagaagaagactattactaaagccgaacgccctcaaggctgttatacgcatccgaaggtgagaagcccattcacgaaagtggctttaccaaacctgaccccacgaaagctgagaca",NA,NA,NA,NA,NA,NA,NA,NA,NA,0,NA,NA,NA,NA,NA,NA,NA,NA,NA,"local",FALSE,NA,NA,NA,NA,NA,NA,NA,NA,NA,NA,NA,NA,NA,NA,NA,NA,NA,NA,NA
"MiFish_0000007",158907,"['KF374983', 'KF374984']","1229150",1,"caccgcggttatacgagaggcccaagttgatagacgccggcgcaaagagtggttaggtaacttaacaaactaaagccgaacgcccccaaggctgttatacgtgctcggaggtatgaagcccaactacgaaagtggctttaactatatctgaacccacgaaagctgtgaaa","[1229150]","Mugil thoburni","Eukaryota","Chordata","Actinopteri","Mugiliformes","Mugilidae","Mugil","Mugil thoburni",100,"d:Eukaryota,p:Chordata,c:Actinopteri,o:Mugiliformes,f:Mugilidae,g:Mugil,s:Mugil_thoburni","Eukaryota","Chordata","Actinopteri","Mugiliformes","Mugilidae","Mugil","Mugil thoburni",100,"local",FALSE,100,"local","Mugil thoburni","Eukaryota","Chordata","Actinopteri","Mugiliformes","Mugilidae","Mugil","Mugil thoburni","Eukaryota","Chordata","Actinopteri","Mugiliformes","Mugilidae","Mugil","Mugil thoburni","species","Mugil thoburni"
"MiFish_0000008",4118,NA,"None",0,"caccgcggtcatacgattaacccaaattaatagatccacggcgtaaagagtgtttaagaaaaaaaatcacaatagagttaaattataactaagctgtaaaaagccctagttaaaataaaataacccacgaaagtgactctaataatcctgacacacgatagctaggacc",NA,NA,NA,NA,NA,NA,NA,NA,NA,0,NA,NA,NA,NA,NA,NA,NA,NA,NA,"local",FALSE,NA,NA,NA,NA,NA,NA,NA,NA,NA,NA,NA,NA,NA,NA,NA,NA,NA,NA,NA
"MiFish_0000009",25,NA,"None",0,"cgccgcggttatacgagaggcccaagttgatagttaacggcgtaaagggtggttagaagaagactattactaaagccgaacgccctcaaggctgttatatgcatccgaaggtgagaagcccattcacgaaagtggctttataactttgaacccacgaaagctagggaa",NA,NA,NA,NA,NA,NA,NA,NA,NA,0,NA,NA,NA,NA,NA,NA,NA,NA,NA,"local",FALSE,NA,NA,NA,NA,NA,NA,NA,NA,NA,NA,NA,NA,NA,NA,NA,NA,NA,NA,NA
"MiFish_0000010",800,NA,"None",0,"caccgcggttatacgagaggcccaagttgatagttaacggcgtaaagggtggttagaagaagactattactaaagccgaacgccctcaaggctgttatacgcatccgaaggtgagaagcccattcacgaaagtggctttataactttgaacccacgaaagctagggaa",NA,NA,NA,NA,NA,NA,NA,NA,NA,0,NA,NA,NA,NA,NA,NA,NA,NA,NA,"local",FALSE,NA,NA,NA,NA,NA,NA,NA,NA,NA,NA,NA,NA,NA,NA,NA,NA,NA,NA,NA
"MiFish_0000011",12,NA,"None",0,"gggacgaaagaccctatgaacctcagttaaaaaatctaaatactatatgctttaagattatagcttgtttggggtaaactttaatattaatattattaatataaactgatcttaacacaattaattgaataaggta",NA,NA,NA,NA,NA,NA,NA,NA,NA,0,NA,NA,NA,NA,NA,NA,NA,NA,NA,"local",FALSE,NA,NA,NA,NA,NA,NA,NA,NA,NA,NA,NA,NA,NA,NA,NA,NA,NA,NA,NA
"MiFish_0000012",57251,"['MW630253']","1350519",1,"caccgcggttatacgagaggcccaagttgacagacacggcgtaaagagtggttaggcaaccccctttctacacactaaagtcgaacgccctctaggctgttatacgctctatgaaggcaagaagccccaccacgaaagtgactttattctacctgactccacgaaagctgagata","[1350519]","Stegastes arcifrons","Eukaryota","Chordata","Actinopteri",NA,"Pomacentridae","Stegastes","Stegastes arcifrons",100,NA,NA,NA,NA,NA,NA,NA,NA,NA,"global",FALSE,100,"global","Stegastes arcifrons","Eukaryota","Chordata","Actinopteri",NA,"Pomacentridae","Stegastes","Stegastes arcifrons","Eukaryota","Chordata","Actinopteri",NA,"Pomacentridae","Stegastes","Stegastes arcifrons","species","Stegastes arcifrons"
"MiFish_0000013",15914,NA,"None",0,"caccgcggttatacgaggggcccaagtcgacagccaccggcgtaaagagtggttagggtaaaatttaaactaaagccaaactcctattaagttcgtctaatgttaattaaaagggagaggcccaactacgaaagtggctttaccaaacctgaccccacgaaagctgagaca",NA,NA,NA,NA,NA,NA,NA,NA,NA,0,NA,NA,NA,NA,NA,NA,NA,NA,NA,"local",FALSE,NA,NA,NA,NA,NA,NA,NA,NA,NA,NA,NA,NA,NA,NA,NA,NA,NA,NA,NA
"MiFish_0000014",27,NA,"None",0,"cgccgcggttatacgagaggcccaagttgatagttaacggcgtaaagggcggttagaagaagactattactaaagccgaacgccctcaaggctgttatacgcatccgaaggtgagaagcccattcacgaaagtggctttataactttgaacccacgaaagctagggaa",NA,NA,NA,NA,NA,NA,NA,NA,NA,0,NA,NA,NA,NA,NA,NA,NA,NA,NA,"local",FALSE,NA,NA,NA,NA,NA,NA,NA,NA,NA,NA,NA,NA,NA,NA,NA,NA,NA,NA,NA
"MiFish_0000015",28,NA,"None",0,"cgccgcggttatacgagaggcccaagttgatagttaacggcgtaaagggtggttagaagaagactattactaaagccgaacgccctcaaggctgttatacgcatccgaaggtgagaagcccattcacgaaagtggctttataactttgaacccgcgaaagctagggaa",NA,NA,NA,NA,NA,NA,NA,NA,NA,0,NA,NA,NA,NA,NA,NA,NA,NA,NA,"local",FALSE,NA,NA,NA,NA,NA,NA,NA,NA,NA,NA,NA,NA,NA,NA,NA,NA,NA,NA,NA
"MiFish_0000016",3486,NA,"None",0,"caccgcggtcatacgattaacccaaattaatagatccacggcgtaaagagtgtttaagaaaaaaaaatcacaatagagttaaattataactaagctgtaaaaagccctagttaaaataaaataacccacgaaagtgactctaataatcctgacacacgatagctaggacc",NA,NA,NA,NA,NA,NA,NA,NA,NA,0,NA,NA,NA,NA,NA,NA,NA,NA,NA,"local",FALSE,NA,NA,NA,NA,NA,NA,NA,NA,NA,NA,NA,NA,NA,NA,NA,NA,NA,NA,NA
"MiFish_0000017",40,NA,"None",0,"cgccgcggttatacgagaggcccaagttgatagttaacggcgtaaagggtggttagaagaagactattactaaagccgaacgccctcaaggctgttatacgcatccgaaggtgagaagcccattcacgaaagtggctttatagctttgaacccacgaaagctagggaa",NA,NA,NA,NA,NA,NA,NA,NA,NA,0,NA,NA,NA,NA,NA,NA,NA,NA,NA,"local",FALSE,NA,NA,NA,NA,NA,NA,NA,NA,NA,NA,NA,NA,NA,NA,NA,NA,NA,NA,NA
"MiFish_0000018",513,NA,"None",0,"caccgcggtcatacgattaacccaaactaacgggctcacggcgtaaagcgtgtaaaagatctacctacactaaagttaaaatttaaccaagccgtaaaaagctgccgttaatacaaaatatactacgaaagtgactttaataattctgattacacgatagctaagacc",NA,NA,NA,NA,NA,NA,NA,NA,NA,0,NA,NA,NA,NA,NA,NA,NA,NA,NA,"local",FALSE,NA,NA,NA,NA,NA,NA,NA,NA,NA,NA,NA,NA,NA,NA,NA,NA,NA,NA,NA
"MiFish_0000019",11,NA,"None",0,"caccgcggttatacgagaggtccaagttgatagttaacggcgtaaagggtggttagaagaagactattactaaagccgaacgccctcaaggctgttatacgcatccgaaggtgagaagcccattcacgaaagtggctttataactttgaacccacgaaagctagggaa",NA,NA,NA,NA,NA,NA,NA,NA,NA,0,NA,NA,NA,NA,NA,NA,NA,NA,NA,"local",FALSE,NA,NA,NA,NA,NA,NA,NA,NA,NA,NA,NA,NA,NA,NA,NA,NA,NA,NA,NA
"MiFish_0000020",432,NA,"None",0,"caccgcggttatacgaggggcccgagtcgacagccaccggcgtaaagagtggttagggtaaaatttaaactaaagccaaactcctattaagctcgtctaatgttaattaaaagggagaggcccaactacgaaagtggctttaccaaacctgaccccacgaaagctgagaca",NA,NA,NA,NA,NA,NA,NA,NA,NA,0,NA,NA,NA,NA,NA,NA,NA,NA,NA,"local",FALSE,NA,NA,NA,NA,NA,NA,NA,NA,NA,NA,NA,NA,NA,NA,NA,NA,NA,NA,NA
"MiFish_0000021",122,NA,"None",0,"caccgcggttatacgaggggcccgagtcgacagccaccggcgtaaagagtggttagagtaaaatttaaactaaagccaaactcctattaagttcgtctaatgttaattaaaagggagaggcccaactacgaaagtggctttaccaaacctgaccccacgaaagctgagaca",NA,NA,NA,NA,NA,NA,NA,NA,NA,0,NA,NA,NA,NA,NA,NA,NA,NA,NA,"local",FALSE,NA,NA,NA,NA,NA,NA,NA,NA,NA,NA,NA,NA,NA,NA,NA,NA,NA,NA,NA
"MiFish_0000022",3531,NA,"None",0,"caccgcggtcatacgattaacccaaattaatagatccacggcgtaaagagtgtttaagaaaaaaaaccacaatagagttaaattataactaagctgtaaaaagccctagttaaaataaaataacccacgaaagtgactctaataatcctgacacacgatagctaggacc",NA,NA,NA,NA,NA,NA,NA,NA,NA,0,NA,NA,NA,NA,NA,NA,NA,NA,NA,"local",FALSE,NA,NA,NA,NA,NA,NA,NA,NA,NA,NA,NA,NA,NA,NA,NA,NA,NA,NA,NA
"MiFish_0000023",94,NA,"None",0,"cgccgcggttatacgagaggcccaagttgatagttaacggcgtaaagggtggttagaagaagactattactaaagccgaacgccctcaaggctgttatacgcatccgaaggtgagaagcccattcacgaaagtggctttataactttgaacccacgaaagctgagaca",NA,NA,NA,NA,NA,NA,NA,NA,NA,0,NA,NA,NA,NA,NA,NA,NA,NA,NA,"local",FALSE,NA,NA,NA,NA,NA,NA,NA,NA,NA,NA,NA,NA,NA,NA,NA,NA,NA,NA,NA
"MiFish_0000024",27,NA,"None",0,"cgccgcggttatacgagaggcccaagttgatagttaacggcgtaaggggtggttagaagaagactattactaaagccgaacgccctcaaggctgttatacgcatccgaaggtgagaagcccattcacgaaagtggctttataactttgaacccacgaaagctagggaa",NA,NA,NA,NA,NA,NA,NA,NA,NA,0,NA,NA,NA,NA,NA,NA,NA,NA,NA,"local",FALSE,NA,NA,NA,NA,NA,NA,NA,NA,NA,NA,NA,NA,NA,NA,NA,NA,NA,NA,NA
"MiFish_0000025",92,NA,"None",0,"caccgcggttatacgaggggcccgagtcgacagccaccggcgtaaagagtggttagggtaaaatttaaactaaagccaaactcctattaagttcgtctaatgttaattaaaagggagaggcccaactacgaaagtggctttatcaaacctgaccccacgaaagctgagaca",NA,NA,NA,NA,NA,NA,NA,NA,NA,0,NA,NA,NA,NA,NA,NA,NA,NA,NA,"local",FALSE,NA,NA,NA,NA,NA,NA,NA,NA,NA,NA,NA,NA,NA,NA,NA,NA,NA,NA,NA
"MiFish_0000026",480,NA,"None",0,"caccgcggttatacgaggggcccgagtcgacagccaccggcgtaaagagtggttagggtaaaatttaaactaaagccaaactcctattaagttcgcctaatgttaattaaaagggagaggcccaactacgaaagtggctttaccaaacctgaccccacgaaagctgagaca",NA,NA,NA,NA,NA,NA,NA,NA,NA,0,NA,NA,NA,NA,NA,NA,NA,NA,NA,"local",FALSE,NA,NA,NA,NA,NA,NA,NA,NA,NA,NA,NA,NA,NA,NA,NA,NA,NA,NA,NA
"MiFish_0000027",8263,NA,"None",0,"caccgcggtcatacgattaacccaaattaatagatccacggcgtaaagagtgtttaagaaaaaaaaaccacaatagagttaaattataactaagctgtaaaaagccctagttaaaataaaataacccacgaaagtgactctaataatcctgacacacgatagctaggacc",NA,NA,NA,NA,NA,NA,NA,NA,NA,0,NA,NA,NA,NA,NA,NA,NA,NA,NA,"local",FALSE,NA,NA,NA,NA,NA,NA,NA,NA,NA,NA,NA,NA,NA,NA,NA,NA,NA,NA,NA
"MiFish_0000028",10,NA,"None",0,"caccgcggttatacgagaggtccaagttgatggttaacggcgtaaagcgtggttagagataaaccccatactaaagccgaaagctctcaaggctgtttaacgcttgccgagagtacgaagtccaattacgaaagtagctttaaattacctgaacccacgaaagctgagaca",NA,NA,NA,NA,NA,NA,NA,NA,NA,0,NA,NA,NA,NA,NA,NA,NA,NA,NA,"local",FALSE,NA,NA,NA,NA,NA,NA,NA,NA,NA,NA,NA,NA,NA,NA,NA,NA,NA,NA,NA
"MiFish_0000029",87,NA,"None",0,"caccgcggttatacgaggggcccaagttgatagttaacggcgtaaagggtggttagaagaagactattactaaagccgaacgccctcaaggctgttatacgcatccgaaggtgagaagcccattcacgaaagtggctttataactttgaacccacgaaagctagggaa",NA,NA,NA,NA,NA,NA,NA,NA,NA,0,NA,NA,NA,NA,NA,NA,NA,NA,NA,"local",FALSE,NA,NA,NA,NA,NA,NA,NA,NA,NA,NA,NA,NA,NA,NA,NA,NA,NA,NA,NA
"MiFish_0000030",89,NA,"None",0,"caccgcggtcatacgattaacccaaattaatagatccacggcgtaaagagtgtttaagaaaaaaaaaccacaatagagttaaattataactaagctgtaaaaagccctagttaaaataaaataacccacgaaagtgactctaataatcctgacacacgatagctaggac",NA,NA,NA,NA,NA,NA,NA,NA,NA,0,NA,NA,NA,NA,NA,NA,NA,NA,NA,"local",FALSE,NA,NA,NA,NA,NA,NA,NA,NA,NA,NA,NA,NA,NA,NA,NA,NA,NA,NA,NA
"MiFish_0000031",18,NA,"None",0,"caccgcggttatacgaggggcccgagtcgacagccaccggcgtaaagagtggttagggtaaaatttaaactaaagccaaactcctattaagttcgtctaatgttaattaaaagggagaggcccaactacgaaagtggctttataactttgaacccacgaaagctagggaa",NA,NA,NA,NA,NA,NA,NA,NA,NA,0,NA,NA,NA,NA,NA,NA,NA,NA,NA,"local",FALSE,NA,NA,NA,NA,NA,NA,NA,NA,NA,NA,NA,NA,NA,NA,NA,NA,NA,NA,NA
"MiFish_0000032",13,NA,"None",0,"cgccgcggttatacgagaggtccaagttgatagttaacggcgtaaagggtggttagaagaagactattactaaagccgaacgccctcaaggctgttatacgcatccgaaggtgagaagcccattcacgaaagtggctttataactttgaacccacgaaagctagggaa",NA,NA,NA,NA,NA,NA,NA,NA,NA,0,NA,NA,NA,NA,NA,NA,NA,NA,NA,"local",FALSE,NA,NA,NA,NA,NA,NA,NA,NA,NA,NA,NA,NA,NA,NA,NA,NA,NA,NA,NA
"MiFish_0000033",49,NA,"None",0,"caccgcggttatacgaggggcccgagtcgacagccaccggcgtaaagagtggttagaagaagactattactaaagccgaacgccctcaaggctgttatacgcatccgaaggtgagaagcccattcacgaaagtggctttataactttgaacccacgaaagctagggaa",NA,NA,NA,NA,NA,NA,NA,NA,NA,0,NA,NA,NA,NA,NA,NA,NA,NA,NA,"local",FALSE,NA,NA,NA,NA,NA,NA,NA,NA,NA,NA,NA,NA,NA,NA,NA,NA,NA,NA,NA
"MiFish_0000034",40,NA,"None",0,"caccgcggttatacgaggggcccgagtcgacagccaccggcgtaaagggtggttagaagaagactattactaaagccgaacgccctcaaggctgttatacgcatccgaaggtgagaagcccattcacgaaagtggctttataactttgaacccacgaaagctagggaa",NA,NA,NA,NA,NA,NA,NA,NA,NA,0,NA,NA,NA,NA,NA,NA,NA,NA,NA,"local",FALSE,NA,NA,NA,NA,NA,NA,NA,NA,NA,NA,NA,NA,NA,NA,NA,NA,NA,NA,NA
"MiFish_0000035",62,"['KF374983', 'KF374984']","1229150",0.988235294117647,"caccgcggttatacgagaggcccaagttgatagacgccggcgcaaagagtggttaggtaacttaacaaactaaagccgaacgcccccaaggctgttatacgtgctcggaggtatgaagcccaactacgaaagtggctttaactatatctgaacccacgaaagctgagaca","[1229150]","Mugil thoburni","Eukaryota","Chordata","Actinopteri","Mugiliformes","Mugilidae","Mugil","Mugil thoburni",98.8,"d:Eukaryota,p:Chordata,c:Actinopteri,o:Mugiliformes,f:Mugilidae,g:Mugil,s:Mugil_thoburni","Eukaryota","Chordata","Actinopteri","Mugiliformes","Mugilidae","Mugil","Mugil thoburni",98.8,"local",FALSE,98.8,"local","Mugil thoburni","Eukaryota","Chordata","Actinopteri","Mugiliformes","Mugilidae","Mugil","Mugil thoburni","Eukaryota","Chordata","Actinopteri","Mugiliformes","Mugilidae","Mugil","Mugil thoburni","species","Mugil thoburni"
"MiFish_0000036",11,NA,"None",0,"caccgcggttatacgaggggcccgagtcgacagccaccggcgtaaagagtggttagggtaaaatttaaactaaagccaaactcctattaagttcgtctaatgttaattaaaagggagaggcccaactacgaaagtggctttaccaaacctgaccccacgaaagctaggaca",NA,NA,NA,NA,NA,NA,NA,NA,NA,0,NA,NA,NA,NA,NA,NA,NA,NA,NA,"local",FALSE,NA,NA,NA,NA,NA,NA,NA,NA,NA,NA,NA,NA,NA,NA,NA,NA,NA,NA,NA
"MiFish_0000037",71,NA,"None",0,"tgccgcggttatacgagaggcccaagttgatagttaacggcgtaaagggtggttagaagaagactattactaaagccgaacgccctcaaggctgttatacgcatccgaaggtgagaagcccattcacgaaagtggctttataactttgaacccacgaaagctagggaa",NA,NA,NA,NA,NA,NA,NA,NA,NA,0,NA,NA,NA,NA,NA,NA,NA,NA,NA,"local",FALSE,NA,NA,NA,NA,NA,NA,NA,NA,NA,NA,NA,NA,NA,NA,NA,NA,NA,NA,NA
"MiFish_0000038",49,NA,"None",0,"cgccgcggttatacgaggggcccaagttgatagttaacggcgtaaagggtggttagaagaagactattactaaagccgaacgccctcaaggctgttatacgcatccgaaggtgagaagcccattcacgaaagtggctttataactttgaacccacgaaagctagggaa",NA,NA,NA,NA,NA,NA,NA,NA,NA,0,NA,NA,NA,NA,NA,NA,NA,NA,NA,"local",FALSE,NA,NA,NA,NA,NA,NA,NA,NA,NA,NA,NA,NA,NA,NA,NA,NA,NA,NA,NA
"MiFish_0000039",42,NA,"None",0,"cgccgcggttatacgagaggcccaagttgatagttaacggcgtaaagggtggttagaagaagactattactaaagccgaacgccctcaaggctgttatacgcatccgaaggtgagaagcccattcacgaaagtggctttataactttgatcccacgaaagctagggaa",NA,NA,NA,NA,NA,NA,NA,NA,NA,0,NA,NA,NA,NA,NA,NA,NA,NA,NA,"local",FALSE,NA,NA,NA,NA,NA,NA,NA,NA,NA,NA,NA,NA,NA,NA,NA,NA,NA,NA,NA
"MiFish_0000040",25,NA,"None",0,"cgccgcggttatacgagaggcccaagttgatagttaacggcgtaaagggtggttagggtaaaatttaaactaaagccaaactcctattaagttcgtctaatgttaattaaaagggagaggcccaactacgaaagtggctttaccaaacctgaccccacgaaagctgagaca",NA,NA,NA,NA,NA,NA,NA,NA,NA,0,NA,NA,NA,NA,NA,NA,NA,NA,NA,"local",FALSE,NA,NA,NA,NA,NA,NA,NA,NA,NA,NA,NA,NA,NA,NA,NA,NA,NA,NA,NA
"MiFish_0000041",12,NA,"None",0,"cgccgcggttatacgagaggcccaagttgatagttaacggcgtaaagggtggttagaagaagactattactaaagccgaacgccctcaaggctgttatacgcatccgaaggtgagaagcccattcacgaaagtggctctataactttgaacccacgaaagctagggaa",NA,NA,NA,NA,NA,NA,NA,NA,NA,0,NA,NA,NA,NA,NA,NA,NA,NA,NA,"local",FALSE,NA,NA,NA,NA,NA,NA,NA,NA,NA,NA,NA,NA,NA,NA,NA,NA,NA,NA,NA
"MiFish_0000042",22,NA,"None",0,"cgccgcggttatacgagaggcccgagtcgacagccaccggcgtaaagagtggttagggtaaaatttaaactaaagccaaactcctattaagttcgtctaatgttaattaaaagggagaggcccaactacgaaagtggctttaccaaacctgaccccacgaaagctgagaca",NA,NA,NA,NA,NA,NA,NA,NA,NA,0,NA,NA,NA,NA,NA,NA,NA,NA,NA,"local",FALSE,NA,NA,NA,NA,NA,NA,NA,NA,NA,NA,NA,NA,NA,NA,NA,NA,NA,NA,NA
"MiFish_0000043",13,NA,"None",0,"caccgcggtcacacgattaacccaagtcaatagaagccggcgtaaagagtgctttagatcaccccctccccaataaagctaaaactcacctgagttgtaaaaaactccagttgacacaaaatagactacgaaagtggctttaacatatctgaacacacaatagctaagacc",NA,NA,NA,NA,NA,NA,NA,NA,NA,0,NA,NA,NA,NA,NA,NA,NA,NA,NA,"local",FALSE,NA,NA,NA,NA,NA,NA,NA,NA,NA,NA,NA,NA,NA,NA,NA,NA,NA,NA,NA
"MiFish_0000044",453,NA,"None",0,"caccgcggtcatacgattaacccaaattaatagatccacggcgtaaagagtgtttaagaaaaaaaaaaccacaatagagttaaattataactaagctgtaaaaagccctagttaaaataaaataacccacgaaagtgactctaataatcctgacacacgatagctaggacc",NA,NA,NA,NA,NA,NA,NA,NA,NA,0,NA,NA,NA,NA,NA,NA,NA,NA,NA,"local",FALSE,NA,NA,NA,NA,NA,NA,NA,NA,NA,NA,NA,NA,NA,NA,NA,NA,NA,NA,NA
"MiFish_0000045",189,"['MW630253']","1350519",0.994285714285714,"caccgcggttatacgaggggcccaagttgacagacacggcgtaaagagtggttaggcaaccccctttctacacactaaagtcgaacgccctctaggctgttatacgctctatgaaggcaagaagccccaccacgaaagtgactttattctacctgactccacgaaagctgagata","[1350519]","Stegastes arcifrons","Eukaryota","Chordata","Actinopteri",NA,"Pomacentridae","Stegastes","Stegastes arcifrons",99.4,NA,NA,NA,NA,NA,NA,NA,NA,NA,"global",FALSE,99.4,"global","Stegastes arcifrons","Eukaryota","Chordata","Actinopteri",NA,"Pomacentridae","Stegastes","Stegastes arcifrons","Eukaryota","Chordata","Actinopteri",NA,"Pomacentridae","Stegastes","Stegastes arcifrons","species","Stegastes arcifrons"
"MiFish_0000046",142,NA,"None",0,"caccacacgattaacccgagctaatggaactcagcgtaaagagtgtttaaggtctgccctcaataaagttaaagcccatctaagttgtaaaaaactccagctgaaataaaatgtactacaaaagtagctttaataccctgaagacacaatagctaagacc",NA,NA,NA,NA,NA,NA,NA,NA,NA,0,NA,NA,NA,NA,NA,NA,NA,NA,NA,"local",FALSE,NA,NA,NA,NA,NA,NA,NA,NA,NA,NA,NA,NA,NA,NA,NA,NA,NA,NA,NA
"MiFish_0000047",69,NA,"None",0,"caccgcggttatacgaggggcccgagtcgacagccaccggcgtaaagagtagttagggtaaaatttaaactaaagccaaactcctattaagttcgtctaatgttaattaaaagggagaggcccaactacgaaagtggctttaccaaacctgaccccacgaaagctgagaca",NA,NA,NA,NA,NA,NA,NA,NA,NA,0,NA,NA,NA,NA,NA,NA,NA,NA,NA,"local",FALSE,NA,NA,NA,NA,NA,NA,NA,NA,NA,NA,NA,NA,NA,NA,NA,NA,NA,NA,NA
"MiFish_0000048",28,NA,"None",0,"cgccgcggttatacgagaggcccaagttgatagttaacggcgtaaagagtggttagggtaaaatttaaactaaagccaaactcctattaagttcgtctaatgttaattaaaagggagaggcccaactacgaaagtggctttaccaaacctgaccccacgaaagctgagaca",NA,NA,NA,NA,NA,NA,NA,NA,NA,0,NA,NA,NA,NA,NA,NA,NA,NA,NA,"local",FALSE,NA,NA,NA,NA,NA,NA,NA,NA,NA,NA,NA,NA,NA,NA,NA,NA,NA,NA,NA
"MiFish_0000049",21,NA,"None",0,"caccgcggttatacgaggggcccgagtcgacagccaccggcgtaaagagtggttagggtaaaatttaaactaaagccaaactcctattaagttcgtctaatgttaattaaaagggagaggcccaactacgaaagtggctttaccaaacctgaccccacgaaagctagggaa",NA,NA,NA,NA,NA,NA,NA,NA,NA,0,NA,NA,NA,NA,NA,NA,NA,NA,NA,"local",FALSE,NA,NA,NA,NA,NA,NA,NA,NA,NA,NA,NA,NA,NA,NA,NA,NA,NA,NA,NA
"MiFish_0000050",37,NA,"None",0,"cgccgcggttatacgagaggcccaagttgatagttaacggcgtaaagggtggttagaagaagactattactaaggccgaacgccctcaaggctgttatacgcatccgaaggtgagaagcccattcacgaaagtggctttataactttgaacccacgaaagctagggaa",NA,NA,NA,NA,NA,NA,NA,NA,NA,0,NA,NA,NA,NA,NA,NA,NA,NA,NA,"local",FALSE,NA,NA,NA,NA,NA,NA,NA,NA,NA,NA,NA,NA,NA,NA,NA,NA,NA,NA,NA
"MiFish_0000051",35,NA,"None",0,"caccgcggttatacgaggggcccgagttgatagttaacggcgtaaagggtggttagaagaagactattactaaagccgaacgccctcaaggctgttatacgcatccgaaggtgagaagcccattcacgaaagtggctttataactttgaacccacgaaagctagggaa",NA,NA,NA,NA,NA,NA,NA,NA,NA,0,NA,NA,NA,NA,NA,NA,NA,NA,NA,"local",FALSE,NA,NA,NA,NA,NA,NA,NA,NA,NA,NA,NA,NA,NA,NA,NA,NA,NA,NA,NA
"MiFish_0000052",11,NA,"None",0,"caccgcggttatacgaggggcccgagtcgacagccaccggcgtaaagagtggttaggagaagactattactaaagccgaacgccctcaaggctgttatacgcatccgaaggtgagaagcccattcacgaaagtggctttataactttgaacccacgaaagctagggaa",NA,NA,NA,NA,NA,NA,NA,NA,NA,0,NA,NA,NA,NA,NA,NA,NA,NA,NA,"local",FALSE,NA,NA,NA,NA,NA,NA,NA,NA,NA,NA,NA,NA,NA,NA,NA,NA,NA,NA,NA
"MiFish_0000053",108,NA,"None",0,"caccgcggtcatacgattaacccaaattaatagatccacggcgtaaagagtgtttaagaaaaaaatcacaatagagttaaattataactaagctgtaaaaagccctagttaaaataaaataacccacgaaagtgactctaataatcctgacacacgatagctaggacc",NA,NA,NA,NA,NA,NA,NA,NA,NA,0,NA,NA,NA,NA,NA,NA,NA,NA,NA,"local",FALSE,NA,NA,NA,NA,NA,NA,NA,NA,NA,NA,NA,NA,NA,NA,NA,NA,NA,NA,NA
"MiFish_0000054",36,NA,"None",0,"gggacgataagacctataaacctcagttaaaaaatctaaatactatatgctttaagattatagcttgtttggggtaaactttaatattaatattattaatataaactgatcttaacacaattaattgaataaggta",NA,NA,NA,NA,NA,NA,NA,NA,NA,0,NA,NA,NA,NA,NA,NA,NA,NA,NA,"local",FALSE,NA,NA,NA,NA,NA,NA,NA,NA,NA,NA,NA,NA,NA,NA,NA,NA,NA,NA,NA
"MiFish_0000055",496,"['KF374983', 'KF374984']","1229150",0.994117647058824,"cgccgcggttatacgagaggcccaagttgatagacgccggcgcaaagagtggttaggtaacttaacaaactaaagccgaacgcccccaaggctgttatacgtgctcggaggtatgaagcccaactacgaaagtggctttaactatatctgaacccacgaaagctgtgaaa","[1229150]","Mugil thoburni","Eukaryota","Chordata","Actinopteri","Mugiliformes","Mugilidae","Mugil","Mugil thoburni",99.4,"d:Eukaryota,p:Chordata,c:Actinopteri,o:Mugiliformes,f:Mugilidae,g:Mugil,s:Mugil_thoburni","Eukaryota","Chordata","Actinopteri","Mugiliformes","Mugilidae","Mugil","Mugil thoburni",99.4,"local",FALSE,99.4,"local","Mugil thoburni","Eukaryota","Chordata","Actinopteri","Mugiliformes","Mugilidae","Mugil","Mugil thoburni","Eukaryota","Chordata","Actinopteri","Mugiliformes","Mugilidae","Mugil","Mugil thoburni","species","Mugil thoburni"
"MiFish_0000056",45,NA,"None",0,"caccgcggtcatacgattaacccaaattaatagatccacggcgtaaagagtgtttaagaaaaaaaaccacaatagggttaaattataactaagctgtaaaaagccctagttaaaataaaataacccacgaaagtgactctaataatcctgacacacgatagctaggacc",NA,NA,NA,NA,NA,NA,NA,NA,NA,0,NA,NA,NA,NA,NA,NA,NA,NA,NA,"local",FALSE,NA,NA,NA,NA,NA,NA,NA,NA,NA,NA,NA,NA,NA,NA,NA,NA,NA,NA,NA
"MiFish_0000057",198,NA,"None",0,"caccgcggtcatacgattaacccaaattaatagatccacggcgtaaagagtgtttaagaaaaaaaaaatcacaatagagttaaattataactaagctgtaaaaagccctagttaaaataaaataacccacgaaagtgactctaataatcctgacacacgatagctaggacc",NA,NA,NA,NA,NA,NA,NA,NA,NA,0,NA,NA,NA,NA,NA,NA,NA,NA,NA,"local",FALSE,NA,NA,NA,NA,NA,NA,NA,NA,NA,NA,NA,NA,NA,NA,NA,NA,NA,NA,NA
"MiFish_0000058",10375,"['OP035230']","722560",0.970588235294118,"caccgcggttatacgaggggcccaagttgttggaagtcggcgtaaagggtggttaagaataaactcaagattaaagtcgaacgccttccgggctgttatacgcttccgaaggtaagaagctcaattacgaaagtagctttatattttctgaacccacgaaagctaaggca","[722560]","Archosargus rhomboidalis","Eukaryota","Chordata","Actinopteri","Spariformes","Sparidae","Archosargus","Archosargus rhomboidalis",97.1,NA,NA,NA,NA,NA,NA,NA,NA,NA,"global",FALSE,97.1,"global","Archosargus rhomboidalis","Eukaryota","Chordata","Actinopteri","Spariformes","Sparidae","Archosargus","Archosargus rhomboidalis","Eukaryota","Chordata","Actinopteri","Spariformes","Sparidae",NA,NA,"family","Sparidae"
"MiFish_0000059",17,NA,"None",0,"caccgcggtcatacgattaacccaaattaatagatccacggcgtaaagagtgtttaagaaaaaaaagccacaatagagttaaattataactaagctgtaaaaagccctagttaaaataaaataacccacgaaagtgactctaataatcctgacacacgatagctaggacc",NA,NA,NA,NA,NA,NA,NA,NA,NA,0,NA,NA,NA,NA,NA,NA,NA,NA,NA,"local",FALSE,NA,NA,NA,NA,NA,NA,NA,NA,NA,NA,NA,NA,NA,NA,NA,NA,NA,NA,NA
"MiFish_0000060",2362,NA,"None",0,"caccgcggttatacgagagacccaagttgacaaactccggcgtaaagcgtggttaggggccccctaaactaaagccgaacaccttcaaagctgttatacgcatccgaaggcatgaagaacacacacgaaagtaactttataaatcctgaagccacgaaagctaagaca",NA,NA,NA,NA,NA,NA,NA,NA,NA,0,NA,NA,NA,NA,NA,NA,NA,NA,NA,"local",FALSE,NA,NA,NA,NA,NA,NA,NA,NA,NA,NA,NA,NA,NA,NA,NA,NA,NA,NA,NA
"MiFish_0000061",17,NA,"None",0,"caccgcggtcatacgattaacccaaattaatagatccacggtgtaaagagtgtttaagaaaaaaaaaccacaatagagttaaattataactaagctgtaaaaagccctagttaaaataaaataacccacgaaagtgactctaataatcctgacacacgatagctaggacc",NA,NA,NA,NA,NA,NA,NA,NA,NA,0,NA,NA,NA,NA,NA,NA,NA,NA,NA,"local",FALSE,NA,NA,NA,NA,NA,NA,NA,NA,NA,NA,NA,NA,NA,NA,NA,NA,NA,NA,NA
"MiFish_0000062",22,NA,"None",0,"caccgcggtcatacgattaacccaaattaatagatccacggcgtaaagagtgtttaagaaaaaaaaaccacaatagagttaaattataactaagctgtaaaaagccctagttaaaataaaataacccacgaaagtgactctaataatcctgacacacgatagctaggaca",NA,NA,NA,NA,NA,NA,NA,NA,NA,0,NA,NA,NA,NA,NA,NA,NA,NA,NA,"local",FALSE,NA,NA,NA,NA,NA,NA,NA,NA,NA,NA,NA,NA,NA,NA,NA,NA,NA,NA,NA
"MiFish_0000063",44,NA,"None",0,"caccgcggtcacacgattaacccaagtcaatagaagccggcgtaaagagtgttttagatcaccccctacccaataaagctaaaactcacctgagttgtaaaaaactccagttgacacaaaatagactacgaaagtggctttaacatatctgaacacacaatagctaagacc",NA,NA,NA,NA,NA,NA,NA,NA,NA,0,NA,NA,NA,NA,NA,NA,NA,NA,NA,"local",FALSE,NA,NA,NA,NA,NA,NA,NA,NA,NA,NA,NA,NA,NA,NA,NA,NA,NA,NA,NA
"MiFish_0000064",15,NA,"None",0,"caccgcggtcatacgattaacccaaattaatagatccacggcgtaaagagcgtttaagaaaaaaaaatcacaatagagttaaattataactaagctgtaaaaagccctagttaaaataaaataacccacgaaagtgactctaataatcctgacacacgatagctaggacc",NA,NA,NA,NA,NA,NA,NA,NA,NA,0,NA,NA,NA,NA,NA,NA,NA,NA,NA,"local",FALSE,NA,NA,NA,NA,NA,NA,NA,NA,NA,NA,NA,NA,NA,NA,NA,NA,NA,NA,NA
"MiFish_0000065",21,NA,"None",0,"caccgcggtcatacgattaacccaaattaatagatccacggcgtaaagagtgtttaagaaaaaaaaccacaatagagttaaattataactaagctgtaaaaagccctagttaaaataaaataacccacgaaagtgactctaataatcctgacacacaatagctaggacc",NA,NA,NA,NA,NA,NA,NA,NA,NA,0,NA,NA,NA,NA,NA,NA,NA,NA,NA,"local",FALSE,NA,NA,NA,NA,NA,NA,NA,NA,NA,NA,NA,NA,NA,NA,NA,NA,NA,NA,NA
"MiFish_0000066",65,"['LC654202']","2884370",0.953757225433526,"caccgcggtcatacgagtgttagcccaagtggatggtcaacggcgtaaagagtggttagggactcctgaaactaaagctgaacgcccgcagggccgttatacgcatccgagagcatgaaaacccgccacgaaagtggctttaacctgacccgaacccacgatagctagggca","[2884370]","Lampanyctus acanthurus","Eukaryota","Chordata","Actinopteri","Myctophiformes","Myctophidae","Lampanyctus","Lampanyctus acanthurus",95.4,NA,NA,NA,NA,NA,NA,NA,NA,NA,"global",FALSE,95.4,"global","Lampanyctus acanthurus","Eukaryota","Chordata","Actinopteri","Myctophiformes","Myctophidae","Lampanyctus","Lampanyctus acanthurus","Eukaryota","Chordata","Actinopteri","Myctophiformes","Myctophidae","Lampanyctus",NA,"genus","Lampanyctus"
"MiFish_0000067",106,NA,"None",0,"caccgcggtcatacgattaacccaaattaatagatccacggcgtaaagagtgtttaagaaaaaaaaaccacaatagagttaaattataactaagctgtaaaaagccctagttaaaataaaataacccacgaaagtgaccctaataatcctgacacacgatagctaggacc",NA,NA,NA,NA,NA,NA,NA,NA,NA,0,NA,NA,NA,NA,NA,NA,NA,NA,NA,"local",FALSE,NA,NA,NA,NA,NA,NA,NA,NA,NA,NA,NA,NA,NA,NA,NA,NA,NA,NA,NA
"MiFish_0000068",33,NA,"None",0,"caccgcggtcatacgattaacccaaattaatagatccacggcgtaaagagtgtttaagaaaaaaaaaaaccacaatagagttaaattataactaagctgtaaaaagccctagttaaaataaaataacccacgaaagtgactctaataatcctgacacacgatagctaggacc",NA,NA,NA,NA,NA,NA,NA,NA,NA,0,NA,NA,NA,NA,NA,NA,NA,NA,NA,"local",FALSE,NA,NA,NA,NA,NA,NA,NA,NA,NA,NA,NA,NA,NA,NA,NA,NA,NA,NA,NA
"MiFish_0000069",66878,NA,"None",0,"cgccgcggttatacgagtaggctcaagtggatagaacgcggcgtaaagcgtggttaatagaatcttatactaaagccgaacgccctcaaagcagttatacgcattcgaaggtatgaagccccacgacgaaagtggctttaaacactatgattccacgaaagctagggaa",NA,NA,NA,NA,NA,NA,NA,NA,NA,0,NA,NA,NA,NA,NA,NA,NA,NA,NA,"local",FALSE,NA,NA,NA,NA,NA,NA,NA,NA,NA,NA,NA,NA,NA,NA,NA,NA,NA,NA,NA
"MiFish_0000070",1076,NA,"None",0,"caccgcggtcatacgattaacccaaattaatagatccacggcgtaaagagtgtttaagaaaaaaaccacaatagagttaaattataactaagctgtaaaaagccctagttaaaataaaataacccacgaaagtgactctaataatcctgacacacgatagctaggacc",NA,NA,NA,NA,NA,NA,NA,NA,NA,0,NA,NA,NA,NA,NA,NA,NA,NA,NA,"local",FALSE,NA,NA,NA,NA,NA,NA,NA,NA,NA,NA,NA,NA,NA,NA,NA,NA,NA,NA,NA
"MiFish_0000071",24,NA,"None",0,"caccgcggtcatacgattaacccaaattaatagatccacggcgtaaagagtgtttaagaaaaaaaaaccacaatagagttaaattataactaagctgtaaaaagccctagttaaaataaaataacccacgaaagtgactctaataatcctgacacacggtagctaggacc",NA,NA,NA,NA,NA,NA,NA,NA,NA,0,NA,NA,NA,NA,NA,NA,NA,NA,NA,"local",FALSE,NA,NA,NA,NA,NA,NA,NA,NA,NA,NA,NA,NA,NA,NA,NA,NA,NA,NA,NA
"MiFish_0000072",30,NA,"None",0,"caccgcggtcatacgattaacccaaattaatagatccacggcataaagagtgtttaagaaaaaaaaaccacaatagagttaaattataactaagctgtaaaaagccctagttaaaataaaataacccacgaaagtgactctaataatcctgacacacgatagctaggacc",NA,NA,NA,NA,NA,NA,NA,NA,NA,0,NA,NA,NA,NA,NA,NA,NA,NA,NA,"local",FALSE,NA,NA,NA,NA,NA,NA,NA,NA,NA,NA,NA,NA,NA,NA,NA,NA,NA,NA,NA
"MiFish_0000073",16,NA,"None",0,"caccgcggtcatacgattaacccaaattaatagatccacggcgtaaagagtgtttaagaaaaaaaaaccacaatagagttaaattataactaagctgtaaaaagccctagttaaaataaaataacccacgaaagtgactctaataatcctgacacgcgatagctaggacc",NA,NA,NA,NA,NA,NA,NA,NA,NA,0,NA,NA,NA,NA,NA,NA,NA,NA,NA,"local",FALSE,NA,NA,NA,NA,NA,NA,NA,NA,NA,NA,NA,NA,NA,NA,NA,NA,NA,NA,NA
"MiFish_0000074",15,NA,"None",0,"caccgcggtcatacgattaacccaaattaatagatccacggcgtaaagagtgtttaagaaaaaaaaaccacaatagagttaaattataactaagctgtaaaagccctagttaaaataaaataacccacgaaagtgactctaataatcctgacacacgatagctaggacc",NA,NA,NA,NA,NA,NA,NA,NA,NA,0,NA,NA,NA,NA,NA,NA,NA,NA,NA,"local",FALSE,NA,NA,NA,NA,NA,NA,NA,NA,NA,NA,NA,NA,NA,NA,NA,NA,NA,NA,NA
"MiFish_0000075",14,NA,"None",0,"caccgcggtcatacgattaacccaaattaatagatccacggcgtaaagagtgtttaagaaaaaaaaaccacaatagagttaaattataactaagctgtaaaaagccctagttaaaataaaataacccacgaaagtgactctaataatcctgacacacgatagctaggaac",NA,NA,NA,NA,NA,NA,NA,NA,NA,0,NA,NA,NA,NA,NA,NA,NA,NA,NA,"local",FALSE,NA,NA,NA,NA,NA,NA,NA,NA,NA,NA,NA,NA,NA,NA,NA,NA,NA,NA,NA
"MiFish_0000076",25,NA,"None",0,"caccgcggtcatacgattaacccaaattaatagatccacggcgtaaagagtgtttaagaaaaaaaaaccacagtagagttaaattataactaagctgtaaaaagccctagttaaaataaaataacccacgaaagtgactctaataatcctgacacacgatagctaggacc",NA,NA,NA,NA,NA,NA,NA,NA,NA,0,NA,NA,NA,NA,NA,NA,NA,NA,NA,"local",FALSE,NA,NA,NA,NA,NA,NA,NA,NA,NA,NA,NA,NA,NA,NA,NA,NA,NA,NA,NA
"MiFish_0000077",26,NA,"None",0,"caccgcggtcatacgattaacccaaattaatagatccacggcgtaaagagtgtttaagaaaaaaaaccacaatagagttaaattataactaagctgtaaaaagccctagttaaaataaaataacccaagaaagtgactctaataatcctgacacacgatagctaggacc",NA,NA,NA,NA,NA,NA,NA,NA,NA,0,NA,NA,NA,NA,NA,NA,NA,NA,NA,"local",FALSE,NA,NA,NA,NA,NA,NA,NA,NA,NA,NA,NA,NA,NA,NA,NA,NA,NA,NA,NA
"MiFish_0000078",43,NA,"None",0,"caccgcggtcatacgattaacccaaattaatagatccacggcgtaaagagtgtttaagaaaaaaaaccacaatagagttaaattataactaagctgtaaaaagccctagttaaaataaaataacccacgaaagtgactctaataatcctgacacacgatagctaggac",NA,NA,NA,NA,NA,NA,NA,NA,NA,0,NA,NA,NA,NA,NA,NA,NA,NA,NA,"local",FALSE,NA,NA,NA,NA,NA,NA,NA,NA,NA,NA,NA,NA,NA,NA,NA,NA,NA,NA,NA
"MiFish_0000079",19,NA,"None",0,"caccgcggtcatacgattaacccaaattaatagatccacggcgtaaagagtgtttaagaaaaaagaccacaatagagttaaattataactaagctgtaaaaagccctagttaaaataaaataacccacgaaagtgactctaataatcctgacacacgatagctaggacc",NA,NA,NA,NA,NA,NA,NA,NA,NA,0,NA,NA,NA,NA,NA,NA,NA,NA,NA,"local",FALSE,NA,NA,NA,NA,NA,NA,NA,NA,NA,NA,NA,NA,NA,NA,NA,NA,NA,NA,NA
"MiFish_0000080",23,NA,"None",0,"caccgcggtcatacgattaacccaaattaatagatccacggcgtaaagagtgtttaagaaaaaaaaccacaatagagttaaattataactaagctgtaaaaagccctagttaaaataaaataacccacgaaagtgaccctaataatcctgacacacgatagctaggacc",NA,NA,NA,NA,NA,NA,NA,NA,NA,0,NA,NA,NA,NA,NA,NA,NA,NA,NA,"local",FALSE,NA,NA,NA,NA,NA,NA,NA,NA,NA,NA,NA,NA,NA,NA,NA,NA,NA,NA,NA
"MiFish_0000081",17,NA,"None",0,"caccgcggtcatacgattaacccaaattaatagatccacggcgtaaagagtgtttaagaaaaaaaaccacaatagagttaaattataactaagctgtaaaaagccctagttaaaataaaataacctacgaaagtgactctaataatcctgacacacgatagctaggacc",NA,NA,NA,NA,NA,NA,NA,NA,NA,0,NA,NA,NA,NA,NA,NA,NA,NA,NA,"local",FALSE,NA,NA,NA,NA,NA,NA,NA,NA,NA,NA,NA,NA,NA,NA,NA,NA,NA,NA,NA
"MiFish_0000082",81,NA,"None",0,"caccgcggtcatacgattaatccaaattaatagatccacggcgtaaagagtgtttaagaaaaaaaatcacaatagagttaaattataactaagctgtaaaaagccctagttaaaataaaataacccacgaaagtgactctaataatcctgacacacgatagctaggacc",NA,NA,NA,NA,NA,NA,NA,NA,NA,0,NA,NA,NA,NA,NA,NA,NA,NA,NA,"local",FALSE,NA,NA,NA,NA,NA,NA,NA,NA,NA,NA,NA,NA,NA,NA,NA,NA,NA,NA,NA
"MiFish_0000083",12,NA,"None",0,"taccgcggtcatacgattaacccaaattaatagatccacggcgtaaagagtgtttaagaaaaaaaaaccacaatagagttaaattataactaagctgtaaaaagccctagttaaaataaaataacccacgaaagtgactctaataatcctgacacacgatagctaggacc",NA,NA,NA,NA,NA,NA,NA,NA,NA,0,NA,NA,NA,NA,NA,NA,NA,NA,NA,"local",FALSE,NA,NA,NA,NA,NA,NA,NA,NA,NA,NA,NA,NA,NA,NA,NA,NA,NA,NA,NA
"MiFish_0000084",92,NA,"None",0,"caccgcggtcatacgattaacccaaattaatagatccacggcgtaaagagtgtttaagaaaaaaccacaatagagttaaattataactaagctgtaaaaagccctagttaaaataaaataacccacgaaagtgactctaataatcctgacacacgatagctaggacc",NA,NA,NA,NA,NA,NA,NA,NA,NA,0,NA,NA,NA,NA,NA,NA,NA,NA,NA,"local",FALSE,NA,NA,NA,NA,NA,NA,NA,NA,NA,NA,NA,NA,NA,NA,NA,NA,NA,NA,NA
"MiFish_0000085",15,NA,"None",0,"caccgcggtcatacgattaactcaaattaatagatccacggcgtaaagagtgtttaagaaaaaaaaccacaatagagttaaattataactaagctgtaaaaagccctagttaaaataaaataacccacgaaagtgactctaataatcctgacacacgatagctaggacc",NA,NA,NA,NA,NA,NA,NA,NA,NA,0,NA,NA,NA,NA,NA,NA,NA,NA,NA,"local",FALSE,NA,NA,NA,NA,NA,NA,NA,NA,NA,NA,NA,NA,NA,NA,NA,NA,NA,NA,NA
"MiFish_0000086",82,NA,"None",0,"caccgcggtcatacgattaactcaaattaatagatccacggcgtaaagagtgtttaagaaaaaaaaaccacaatagagttaaattataactaagctgtaaaaagccctagttaaaataaaataacccacgaaagtgactctaataatcctgacacacgatagctaggacc",NA,NA,NA,NA,NA,NA,NA,NA,NA,0,NA,NA,NA,NA,NA,NA,NA,NA,NA,"local",FALSE,NA,NA,NA,NA,NA,NA,NA,NA,NA,NA,NA,NA,NA,NA,NA,NA,NA,NA,NA
"MiFish_0000087",10,NA,"None",0,"caccgcggtcatacgattaacccaaattaatagatccacggcgtaaagagtgtttaagaaaaaaaatcacaatagagttaaattataactaagctgtaaaaagccctagttaaaataaaataacccacgaaagtggctctaataatcctgacacacgatagctaggacc",NA,NA,NA,NA,NA,NA,NA,NA,NA,0,NA,NA,NA,NA,NA,NA,NA,NA,NA,"local",FALSE,NA,NA,NA,NA,NA,NA,NA,NA,NA,NA,NA,NA,NA,NA,NA,NA,NA,NA,NA
"MiFish_0000088",11,NA,"None",0,"caccgcggtcatacgattaacccaaattaatagatccacggcgtaaagagtgtttaagaaaaaaaaaccacaatagagttaaattataactaggctgtaaaaagccctagttaaaataaaataacccacgaaagtgactctaataatcctgacacacgatagctaggacc",NA,NA,NA,NA,NA,NA,NA,NA,NA,0,NA,NA,NA,NA,NA,NA,NA,NA,NA,"local",FALSE,NA,NA,NA,NA,NA,NA,NA,NA,NA,NA,NA,NA,NA,NA,NA,NA,NA,NA,NA
"MiFish_0000089",13,NA,"None",0,"caccgcggtcatacgattaacccaaattaatagatccacggcgtaaagagtgtttaagaaaaaaaaaaatcacaatagagttaaattataactaagctgtaaaaagccctagttaaaataaaataacccacgaaagtgactctaataatcctgacacacgatagctaggacc",NA,NA,NA,NA,NA,NA,NA,NA,NA,0,NA,NA,NA,NA,NA,NA,NA,NA,NA,"local",FALSE,NA,NA,NA,NA,NA,NA,NA,NA,NA,NA,NA,NA,NA,NA,NA,NA,NA,NA,NA
"MiFish_0000090",13,NA,"None",0,"caccgcggtcatacgattaacccaaattaatagatccacggcgtaaagagtgtttaagaaaaaaaaaccacaatagggttaaattataactaagctgtaaaaagccctagttaaaataaaataacccacgaaagtgactctaataatcctgacacacgatagctaggacc",NA,NA,NA,NA,NA,NA,NA,NA,NA,0,NA,NA,NA,NA,NA,NA,NA,NA,NA,"local",FALSE,NA,NA,NA,NA,NA,NA,NA,NA,NA,NA,NA,NA,NA,NA,NA,NA,NA,NA,NA
"MiFish_0000091",10696,"['LC698778', 'MG255111']","211834",0.976331360946746,"caccgcggttatacgagagacccgagttgatagacaccggcgtaaagagtggttaagacttatttaacactaaagccgaacgccctcaaagctgttatacgcacccgagggtaagaagcccaaccacgaaagtggctttaaactatccgaatccacgaaagctatgaca","[211834]","Lutjanus argentimaculatus","Eukaryota","Chordata","Actinopteri","Lutjaniformes","Lutjanidae","Lutjanus","Lutjanus argentimaculatus",97.6,NA,NA,NA,NA,NA,NA,NA,NA,NA,"global",FALSE,97.6,"global","Lutjanus argentimaculatus","Eukaryota","Chordata","Actinopteri","Lutjaniformes","Lutjanidae","Lutjanus","Lutjanus argentimaculatus","Eukaryota","Chordata","Actinopteri","Lutjaniformes","Lutjanidae","Lutjanus",NA,"genus","Lutjanus"
"MiFish_0000092",10583,"['OP154136', 'JN182927']","40493",0.988165680473373,"caccgcggttatacgagagacccaagttgatagacaccggcgtaaagagtggttaagatttacccaaaactaaagccgaacgccctcagagctgttatacgcacccgagagttagaagcccaaccacgaaagtggctttaaacaatctgaacccacgaaagctatgata","[40494, 211834]","Lutjanus","Eukaryota","Chordata","Actinopteri","Lutjaniformes","Lutjanidae","Lutjanus",NA,98.8,NA,NA,NA,NA,NA,NA,NA,NA,NA,"global",FALSE,98.8,"global","Lutjanus","Eukaryota","Chordata","Actinopteri","Lutjaniformes","Lutjanidae","Lutjanus",NA,"Eukaryota","Chordata","Actinopteri","Lutjaniformes","Lutjanidae","Lutjanus",NA,"genus","Lutjanus"
"MiFish_0000093",20547,"['OP035157']","482919",0.982248520710059,"caccgcggttatacgagaggcccaagctgataatcatcggcgtaaagggtggttagggttaattgaagactaaagccgaaagccctcacagctgttatacgcactcgagggtaagaagcccaactacgaaagtggctttacaatatccgaacccacgaaagctagggca","[482919]","Orthopristis chrysoptera","Eukaryota","Chordata","Actinopteri","Lutjaniformes","Haemulidae","Orthopristis","Orthopristis chrysoptera",98.2,NA,NA,NA,NA,NA,NA,NA,NA,NA,"global",FALSE,98.2,"global","Orthopristis chrysoptera","Eukaryota","Chordata","Actinopteri","Lutjaniformes","Haemulidae","Orthopristis","Orthopristis chrysoptera","Eukaryota","Chordata","Actinopteri","Lutjaniformes","Haemulidae","Orthopristis",NA,"genus","Orthopristis"
"MiFish_0000094",294,"['OP035157']","482919",0.976331360946746,"caccgcggttatacgagaggcccaagctgataatcatcggcgtaaagggtggttagggttaattgaagactaaagccgaaagccctcacagctgttatacgcactcgagggtaagaagcccaactacgaaattggctttacaatatccgaacccacgaaagctagggca","[482919]","Orthopristis chrysoptera","Eukaryota","Chordata","Actinopteri","Lutjaniformes","Haemulidae","Orthopristis","Orthopristis chrysoptera",97.6,NA,NA,NA,NA,NA,NA,NA,NA,NA,"global",FALSE,97.6,"global","Orthopristis chrysoptera","Eukaryota","Chordata","Actinopteri","Lutjaniformes","Haemulidae","Orthopristis","Orthopristis chrysoptera","Eukaryota","Chordata","Actinopteri","Lutjaniformes","Haemulidae","Orthopristis",NA,"genus","Orthopristis"
"MiFish_0000095",7098,"['KY815278']","435274",1,"caccgcggttatacgagaggcccaagttgacagctaccggcgtaaagcgtggttaaggttgaatcaaaaactaaagtcgaactccttcaaggccgtttaacgtgttcgaaacggagaagcccaactacgaaagtgactttacctgcctgaccccacgaaagctatggca","[435274]","Gerres cinereus","Eukaryota","Chordata","Actinopteri","Gerreiformes","Gerreidae","Gerres","Gerres cinereus",100,NA,NA,NA,NA,NA,NA,NA,NA,NA,"global",FALSE,100,"global","Gerres cinereus","Eukaryota","Chordata","Actinopteri","Gerreiformes","Gerreidae","Gerres","Gerres cinereus","Eukaryota","Chordata","Actinopteri","Gerreiformes","Gerreidae","Gerres","Gerres cinereus","species","Gerres cinereus"
"MiFish_0000096",43,"['OP154136', 'JN182927']","40493",0.982248520710059,"caccgcggttatacgagagacccaagttgatagacaccggcgtaaagagtggttaagatttacccaaaactaaagccgaacgccctcagagctgttatacgcacccgagagttagaagcccaaccacgaaagtggctttaaacaatctgagcccacgaaagctatgata","[40494, 211834]","Lutjanus","Eukaryota","Chordata","Actinopteri","Lutjaniformes","Lutjanidae","Lutjanus",NA,98.2,NA,NA,NA,NA,NA,NA,NA,NA,NA,"global",FALSE,98.2,"global","Lutjanus","Eukaryota","Chordata","Actinopteri","Lutjaniformes","Lutjanidae","Lutjanus",NA,"Eukaryota","Chordata","Actinopteri","Lutjaniformes","Lutjanidae","Lutjanus",NA,"genus","Lutjanus"
"MiFish_0000097",28275,NA,"None",0,"caccgcggttatacgagaggcctaagttgatagacatcggcgtaaagagtggttagggaagacataaactaaagccgaacaccttcaaagctgttatacgctaacgaaggtaggaagcccccctacgaaagtggctttaaatttcctgactccacgaaagctgaggta",NA,NA,NA,NA,NA,NA,NA,NA,NA,0,NA,NA,NA,NA,NA,NA,NA,NA,NA,"local",FALSE,NA,NA,NA,NA,NA,NA,NA,NA,NA,NA,NA,NA,NA,NA,NA,NA,NA,NA,NA
"MiFish_0000098",156835,"['KF374976']","48193",1,"caccgcggttatacgaaagacccaagctgatagatgtcggcgtaaagagtggttaagtatcttgatagaactaaagccgaacgccctcaagaccgttatacgtttccgaaggtatgaagctcaactacgaaagtaactttaactatatctgattccacgaaagctgcgaaa","[48193]","Mugil cephalus","Eukaryota","Chordata","Actinopteri","Mugiliformes","Mugilidae","Mugil","Mugil cephalus",100,"d:Eukaryota,p:Chordata,c:Actinopteri,o:Mugiliformes,f:Mugilidae,g:Mugil,s:Mugil_cephalus","Eukaryota","Chordata","Actinopteri","Mugiliformes","Mugilidae","Mugil","Mugil cephalus",100,"local",FALSE,100,"local","Mugil cephalus","Eukaryota","Chordata","Actinopteri","Mugiliformes","Mugilidae","Mugil","Mugil cephalus","Eukaryota","Chordata","Actinopteri","Mugiliformes","Mugilidae","Mugil","Mugil cephalus","species","Mugil cephalus"
"MiFish_0000099",1362,NA,"None",0,"caccgcggtcacacgattaacccaagtcaatagaaaccggcgtaaagagtgttttagatcaccccctccccaataaagctaaaactcacctgagttgtaaaaaactccagttgacacaaaatagactacgaaagtggctttaacatatctgaacacacaatagctaagacc",NA,NA,NA,NA,NA,NA,NA,NA,NA,0,NA,NA,NA,NA,NA,NA,NA,NA,NA,"local",FALSE,NA,NA,NA,NA,NA,NA,NA,NA,NA,NA,NA,NA,NA,NA,NA,NA,NA,NA,NA
"MiFish_0000100",35,"['OP154136', 'JN182927']","40493",0.982248520710059,"caccgcggttatacgagagacccaagttgatagacaccggcgtaaagagtggttaagatttacccaaaactaaagccgaacgccctcagagctgttatacgcacccgagagttagaagcccaaccacgaaagtggctttaaacaatctgaacccacgaaagctatgatg","[40494, 211834]","Lutjanus","Eukaryota","Chordata","Actinopteri","Lutjaniformes","Lutjanidae","Lutjanus",NA,98.2,NA,NA,NA,NA,NA,NA,NA,NA,NA,"global",FALSE,98.2,"global","Lutjanus","Eukaryota","Chordata","Actinopteri","Lutjaniformes","Lutjanidae","Lutjanus",NA,"Eukaryota","Chordata","Actinopteri","Lutjaniformes","Lutjanidae","Lutjanus",NA,"genus","Lutjanus"
"MiFish_0000101",239,NA,"None",0,"caccgcggtcatacgattaacccaaattaatagatccacggcgtaaagagtgtttaagaaaaaaaatcacaatagagttaaattataactaagctgtaaaaagccctagttaaaataaaataacccacgaaagtgactctaataatcctgagacacgatagctaggacc",NA,NA,NA,NA,NA,NA,NA,NA,NA,0,NA,NA,NA,NA,NA,NA,NA,NA,NA,"local",FALSE,NA,NA,NA,NA,NA,NA,NA,NA,NA,NA,NA,NA,NA,NA,NA,NA,NA,NA,NA
"MiFish_0000102",25,"['OP154136', 'JN182927']","40493",0.982248520710059,"caccgcggttatacgagagacccaagttgatagacaccggcgtaaagagtggttaagatttacccaaaactaaagccgaacgccctcagagctgttatacgcacccgagagttagaagcccaaccacgaaagtggctttaaacaatctgaacccacgaaagctatggta","[40494, 211834]","Lutjanus","Eukaryota","Chordata","Actinopteri","Lutjaniformes","Lutjanidae","Lutjanus",NA,98.2,NA,NA,NA,NA,NA,NA,NA,NA,NA,"global",FALSE,98.2,"global","Lutjanus","Eukaryota","Chordata","Actinopteri","Lutjaniformes","Lutjanidae","Lutjanus",NA,"Eukaryota","Chordata","Actinopteri","Lutjaniformes","Lutjanidae","Lutjanus",NA,"genus","Lutjanus"
"MiFish_0000103",120,"['OP035157']","482919",0.976331360946746,"caccgcggttatacgagaggcccaagctgataatcatcggcgtaaagggtggttagggttaattgaagactaaagccgaaagccctcacagctgttatacgcactcgagagtaagaagcccaactacgaaagtggctttacaatatccgaacccacgaaagctagggca","[482919]","Orthopristis chrysoptera","Eukaryota","Chordata","Actinopteri","Lutjaniformes","Haemulidae","Orthopristis","Orthopristis chrysoptera",97.6,NA,NA,NA,NA,NA,NA,NA,NA,NA,"global",FALSE,97.6,"global","Orthopristis chrysoptera","Eukaryota","Chordata","Actinopteri","Lutjaniformes","Haemulidae","Orthopristis","Orthopristis chrysoptera","Eukaryota","Chordata","Actinopteri","Lutjaniformes","Haemulidae","Orthopristis",NA,"genus","Orthopristis"
"MiFish_0000104",13,NA,"None",0,"caccgcggtcatacgattaacccaaattaatagatccacggcgcaaagagtgtttaagaaaaaaaaaccacaatagagttaaattataactaagctgtaaaaagccctagttaaaataaaataacccacgaaagtgactctaataatcctgacacacgatagctaggacc",NA,NA,NA,NA,NA,NA,NA,NA,NA,0,NA,NA,NA,NA,NA,NA,NA,NA,NA,"local",FALSE,NA,NA,NA,NA,NA,NA,NA,NA,NA,NA,NA,NA,NA,NA,NA,NA,NA,NA,NA
"MiFish_0000105",25,"['OP154136', 'JN182927']","40493",0.982248520710059,"caccgcggttatacgagagacccaagttgatagacaccggcgtaaagagtggttaagatttacccaaaactaaagccgaacgccctcaaagctgttatacgcacccgagagttagaagcccaaccacgaaagtggctttaaacaatctgaacccacgaaagctatgata","[40494, 211834]","Lutjanus","Eukaryota","Chordata","Actinopteri","Lutjaniformes","Lutjanidae","Lutjanus",NA,98.2,NA,NA,NA,NA,NA,NA,NA,NA,NA,"global",FALSE,98.2,"global","Lutjanus","Eukaryota","Chordata","Actinopteri","Lutjaniformes","Lutjanidae","Lutjanus",NA,"Eukaryota","Chordata","Actinopteri","Lutjaniformes","Lutjanidae","Lutjanus",NA,"genus","Lutjanus"
"MiFish_0000106",63,"['OP035157']","482919",0.976331360946746,"cgccgcggttatacgagaggcccaagctgataatcatcggcgtaaagggtggttagggttaattgaagactaaagccgaaagccctcacagctgttatacgcactcgagggtaagaagcccaactacgaaagtggctttacaatatccgaacccacgaaagctagggca","[482919]","Orthopristis chrysoptera","Eukaryota","Chordata","Actinopteri","Lutjaniformes","Haemulidae","Orthopristis","Orthopristis chrysoptera",97.6,NA,NA,NA,NA,NA,NA,NA,NA,NA,"global",FALSE,97.6,"global","Orthopristis chrysoptera","Eukaryota","Chordata","Actinopteri","Lutjaniformes","Haemulidae","Orthopristis","Orthopristis chrysoptera","Eukaryota","Chordata","Actinopteri","Lutjaniformes","Haemulidae","Orthopristis",NA,"genus","Orthopristis"
"MiFish_0000107",61,"['LC698778', 'MG255111']","211834",0.970414201183432,"caccgcggttatacgagagacccgagttgatagacaccggcgtaaagagtggttaagacttatttaacactaaagccgaacgccctcaaagctgttatacgcacccgagggtaagaagcccaaccacgaaagtggctttaaactatccgaatccacgaaagctatgacg","[211834]","Lutjanus argentimaculatus","Eukaryota","Chordata","Actinopteri","Lutjaniformes","Lutjanidae","Lutjanus","Lutjanus argentimaculatus",97,NA,NA,NA,NA,NA,NA,NA,NA,NA,"global",FALSE,97,"global","Lutjanus argentimaculatus","Eukaryota","Chordata","Actinopteri","Lutjaniformes","Lutjanidae","Lutjanus","Lutjanus argentimaculatus","Eukaryota","Chordata","Actinopteri","Lutjaniformes","Lutjanidae","Lutjanus",NA,"genus","Lutjanus"
"MiFish_0000108",44,"['LC698778', 'MG255111']","211834",0.970414201183432,"caccgcggttatacgagagacccgagttgatagacaccggcgtaaagagtggttaagacttatttaacactaaagccgaacgccctcaaagctgttatacgcccccgagggtaagaagcccaaccacgaaagtggctttaaactatccgaatccacgaaagctatgaca","[211834]","Lutjanus argentimaculatus","Eukaryota","Chordata","Actinopteri","Lutjaniformes","Lutjanidae","Lutjanus","Lutjanus argentimaculatus",97,NA,NA,NA,NA,NA,NA,NA,NA,NA,"global",FALSE,97,"global","Lutjanus argentimaculatus","Eukaryota","Chordata","Actinopteri","Lutjaniformes","Lutjanidae","Lutjanus","Lutjanus argentimaculatus","Eukaryota","Chordata","Actinopteri","Lutjaniformes","Lutjanidae","Lutjanus",NA,"genus","Lutjanus"
"MiFish_0000109",82,"['OP154136', 'JN182927']","40493",0.982248520710059,"caccgcggttatacgagaggcccaagttgatagacaccggcgtaaagagtggttaagatttacccaaaactaaagccgaacgccctcagagctgttatacgcacccgagagttagaagcccaaccacgaaagtggctttaaacaatctgaacccacgaaagctatgata","[40494, 211834]","Lutjanus","Eukaryota","Chordata","Actinopteri","Lutjaniformes","Lutjanidae","Lutjanus",NA,98.2,NA,NA,NA,NA,NA,NA,NA,NA,NA,"global",FALSE,98.2,"global","Lutjanus","Eukaryota","Chordata","Actinopteri","Lutjaniformes","Lutjanidae","Lutjanus",NA,"Eukaryota","Chordata","Actinopteri","Lutjaniformes","Lutjanidae","Lutjanus",NA,"genus","Lutjanus"
"MiFish_0000110",21,"['OP035157']","482919",0.976331360946746,"caccgcggttatacgagaggcccaagctgataatcatcggcgtaaggggtggttagggttaattgaagactaaagccgaaagccctcacagctgttatacgcactcgagggtaagaagcccaactacgaaagtggctttacaatatccgaacccacgaaagctagggca","[482919]","Orthopristis chrysoptera","Eukaryota","Chordata","Actinopteri","Lutjaniformes","Haemulidae","Orthopristis","Orthopristis chrysoptera",97.6,NA,NA,NA,NA,NA,NA,NA,NA,NA,"global",FALSE,97.6,"global","Orthopristis chrysoptera","Eukaryota","Chordata","Actinopteri","Lutjaniformes","Haemulidae","Orthopristis","Orthopristis chrysoptera","Eukaryota","Chordata","Actinopteri","Lutjaniformes","Haemulidae","Orthopristis",NA,"genus","Orthopristis"
"MiFish_0000111",35,"['OP035157']","482919",0.976331360946746,"caccgcggttatacgagaggcccaagctgataatcatcggcgtaaagggtggttagggttaattgaagactaaggccgaaagccctcacagctgttatacgcactcgagggtaagaagcccaactacgaaagtggctttacaatatccgaacccacgaaagctagggca","[482919]","Orthopristis chrysoptera","Eukaryota","Chordata","Actinopteri","Lutjaniformes","Haemulidae","Orthopristis","Orthopristis chrysoptera",97.6,NA,NA,NA,NA,NA,NA,NA,NA,NA,"global",FALSE,97.6,"global","Orthopristis chrysoptera","Eukaryota","Chordata","Actinopteri","Lutjaniformes","Haemulidae","Orthopristis","Orthopristis chrysoptera","Eukaryota","Chordata","Actinopteri","Lutjaniformes","Haemulidae","Orthopristis",NA,"genus","Orthopristis"
"MiFish_0000112",83,"['OP035157']","482919",0.976331360946746,"caccgcggttatacgagaggcccaagctgataatcatcggcgtaaagggtggttagggttaattgaagactaaagccgaaggccctcacagctgttatacgcactcgagggtaagaagcccaactacgaaagtggctttacaatatccgaacccacgaaagctagggca","[482919]","Orthopristis chrysoptera","Eukaryota","Chordata","Actinopteri","Lutjaniformes","Haemulidae","Orthopristis","Orthopristis chrysoptera",97.6,NA,NA,NA,NA,NA,NA,NA,NA,NA,"global",FALSE,97.6,"global","Orthopristis chrysoptera","Eukaryota","Chordata","Actinopteri","Lutjaniformes","Haemulidae","Orthopristis","Orthopristis chrysoptera","Eukaryota","Chordata","Actinopteri","Lutjaniformes","Haemulidae","Orthopristis",NA,"genus","Orthopristis"
"MiFish_0000113",52,"['OP035157']","482919",0.976331360946746,"caccgcggttatacgagaggcccaagctgataatcatcggcgtaaagggtggttagggttaattgaagactaaagccgaaagccctcgcagctgttatacgcactcgagggtaagaagcccaactacgaaagtggctttacaatatccgaacccacgaaagctagggca","[482919]","Orthopristis chrysoptera","Eukaryota","Chordata","Actinopteri","Lutjaniformes","Haemulidae","Orthopristis","Orthopristis chrysoptera",97.6,NA,NA,NA,NA,NA,NA,NA,NA,NA,"global",FALSE,97.6,"global","Orthopristis chrysoptera","Eukaryota","Chordata","Actinopteri","Lutjaniformes","Haemulidae","Orthopristis","Orthopristis chrysoptera","Eukaryota","Chordata","Actinopteri","Lutjaniformes","Haemulidae","Orthopristis",NA,"genus","Orthopristis"
"MiFish_0000114",15,"['OP035157']","482919",0.964705882352941,"caccgcggttatacgagaggcccaagctgataatcatcggcgtaaagggtggttagggttaattgaagactaaagccgaaagccctcacagctgttatacgcactcgagggtaagaagcccaactacgaaagtggctttacaatatccgaacccacgaaagctgagaca","[482919]","Orthopristis chrysoptera","Eukaryota","Chordata","Actinopteri","Lutjaniformes","Haemulidae","Orthopristis","Orthopristis chrysoptera",96.5,NA,NA,NA,NA,NA,NA,NA,NA,NA,"global",FALSE,96.5,"global","Orthopristis chrysoptera","Eukaryota","Chordata","Actinopteri","Lutjaniformes","Haemulidae","Orthopristis","Orthopristis chrysoptera","Eukaryota","Chordata","Actinopteri","Lutjaniformes","Haemulidae","Orthopristis",NA,"genus","Orthopristis"
"MiFish_0000115",367,"['KF374976']","48193",0.982456140350877,"caccgcggttatacgagaggcccaagttgatagatgtcggcgtaaagagtggttaagtatcttgatagaactaaagccgaacgccctcaagaccgttatacgtttccgaaggtatgaagctcaactacgaaagtaactttaactatatctgattccacgaaagctgcgaaa","[48193]","Mugil cephalus","Eukaryota","Chordata","Actinopteri","Mugiliformes","Mugilidae","Mugil","Mugil cephalus",98.2,"d:Eukaryota,p:Chordata,c:Actinopteri,o:Mugiliformes,f:Mugilidae,g:Mugil,s:Mugil_cephalus","Eukaryota","Chordata","Actinopteri","Mugiliformes","Mugilidae","Mugil","Mugil cephalus",98.2,"local",FALSE,98.2,"local","Mugil cephalus","Eukaryota","Chordata","Actinopteri","Mugiliformes","Mugilidae","Mugil","Mugil cephalus","Eukaryota","Chordata","Actinopteri","Mugiliformes","Mugilidae","Mugil","Mugil cephalus","species","Mugil cephalus"
"MiFish_0000116",64,NA,"None",0,"cgccgcggttatacgagaggcctaagttgatagacatcggcgtaaagagtggttagggaagacataaactaaagccgaacaccttcaaagctgttatacgctaacgaaggtaggaagcccccctacgaaagtggctttaaatttcctgactccacgaaagctgaggta",NA,NA,NA,NA,NA,NA,NA,NA,NA,0,NA,NA,NA,NA,NA,NA,NA,NA,NA,"local",FALSE,NA,NA,NA,NA,NA,NA,NA,NA,NA,NA,NA,NA,NA,NA,NA,NA,NA,NA,NA
"MiFish_0000117",29,"['LC698778', 'MG255111']","211834",0.970414201183432,"caccgcggttatacgagaggcccgagttgatagacaccggcgtaaagagtggttaagacttatttaacactaaagccgaacgccctcaaagctgttatacgcacccgagggtaagaagcccaaccacgaaagtggctttaaactatccgaatccacgaaagctatgaca","[211834]","Lutjanus argentimaculatus","Eukaryota","Chordata","Actinopteri","Lutjaniformes","Lutjanidae","Lutjanus","Lutjanus argentimaculatus",97,NA,NA,NA,NA,NA,NA,NA,NA,NA,"global",FALSE,97,"global","Lutjanus argentimaculatus","Eukaryota","Chordata","Actinopteri","Lutjaniformes","Lutjanidae","Lutjanus","Lutjanus argentimaculatus","Eukaryota","Chordata","Actinopteri","Lutjaniformes","Lutjanidae","Lutjanus",NA,"genus","Lutjanus"
"MiFish_0000118",11,"['OP154136', 'JN182927']","40493",0.982248520710059,"caccgcggttatacgagagacccaagttgatagacaccggcgtaaagagtggctaagatttacccaaaactaaagccgaacgccctcagagctgttatacgcacccgagagttagaagcccaaccacgaaagtggctttaaacaatctgaacccacgaaagctatgata","[40494, 211834]","Lutjanus","Eukaryota","Chordata","Actinopteri","Lutjaniformes","Lutjanidae","Lutjanus",NA,98.2,NA,NA,NA,NA,NA,NA,NA,NA,NA,"global",FALSE,98.2,"global","Lutjanus","Eukaryota","Chordata","Actinopteri","Lutjaniformes","Lutjanidae","Lutjanus",NA,"Eukaryota","Chordata","Actinopteri","Lutjaniformes","Lutjanidae","Lutjanus",NA,"genus","Lutjanus"
"MiFish_0000119",30,"['OP154136', 'JN182927']","40493",0.982248520710059,"caccgcggttatacgagagacccaagttgatagacaccagcgtaaagagtggttaagatttacccaaaactaaagccgaacgccctcagagctgttatacgcacccgagagttagaagcccaaccacgaaagtggctttaaacaatctgaacccacgaaagctatgata","[40494, 211834]","Lutjanus","Eukaryota","Chordata","Actinopteri","Lutjaniformes","Lutjanidae","Lutjanus",NA,98.2,NA,NA,NA,NA,NA,NA,NA,NA,NA,"global",FALSE,98.2,"global","Lutjanus","Eukaryota","Chordata","Actinopteri","Lutjaniformes","Lutjanidae","Lutjanus",NA,"Eukaryota","Chordata","Actinopteri","Lutjaniformes","Lutjanidae","Lutjanus",NA,"genus","Lutjanus"
"MiFish_0000120",16,NA,"None",0,"caccgcggtcatacgattaacccaaattaatagatccacggcgtaaagagtgtttaagaaaaaaaaaccacaatagagttaaattataactaagctgtaaaaagccctagttaaaataaaataacccacgaaagtgactctaataatcctgacacacgatagctagggcc",NA,NA,NA,NA,NA,NA,NA,NA,NA,0,NA,NA,NA,NA,NA,NA,NA,NA,NA,"local",FALSE,NA,NA,NA,NA,NA,NA,NA,NA,NA,NA,NA,NA,NA,NA,NA,NA,NA,NA,NA
"MiFish_0000121",86,"['OP035157']","482919",0.976331360946746,"caccgcggttatacgaggggcccaagctgataatcatcggcgtaaagggtggttagggttaattgaagactaaagccgaaagccctcacagctgttatacgcactcgagggtaagaagcccaactacgaaagtggctttacaatatccgaacccacgaaagctagggca","[482919]","Orthopristis chrysoptera","Eukaryota","Chordata","Actinopteri","Lutjaniformes","Haemulidae","Orthopristis","Orthopristis chrysoptera",97.6,NA,NA,NA,NA,NA,NA,NA,NA,NA,"global",FALSE,97.6,"global","Orthopristis chrysoptera","Eukaryota","Chordata","Actinopteri","Lutjaniformes","Haemulidae","Orthopristis","Orthopristis chrysoptera","Eukaryota","Chordata","Actinopteri","Lutjaniformes","Haemulidae","Orthopristis",NA,"genus","Orthopristis"
"MiFish_0000122",55,"['OP035157']","482919",0.976331360946746,"caccgcggttatacgagaggcccaagctgataatcatcggcgtaaagggtggttagggttaattgaagactaaagccgaaagccctcacagctgttatacgcactcgagggtaagaagcccaactacgaaagtggctttacaatatccgatcccacgaaagctagggca","[482919]","Orthopristis chrysoptera","Eukaryota","Chordata","Actinopteri","Lutjaniformes","Haemulidae","Orthopristis","Orthopristis chrysoptera",97.6,NA,NA,NA,NA,NA,NA,NA,NA,NA,"global",FALSE,97.6,"global","Orthopristis chrysoptera","Eukaryota","Chordata","Actinopteri","Lutjaniformes","Haemulidae","Orthopristis","Orthopristis chrysoptera","Eukaryota","Chordata","Actinopteri","Lutjaniformes","Haemulidae","Orthopristis",NA,"genus","Orthopristis"
"MiFish_0000123",22,"['KY815278']","435274",0.994082840236686,"caccgcggttatacgaggggcccaagttgacagctaccggcgtaaagcgtggttaaggttgaatcaaaaactaaagtcgaactccttcaaggccgtttaacgtgttcgaaacggagaagcccaactacgaaagtgactttacctgcctgaccccacgaaagctatggca","[435274]","Gerres cinereus","Eukaryota","Chordata","Actinopteri","Gerreiformes","Gerreidae","Gerres","Gerres cinereus",99.4,NA,NA,NA,NA,NA,NA,NA,NA,NA,"global",FALSE,99.4,"global","Gerres cinereus","Eukaryota","Chordata","Actinopteri","Gerreiformes","Gerreidae","Gerres","Gerres cinereus","Eukaryota","Chordata","Actinopteri","Gerreiformes","Gerreidae","Gerres","Gerres cinereus","species","Gerres cinereus"
"MiFish_0000124",3432,"['KF374976']","48193",0.994152046783626,"caccgcggttatacgaaagacccaagctgatagatgtcggcgtaaagagtggttaagtatcttgatagaactaaagccgaacgccctcaagaccgttatacgtttccgaaggtatgaagctcaactacgaaagtaactttaactatatctgattccacgaaagctgtgaaa","[48193]","Mugil cephalus","Eukaryota","Chordata","Actinopteri","Mugiliformes","Mugilidae","Mugil","Mugil cephalus",99.4,"d:Eukaryota,p:Chordata,c:Actinopteri,o:Mugiliformes,f:Mugilidae,g:Mugil,s:Mugil_cephalus","Eukaryota","Chordata","Actinopteri","Mugiliformes","Mugilidae","Mugil","Mugil cephalus",99.4,"local",FALSE,99.4,"local","Mugil cephalus","Eukaryota","Chordata","Actinopteri","Mugiliformes","Mugilidae","Mugil","Mugil cephalus","Eukaryota","Chordata","Actinopteri","Mugiliformes","Mugilidae","Mugil","Mugil cephalus","species","Mugil cephalus"
"MiFish_0000125",291,NA,"None",0,"caccgcggttatacgagaggcccaagttgatagacatcggcgtaaagagtggttagggaagacataaactaaagccgaacaccttcaaagctgttatacgctaacgaaggtaggaagcccccctacgaaagtggctttaaatttcctgactccacgaaagctgaggta",NA,NA,NA,NA,NA,NA,NA,NA,NA,0,NA,NA,NA,NA,NA,NA,NA,NA,NA,"local",FALSE,NA,NA,NA,NA,NA,NA,NA,NA,NA,NA,NA,NA,NA,NA,NA,NA,NA,NA,NA
"MiFish_0000126",25,"['LC698778', 'MG255111']","211834",0.970414201183432,"caccgcggttatacgagagacccgagttgataggcaccggcgtaaagagtggttaagacttatttaacactaaagccgaacgccctcaaagctgttatacgcacccgagggtaagaagcccaaccacgaaagtggctttaaactatccgaatccacgaaagctatgaca","[211834]","Lutjanus argentimaculatus","Eukaryota","Chordata","Actinopteri","Lutjaniformes","Lutjanidae","Lutjanus","Lutjanus argentimaculatus",97,NA,NA,NA,NA,NA,NA,NA,NA,NA,"global",FALSE,97,"global","Lutjanus argentimaculatus","Eukaryota","Chordata","Actinopteri","Lutjaniformes","Lutjanidae","Lutjanus","Lutjanus argentimaculatus","Eukaryota","Chordata","Actinopteri","Lutjaniformes","Lutjanidae","Lutjanus",NA,"genus","Lutjanus"
"MiFish_0000127",55,"['KY815278']","435274",0.994082840236686,"caccgcggttatacgagaggcccaagttgacagctaccggcgtaaagcgtggttaaggttgaatcaaaaactaaagtcgaactccttcaaggccgtttaacgtgttcgaaacggagaagcccaactacgaaagtgactttacctgcctgaccccacgaaagctatggcg","[435274]","Gerres cinereus","Eukaryota","Chordata","Actinopteri","Gerreiformes","Gerreidae","Gerres","Gerres cinereus",99.4,NA,NA,NA,NA,NA,NA,NA,NA,NA,"global",FALSE,99.4,"global","Gerres cinereus","Eukaryota","Chordata","Actinopteri","Gerreiformes","Gerreidae","Gerres","Gerres cinereus","Eukaryota","Chordata","Actinopteri","Gerreiformes","Gerreidae","Gerres","Gerres cinereus","species","Gerres cinereus"
"MiFish_0000128",19,NA,"None",0,"caccgcggttatacgaggggcccgagtcgacagccaccggcgtaaagagtggttagggttaattgaagactaaagccgaaagccctcacagctgttatacgcactcgagggtaagaagcccaactacgaaagtggctttacaatatccgaacccacgaaagctagggca",NA,NA,NA,NA,NA,NA,NA,NA,NA,0,NA,NA,NA,NA,NA,NA,NA,NA,NA,"local",FALSE,NA,NA,NA,NA,NA,NA,NA,NA,NA,NA,NA,NA,NA,NA,NA,NA,NA,NA,NA
"MiFish_0000129",28,"['OP035157']","482919",0.976331360946746,"caccgcggttatacgagaggcccaagctgataatcatcggcgtaaagggtggttagggttaattgaagactaaagccgaaagccctcacagctgttatacgcactcgagggtaagaagcccaactacgaaagcggctttacaatatccgaacccacgaaagctagggca","[482919]","Orthopristis chrysoptera","Eukaryota","Chordata","Actinopteri","Lutjaniformes","Haemulidae","Orthopristis","Orthopristis chrysoptera",97.6,NA,NA,NA,NA,NA,NA,NA,NA,NA,"global",FALSE,97.6,"global","Orthopristis chrysoptera","Eukaryota","Chordata","Actinopteri","Lutjaniformes","Haemulidae","Orthopristis","Orthopristis chrysoptera","Eukaryota","Chordata","Actinopteri","Lutjaniformes","Haemulidae","Orthopristis",NA,"genus","Orthopristis"
"MiFish_0000130",24,NA,"None",0,"caccgcggttatacgattaacccaaattaatagatccacggcgtaaagagtgtttaagaaaaaaaaaccacaatagagttaaattataactaagctgtaaaaagccctagttaaaataaaataacccacgaaagtgactctaataatcctgacacacgatagctaggacc",NA,NA,NA,NA,NA,NA,NA,NA,NA,0,NA,NA,NA,NA,NA,NA,NA,NA,NA,"local",FALSE,NA,NA,NA,NA,NA,NA,NA,NA,NA,NA,NA,NA,NA,NA,NA,NA,NA,NA,NA
"MiFish_0000131",981,"['LC698778', 'MG255111']","211834",0.964705882352941,"caccgcggttatacgagagacccgagttgatagacaccggcgtaaagagtggttaagatttatctgacactaaagccgaacgccctcaaagctgttatacgcacccgagggtaagaagccctaccacgaaagtggctttaaactatccgaatccacgaaagctatgaca","[211834]","Lutjanus argentimaculatus","Eukaryota","Chordata","Actinopteri","Lutjaniformes","Lutjanidae","Lutjanus","Lutjanus argentimaculatus",96.5,NA,NA,NA,NA,NA,NA,NA,NA,NA,"global",FALSE,96.5,"global","Lutjanus argentimaculatus","Eukaryota","Chordata","Actinopteri","Lutjaniformes","Lutjanidae","Lutjanus","Lutjanus argentimaculatus","Eukaryota","Chordata","Actinopteri","Lutjaniformes","Lutjanidae","Lutjanus",NA,"genus","Lutjanus"
"MiFish_0000132",49,NA,"None",0,"caccgcggttatacgagaggcctaagttgatagacatcggcgtaaagagtggttagggaagacataaactaaagccgaacaccttcaaggctgttatacgctaacgaaggtaggaagcccccctacgaaagtggctttaaatttcctgactccacgaaagctgaggta",NA,NA,NA,NA,NA,NA,NA,NA,NA,0,NA,NA,NA,NA,NA,NA,NA,NA,NA,"local",FALSE,NA,NA,NA,NA,NA,NA,NA,NA,NA,NA,NA,NA,NA,NA,NA,NA,NA,NA,NA
"MiFish_0000133",20,"['OP154136', 'JN182927']","40493",0.982248520710059,"caccgcggttatacgagagacccaagttgatagacaccggcgtaaagagtggttaagatttacccaaaactaaagccgaacgccctcagagctgctatacgcacccgagagttagaagcccaaccacgaaagtggctttaaacaatctgaacccacgaaagctatgata","[40494, 211834]","Lutjanus","Eukaryota","Chordata","Actinopteri","Lutjaniformes","Lutjanidae","Lutjanus",NA,98.2,NA,NA,NA,NA,NA,NA,NA,NA,NA,"global",FALSE,98.2,"global","Lutjanus","Eukaryota","Chordata","Actinopteri","Lutjaniformes","Lutjanidae","Lutjanus",NA,"Eukaryota","Chordata","Actinopteri","Lutjaniformes","Lutjanidae","Lutjanus",NA,"genus","Lutjanus"
"MiFish_0000134",24,"['LC698778', 'MG255111']","211834",0.970414201183432,"caccgcggttatacgagagacccgagttgatagacaccggcgtaaagagtggttaagacttatttaacactaaagccgaacgccctcaaagctgttatacgcacccgagggtaagaagcccgaccacgaaagtggctttaaactatccgaatccacgaaagctatgaca","[211834]","Lutjanus argentimaculatus","Eukaryota","Chordata","Actinopteri","Lutjaniformes","Lutjanidae","Lutjanus","Lutjanus argentimaculatus",97,NA,NA,NA,NA,NA,NA,NA,NA,NA,"global",FALSE,97,"global","Lutjanus argentimaculatus","Eukaryota","Chordata","Actinopteri","Lutjaniformes","Lutjanidae","Lutjanus","Lutjanus argentimaculatus","Eukaryota","Chordata","Actinopteri","Lutjaniformes","Lutjanidae","Lutjanus",NA,"genus","Lutjanus"
"MiFish_0000135",74,NA,"None",0,"caccgcggttatacgagaggcctaagttgatagacatcggcgtaaagagtggttagggaaggcataaactaaagccgaacaccttcaaagctgttatacgctaacgaaggtaggaagcccccctacgaaagtggctttaaatttcctgactccacgaaagctgaggta",NA,NA,NA,NA,NA,NA,NA,NA,NA,0,NA,NA,NA,NA,NA,NA,NA,NA,NA,"local",FALSE,NA,NA,NA,NA,NA,NA,NA,NA,NA,NA,NA,NA,NA,NA,NA,NA,NA,NA,NA
"MiFish_0000136",28,NA,"None",0,"caccgcggttatacgagaggcccaagctgataatcatcggcgtaaagggtggttagggttaattgaagactaaagccgaaagccctcacagctgttatacgcactcgagggtaagaagcccaactacgaaagtggctttaccaaacctgaccccacgaaagctgagaca",NA,NA,NA,NA,NA,NA,NA,NA,NA,0,NA,NA,NA,NA,NA,NA,NA,NA,NA,"local",FALSE,NA,NA,NA,NA,NA,NA,NA,NA,NA,NA,NA,NA,NA,NA,NA,NA,NA,NA,NA
"MiFish_0000137",33368,"['MW630230', 'MW630237', 'OP035322']","36213",1,"caccgcggttatacgagaggctcaagttgacagacaacggcgtaaagagtggttaaggaacttattaaactaaagccgaacgccctcagaactgttatacgtttccgaaggtaagaagccccaccacgaaagtgactttattttccccgactccacgaaagctgcggaa","[229087, 36217]","Abudefduf","Eukaryota","Chordata","Actinopteri",NA,"Pomacentridae","Abudefduf",NA,100,NA,NA,NA,NA,NA,NA,NA,NA,NA,"global",FALSE,100,"global","Abudefduf","Eukaryota","Chordata","Actinopteri",NA,"Pomacentridae","Abudefduf",NA,"Eukaryota","Chordata","Actinopteri",NA,"Pomacentridae","Abudefduf",NA,"genus","Abudefduf"
"MiFish_0000138",57,"['MW630230', 'MW630237', 'OP035322']","36213",0.994082840236686,"caccgcggttatacgagaggctcaagttgacagacaacggcgtaaagagtggttaaggaacttattaaactaaagccgaacgccctcagaactgttatacgtttccgaaggtaagaagcccaccacgaaagtgactttattttccccgactccacgaaagctgcggaa","[229087, 36217]","Abudefduf","Eukaryota","Chordata","Actinopteri",NA,"Pomacentridae","Abudefduf",NA,99.4,NA,NA,NA,NA,NA,NA,NA,NA,NA,"global",FALSE,99.4,"global","Abudefduf","Eukaryota","Chordata","Actinopteri",NA,"Pomacentridae","Abudefduf",NA,"Eukaryota","Chordata","Actinopteri",NA,"Pomacentridae","Abudefduf",NA,"genus","Abudefduf"
"MiFish_0000139",34,NA,"None",0,"caccgcggtcatacgattaacccaaattaatagatccacggcgtaaagagtgtttaagaaaaaaaaatcacaatagagttaaattataactaagctgtaaaaagccctagttaaaataaaataacccacgaaagtgactctaataatcctgacacacgatagctaggac",NA,NA,NA,NA,NA,NA,NA,NA,NA,0,NA,NA,NA,NA,NA,NA,NA,NA,NA,"local",FALSE,NA,NA,NA,NA,NA,NA,NA,NA,NA,NA,NA,NA,NA,NA,NA,NA,NA,NA,NA
"MiFish_0000140",18,NA,"None",0,"agccgcggtaatacgtagggaccaagcgttgttcggatttactgggcgtaaagggcgcgtaggcggcgtggtaagtcagctgtgaaatctccgagcttaactcggaacggtcagctgatactgctgtgctagagtacagaaagggcaatcggaattcttggtgtagcggtgaaatgcgtagatatcaagaggaacacctgaggcgaaggcgggttgctaggctgatactgacgctgaggcgcgaaagctagggtag",NA,NA,NA,NA,NA,NA,NA,NA,NA,0,NA,NA,NA,NA,NA,NA,NA,NA,NA,"local",FALSE,NA,NA,NA,NA,NA,NA,NA,NA,NA,NA,NA,NA,NA,NA,NA,NA,NA,NA,NA
"MiFish_0000141",11,NA,"None",0,"caccgcggtcatacgattaacccaaattaatagatccacggcgtaaagagtgtttaagaaaaaaaaatcacaatagagttaaattataactaagctgtaaaaagccctagttaaaataaaataacccacgaaagtgactctaataatcccgacacacgatagctaggacc",NA,NA,NA,NA,NA,NA,NA,NA,NA,0,NA,NA,NA,NA,NA,NA,NA,NA,NA,"local",FALSE,NA,NA,NA,NA,NA,NA,NA,NA,NA,NA,NA,NA,NA,NA,NA,NA,NA,NA,NA
"MiFish_0000142",65,"['MW630230', 'MW630237', 'OP035322']","36213",0.994082840236686,"caccgcggttatacgagaggctcaagttgacagacaacggcgtaaagagtggttaaggaacttattaaactaaagccgaacgccctcagaactgttatacgtttccgaaggtaagaagccccgccacgaaagtgactttattttccccgactccacgaaagctgcggaa","[229087, 36217]","Abudefduf","Eukaryota","Chordata","Actinopteri",NA,"Pomacentridae","Abudefduf",NA,99.4,NA,NA,NA,NA,NA,NA,NA,NA,NA,"global",FALSE,99.4,"global","Abudefduf","Eukaryota","Chordata","Actinopteri",NA,"Pomacentridae","Abudefduf",NA,"Eukaryota","Chordata","Actinopteri",NA,"Pomacentridae","Abudefduf",NA,"genus","Abudefduf"
"MiFish_0000143",57,"['MW630230', 'MW630237', 'OP035322']","36213",0.994082840236686,"caccgcggttatacgagaggctcaagttgacagacaacggcgtaaagagtggttaaggaacttattaaactaaagccgaacgccctcagaactgttatacgtttccgaaggtaagaagccctaccacgaaagtgactttattttccccgactccacgaaagctgcggaa","[229087, 36217]","Abudefduf","Eukaryota","Chordata","Actinopteri",NA,"Pomacentridae","Abudefduf",NA,99.4,NA,NA,NA,NA,NA,NA,NA,NA,NA,"global",FALSE,99.4,"global","Abudefduf","Eukaryota","Chordata","Actinopteri",NA,"Pomacentridae","Abudefduf",NA,"Eukaryota","Chordata","Actinopteri",NA,"Pomacentridae","Abudefduf",NA,"genus","Abudefduf"
"MiFish_0000144",10,NA,"None",0,"caccgcggtcatacgattaacccaaattaatagatccacggcgtaaagagtgtttaagaaaaaaaaaccacaatagagttaaattataactaagctgtaaaaagccctagttaaaataaaataacccacgaaagtgactctaataatcctgacacacgatagctgggacc",NA,NA,NA,NA,NA,NA,NA,NA,NA,0,NA,NA,NA,NA,NA,NA,NA,NA,NA,"local",FALSE,NA,NA,NA,NA,NA,NA,NA,NA,NA,NA,NA,NA,NA,NA,NA,NA,NA,NA,NA
"MiFish_0000145",26,"['MW630230', 'MW630237', 'OP035322']","36213",0.994082840236686,"caccgcggttatacgagaggctcaagttgacagacaacggcgtaaagagtggttaaggaacttattaaactaaagccgaacgccctcagaactgttatacgtttccgaaggcaagaagccccaccacgaaagtgactttattttccccgactccacgaaagctgcggaa","[229087, 36217]","Abudefduf","Eukaryota","Chordata","Actinopteri",NA,"Pomacentridae","Abudefduf",NA,99.4,NA,NA,NA,NA,NA,NA,NA,NA,NA,"global",FALSE,99.4,"global","Abudefduf","Eukaryota","Chordata","Actinopteri",NA,"Pomacentridae","Abudefduf",NA,"Eukaryota","Chordata","Actinopteri",NA,"Pomacentridae","Abudefduf",NA,"genus","Abudefduf"
"MiFish_0000146",11,NA,"None",0,"caccgcggtcatacgattaacccaaattaatagatccacggcgtaaagagtgtttaagaaaaaaaaccacaatagagttaaattataactaagctgtaaaaagccctagttaaaataaaataacccacgaaagtgactctaataatcctgacgcacgatagctaggacc",NA,NA,NA,NA,NA,NA,NA,NA,NA,0,NA,NA,NA,NA,NA,NA,NA,NA,NA,"local",FALSE,NA,NA,NA,NA,NA,NA,NA,NA,NA,NA,NA,NA,NA,NA,NA,NA,NA,NA,NA
"MiFish_0000147",69,"['MW630230', 'MW630237', 'OP035322']","36213",0.994082840236686,"caccgcggttatacgagaggctcaagttgacagacaacggcgtaaagagtggttaaggaacttattaaactaaagccgagcgccctcagaactgttatacgtttccgaaggtaagaagccccaccacgaaagtgactttattttccccgactccacgaaagctgcggaa","[229087, 36217]","Abudefduf","Eukaryota","Chordata","Actinopteri",NA,"Pomacentridae","Abudefduf",NA,99.4,NA,NA,NA,NA,NA,NA,NA,NA,NA,"global",FALSE,99.4,"global","Abudefduf","Eukaryota","Chordata","Actinopteri",NA,"Pomacentridae","Abudefduf",NA,"Eukaryota","Chordata","Actinopteri",NA,"Pomacentridae","Abudefduf",NA,"genus","Abudefduf"
"MiFish_0000148",11,NA,"None",0,"caccgcggtcatacgattaacccaaattaatagatctacggcgtaaagagtgtttaagaaaaaaaaaccacaatagagttaaattataactaagctgtaaaaagccctagttaaaataaaataacccacgaaagtgactctaataatcctgacacacgatagctaggacc",NA,NA,NA,NA,NA,NA,NA,NA,NA,0,NA,NA,NA,NA,NA,NA,NA,NA,NA,"local",FALSE,NA,NA,NA,NA,NA,NA,NA,NA,NA,NA,NA,NA,NA,NA,NA,NA,NA,NA,NA
"MiFish_0000149",71,"['MW630230', 'MW630237', 'OP035322']","36213",0.994082840236686,"cgccgcggttatacgagaggctcaagttgacagacaacggcgtaaagagtggttaaggaacttattaaactaaagccgaacgccctcagaactgttatacgtttccgaaggtaagaagccccaccacgaaagtgactttattttccccgactccacgaaagctgcggaa","[229087, 36217]","Abudefduf","Eukaryota","Chordata","Actinopteri",NA,"Pomacentridae","Abudefduf",NA,99.4,NA,NA,NA,NA,NA,NA,NA,NA,NA,"global",FALSE,99.4,"global","Abudefduf","Eukaryota","Chordata","Actinopteri",NA,"Pomacentridae","Abudefduf",NA,"Eukaryota","Chordata","Actinopteri",NA,"Pomacentridae","Abudefduf",NA,"genus","Abudefduf"
"MiFish_0000150",11,"['AF285920', 'AY279570', 'FJ616293']","50731",1,"caccgcggttatacgagaggctcaagttgacagacaacggcgtaaagagtggttaaggaacttattaaactaaagccgaacgccctcagaactgttatacgtttccgaaggtaagaagccccaccacgaaagtgactttatttcccccgactccacgaaagctgcggaa","[50731]","Abudefduf saxatilis","Eukaryota","Chordata","Actinopteri",NA,"Pomacentridae","Abudefduf","Abudefduf saxatilis",100,NA,NA,NA,NA,NA,NA,NA,NA,NA,"global",FALSE,100,"global","Abudefduf saxatilis","Eukaryota","Chordata","Actinopteri",NA,"Pomacentridae","Abudefduf","Abudefduf saxatilis","Eukaryota","Chordata","Actinopteri",NA,"Pomacentridae","Abudefduf","Abudefduf saxatilis","species","Abudefduf saxatilis"
"MiFish_0000151",12,NA,"None",0,"caccgcggtcatacgattaacccaaattaatagatccacggcgtaaagggtgtttaagaaaaaaaaaccacaatagagttaaattataactaagctgtaaaaagccctagttaaaataaaataacccacgaaagtgactctaataatcctgacacacgatagctaggacc",NA,NA,NA,NA,NA,NA,NA,NA,NA,0,NA,NA,NA,NA,NA,NA,NA,NA,NA,"local",FALSE,NA,NA,NA,NA,NA,NA,NA,NA,NA,NA,NA,NA,NA,NA,NA,NA,NA,NA,NA
"MiFish_0000152",346,"['MW630230', 'MW630237', 'OP035322']","36213",0.994082840236686,"caccgcggttatacgagaggctcaagttgacagacaacggcgtaaagagtggttaaggaacttattaaactaaagccgaacgccctcagaactgttatacgcttccgaaggtaagaagccccaccacgaaagtgactttattttccccgactccacgaaagctgcggaa","[229087, 36217]","Abudefduf","Eukaryota","Chordata","Actinopteri",NA,"Pomacentridae","Abudefduf",NA,99.4,NA,NA,NA,NA,NA,NA,NA,NA,NA,"global",FALSE,99.4,"global","Abudefduf","Eukaryota","Chordata","Actinopteri",NA,"Pomacentridae","Abudefduf",NA,"Eukaryota","Chordata","Actinopteri",NA,"Pomacentridae","Abudefduf",NA,"genus","Abudefduf"
"MiFish_0000153",45,"['MW630230', 'MW630237', 'OP035322']","36213",0.994082840236686,"caccgcggttatacgagaggctcaagttgacagacaacggcgtaaagggtggttaaggaacttattaaactaaagccgaacgccctcagaactgttatacgtttccgaaggtaagaagccccaccacgaaagtgactttattttccccgactccacgaaagctgcggaa","[229087, 36217]","Abudefduf","Eukaryota","Chordata","Actinopteri",NA,"Pomacentridae","Abudefduf",NA,99.4,NA,NA,NA,NA,NA,NA,NA,NA,NA,"global",FALSE,99.4,"global","Abudefduf","Eukaryota","Chordata","Actinopteri",NA,"Pomacentridae","Abudefduf",NA,"Eukaryota","Chordata","Actinopteri",NA,"Pomacentridae","Abudefduf",NA,"genus","Abudefduf"
"MiFish_0000154",12,NA,"None",0,"caccgcggtcatacgattaacccaaattaatagatccacggcgtaaagagtatttaagaaaaaaaaaccacaatagagttaaattataactaagctgtaaaaagccctagttaaaataaaataacccacgaaagtgactctaataatcctgacacacgatagctaggacc",NA,NA,NA,NA,NA,NA,NA,NA,NA,0,NA,NA,NA,NA,NA,NA,NA,NA,NA,"local",FALSE,NA,NA,NA,NA,NA,NA,NA,NA,NA,NA,NA,NA,NA,NA,NA,NA,NA,NA,NA
"MiFish_0000155",11,NA,"None",0,"taccgcggtcatacgattaacccaaattaatagatccacggcgtaaagagtgtttaagaaaaaaaaatcacaatagagttaaattataactaagctgtaaaaagccctagttaaaataaaataacccacgaaagtgactctaataatcctgacacacgatagctaggacc",NA,NA,NA,NA,NA,NA,NA,NA,NA,0,NA,NA,NA,NA,NA,NA,NA,NA,NA,"local",FALSE,NA,NA,NA,NA,NA,NA,NA,NA,NA,NA,NA,NA,NA,NA,NA,NA,NA,NA,NA
"MiFish_0000156",558,"['MW630230', 'MW630237', 'OP035322']","36213",0.988165680473373,"caccgcggttatacgagaggctcaagttgacagacaacggcgtaaagagtggttaaggaacttattaaactaaagccgaacgccctcagaactgttatacgtttccgaaggtgagaagcccaccacgaaagtgactttattttccccgactccacgaaagctgcggaa","[229087, 36217]","Abudefduf","Eukaryota","Chordata","Actinopteri",NA,"Pomacentridae","Abudefduf",NA,98.8,NA,NA,NA,NA,NA,NA,NA,NA,NA,"global",FALSE,98.8,"global","Abudefduf","Eukaryota","Chordata","Actinopteri",NA,"Pomacentridae","Abudefduf",NA,"Eukaryota","Chordata","Actinopteri",NA,"Pomacentridae","Abudefduf",NA,"genus","Abudefduf"
"MiFish_0000157",5838,"['OP035077']","153621",0.964497041420118,"taccgcggttatacgagaggcccaagttgacaggttccggcgtaaagcgtggttaaggaataatgaacactaaagctgaacgcttactaggctgttatacgctcccgaaagtaagaagaccatccacgaaggtggctttaccttacctgaacccacgaaagccaaggca","[153621]","Mycteroperca bonaci","Eukaryota","Chordata","Actinopteri","Perciformes","Serranidae","Mycteroperca","Mycteroperca bonaci",96.4,NA,NA,NA,NA,NA,NA,NA,NA,NA,"global",FALSE,96.4,"global","Mycteroperca bonaci","Eukaryota","Chordata","Actinopteri","Perciformes","Serranidae","Mycteroperca","Mycteroperca bonaci","Eukaryota","Chordata","Actinopteri","Perciformes","Serranidae","Mycteroperca",NA,"genus","Mycteroperca"
"MiFish_0000158",27,"['OP035077']","153621",0.958579881656805,"taccgcggttatacgagaggcccaagttgacaggttccggcgtaaagcgtggttaaggaataatgaacactaaagctgaacgcttactaggctgttatacgctcccgaaagtaagaagaccatccacgaaggtggctttaccttacctgaacccacgaaagccaaggc","[153621]","Mycteroperca bonaci","Eukaryota","Chordata","Actinopteri","Perciformes","Serranidae","Mycteroperca","Mycteroperca bonaci",95.9,NA,NA,NA,NA,NA,NA,NA,NA,NA,"global",FALSE,95.9,"global","Mycteroperca bonaci","Eukaryota","Chordata","Actinopteri","Perciformes","Serranidae","Mycteroperca","Mycteroperca bonaci","Eukaryota","Chordata","Actinopteri","Perciformes","Serranidae","Mycteroperca",NA,"genus","Mycteroperca"
"MiFish_0000159",92,NA,"None",0,"caccgcggtcatacgattaacccaaattaatagatccacggcgtaaagagtgtttaaaaaaaaaaatcacaatagagttaaattataactaagctgtaaaaagccctagttaaaataaaataacccacgaaagtgactctaataatcctgacacacgatagctaggacc",NA,NA,NA,NA,NA,NA,NA,NA,NA,0,NA,NA,NA,NA,NA,NA,NA,NA,NA,"local",FALSE,NA,NA,NA,NA,NA,NA,NA,NA,NA,NA,NA,NA,NA,NA,NA,NA,NA,NA,NA
"MiFish_0000160",17,"['OP035077']","153621",0.958579881656805,"taccgcggttatacgagaggcccaagttgacaggttccggcgtaaagcgtggttaaggaataatgaacactaaggctgaacgcttactaggctgttatacgctcccgaaagtaagaagaccatccacgaaggtggctttaccttacctgaacccacgaaagccaaggca","[153621]","Mycteroperca bonaci","Eukaryota","Chordata","Actinopteri","Perciformes","Serranidae","Mycteroperca","Mycteroperca bonaci",95.9,NA,NA,NA,NA,NA,NA,NA,NA,NA,"global",FALSE,95.9,"global","Mycteroperca bonaci","Eukaryota","Chordata","Actinopteri","Perciformes","Serranidae","Mycteroperca","Mycteroperca bonaci","Eukaryota","Chordata","Actinopteri","Perciformes","Serranidae","Mycteroperca",NA,"genus","Mycteroperca"
"MiFish_0000161",450,"['OP035077']","153621",0.958579881656805,"taccgcggttatacgaggggcccaagttgacaggttccggcgtaaagcgtggttaaggaataatgaacactaaagctgaacgcttactaggctgttatacgctcccgaaagtaagaagaccatccacgaaggtggctttaccttacctgaacccacgaaagccaaggca","[153621]","Mycteroperca bonaci","Eukaryota","Chordata","Actinopteri","Perciformes","Serranidae","Mycteroperca","Mycteroperca bonaci",95.9,NA,NA,NA,NA,NA,NA,NA,NA,NA,"global",FALSE,95.9,"global","Mycteroperca bonaci","Eukaryota","Chordata","Actinopteri","Perciformes","Serranidae","Mycteroperca","Mycteroperca bonaci","Eukaryota","Chordata","Actinopteri","Perciformes","Serranidae","Mycteroperca",NA,"genus","Mycteroperca"
"MiFish_0000162",67,NA,"None",0,"caccgcggtcacacgattaacccaagtcaatagaagccggcgtaaagagtgttttagatcaccccctccccaataaagctaaaactcacctgagttgtaaaaaactccagttgacacaaaatagactacgaaagtggctttaacatatctgaacacacaatagctaagac",NA,NA,NA,NA,NA,NA,NA,NA,NA,0,NA,NA,NA,NA,NA,NA,NA,NA,NA,"local",FALSE,NA,NA,NA,NA,NA,NA,NA,NA,NA,NA,NA,NA,NA,NA,NA,NA,NA,NA,NA
"MiFish_0000163",141,"['MW630230', 'MW630237', 'OP035322']","36213",0.994082840236686,"caccgcggttatacgagaggctcaagttgacagacaacgacgtaaagagtggttaaggaacttattaaactaaagccgaacgccctcagaactgttatacgtttccgaaggtaagaagccccaccacgaaagtgactttattttccccgactccacgaaagctgcggaa","[229087, 36217]","Abudefduf","Eukaryota","Chordata","Actinopteri",NA,"Pomacentridae","Abudefduf",NA,99.4,NA,NA,NA,NA,NA,NA,NA,NA,NA,"global",FALSE,99.4,"global","Abudefduf","Eukaryota","Chordata","Actinopteri",NA,"Pomacentridae","Abudefduf",NA,"Eukaryota","Chordata","Actinopteri",NA,"Pomacentridae","Abudefduf",NA,"genus","Abudefduf"
"MiFish_0000164",14,"['OP035077']","153621",0.958579881656805,"taccgcggctatacgagaggcccaagttgacaggttccggcgtaaagcgtggttaaggaataatgaacactaaagctgaacgcttactaggctgttatacgctcccgaaagtaagaagaccatccacgaaggtggctttaccttacctgaacccacgaaagccaaggca","[153621]","Mycteroperca bonaci","Eukaryota","Chordata","Actinopteri","Perciformes","Serranidae","Mycteroperca","Mycteroperca bonaci",95.9,NA,NA,NA,NA,NA,NA,NA,NA,NA,"global",FALSE,95.9,"global","Mycteroperca bonaci","Eukaryota","Chordata","Actinopteri","Perciformes","Serranidae","Mycteroperca","Mycteroperca bonaci","Eukaryota","Chordata","Actinopteri","Perciformes","Serranidae","Mycteroperca",NA,"genus","Mycteroperca"
"MiFish_0000165",42,"['MW630230', 'MW630237', 'OP035322']","36213",0.994082840236686,"caccgcggttatgcgagaggctcaagttgacagacaacggcgtaaagagtggttaaggaacttattaaactaaagccgaacgccctcagaactgttatacgtttccgaaggtaagaagccccaccacgaaagtgactttattttccccgactccacgaaagctgcggaa","[229087, 36217]","Abudefduf","Eukaryota","Chordata","Actinopteri",NA,"Pomacentridae","Abudefduf",NA,99.4,NA,NA,NA,NA,NA,NA,NA,NA,NA,"global",FALSE,99.4,"global","Abudefduf","Eukaryota","Chordata","Actinopteri",NA,"Pomacentridae","Abudefduf",NA,"Eukaryota","Chordata","Actinopteri",NA,"Pomacentridae","Abudefduf",NA,"genus","Abudefduf"
"MiFish_0000166",15,NA,"None",0,"agccgcggtaatacgtagggagcaagcgttgttcggatttactgggcgtaaagggcgcgtaggcggcgtgtcaagtcaattgtgaaatctccgggcttaactcggaacggccaattgatactgtcatgctagagtgcagaaagggcaatcggaattcttggtgtagcggtgaaatgcgtagatatcaagaggaacacctgaggcgaaggcgggttgctaggctgacactgacgctgagtgcgcgaaagccaggggag",NA,NA,NA,NA,NA,NA,NA,NA,NA,0,NA,NA,NA,NA,NA,NA,NA,NA,NA,"local",FALSE,NA,NA,NA,NA,NA,NA,NA,NA,NA,NA,NA,NA,NA,NA,NA,NA,NA,NA,NA
"MiFish_0000167",38,"['MW630230', 'MW630237', 'OP035322']","36213",0.994082840236686,"caccgcggttatacgagaggctcaagttgacagacaacggcgtaaagagtggttaaggaacctattaaactaaagccgaacgccctcagaactgttatacgtttccgaaggtaagaagccccaccacgaaagtgactttattttccccgactccacgaaagctgcggaa","[229087, 36217]","Abudefduf","Eukaryota","Chordata","Actinopteri",NA,"Pomacentridae","Abudefduf",NA,99.4,NA,NA,NA,NA,NA,NA,NA,NA,NA,"global",FALSE,99.4,"global","Abudefduf","Eukaryota","Chordata","Actinopteri",NA,"Pomacentridae","Abudefduf",NA,"Eukaryota","Chordata","Actinopteri",NA,"Pomacentridae","Abudefduf",NA,"genus","Abudefduf"
"MiFish_0000168",305,"['MW630230', 'MW630237', 'OP035322']","36213",0.994082840236686,"caccgcggttatacgagaggctcaagttgacagacaacggcgtaaagagtggttagggaacttattaaactaaagccgaacgccctcagaactgttatacgtttccgaaggtaagaagccccaccacgaaagtgactttattttccccgactccacgaaagctgcggaa","[229087, 36217]","Abudefduf","Eukaryota","Chordata","Actinopteri",NA,"Pomacentridae","Abudefduf",NA,99.4,NA,NA,NA,NA,NA,NA,NA,NA,NA,"global",FALSE,99.4,"global","Abudefduf","Eukaryota","Chordata","Actinopteri",NA,"Pomacentridae","Abudefduf",NA,"Eukaryota","Chordata","Actinopteri",NA,"Pomacentridae","Abudefduf",NA,"genus","Abudefduf"
"MiFish_0000169",209,"['MW630230', 'MW630237', 'OP035322']","36213",0.994082840236686,"caccgcggttatacgagaggctcaagttgacagacaacggcgtaaagagtggttaaggaacttattaaactaaagccgaacgccctcagaactgttatacgtttccgaaggtaagaagccccaccacgaaagtgactttattttccctgactccacgaaagctgcggaa","[229087, 36217]","Abudefduf","Eukaryota","Chordata","Actinopteri",NA,"Pomacentridae","Abudefduf",NA,99.4,NA,NA,NA,NA,NA,NA,NA,NA,NA,"global",FALSE,99.4,"global","Abudefduf","Eukaryota","Chordata","Actinopteri",NA,"Pomacentridae","Abudefduf",NA,"Eukaryota","Chordata","Actinopteri",NA,"Pomacentridae","Abudefduf",NA,"genus","Abudefduf"
"MiFish_0000170",116,NA,"None",0,"agccgcggtaagacgaaccgtgcgaacgttgttcggaatcactgggcttaaagggcgcgtaggcggcttgtcaagtcaggggtgaaatcctgcagctcaactgtagaagtgcctttgatactgacgagctcgagggaggtaggggtcgctggaacttctggtggagcggtgaaatgcgttgatatcagaaggaacgccggtggcgaaagcgagcgactggatctcttctgacgctgaggcgcgaaagctaggggag",NA,NA,NA,NA,NA,NA,NA,NA,NA,0,NA,NA,NA,NA,NA,NA,NA,NA,NA,"local",FALSE,NA,NA,NA,NA,NA,NA,NA,NA,NA,NA,NA,NA,NA,NA,NA,NA,NA,NA,NA
"MiFish_0000171",125,"['MW630230', 'MW630237', 'OP035322']","36213",0.994082840236686,"caccgcggttatacgagaggctcaagttgacagacaacggcgtaaagagtggttaaggaacttattaaactaaagccgaacgccctcagagctgttatacgtttccgaaggtaagaagccccaccacgaaagtgactttattttccccgactccacgaaagctgcggaa","[229087, 36217]","Abudefduf","Eukaryota","Chordata","Actinopteri",NA,"Pomacentridae","Abudefduf",NA,99.4,NA,NA,NA,NA,NA,NA,NA,NA,NA,"global",FALSE,99.4,"global","Abudefduf","Eukaryota","Chordata","Actinopteri",NA,"Pomacentridae","Abudefduf",NA,"Eukaryota","Chordata","Actinopteri",NA,"Pomacentridae","Abudefduf",NA,"genus","Abudefduf"
"MiFish_0000172",213,NA,"None",0,"agccgcggtaatacggggggggcaagcgttgttcggaattactgggcgtaaagcgcgcgtaggcggctcgtcaagtcagacgtgaaatccccgggcttaacccgggaactgcgtttgatactgttgagctagagtgtggaaggggctactagaattccgtgtgtagcggtgaaatgcgtagatatacggaggaacaccagcggcgaaggcgggtagctgggccaacactgacgctgaggcgcgaaagctagggtag",NA,NA,NA,NA,NA,NA,NA,NA,NA,0,NA,NA,NA,NA,NA,NA,NA,NA,NA,"local",FALSE,NA,NA,NA,NA,NA,NA,NA,NA,NA,NA,NA,NA,NA,NA,NA,NA,NA,NA,NA
"MiFish_0000173",3946,NA,"None",0,"caccgcggttatacgaggaacccaagttgttaatgcacggcgtaaagggtggttaagatgtacaacaaactaaagccgaacgctcacaaagctgttatacgcacccgagagtaagaagcccattcacgaaagtagctttacattgtctgaacccacgtaagctaagaca",NA,NA,NA,NA,NA,NA,NA,NA,NA,0,NA,NA,NA,NA,NA,NA,NA,NA,NA,"local",FALSE,NA,NA,NA,NA,NA,NA,NA,NA,NA,NA,NA,NA,NA,NA,NA,NA,NA,NA,NA
"MiFish_0000174",92,NA,"None",0,"agccgcggtaatacgtagggagcaagcgttgttcggatttactgggcgtaaagggcgcgtaggcggcgtgtcaagtcaattgtgaaatctccgggcttaactcggaacggccaattgatactgtcatgctagagtgcagaaagggcaatcggaattcttggtgtagcggtgaaatgcgtagatatcaagaggaacacctgaggcgaaggcgggttgctaggctgacactgacgctgaggcgcgaaagccaggggag",NA,NA,NA,NA,NA,NA,NA,NA,NA,0,NA,NA,NA,NA,NA,NA,NA,NA,NA,"local",FALSE,NA,NA,NA,NA,NA,NA,NA,NA,NA,NA,NA,NA,NA,NA,NA,NA,NA,NA,NA
"MiFish_0000175",96,NA,"None",0,"agccgcggtaagacgaaggtggcgagcgttgttcggaatcactgggcataaagcgcacgtaggcggcggcgtaagtcggatgtgaaatccctcggcctaaccgaggaactgcgtccgatactgcgttgcttggggaccaaaggggtgcatggaatttccggtggagcggtgaaatgcgttgatatcggaaggaacgtcggcggcgaaagcggtgcactggttggttaccgacgctgaggtgcgaaagccaggggag",NA,NA,NA,NA,NA,NA,NA,NA,NA,0,NA,NA,NA,NA,NA,NA,NA,NA,NA,"local",FALSE,NA,NA,NA,NA,NA,NA,NA,NA,NA,NA,NA,NA,NA,NA,NA,NA,NA,NA,NA
"MiFish_0000176",23,NA,"None",0,"agccgcggtcatacggaggatccaagcgttatccggaattactgggcgtaaagagttgcgtaggtggcattgtaagtagatagtgaaagcgtgtggctcaaccatactcacattatctaaactgcaaagctagagagtgagagaggtacctggaattccctgtgtaggagtgaaatccgtagatatagggaggaacaccgatggcgtaggcagggtactggctcatttctgacactaaggcacgaaagcgtggggag",NA,NA,NA,NA,NA,NA,NA,NA,NA,0,NA,NA,NA,NA,NA,NA,NA,NA,NA,"local",FALSE,NA,NA,NA,NA,NA,NA,NA,NA,NA,NA,NA,NA,NA,NA,NA,NA,NA,NA,NA
"MiFish_0000177",250,NA,"None",0,"agccgcggtaagacgaactgtgcaaacgttattcggaatcactgggcttgaagagtgcgtaggcggttttgtaagtagggtgtgaaagcccccggctcaaccggggaattgcgccctaaactgcaaggctggagtgaggtaggggtgtgtggaacttccagtggagcggtgaaatgtgttgatattggaaggaacgccggtggcgaaagcgacacactggaccttgtctgacgctgaggcacgaaagccaggggag",NA,NA,NA,NA,NA,NA,NA,NA,NA,0,NA,NA,NA,NA,NA,NA,NA,NA,NA,"local",FALSE,NA,NA,NA,NA,NA,NA,NA,NA,NA,NA,NA,NA,NA,NA,NA,NA,NA,NA,NA
"MiFish_0000178",31,NA,"None",0,"agccgcggtaatacgagaggtccaaacgttattcggaatcactgggcttacagagttcgtaggcggttctaaaagtggggtgtgaaagccctcggctcaaccgaggaactgcgctccaaactgtagaactagaggaagatagaggtgagcggaactgatggtggagcggtgaaatgcgttgatatcatcaggaacaccggaggcgaaggcggctcactgggtcttttctgacgctgaggaacgaaagctaggggag",NA,NA,NA,NA,NA,NA,NA,NA,NA,0,NA,NA,NA,NA,NA,NA,NA,NA,NA,"local",FALSE,NA,NA,NA,NA,NA,NA,NA,NA,NA,NA,NA,NA,NA,NA,NA,NA,NA,NA,NA
"MiFish_0000179",93,NA,"None",0,"agccgcggtaatacgggagatgcgagcgttgttcggaatcactgggcttaaagcgcgtgtaggcggctcggtaagtaccttgtgaaatcccacgtctcaaacgtggaactgcttggtgtactgccgtgctcgaggttggtagaggtgcctggaactctaggtggagcggtgaaatgcgtagatatctagaggaacgcccgtggcgaaagcggggcactgggccacacctgacgctgagacgcgaaagcgtggggag",NA,NA,NA,NA,NA,NA,NA,NA,NA,0,NA,NA,NA,NA,NA,NA,NA,NA,NA,"local",FALSE,NA,NA,NA,NA,NA,NA,NA,NA,NA,NA,NA,NA,NA,NA,NA,NA,NA,NA,NA
"MiFish_0000180",14,NA,"None",0,"agccgcggtaatacgtagggaccaagcgttgttcggatttactgggcgtaaagggtgcgtaggcggcgcgtcaagtcagctgtgaaatcttaaggcttaaccttaagcggtcaactgatactgtcgtgctagagtgcagaaggggcaatcggaattcttggtgtagcggtgaaatgcgtagatatcaagaggaacacctgaggtgaagacgggttgctgggctgacactgacgctgaggcacgaaagctagggtag",NA,NA,NA,NA,NA,NA,NA,NA,NA,0,NA,NA,NA,NA,NA,NA,NA,NA,NA,"local",FALSE,NA,NA,NA,NA,NA,NA,NA,NA,NA,NA,NA,NA,NA,NA,NA,NA,NA,NA,NA
"MiFish_0000181",56,NA,"None",0,"agccgcggtaatacggggggggcaagcgttgttcggaattactgggcgtaaagcgcgtgtaggcggcctttcaagtcaggcgtgaaagccctgggcttaacccaggaattgcgtttgatactgtaaggctagagtgtggaaggggctactggaattccgtgtgtagcggtgaaatgcgtagatatacggaggaacacctgcggcgaaggcgggtagctgggccaacactgacgctgagacgcgaaagctagggtag",NA,NA,NA,NA,NA,NA,NA,NA,NA,0,NA,NA,NA,NA,NA,NA,NA,NA,NA,"local",FALSE,NA,NA,NA,NA,NA,NA,NA,NA,NA,NA,NA,NA,NA,NA,NA,NA,NA,NA,NA
"MiFish_0000182",10,NA,"None",0,"agccgcggtaatacagaggtcccaagcgttgttcggatttactgggcgtaaagggtgcgtaggcggccaaaaaagtctgatgtgaaatctcggtgctcaactccgaaactgcattggatactagttggcttgaggaacgtaggggagactggaattctcggtgtagcagtgaaatgcgtagatatcgagaggaacaccagtggcgaaggcgagtctctggacgtttcctgacgctcaggcacgaaagccaagggag",NA,NA,NA,NA,NA,NA,NA,NA,NA,0,NA,NA,NA,NA,NA,NA,NA,NA,NA,"local",FALSE,NA,NA,NA,NA,NA,NA,NA,NA,NA,NA,NA,NA,NA,NA,NA,NA,NA,NA,NA
"MiFish_0000183",36,NA,"None",0,"agccgcggtaagacgaaccgtgcgaacgttgttcggaatcactgggcttaaagggcgcgtaggcgggctgtcaagtccggggtgaaagcctcccgcttaacgggagaagcgcctcggatactgatggcctcgaggagggtaggggcaagcggaactatgggtggagcggtgaaatgcattgatatccataggaactccggtggcgaaggcggcttgctggaccctttctgacgctgaggcgcgaaagccaggggag",NA,NA,NA,NA,NA,NA,NA,NA,NA,0,NA,NA,NA,NA,NA,NA,NA,NA,NA,"local",FALSE,NA,NA,NA,NA,NA,NA,NA,NA,NA,NA,NA,NA,NA,NA,NA,NA,NA,NA,NA
"MiFish_0000184",23,NA,"None",0,"agccgcggtaagacgaactgtcctaacgttgttcggaatcactgggcttaaagggcgcgtaggcggtccatcaagtcaggggtgaaatcctgcagcttaactgtagaagtgcctttgatactgatggtcttgagggaaataggggtgtgcggaacttccagtggagcggtgaaatgcgttgatattggaaggaacgccggaggcgaaagcggcgcactggatttcttctgacgctgaggcgcgaaagctaggggag",NA,NA,NA,NA,NA,NA,NA,NA,NA,0,NA,NA,NA,NA,NA,NA,NA,NA,NA,"local",FALSE,NA,NA,NA,NA,NA,NA,NA,NA,NA,NA,NA,NA,NA,NA,NA,NA,NA,NA,NA
"MiFish_0000185",89,NA,"None",0,"agccgcggtaatacgtagggaccaagcgttgttcggatttactgggcgtaaagggcgcgtaggcggcgtggtaagtcagctgtgaaatctccgagcttaactcggaacggtcagctgatactgctgtgctagagtacagaaagggcaatcggaattcttggtgtagcggtgaaatgcgtagatatcaagaggaacacctgaggcgaaggcgggttgctaggctgatactgacgctgaagcgcgaaagctagggtag",NA,NA,NA,NA,NA,NA,NA,NA,NA,0,NA,NA,NA,NA,NA,NA,NA,NA,NA,"local",FALSE,NA,NA,NA,NA,NA,NA,NA,NA,NA,NA,NA,NA,NA,NA,NA,NA,NA,NA,NA
"MiFish_0000186",111,NA,"None",0,"agccgcggtaatacgtagggaccaagcgttgttcggatttactgggcgtaaagggcgcgtaggcggcatgacaagtcacttgtgaaatctctgggcttaacccagaacggccaagtgatactgtcgcgctagagtgcagaaggggcaatcggaattcttggtgtagcggtgaaatgcgtagatatcaagaggaacacctgaggtgaagacgggttgctgggctgacactgacgctgaggcgcgaaagccaggggag",NA,NA,NA,NA,NA,NA,NA,NA,NA,0,NA,NA,NA,NA,NA,NA,NA,NA,NA,"local",FALSE,NA,NA,NA,NA,NA,NA,NA,NA,NA,NA,NA,NA,NA,NA,NA,NA,NA,NA,NA
"MiFish_0000187",26,NA,"None",0,"agccgcggtaatacgagaggtccaaacgttattcggaatcactgggcttacagagttcgtaggcggtacggaaagtggggtgtgaaagccctcggctcaaccgaggaactgcgctccaaactaccgtgctagaggaagatagaggtgagcagaactgatggtggagcggtgaaatgcgttgatatcatcaggaataccggaggcgaaggcggctcactgggtcttttctgacgctgaggaacgaaagctaggggag",NA,NA,NA,NA,NA,NA,NA,NA,NA,0,NA,NA,NA,NA,NA,NA,NA,NA,NA,"local",FALSE,NA,NA,NA,NA,NA,NA,NA,NA,NA,NA,NA,NA,NA,NA,NA,NA,NA,NA,NA
"MiFish_0000188",21,NA,"None",0,"agccgcggtaagacgaaccgtgcgaacgttattcggaatcactgggcttaaagcgcgtgtaggtggtttggcacgtctgtcgctgaaatcccacggctcaaccgtggaactggcgtggatacgaccagacttgagggatgtagggggatcgggaacttccggtggagcggtgaaatgcgttgagatcggaaggaacgcccgtggcgaaagcgcggtcctggacatttcctgacactgagacgcgaaagctaggggag",NA,NA,NA,NA,NA,NA,NA,NA,NA,0,NA,NA,NA,NA,NA,NA,NA,NA,NA,"local",FALSE,NA,NA,NA,NA,NA,NA,NA,NA,NA,NA,NA,NA,NA,NA,NA,NA,NA,NA,NA
"MiFish_0000189",14,NA,"None",0,"agccgcggtaagacgaactgtgcgaacgttattcggaatcactgggcttaaagggtgcgtaggcggctacttaagtagggtgtgaaagcccccggctcaaccggggaattgcgctctaaactaggtagctagagtgagacaggggtgtgcggaacttccggtggagcggtgaaatgtgttgagatcggaaggaacgccggtggcgaaagcggcacactgggtctacactgacgctgaggcacgaaagccaggggag",NA,NA,NA,NA,NA,NA,NA,NA,NA,0,NA,NA,NA,NA,NA,NA,NA,NA,NA,"local",FALSE,NA,NA,NA,NA,NA,NA,NA,NA,NA,NA,NA,NA,NA,NA,NA,NA,NA,NA,NA
"MiFish_0000190",44,NA,"None",0,"agccgcggtaatacgtagggaccaagcgttgttcggatttactgggcgtaaagggcgcgtaggcggcatgttaagtcagctgtgaaatctccgagcttaactcggaacggtcagctgatactgatgtgctagagtgcagaaggggcaatcggaattcttggtgtagcggtgaaatgcgtagatatcaagaggaacacctgaggtgaagacgggttgctgggctgacactgacgctgaggcgcgaaagctagggtag",NA,NA,NA,NA,NA,NA,NA,NA,NA,0,NA,NA,NA,NA,NA,NA,NA,NA,NA,"local",FALSE,NA,NA,NA,NA,NA,NA,NA,NA,NA,NA,NA,NA,NA,NA,NA,NA,NA,NA,NA
"MiFish_0000191",12,NA,"None",0,"agccgcggtaatacggggggggcaagcgttgttcggaattactgggcgtaaagggcgtgtaggcggcaaggaaagtcagatgtgaaatctcggggcttaacctcgaaactgcacctgatacttccatgctctgagtgcggaagaggcaaccggaattcctggtgtagcggtgaaatgcgtagatatcaggaggaactccagtggcgaaggcgggttgctgggccgacactgacgctgaggcgcgaaagctaggggag",NA,NA,NA,NA,NA,NA,NA,NA,NA,0,NA,NA,NA,NA,NA,NA,NA,NA,NA,"local",FALSE,NA,NA,NA,NA,NA,NA,NA,NA,NA,NA,NA,NA,NA,NA,NA,NA,NA,NA,NA
"MiFish_0000192",16,NA,"None",0,"agccgcggtaagacgaaccgtccaaacgttattcggaatcactgggcttaaagggcgcgtaggcggccgagcgggtcgtgggtgaaatcccccagcttaactggggaactgcccttgataccactgcggctcgaggaaggaaggggcaattggaactgtcggtggagcggtgaaatgcgttgatatcgacaggaacgccggtggcgaaagcgaattgctggtccttttctgacgctgaggcgcgaaagccaggggag",NA,NA,NA,NA,NA,NA,NA,NA,NA,0,NA,NA,NA,NA,NA,NA,NA,NA,NA,"local",FALSE,NA,NA,NA,NA,NA,NA,NA,NA,NA,NA,NA,NA,NA,NA,NA,NA,NA,NA,NA
"MiFish_0000193",42,NA,"None",0,"agccgcggtaagacgaactgtcctaacgttgttcggaatcactgggcttaaagggcgcgtaggcggtccgacaagtcaggggtgaaatcctgcagcttaactgtagaagtgcctctgatactgtcggtcttgagggaaataggggtgtgcggaacttccagtggagcggtgaaatgcgttgatattggaaggaacgccggaggcgaaagcggcgcactggatttcttctgacgctgaggcgcgaaagctaggggag",NA,NA,NA,NA,NA,NA,NA,NA,NA,0,NA,NA,NA,NA,NA,NA,NA,NA,NA,"local",FALSE,NA,NA,NA,NA,NA,NA,NA,NA,NA,NA,NA,NA,NA,NA,NA,NA,NA,NA,NA
"MiFish_0000194",26,NA,"None",0,"agccgcggtaagacgaaccgtcctaacgttgttcggaatcactgggcttaaagggcgcgtaggcgggccatcaagtccggggtgaaatacttcggcttaaccggagaattgccttggatactggtggtctagagggaggtaggggtctgtggaacttccggtggagcggtgaaatgcgttgatatcggaaggaacgccggtggcgaaagcgacggactggacctcttctgacgctgaggcgcgaaagccaggggag",NA,NA,NA,NA,NA,NA,NA,NA,NA,0,NA,NA,NA,NA,NA,NA,NA,NA,NA,"local",FALSE,NA,NA,NA,NA,NA,NA,NA,NA,NA,NA,NA,NA,NA,NA,NA,NA,NA,NA,NA
"MiFish_0000195",34,NA,"None",0,"agccgcggtaatacgtagggaccaagcgttgttcggatttactgggcgtaaagggcgcgtaggcggcatgttaagtcagctgtgaaatctccgagcttaactcggaacggtcagctgatactgatgtgctagagtgcagaaagggcaatcggaattcttggtgtagcggtgaaatgcgtagatatcaagaggaacacctgaggtgaagacgggttgctgggctgacactgacgctgaggcgcgaaagctagggtag",NA,NA,NA,NA,NA,NA,NA,NA,NA,0,NA,NA,NA,NA,NA,NA,NA,NA,NA,"local",FALSE,NA,NA,NA,NA,NA,NA,NA,NA,NA,NA,NA,NA,NA,NA,NA,NA,NA,NA,NA
"MiFish_0000196",15,NA,"None",0,"agccgcggtaagacgaaccgtgcgaacgttgttcggaatcactgggcttaaagggcgcgtaggcggttcatcaagtcaggggtgaaatctttcggctcaaccggaaaagtgcccctgatactgatgatctcgagggaggtaggggtccgcggaacttctggtggagcggtgaaatgcgttgatatcagaaggaacgccggtggcgaaagcggcggactggatctcttctgacgctgaggcgcgaaagccaggggag",NA,NA,NA,NA,NA,NA,NA,NA,NA,0,NA,NA,NA,NA,NA,NA,NA,NA,NA,"local",FALSE,NA,NA,NA,NA,NA,NA,NA,NA,NA,NA,NA,NA,NA,NA,NA,NA,NA,NA,NA
"MiFish_0000197",14,NA,"None",0,"agccgcggtaatacgtagggaccaagcgttgttcggatttactgggcgtaaagggcgcgtaggcggcaattcaagtcagctgtgaaatctccgggcttaactcggaacggtcagctgatactgctttgctagagtgcagaaggggcaatcggaattcttggtgtagcggtgaaatgcgtagatatcaagaggaacacctgaggtgaagacgggttgctgggctgacactgacgctgaggcgcgaaagctagggtag",NA,NA,NA,NA,NA,NA,NA,NA,NA,0,NA,NA,NA,NA,NA,NA,NA,NA,NA,"local",FALSE,NA,NA,NA,NA,NA,NA,NA,NA,NA,NA,NA,NA,NA,NA,NA,NA,NA,NA,NA
"MiFish_0000198",18,NA,"None",0,"agccgcggtaatacggggggggcaagcgttgttcggaattactgggcgtaaagcgcgtgtaggcggctctttaagtcagacgtgaaagccctaggcttaacctaggaattgcgtttgatactgtagggctagagtgtggaaggggctactggaattccgtgtgtagcggtgaaatgcgtagatatacggaggaacacctgcggcgaaggcgggtagctgggccaacactgacgctgagacgcgaaagctaggggag",NA,NA,NA,NA,NA,NA,NA,NA,NA,0,NA,NA,NA,NA,NA,NA,NA,NA,NA,"local",FALSE,NA,NA,NA,NA,NA,NA,NA,NA,NA,NA,NA,NA,NA,NA,NA,NA,NA,NA,NA
"MiFish_0000199",3157,"['MW232430', 'MW232431', 'OP537847', 'OU343215', 'OU607616', 'GU256525', 'GU256528', 'JN086150', 'JN086152', 'JN086153', 'KM405517', 'KM588080', 'KP259550', 'KT724724', 'KU955343', 'KU955344', 'KY400011']","8234",1,"caccgcggttatacgagaggcccaagttgacagacaccggcgtaaagcgtggttaaggtacacgaaaactaaagccgaacaccttcagggcagttatacgcatccgaaggcacgaagccccaccacgaaagtggctttatgaaccctgaccccacgaaagctatgaca","[48169, 8236, 8240, 8241, 48168]","Thunnus","Eukaryota","Chordata","Actinopteri","Scombriformes","Scombridae","Thunnus",NA,100,"d:Eukaryota,p:Chordata,c:Actinopteri,o:Scombriformes,f:Scombridae,g:Thunnus,s:Thunnus_albacares","Eukaryota","Chordata","Actinopteri","Scombriformes","Scombridae","Thunnus","Thunnus albacares",100,"local",FALSE,100,"local","Thunnus albacares","Eukaryota","Chordata","Actinopteri","Scombriformes","Scombridae","Thunnus","Thunnus albacares","Eukaryota","Chordata","Actinopteri","Scombriformes","Scombridae","Thunnus","Thunnus albacares","species","Thunnus albacares"
"MiFish_0000200",6080,"['OL628870', 'OP035261', 'OP537848', 'AP012945', 'DQ854648', 'FJ374798']","1489872",1,"caccgcggttatacgagaggcccaagttgacagacatcggcgtaaagcgtggttaaggaaaatttaaactaaagccgaacaccttcagggcagttatacgcatccgaaggcacgaagccccaccacgaaagtggctttatgactcctgaccccacgaaagctatgaca","[13323, 141264]","Percomorphaceae","Eukaryota","Chordata","Actinopteri",NA,NA,NA,NA,100,"d:Eukaryota,p:Chordata,c:Actinopteri,o:Scombriformes,f:Scombridae,g:Acanthocybium,s:Acanthocybium_solandri","Eukaryota","Chordata","Actinopteri","Scombriformes","Scombridae","Acanthocybium","Acanthocybium solandri",100,"local",FALSE,100,"local","Acanthocybium solandri","Eukaryota","Chordata","Actinopteri","Scombriformes","Scombridae","Acanthocybium","Acanthocybium solandri","Eukaryota","Chordata","Actinopteri","Scombriformes","Scombridae","Acanthocybium","Acanthocybium solandri","species","Acanthocybium solandri"
"MiFish_0000201",11,NA,"None",0,"agccgcggtaatacgaaggtggcaagcgttactcggaattactgggcgtaaagcgtgtgtaggtgggaaactgtgtcaggggtgaaatcccggggcttaacctcggaattgcctttgaaactggttttcttgagtgtagtagaggatggtggaatttccagtgtagaggtgaaattcgtagatattggaaggaacatcggcggcgaaggcgaccatctggactattactgacactgagacacgaaagcgtggggag",NA,NA,NA,NA,NA,NA,NA,NA,NA,0,NA,NA,NA,NA,NA,NA,NA,NA,NA,"local",FALSE,NA,NA,NA,NA,NA,NA,NA,NA,NA,NA,NA,NA,NA,NA,NA,NA,NA,NA,NA
"MiFish_0000202",12,NA,"None",0,"agccgcggtaagacgaaccgtccaaacgttgttcggaatcactgggcttaaagggcgcgtaggcgggctgccaagtccggggtgaaatctttcggcttaaccggaaaatagccttggatactggtagtctcgagggaggcaggggccgttggaacttccggtggagcggtgaaatgcgttgatatcggaaggaacgccggtggcgaaagcgaacggctggtcctcttctgacgctgaggcgcgaaagccaggggag",NA,NA,NA,NA,NA,NA,NA,NA,NA,0,NA,NA,NA,NA,NA,NA,NA,NA,NA,"local",FALSE,NA,NA,NA,NA,NA,NA,NA,NA,NA,NA,NA,NA,NA,NA,NA,NA,NA,NA,NA
"MiFish_0000203",21,"['OL628870', 'OP035261', 'OP537848', 'AP012945', 'DQ854648', 'FJ374798']","1489872",0.994047619047619,"caccgcggttatacgagaggcccaagttgacagacatcggcgtaaagcgtggttaaggaaaatttaaactaaggccgaacaccttcagggcagttatacgcatccgaaggcacgaagccccaccacgaaagtggctttatgactcctgaccccacgaaagctatgaca","[13323, 141264]","Percomorphaceae","Eukaryota","Chordata","Actinopteri",NA,NA,NA,NA,99.4,"d:Eukaryota,p:Chordata,c:Actinopteri,o:Scombriformes,f:Scombridae,g:Acanthocybium,s:Acanthocybium_solandri","Eukaryota","Chordata","Actinopteri","Scombriformes","Scombridae","Acanthocybium","Acanthocybium solandri",99.4,"local",FALSE,99.4,"local","Acanthocybium solandri","Eukaryota","Chordata","Actinopteri","Scombriformes","Scombridae","Acanthocybium","Acanthocybium solandri","Eukaryota","Chordata","Actinopteri","Scombriformes","Scombridae","Acanthocybium","Acanthocybium solandri","species","Acanthocybium solandri"
"MiFish_0000204",13,NA,"None",0,"agccgcggtaagacgtaggaagcaagcgttgtccggaattactgggcgtaaagagctcgtaggcgggatcgtaagtcttagagtaaatctcacggctcaaccgtggggccttctgagatactgcgattcttgaggatgtcagaggaaagtagaattcccggtgtagcggtgaaatgcgtagatatcgggaggaataccagtggcgaaggcgactttctgggacattcctgacgctgaggagcgaaagcgtggggag",NA,NA,NA,NA,NA,NA,NA,NA,NA,0,NA,NA,NA,NA,NA,NA,NA,NA,NA,"local",FALSE,NA,NA,NA,NA,NA,NA,NA,NA,NA,NA,NA,NA,NA,NA,NA,NA,NA,NA,NA
"MiFish_0000205",35,NA,"None",0,"caccgcggtcatacgattaacccaaattaatagatccacggcgtaaagagtgtttaagaaaaaaaatcacaatagagttaaattataactaagctgtaaaaagccctagttaaaataaaataacccacgaaagtgactctaataatcctgacacacgatagctaggac",NA,NA,NA,NA,NA,NA,NA,NA,NA,0,NA,NA,NA,NA,NA,NA,NA,NA,NA,"local",FALSE,NA,NA,NA,NA,NA,NA,NA,NA,NA,NA,NA,NA,NA,NA,NA,NA,NA,NA,NA
"MiFish_0000206",1212,"['MW232422', 'MW232423', 'AP012946', 'KM651783']","8227",1,"caccgcggttatacgagaggcccaagttgacagacaccggcgtaaagcgtggttaaggtaaactaaaactaaagccgaataccttcagggcagttatacgcatccgaaggcacgaagccccaccacgaaagtggctttatgacccctgaccccacgaaagctatgaca","[8227]","Euthynnus affinis","Eukaryota","Chordata","Actinopteri","Scombriformes","Scombridae","Euthynnus","Euthynnus affinis",100,"d:Eukaryota,p:Chordata,c:Actinopteri,o:Scombriformes,f:Scombridae,g:Auxis,s:Auxis_rochei","Eukaryota","Chordata","Actinopteri","Scombriformes","Scombridae","Auxis","Auxis rochei",98.8,"global",TRUE,100,"global_lca_to_local","Scombridae","Eukaryota","Chordata","Actinopteri","Scombriformes","Scombridae",NA,NA,"Eukaryota","Chordata","Actinopteri","Scombriformes","Scombridae",NA,NA,"family","Scombridae"
"MiFish_0000207",15,"['OL628870', 'OP035261', 'OP537848', 'AP012945', 'DQ854648', 'FJ374798']","1489872",0.994047619047619,"caccgcggttatacgagaggcccaagttgacagacatcggcgtaaagcgtggttaaggaaaatttaaactaaagccgaacaccttcagggcagttatacgcatccgaaggcacgaagccccaccacgaaagtggctttatgactcctgaccccgcgaaagctatgaca","[13323, 141264]","Percomorphaceae","Eukaryota","Chordata","Actinopteri",NA,NA,NA,NA,99.4,"d:Eukaryota,p:Chordata,c:Actinopteri,o:Scombriformes,f:Scombridae,g:Acanthocybium,s:Acanthocybium_solandri","Eukaryota","Chordata","Actinopteri","Scombriformes","Scombridae","Acanthocybium","Acanthocybium solandri",99.4,"local",FALSE,99.4,"local","Acanthocybium solandri","Eukaryota","Chordata","Actinopteri","Scombriformes","Scombridae","Acanthocybium","Acanthocybium solandri","Eukaryota","Chordata","Actinopteri","Scombriformes","Scombridae","Acanthocybium","Acanthocybium solandri","species","Acanthocybium solandri"
"MiFish_0000208",12,NA,"None",0,"caccgcggtcatacgattaacccaaattaatagatccacggcgtaaagagtgtttaagaaaaaaaacaacaatagagttaaattataactaagctgtaaaaagccctagttaaaataaaataacccacgaaagtgactctaataatcctgacacacgatagctaggacc",NA,NA,NA,NA,NA,NA,NA,NA,NA,0,NA,NA,NA,NA,NA,NA,NA,NA,NA,"local",FALSE,NA,NA,NA,NA,NA,NA,NA,NA,NA,NA,NA,NA,NA,NA,NA,NA,NA,NA,NA
"MiFish_0000209",11,NA,"None",0,"caccgcggtcatacgattaacccaaattaatagatccacggcgtaaagagtgtttaagaaaaaaaaccacaatagagttaaattataactaagctgtaaaaagccctagttaaaataaaataacccacgaaagtgactctaataatcccgacacacgatagctaggacc",NA,NA,NA,NA,NA,NA,NA,NA,NA,0,NA,NA,NA,NA,NA,NA,NA,NA,NA,"local",FALSE,NA,NA,NA,NA,NA,NA,NA,NA,NA,NA,NA,NA,NA,NA,NA,NA,NA,NA,NA
"MiFish_0000210",10,NA,"None",0,"accgcggtcatacgattaacccaaattaatagatccacggcgtaaagagtgtttaagaaaaaaaaaccacaatagagttaaattataactaagctgtaaaaagccctagttaaaataaaataacccacgaaagtgactctaataatcctgacacacgatagctaggacc",NA,NA,NA,NA,NA,NA,NA,NA,NA,0,NA,NA,NA,NA,NA,NA,NA,NA,NA,"local",FALSE,NA,NA,NA,NA,NA,NA,NA,NA,NA,NA,NA,NA,NA,NA,NA,NA,NA,NA,NA
"MiFish_0000211",272,NA,"None",0,"agccgcggtcatacggaggatccaagcgttatccggaattactgggcgtaaagagttgcgtaggtggcattgtaagttggtagtgaaagcgttcggctcaaccgaatatccattaccaaaactgcaaagctagaggacgagagaggttattggaattcctagtgtaggagtgaaatccgtagatattaggaggaacaccgatggcgtaggcagataactggctcgttcctgacactaaggcacgaaagcgtgggtag",NA,NA,NA,NA,NA,NA,NA,NA,NA,0,NA,NA,NA,NA,NA,NA,NA,NA,NA,"local",FALSE,NA,NA,NA,NA,NA,NA,NA,NA,NA,NA,NA,NA,NA,NA,NA,NA,NA,NA,NA
"MiFish_0000212",12,NA,"None",0,"caccgcggtcatacgattaacccaaattaatagatccacggcgtaaagagtgtttaagaaaaaaaatcacaatagagttaaattataactaagctgtaaaaagccctagttaaaataaaataacccacgaaagtgactctaataatcctgacacacgatagccaggacc",NA,NA,NA,NA,NA,NA,NA,NA,NA,0,NA,NA,NA,NA,NA,NA,NA,NA,NA,"local",FALSE,NA,NA,NA,NA,NA,NA,NA,NA,NA,NA,NA,NA,NA,NA,NA,NA,NA,NA,NA
"MiFish_0000213",33,NA,"None",0,"caccgcggtcatacgattaacccaaattaatagatccacggcgtaaagagtgtttaaaaaaaaaatcacaatagagttaaattataactaagctgtaaaaagccctagttaaaataaaataacccacgaaagtgactctaataatcctgacacacgatagctaggacc",NA,NA,NA,NA,NA,NA,NA,NA,NA,0,NA,NA,NA,NA,NA,NA,NA,NA,NA,"local",FALSE,NA,NA,NA,NA,NA,NA,NA,NA,NA,NA,NA,NA,NA,NA,NA,NA,NA,NA,NA
"MiFish_0000214",21,NA,"None",0,"caccgcggtcatacgattaacccaaattaatagatccacggcgtaaagagtgtttaaaaaaaaaaaatcacaatagagttaaattataactaagctgtaaaaagccctagttaaaataaaataacccacgaaagtgactctaataatcctgacacacgatagctaggacc",NA,NA,NA,NA,NA,NA,NA,NA,NA,0,NA,NA,NA,NA,NA,NA,NA,NA,NA,"local",FALSE,NA,NA,NA,NA,NA,NA,NA,NA,NA,NA,NA,NA,NA,NA,NA,NA,NA,NA,NA
"MiFish_0000215",4205,"['MT259025', 'OL702710']","531323",0.982248520710059,"caccgcggttatacgagaggcccgagctgataattgccggcgtaaagagtggttaagatcaaataaaaactaaagccaaaagccctcacagctgttatacgcactcgagggtaggaagcccaactacgaaagtggctttacaacatctgaacccacgaaagctagggta","[531323]","Anisotremus scapularis","Eukaryota","Chordata","Actinopteri","Lutjaniformes","Haemulidae","Anisotremus","Anisotremus scapularis",98.2,NA,NA,NA,NA,NA,NA,NA,NA,NA,"global",FALSE,98.2,"global","Anisotremus scapularis","Eukaryota","Chordata","Actinopteri","Lutjaniformes","Haemulidae","Anisotremus","Anisotremus scapularis","Eukaryota","Chordata","Actinopteri","Lutjaniformes","Haemulidae","Anisotremus","Anisotremus scapularis","species","Anisotremus scapularis"
"MiFish_0000216",62411,NA,"None",0,"caccgcggttatacgagaggcccaagttgataagcccggcgtaaagagtggttatggatgaaccccacactaaagctaaagaccccctaggctgttatacgcacctgggggctcgaaccacctatacgaaagtagctttactcccttccaccagaacccacgacagctggggca",NA,NA,NA,NA,NA,NA,NA,NA,NA,0,NA,NA,NA,NA,NA,NA,NA,NA,NA,"local",FALSE,NA,NA,NA,NA,NA,NA,NA,NA,NA,NA,NA,NA,NA,NA,NA,NA,NA,NA,NA
"MiFish_0000217",4054,NA,"None",0,"caccgcggttatacgagaggtccaagtcgatagctgccggcgtaaagcgtggttaaggcctaaatttttactaaagtcgaaccccttcaagaccgtttaacgtgttcgactgggagaagctcagcaacgaaagtgactttaaattacctgaccccacgaaagctaagaca",NA,NA,NA,NA,NA,NA,NA,NA,NA,0,NA,NA,NA,NA,NA,NA,NA,NA,NA,"local",FALSE,NA,NA,NA,NA,NA,NA,NA,NA,NA,NA,NA,NA,NA,NA,NA,NA,NA,NA,NA
"MiFish_0000218",21313,"['MW630164']","334415",0.952662721893491,"caccgcggttatacgagaggcccaagctgataattatcggcgtaaagagtggttaagattaattgaagactaaagccgaaaacccccatagctgttatacgcacccgggggaaagaagcccaattacgaaagtggctttacaacatctgaacccacgaaagctagggca","[334415]","Haemulon plumierii","Eukaryota","Chordata","Actinopteri","Lutjaniformes","Haemulidae","Haemulon","Haemulon plumierii",95.3,NA,NA,NA,NA,NA,NA,NA,NA,NA,"global",FALSE,95.3,"global","Haemulon plumierii","Eukaryota","Chordata","Actinopteri","Lutjaniformes","Haemulidae","Haemulon","Haemulon plumierii","Eukaryota","Chordata","Actinopteri","Lutjaniformes","Haemulidae","Haemulon",NA,"genus","Haemulon"
"MiFish_0000219",25351,"['AP011915']","168377",0.994117647058824,"caccgcggttatacgagaggtccaagttgttagccctcggcgtaaagagtggttaaagtaaaaaacaaaactgaggtcgaacatcttcaaggcagttatacgctcccgaggatatgaagcacaatcacgaaagtagcctcaccctgcttgaacccacgaaagctaggaca","[168377]","Sphoeroides annulatus","Eukaryota","Chordata","Actinopteri","Tetraodontiformes","Tetraodontidae","Sphoeroides","Sphoeroides annulatus",99.4,NA,NA,NA,NA,NA,NA,NA,NA,NA,"global",FALSE,99.4,"global","Sphoeroides annulatus","Eukaryota","Chordata","Actinopteri","Tetraodontiformes","Tetraodontidae","Sphoeroides","Sphoeroides annulatus","Eukaryota","Chordata","Actinopteri","Tetraodontiformes","Tetraodontidae","Sphoeroides","Sphoeroides annulatus","species","Sphoeroides annulatus"
"MiFish_0000220",154,NA,"None",0,"caccgcggttatacgagaggcccaagttgataagcccggcgtaaagagtggttatggatgaactccacactaaagctaaagaccccctaggctgttatacgcacctgggggctcgaaccacctatacgaaagtagctttactcccttccaccagaacccacgacagctggggca",NA,NA,NA,NA,NA,NA,NA,NA,NA,0,NA,NA,NA,NA,NA,NA,NA,NA,NA,"local",FALSE,NA,NA,NA,NA,NA,NA,NA,NA,NA,NA,NA,NA,NA,NA,NA,NA,NA,NA,NA
"MiFish_0000221",2363,"['KT619054']","1167616",0.970414201183432,"taccgcggttatacgagaggcccaagttgacaggctccggcgtaaagcgtggttaaggaacaacaaatactaaagccgaacgcttactaggctgttatacgcttacgaaagtaagaagcacatccacgaaggtggctttactccacctgaacccacgaaagccaagaca","[1167616]","Epinephelus bontoides","Eukaryota","Chordata","Actinopteri","Perciformes","Serranidae","Epinephelus","Epinephelus bontoides",97,"d:Eukaryota,p:Chordata,c:Actinopteri,o:Perciformes,f:Serranidae,g:Epinephelus,s:Epinephelus_merra","Eukaryota","Chordata","Actinopteri","Perciformes","Serranidae","Epinephelus","Epinephelus merra",95.9,"global",TRUE,97,"global_lca_to_local","Epinephelus","Eukaryota","Chordata","Actinopteri","Perciformes","Serranidae","Epinephelus",NA,"Eukaryota","Chordata","Actinopteri","Perciformes","Serranidae","Epinephelus",NA,"genus","Epinephelus"
"MiFish_0000222",24968,"['KF374975']","48194",1,"caccgcggttatacgagaggcccaagttgatagacaccggcgcaaagagtggttaggtaacttaataaactaaagccgaacgcccccaaggctgttatacgtgctcggaggtatgaagcccaactacgaaagtggctttaactatatctgaacccacgaaagctgtgaaa","[48194]","Mugil curema","Eukaryota","Chordata","Actinopteri","Mugiliformes","Mugilidae","Mugil","Mugil curema",100,"d:Eukaryota,p:Chordata,c:Actinopteri,o:Mugiliformes,f:Mugilidae,g:Mugil,s:Mugil_thoburni","Eukaryota","Chordata","Actinopteri","Mugiliformes","Mugilidae","Mugil","Mugil thoburni",98.8,"global",TRUE,100,"global_lca_to_local","Mugil","Eukaryota","Chordata","Actinopteri","Mugiliformes","Mugilidae","Mugil",NA,"Eukaryota","Chordata","Actinopteri","Mugiliformes","Mugilidae","Mugil",NA,"genus","Mugil"
"MiFish_0000223",41840,"['OP537870', 'OP537871']","332418",0.97093023255814,"caccgcggttatacgagtaggcccaagtcgatagcttccggcgtaaagcgtggttaaggcctaaatctaaactaaagttgaactccttcaagcaagtgaaatgatcatcgataaggagaagcccacctacgaaagtgactttacttaacctgaccccacgaaagctaaggca","[332418]","Eucinostomus melanopterus","Eukaryota","Chordata","Actinopteri","Gerreiformes","Gerreidae","Eucinostomus","Eucinostomus melanopterus",97.1,NA,NA,NA,NA,NA,NA,NA,NA,NA,"global",FALSE,97.1,"global","Eucinostomus melanopterus","Eukaryota","Chordata","Actinopteri","Gerreiformes","Gerreidae","Eucinostomus","Eucinostomus melanopterus","Eukaryota","Chordata","Actinopteri","Gerreiformes","Gerreidae","Eucinostomus",NA,"genus","Eucinostomus"
"MiFish_0000224",8116,NA,"None",0,"caccgcggttatacgagaggcccaagttgataagcccggcgtaaagagtggttatggatgaaccccacactaaagctaaagaccccctaggctgttatacgcacctggaggctcgaaccacctatacgaaagtagctttactcccttccaccagaacccacgacagctggggca",NA,NA,NA,NA,NA,NA,NA,NA,NA,0,NA,NA,NA,NA,NA,NA,NA,NA,NA,"local",FALSE,NA,NA,NA,NA,NA,NA,NA,NA,NA,NA,NA,NA,NA,NA,NA,NA,NA,NA,NA
"MiFish_0000225",110,NA,"None",0,"cgccgcggttatacgagtaggctcaagcggatagaacgcggcgtaaagcgtggttaatagaatcttatactaaagccgaacgccctcaaagcagttatacgcattcgaaggtatgaagccccacgacgaaagtggctttaaacactatgattccacgaaagctagggaa",NA,NA,NA,NA,NA,NA,NA,NA,NA,0,NA,NA,NA,NA,NA,NA,NA,NA,NA,"local",FALSE,NA,NA,NA,NA,NA,NA,NA,NA,NA,NA,NA,NA,NA,NA,NA,NA,NA,NA,NA
"MiFish_0000226",124,NA,"None",0,"caccgcggttatacgagaggcccaagctgataattatcggcgtaaagagtggttaagattaattgaagactaaagccgaaaacccccatagctgttatacgcacccgggggaaagaagcccaattacgaaagtggctttacaacatctgagcccacgaaagctagggca",NA,NA,NA,NA,NA,NA,NA,NA,NA,0,NA,NA,NA,NA,NA,NA,NA,NA,NA,"local",FALSE,NA,NA,NA,NA,NA,NA,NA,NA,NA,NA,NA,NA,NA,NA,NA,NA,NA,NA,NA
"MiFish_0000227",52,"['OP035266', 'OP154146', 'OP404806']","173312",0.994082840236686,"caccgcggttatacgagaggctcaagttgacagataacggcgtaaagcgtggttaaggaaaacatacaactaaagcggaacctcctcctagctgttatacgcttccgaggaagtgaactccaactacgaaagtggctttacctaacctgaacccacgaaagctaagaaa","[173312]","Caranx hippos","Eukaryota","Chordata","Actinopteri","Carangiformes","Carangidae","Caranx","Caranx hippos",99.4,"d:Eukaryota,p:Chordata,c:Actinopteri,o:Carangiformes,f:Carangidae,g:Caranx,s:Caranx_hippos","Eukaryota","Chordata","Actinopteri","Carangiformes","Carangidae","Caranx","Caranx hippos",99.4,"local",FALSE,99.4,"local","Caranx hippos","Eukaryota","Chordata","Actinopteri","Carangiformes","Carangidae","Caranx","Caranx hippos","Eukaryota","Chordata","Actinopteri","Carangiformes","Carangidae","Caranx","Caranx hippos","species","Caranx hippos"
"MiFish_0000228",110,NA,"None",0,"caccgcggttatacgaggggcccgagtcgacagccaccggcgtaaagagtggttagggtaaaatttaaactaaagccaaactcctattaagttcgtctaatgttaattaaaagggagaggcccaactacgaaagtggctttaactatatctgaacccacgaaagctgtgaaa",NA,NA,NA,NA,NA,NA,NA,NA,NA,0,NA,NA,NA,NA,NA,NA,NA,NA,NA,"local",FALSE,NA,NA,NA,NA,NA,NA,NA,NA,NA,NA,NA,NA,NA,NA,NA,NA,NA,NA,NA
"MiFish_0000229",99,"['JX242934']","1232744",0.982248520710059,"aaccgcggttatacgagaggcccaaattgacgcaccacggcgtaaagtgtgattagagacaaacaagaactagggccgaacgcccctcatgctgtcatacgcaacggaggacacgaagcccaccaacgaaagtggccctatagaccttgaactcacgacagctaaggta","[1232744]","Muraena lentiginosa","Eukaryota","Chordata","Actinopteri","Anguilliformes","Muraenidae","Muraena","Muraena lentiginosa",98.2,NA,NA,NA,NA,NA,NA,NA,NA,NA,"global",FALSE,98.2,"global","Muraena lentiginosa","Eukaryota","Chordata","Actinopteri","Anguilliformes","Muraenidae","Muraena","Muraena lentiginosa","Eukaryota","Chordata","Actinopteri","Anguilliformes","Muraenidae","Muraena","Muraena lentiginosa","species","Muraena lentiginosa"
"MiFish_0000230",1029,NA,"None",0,"caccgcggttatacgagtaggctcaagtggatagaacgcggcgtaaagcgtggttaatagaatcttatactaaagccgaacgccctcaaagcagttatacgcattcgaaggtatgaagccccacgacgaaagtggctttaaacactatgattccacgaaagctagggaa",NA,NA,NA,NA,NA,NA,NA,NA,NA,0,NA,NA,NA,NA,NA,NA,NA,NA,NA,"local",FALSE,NA,NA,NA,NA,NA,NA,NA,NA,NA,NA,NA,NA,NA,NA,NA,NA,NA,NA,NA
"MiFish_0000231",618,NA,"None",0,"taccgcggttatacgagaggctcaaattgatattctacggcgtaaagcgtgattaaggaagataaaaactaaagccgaacacccccttaactgttatacgttcaaagaggcacgaagccccacaacgaaagtagctttaaccataacctgaactcacgaaaattaagaaa",NA,NA,NA,NA,NA,NA,NA,NA,NA,0,NA,NA,NA,NA,NA,NA,NA,NA,NA,"local",FALSE,NA,NA,NA,NA,NA,NA,NA,NA,NA,NA,NA,NA,NA,NA,NA,NA,NA,NA,NA
"MiFish_0000232",203,NA,"None",0,"caccgcggttatacgaggggcccaagttgataagcccggcgtaaagagtggttatggatgaaccccacactaaagctaaagaccccctaggctgttatacgcacctgggggctcgaaccacctatacgaaagtagctttactcccttccaccagaacccacgacagctggggca",NA,NA,NA,NA,NA,NA,NA,NA,NA,0,NA,NA,NA,NA,NA,NA,NA,NA,NA,"local",FALSE,NA,NA,NA,NA,NA,NA,NA,NA,NA,NA,NA,NA,NA,NA,NA,NA,NA,NA,NA
"MiFish_0000233",382,NA,"None",0,"caccgcggttatacggggggcccaagttgatagaagccggcgtaaagggtggttaagagcaaatttaaaattagagccgaatgctttcctggctgttatacgcatccgaaagtaagaagtccaattacgaaagtagctttatataatctgaacccacgaaagctaagaca",NA,NA,NA,NA,NA,NA,NA,NA,NA,0,NA,NA,NA,NA,NA,NA,NA,NA,NA,"local",FALSE,NA,NA,NA,NA,NA,NA,NA,NA,NA,NA,NA,NA,NA,NA,NA,NA,NA,NA,NA
"MiFish_0000234",1250,"['LC645306']","398654",0.970238095238095,"caccgcggctatacgagaggcccaagttgatagcacccggcgtaaagagtggttatggaaaattattactaaagccgcacaccttcaaagctgtcatacgcatccgaagaatagaagccccatcacgaaagtagctttacaaaacctgaccccacgaaagctctggta","[398654]","Pontinus macrocephalus","Eukaryota","Chordata","Actinopteri","Perciformes","Scorpaenidae","Pontinus","Pontinus macrocephalus",97,NA,NA,NA,NA,NA,NA,NA,NA,NA,"global",FALSE,97,"global","Pontinus macrocephalus","Eukaryota","Chordata","Actinopteri","Perciformes","Scorpaenidae","Pontinus","Pontinus macrocephalus","Eukaryota","Chordata","Actinopteri","Perciformes","Scorpaenidae","Pontinus",NA,"genus","Pontinus"
"MiFish_0000235",38,"['AP011915']","168377",0.988235294117647,"caccgcggttatacgagaggtccaagttgttagccctcggcgtaaagagtggttaaagtaaaaaacaaaactgaggtcgaacatcttcaaggcagttatacgcccccgaggatatgaagcacaatcacgaaagtagcctcaccctgcttgaacccacgaaagctaggaca","[168377]","Sphoeroides annulatus","Eukaryota","Chordata","Actinopteri","Tetraodontiformes","Tetraodontidae","Sphoeroides","Sphoeroides annulatus",98.8,NA,NA,NA,NA,NA,NA,NA,NA,NA,"global",FALSE,98.8,"global","Sphoeroides annulatus","Eukaryota","Chordata","Actinopteri","Tetraodontiformes","Tetraodontidae","Sphoeroides","Sphoeroides annulatus","Eukaryota","Chordata","Actinopteri","Tetraodontiformes","Tetraodontidae","Sphoeroides","Sphoeroides annulatus","species","Sphoeroides annulatus"
"MiFish_0000236",884,NA,"None",0,"caccgcggttatacgagagactcaagctgacaatcaccggcgtaaagagtggttaatttaaccaaaaaataaagccgaacgcccccaaagttgtattacgcattcgggggtatgaagcccaatcacgaaagtggctttacactctttgaacccacgagagctagggaa",NA,NA,NA,NA,NA,NA,NA,NA,NA,0,NA,NA,NA,NA,NA,NA,NA,NA,NA,"local",FALSE,NA,NA,NA,NA,NA,NA,NA,NA,NA,NA,NA,NA,NA,NA,NA,NA,NA,NA,NA
"MiFish_0000237",814,"['OP537870', 'OP537871']","332418",0.976744186046512,"caccgcggttatacgagtaggcccaagtcgatagcttccggcgtaaagcgtggttaaggcctaaatctaaactaaagttgaactccttcaagcaagtgaaatgattatcgataaggagaagcccacctacgaaagtgactttacttaacctgaccccacgaaagctaaggca","[332418]","Eucinostomus melanopterus","Eukaryota","Chordata","Actinopteri","Gerreiformes","Gerreidae","Eucinostomus","Eucinostomus melanopterus",97.7,NA,NA,NA,NA,NA,NA,NA,NA,NA,"global",FALSE,97.7,"global","Eucinostomus melanopterus","Eukaryota","Chordata","Actinopteri","Gerreiformes","Gerreidae","Eucinostomus","Eucinostomus melanopterus","Eukaryota","Chordata","Actinopteri","Gerreiformes","Gerreidae","Eucinostomus",NA,"genus","Eucinostomus"
"MiFish_0000238",328,NA,"None",0,"caccgcggttatacgagaggcccgagttgataagcccggcgtaaagagtggttatggatgaaccccacactaaagctaaagaccccctaggctgttatacgcacctgggggctcgaaccacctatacgaaagtagctttactcccttccaccagaacccacgacagctggggca",NA,NA,NA,NA,NA,NA,NA,NA,NA,0,"d:Eukaryota,p:Chordata,c:Actinopteri,o:Clupeiformes,f:Clupeidae,g:Opisthonema,s:Opisthonema_oglinum","Eukaryota","Chordata","Actinopteri","Clupeiformes","Clupeidae","Opisthonema","Opisthonema oglinum",95.5,"local",FALSE,95.5,"local","Opisthonema oglinum","Eukaryota","Chordata","Actinopteri","Clupeiformes","Clupeidae","Opisthonema","Opisthonema oglinum","Eukaryota","Chordata","Actinopteri","Clupeiformes","Clupeidae","Opisthonema","Opisthonema oglinum","species","Opisthonema oglinum"
"MiFish_0000239",656,"['KF374976']","48193",0.994152046783626,"caccgcggttatacgaaagacccaagctgatagatgtcggcgtaaagagtggttaagtatcttgatagaactaaagccgaacgccctcaagaccgttatacgtttccgaaggtatgaagctcaactacgaaagtaactttaactataactgattccacgaaagctgcgaaa","[48193]","Mugil cephalus","Eukaryota","Chordata","Actinopteri","Mugiliformes","Mugilidae","Mugil","Mugil cephalus",99.4,"d:Eukaryota,p:Chordata,c:Actinopteri,o:Mugiliformes,f:Mugilidae,g:Mugil,s:Mugil_cephalus","Eukaryota","Chordata","Actinopteri","Mugiliformes","Mugilidae","Mugil","Mugil cephalus",99.4,"local",FALSE,99.4,"local","Mugil cephalus","Eukaryota","Chordata","Actinopteri","Mugiliformes","Mugilidae","Mugil","Mugil cephalus","Eukaryota","Chordata","Actinopteri","Mugiliformes","Mugilidae","Mugil","Mugil cephalus","species","Mugil cephalus"
"MiFish_0000240",162,NA,"None",0,"caccgcggttatacgagaggcccaagctgataattatcggcgtaaagagtggttaagattaattgaagactaaagccgaaaacccccatagctgttatacgcacccgggggaaagaagcccaattacgaaagtggctttacaacatctgaacccacgaaagctgagaca",NA,NA,NA,NA,NA,NA,NA,NA,NA,0,NA,NA,NA,NA,NA,NA,NA,NA,NA,"local",FALSE,NA,NA,NA,NA,NA,NA,NA,NA,NA,NA,NA,NA,NA,NA,NA,NA,NA,NA,NA
"MiFish_0000241",89,NA,"None",0,"caccgcggttatacgagaggctcaagctgacagacttcggcgtaaagagtggttaacgaaaaacaaactaaggcggaacaccctcacggcagttatacgcgcccgagggcaggaacctcctgtacgaaagtggccttaataccgtgaacccaccaaagctagggaa",NA,NA,NA,NA,NA,NA,NA,NA,NA,0,NA,NA,NA,NA,NA,NA,NA,NA,NA,"local",FALSE,NA,NA,NA,NA,NA,NA,NA,NA,NA,NA,NA,NA,NA,NA,NA,NA,NA,NA,NA
"MiFish_0000242",10,"['KF374976']","48193",0.953216374269006,"caccgcggttatacgaaagacccaagctgatagatgtcggcgtaaagagtggttaagtatcttgatagaactaaagccgaacgccctcaagaccgttatacgtttccgaaggtatgaagctcaactacgaaagtaactttaccaaacctgaccccacgaaagctgagaca","[48193]","Mugil cephalus","Eukaryota","Chordata","Actinopteri","Mugiliformes","Mugilidae","Mugil","Mugil cephalus",95.3,"d:Eukaryota,p:Chordata,c:Actinopteri,o:Mugiliformes,f:Mugilidae,g:Mugil,s:Mugil_cephalus","Eukaryota","Chordata","Actinopteri","Mugiliformes","Mugilidae","Mugil","Mugil cephalus",95.3,"local",FALSE,95.3,"local","Mugil cephalus","Eukaryota","Chordata","Actinopteri","Mugiliformes","Mugilidae","Mugil","Mugil cephalus","Eukaryota","Chordata","Actinopteri","Mugiliformes","Mugilidae","Mugil","Mugil cephalus","species","Mugil cephalus"
"MiFish_0000243",1332,NA,"None",0,"caccgcggttatacgagaggcccaagttgactagcactcggcgtaaagggtggttagaatatattgaaactaaagccgaacgccctcacgactgtcgtacgtttccgagggtgggaagacctactacgaaagtggctttattacctttgaccccacgaaagctgtgaga",NA,NA,NA,NA,NA,NA,NA,NA,NA,0,NA,NA,NA,NA,NA,NA,NA,NA,NA,"local",FALSE,NA,NA,NA,NA,NA,NA,NA,NA,NA,NA,NA,NA,NA,NA,NA,NA,NA,NA,NA
"MiFish_0000244",333,NA,"None",0,"caccgcggttatacgagaggcccaagttgataagcccggcgtaaagagtggttatggatgaaccccacactaaagctaaagaccccctaggctgttatacgcacctgggggctcgaaccacctatacgaaagtagctttactccctcccaccagaacccacgacagctggggca",NA,NA,NA,NA,NA,NA,NA,NA,NA,0,NA,NA,NA,NA,NA,NA,NA,NA,NA,"local",FALSE,NA,NA,NA,NA,NA,NA,NA,NA,NA,NA,NA,NA,NA,NA,NA,NA,NA,NA,NA
"MiFish_0000245",100,NA,"None",0,"caccgcggttatacgagaggcccaagttggtaagcccggcgtaaagagtggttatggatgaaccccacactaaagctaaagaccccctaggctgttatacgcacctgggggctcgaaccacctatacgaaagtagctttactcccttccaccagaacccacgacagctggggca",NA,NA,NA,NA,NA,NA,NA,NA,NA,0,NA,NA,NA,NA,NA,NA,NA,NA,NA,"local",FALSE,NA,NA,NA,NA,NA,NA,NA,NA,NA,NA,NA,NA,NA,NA,NA,NA,NA,NA,NA
"MiFish_0000246",64,NA,"None",0,"cgccgcggttatacgagaggcccaagctgataattatcggcgtaaagagtggttaagattaattgaagactaaagccgaaaacccccatagctgttatacgcacccgggggaaagaagcccaattacgaaagtggctttacaacatctgaacccacgaaagctagggca",NA,NA,NA,NA,NA,NA,NA,NA,NA,0,NA,NA,NA,NA,NA,NA,NA,NA,NA,"local",FALSE,NA,NA,NA,NA,NA,NA,NA,NA,NA,NA,NA,NA,NA,NA,NA,NA,NA,NA,NA
"MiFish_0000247",236,"['KF374976']","48193",0.988304093567252,"caccgcggttatacgagaggcccaagctgatagatgtcggcgtaaagagtggttaagtatcttgatagaactaaagccgaacgccctcaagaccgttatacgtttccgaaggtatgaagctcaactacgaaagtaactttaactatatctgattccacgaaagctgcgaaa","[48193]","Mugil cephalus","Eukaryota","Chordata","Actinopteri","Mugiliformes","Mugilidae","Mugil","Mugil cephalus",98.8,"d:Eukaryota,p:Chordata,c:Actinopteri,o:Mugiliformes,f:Mugilidae,g:Mugil,s:Mugil_cephalus","Eukaryota","Chordata","Actinopteri","Mugiliformes","Mugilidae","Mugil","Mugil cephalus",98.8,"local",FALSE,98.8,"local","Mugil cephalus","Eukaryota","Chordata","Actinopteri","Mugiliformes","Mugilidae","Mugil","Mugil cephalus","Eukaryota","Chordata","Actinopteri","Mugiliformes","Mugilidae","Mugil","Mugil cephalus","species","Mugil cephalus"
"MiFish_0000248",21,NA,"None",0,"caccgcggttatacgagtaggcccaagtcgatagcttccggcgtaaagcgtggttaaggcctaaatctaaactaaagttgaactccttcaagcaagtgaaatgatcatcgataaggagaggcccaactacgaaagtggctttaccaaacctgaccccacgaaagctgagaca",NA,NA,NA,NA,NA,NA,NA,NA,NA,0,NA,NA,NA,NA,NA,NA,NA,NA,NA,"local",FALSE,NA,NA,NA,NA,NA,NA,NA,NA,NA,NA,NA,NA,NA,NA,NA,NA,NA,NA,NA
"MiFish_0000249",1326,"['OP537884']","722433",0.952662721893491,"caccgcggttatacgagagacccaagctgatagtcaccggcgtaaagagtggttaagattaattatagactaaagccgaaagccctcacagctgttatacgcacccgagggtaagaagcccaactacgaaagtggctttacaacatccgaacccacgaaagctagggca","[722433]","Conodon nobilis","Eukaryota","Chordata","Actinopteri","Lutjaniformes","Haemulidae","Conodon","Conodon nobilis",95.3,NA,NA,NA,NA,NA,NA,NA,NA,NA,"global",FALSE,95.3,"global","Conodon nobilis","Eukaryota","Chordata","Actinopteri","Lutjaniformes","Haemulidae","Conodon","Conodon nobilis","Eukaryota","Chordata","Actinopteri","Lutjaniformes","Haemulidae",NA,NA,"family","Haemulidae"
"MiFish_0000250",194,NA,"None",0,"caccgcggttatacgagaggcccaagttgataagcccggcgtaaagagtggttatggatgaaccccacactaaagctaaagacccgctaggctgttatacgcacctgggggctcgaaccacctatacgaaagtagctttactcccttccaccagaacccacgacagctggggca",NA,NA,NA,NA,NA,NA,NA,NA,NA,0,NA,NA,NA,NA,NA,NA,NA,NA,NA,"local",FALSE,NA,NA,NA,NA,NA,NA,NA,NA,NA,NA,NA,NA,NA,NA,NA,NA,NA,NA,NA
"MiFish_0000251",948,NA,"None",0,"caccgcggttatacgagagactcaagctgacaatcaccggcgtaaagagtggttaatcttaccaaaaaataaagccgaacgcctccaaagttgtattacgcattcggaggtatgaagcccaattacgaaagtggctttacactctttgaacccacgagagctagggaa",NA,NA,NA,NA,NA,NA,NA,NA,NA,0,NA,NA,NA,NA,NA,NA,NA,NA,NA,"local",FALSE,NA,NA,NA,NA,NA,NA,NA,NA,NA,NA,NA,NA,NA,NA,NA,NA,NA,NA,NA
"MiFish_0000252",552,"['MT667240', 'DQ536426', 'MG570415', 'MG570429', 'MG570459']","336262",0.954285714285714,"caccgcggttatacgagaggcccaagttgataagcccggcgtaaagagtggttatggatgaaccccacactaaagctaaagaccccctaggctgttatacgcacctgggggctcgaaccacctatacgaaagtagctttacccccttccaccagaacccacgacagctggggca","[336262]","Dorosoma cepedianum","Eukaryota","Chordata","Actinopteri","Clupeiformes","Clupeidae","Dorosoma","Dorosoma cepedianum",95.4,"d:Eukaryota,p:Chordata,c:Actinopteri,o:Clupeiformes,f:Clupeidae,g:Opisthonema,s:Opisthonema_oglinum","Eukaryota","Chordata","Actinopteri","Clupeiformes","Clupeidae","Opisthonema","Opisthonema oglinum",95.5,"local",FALSE,95.5,"local","Opisthonema oglinum","Eukaryota","Chordata","Actinopteri","Clupeiformes","Clupeidae","Opisthonema","Opisthonema oglinum","Eukaryota","Chordata","Actinopteri","Clupeiformes","Clupeidae","Opisthonema","Opisthonema oglinum","species","Opisthonema oglinum"
"MiFish_0000253",34,NA,"None",0,"caccgcggttatacgagaggcccaagttgatagacaccggcgcaaagagtggttagggtaaaatttaaactaaagccaaactcctattaagttcgtctaatgttaattaaaagggagaggcccaactacgaaagtggctttaccaaacctgaccccacgaaagctgagaca",NA,NA,NA,NA,NA,NA,NA,NA,NA,0,NA,NA,NA,NA,NA,NA,NA,NA,NA,"local",FALSE,NA,NA,NA,NA,NA,NA,NA,NA,NA,NA,NA,NA,NA,NA,NA,NA,NA,NA,NA
"MiFish_0000254",12,NA,"None",0,"caccgcggttatacgagaggcccaagttgataagcccggcgtaaagagtggttaagattaattgaagactaaagccgaaaacccccatagctgttatacgcacccgggggaaagaagcccaattacgaaagtggctttacaacatctgaacccacgaaagctagggca",NA,NA,NA,NA,NA,NA,NA,NA,NA,0,NA,NA,NA,NA,NA,NA,NA,NA,NA,"local",FALSE,NA,NA,NA,NA,NA,NA,NA,NA,NA,NA,NA,NA,NA,NA,NA,NA,NA,NA,NA
"MiFish_0000255",31,NA,"None",0,"cgccgcggttatacgagtaggctcaagtggatagaacgcggcgtaaagcgtggttaatagaaccttatactaaagccgaacgccctcaaagcagttatacgcattcgaaggtatgaagccccacgacgaaagtggctttaaacactatgattccacgaaagctagggaa",NA,NA,NA,NA,NA,NA,NA,NA,NA,0,NA,NA,NA,NA,NA,NA,NA,NA,NA,"local",FALSE,NA,NA,NA,NA,NA,NA,NA,NA,NA,NA,NA,NA,NA,NA,NA,NA,NA,NA,NA
"MiFish_0000256",24,NA,"None",0,"caccgcggttatacgaaagacccaagctgatagatgtcggcgtaaagagtggttaagattaattgaagactaaagccgaaaacccccatagctgttatacgcacccgggggaaagaagcccaattacgaaagtggctttacaacatctgaacccacgaaagctagggca",NA,NA,NA,NA,NA,NA,NA,NA,NA,0,NA,NA,NA,NA,NA,NA,NA,NA,NA,"local",FALSE,NA,NA,NA,NA,NA,NA,NA,NA,NA,NA,NA,NA,NA,NA,NA,NA,NA,NA,NA
"MiFish_0000257",27,NA,"None",0,"caccgcggttatacgagtaggcccaagtcgatagcttccggcgtaaagcgtggttaaggcctaaatctaaactaaagttgaactccttcaagcaagtgaaatgatcatcgataaggagaagcccaactacgaaagtggctttaccaaacctgaccccacgaaagctgagaca",NA,NA,NA,NA,NA,NA,NA,NA,NA,0,NA,NA,NA,NA,NA,NA,NA,NA,NA,"local",FALSE,NA,NA,NA,NA,NA,NA,NA,NA,NA,NA,NA,NA,NA,NA,NA,NA,NA,NA,NA
"MiFish_0000258",11999,NA,"None",0,"caccgcggttatacgaaagacccaagctgatggtcaccggcgtaaagagtggttaagacagattataaactaaagccgaaagccatcacggctgtcatacgcatccgaaggtaagaagcccagttacgaaagtagctttacaacatctgaatccacgaaagctaggcca",NA,NA,NA,NA,NA,NA,NA,NA,NA,0,NA,NA,NA,NA,NA,NA,NA,NA,NA,"local",FALSE,NA,NA,NA,NA,NA,NA,NA,NA,NA,NA,NA,NA,NA,NA,NA,NA,NA,NA,NA
"MiFish_0000259",87,"['MW630254']","1350520",0.994285714285714,"caccgcggttatacgagaggctcaagttgacagacacggcgtaaagagtggttaggcaaccccctccctacacactaaagtcgaacgccctcagggcagttatacgcgctacgaaggtaagaagctcctccacgaaagtgactttaccccacctgactccacgaaagctgagata","[1350520]","Stegastes beebei","Eukaryota","Chordata","Actinopteri",NA,"Pomacentridae","Stegastes","Stegastes beebei",99.4,NA,NA,NA,NA,NA,NA,NA,NA,NA,"global",FALSE,99.4,"global","Stegastes beebei","Eukaryota","Chordata","Actinopteri",NA,"Pomacentridae","Stegastes","Stegastes beebei","Eukaryota","Chordata","Actinopteri",NA,"Pomacentridae","Stegastes","Stegastes beebei","species","Stegastes beebei"
"MiFish_0000260",82,NA,"None",0,"cgccgcggtaatacggagggtgcaagcgttaatcggaattactgggcgtaaagcgcgcgtaggcggttttttaagtcggatgtgaaagccccgggctcaacctgggaactgcatccgatactggatcactagaatgcgggagagggaggtagaattccatgtgtagcagtgaaatgcgtagatatatggaggaataccagtggcgaaggcggcctcctggctcgacattgacgctgaggtgcgaaagcgtggggag",NA,NA,NA,NA,NA,NA,NA,NA,NA,0,NA,NA,NA,NA,NA,NA,NA,NA,NA,"local",FALSE,NA,NA,NA,NA,NA,NA,NA,NA,NA,NA,NA,NA,NA,NA,NA,NA,NA,NA,NA
"MiFish_0000261",1315,"['OP035090', 'AP004445', 'KT805946', 'LC604983', 'LC605903', 'LC640048']","8158",1,"caccgcggttatacgagaggctcaagttgacagacaacggcgtaaagcgtggttaaggaaaatatgtaactaaagcggaacctcctcctagctgttatacgcttccgaggaagtgaaccccaactacgaaagtggctttatccaacctgaacccacgaaagctaagaaa","[173346, 181461, 990566]","Caranx","Eukaryota","Chordata","Actinopteri","Carangiformes","Carangidae","Caranx",NA,100,"d:Eukaryota,p:Chordata,c:Actinopteri,o:Carangiformes,f:Carangidae,g:Caranx,s:Caranx_melampygus","Eukaryota","Chordata","Actinopteri","Carangiformes","Carangidae","Caranx","Caranx melampygus",97.6,"global",TRUE,100,"global_lca_to_local","Caranx","Eukaryota","Chordata","Actinopteri","Carangiformes","Carangidae","Caranx",NA,"Eukaryota","Chordata","Actinopteri","Carangiformes","Carangidae","Caranx",NA,"genus","Caranx"
"MiFish_0000262",5555,"['MW630254']","1350520",1,"caccgcggttatacgagaggctcaagttgacagacacggcgtaaagagtggttaggcaaccccctccctacacactaaagtcgaacgccctcagggcagttatacgcgctacgaaggtaagaagctcctccacgaaagtgactttactccacctgactccacgaaagctgagata","[1350520]","Stegastes beebei","Eukaryota","Chordata","Actinopteri",NA,"Pomacentridae","Stegastes","Stegastes beebei",100,NA,NA,NA,NA,NA,NA,NA,NA,NA,"global",FALSE,100,"global","Stegastes beebei","Eukaryota","Chordata","Actinopteri",NA,"Pomacentridae","Stegastes","Stegastes beebei","Eukaryota","Chordata","Actinopteri",NA,"Pomacentridae","Stegastes","Stegastes beebei","species","Stegastes beebei"
"MiFish_0000263",16,"['KF374976']","48193",0.971098265895954,"caccgcggttatacgaaagacccaagctgatagatgtcggcgtaaagagtggttaagtatcttgatagaactaaagccgaacgccctcaagaccgttatacgtttccgaaggtatgaagctcaactacgaaagtaactttaactatatctgattccacgaaagctaaggca","[48193]","Mugil cephalus","Eukaryota","Chordata","Actinopteri","Mugiliformes","Mugilidae","Mugil","Mugil cephalus",97.1,"d:Eukaryota,p:Chordata,c:Actinopteri,o:Mugiliformes,f:Mugilidae,g:Mugil,s:Mugil_cephalus","Eukaryota","Chordata","Actinopteri","Mugiliformes","Mugilidae","Mugil","Mugil cephalus",97.7,"local",FALSE,97.7,"local","Mugil cephalus","Eukaryota","Chordata","Actinopteri","Mugiliformes","Mugilidae","Mugil","Mugil cephalus","Eukaryota","Chordata","Actinopteri","Mugiliformes","Mugilidae","Mugil","Mugil cephalus","species","Mugil cephalus"
"MiFish_0000264",862,"['KF374983', 'KF374984']","1229150",0.994117647058824,"caccgcggttatacgagaggcccaagctgatagacgccggcgcaaagagtggttaggtaacttaacaaactaaagccgaacgcccccaaggctgttatacgtgctcggaggtatgaagcccaactacgaaagtggctttaactatatctgaacccacgaaagctgtgaaa","[1229150]","Mugil thoburni","Eukaryota","Chordata","Actinopteri","Mugiliformes","Mugilidae","Mugil","Mugil thoburni",99.4,"d:Eukaryota,p:Chordata,c:Actinopteri,o:Mugiliformes,f:Mugilidae,g:Mugil,s:Mugil_thoburni","Eukaryota","Chordata","Actinopteri","Mugiliformes","Mugilidae","Mugil","Mugil thoburni",99.4,"local",FALSE,99.4,"local","Mugil thoburni","Eukaryota","Chordata","Actinopteri","Mugiliformes","Mugilidae","Mugil","Mugil thoburni","Eukaryota","Chordata","Actinopteri","Mugiliformes","Mugilidae","Mugil","Mugil thoburni","species","Mugil thoburni"
"MiFish_0000265",2884,"['KY815244']","1182146",1,"caccgcggttatacgagagacccaagttgataagaaccggcgtaaagagtggttatgaacaaccccaaaactaaagccaaatgcccccaaagctgttatacgcactcgggagccagaaacccaaccacgaaagtggctttatattgcctgaacccacgaaagctatgata","[1182146]","Bodianus diplotaenia","Eukaryota","Chordata","Actinopteri","Labriformes","Labridae","Bodianus","Bodianus diplotaenia",100,NA,NA,NA,NA,NA,NA,NA,NA,NA,"global",FALSE,100,"global","Bodianus diplotaenia","Eukaryota","Chordata","Actinopteri","Labriformes","Labridae","Bodianus","Bodianus diplotaenia","Eukaryota","Chordata","Actinopteri","Labriformes","Labridae","Bodianus","Bodianus diplotaenia","species","Bodianus diplotaenia"
"MiFish_0000266",55,"['KF374975']","48194",0.994117647058824,"caccgcggttatacgagaggcccaagttgatagacaccggcgcaaagagtggttaggtaacttaataaactaaagccgaacgcccccaaggctgttatacgtgctcggaggtatgaagcccagctacgaaagtggctttaactatatctgaacccacgaaagctgtgaaa","[48194]","Mugil curema","Eukaryota","Chordata","Actinopteri","Mugiliformes","Mugilidae","Mugil","Mugil curema",99.4,"d:Eukaryota,p:Chordata,c:Actinopteri,o:Mugiliformes,f:Mugilidae,g:Mugil,s:Mugil_thoburni","Eukaryota","Chordata","Actinopteri","Mugiliformes","Mugilidae","Mugil","Mugil thoburni",98.2,"global",TRUE,99.4,"global_lca_to_local","Mugil","Eukaryota","Chordata","Actinopteri","Mugiliformes","Mugilidae","Mugil",NA,"Eukaryota","Chordata","Actinopteri","Mugiliformes","Mugilidae","Mugil",NA,"genus","Mugil"
"MiFish_0000267",518,"['KF374983', 'KF374984']","1229150",0.994117647058824,"caccgcggttatacgagaggcccaagttgatagacgccggcgcaaagagtggttaggtaacttaacaaactaaagccgaacgcccccaaggctgttatacgtgctcggaggtatgaagcccaactacgaaagtggctttaaccatatctgaacccacgaaagctgtgaaa","[1229150]","Mugil thoburni","Eukaryota","Chordata","Actinopteri","Mugiliformes","Mugilidae","Mugil","Mugil thoburni",99.4,"d:Eukaryota,p:Chordata,c:Actinopteri,o:Mugiliformes,f:Mugilidae,g:Mugil,s:Mugil_thoburni","Eukaryota","Chordata","Actinopteri","Mugiliformes","Mugilidae","Mugil","Mugil thoburni",99.4,"local",FALSE,99.4,"local","Mugil thoburni","Eukaryota","Chordata","Actinopteri","Mugiliformes","Mugilidae","Mugil","Mugil thoburni","Eukaryota","Chordata","Actinopteri","Mugiliformes","Mugilidae","Mugil","Mugil thoburni","species","Mugil thoburni"
"MiFish_0000268",213,NA,"None",0,"caccgcggttatacgagaggcccaagttgataagcccggcgtaaagagtggttatggatgaaccccacactaaagctaaagaccccctaggctgttatacgcacctgggggctcgaaccacctatacgaaagtagctttactcccttccaccagagcccacgacagctggggca",NA,NA,NA,NA,NA,NA,NA,NA,NA,0,NA,NA,NA,NA,NA,NA,NA,NA,NA,"local",FALSE,NA,NA,NA,NA,NA,NA,NA,NA,NA,NA,NA,NA,NA,NA,NA,NA,NA,NA,NA
"MiFish_0000269",33,NA,"None",0,"caccgcggttatacgaaagacccaagctgatagatgtcggcgtaaagagtggttatggatgaaccccacactaaagctaaagaccccctaggctgttatacgcacctgggggctcgaaccacctatacgaaagtagctttactcccttccaccagaacccacgacagctggggca",NA,NA,NA,NA,NA,NA,NA,NA,NA,0,NA,NA,NA,NA,NA,NA,NA,NA,NA,"local",FALSE,NA,NA,NA,NA,NA,NA,NA,NA,NA,NA,NA,NA,NA,NA,NA,NA,NA,NA,NA
"MiFish_0000270",15,NA,"None",0,"caccgcggttatacgagaggcccaagttgatagacaccggcgtaaagagtggttagggtaaaatttaaactaaagccaaactcctattaagttcgtctaatgttaattaaaagggagaggcccaactacgaaagtggctttaccaaacctgaccccacgaaagctgagaca",NA,NA,NA,NA,NA,NA,NA,NA,NA,0,NA,NA,NA,NA,NA,NA,NA,NA,NA,"local",FALSE,NA,NA,NA,NA,NA,NA,NA,NA,NA,NA,NA,NA,NA,NA,NA,NA,NA,NA,NA
"MiFish_0000271",114,"['KF374975', 'KF374983', 'KF374984']","8190",0.958823529411765,"caccgcggttatacgaggggcccgagtcgacagccaccggcgtaaagagtggttaggtaacttaacaaactaaagccgaacgcccccaaggctgttatacgtgctcggaggtatgaagcccaactacgaaagtggctttaactatatctgaacccacgaaagctgtgaaa","[48194, 1229150]","Mugil","Eukaryota","Chordata","Actinopteri","Mugiliformes","Mugilidae","Mugil",NA,95.9,"d:Eukaryota,p:Chordata,c:Actinopteri,o:Mugiliformes,f:Mugilidae,g:Mugil,s:Mugil_thoburni","Eukaryota","Chordata","Actinopteri","Mugiliformes","Mugilidae","Mugil","Mugil thoburni",95.9,"local",FALSE,95.9,"local","Mugil thoburni","Eukaryota","Chordata","Actinopteri","Mugiliformes","Mugilidae","Mugil","Mugil thoburni","Eukaryota","Chordata","Actinopteri","Mugiliformes","Mugilidae","Mugil","Mugil thoburni","species","Mugil thoburni"
"MiFish_0000272",454,NA,"None",0,"caccgcggttatacgagtgactcaagttgatagatttcggcgtaaagcgtggctaagaagagattaaattaaagtcaaataccgttacagcagtgaaatgtttatgacggcaaagaagcccaatcacgaaagtggctttattatttctgattccacgaaagctagggca",NA,NA,NA,NA,NA,NA,NA,NA,NA,0,NA,NA,NA,NA,NA,NA,NA,NA,NA,"local",FALSE,NA,NA,NA,NA,NA,NA,NA,NA,NA,NA,NA,NA,NA,NA,NA,NA,NA,NA,NA
"MiFish_0000273",127,"['OP537870', 'OP537871']","332418",0.959302325581395,"caccgcggttatacgaggggcccgagtcgatagcttccggcgtaaagcgtggttaaggcctaaatctaaactaaagttgaactccttcaagcaagtgaaatgatcatcgataaggagaagcccacctacgaaagtgactttacttaacctgaccccacgaaagctaaggca","[332418]","Eucinostomus melanopterus","Eukaryota","Chordata","Actinopteri","Gerreiformes","Gerreidae","Eucinostomus","Eucinostomus melanopterus",95.9,NA,NA,NA,NA,NA,NA,NA,NA,NA,"global",FALSE,95.9,"global","Eucinostomus melanopterus","Eukaryota","Chordata","Actinopteri","Gerreiformes","Gerreidae","Eucinostomus","Eucinostomus melanopterus","Eukaryota","Chordata","Actinopteri","Gerreiformes","Gerreidae","Eucinostomus",NA,"genus","Eucinostomus"
"MiFish_0000274",40,NA,"None",0,"cgccgcggttatacgagtaggctcaagtggatagaacgcggcgtaaagcgtggttaatagaatcttatactaaagccgaacgccctcaaagcagttatacgcgttcgaaggtatgaagccccacgacgaaagtggctttaaacactatgattccacgaaagctagggaa",NA,NA,NA,NA,NA,NA,NA,NA,NA,0,NA,NA,NA,NA,NA,NA,NA,NA,NA,"local",FALSE,NA,NA,NA,NA,NA,NA,NA,NA,NA,NA,NA,NA,NA,NA,NA,NA,NA,NA,NA
"MiFish_0000275",5442,"['MW630158', 'EU601200', 'FJ449707']","242806",1,"caccgcggttatacgaaaggcccaagttgaaaaacattcggcgtaaagggtggctaagggcctattttaaactagagctgaatttcttcaaagctgttatacgctcatgaaaactagaaaatcaaccacgaaagtggctctaatctctcctgacaccacgaaagctatgaca","[242806]","Scarus ghobban","Eukaryota","Chordata","Actinopteri","Labriformes","Labridae","Scarus","Scarus ghobban",100,NA,NA,NA,NA,NA,NA,NA,NA,NA,"global",FALSE,100,"global","Scarus ghobban","Eukaryota","Chordata","Actinopteri","Labriformes","Labridae","Scarus","Scarus ghobban","Eukaryota","Chordata","Actinopteri","Labriformes","Labridae","Scarus","Scarus ghobban","species","Scarus ghobban"
"MiFish_0000276",45,NA,"None",0,"caccgcggttatacgaggggcccaagtcgacagccaccggcgtaaagagtggttagggtaaaatttaaactaaagccaaactcctattaagttcgtctaatgttaattaaaagggagaggcccaactacgaaagtggctttaccaaacctgaccccacgaaagctgaggca",NA,NA,NA,NA,NA,NA,NA,NA,NA,0,NA,NA,NA,NA,NA,NA,NA,NA,NA,"local",FALSE,NA,NA,NA,NA,NA,NA,NA,NA,NA,NA,NA,NA,NA,NA,NA,NA,NA,NA,NA
"MiFish_0000277",203,NA,"None",0,"caccgcggttatacgaaagacccaagctgatggtcaccggcgtaaagagtggttaagacagattatagactaaagccgaaagccatcacggctgtcatacgcatccgaaggtaagaagcccagttacgaaagtagctttacaacatctgaatccacgaaagctaggcca",NA,NA,NA,NA,NA,NA,NA,NA,NA,0,NA,NA,NA,NA,NA,NA,NA,NA,NA,"local",FALSE,NA,NA,NA,NA,NA,NA,NA,NA,NA,NA,NA,NA,NA,NA,NA,NA,NA,NA,NA
"MiFish_0000278",216,NA,"None",0,"caccgcggttatacgagaggcccaagttgataagcccggcgtaaagagtggttatggatgaaccccgcactaaagctaaagaccccctaggctgttatacgcacctgggggctcgaaccacctatacgaaagtagctttactcccttccaccagaacccacgacagctggggca",NA,NA,NA,NA,NA,NA,NA,NA,NA,0,NA,NA,NA,NA,NA,NA,NA,NA,NA,"local",FALSE,NA,NA,NA,NA,NA,NA,NA,NA,NA,NA,NA,NA,NA,NA,NA,NA,NA,NA,NA
"MiFish_0000279",21144,NA,"None",0,"agccgcggtaatacggagggtgcaagcgttaatcggaattactgggcgtaaagcgcgcgtaggcggttttttaagtcggatgtgaaagccccgggctcaacctgggaactgcatccgatactggatcactagaatgcgggagagggaggtagaattccatgtgtagcagtgaaatgcgtagatatatggaggaataccagtggcgaaggcggcctcctggctcgacattgacgctgaggtgcgaaagcgtggggag",NA,NA,NA,NA,NA,NA,NA,NA,NA,0,NA,NA,NA,NA,NA,NA,NA,NA,NA,"local",FALSE,NA,NA,NA,NA,NA,NA,NA,NA,NA,NA,NA,NA,NA,NA,NA,NA,NA,NA,NA
"MiFish_0000280",240,NA,"None",0,"caccgcggttatacgaaagacccaagctgatagatgtcggcgtaaagagtggttaagtatcttgatagaactaaagccgaacgcccccaaggctgttatacgtgctcggaggtatgaagcccaactacgaaagtggctttaactatatctgaacccacgaaagctgtgaaa",NA,NA,NA,NA,NA,NA,NA,NA,NA,0,NA,NA,NA,NA,NA,NA,NA,NA,NA,"local",FALSE,NA,NA,NA,NA,NA,NA,NA,NA,NA,NA,NA,NA,NA,NA,NA,NA,NA,NA,NA
"MiFish_0000281",68,"['AP011915']","168377",0.982456140350877,"caccgcggttatacgagaggtccaagttgttagccctcggcgtaaagagtggttaaagtaaaaaacaaaactgaggtcgaacatcttcaaggcagttatacgctcccgaggatatgaagcacaatcacgaaagtagcctcaccctgcttgaacccacgaaagctgagaca","[168377]","Sphoeroides annulatus","Eukaryota","Chordata","Actinopteri","Tetraodontiformes","Tetraodontidae","Sphoeroides","Sphoeroides annulatus",98.2,NA,NA,NA,NA,NA,NA,NA,NA,NA,"global",FALSE,98.2,"global","Sphoeroides annulatus","Eukaryota","Chordata","Actinopteri","Tetraodontiformes","Tetraodontidae","Sphoeroides","Sphoeroides annulatus","Eukaryota","Chordata","Actinopteri","Tetraodontiformes","Tetraodontidae","Sphoeroides","Sphoeroides annulatus","species","Sphoeroides annulatus"
"MiFish_0000282",450,NA,"None",0,"caccgcggttatacgaggggcccgagtcgacagccaccggcgtaaagagtggttaagtatcttgatagaactaaagccgaacgccctcaagaccgttatacgtttccgaaggtatgaagctcaactacgaaagtaactttaactatatctgattccacgaaagctgcgaaa",NA,NA,NA,NA,NA,NA,NA,NA,NA,0,NA,NA,NA,NA,NA,NA,NA,NA,NA,"local",FALSE,NA,NA,NA,NA,NA,NA,NA,NA,NA,NA,NA,NA,NA,NA,NA,NA,NA,NA,NA
"MiFish_0000283",170,NA,"None",0,"caccgcggttatacgaggggcccgagtcgacagccaccggcgtaaagcgtggttaaggcctaaatctaaactaaagttgaactccttcaagcaagtgaaatgatcatcgataaggagaagcccacctacgaaagtgactttacttaacctgaccccacgaaagctaaggca",NA,NA,NA,NA,NA,NA,NA,NA,NA,0,NA,NA,NA,NA,NA,NA,NA,NA,NA,"local",FALSE,NA,NA,NA,NA,NA,NA,NA,NA,NA,NA,NA,NA,NA,NA,NA,NA,NA,NA,NA
"MiFish_0000284",10,"['OP537870', 'OP537871']","332418",0.959302325581395,"caccgcggttatacgagaggtccaagtcgatagcttccggcgtaaagcgtggttaaggcctaaatctaaactaaagttgaactccttcaagcaagtgaaatgatcatcgataaggagaagcccacctacgaaagtgactttacttaacctgaccccacgaaagctaaggca","[332418]","Eucinostomus melanopterus","Eukaryota","Chordata","Actinopteri","Gerreiformes","Gerreidae","Eucinostomus","Eucinostomus melanopterus",95.9,NA,NA,NA,NA,NA,NA,NA,NA,NA,"global",FALSE,95.9,"global","Eucinostomus melanopterus","Eukaryota","Chordata","Actinopteri","Gerreiformes","Gerreidae","Eucinostomus","Eucinostomus melanopterus","Eukaryota","Chordata","Actinopteri","Gerreiformes","Gerreidae","Eucinostomus",NA,"genus","Eucinostomus"
"MiFish_0000285",36,"['KF374975']","48194",0.988235294117647,"caccgcggttatacgagaggcccaagttgatagacaccggcgcaaagagtggttaggtaacttaataaactaaagccgaacgcccccaaggctgttatacgtgctcggaggtatgaagcccaactacgaaagtggctttaactatatctgaacccacgaaagctgagaca","[48194]","Mugil curema","Eukaryota","Chordata","Actinopteri","Mugiliformes","Mugilidae","Mugil","Mugil curema",98.8,"d:Eukaryota,p:Chordata,c:Actinopteri,o:Mugiliformes,f:Mugilidae,g:Mugil,s:Mugil_thoburni","Eukaryota","Chordata","Actinopteri","Mugiliformes","Mugilidae","Mugil","Mugil thoburni",97.6,"global",TRUE,98.8,"global_lca_to_local","Mugil","Eukaryota","Chordata","Actinopteri","Mugiliformes","Mugilidae","Mugil",NA,"Eukaryota","Chordata","Actinopteri","Mugiliformes","Mugilidae","Mugil",NA,"genus","Mugil"
"MiFish_0000286",172,NA,"None",0,"cgccgcggttatacgagtaggctcaagtggatagaacgcggcgtaaagcgtggttaatagaatcttatactaaagccgaacgccctcaaagcagttatacgcattcgaaggtatgaagccccacgacgaaagtggctttaaacgctatgattccacgaaagctagggaa",NA,NA,NA,NA,NA,NA,NA,NA,NA,0,NA,NA,NA,NA,NA,NA,NA,NA,NA,"local",FALSE,NA,NA,NA,NA,NA,NA,NA,NA,NA,NA,NA,NA,NA,NA,NA,NA,NA,NA,NA
"MiFish_0000287",16,NA,"None",0,"caccgcggttatacgagaggcccaagctgataatcatcggcgtaaagggtggttagggtaaaatttaaactaaagccaaactcctattaagttcgtctaatgttaattaaaagggagaggcccaactacgaaagtggctttaccaaacctgaccccacgaaagctgagaca",NA,NA,NA,NA,NA,NA,NA,NA,NA,0,NA,NA,NA,NA,NA,NA,NA,NA,NA,"local",FALSE,NA,NA,NA,NA,NA,NA,NA,NA,NA,NA,NA,NA,NA,NA,NA,NA,NA,NA,NA
"MiFish_0000288",234,NA,"None",0,"caccgcggttatacgagaggcccaagttgatagacgccggcgcaaagagtggttaggtaacttaacaaactaaagccgaacgccctcaagaccgttatacgtttccgaaggtatgaagctcaactacgaaagtaactttaactatatctgattccacgaaagctgcgaaa",NA,NA,NA,NA,NA,NA,NA,NA,NA,0,NA,NA,NA,NA,NA,NA,NA,NA,NA,"local",FALSE,NA,NA,NA,NA,NA,NA,NA,NA,NA,NA,NA,NA,NA,NA,NA,NA,NA,NA,NA
"MiFish_0000289",29,NA,"None",0,"cgccgcggttatacgagtaggctcaagtggatagaacgcggcgtaaagcgtggttaatagaatcttatactaaagccgaacgccctcaaagcagttatacgcattcgaaggtatgaagcccaactacgaaagtggctttaactatatctgaacccacgaaagctgtgaaa",NA,NA,NA,NA,NA,NA,NA,NA,NA,0,NA,NA,NA,NA,NA,NA,NA,NA,NA,"local",FALSE,NA,NA,NA,NA,NA,NA,NA,NA,NA,NA,NA,NA,NA,NA,NA,NA,NA,NA,NA
"MiFish_0000290",98,NA,"None",0,"caccgcggttatacgagaggcccaagttgataagcccggcgtaaagagtggttagggtaaaatttaaactaaagccaaactcctattaagttcgtctaatgttaattaaaagggagaggcccaactacgaaagtggctttaccaaacctgaccccacgaaagctgagaca",NA,NA,NA,NA,NA,NA,NA,NA,NA,0,NA,NA,NA,NA,NA,NA,NA,NA,NA,"local",FALSE,NA,NA,NA,NA,NA,NA,NA,NA,NA,NA,NA,NA,NA,NA,NA,NA,NA,NA,NA
"MiFish_0000291",482,NA,"None",0,"caccgcggttatacgaaagacccaagctgatagatgtcggcgtaaagagtggttagggtaaaatttaaactaaagccaaactcctattaagttcgtctaatgttaattaaaagggagaggcccaactacgaaagtggctttaccaaacctgaccccacgaaagctgagaca",NA,NA,NA,NA,NA,NA,NA,NA,NA,0,NA,NA,NA,NA,NA,NA,NA,NA,NA,"local",FALSE,NA,NA,NA,NA,NA,NA,NA,NA,NA,NA,NA,NA,NA,NA,NA,NA,NA,NA,NA
"MiFish_0000292",16,NA,"None",0,"caccgcggttatacgaaagacccaagctgataattatcggcgtaaagagtggttaagattaattgaagactaaagccgaaaacccccatagctgttatacgcacccgggggaaagaagcccaattacgaaagtggctttacaacatctgaacccacgaaagctagggca",NA,NA,NA,NA,NA,NA,NA,NA,NA,0,NA,NA,NA,NA,NA,NA,NA,NA,NA,"local",FALSE,NA,NA,NA,NA,NA,NA,NA,NA,NA,NA,NA,NA,NA,NA,NA,NA,NA,NA,NA
"MiFish_0000293",27,NA,"None",0,"caccgcggttatacgaggggcccgagtcgacagccaccggcgtaaagagtggttagggaagacataaactaaagccgaacaccttcaaagctgttatacgctaacgaaggtaggaagcccccctacgaaagtggctttaaatttcctgactccacgaaagctgaggta",NA,NA,NA,NA,NA,NA,NA,NA,NA,0,NA,NA,NA,NA,NA,NA,NA,NA,NA,"local",FALSE,NA,NA,NA,NA,NA,NA,NA,NA,NA,NA,NA,NA,NA,NA,NA,NA,NA,NA,NA
"MiFish_0000294",224,NA,"None",0,"caccgcggttatacgaggggcccaagctgataattatcggcgtaaagagtggttaagattaattgaagactaaagccgaaaacccccatagctgttatacgcacccgggggaaagaagcccaattacgaaagtggctttacaacatctgaacccacgaaagctagggca",NA,NA,NA,NA,NA,NA,NA,NA,NA,0,NA,NA,NA,NA,NA,NA,NA,NA,NA,"local",FALSE,NA,NA,NA,NA,NA,NA,NA,NA,NA,NA,NA,NA,NA,NA,NA,NA,NA,NA,NA
"MiFish_0000295",22,"['LC645306']","398654",0.964285714285714,"caccgcggttatacgagaggcccaagttgatagcacccggcgtaaagagtggttatggaaaattattactaaagccgcacaccttcaaagctgtcatacgcatccgaagaatagaagccccatcacgaaagtagctttacaaaacctgaccccacgaaagctctggta","[398654]","Pontinus macrocephalus","Eukaryota","Chordata","Actinopteri","Perciformes","Scorpaenidae","Pontinus","Pontinus macrocephalus",96.4,NA,NA,NA,NA,NA,NA,NA,NA,NA,"global",FALSE,96.4,"global","Pontinus macrocephalus","Eukaryota","Chordata","Actinopteri","Perciformes","Scorpaenidae","Pontinus","Pontinus macrocephalus","Eukaryota","Chordata","Actinopteri","Perciformes","Scorpaenidae","Pontinus",NA,"genus","Pontinus"
"MiFish_0000296",250,NA,"None",0,"caccgcggttatacgagaggcccaagttgataagcccggcgtaaagagtggttatggatgaaccccacactaaagctaaagaccccctaggctgttatacgcacctgggggctcgaaccacctatacgaaagtagctttactcccttccaccagaacccacgacagctgggaca",NA,NA,NA,NA,NA,NA,NA,NA,NA,0,NA,NA,NA,NA,NA,NA,NA,NA,NA,"local",FALSE,NA,NA,NA,NA,NA,NA,NA,NA,NA,NA,NA,NA,NA,NA,NA,NA,NA,NA,NA
"MiFish_0000297",201,NA,"None",0,"caccgcggttatacgagaggcccaagctgataattatcggcgtaaagagtggttagggtaaaatttaaactaaagccaaactcctattaagttcgtctaatgttaattaaaagggagaggcccaactacgaaagtggctttaccaaacctgaccccacgaaagctgagaca",NA,NA,NA,NA,NA,NA,NA,NA,NA,0,NA,NA,NA,NA,NA,NA,NA,NA,NA,"local",FALSE,NA,NA,NA,NA,NA,NA,NA,NA,NA,NA,NA,NA,NA,NA,NA,NA,NA,NA,NA
"MiFish_0000298",319,NA,"None",0,"cgccgcggttatacgagtaggctcaagtggatagaacgcggcgtaaagcgtggttaatagaatcttacactaaagccgaacgccctcaaagcagttatacgcattcgaaggtatgaagccccacgacgaaagtggctttaaacactatgattccacgaaagctagggaa",NA,NA,NA,NA,NA,NA,NA,NA,NA,0,NA,NA,NA,NA,NA,NA,NA,NA,NA,"local",FALSE,NA,NA,NA,NA,NA,NA,NA,NA,NA,NA,NA,NA,NA,NA,NA,NA,NA,NA,NA
"MiFish_0000299",83,"['OP537870', 'OP537871']","332418",0.965116279069768,"caccgcggttatacgggtaggcccaagtcgatagcttccggcgtaaagcgtggttaaggcctaaatctaaactaaagttgaactccttcaagcaagtgaaatgatcatcgataaggagaagcccacctacgaaagtgactttacttaacctgaccccacgaaagctaaggca","[332418]","Eucinostomus melanopterus","Eukaryota","Chordata","Actinopteri","Gerreiformes","Gerreidae","Eucinostomus","Eucinostomus melanopterus",96.5,NA,NA,NA,NA,NA,NA,NA,NA,NA,"global",FALSE,96.5,"global","Eucinostomus melanopterus","Eukaryota","Chordata","Actinopteri","Gerreiformes","Gerreidae","Eucinostomus","Eucinostomus melanopterus","Eukaryota","Chordata","Actinopteri","Gerreiformes","Gerreidae","Eucinostomus",NA,"genus","Eucinostomus"
"MiFish_0000300",657,NA,"None",0,"cgccgcggttatacgagtaggctcaagtggatagaacgcggcgtaaagcgtggttaatagaatcttatactaaagccgaacgccctcaaagcagttatacgcattcgaaggtatgaagccccacgacgaaagtggctttaaacactatgattccacgaaagctggggaa",NA,NA,NA,NA,NA,NA,NA,NA,NA,0,NA,NA,NA,NA,NA,NA,NA,NA,NA,"local",FALSE,NA,NA,NA,NA,NA,NA,NA,NA,NA,NA,NA,NA,NA,NA,NA,NA,NA,NA,NA
"MiFish_0000301",115,NA,"None",0,"caccgcggttatacgagaggcccaagtcgacagccaccggcgtaaagagtggttagggtaaaatttaaactaaagccaaactcctattaagttcgtctaatgttaattaaaagggagaggcccaactacgaaagtggctttaccaaacctgaccccacgaaagctgagaca",NA,NA,NA,NA,NA,NA,NA,NA,NA,0,NA,NA,NA,NA,NA,NA,NA,NA,NA,"local",FALSE,NA,NA,NA,NA,NA,NA,NA,NA,NA,NA,NA,NA,NA,NA,NA,NA,NA,NA,NA
"MiFish_0000302",63,NA,"None",0,"caccgcggttatacgagggactcaagctgacaatcaccggcgtaaagagtggttaatttaaccaaaaaataaagccgaacgcccccaaagttgtattacgcattcgggggtatgaagcccaatcacgaaagtggctttacactctttgaacccacgagagctagggaa",NA,NA,NA,NA,NA,NA,NA,NA,NA,0,NA,NA,NA,NA,NA,NA,NA,NA,NA,"local",FALSE,NA,NA,NA,NA,NA,NA,NA,NA,NA,NA,NA,NA,NA,NA,NA,NA,NA,NA,NA
"MiFish_0000303",129,NA,"None",0,"caccgcggttatacgagaggcccaagttgataagcccggcgtaaagagtggttatggatgaaccccacgctaaagctaaagaccccctaggctgttatacgcacctgggggctcgaaccacctatacgaaagtagctttactcccttccaccagaacccacgacagctggggca",NA,NA,NA,NA,NA,NA,NA,NA,NA,0,NA,NA,NA,NA,NA,NA,NA,NA,NA,"local",FALSE,NA,NA,NA,NA,NA,NA,NA,NA,NA,NA,NA,NA,NA,NA,NA,NA,NA,NA,NA
"MiFish_0000304",552,"['KF374976']","48193",0.988304093567252,"caccgcggttatacgaaagacccaagctgatagatgtcggcgtaaagagtggttaagtatcttgatagaactaaagccgaacgccctcaagaccgttatacgtttccgaaggtatgaagctcaactacgaaagtaactttaactatatctgattccacgaaagctgagaca","[48193]","Mugil cephalus","Eukaryota","Chordata","Actinopteri","Mugiliformes","Mugilidae","Mugil","Mugil cephalus",98.8,"d:Eukaryota,p:Chordata,c:Actinopteri,o:Mugiliformes,f:Mugilidae,g:Mugil,s:Mugil_cephalus","Eukaryota","Chordata","Actinopteri","Mugiliformes","Mugilidae","Mugil","Mugil cephalus",98.8,"local",FALSE,98.8,"local","Mugil cephalus","Eukaryota","Chordata","Actinopteri","Mugiliformes","Mugilidae","Mugil","Mugil cephalus","Eukaryota","Chordata","Actinopteri","Mugiliformes","Mugilidae","Mugil","Mugil cephalus","species","Mugil cephalus"
"MiFish_0000305",19,"['AP011915']","168377",0.988235294117647,"caccgcggttatacgagaggtccaagttgttagccctcggcgtaaagagtggttaaagtaaaaaacaaaactgaggtcgaacatcttcaaggcagttatacgctcccgaggatatgaagcacaatcacgaaagtagcctcaccctgcttgaacctacgaaagctaggaca","[168377]","Sphoeroides annulatus","Eukaryota","Chordata","Actinopteri","Tetraodontiformes","Tetraodontidae","Sphoeroides","Sphoeroides annulatus",98.8,NA,NA,NA,NA,NA,NA,NA,NA,NA,"global",FALSE,98.8,"global","Sphoeroides annulatus","Eukaryota","Chordata","Actinopteri","Tetraodontiformes","Tetraodontidae","Sphoeroides","Sphoeroides annulatus","Eukaryota","Chordata","Actinopteri","Tetraodontiformes","Tetraodontidae","Sphoeroides","Sphoeroides annulatus","species","Sphoeroides annulatus"
"MiFish_0000306",45,"['KF374975']","48194",0.976608187134503,"caccgcggttatacgagaggcccaagttgataagcccggcgtaaagagtggttaggtaacttaataaactaaagccgaacgcccccaaggctgttatacgtgctcggaggtatgaagcccaactacgaaagtggctttaactatatctgaacccacgaaagctgtgaaa","[48194]","Mugil curema","Eukaryota","Chordata","Actinopteri","Mugiliformes","Mugilidae","Mugil","Mugil curema",97.7,"d:Eukaryota,p:Chordata,c:Actinopteri,o:Mugiliformes,f:Mugilidae,g:Mugil,s:Mugil_thoburni","Eukaryota","Chordata","Actinopteri","Mugiliformes","Mugilidae","Mugil","Mugil thoburni",97.1,"global",TRUE,97.7,"global_lca_to_local","Mugil","Eukaryota","Chordata","Actinopteri","Mugiliformes","Mugilidae","Mugil",NA,"Eukaryota","Chordata","Actinopteri","Mugiliformes","Mugilidae","Mugil",NA,"genus","Mugil"
"MiFish_0000307",1955,"['AY700253', 'KY677758', 'LC499546', 'LC729890']","223142",1,"caccgcggttatacgagagacccaagttgttaggcatcggcgtaaagggtggttaaggcaatacccaaactaaagccgaacatcttccaagccgtcatacgcacacgaagacaagaagcccgataacgaaagtggctctaacctgcctgaacccacgaaagctatgaca","[223145, 223143]","Diodon","Eukaryota","Chordata","Actinopteri","Tetraodontiformes","Diodontidae","Diodon",NA,100,NA,NA,NA,NA,NA,NA,NA,NA,NA,"global",FALSE,100,"global","Diodon","Eukaryota","Chordata","Actinopteri","Tetraodontiformes","Diodontidae","Diodon",NA,"Eukaryota","Chordata","Actinopteri","Tetraodontiformes","Diodontidae","Diodon",NA,"genus","Diodon"
"MiFish_0000308",344,NA,"None",0,"caccgcggttatacgagaggcccaagttgataagcccggcgtaaagagtggttatggatgaaccccacactaaagctgaagaccccctaggctgttatacgcacctgggggctcgaaccacctatacgaaagtagctttactcccttccaccagaacccacgacagctggggca",NA,NA,NA,NA,NA,NA,NA,NA,NA,0,NA,NA,NA,NA,NA,NA,NA,NA,NA,"local",FALSE,NA,NA,NA,NA,NA,NA,NA,NA,NA,NA,NA,NA,NA,NA,NA,NA,NA,NA,NA
"MiFish_0000309",20,NA,"None",0,"caccgcggttatacgagaggcccaagctgataattatcggcgtaaagagtggttaaggcctaaatctaaactaaagttgaactccttcaagcaagtgaaatgatcatcgataaggagaagcccacctacgaaagtgactttacttaacctgaccccacgaaagctaaggca",NA,NA,NA,NA,NA,NA,NA,NA,NA,0,NA,NA,NA,NA,NA,NA,NA,NA,NA,"local",FALSE,NA,NA,NA,NA,NA,NA,NA,NA,NA,NA,NA,NA,NA,NA,NA,NA,NA,NA,NA
"MiFish_0000310",92,NA,"None",0,"caccgcggttatacgaggggcccgagtcgacagccaccggcgtaaagagtggttatggatgaaccccacactaaagctaaagaccccctaggctgttatacgcacctgggggctcgaaccacctatacgaaagtagctttactcccttccaccagaacccacgacagctggggca",NA,NA,NA,NA,NA,NA,NA,NA,NA,0,NA,NA,NA,NA,NA,NA,NA,NA,NA,"local",FALSE,NA,NA,NA,NA,NA,NA,NA,NA,NA,NA,NA,NA,NA,NA,NA,NA,NA,NA,NA
"MiFish_0000311",17,"['KF374975']","48194",0.98235294117647,"caccgcggttatacgagaggcccaagttgatagacaccggcgcaaagagtggttaggtaacttaataaactaaagccgaacgcccccaaggctgttatacgtgctcggaggtatgaagcccaactacgaaagtggctttaactatatctgattccacgaaagctgcgaaa","[48194]","Mugil curema","Eukaryota","Chordata","Actinopteri","Mugiliformes","Mugilidae","Mugil","Mugil curema",98.2,"d:Eukaryota,p:Chordata,c:Actinopteri,o:Mugiliformes,f:Mugilidae,g:Mugil,s:Mugil_thoburni","Eukaryota","Chordata","Actinopteri","Mugiliformes","Mugilidae","Mugil","Mugil thoburni",97.1,"global",TRUE,98.2,"global_lca_to_local","Mugil","Eukaryota","Chordata","Actinopteri","Mugiliformes","Mugilidae","Mugil",NA,"Eukaryota","Chordata","Actinopteri","Mugiliformes","Mugilidae","Mugil",NA,"genus","Mugil"
"MiFish_0000312",87,"['KF374983', 'KF374984']","1229150",0.958823529411765,"caccgcggttatacgagaggcccaagttgatagacgccggcgcaaagagtggttaggtaacttaacaaactaaagccgaacgcccccaaggctgttatacgtgctcggaggtatgaagcccaactacgaaagtggctttaccaaacctgaccccacgaaagctgagaca","[1229150]","Mugil thoburni","Eukaryota","Chordata","Actinopteri","Mugiliformes","Mugilidae","Mugil","Mugil thoburni",95.9,"d:Eukaryota,p:Chordata,c:Actinopteri,o:Mugiliformes,f:Mugilidae,g:Mugil,s:Mugil_thoburni","Eukaryota","Chordata","Actinopteri","Mugiliformes","Mugilidae","Mugil","Mugil thoburni",95.9,"local",FALSE,95.9,"local","Mugil thoburni","Eukaryota","Chordata","Actinopteri","Mugiliformes","Mugilidae","Mugil","Mugil thoburni","Eukaryota","Chordata","Actinopteri","Mugiliformes","Mugilidae","Mugil","Mugil thoburni","species","Mugil thoburni"
"MiFish_0000313",29,"['KF374976']","48193",0.97093023255814,"caccgcggttatacgagaggcccaagctgataattatcggcgtaaagagtggttaagtatcttgatagaactaaagccgaacgccctcaagaccgttatacgtttccgaaggtatgaagctcaactacgaaagtaactttaactatatctgattccacgaaagctgcgaaa","[48193]","Mugil cephalus","Eukaryota","Chordata","Actinopteri","Mugiliformes","Mugilidae","Mugil","Mugil cephalus",97.1,"d:Eukaryota,p:Chordata,c:Actinopteri,o:Mugiliformes,f:Mugilidae,g:Mugil,s:Mugil_cephalus","Eukaryota","Chordata","Actinopteri","Mugiliformes","Mugilidae","Mugil","Mugil cephalus",97.1,"local",FALSE,97.1,"local","Mugil cephalus","Eukaryota","Chordata","Actinopteri","Mugiliformes","Mugilidae","Mugil","Mugil cephalus","Eukaryota","Chordata","Actinopteri","Mugiliformes","Mugilidae","Mugil","Mugil cephalus","species","Mugil cephalus"
"MiFish_0000314",21,"['KF374976']","48193",0.988304093567252,"caccgcggttatacgaaagacccaagctgatagatgtcggcgtaaagagtggttaagtatcttgatagaactaaagccgaacgccctcaagaccgctatacgtttccgaaggtatgaagctcaactacgaaagtaactttaactatatctgattccacgaaagctgtgaaa","[48193]","Mugil cephalus","Eukaryota","Chordata","Actinopteri","Mugiliformes","Mugilidae","Mugil","Mugil cephalus",98.8,"d:Eukaryota,p:Chordata,c:Actinopteri,o:Mugiliformes,f:Mugilidae,g:Mugil,s:Mugil_cephalus","Eukaryota","Chordata","Actinopteri","Mugiliformes","Mugilidae","Mugil","Mugil cephalus",98.8,"local",FALSE,98.8,"local","Mugil cephalus","Eukaryota","Chordata","Actinopteri","Mugiliformes","Mugilidae","Mugil","Mugil cephalus","Eukaryota","Chordata","Actinopteri","Mugiliformes","Mugilidae","Mugil","Mugil cephalus","species","Mugil cephalus"
"MiFish_0000315",93,NA,"None",0,"caccgcggttatacgaggggcccgagtcgacagccaccggcgtaaagagtggttagggtaaaatttaaactaaagccaaactcctattaagttcgtctaatgttaattaaaagggagaggcccaactacgaaagtggctttaccaaacctgaccccacgaaagctgtgaaa",NA,NA,NA,NA,NA,NA,NA,NA,NA,0,NA,NA,NA,NA,NA,NA,NA,NA,NA,"local",FALSE,NA,NA,NA,NA,NA,NA,NA,NA,NA,NA,NA,NA,NA,NA,NA,NA,NA,NA,NA
"MiFish_0000316",31,"['KF374975']","48194",0.994117647058824,"caccgcggttatacgagaggcccaagttgatagacaccggcgcaaagagtggttaggtaacttaataaactaaagccgaacgcccccaaggccgttatacgtgctcggaggtatgaagcccaactacgaaagtggctttaactatatctgaacccacgaaagctgtgaaa","[48194]","Mugil curema","Eukaryota","Chordata","Actinopteri","Mugiliformes","Mugilidae","Mugil","Mugil curema",99.4,"d:Eukaryota,p:Chordata,c:Actinopteri,o:Mugiliformes,f:Mugilidae,g:Mugil,s:Mugil_thoburni","Eukaryota","Chordata","Actinopteri","Mugiliformes","Mugilidae","Mugil","Mugil thoburni",98.2,"global",TRUE,99.4,"global_lca_to_local","Mugil","Eukaryota","Chordata","Actinopteri","Mugiliformes","Mugilidae","Mugil",NA,"Eukaryota","Chordata","Actinopteri","Mugiliformes","Mugilidae","Mugil",NA,"genus","Mugil"
"MiFish_0000317",68,"['AP011915']","168377",0.988235294117647,"caccgcggttatacgagaggtccaagttgttagccctcggcgtaaagagtggttaaagtaaaaaacaaaactgaggtcgaacatcttcaaggcagttatacgctcccgaggatatgaagcacaatcacgaaagtagcctcaccctgcttgaacccacgaaagctagggca","[168377]","Sphoeroides annulatus","Eukaryota","Chordata","Actinopteri","Tetraodontiformes","Tetraodontidae","Sphoeroides","Sphoeroides annulatus",98.8,NA,NA,NA,NA,NA,NA,NA,NA,NA,"global",FALSE,98.8,"global","Sphoeroides annulatus","Eukaryota","Chordata","Actinopteri","Tetraodontiformes","Tetraodontidae","Sphoeroides","Sphoeroides annulatus","Eukaryota","Chordata","Actinopteri","Tetraodontiformes","Tetraodontidae","Sphoeroides","Sphoeroides annulatus","species","Sphoeroides annulatus"
"MiFish_0000318",73,NA,"None",0,"caccgcggttatacgaggggcccaagtcgacagccaccggcgtaaagagtggttagggtaaaatttaaactaaagccaaactcctattaagttcgtctaatgttaattaaaagggagaggcccaactacgaaagtggctttaccaaacctgaccccacgaaagctgagacg",NA,NA,NA,NA,NA,NA,NA,NA,NA,0,NA,NA,NA,NA,NA,NA,NA,NA,NA,"local",FALSE,NA,NA,NA,NA,NA,NA,NA,NA,NA,NA,NA,NA,NA,NA,NA,NA,NA,NA,NA
"MiFish_0000319",87,"['OP537870', 'OP537871']","332418",0.965116279069768,"caccgcggttatacgagtaggcccaagtcgatagcttccggcgtaaagcgtggttaaggcctaaatctaaactaaagttgaactccttcaagcaagtgaaatgatcatcgataaggagaagcccacctacgaaagtgaccttacttaacctgaccccacgaaagctaaggca","[332418]","Eucinostomus melanopterus","Eukaryota","Chordata","Actinopteri","Gerreiformes","Gerreidae","Eucinostomus","Eucinostomus melanopterus",96.5,NA,NA,NA,NA,NA,NA,NA,NA,NA,"global",FALSE,96.5,"global","Eucinostomus melanopterus","Eukaryota","Chordata","Actinopteri","Gerreiformes","Gerreidae","Eucinostomus","Eucinostomus melanopterus","Eukaryota","Chordata","Actinopteri","Gerreiformes","Gerreidae","Eucinostomus",NA,"genus","Eucinostomus"
"MiFish_0000320",61,"['OP537870', 'OP537871']","332418",0.965116279069768,"caccgcggttatacgaggggcccaagtcgatagcttccggcgtaaagcgtggttaaggcctaaatctaaactaaagttgaactccttcaagcaagtgaaatgatcatcgataaggagaagcccacctacgaaagtgactttacttaacctgaccccacgaaagctaaggca","[332418]","Eucinostomus melanopterus","Eukaryota","Chordata","Actinopteri","Gerreiformes","Gerreidae","Eucinostomus","Eucinostomus melanopterus",96.5,NA,NA,NA,NA,NA,NA,NA,NA,NA,"global",FALSE,96.5,"global","Eucinostomus melanopterus","Eukaryota","Chordata","Actinopteri","Gerreiformes","Gerreidae","Eucinostomus","Eucinostomus melanopterus","Eukaryota","Chordata","Actinopteri","Gerreiformes","Gerreidae","Eucinostomus",NA,"genus","Eucinostomus"
"MiFish_0000321",178,NA,"None",0,"caccgcggttatacgaggggcccgagtcgacagccaccggcgtaaagagtggttagggtaaaatttaaactaaagccaaactcctattaagttcgtctaatgttaattaaaagggagaggcccaactacgaaagtggctttaccaaacctgaccccacgaaagctaaggca",NA,NA,NA,NA,NA,NA,NA,NA,NA,0,NA,NA,NA,NA,NA,NA,NA,NA,NA,"local",FALSE,NA,NA,NA,NA,NA,NA,NA,NA,NA,NA,NA,NA,NA,NA,NA,NA,NA,NA,NA
"MiFish_0000322",121,NA,"None",0,"accgcggttatacgagaggcccaagttgataagcccggcgtaaagagtggttatggatgaaccccacactaaagctaaagaccccctaggctgttatacgcacctgggggctcgaaccacctatacgaaagtagctttactcccttccaccagaacccacgacagctggggca",NA,NA,NA,NA,NA,NA,NA,NA,NA,0,NA,NA,NA,NA,NA,NA,NA,NA,NA,"local",FALSE,NA,NA,NA,NA,NA,NA,NA,NA,NA,NA,NA,NA,NA,NA,NA,NA,NA,NA,NA
"MiFish_0000323",19,NA,"None",0,"caccgcggttatacgagaggcctaagttgatagacatcggcgtaaagagtggttagggtaaaatttaaactaaagccaaactcctattaagttcgtctaatgttaattaaaagggagaggcccaactacgaaagtggctttaccaaacctgaccccacgaaagctgagaca",NA,NA,NA,NA,NA,NA,NA,NA,NA,0,NA,NA,NA,NA,NA,NA,NA,NA,NA,"local",FALSE,NA,NA,NA,NA,NA,NA,NA,NA,NA,NA,NA,NA,NA,NA,NA,NA,NA,NA,NA
"MiFish_0000324",264,"['MW435597']","173309",0.988165680473373,"caccgcggttatacgagaggctcaagttgacagacaacggcgtaaagcgtggttaaggagaactcataactaaagcggaacttcctcctagctgttatacgcttccgagggaatgaaccccaactacgaaagtggctttaccccacctgaacccacgaaagctaagaaa","[173309]","Caranx crysos","Eukaryota","Chordata","Actinopteri","Carangiformes","Carangidae","Caranx","Caranx crysos",98.8,NA,NA,NA,NA,NA,NA,NA,NA,NA,"global",FALSE,98.8,"global","Caranx crysos","Eukaryota","Chordata","Actinopteri","Carangiformes","Carangidae","Caranx","Caranx crysos","Eukaryota","Chordata","Actinopteri","Carangiformes","Carangidae","Caranx",NA,"genus","Caranx"
"MiFish_0000325",112,NA,"None",0,"caccgcggttatacgagaggcccaagttgataagcccggcgtaaagagtggttatggatgaaacccacactaaagctaaagaccccctaggctgttatacgcacctggaggctcgaaccacctatacgaaagtagctttactcccttccaccagaacccacgacagctggggca",NA,NA,NA,NA,NA,NA,NA,NA,NA,0,NA,NA,NA,NA,NA,NA,NA,NA,NA,"local",FALSE,NA,NA,NA,NA,NA,NA,NA,NA,NA,NA,NA,NA,NA,NA,NA,NA,NA,NA,NA
"MiFish_0000326",250,"['AP011915']","168377",0.988235294117647,"caccgcggttatacgagaggtccaagttgttagccctcggcgtaaagagtggttaaagtaaaaaacaaaactgaggtcgaacatcttcaagacagttatacgctcccgaggatatgaagcacaatcacgaaagtagcctcaccctgcttgaacccacgaaagctaggaca","[168377]","Sphoeroides annulatus","Eukaryota","Chordata","Actinopteri","Tetraodontiformes","Tetraodontidae","Sphoeroides","Sphoeroides annulatus",98.8,NA,NA,NA,NA,NA,NA,NA,NA,NA,"global",FALSE,98.8,"global","Sphoeroides annulatus","Eukaryota","Chordata","Actinopteri","Tetraodontiformes","Tetraodontidae","Sphoeroides","Sphoeroides annulatus","Eukaryota","Chordata","Actinopteri","Tetraodontiformes","Tetraodontidae","Sphoeroides","Sphoeroides annulatus","species","Sphoeroides annulatus"
"MiFish_0000327",47,NA,"None",0,"caccgcggttatacgagaggtccaagttgttagccctcggcgtaaagagtggttagggtaaaatttaaactaaagccaaactcctattaagttcgtctaatgttaattaaaagggagaggcccaactacgaaagtggctttaccaaacctgaccccacgaaagctgagaca",NA,NA,NA,NA,NA,NA,NA,NA,NA,0,NA,NA,NA,NA,NA,NA,NA,NA,NA,"local",FALSE,NA,NA,NA,NA,NA,NA,NA,NA,NA,NA,NA,NA,NA,NA,NA,NA,NA,NA,NA
"MiFish_0000328",29,NA,"None",0,"caccgcggttatacgaggggcccaagtcgacagccaccggcgtaaagagtggttagggtaaaatttaaactaaagccaaacccctattaagttcgtctaatgttaattaaaagggagaggcccaactacgaaagtggctttaccaaacctgaccccacgaaagctgagaca",NA,NA,NA,NA,NA,NA,NA,NA,NA,0,NA,NA,NA,NA,NA,NA,NA,NA,NA,"local",FALSE,NA,NA,NA,NA,NA,NA,NA,NA,NA,NA,NA,NA,NA,NA,NA,NA,NA,NA,NA
"MiFish_0000329",88,"['OP035077']","153621",0.958579881656805,"caccgcggttatacgagaggcccaagttgacaggttccggcgtaaagcgtggttaaggaataatgaacactaaagctgaacgcttactaggctgttatacgctcccgaaagtaagaagaccatccacgaaggtggctttaccttacctgaacccacgaaagccaaggca","[153621]","Mycteroperca bonaci","Eukaryota","Chordata","Actinopteri","Perciformes","Serranidae","Mycteroperca","Mycteroperca bonaci",95.9,NA,NA,NA,NA,NA,NA,NA,NA,NA,"global",FALSE,95.9,"global","Mycteroperca bonaci","Eukaryota","Chordata","Actinopteri","Perciformes","Serranidae","Mycteroperca","Mycteroperca bonaci","Eukaryota","Chordata","Actinopteri","Perciformes","Serranidae","Mycteroperca",NA,"genus","Mycteroperca"
"MiFish_0000330",143,NA,"None",0,"caccgcggttatacgaggggcccgagtcgacagccaccggcgtaaagagtggttagggtaaaatttaaactaaagccaaactcctattaagttcgtctaatgttaattaaaagggagaggcccaactacgaaagtggctttaccaaacctgaccccacgaaagctgcgaaa",NA,NA,NA,NA,NA,NA,NA,NA,NA,0,NA,NA,NA,NA,NA,NA,NA,NA,NA,"local",FALSE,NA,NA,NA,NA,NA,NA,NA,NA,NA,NA,NA,NA,NA,NA,NA,NA,NA,NA,NA
"MiFish_0000331",586,"['KF374976']","48193",0.994152046783626,"caccgcggttatacgaaagacccaagctgatagatgccggcgtaaagagtggttaagtatcttgatagaactaaagccgaacgccctcaagaccgttatacgtttccgaaggtatgaagctcaactacgaaagtaactttaactatatctgattccacgaaagctgcgaaa","[48193]","Mugil cephalus","Eukaryota","Chordata","Actinopteri","Mugiliformes","Mugilidae","Mugil","Mugil cephalus",99.4,"d:Eukaryota,p:Chordata,c:Actinopteri,o:Mugiliformes,f:Mugilidae,g:Mugil,s:Mugil_cephalus","Eukaryota","Chordata","Actinopteri","Mugiliformes","Mugilidae","Mugil","Mugil cephalus",99.4,"local",FALSE,99.4,"local","Mugil cephalus","Eukaryota","Chordata","Actinopteri","Mugiliformes","Mugilidae","Mugil","Mugil cephalus","Eukaryota","Chordata","Actinopteri","Mugiliformes","Mugilidae","Mugil","Mugil cephalus","species","Mugil cephalus"
"MiFish_0000332",69,NA,"None",0,"caccgcggttatacgagtaggcccaagtcgacagccaccggcgtaaagagtggttagggtaaaatttaaactaaagccaaactcctattaagttcgtctaatgttaattaaaagggagaggcccaactacgaaagtggctttaccaaacctgaccccacgaaagctgagaca",NA,NA,NA,NA,NA,NA,NA,NA,NA,0,NA,NA,NA,NA,NA,NA,NA,NA,NA,"local",FALSE,NA,NA,NA,NA,NA,NA,NA,NA,NA,NA,NA,NA,NA,NA,NA,NA,NA,NA,NA
"MiFish_0000333",32,NA,"None",0,"caccgcggttatacgagaggcccaggctgataattatcggcgtaaagagtggttaagattaattgaagactaaagccgaaaacccccatagctgttatacgcacccgggggaaagaagcccaattacgaaagtggctttacaacatctgaacccacgaaagctagggca",NA,NA,NA,NA,NA,NA,NA,NA,NA,0,NA,NA,NA,NA,NA,NA,NA,NA,NA,"local",FALSE,NA,NA,NA,NA,NA,NA,NA,NA,NA,NA,NA,NA,NA,NA,NA,NA,NA,NA,NA
"MiFish_0000334",14,"['MW630253']","1350519",0.971590909090909,"caccgcggttatacgaggggcccgagtcgacagccaccggcgtaaagagtggttaggcaaccccctttctacacactaaagtcgaacgccctctaggctgttatacgctctatgaaggcaagaagccccaccacgaaagtgactttattctacctgactccacgaaagctgagata","[1350519]","Stegastes arcifrons","Eukaryota","Chordata","Actinopteri",NA,"Pomacentridae","Stegastes","Stegastes arcifrons",97.2,NA,NA,NA,NA,NA,NA,NA,NA,NA,"global",FALSE,97.2,"global","Stegastes arcifrons","Eukaryota","Chordata","Actinopteri",NA,"Pomacentridae","Stegastes","Stegastes arcifrons","Eukaryota","Chordata","Actinopteri",NA,"Pomacentridae","Stegastes","Stegastes arcifrons","species","Stegastes arcifrons"
"MiFish_0000335",17,NA,"None",0,"caccgcggttatacgaaagacccaagctgatagatgtcggcgtaaagagtggttaatagaatcttatactaaagccgaacgccctcaaagcagttatacgcattcgaaggtatgaagccccacgacgaaagtggctttaaacactatgattccacgaaagctagggaa",NA,NA,NA,NA,NA,NA,NA,NA,NA,0,NA,NA,NA,NA,NA,NA,NA,NA,NA,"local",FALSE,NA,NA,NA,NA,NA,NA,NA,NA,NA,NA,NA,NA,NA,NA,NA,NA,NA,NA,NA
"MiFish_0000336",10,NA,"None",0,"agccgcggtaatacggagggtgcaaacgttgctcggaatcactgggcgtaaagggtgcgtaggcggcccgatcagtcagatgtgaaagccctcggctcaaccgaggaattgcatttgaaactgtcgggcttgagttcggtagaggaaagcggaattcctggtgtagcggtgaaatgcgttgatatcaggaggaacaccggtggcgaaggcggctttctgggccgatactgacgctgatgcacgaaagcgttgggtag",NA,NA,NA,NA,NA,NA,NA,NA,NA,0,NA,NA,NA,NA,NA,NA,NA,NA,NA,"local",FALSE,NA,NA,NA,NA,NA,NA,NA,NA,NA,NA,NA,NA,NA,NA,NA,NA,NA,NA,NA
"MiFish_0000337",214,NA,"None",0,"caccgcggttatacgagaggcccaagttgataagcccggcgtaaagagtggttatggatgaaccccacactagagctaaagaccccctaggctgttatacgcacctgggggctcgaaccacctatacgaaagtagctttactcccttccaccagaacccacgacagctggggca",NA,NA,NA,NA,NA,NA,NA,NA,NA,0,NA,NA,NA,NA,NA,NA,NA,NA,NA,"local",FALSE,NA,NA,NA,NA,NA,NA,NA,NA,NA,NA,NA,NA,NA,NA,NA,NA,NA,NA,NA
"MiFish_0000338",98,"['OP537870', 'OP537871']","332418",0.959302325581395,"caccgcggttatacgagaggcccaagttgatagcttccggcgtaaagcgtggttaaggcctaaatctaaactaaagttgaactccttcaagcaagtgaaatgatcatcgataaggagaagcccacctacgaaagtgactttacttaacctgaccccacgaaagctaaggca","[332418]","Eucinostomus melanopterus","Eukaryota","Chordata","Actinopteri","Gerreiformes","Gerreidae","Eucinostomus","Eucinostomus melanopterus",95.9,NA,NA,NA,NA,NA,NA,NA,NA,NA,"global",FALSE,95.9,"global","Eucinostomus melanopterus","Eukaryota","Chordata","Actinopteri","Gerreiformes","Gerreidae","Eucinostomus","Eucinostomus melanopterus","Eukaryota","Chordata","Actinopteri","Gerreiformes","Gerreidae","Eucinostomus",NA,"genus","Eucinostomus"
"MiFish_0000339",170,"['AP011915']","168377",0.988235294117647,"caccgcggttatacgagaggtccaagttgttagccctcggcgtaaagagtggttaaagtaaaaacaaaactgaggtcgaacatcttcaaggcagttatacgctcccgaggatatgaagcacaatcacgaaagtagcctcaccctgcttgaacccacgaaagctaggaca","[168377]","Sphoeroides annulatus","Eukaryota","Chordata","Actinopteri","Tetraodontiformes","Tetraodontidae","Sphoeroides","Sphoeroides annulatus",98.8,NA,NA,NA,NA,NA,NA,NA,NA,NA,"global",FALSE,98.8,"global","Sphoeroides annulatus","Eukaryota","Chordata","Actinopteri","Tetraodontiformes","Tetraodontidae","Sphoeroides","Sphoeroides annulatus","Eukaryota","Chordata","Actinopteri","Tetraodontiformes","Tetraodontidae","Sphoeroides","Sphoeroides annulatus","species","Sphoeroides annulatus"
"MiFish_0000340",16,NA,"None",0,"caccgcggttatacgagaggcccaagttgatagacaccggcgcaaagagtggttatggatgaaccccacactaaagctaaagaccccctaggctgttatacgcacctgggggctcgaaccacctatacgaaagtagctttactcccttccaccagaacccacgacagctggggca",NA,NA,NA,NA,NA,NA,NA,NA,NA,0,NA,NA,NA,NA,NA,NA,NA,NA,NA,"local",FALSE,NA,NA,NA,NA,NA,NA,NA,NA,NA,NA,NA,NA,NA,NA,NA,NA,NA,NA,NA
"MiFish_0000341",10,"['OP035077']","153621",0.952662721893491,"caccgcggttatacgaggggcccaagttgacaggttccggcgtaaagcgtggttaaggaataatgaacactaaagctgaacgcttactaggctgttatacgctcccgaaagtaagaagaccatccacgaaggtggctttaccttacctgaacccacgaaagccaaggca","[153621]","Mycteroperca bonaci","Eukaryota","Chordata","Actinopteri","Perciformes","Serranidae","Mycteroperca","Mycteroperca bonaci",95.3,NA,NA,NA,NA,NA,NA,NA,NA,NA,"global",FALSE,95.3,"global","Mycteroperca bonaci","Eukaryota","Chordata","Actinopteri","Perciformes","Serranidae","Mycteroperca","Mycteroperca bonaci","Eukaryota","Chordata","Actinopteri","Perciformes","Serranidae","Mycteroperca",NA,"genus","Mycteroperca"
"MiFish_0000342",20,NA,"None",0,"caccgcggttatacgagaggcccaagtggatagaacgcggcgtaaagcgtggttaatagaatcttatactaaagccgaacgccctcaaagcagttatacgcattcgaaggtatgaagccccacgacgaaagtggctttaaacactatgattccacgaaagctagggaa",NA,NA,NA,NA,NA,NA,NA,NA,NA,0,NA,NA,NA,NA,NA,NA,NA,NA,NA,"local",FALSE,NA,NA,NA,NA,NA,NA,NA,NA,NA,NA,NA,NA,NA,NA,NA,NA,NA,NA,NA
"MiFish_0000343",1429,NA,"None",0,"caccgcggttatacgagaggcccaagttgaccagcactcggcgtaaagggtggttagaaccctctaatactaaagccgaacgccctcacgactgtcgtacgtttccgagggtgggaagacctactacgaaagtggctttaatacttttgaccccacgaaagctgtgaaa",NA,NA,NA,NA,NA,NA,NA,NA,NA,0,NA,NA,NA,NA,NA,NA,NA,NA,NA,"local",FALSE,NA,NA,NA,NA,NA,NA,NA,NA,NA,NA,NA,NA,NA,NA,NA,NA,NA,NA,NA
"MiFish_0000344",12,NA,"None",0,"caccgcggttatacgagaggcccaagttgatggtcaccggcgtaaagagtggttaagacagattataaactaaagccgaaagccatcacggctgtcatacgcatccgaaggtaagaagcccagttacgaaagtagctttacaacatctgaatccacgaaagctaggcca",NA,NA,NA,NA,NA,NA,NA,NA,NA,0,NA,NA,NA,NA,NA,NA,NA,NA,NA,"local",FALSE,NA,NA,NA,NA,NA,NA,NA,NA,NA,NA,NA,NA,NA,NA,NA,NA,NA,NA,NA
"MiFish_0000345",13,"['LC698778', 'MG255111']","211834",0.976331360946746,"caccgcggttatacgagaggcccaagttgatagacaccggcgtaaagagtggttaagacttatttaacactaaagccgaacgccctcaaagctgttatacgcacccgagggtaagaagcccaaccacgaaagtggctttaaactatccgaatccacgaaagctatgaca","[211834]","Lutjanus argentimaculatus","Eukaryota","Chordata","Actinopteri","Lutjaniformes","Lutjanidae","Lutjanus","Lutjanus argentimaculatus",97.6,NA,NA,NA,NA,NA,NA,NA,NA,NA,"global",FALSE,97.6,"global","Lutjanus argentimaculatus","Eukaryota","Chordata","Actinopteri","Lutjaniformes","Lutjanidae","Lutjanus","Lutjanus argentimaculatus","Eukaryota","Chordata","Actinopteri","Lutjaniformes","Lutjanidae","Lutjanus",NA,"genus","Lutjanus"
"MiFish_0000346",60,"['AP011915']","168377",0.988235294117647,"caccgcggttatacgagaggtccaagttgttagccctcggcgtaaagggtggttaaagtaaaaaacaaaactgaggtcgaacatcttcaaggcagttatacgctcccgaggatatgaagcacaatcacgaaagtagcctcaccctgcttgaacccacgaaagctaggaca","[168377]","Sphoeroides annulatus","Eukaryota","Chordata","Actinopteri","Tetraodontiformes","Tetraodontidae","Sphoeroides","Sphoeroides annulatus",98.8,NA,NA,NA,NA,NA,NA,NA,NA,NA,"global",FALSE,98.8,"global","Sphoeroides annulatus","Eukaryota","Chordata","Actinopteri","Tetraodontiformes","Tetraodontidae","Sphoeroides","Sphoeroides annulatus","Eukaryota","Chordata","Actinopteri","Tetraodontiformes","Tetraodontidae","Sphoeroides","Sphoeroides annulatus","species","Sphoeroides annulatus"
"MiFish_0000347",20,NA,"None",0,"caccgcggttatacgaggggcccgagtcgacagccaccggcgtaaagagtggttagggtaaaatttaaactaaagccaaactcctattaagttcgtctaatgttaattaaaagggagaggcccaactacgaaagtggctttaccaaacctgaacccacgaaagctagggca",NA,NA,NA,NA,NA,NA,NA,NA,NA,0,NA,NA,NA,NA,NA,NA,NA,NA,NA,"local",FALSE,NA,NA,NA,NA,NA,NA,NA,NA,NA,NA,NA,NA,NA,NA,NA,NA,NA,NA,NA
"MiFish_0000348",11,"['KF374975']","48194",0.988235294117647,"caccgcggttatacgaaagacccaagttgatagacaccggcgcaaagagtggttaggtaacttaataaactaaagccgaacgcccccaaggctgttatacgtgctcggaggtatgaagcccaactacgaaagtggctttaactatatctgaacccacgaaagctgtgaaa","[48194]","Mugil curema","Eukaryota","Chordata","Actinopteri","Mugiliformes","Mugilidae","Mugil","Mugil curema",98.8,"d:Eukaryota,p:Chordata,c:Actinopteri,o:Mugiliformes,f:Mugilidae,g:Mugil,s:Mugil_thoburni","Eukaryota","Chordata","Actinopteri","Mugiliformes","Mugilidae","Mugil","Mugil thoburni",97.6,"global",TRUE,98.8,"global_lca_to_local","Mugil","Eukaryota","Chordata","Actinopteri","Mugiliformes","Mugilidae","Mugil",NA,"Eukaryota","Chordata","Actinopteri","Mugiliformes","Mugilidae","Mugil",NA,"genus","Mugil"
"MiFish_0000349",164,"['JX242934']","1232744",0.976331360946746,"aaccgcggttatacgagaggcccaaattgacgcaccacggcgtaaagtgtgattagagacaaacaagaactagggccgaacgccccccatgctgtcatacgcaacggaggacacgaagcccaccaacgaaagtggccctatagaccttgaactcacgacagctaaggta","[1232744]","Muraena lentiginosa","Eukaryota","Chordata","Actinopteri","Anguilliformes","Muraenidae","Muraena","Muraena lentiginosa",97.6,NA,NA,NA,NA,NA,NA,NA,NA,NA,"global",FALSE,97.6,"global","Muraena lentiginosa","Eukaryota","Chordata","Actinopteri","Anguilliformes","Muraenidae","Muraena","Muraena lentiginosa","Eukaryota","Chordata","Actinopteri","Anguilliformes","Muraenidae","Muraena","Muraena lentiginosa","species","Muraena lentiginosa"
"MiFish_0000350",9976,"['AB054133', 'AF417345']","29144",1,"caccgcggttatacgagaggctctagttgacgaactacggcgtaaagcgtggtcacggagagcaatcaatactaaagccaaacgcctcccaggctgtcatacgcatccggaggtacgaagcccaataacgaaagtagctttattaccgccaacctgaccccacgacaactgagaaa","[29144]","Chanos chanos","Eukaryota","Chordata","Actinopteri","Gonorynchiformes","Chanidae","Chanos","Chanos chanos",100,NA,NA,NA,NA,NA,NA,NA,NA,NA,"global",FALSE,100,"global","Chanos chanos","Eukaryota","Chordata","Actinopteri","Gonorynchiformes","Chanidae","Chanos","Chanos chanos","Eukaryota","Chordata","Actinopteri","Gonorynchiformes","Chanidae","Chanos","Chanos chanos","species","Chanos chanos"
"MiFish_0000351",28,"['KF374983', 'KF374984']","1229150",0.964912280701754,"caccgcggttatacgagaggtccaagttgttagccctcggcgtaaagagtggttaggtaacttaacaaactaaagccgaacgcccccaaggctgttatacgtgctcggaggtatgaagcccaactacgaaagtggctttaactatatctgaacccacgaaagctgtgaaa","[1229150]","Mugil thoburni","Eukaryota","Chordata","Actinopteri","Mugiliformes","Mugilidae","Mugil","Mugil thoburni",96.5,"d:Eukaryota,p:Chordata,c:Actinopteri,o:Mugiliformes,f:Mugilidae,g:Mugil,s:Mugil_thoburni","Eukaryota","Chordata","Actinopteri","Mugiliformes","Mugilidae","Mugil","Mugil thoburni",96.5,"local",FALSE,96.5,"local","Mugil thoburni","Eukaryota","Chordata","Actinopteri","Mugiliformes","Mugilidae","Mugil","Mugil thoburni","Eukaryota","Chordata","Actinopteri","Mugiliformes","Mugilidae","Mugil","Mugil thoburni","species","Mugil thoburni"
"MiFish_0000352",18,"['AB054133', 'AF417345']","29144",0.994318181818182,"caccgcggttatacgagaggctctagttgacgaactacggcgtaaagcgtggtcacggagagcaatcaatactaaagccaaacgcctcccaggctgtcatacgcatccggaggtacgaagcccaataacgaaagtagctttattaccgccaacctgaccccacgacagctgagaaa","[29144]","Chanos chanos","Eukaryota","Chordata","Actinopteri","Gonorynchiformes","Chanidae","Chanos","Chanos chanos",99.4,NA,NA,NA,NA,NA,NA,NA,NA,NA,"global",FALSE,99.4,"global","Chanos chanos","Eukaryota","Chordata","Actinopteri","Gonorynchiformes","Chanidae","Chanos","Chanos chanos","Eukaryota","Chordata","Actinopteri","Gonorynchiformes","Chanidae","Chanos","Chanos chanos","species","Chanos chanos"
"MiFish_0000353",12,"['MW630254']","1350520",0.994285714285714,"caccgcggttatacgagaggctcaagttgacagacacggcgtaaagagtggttaggcaaccccctccctacacactaaagtcgaacgccctcagggcagttatgcgcgctacgaaggtaagaagctcctccacgaaagtgactttactccacctgactccacgaaagctgagata","[1350520]","Stegastes beebei","Eukaryota","Chordata","Actinopteri",NA,"Pomacentridae","Stegastes","Stegastes beebei",99.4,NA,NA,NA,NA,NA,NA,NA,NA,NA,"global",FALSE,99.4,"global","Stegastes beebei","Eukaryota","Chordata","Actinopteri",NA,"Pomacentridae","Stegastes","Stegastes beebei","Eukaryota","Chordata","Actinopteri",NA,"Pomacentridae","Stegastes","Stegastes beebei","species","Stegastes beebei"
"MiFish_0000354",13,NA,"None",0,"caccgcggttatacgaggggcccaagtcgacagccaccggcgtaaagggtggttagggtaaaatttaaactaaagccaaactcctattaagttcgtctaatgttaattaaaagggagaggcccaactacgaaagtggctttaccaaacctgaccccacgaaagctgagaca",NA,NA,NA,NA,NA,NA,NA,NA,NA,0,NA,NA,NA,NA,NA,NA,NA,NA,NA,"local",FALSE,NA,NA,NA,NA,NA,NA,NA,NA,NA,NA,NA,NA,NA,NA,NA,NA,NA,NA,NA
"MiFish_0000355",95,NA,"None",0,"caccgcggttatacgaggggcccgagtcgacagccaccggcgtaaagagtggttaaagtaaaaaacaaaactgaggtcgaacatcttcaaggcagttatacgctcccgaggatatgaagcacaatcacgaaagtagcctcaccctgcttgaacccacgaaagctaggaca",NA,NA,NA,NA,NA,NA,NA,NA,NA,0,NA,NA,NA,NA,NA,NA,NA,NA,NA,"local",FALSE,NA,NA,NA,NA,NA,NA,NA,NA,NA,NA,NA,NA,NA,NA,NA,NA,NA,NA,NA
"MiFish_0000356",65,NA,"None",0,"caccgcggttatacgagaggcccaagttgataagcccggcgtaaagagtggttatggatgaaccccacactaaagctaaagaccccctaggctgttatacgcacctggaggctcgaaccacctatacgaaagtagctttactcccttccaccagaacccacgacagctggggcg",NA,NA,NA,NA,NA,NA,NA,NA,NA,0,NA,NA,NA,NA,NA,NA,NA,NA,NA,"local",FALSE,NA,NA,NA,NA,NA,NA,NA,NA,NA,NA,NA,NA,NA,NA,NA,NA,NA,NA,NA
"MiFish_0000357",49,"['KF374975']","48194",0.964705882352941,"caccgcggttatacgaggggcccgagtcgacagccaccggcgtaaagagtggttaggtaacttaataaactaaagccgaacgcccccaaggctgttatacgtgctcggaggtatgaagcccaactacgaaagtggctttaactatatctgaacccacgaaagctgtgaaa","[48194]","Mugil curema","Eukaryota","Chordata","Actinopteri","Mugiliformes","Mugilidae","Mugil","Mugil curema",96.5,"d:Eukaryota,p:Chordata,c:Actinopteri,o:Mugiliformes,f:Mugilidae,g:Mugil,s:Mugil_thoburni","Eukaryota","Chordata","Actinopteri","Mugiliformes","Mugilidae","Mugil","Mugil thoburni",95.3,"global",TRUE,96.5,"global_lca_to_local","Mugil","Eukaryota","Chordata","Actinopteri","Mugiliformes","Mugilidae","Mugil",NA,"Eukaryota","Chordata","Actinopteri","Mugiliformes","Mugilidae","Mugil",NA,"genus","Mugil"
"MiFish_0000358",583,"['OP537870', 'OP537871']","332418",0.959302325581395,"caccgcggttatacgagtaggcccaagtcgatagcttccggcgtaaagcgtggttaaggcctaaatctaaactaaagttgaactccttcaagcaagtgaaatgatcatcgataaggagaagcccacctacgaaagtgactttacttaacctgaccccacgaaagctgagaca","[332418]","Eucinostomus melanopterus","Eukaryota","Chordata","Actinopteri","Gerreiformes","Gerreidae","Eucinostomus","Eucinostomus melanopterus",95.9,NA,NA,NA,NA,NA,NA,NA,NA,NA,"global",FALSE,95.9,"global","Eucinostomus melanopterus","Eukaryota","Chordata","Actinopteri","Gerreiformes","Gerreidae","Eucinostomus","Eucinostomus melanopterus","Eukaryota","Chordata","Actinopteri","Gerreiformes","Gerreidae","Eucinostomus",NA,"genus","Eucinostomus"
"MiFish_0000359",194,NA,"None",0,"caccgcggttatacgaggggcccgagtcgacagccaccggcgtaaagagtggttaagattaattgaagactaaagccgaaaacccccatagctgttatacgcacccgggggaaagaagcccaattacgaaagtggctttacaacatctgaacccacgaaagctagggca",NA,NA,NA,NA,NA,NA,NA,NA,NA,0,NA,NA,NA,NA,NA,NA,NA,NA,NA,"local",FALSE,NA,NA,NA,NA,NA,NA,NA,NA,NA,NA,NA,NA,NA,NA,NA,NA,NA,NA,NA
"MiFish_0000360",17,NA,"None",0,"cgccgcggttatacgagtaggctcaagtggatagaacgcggcgtaaagcgtggttaatagaatcttatactaaagccgaacgccctcaaagcagttatacgcattcgaaggtatgaagccccacgacgaaagtggctttaaacactatgattccacgaaagctgagaca",NA,NA,NA,NA,NA,NA,NA,NA,NA,0,NA,NA,NA,NA,NA,NA,NA,NA,NA,"local",FALSE,NA,NA,NA,NA,NA,NA,NA,NA,NA,NA,NA,NA,NA,NA,NA,NA,NA,NA,NA
"MiFish_0000361",68,"['KF374975']","48194",0.994117647058824,"caccgcggttatacgaggggcccaagttgatagacaccggcgcaaagagtggttaggtaacttaataaactaaagccgaacgcccccaaggctgttatacgtgctcggaggtatgaagcccaactacgaaagtggctttaactatatctgaacccacgaaagctgtgaaa","[48194]","Mugil curema","Eukaryota","Chordata","Actinopteri","Mugiliformes","Mugilidae","Mugil","Mugil curema",99.4,"d:Eukaryota,p:Chordata,c:Actinopteri,o:Mugiliformes,f:Mugilidae,g:Mugil,s:Mugil_thoburni","Eukaryota","Chordata","Actinopteri","Mugiliformes","Mugilidae","Mugil","Mugil thoburni",98.2,"global",TRUE,99.4,"global_lca_to_local","Mugil","Eukaryota","Chordata","Actinopteri","Mugiliformes","Mugilidae","Mugil",NA,"Eukaryota","Chordata","Actinopteri","Mugiliformes","Mugilidae","Mugil",NA,"genus","Mugil"
"MiFish_0000362",96,"['KF374983', 'KF374984']","1229150",0.988235294117647,"caccgcggttatacgaaagacccaagttgatagacgccggcgcaaagagtggttaggtaacttaacaaactaaagccgaacgcccccaaggctgttatacgtgctcggaggtatgaagcccaactacgaaagtggctttaactatatctgaacccacgaaagctgtgaaa","[1229150]","Mugil thoburni","Eukaryota","Chordata","Actinopteri","Mugiliformes","Mugilidae","Mugil","Mugil thoburni",98.8,"d:Eukaryota,p:Chordata,c:Actinopteri,o:Mugiliformes,f:Mugilidae,g:Mugil,s:Mugil_thoburni","Eukaryota","Chordata","Actinopteri","Mugiliformes","Mugilidae","Mugil","Mugil thoburni",98.8,"local",FALSE,98.8,"local","Mugil thoburni","Eukaryota","Chordata","Actinopteri","Mugiliformes","Mugilidae","Mugil","Mugil thoburni","Eukaryota","Chordata","Actinopteri","Mugiliformes","Mugilidae","Mugil","Mugil thoburni","species","Mugil thoburni"
"MiFish_0000363",21,NA,"None",0,"caccgcggttatacgagaggcccaagttgataagcccggcgtaaagagtggttatggatgaaccccacactaaagctaaagaccccctaggctgttatacgcacctgggggctcgaaccacctatacgaaagtagctttactcccttccaccagaacccacgacagctgagaca",NA,NA,NA,NA,NA,NA,NA,NA,NA,0,NA,NA,NA,NA,NA,NA,NA,NA,NA,"local",FALSE,NA,NA,NA,NA,NA,NA,NA,NA,NA,NA,NA,NA,NA,NA,NA,NA,NA,NA,NA
"MiFish_0000364",12,"['KF374983', 'KF374984']","1229150",0.982456140350877,"caccgcggttatacgagaggcccaagttgatagacgccggcgcaaagagtggttaggtaacttaacaaactaaagccgaacgcccccaaggctgttatacgtgctcggaggtatgaagcccaactacgaaagtggctttaactatatctgaacccacgaaagctaggaca","[1229150]","Mugil thoburni","Eukaryota","Chordata","Actinopteri","Mugiliformes","Mugilidae","Mugil","Mugil thoburni",98.2,"d:Eukaryota,p:Chordata,c:Actinopteri,o:Mugiliformes,f:Mugilidae,g:Mugil,s:Mugil_thoburni","Eukaryota","Chordata","Actinopteri","Mugiliformes","Mugilidae","Mugil","Mugil thoburni",98.2,"local",FALSE,98.2,"local","Mugil thoburni","Eukaryota","Chordata","Actinopteri","Mugiliformes","Mugilidae","Mugil","Mugil thoburni","Eukaryota","Chordata","Actinopteri","Mugiliformes","Mugilidae","Mugil","Mugil thoburni","species","Mugil thoburni"
"MiFish_0000365",161,NA,"None",0,"caccgcggttatacgagaggcccaagttgataagcccggcgtaaagagtggttatggatgaaccccacactaaagctaaagaccccctaggctgttatacgcacctgggggctcgaaccacctatacgaaagtagctttactcccttccaccagatcccacgacagctggggca",NA,NA,NA,NA,NA,NA,NA,NA,NA,0,NA,NA,NA,NA,NA,NA,NA,NA,NA,"local",FALSE,NA,NA,NA,NA,NA,NA,NA,NA,NA,NA,NA,NA,NA,NA,NA,NA,NA,NA,NA
"MiFish_0000366",23,"['KF374976']","48193",0.959302325581395,"caccgcggttatacgagaggcccaagttgataagcccggcgtaaagagtggttaagtatcttgatagaactaaagccgaacgccctcaagaccgttatacgtttccgaaggtatgaagctcaactacgaaagtaactttaactatatctgattccacgaaagctgcgaaa","[48193]","Mugil cephalus","Eukaryota","Chordata","Actinopteri","Mugiliformes","Mugilidae","Mugil","Mugil cephalus",95.9,"d:Eukaryota,p:Chordata,c:Actinopteri,o:Mugiliformes,f:Mugilidae,g:Mugil,s:Mugil_cephalus","Eukaryota","Chordata","Actinopteri","Mugiliformes","Mugilidae","Mugil","Mugil cephalus",95.9,"local",FALSE,95.9,"local","Mugil cephalus","Eukaryota","Chordata","Actinopteri","Mugiliformes","Mugilidae","Mugil","Mugil cephalus","Eukaryota","Chordata","Actinopteri","Mugiliformes","Mugilidae","Mugil","Mugil cephalus","species","Mugil cephalus"
"MiFish_0000367",41,"['KF374975']","48194",0.958823529411765,"caccgcggttatacgagaggcccaagttgatagacaccggcgcaaagagtggttaggtaacttaataaactaaagccgaacgcccccaaggctgttatacgtgctcggaggtatgaagcccaactacgaaagtggctttaccaaacctgaccccacgaaagctgagaca","[48194]","Mugil curema","Eukaryota","Chordata","Actinopteri","Mugiliformes","Mugilidae","Mugil","Mugil curema",95.9,NA,NA,NA,NA,NA,NA,NA,NA,NA,"global",FALSE,95.9,"global","Mugil curema","Eukaryota","Chordata","Actinopteri","Mugiliformes","Mugilidae","Mugil","Mugil curema","Eukaryota","Chordata","Actinopteri","Mugiliformes","Mugilidae","Mugil","Mugil curema","species","Mugil curema"
"MiFish_0000368",46,NA,"None",0,"caccgcggttatacgagaggcccaagctgataattatcggcgtaaagagtggttaagattaattgaagactaaagccgaaaacccccatagctgttatacgcacccgggggaaagaagcccaattacgaaagtggctttacaacatctgaccccacgaaagctgagaca",NA,NA,NA,NA,NA,NA,NA,NA,NA,0,NA,NA,NA,NA,NA,NA,NA,NA,NA,"local",FALSE,NA,NA,NA,NA,NA,NA,NA,NA,NA,NA,NA,NA,NA,NA,NA,NA,NA,NA,NA
"MiFish_0000369",85,"['OP537870', 'OP537871']","332418",0.965116279069768,"caccgcggttatacgagtaggcccaagtcgatagcttccggcgtaaagcgtggttaaggcctaaatctaaactaaagttgaactccttcaagcaagtgaaatgatcatcgataaggagaagcccacctacgaaagtggctttacttaacctgaccccacgaaagctaaggca","[332418]","Eucinostomus melanopterus","Eukaryota","Chordata","Actinopteri","Gerreiformes","Gerreidae","Eucinostomus","Eucinostomus melanopterus",96.5,NA,NA,NA,NA,NA,NA,NA,NA,NA,"global",FALSE,96.5,"global","Eucinostomus melanopterus","Eukaryota","Chordata","Actinopteri","Gerreiformes","Gerreidae","Eucinostomus","Eucinostomus melanopterus","Eukaryota","Chordata","Actinopteri","Gerreiformes","Gerreidae","Eucinostomus",NA,"genus","Eucinostomus"
"MiFish_0000370",335,NA,"None",0,"caccgcggttatacgagaggcccaagttgataagcccggcgtaaagagtggttatggatgaaccccacactaaagctaaagaccccctaggctgttatacgcacctgggggctcgaaccgcctatacgaaagtagctttactcccttccaccagaacccacgacagctggggca",NA,NA,NA,NA,NA,NA,NA,NA,NA,0,NA,NA,NA,NA,NA,NA,NA,NA,NA,"local",FALSE,NA,NA,NA,NA,NA,NA,NA,NA,NA,NA,NA,NA,NA,NA,NA,NA,NA,NA,NA
"MiFish_0000371",23,"['AP011915']","168377",0.988235294117647,"caccgcggttatacgagagatccaagttgttagccctcggcgtaaagagtggttaaagtaaaaaacaaaactgaggtcgaacatcttcaaggcagttatacgctcccgaggatatgaagcacaatcacgaaagtagcctcaccctgcttgaacccacgaaagctaggaca","[168377]","Sphoeroides annulatus","Eukaryota","Chordata","Actinopteri","Tetraodontiformes","Tetraodontidae","Sphoeroides","Sphoeroides annulatus",98.8,NA,NA,NA,NA,NA,NA,NA,NA,NA,"global",FALSE,98.8,"global","Sphoeroides annulatus","Eukaryota","Chordata","Actinopteri","Tetraodontiformes","Tetraodontidae","Sphoeroides","Sphoeroides annulatus","Eukaryota","Chordata","Actinopteri","Tetraodontiformes","Tetraodontidae","Sphoeroides","Sphoeroides annulatus","species","Sphoeroides annulatus"
"MiFish_0000372",36,NA,"None",0,"caccgcggttatacgagaggcccaagctgataattatcggcgtaaagagtggttaagattaattgaagactaaagccgaaaacccccatagctgttatacgcacccgggggaaagaagcccaactacgaaagtggctttaccaaacctgaccccacgaaagctgagaca",NA,NA,NA,NA,NA,NA,NA,NA,NA,0,NA,NA,NA,NA,NA,NA,NA,NA,NA,"local",FALSE,NA,NA,NA,NA,NA,NA,NA,NA,NA,NA,NA,NA,NA,NA,NA,NA,NA,NA,NA
"MiFish_0000373",161,"['KF374976']","48193",0.994152046783626,"caccgcggttatacgaaagacccaagctgatagatgtcggcgtaaagagtggttaagtatcttgatagaactaaagccgaacgccctcaagaccgttatacgtttccgaaggtatgaggctcaactacgaaagtaactttaactatatctgattccacgaaagctgcgaaa","[48193]","Mugil cephalus","Eukaryota","Chordata","Actinopteri","Mugiliformes","Mugilidae","Mugil","Mugil cephalus",99.4,"d:Eukaryota,p:Chordata,c:Actinopteri,o:Mugiliformes,f:Mugilidae,g:Mugil,s:Mugil_cephalus","Eukaryota","Chordata","Actinopteri","Mugiliformes","Mugilidae","Mugil","Mugil cephalus",99.4,"local",FALSE,99.4,"local","Mugil cephalus","Eukaryota","Chordata","Actinopteri","Mugiliformes","Mugilidae","Mugil","Mugil cephalus","Eukaryota","Chordata","Actinopteri","Mugiliformes","Mugilidae","Mugil","Mugil cephalus","species","Mugil cephalus"
"MiFish_0000374",15,NA,"None",0,"agccgcggtaagacggaggatgcaagtgttatccggaatcactgggcgtaaagcgtctgtaggtggtttaataagtcaactgttaaatcttgaggctcaacctcaaaatcgcagtcgaaactattagactagagtatagtaggggtaaagggaatttccagtggagcggtgaaatgcgtagagattggaaagaacaccgatggcgaaggcactttactgggctattactaacactcagagacgaaagctagggtag",NA,NA,NA,NA,NA,NA,NA,NA,NA,0,NA,NA,NA,NA,NA,NA,NA,NA,NA,"local",FALSE,NA,NA,NA,NA,NA,NA,NA,NA,NA,NA,NA,NA,NA,NA,NA,NA,NA,NA,NA
"MiFish_0000375",151,NA,"None",0,"caccgcggttatacgagagacccaagttgataagcccggcgtaaagagtggttatggatgaaccccacactaaagctaaagaccccctaggctgttatacgcacctgggggctcgaaccacctatacgaaagtagctttactcccttccaccagaacccacgacagctggggca",NA,NA,NA,NA,NA,NA,NA,NA,NA,0,"d:Eukaryota,p:Chordata,c:Actinopteri,o:Clupeiformes,f:Clupeidae,g:Opisthonema,s:Opisthonema_oglinum","Eukaryota","Chordata","Actinopteri","Clupeiformes","Clupeidae","Opisthonema","Opisthonema oglinum",95.5,"local",FALSE,95.5,"local","Opisthonema oglinum","Eukaryota","Chordata","Actinopteri","Clupeiformes","Clupeidae","Opisthonema","Opisthonema oglinum","Eukaryota","Chordata","Actinopteri","Clupeiformes","Clupeidae","Opisthonema","Opisthonema oglinum","species","Opisthonema oglinum"
"MiFish_0000376",114,NA,"None",0,"caccgcggttatacgaggggcccgagtcgacagccaccggcgtaaagagtggttaaggcctaaatctaaactaaagttgaactccttcaagcaagtgaaatgatcatcgataaggagaagcccacctacgaaagtgactttacttaacctgaccccacgaaagctaaggca",NA,NA,NA,NA,NA,NA,NA,NA,NA,0,NA,NA,NA,NA,NA,NA,NA,NA,NA,"local",FALSE,NA,NA,NA,NA,NA,NA,NA,NA,NA,NA,NA,NA,NA,NA,NA,NA,NA,NA,NA
"MiFish_0000377",155,NA,"None",0,"caccgcggttatacgagaggcccaagttgataagcccggcgtaaagagtggttatggatgaaccccacactaaagctaaagaccccctaggctgttatacgcgcctgggggctcgaaccacctatacgaaagtagctttactcccttccaccagaacccacgacagctggggca",NA,NA,NA,NA,NA,NA,NA,NA,NA,0,NA,NA,NA,NA,NA,NA,NA,NA,NA,"local",FALSE,NA,NA,NA,NA,NA,NA,NA,NA,NA,NA,NA,NA,NA,NA,NA,NA,NA,NA,NA
"MiFish_0000378",1034,NA,"None",0,"agccgcggtaatacggaaggtcctagcgttgttcggaattactgggcgtaaagcgcatgtaggcggaacagaaagttagaagtgaaatccctgggctcaacctaggaattgcttttaaaacttctgttctggaattcaggagaggaaaatggaatatccagtgtagaggtgaaattcgtagatattggatggaacaccagtggcgaaggcgattttctggactgatattgacgctgagatgcgaaggcatgggtag",NA,NA,NA,NA,NA,NA,NA,NA,NA,0,NA,NA,NA,NA,NA,NA,NA,NA,NA,"local",FALSE,NA,NA,NA,NA,NA,NA,NA,NA,NA,NA,NA,NA,NA,NA,NA,NA,NA,NA,NA
"MiFish_0000379",127,NA,"None",0,"caccgcggttatacgagaggcccaagttgataagcccggcgtaaagagtggttatggatgaaccccacactaaggctaaagaccccctaggctgttatacgcacctgggggctcgaaccacctatacgaaagtagctttactcccttccaccagaacccacgacagctggggca",NA,NA,NA,NA,NA,NA,NA,NA,NA,0,NA,NA,NA,NA,NA,NA,NA,NA,NA,"local",FALSE,NA,NA,NA,NA,NA,NA,NA,NA,NA,NA,NA,NA,NA,NA,NA,NA,NA,NA,NA
"MiFish_0000380",547,"['KF374976']","48193",0.982456140350877,"caccgcggttatacgaaagacccaagctgatagatgtcggcgtaaagagtggttaagtatcttgatagaactaaagccgaacgccctcaagaccgttatacgtttccgaaggtatgaagctcaactacgaaagtaactttaactatatctgaacccacgaaagctgtgaaa","[48193]","Mugil cephalus","Eukaryota","Chordata","Actinopteri","Mugiliformes","Mugilidae","Mugil","Mugil cephalus",98.2,"d:Eukaryota,p:Chordata,c:Actinopteri,o:Mugiliformes,f:Mugilidae,g:Mugil,s:Mugil_cephalus","Eukaryota","Chordata","Actinopteri","Mugiliformes","Mugilidae","Mugil","Mugil cephalus",98.2,"local",FALSE,98.2,"local","Mugil cephalus","Eukaryota","Chordata","Actinopteri","Mugiliformes","Mugilidae","Mugil","Mugil cephalus","Eukaryota","Chordata","Actinopteri","Mugiliformes","Mugilidae","Mugil","Mugil cephalus","species","Mugil cephalus"
"MiFish_0000381",23,NA,"None",0,"caccgcggttatacgagaggcctaagttgatagacatcggcgtaaagagtggttagggaagacataaactaaagccgaacacctccaaagctgttatacgctaacgaaggtaggaagcccccctacgaaagtggctttaaatttcctgactccacgaaagctgaggta",NA,NA,NA,NA,NA,NA,NA,NA,NA,0,NA,NA,NA,NA,NA,NA,NA,NA,NA,"local",FALSE,NA,NA,NA,NA,NA,NA,NA,NA,NA,NA,NA,NA,NA,NA,NA,NA,NA,NA,NA
"MiFish_0000382",314,NA,"None",0,"caccgcggttatacgagaggcccaagttgataagcccggcgtaaagagtggttatggatgaaccccacactaaagctaaagaccccctaggctgttatacgcacctgggggctcgaaccacccatacgaaagtagctttactcccttccaccagaacccacgacagctggggca",NA,NA,NA,NA,NA,NA,NA,NA,NA,0,NA,NA,NA,NA,NA,NA,NA,NA,NA,"local",FALSE,NA,NA,NA,NA,NA,NA,NA,NA,NA,NA,NA,NA,NA,NA,NA,NA,NA,NA,NA
"MiFish_0000383",39,"['AP011915']","168377",0.98235294117647,"caccgcggttatacgagaggcccaagttgatagccctcggcgtaaagagtggttaaagtaaaaaacaaaactgaggtcgaacatcttcaaggcagttatacgctcccgaggatatgaagcacaatcacgaaagtagcctcaccctgcttgaacccacgaaagctaggaca","[168377]","Sphoeroides annulatus","Eukaryota","Chordata","Actinopteri","Tetraodontiformes","Tetraodontidae","Sphoeroides","Sphoeroides annulatus",98.2,NA,NA,NA,NA,NA,NA,NA,NA,NA,"global",FALSE,98.2,"global","Sphoeroides annulatus","Eukaryota","Chordata","Actinopteri","Tetraodontiformes","Tetraodontidae","Sphoeroides","Sphoeroides annulatus","Eukaryota","Chordata","Actinopteri","Tetraodontiformes","Tetraodontidae","Sphoeroides","Sphoeroides annulatus","species","Sphoeroides annulatus"
"MiFish_0000384",11,NA,"None",0,"cgccgcggttatacgagtaggctcaagtggatagaacgcggcgtaaagcgtggttaatagaatcttatactaaagccgaacgccctcaaagcagttatacgcattcgaaggtatgaagccccacgacgaaagtggctttaaacactatgattccacgaaagctatgaca",NA,NA,NA,NA,NA,NA,NA,NA,NA,0,NA,NA,NA,NA,NA,NA,NA,NA,NA,"local",FALSE,NA,NA,NA,NA,NA,NA,NA,NA,NA,NA,NA,NA,NA,NA,NA,NA,NA,NA,NA
"MiFish_0000385",31,NA,"None",0,"caccgcggttatacgaggggcccgagtcgacagccaccggcgtaaagagtggttagggtaaaatttaaactaaagccgaacgccctcaagaccgttatacgtttccgaaggtatgaagctcaactacgaaagtaactttaactatatctgattccacgaaagctgcgaaa",NA,NA,NA,NA,NA,NA,NA,NA,NA,0,NA,NA,NA,NA,NA,NA,NA,NA,NA,"local",FALSE,NA,NA,NA,NA,NA,NA,NA,NA,NA,NA,NA,NA,NA,NA,NA,NA,NA,NA,NA
"MiFish_0000386",149,NA,"None",0,"taccgcggttatacgagaggcccaagttgataagcccggcgtaaagagtggttatggatgaaccccacactaaagctaaagaccccctaggctgttatacgcacctgggggctcgaaccacctatacgaaagtagctttactcccttccaccagaacccacgacagctggggca",NA,NA,NA,NA,NA,NA,NA,NA,NA,0,NA,NA,NA,NA,NA,NA,NA,NA,NA,"local",FALSE,NA,NA,NA,NA,NA,NA,NA,NA,NA,NA,NA,NA,NA,NA,NA,NA,NA,NA,NA
"MiFish_0000387",19,"['AP011915']","168377",0.976608187134503,"caccgcggttatacgagaggtccaagttgttagccctcggcgtaaagagtggttaaagtaaaaaacaaaactgaggtcgaacatcttcaaggcagttatacgctcccgaggatatgaagcacaatcacgaaagtagcctcaccctgcttgaccccacgaaagctgagaca","[168377]","Sphoeroides annulatus","Eukaryota","Chordata","Actinopteri","Tetraodontiformes","Tetraodontidae","Sphoeroides","Sphoeroides annulatus",97.7,NA,NA,NA,NA,NA,NA,NA,NA,NA,"global",FALSE,97.7,"global","Sphoeroides annulatus","Eukaryota","Chordata","Actinopteri","Tetraodontiformes","Tetraodontidae","Sphoeroides","Sphoeroides annulatus","Eukaryota","Chordata","Actinopteri","Tetraodontiformes","Tetraodontidae","Sphoeroides","Sphoeroides annulatus","species","Sphoeroides annulatus"
"MiFish_0000388",147,NA,"None",0,"caccgcggttatacgagtaggcccaagtcgatagcttccggcgtaaagcgtggttaaggcctaaatctaaactaaagttgaactccttcaagcaagtgaaatgatcatcgataaggagaagcccacctacgaaagtggctttaccaaacctgaccccacgaaagctgagaca",NA,NA,NA,NA,NA,NA,NA,NA,NA,0,NA,NA,NA,NA,NA,NA,NA,NA,NA,"local",FALSE,NA,NA,NA,NA,NA,NA,NA,NA,NA,NA,NA,NA,NA,NA,NA,NA,NA,NA,NA
"MiFish_0000389",13,NA,"None",0,"caccgcggttatacgagagacccgagttgatagacaccggcgtaaagagtggttaagacttatttaacactaaagccgaacgccctcaaagctgttatacgcacccgagggtaagaagcccaaccacgaaagtggctttaaacactatgattccacgaaagctagggaa",NA,NA,NA,NA,NA,NA,NA,NA,NA,0,NA,NA,NA,NA,NA,NA,NA,NA,NA,"local",FALSE,NA,NA,NA,NA,NA,NA,NA,NA,NA,NA,NA,NA,NA,NA,NA,NA,NA,NA,NA
"MiFish_0000390",102,NA,"None",0,"agccgcggtaagacggaggatgcaagtgttatccggaattattgggcgtaaagcgtctgtaggttgcctaacaagtctgttgttaaaggttaaagcttaactttaaaactgcagcagaaactgctaggcttgagtacagtcgaagtagagggaatttccagtgaagcggtgaaatgcgtagatattggaaggaacaccaatggcgaaagcactctactagacttttactgacactcagagacgaaagctagggtag",NA,NA,NA,NA,NA,NA,NA,NA,NA,0,NA,NA,NA,NA,NA,NA,NA,NA,NA,"local",FALSE,NA,NA,NA,NA,NA,NA,NA,NA,NA,NA,NA,NA,NA,NA,NA,NA,NA,NA,NA
"MiFish_0000391",45,NA,"None",0,"caccgcggttatacgaggggcccaagtcgacagccaccggcgtaaagagtggttagggtaaaatttaaactaaggccaaactcctattaagttcgtctaatgttaattaaaagggagaggcccaactacgaaagtggctttaccaaacctgaccccacgaaagctgagaca",NA,NA,NA,NA,NA,NA,NA,NA,NA,0,NA,NA,NA,NA,NA,NA,NA,NA,NA,"local",FALSE,NA,NA,NA,NA,NA,NA,NA,NA,NA,NA,NA,NA,NA,NA,NA,NA,NA,NA,NA
"MiFish_0000392",169,NA,"None",0,"caccgcggttatacgagaggcccaagttgataagcccggcgtaaagagtggttatggatgaaccccacactaaagctaaagaccccctaggctgttatacgcacctgggggctcgaaccacctatacgaaagtagctttactcccctccaccagaacccacgacagctggggca",NA,NA,NA,NA,NA,NA,NA,NA,NA,0,NA,NA,NA,NA,NA,NA,NA,NA,NA,"local",FALSE,NA,NA,NA,NA,NA,NA,NA,NA,NA,NA,NA,NA,NA,NA,NA,NA,NA,NA,NA
"MiFish_0000393",12,NA,"None",0,"caccgcggttatacgaggggcccgagtcgacagccaccggcgtaaagagtggttatggatgaaccccacactaaagctaaagaccccctaggctgttatacgcacctggaggctcgaaccacctatacgaaagtagctttactcccttccaccagaacccacgacagctggggca",NA,NA,NA,NA,NA,NA,NA,NA,NA,0,NA,NA,NA,NA,NA,NA,NA,NA,NA,"local",FALSE,NA,NA,NA,NA,NA,NA,NA,NA,NA,NA,NA,NA,NA,NA,NA,NA,NA,NA,NA
"MiFish_0000394",80,NA,"None",0,"caccgcggttatacgaggggcccgagtcgacagccaccggcgtaaagagtggttagggtaaaatttaaactaaagccaaactcctattaagttcgtctaatgttaattaaaagggagaggcccaactacgaaagtggctttacaacatctgaacccacgaaagctagggca",NA,NA,NA,NA,NA,NA,NA,NA,NA,0,NA,NA,NA,NA,NA,NA,NA,NA,NA,"local",FALSE,NA,NA,NA,NA,NA,NA,NA,NA,NA,NA,NA,NA,NA,NA,NA,NA,NA,NA,NA
"MiFish_0000395",59,"['AP011915']","168377",0.988235294117647,"caccgcggttatacgagaggtccaagttgttagccctcggcgtaaagagtggttaaagtaaaaagcaaaactgaggtcgaacatcttcaaggcagttatacgctcccgaggatatgaagcacaatcacgaaagtagcctcaccctgcttgaacccacgaaagctaggaca","[168377]","Sphoeroides annulatus","Eukaryota","Chordata","Actinopteri","Tetraodontiformes","Tetraodontidae","Sphoeroides","Sphoeroides annulatus",98.8,NA,NA,NA,NA,NA,NA,NA,NA,NA,"global",FALSE,98.8,"global","Sphoeroides annulatus","Eukaryota","Chordata","Actinopteri","Tetraodontiformes","Tetraodontidae","Sphoeroides","Sphoeroides annulatus","Eukaryota","Chordata","Actinopteri","Tetraodontiformes","Tetraodontidae","Sphoeroides","Sphoeroides annulatus","species","Sphoeroides annulatus"
"MiFish_0000396",19,NA,"None",0,"caccgcggttatacgaggggcccgagtcgacagccaccggcgtaaagagtggttagggtaaaatttaaactaaagccgaacgcccccaaggctgttatacgtgctcggaggtatgaagcccaactacgaaagtggctttaactatatctgaacccacgaaagctgtgaaa",NA,NA,NA,NA,NA,NA,NA,NA,NA,0,NA,NA,NA,NA,NA,NA,NA,NA,NA,"local",FALSE,NA,NA,NA,NA,NA,NA,NA,NA,NA,NA,NA,NA,NA,NA,NA,NA,NA,NA,NA
"MiFish_0000397",119,NA,"None",0,"caccgcggttatacgaggggcccgagtcgacagccaccggcgtaaagagtggttagggtaaaatttaaactaaagccaaactcctattaagttcgtctaatgttaattaaaaggaagaggcccaactacgaaagtggctttaccaaacctgaccccacgaaagctgagaca",NA,NA,NA,NA,NA,NA,NA,NA,NA,0,NA,NA,NA,NA,NA,NA,NA,NA,NA,"local",FALSE,NA,NA,NA,NA,NA,NA,NA,NA,NA,NA,NA,NA,NA,NA,NA,NA,NA,NA,NA
"MiFish_0000398",21,NA,"None",0,"caccgcggttatacgagaggcccaagttgataagcccggcgtaaagagtggttatggatgaaccccacactaaagctaaagaccccctaggctgttatacgcacctggaggctcgaaccgcctatacgaaagtagctttactcccttccaccagaacccacgacagctggggca",NA,NA,NA,NA,NA,NA,NA,NA,NA,0,NA,NA,NA,NA,NA,NA,NA,NA,NA,"local",FALSE,NA,NA,NA,NA,NA,NA,NA,NA,NA,NA,NA,NA,NA,NA,NA,NA,NA,NA,NA
"MiFish_0000399",49,NA,"None",0,"caccgcggttatacgagtaggcccaagtcgatagccaccggcgtaaagagtggttagggtaaaatttaaactaaagccaaactcctattaagttcgtctaatgttaattaaaagggagaggcccaactacgaaagtggctttaccaaacctgaccccacgaaagctgagaca",NA,NA,NA,NA,NA,NA,NA,NA,NA,0,NA,NA,NA,NA,NA,NA,NA,NA,NA,"local",FALSE,NA,NA,NA,NA,NA,NA,NA,NA,NA,NA,NA,NA,NA,NA,NA,NA,NA,NA,NA
"MiFish_0000400",28,NA,"None",0,"accgcggttatacgagaggcccaagttgataagcccggcgtaaagagtggttatggatgaaccccacactaaagctaaagaccccctaggctgttatacgcacctggaggctcgaaccacctatacgaaagtagctttactcccttccaccagaacccacgacagctggggca",NA,NA,NA,NA,NA,NA,NA,NA,NA,0,NA,NA,NA,NA,NA,NA,NA,NA,NA,"local",FALSE,NA,NA,NA,NA,NA,NA,NA,NA,NA,NA,NA,NA,NA,NA,NA,NA,NA,NA,NA
"MiFish_0000401",13,NA,"None",0,"caccgcggttatacgagaggcccaagttgacagccaccggcgtaaagagtggttagggtaaaatttaaactaaagccaaactcctattaagttcgtctaatgttaattaaaagggagaggcccaactacgaaagtggctttaccaaacctgaccccacgaaagctgagaca",NA,NA,NA,NA,NA,NA,NA,NA,NA,0,NA,NA,NA,NA,NA,NA,NA,NA,NA,"local",FALSE,NA,NA,NA,NA,NA,NA,NA,NA,NA,NA,NA,NA,NA,NA,NA,NA,NA,NA,NA
"MiFish_0000402",36,"['OP537870', 'OP537871']","332418",0.953488372093023,"caccgcggttatacgaggggcccgagtcgacagcttccggcgtaaagcgtggttaaggcctaaatctaaactaaagttgaactccttcaagcaagtgaaatgatcatcgataaggagaagcccacctacgaaagtgactttacttaacctgaccccacgaaagctaaggca","[332418]","Eucinostomus melanopterus","Eukaryota","Chordata","Actinopteri","Gerreiformes","Gerreidae","Eucinostomus","Eucinostomus melanopterus",95.3,NA,NA,NA,NA,NA,NA,NA,NA,NA,"global",FALSE,95.3,"global","Eucinostomus melanopterus","Eukaryota","Chordata","Actinopteri","Gerreiformes","Gerreidae","Eucinostomus","Eucinostomus melanopterus","Eukaryota","Chordata","Actinopteri","Gerreiformes","Gerreidae","Eucinostomus",NA,"genus","Eucinostomus"
"MiFish_0000403",176,NA,"None",0,"cgccgcggttatacgagtaggctcaagtggatagaacgcggcgtaaagcgtggttaatagaatcttatactaaagccgagcgccctcaaagcagttatacgcattcgaaggtatgaagccccacgacgaaagtggctttaaacactatgattccacgaaagctagggaa",NA,NA,NA,NA,NA,NA,NA,NA,NA,0,NA,NA,NA,NA,NA,NA,NA,NA,NA,"local",FALSE,NA,NA,NA,NA,NA,NA,NA,NA,NA,NA,NA,NA,NA,NA,NA,NA,NA,NA,NA
"MiFish_0000404",57,"['KF374975']","48194",0.994117647058824,"caccgcggttatacgagaggcccaagttgatagacaccggcgcaaagagtggttaggtaacttaataaactaaagccgaacgcccccaaggctgttatacgtgctcggaggtatgaagcccaactacgaaagtggctttaactatatctgaacccacgaaagctgcgaaa","[48194]","Mugil curema","Eukaryota","Chordata","Actinopteri","Mugiliformes","Mugilidae","Mugil","Mugil curema",99.4,"d:Eukaryota,p:Chordata,c:Actinopteri,o:Mugiliformes,f:Mugilidae,g:Mugil,s:Mugil_thoburni","Eukaryota","Chordata","Actinopteri","Mugiliformes","Mugilidae","Mugil","Mugil thoburni",98.2,"global",TRUE,99.4,"global_lca_to_local","Mugil","Eukaryota","Chordata","Actinopteri","Mugiliformes","Mugilidae","Mugil",NA,"Eukaryota","Chordata","Actinopteri","Mugiliformes","Mugilidae","Mugil",NA,"genus","Mugil"
"MiFish_0000405",12,NA,"None",0,"caccgcggttatacgaggggcccgagttgataagcccggcgtaaagagtggttatggatgaaccccacactaaagctaaagaccccctaggctgttatacgcacctgggggctcgaaccacctatacgaaagtagctttactcccttccaccagaacccacgacagctggggca",NA,NA,NA,NA,NA,NA,NA,NA,NA,0,NA,NA,NA,NA,NA,NA,NA,NA,NA,"local",FALSE,NA,NA,NA,NA,NA,NA,NA,NA,NA,NA,NA,NA,NA,NA,NA,NA,NA,NA,NA
"MiFish_0000406",67,NA,"None",0,"cgccgcggttatacgagtaggctcaagtggatagaacgcggcgtaaagcgtggttaatagaatcttatactaaagccgaacgccctcaaagcagttatacgcattcgaaggtatgaagccccacgacgagagtggctttaaacactatgattccacgaaagctagggaa",NA,NA,NA,NA,NA,NA,NA,NA,NA,0,NA,NA,NA,NA,NA,NA,NA,NA,NA,"local",FALSE,NA,NA,NA,NA,NA,NA,NA,NA,NA,NA,NA,NA,NA,NA,NA,NA,NA,NA,NA
"MiFish_0000407",126,"['AP011915']","168377",0.988235294117647,"caccgcggttatacgagaggtccaagttgttagccctcggcgtaaagagtggttaaagtaaaaaacaaaactgaggtcgaacatcttcaaggcagttatacgctcccgagggtatgaagcacaatcacgaaagtagcctcaccctgcttgaacccacgaaagctaggaca","[168377]","Sphoeroides annulatus","Eukaryota","Chordata","Actinopteri","Tetraodontiformes","Tetraodontidae","Sphoeroides","Sphoeroides annulatus",98.8,NA,NA,NA,NA,NA,NA,NA,NA,NA,"global",FALSE,98.8,"global","Sphoeroides annulatus","Eukaryota","Chordata","Actinopteri","Tetraodontiformes","Tetraodontidae","Sphoeroides","Sphoeroides annulatus","Eukaryota","Chordata","Actinopteri","Tetraodontiformes","Tetraodontidae","Sphoeroides","Sphoeroides annulatus","species","Sphoeroides annulatus"
"MiFish_0000408",101,NA,"None",0,"caccgcggttatacgagtaggcccaagtcgatagcttccggcgtaaagagtggttagggtaaaatttaaactaaagccaaactcctattaagttcgtctaatgttaattaaaagggagaggcccaactacgaaagtggctttaccaaacctgaccccacgaaagctgagaca",NA,NA,NA,NA,NA,NA,NA,NA,NA,0,NA,NA,NA,NA,NA,NA,NA,NA,NA,"local",FALSE,NA,NA,NA,NA,NA,NA,NA,NA,NA,NA,NA,NA,NA,NA,NA,NA,NA,NA,NA
"MiFish_0000409",12,NA,"None",0,"caccgcggttatacgagtaggcccaagtcgatagcttccggcgtaaagagtggttatggatgaaccccacactaaagctaaagaccccctaggctgttatacgcacctgggggctcgaaccacctatacgaaagtagctttactcccttccaccagaacccacgacagctggggca",NA,NA,NA,NA,NA,NA,NA,NA,NA,0,NA,NA,NA,NA,NA,NA,NA,NA,NA,"local",FALSE,NA,NA,NA,NA,NA,NA,NA,NA,NA,NA,NA,NA,NA,NA,NA,NA,NA,NA,NA
"MiFish_0000410",12,NA,"None",0,"caccgcggttatacgaggggcccgagtcgacagccaccggcgtaaagagtggttagggcctaaatctaaactaaagttgaactccttcaagcaagtgaaatgatcatcgataaggagaagcccacctacgaaagtgactttacttaacctgaccccacgaaagctaaggca",NA,NA,NA,NA,NA,NA,NA,NA,NA,0,NA,NA,NA,NA,NA,NA,NA,NA,NA,"local",FALSE,NA,NA,NA,NA,NA,NA,NA,NA,NA,NA,NA,NA,NA,NA,NA,NA,NA,NA,NA
"MiFish_0000411",59,"['KF374975']","48194",0.994117647058824,"caccgcggttatacgagaggcccaagttggtagacaccggcgcaaagagtggttaggtaacttaataaactaaagccgaacgcccccaaggctgttatacgtgctcggaggtatgaagcccaactacgaaagtggctttaactatatctgaacccacgaaagctgtgaaa","[48194]","Mugil curema","Eukaryota","Chordata","Actinopteri","Mugiliformes","Mugilidae","Mugil","Mugil curema",99.4,"d:Eukaryota,p:Chordata,c:Actinopteri,o:Mugiliformes,f:Mugilidae,g:Mugil,s:Mugil_thoburni","Eukaryota","Chordata","Actinopteri","Mugiliformes","Mugilidae","Mugil","Mugil thoburni",98.2,"global",TRUE,99.4,"global_lca_to_local","Mugil","Eukaryota","Chordata","Actinopteri","Mugiliformes","Mugilidae","Mugil",NA,"Eukaryota","Chordata","Actinopteri","Mugiliformes","Mugilidae","Mugil",NA,"genus","Mugil"
"MiFish_0000412",409,"['KF374976']","48193",0.994152046783626,"caccgcggttatacgaaaggcccaagctgatagatgtcggcgtaaagagtggttaagtatcttgatagaactaaagccgaacgccctcaagaccgttatacgtttccgaaggtatgaagctcaactacgaaagtaactttaactatatctgattccacgaaagctgcgaaa","[48193]","Mugil cephalus","Eukaryota","Chordata","Actinopteri","Mugiliformes","Mugilidae","Mugil","Mugil cephalus",99.4,"d:Eukaryota,p:Chordata,c:Actinopteri,o:Mugiliformes,f:Mugilidae,g:Mugil,s:Mugil_cephalus","Eukaryota","Chordata","Actinopteri","Mugiliformes","Mugilidae","Mugil","Mugil cephalus",99.4,"local",FALSE,99.4,"local","Mugil cephalus","Eukaryota","Chordata","Actinopteri","Mugiliformes","Mugilidae","Mugil","Mugil cephalus","Eukaryota","Chordata","Actinopteri","Mugiliformes","Mugilidae","Mugil","Mugil cephalus","species","Mugil cephalus"
"MiFish_0000413",1004,"['KF374975', 'KF374983', 'KF374984']","8190",0.994117647058824,"caccgcggttatacgagaggcccaagttgatagacaccggcgcaaagagtggttaggtaacttaacaaactaaagccgaacgcccccaaggctgttatacgtgctcggaggtatgaagcccaactacgaaagtggctttaactatatctgaacccacgaaagctgtgaaa","[48194, 1229150]","Mugil","Eukaryota","Chordata","Actinopteri","Mugiliformes","Mugilidae","Mugil",NA,99.4,"d:Eukaryota,p:Chordata,c:Actinopteri,o:Mugiliformes,f:Mugilidae,g:Mugil,s:Mugil_thoburni","Eukaryota","Chordata","Actinopteri","Mugiliformes","Mugilidae","Mugil","Mugil thoburni",99.4,"local",FALSE,99.4,"local","Mugil thoburni","Eukaryota","Chordata","Actinopteri","Mugiliformes","Mugilidae","Mugil","Mugil thoburni","Eukaryota","Chordata","Actinopteri","Mugiliformes","Mugilidae","Mugil","Mugil thoburni","species","Mugil thoburni"
"MiFish_0000414",89,"['AP011915']","168377",0.988235294117647,"caccgcggctatacgagaggtccaagttgttagccctcggcgtaaagagtggttaaagtaaaaaacaaaactgaggtcgaacatcttcaaggcagttatacgctcccgaggatatgaagcacaatcacgaaagtagcctcaccctgcttgaacccacgaaagctaggaca","[168377]","Sphoeroides annulatus","Eukaryota","Chordata","Actinopteri","Tetraodontiformes","Tetraodontidae","Sphoeroides","Sphoeroides annulatus",98.8,NA,NA,NA,NA,NA,NA,NA,NA,NA,"global",FALSE,98.8,"global","Sphoeroides annulatus","Eukaryota","Chordata","Actinopteri","Tetraodontiformes","Tetraodontidae","Sphoeroides","Sphoeroides annulatus","Eukaryota","Chordata","Actinopteri","Tetraodontiformes","Tetraodontidae","Sphoeroides","Sphoeroides annulatus","species","Sphoeroides annulatus"
"MiFish_0000415",19,NA,"None",0,"caccgcggttatacgaggggcccaagtcgacagccaccggcgtaaagagtggttaagtatcttgatagaactaaagccgaacgccctcaagaccgttatacgtttccgaaggtatgaagctcaactacgaaagtaactttaactatatctgattccacgaaagctgcgaaa",NA,NA,NA,NA,NA,NA,NA,NA,NA,0,NA,NA,NA,NA,NA,NA,NA,NA,NA,"local",FALSE,NA,NA,NA,NA,NA,NA,NA,NA,NA,NA,NA,NA,NA,NA,NA,NA,NA,NA,NA
"MiFish_0000416",13,NA,"None",0,"caccgcggttatacgaggggcccgagtcgacagccaccggcgtaaagagtggttagggtaaaaaacaaaactgaggtcgaacatcttcaaggcagttatacgctcccgaggatatgaagcacaatcacgaaagtagcctcaccctgcttgaacccacgaaagctaggaca",NA,NA,NA,NA,NA,NA,NA,NA,NA,0,NA,NA,NA,NA,NA,NA,NA,NA,NA,"local",FALSE,NA,NA,NA,NA,NA,NA,NA,NA,NA,NA,NA,NA,NA,NA,NA,NA,NA,NA,NA
"MiFish_0000417",51,"['KT619054']","1167616",0.964497041420118,"caccgcggttatacgagaggcccaagttgacaggctccggcgtaaagcgtggttaaggaacaacaaatactaaagccgaacgcttactaggctgttatacgcttacgaaagtaagaagcacatccacgaaggtggctttactccacctgaacccacgaaagccaagaca","[1167616]","Epinephelus bontoides","Eukaryota","Chordata","Actinopteri","Perciformes","Serranidae","Epinephelus","Epinephelus bontoides",96.4,"d:Eukaryota,p:Chordata,c:Actinopteri,o:Perciformes,f:Serranidae,g:Epinephelus,s:Epinephelus_merra","Eukaryota","Chordata","Actinopteri","Perciformes","Serranidae","Epinephelus","Epinephelus merra",95.3,"global",TRUE,96.4,"global_lca_to_local","Epinephelus","Eukaryota","Chordata","Actinopteri","Perciformes","Serranidae","Epinephelus",NA,"Eukaryota","Chordata","Actinopteri","Perciformes","Serranidae","Epinephelus",NA,"genus","Epinephelus"
"MiFish_0000418",63,"['AP011915']","168377",0.988235294117647,"caccgcggttatacgagaggtccaagttgttagccctcggcgtaaagagtggttaaagtaaaaaacaaaactgaggtcgaacatcttcaaggcagttatacgctcccgaggatatgaagcacaatcacgaaagtagcctcaccctgcttgaacccacgaaagctaggac","[168377]","Sphoeroides annulatus","Eukaryota","Chordata","Actinopteri","Tetraodontiformes","Tetraodontidae","Sphoeroides","Sphoeroides annulatus",98.8,NA,NA,NA,NA,NA,NA,NA,NA,NA,"global",FALSE,98.8,"global","Sphoeroides annulatus","Eukaryota","Chordata","Actinopteri","Tetraodontiformes","Tetraodontidae","Sphoeroides","Sphoeroides annulatus","Eukaryota","Chordata","Actinopteri","Tetraodontiformes","Tetraodontidae","Sphoeroides","Sphoeroides annulatus","species","Sphoeroides annulatus"
"MiFish_0000419",13,NA,"None",0,"caccgcggttatacgagaggcccaagttgatagaacgcggcgtaaagcgtggttaatagaatcttatactaaagccgaacgccctcaaagcagttatacgcattcgaaggtatgaagccccacgacgaaagtggctttaaacactatgattccacgaaagctagggaa",NA,NA,NA,NA,NA,NA,NA,NA,NA,0,NA,NA,NA,NA,NA,NA,NA,NA,NA,"local",FALSE,NA,NA,NA,NA,NA,NA,NA,NA,NA,NA,NA,NA,NA,NA,NA,NA,NA,NA,NA
"MiFish_0000420",26,NA,"None",0,"caccgcggttatacgaggggcccgagtcgacagccaccggcgtaaagagtggttagggtaaaatttaaactaaagccaaactcctattaagttcgtctaatgttaattaaaagggagaggcccaattacgaaagtggctttacaacatctgaacccacgaaagctagggca",NA,NA,NA,NA,NA,NA,NA,NA,NA,0,NA,NA,NA,NA,NA,NA,NA,NA,NA,"local",FALSE,NA,NA,NA,NA,NA,NA,NA,NA,NA,NA,NA,NA,NA,NA,NA,NA,NA,NA,NA
"MiFish_0000421",155,"['KF374983', 'KF374984']","1229150",0.994117647058824,"caccgcggttatacgagaggcccaagttgatagacgccggcgcaaagagtggttaggtaacttaacaaactaaagccgaacgcccccgaggctgttatacgtgctcggaggtatgaagcccaactacgaaagtggctttaactatatctgaacccacgaaagctgtgaaa","[1229150]","Mugil thoburni","Eukaryota","Chordata","Actinopteri","Mugiliformes","Mugilidae","Mugil","Mugil thoburni",99.4,"d:Eukaryota,p:Chordata,c:Actinopteri,o:Mugiliformes,f:Mugilidae,g:Mugil,s:Mugil_thoburni","Eukaryota","Chordata","Actinopteri","Mugiliformes","Mugilidae","Mugil","Mugil thoburni",99.4,"local",FALSE,99.4,"local","Mugil thoburni","Eukaryota","Chordata","Actinopteri","Mugiliformes","Mugilidae","Mugil","Mugil thoburni","Eukaryota","Chordata","Actinopteri","Mugiliformes","Mugilidae","Mugil","Mugil thoburni","species","Mugil thoburni"
"MiFish_0000422",19,"['KF374983', 'KF374984']","1229150",0.98235294117647,"caccgcggttatacgagaggcccaagttgatagacgccggcgcaaagagtggttaggtaacttaacaaactaaagccgaacgcccccaaggctgttatacgtgctcggaggtatgaagcccaactacgaaagtggctttaactatatctgaccccacgaaagctgagaca","[1229150]","Mugil thoburni","Eukaryota","Chordata","Actinopteri","Mugiliformes","Mugilidae","Mugil","Mugil thoburni",98.2,"d:Eukaryota,p:Chordata,c:Actinopteri,o:Mugiliformes,f:Mugilidae,g:Mugil,s:Mugil_thoburni","Eukaryota","Chordata","Actinopteri","Mugiliformes","Mugilidae","Mugil","Mugil thoburni",98.2,"local",FALSE,98.2,"local","Mugil thoburni","Eukaryota","Chordata","Actinopteri","Mugiliformes","Mugilidae","Mugil","Mugil thoburni","Eukaryota","Chordata","Actinopteri","Mugiliformes","Mugilidae","Mugil","Mugil thoburni","species","Mugil thoburni"
"MiFish_0000423",15,"['KY815244']","1182146",0.994117647058824,"caccgcggttatacgagagacccaagttgataagaaccggcgtaaagagtggttatgaacaaccccaaaactaaagccaaatgcccccaaagctgttatacgcactcgggagccggaaacccaaccacgaaagtggctttatattgcctgaacccacgaaagctatgata","[1182146]","Bodianus diplotaenia","Eukaryota","Chordata","Actinopteri","Labriformes","Labridae","Bodianus","Bodianus diplotaenia",99.4,NA,NA,NA,NA,NA,NA,NA,NA,NA,"global",FALSE,99.4,"global","Bodianus diplotaenia","Eukaryota","Chordata","Actinopteri","Labriformes","Labridae","Bodianus","Bodianus diplotaenia","Eukaryota","Chordata","Actinopteri","Labriformes","Labridae","Bodianus","Bodianus diplotaenia","species","Bodianus diplotaenia"
"MiFish_0000424",19,"['KF374983', 'KF374984']","1229150",0.988235294117647,"caccgcggttatacgaggggcccgagttgatagacgccggcgcaaagagtggttaggtaacttaacaaactaaagccgaacgcccccaaggctgttatacgtgctcggaggtatgaagcccaactacgaaagtggctttaactatatctgaacccacgaaagctgtgaaa","[1229150]","Mugil thoburni","Eukaryota","Chordata","Actinopteri","Mugiliformes","Mugilidae","Mugil","Mugil thoburni",98.8,"d:Eukaryota,p:Chordata,c:Actinopteri,o:Mugiliformes,f:Mugilidae,g:Mugil,s:Mugil_thoburni","Eukaryota","Chordata","Actinopteri","Mugiliformes","Mugilidae","Mugil","Mugil thoburni",98.8,"local",FALSE,98.8,"local","Mugil thoburni","Eukaryota","Chordata","Actinopteri","Mugiliformes","Mugilidae","Mugil","Mugil thoburni","Eukaryota","Chordata","Actinopteri","Mugiliformes","Mugilidae","Mugil","Mugil thoburni","species","Mugil thoburni"
"MiFish_0000425",42,NA,"None",0,"caccgcggttatacgagaggcccaagttgatagacgccggcgcaaagagtggttatggatgaaccccacactaaagctaaagaccccctaggctgttatacgcacctgggggctcgaaccacctatacgaaagtagctttactcccttccaccagaacccacgacagctggggca",NA,NA,NA,NA,NA,NA,NA,NA,NA,0,NA,NA,NA,NA,NA,NA,NA,NA,NA,"local",FALSE,NA,NA,NA,NA,NA,NA,NA,NA,NA,NA,NA,NA,NA,NA,NA,NA,NA,NA,NA
"MiFish_0000426",72,NA,"None",0,"caccgcggttatacgaaagacccaagctgatggtcaccggcgtaaagagtggttaagacagattataaactaaagccgaaagccatcacggctgtcatacgcatccgaaggtaagaagcccagttacgaaagtagctttacaacatctgaatccacgaaagctagg",NA,NA,NA,NA,NA,NA,NA,NA,NA,0,NA,NA,NA,NA,NA,NA,NA,NA,NA,"local",FALSE,NA,NA,NA,NA,NA,NA,NA,NA,NA,NA,NA,NA,NA,NA,NA,NA,NA,NA,NA
"MiFish_0000427",380,NA,"None",0,"caccgcggttatacgagaggcccaagttgataagcccggcgtaaagagtggttatggatgaaccccatactaaagctaaagaccccctaggctgttatacgcacctgggggctcgaaccacctatacgaaagtagctttactcccttccaccagaacccacgacagctggggca",NA,NA,NA,NA,NA,NA,NA,NA,NA,0,NA,NA,NA,NA,NA,NA,NA,NA,NA,"local",FALSE,NA,NA,NA,NA,NA,NA,NA,NA,NA,NA,NA,NA,NA,NA,NA,NA,NA,NA,NA
"MiFish_0000428",54,"['KF374976']","48193",0.976608187134503,"caccgcggttatacgaaagacccaagctgatagatgtcggcgtaaagagtggttaagtatcttgatagaactaaagccgaacgccctcaagaccgttatacgtttccgaaggtatgaagctcaactacgaaagtaactttaactatatctgaccccacgaaagctgagaca","[48193]","Mugil cephalus","Eukaryota","Chordata","Actinopteri","Mugiliformes","Mugilidae","Mugil","Mugil cephalus",97.7,"d:Eukaryota,p:Chordata,c:Actinopteri,o:Mugiliformes,f:Mugilidae,g:Mugil,s:Mugil_cephalus","Eukaryota","Chordata","Actinopteri","Mugiliformes","Mugilidae","Mugil","Mugil cephalus",97.7,"local",FALSE,97.7,"local","Mugil cephalus","Eukaryota","Chordata","Actinopteri","Mugiliformes","Mugilidae","Mugil","Mugil cephalus","Eukaryota","Chordata","Actinopteri","Mugiliformes","Mugilidae","Mugil","Mugil cephalus","species","Mugil cephalus"
"MiFish_0000429",24,NA,"None",0,"caccgcggttatacgaggggcccaagttgataagcccggcgtaaagagtggttatggatgaaccccacactaaagctaaagaccccctaggctgttatacgcacctggaggctcgaaccacctatacgaaagtagctttactcccttccaccagaacccacgacagctggggca",NA,NA,NA,NA,NA,NA,NA,NA,NA,0,NA,NA,NA,NA,NA,NA,NA,NA,NA,"local",FALSE,NA,NA,NA,NA,NA,NA,NA,NA,NA,NA,NA,NA,NA,NA,NA,NA,NA,NA,NA
"MiFish_0000430",239,"['MW630253']","1350519",0.994285714285714,"cgccgcggttatacgagaggcccaagttgacagacacggcgtaaagagtggttaggcaaccccctttctacacactaaagtcgaacgccctctaggctgttatacgctctatgaaggcaagaagccccaccacgaaagtgactttattctacctgactccacgaaagctgagata","[1350519]","Stegastes arcifrons","Eukaryota","Chordata","Actinopteri",NA,"Pomacentridae","Stegastes","Stegastes arcifrons",99.4,NA,NA,NA,NA,NA,NA,NA,NA,NA,"global",FALSE,99.4,"global","Stegastes arcifrons","Eukaryota","Chordata","Actinopteri",NA,"Pomacentridae","Stegastes","Stegastes arcifrons","Eukaryota","Chordata","Actinopteri",NA,"Pomacentridae","Stegastes","Stegastes arcifrons","species","Stegastes arcifrons"
"MiFish_0000431",27,NA,"None",0,"caccgcggttatacgaaagacccaagctgatagatgtcggcgtaaagagtggttaagtatcttgatagaactaaagccaaactcctattaagttcgtctaatgttaattaaaagggagaggcccaactacgaaagtggctttaccaaacctgaccccacgaaagctgagaca",NA,NA,NA,NA,NA,NA,NA,NA,NA,0,NA,NA,NA,NA,NA,NA,NA,NA,NA,"local",FALSE,NA,NA,NA,NA,NA,NA,NA,NA,NA,NA,NA,NA,NA,NA,NA,NA,NA,NA,NA
"MiFish_0000432",11,"['AB054133', 'AF417345']","29144",0.994318181818182,"caccgcggttatacgagaggctctagttgacgaactacggcgtaaagcgtggtcacggagagcaatcaatactaaagccaaacgcctcccaggctgtcatacgcatccggaggtacgaagcccaatagcgaaagtagctttattaccgccaacctgaccccacgacaactgagaaa","[29144]","Chanos chanos","Eukaryota","Chordata","Actinopteri","Gonorynchiformes","Chanidae","Chanos","Chanos chanos",99.4,NA,NA,NA,NA,NA,NA,NA,NA,NA,"global",FALSE,99.4,"global","Chanos chanos","Eukaryota","Chordata","Actinopteri","Gonorynchiformes","Chanidae","Chanos","Chanos chanos","Eukaryota","Chordata","Actinopteri","Gonorynchiformes","Chanidae","Chanos","Chanos chanos","species","Chanos chanos"
"MiFish_0000433",46,NA,"None",0,"cgccgcggttatacgagtaggctcaagtggatagaacgcggcgtaaagcgtggttaatagaatcttatactaaagccgaacgccctcaaagcagttatacgcattcgaaggtatgaagccccacgacgaaagtggctttaaacactatgattccacgaaagctgtgaaa",NA,NA,NA,NA,NA,NA,NA,NA,NA,0,NA,NA,NA,NA,NA,NA,NA,NA,NA,"local",FALSE,NA,NA,NA,NA,NA,NA,NA,NA,NA,NA,NA,NA,NA,NA,NA,NA,NA,NA,NA
"MiFish_0000434",10,NA,"None",0,"caccgcggttatacgaaagacccaagctgatagatgtcggcgtaaagagtggttaagtatcttgatagaactaaagccgaacgccctcaagaccgttatacgtttccgaaggtatgaagccccacgacgaaagtggctttaaacactatgattccacgaaagctagggaa",NA,NA,NA,NA,NA,NA,NA,NA,NA,0,NA,NA,NA,NA,NA,NA,NA,NA,NA,"local",FALSE,NA,NA,NA,NA,NA,NA,NA,NA,NA,NA,NA,NA,NA,NA,NA,NA,NA,NA,NA
"MiFish_0000435",67,"['KF374975']","48194",0.994117647058824,"caccgcggttatacgagaggcccaagttgatagacaccggcgcaaggagtggttaggtaacttaataaactaaagccgaacgcccccaaggctgttatacgtgctcggaggtatgaagcccaactacgaaagtggctttaactatatctgaacccacgaaagctgtgaaa","[48194]","Mugil curema","Eukaryota","Chordata","Actinopteri","Mugiliformes","Mugilidae","Mugil","Mugil curema",99.4,"d:Eukaryota,p:Chordata,c:Actinopteri,o:Mugiliformes,f:Mugilidae,g:Mugil,s:Mugil_thoburni","Eukaryota","Chordata","Actinopteri","Mugiliformes","Mugilidae","Mugil","Mugil thoburni",98.2,"global",TRUE,99.4,"global_lca_to_local","Mugil","Eukaryota","Chordata","Actinopteri","Mugiliformes","Mugilidae","Mugil",NA,"Eukaryota","Chordata","Actinopteri","Mugiliformes","Mugilidae","Mugil",NA,"genus","Mugil"
"MiFish_0000436",18,NA,"None",0,"caccgcggttatacgaggggcccgagtcgacagccaccggcgtaaagagtggttaggtatcttgatagaactaaagccgaacgccctcaagaccgttatacgtttccgaaggtatgaagctcaactacgaaagtaactttaactatatctgattccacgaaagctgcgaaa",NA,NA,NA,NA,NA,NA,NA,NA,NA,0,NA,NA,NA,NA,NA,NA,NA,NA,NA,"local",FALSE,NA,NA,NA,NA,NA,NA,NA,NA,NA,NA,NA,NA,NA,NA,NA,NA,NA,NA,NA
"MiFish_0000437",2059,NA,"None",0,"agccgcggtaatacggaaggtcctagcgttgttcggaattactgggcgtaaagcgcatgtaggcggaacaaaaagttagaagtgaaatccctgggctcaacctaggaattgcttttaaaacttttgttctggaattcaggagaggaaaatggaatttccagtgtagaggtgaaattcgtagatattggaaggaacaccagtggcgaaggcgattttctggactgatattgacgctgagatgcgaaggcatgggtag",NA,NA,NA,NA,NA,NA,NA,NA,NA,0,NA,NA,NA,NA,NA,NA,NA,NA,NA,"local",FALSE,NA,NA,NA,NA,NA,NA,NA,NA,NA,NA,NA,NA,NA,NA,NA,NA,NA,NA,NA
"MiFish_0000438",410,"['KF374983', 'KF374984']","1229150",0.994117647058824,"caccgcggttatacgaggggcccaagttgatagacgccggcgcaaagagtggttaggtaacttaacaaactaaagccgaacgcccccaaggctgttatacgtgctcggaggtatgaagcccaactacgaaagtggctttaactatatctgaacccacgaaagctgtgaaa","[1229150]","Mugil thoburni","Eukaryota","Chordata","Actinopteri","Mugiliformes","Mugilidae","Mugil","Mugil thoburni",99.4,"d:Eukaryota,p:Chordata,c:Actinopteri,o:Mugiliformes,f:Mugilidae,g:Mugil,s:Mugil_thoburni","Eukaryota","Chordata","Actinopteri","Mugiliformes","Mugilidae","Mugil","Mugil thoburni",99.4,"local",FALSE,99.4,"local","Mugil thoburni","Eukaryota","Chordata","Actinopteri","Mugiliformes","Mugilidae","Mugil","Mugil thoburni","Eukaryota","Chordata","Actinopteri","Mugiliformes","Mugilidae","Mugil","Mugil thoburni","species","Mugil thoburni"
"MiFish_0000439",18,NA,"None",0,"caccgcggttatacgagaggcctaagttgatagacatcggcgtaaagagtggttagggaagacataaactaaagccgaacaccttcaaagctgttatacgctaacgaaggtaggaagcccccctacgaaagtggctttaccaaacctgaccccacgaaagctgagaca",NA,NA,NA,NA,NA,NA,NA,NA,NA,0,NA,NA,NA,NA,NA,NA,NA,NA,NA,"local",FALSE,NA,NA,NA,NA,NA,NA,NA,NA,NA,NA,NA,NA,NA,NA,NA,NA,NA,NA,NA
"MiFish_0000440",58,NA,"None",0,"caccgcggttatacgagaggcctaagttgatagacatcggcgtaaagagtggttagggaagacataaactaaagccgaacaccttcaaagctgttatacgctaacgaaggtaggaagcccccctacgaaagtggctttaaatttcctgactccacgaaagctgtgaaa",NA,NA,NA,NA,NA,NA,NA,NA,NA,0,NA,NA,NA,NA,NA,NA,NA,NA,NA,"local",FALSE,NA,NA,NA,NA,NA,NA,NA,NA,NA,NA,NA,NA,NA,NA,NA,NA,NA,NA,NA
"MiFish_0000441",22,NA,"None",0,"caccgcggttatacgagaggcccaagttgataagcccggcgtaaagagtggttaaggcctaaatctaaactaaagttgaactccttcaagcaagtgaaatgatcatcgataaggagaagcccacctacgaaagtgactttacttaacctgaccccacgaaagctaaggca",NA,NA,NA,NA,NA,NA,NA,NA,NA,0,NA,NA,NA,NA,NA,NA,NA,NA,NA,"local",FALSE,NA,NA,NA,NA,NA,NA,NA,NA,NA,NA,NA,NA,NA,NA,NA,NA,NA,NA,NA
"MiFish_0000442",87,NA,"None",0,"caccgcggttatacgagaggcccgagttgataagcccggcgtaaagagtggttatggatgaaccccacactaaagctaaagaccccctaggctgttatacgcacctggaggctcgaaccacctatacgaaagtagctttactcccttccaccagaacccacgacagctggggca",NA,NA,NA,NA,NA,NA,NA,NA,NA,0,NA,NA,NA,NA,NA,NA,NA,NA,NA,"local",FALSE,NA,NA,NA,NA,NA,NA,NA,NA,NA,NA,NA,NA,NA,NA,NA,NA,NA,NA,NA
"MiFish_0000443",18,NA,"None",0,"caccgcggttatacgagaggcccaagctgataatcatcggcgtaaagggtggttagggttaattgaagactaaagccgaaagccctcacagctgttatacgcactcgagggtaagaagcccaactacgaaagtggctttaactatatctgaacccacgaaagctgtgaaa",NA,NA,NA,NA,NA,NA,NA,NA,NA,0,NA,NA,NA,NA,NA,NA,NA,NA,NA,"local",FALSE,NA,NA,NA,NA,NA,NA,NA,NA,NA,NA,NA,NA,NA,NA,NA,NA,NA,NA,NA
"MiFish_0000444",10,NA,"None",0,"caccgcggttatacgagtaggcccaagttgataagcccggcgtaaagagtggttatggatgaaccccacactaaagctaaagaccccctaggctgttatacgcacctgggggctcgaaccacctatacgaaagtagctttactcccttccaccagaacccacgacagctggggca",NA,NA,NA,NA,NA,NA,NA,NA,NA,0,NA,NA,NA,NA,NA,NA,NA,NA,NA,"local",FALSE,NA,NA,NA,NA,NA,NA,NA,NA,NA,NA,NA,NA,NA,NA,NA,NA,NA,NA,NA
"MiFish_0000445",29,"['KF374976']","48193",0.982558139534884,"caccgcggttatacgaaagacccaagctgatagatgtcggcgtaaagagtggttaagtatcttgatagaactaaagccgaacgccctcaagaccgttatacgtttccgaaggtatgaagctcaactacgaaagtaactttaactatatctgattccacgaaagctagggaa","[48193]","Mugil cephalus","Eukaryota","Chordata","Actinopteri","Mugiliformes","Mugilidae","Mugil","Mugil cephalus",98.3,"d:Eukaryota,p:Chordata,c:Actinopteri,o:Mugiliformes,f:Mugilidae,g:Mugil,s:Mugil_cephalus","Eukaryota","Chordata","Actinopteri","Mugiliformes","Mugilidae","Mugil","Mugil cephalus",98.2,"global",TRUE,98.3,"global_lca_to_local","Mugil cephalus","Eukaryota","Chordata","Actinopteri","Mugiliformes","Mugilidae","Mugil","Mugil cephalus","Eukaryota","Chordata","Actinopteri","Mugiliformes","Mugilidae","Mugil","Mugil cephalus","species","Mugil cephalus"
"MiFish_0000446",49,"['AP011915']","168377",0.988235294117647,"taccgcggttatacgagaggtccaagttgttagccctcggcgtaaagagtggttaaagtaaaaaacaaaactgaggtcgaacatcttcaaggcagttatacgctcccgaggatatgaagcacaatcacgaaagtagcctcaccctgcttgaacccacgaaagctaggaca","[168377]","Sphoeroides annulatus","Eukaryota","Chordata","Actinopteri","Tetraodontiformes","Tetraodontidae","Sphoeroides","Sphoeroides annulatus",98.8,NA,NA,NA,NA,NA,NA,NA,NA,NA,"global",FALSE,98.8,"global","Sphoeroides annulatus","Eukaryota","Chordata","Actinopteri","Tetraodontiformes","Tetraodontidae","Sphoeroides","Sphoeroides annulatus","Eukaryota","Chordata","Actinopteri","Tetraodontiformes","Tetraodontidae","Sphoeroides","Sphoeroides annulatus","species","Sphoeroides annulatus"
"MiFish_0000447",317,"['KF374983', 'KF374984']","1229150",0.98235294117647,"caccgcggttatacgagaggcccaagttgatagacgccggcgcaaagagtggttaggtaacttaacaaactaaagccgaacgcccccaaggctgttatacgtgctcggaggtatgaagcccaactacgaaagtggctttaactatatctgattccacgaaagctgcgaaa","[1229150]","Mugil thoburni","Eukaryota","Chordata","Actinopteri","Mugiliformes","Mugilidae","Mugil","Mugil thoburni",98.2,"d:Eukaryota,p:Chordata,c:Actinopteri,o:Mugiliformes,f:Mugilidae,g:Mugil,s:Mugil_thoburni","Eukaryota","Chordata","Actinopteri","Mugiliformes","Mugilidae","Mugil","Mugil thoburni",98.2,"local",FALSE,98.2,"local","Mugil thoburni","Eukaryota","Chordata","Actinopteri","Mugiliformes","Mugilidae","Mugil","Mugil thoburni","Eukaryota","Chordata","Actinopteri","Mugiliformes","Mugilidae","Mugil","Mugil thoburni","species","Mugil thoburni"
"MiFish_0000448",157,NA,"None",0,"caccgcggttatacgagaggcccaagctgataattatcggcgtaaagagtggttaagattaattgaagactaaagccgaaaacccccatagctgttatacgcacccgggggaaagaagcccaattacgaaagtggctttaccaaacctgaccccacgaaagctgagaca",NA,NA,NA,NA,NA,NA,NA,NA,NA,0,NA,NA,NA,NA,NA,NA,NA,NA,NA,"local",FALSE,NA,NA,NA,NA,NA,NA,NA,NA,NA,NA,NA,NA,NA,NA,NA,NA,NA,NA,NA
"MiFish_0000449",194,NA,"None",0,"agccgcggtaatacggagggtgcaagcgttaatcggaattactgggcgtaaagcgcgcgtaggcggttttttaagtcggatgtgaaagccccgggctcaacctgggaactgcatccgatactggatcactagaatgcgggagagggaggtagaattccatgtgtagcagtgaaatgcgtagatatatggaggaataccagtggcgaaggcggcctactggctcgacattgacgctgaggtgcgaaagcgtggggag",NA,NA,NA,NA,NA,NA,NA,NA,NA,0,NA,NA,NA,NA,NA,NA,NA,NA,NA,"local",FALSE,NA,NA,NA,NA,NA,NA,NA,NA,NA,NA,NA,NA,NA,NA,NA,NA,NA,NA,NA
"MiFish_0000450",11,"['AY700253', 'KY677758', 'LC499546', 'LC729890']","223142",0.994082840236686,"caccgcggttatacgagagacccaagttgttaggcatcggcgtaaagggtggttaaggcaatacccaaactaaagccgaacatcctccaagccgtcatacgcacacgaagacaagaagcccgataacgaaagtggctctaacctgcctgaacccacgaaagctatgaca","[223145, 223143]","Diodon","Eukaryota","Chordata","Actinopteri","Tetraodontiformes","Diodontidae","Diodon",NA,99.4,NA,NA,NA,NA,NA,NA,NA,NA,NA,"global",FALSE,99.4,"global","Diodon","Eukaryota","Chordata","Actinopteri","Tetraodontiformes","Diodontidae","Diodon",NA,"Eukaryota","Chordata","Actinopteri","Tetraodontiformes","Diodontidae","Diodon",NA,"genus","Diodon"
"MiFish_0000451",17,"['OP154136', 'JN182927']","40493",0.952941176470588,"caccgcggttatacgagagacccaagttgatagacaccggcgtaaagagtggttaagatttacccaaaactaaagccgaacgccctcagagctgttatacgcacccgagagttagaagcccaaccacgaaagtggctttaaacactatgattccacgaaagctagggaa","[40494, 211834]","Lutjanus","Eukaryota","Chordata","Actinopteri","Lutjaniformes","Lutjanidae","Lutjanus",NA,95.3,NA,NA,NA,NA,NA,NA,NA,NA,NA,"global",FALSE,95.3,"global","Lutjanus","Eukaryota","Chordata","Actinopteri","Lutjaniformes","Lutjanidae","Lutjanus",NA,"Eukaryota","Chordata","Actinopteri","Lutjaniformes","Lutjanidae","Lutjanus",NA,"genus","Lutjanus"
"MiFish_0000452",112,"['KF374976']","48193",0.994152046783626,"caccgcggttatacgaaagacccaagctgatagatgtcggcgtaaagagtggttaagtatcttgatagaactaaagccgaacgccctcaagactgttatacgtttccgaaggtatgaagctcaactacgaaagtaactttaactatatctgattccacgaaagctgcgaaa","[48193]","Mugil cephalus","Eukaryota","Chordata","Actinopteri","Mugiliformes","Mugilidae","Mugil","Mugil cephalus",99.4,"d:Eukaryota,p:Chordata,c:Actinopteri,o:Mugiliformes,f:Mugilidae,g:Mugil,s:Mugil_cephalus","Eukaryota","Chordata","Actinopteri","Mugiliformes","Mugilidae","Mugil","Mugil cephalus",99.4,"local",FALSE,99.4,"local","Mugil cephalus","Eukaryota","Chordata","Actinopteri","Mugiliformes","Mugilidae","Mugil","Mugil cephalus","Eukaryota","Chordata","Actinopteri","Mugiliformes","Mugilidae","Mugil","Mugil cephalus","species","Mugil cephalus"
"MiFish_0000453",12,"['AP011915']","168377",0.988235294117647,"caccgcggttatacgagaggtccaagttgttagccctcggcgtaaagagtggttaaagtaaaaaacaaaactgaggtcgaacatcttcaaggcagttatacgctcccgaggatgtgaagcacaatcacgaaagtagcctcaccctgcttgaacccacgaaagctaggaca","[168377]","Sphoeroides annulatus","Eukaryota","Chordata","Actinopteri","Tetraodontiformes","Tetraodontidae","Sphoeroides","Sphoeroides annulatus",98.8,NA,NA,NA,NA,NA,NA,NA,NA,NA,"global",FALSE,98.8,"global","Sphoeroides annulatus","Eukaryota","Chordata","Actinopteri","Tetraodontiformes","Tetraodontidae","Sphoeroides","Sphoeroides annulatus","Eukaryota","Chordata","Actinopteri","Tetraodontiformes","Tetraodontidae","Sphoeroides","Sphoeroides annulatus","species","Sphoeroides annulatus"
"MiFish_0000454",383,NA,"None",0,"agccgcggtaagacggaggatgcaagtgttatccggaatcactgggcgtaaagcgtctgtaggtggcttaacaagtcaactgttaaatcttgaagctcaacttcgaaatcgcagtcgaaactgttaggctagagtatagtaggggtaaagggaatttccagtggagcggtgaaatgcgtagagattggaaagaacaccgatggcgaaggcactttactgggctattactgacactcagagacgaaagctagggtag",NA,NA,NA,NA,NA,NA,NA,NA,NA,0,NA,NA,NA,NA,NA,NA,NA,NA,NA,"local",FALSE,NA,NA,NA,NA,NA,NA,NA,NA,NA,NA,NA,NA,NA,NA,NA,NA,NA,NA,NA
"MiFish_0000455",37,NA,"None",0,"caccgcggttatacgagaggcccaagttgatagacgccggcgtaaagagtggttagggtaaaatttaaactaaagccaaactcctattaagttcgtctaatgttaattaaaagggagaggcccaactacgaaagtggctttaccaaacctgaccccacgaaagctgagaca",NA,NA,NA,NA,NA,NA,NA,NA,NA,0,NA,NA,NA,NA,NA,NA,NA,NA,NA,"local",FALSE,NA,NA,NA,NA,NA,NA,NA,NA,NA,NA,NA,NA,NA,NA,NA,NA,NA,NA,NA
"MiFish_0000456",127,"['MW630253']","1350519",0.994285714285714,"caccgcggttatacgggaggcccaagttgacagacacggcgtaaagagtggttaggcaaccccctttctacacactaaagtcgaacgccctctaggctgttatacgctctatgaaggcaagaagccccaccacgaaagtgactttattctacctgactccacgaaagctgagata","[1350519]","Stegastes arcifrons","Eukaryota","Chordata","Actinopteri",NA,"Pomacentridae","Stegastes","Stegastes arcifrons",99.4,NA,NA,NA,NA,NA,NA,NA,NA,NA,"global",FALSE,99.4,"global","Stegastes arcifrons","Eukaryota","Chordata","Actinopteri",NA,"Pomacentridae","Stegastes","Stegastes arcifrons","Eukaryota","Chordata","Actinopteri",NA,"Pomacentridae","Stegastes","Stegastes arcifrons","species","Stegastes arcifrons"
"MiFish_0000457",387,NA,"None",0,"caccgcggttatacgagaggcccaagttgataagcccggcgtaaagagtggttatggatgaaccccacactaaagctaaagaccccctaggctgttatacgcacctgggggatcgaaccacctatacgaaagtagctttactcccttccaccagaacccacgacagctggggca",NA,NA,NA,NA,NA,NA,NA,NA,NA,0,NA,NA,NA,NA,NA,NA,NA,NA,NA,"local",FALSE,NA,NA,NA,NA,NA,NA,NA,NA,NA,NA,NA,NA,NA,NA,NA,NA,NA,NA,NA
"MiFish_0000458",13,NA,"None",0,"caccgcggttatacgagtaggcccaagtcgatagcttccggcgtaaagcgtggttaaggcctaaatctaaactaaagttgaactccttcaagcaagtgaaatgatcatcgataaggagaagcccacctacgaaagtaactttaactatatctgattccacgaaagctgcgaaa",NA,NA,NA,NA,NA,NA,NA,NA,NA,0,NA,NA,NA,NA,NA,NA,NA,NA,NA,"local",FALSE,NA,NA,NA,NA,NA,NA,NA,NA,NA,NA,NA,NA,NA,NA,NA,NA,NA,NA,NA
"MiFish_0000459",29,NA,"None",0,"caccgcggttatacgagaggcccaagttgataagcccggcgtaaagagtggttatggatgaaccccacactaaagctaaagaccccctaggctgttatacgtgctcggaggtatgaagcccaactacgaaagtggctttaactatatctgaacccacgaaagctgtgaaa",NA,NA,NA,NA,NA,NA,NA,NA,NA,0,NA,NA,NA,NA,NA,NA,NA,NA,NA,"local",FALSE,NA,NA,NA,NA,NA,NA,NA,NA,NA,NA,NA,NA,NA,NA,NA,NA,NA,NA,NA
"MiFish_0000460",54,NA,"None",0,"caccgcggttatacgaaagacccaagctgatagatgtcggcgtaaagagtggttaagtatcttgatagaactaaagccgaacgccctcaagaccgttatacgtttccgaaggtatgaagctcaactacgaaagtggctttaccaaacctgaccccacgaaagctgagaca",NA,NA,NA,NA,NA,NA,NA,NA,NA,0,NA,NA,NA,NA,NA,NA,NA,NA,NA,"local",FALSE,NA,NA,NA,NA,NA,NA,NA,NA,NA,NA,NA,NA,NA,NA,NA,NA,NA,NA,NA
"MiFish_0000461",33,NA,"None",0,"agccgcggtaagacggaggatgcaagtgttatccggaatcactgggcgtaaagcgtctgtaggtggctaagcaagtcaactgttaaatcttgaggctcaacttcaaaatcgcagtcgaaactgtttgactagagtatagtaggggtaaagggaatttccagtggagcggtgaaatgcgtagatattggaaagaacaccgatggcgaaggcactttactgggctattactgacactcagagacgaaagctagggtag",NA,NA,NA,NA,NA,NA,NA,NA,NA,0,NA,NA,NA,NA,NA,NA,NA,NA,NA,"local",FALSE,NA,NA,NA,NA,NA,NA,NA,NA,NA,NA,NA,NA,NA,NA,NA,NA,NA,NA,NA
"MiFish_0000462",305,NA,"None",0,"agccgcggtaatacggagggtgcaagcgttaatcggaattactgggcgtaaagcgcgcgtaggcggttttttaagtcggatgtgaaagccccgggctcaacctgggaactgcatccgatactggatcactagaatgcgggagagggaggtagaattccatgtgtagcagtgaaatgcgtagatatatggaggaataccagtggcgaaggcggcctcctggctcgacattgacgctgaggtgcgaaagcgtggggaa",NA,NA,NA,NA,NA,NA,NA,NA,NA,0,NA,NA,NA,NA,NA,NA,NA,NA,NA,"local",FALSE,NA,NA,NA,NA,NA,NA,NA,NA,NA,NA,NA,NA,NA,NA,NA,NA,NA,NA,NA
"MiFish_0000463",27,NA,"None",0,"caccgcggttatacgagaggcctaagttgatagacatcggcgtaaagagtggttagggaagacataaactaaagccgaacaccttcaaagctgttatacgctaacgaaggtaggaagcccccctacgaaagtggctttaaatttcctgactccacgaaagctgagaca",NA,NA,NA,NA,NA,NA,NA,NA,NA,0,NA,NA,NA,NA,NA,NA,NA,NA,NA,"local",FALSE,NA,NA,NA,NA,NA,NA,NA,NA,NA,NA,NA,NA,NA,NA,NA,NA,NA,NA,NA
"MiFish_0000464",13,NA,"None",0,"caccgcggttatacgaggggcccgagtcgacagccaccggcgtaaagagtggttagggtaaaatttaaactaaagccaaactcctattaagttcgtctaatgttaattaaaagggagaggcccaactacgaaagtggctttacaatatccgaacccacgaaagctagggca",NA,NA,NA,NA,NA,NA,NA,NA,NA,0,NA,NA,NA,NA,NA,NA,NA,NA,NA,"local",FALSE,NA,NA,NA,NA,NA,NA,NA,NA,NA,NA,NA,NA,NA,NA,NA,NA,NA,NA,NA
"MiFish_0000465",279,"['KF374976']","48193",0.994152046783626,"taccgcggttatacgaaagacccaagctgatagatgtcggcgtaaagagtggttaagtatcttgatagaactaaagccgaacgccctcaagaccgttatacgtttccgaaggtatgaagctcaactacgaaagtaactttaactatatctgattccacgaaagctgcgaaa","[48193]","Mugil cephalus","Eukaryota","Chordata","Actinopteri","Mugiliformes","Mugilidae","Mugil","Mugil cephalus",99.4,"d:Eukaryota,p:Chordata,c:Actinopteri,o:Mugiliformes,f:Mugilidae,g:Mugil,s:Mugil_cephalus","Eukaryota","Chordata","Actinopteri","Mugiliformes","Mugilidae","Mugil","Mugil cephalus",99.4,"local",FALSE,99.4,"local","Mugil cephalus","Eukaryota","Chordata","Actinopteri","Mugiliformes","Mugilidae","Mugil","Mugil cephalus","Eukaryota","Chordata","Actinopteri","Mugiliformes","Mugilidae","Mugil","Mugil cephalus","species","Mugil cephalus"
"MiFish_0000466",493,"['KF374976']","48193",0.994152046783626,"caccgcggttatacgaaagacccaagctgatagatgtcggcgtaaagagtggttaagtattttgatagaactaaagccgaacgccctcaagaccgttatacgtttccgaaggtatgaagctcaactacgaaagtaactttaactatatctgattccacgaaagctgcgaaa","[48193]","Mugil cephalus","Eukaryota","Chordata","Actinopteri","Mugiliformes","Mugilidae","Mugil","Mugil cephalus",99.4,"d:Eukaryota,p:Chordata,c:Actinopteri,o:Mugiliformes,f:Mugilidae,g:Mugil,s:Mugil_cephalus","Eukaryota","Chordata","Actinopteri","Mugiliformes","Mugilidae","Mugil","Mugil cephalus",99.4,"local",FALSE,99.4,"local","Mugil cephalus","Eukaryota","Chordata","Actinopteri","Mugiliformes","Mugilidae","Mugil","Mugil cephalus","Eukaryota","Chordata","Actinopteri","Mugiliformes","Mugilidae","Mugil","Mugil cephalus","species","Mugil cephalus"
"MiFish_0000467",17,NA,"None",0,"agccgcggtaatacgggggggacgagtcttattcggaatgactgggcgtaaagggtctgtaggcggttcatcaagttaaaaacaaaagtttaggacccaatcctaaaaagatttttaaaactaatgaactagagtacgaaaggggatagtagaatttctaggggagggctggaatccacatatcctagaaggaataccagaggcgaaggcgactatctgggtcgatactgacgctgagagacgaaagcatgggtag",NA,NA,NA,NA,NA,NA,NA,NA,NA,0,NA,NA,NA,NA,NA,NA,NA,NA,NA,"local",FALSE,NA,NA,NA,NA,NA,NA,NA,NA,NA,NA,NA,NA,NA,NA,NA,NA,NA,NA,NA
"MiFish_0000468",83,"['MW630253']","1350519",0.994285714285714,"caccgcggttatacgagaggcccaagttgacagacacggcgtaaagagtggttaggcaaccccctttccacacactaaagtcgaacgccctctaggctgttatacgctctatgaaggcaagaagccccaccacgaaagtgactttattctacctgactccacgaaagctgagata","[1350519]","Stegastes arcifrons","Eukaryota","Chordata","Actinopteri",NA,"Pomacentridae","Stegastes","Stegastes arcifrons",99.4,NA,NA,NA,NA,NA,NA,NA,NA,NA,"global",FALSE,99.4,"global","Stegastes arcifrons","Eukaryota","Chordata","Actinopteri",NA,"Pomacentridae","Stegastes","Stegastes arcifrons","Eukaryota","Chordata","Actinopteri",NA,"Pomacentridae","Stegastes","Stegastes arcifrons","species","Stegastes arcifrons"
"MiFish_0000469",36,NA,"None",0,"cgccgcggttatacgagtaggctcaagtggatagaacgcggcgtaaagcgtggttaatagaatcttatactaaagccgaacgccctcaaagcagttatacgcattcgaaggtatgaagccccacgacgaaagtggctttaactatatctgaacccacgaaagctgtgaaa",NA,NA,NA,NA,NA,NA,NA,NA,NA,0,NA,NA,NA,NA,NA,NA,NA,NA,NA,"local",FALSE,NA,NA,NA,NA,NA,NA,NA,NA,NA,NA,NA,NA,NA,NA,NA,NA,NA,NA,NA
"MiFish_0000470",26,NA,"None",0,"caccgcggttatacgagaggcccaagttgataagcccggcgtaaagagtggttatggatgaaccccacactaaggctaaagaccccctaggctgttatacgcacctggaggctcgaaccacctatacgaaagtagctttactcccttccaccagaacccacgacagctggggca",NA,NA,NA,NA,NA,NA,NA,NA,NA,0,NA,NA,NA,NA,NA,NA,NA,NA,NA,"local",FALSE,NA,NA,NA,NA,NA,NA,NA,NA,NA,NA,NA,NA,NA,NA,NA,NA,NA,NA,NA
"MiFish_0000471",15,NA,"None",0,"caccgcggttatacgagaggcccaagttgatagacaccggcgcaaagagtggttaggtaacttaataaactaaagccgaacgccctcaagaccgttatacgtttccgaaggtatgaagctcaactacgaaagtaactttaactatatctgattccacgaaagctgcgaaa",NA,NA,NA,NA,NA,NA,NA,NA,NA,0,NA,NA,NA,NA,NA,NA,NA,NA,NA,"local",FALSE,NA,NA,NA,NA,NA,NA,NA,NA,NA,NA,NA,NA,NA,NA,NA,NA,NA,NA,NA
"MiFish_0000472",10,"['KF374975', 'KF374983', 'KF374984']","8190",0.964705882352941,"caccgcggttatacgaggggcccgagtcgacagccaccggcgcaaagagtggttaggtaacttaacaaactaaagccgaacgcccccaaggctgttatacgtgctcggaggtatgaagcccaactacgaaagtggctttaactatatctgaacccacgaaagctgtgaaa","[48194, 1229150]","Mugil","Eukaryota","Chordata","Actinopteri","Mugiliformes","Mugilidae","Mugil",NA,96.5,"d:Eukaryota,p:Chordata,c:Actinopteri,o:Mugiliformes,f:Mugilidae,g:Mugil,s:Mugil_thoburni","Eukaryota","Chordata","Actinopteri","Mugiliformes","Mugilidae","Mugil","Mugil thoburni",96.5,"local",FALSE,96.5,"local","Mugil thoburni","Eukaryota","Chordata","Actinopteri","Mugiliformes","Mugilidae","Mugil","Mugil thoburni","Eukaryota","Chordata","Actinopteri","Mugiliformes","Mugilidae","Mugil","Mugil thoburni","species","Mugil thoburni"
"MiFish_0000473",13,"['AP011915']","168377",0.964912280701754,"caccgcggttatacgagaggcccaagttgataagcccggcgtaaagagtggttaaagtaaaaaacaaaactgaggtcgaacatcttcaaggcagttatacgctcccgaggatatgaagcacaatcacgaaagtagcctcaccctgcttgaacccacgaaagctaggaca","[168377]","Sphoeroides annulatus","Eukaryota","Chordata","Actinopteri","Tetraodontiformes","Tetraodontidae","Sphoeroides","Sphoeroides annulatus",96.5,NA,NA,NA,NA,NA,NA,NA,NA,NA,"global",FALSE,96.5,"global","Sphoeroides annulatus","Eukaryota","Chordata","Actinopteri","Tetraodontiformes","Tetraodontidae","Sphoeroides","Sphoeroides annulatus","Eukaryota","Chordata","Actinopteri","Tetraodontiformes","Tetraodontidae","Sphoeroides","Sphoeroides annulatus","species","Sphoeroides annulatus"
"MiFish_0000474",14,NA,"None",0,"cgccgcggttatacgagtaggctcaagtggatagaacgcggcgtaaagcgtggttaatagaatcttatactaaagccgaacgccctcaaagcagttatacgcattcgaaggtatgaagctcaactacgaaagtaactttaactatatctgattccacgaaagctgcgaaa",NA,NA,NA,NA,NA,NA,NA,NA,NA,0,NA,NA,NA,NA,NA,NA,NA,NA,NA,"local",FALSE,NA,NA,NA,NA,NA,NA,NA,NA,NA,NA,NA,NA,NA,NA,NA,NA,NA,NA,NA
"MiFish_0000475",61,NA,"None",0,"caccgcggttatacgaaagacccaagctgatagatgtcggcgtaaagagtggttaaagtaaaaaacaaaactgaggtcgaacatcttcaaggcagttatacgctcccgaggatatgaagcacaatcacgaaagtagcctcaccctgcttgaacccacgaaagctaggaca",NA,NA,NA,NA,NA,NA,NA,NA,NA,0,NA,NA,NA,NA,NA,NA,NA,NA,NA,"local",FALSE,NA,NA,NA,NA,NA,NA,NA,NA,NA,NA,NA,NA,NA,NA,NA,NA,NA,NA,NA
"MiFish_0000476",222,"['KF374976']","48193",0.994152046783626,"caccgcggttatacgaaagacccaagctgatagatgtcggcgtaaagagtggttaagtatcttgatagaactaaagccgaacgccctcaagaccgttatacgtttccgaaggtatgaagctcaactacgaaggtaactttaactatatctgattccacgaaagctgcgaaa","[48193]","Mugil cephalus","Eukaryota","Chordata","Actinopteri","Mugiliformes","Mugilidae","Mugil","Mugil cephalus",99.4,"d:Eukaryota,p:Chordata,c:Actinopteri,o:Mugiliformes,f:Mugilidae,g:Mugil,s:Mugil_cephalus","Eukaryota","Chordata","Actinopteri","Mugiliformes","Mugilidae","Mugil","Mugil cephalus",99.4,"local",FALSE,99.4,"local","Mugil cephalus","Eukaryota","Chordata","Actinopteri","Mugiliformes","Mugilidae","Mugil","Mugil cephalus","Eukaryota","Chordata","Actinopteri","Mugiliformes","Mugilidae","Mugil","Mugil cephalus","species","Mugil cephalus"
"MiFish_0000477",30,NA,"None",0,"caccgcggttatacgaggggcccaagtcgacagccaccggcgtaaagagtggttagggtaaaatttaaactaaagccaaactcctattaagttcgtctaatgttaattaaaagggagaggcccaactacgaaagtggccttaccaaacctgaccccacgaaagctgagaca",NA,NA,NA,NA,NA,NA,NA,NA,NA,0,NA,NA,NA,NA,NA,NA,NA,NA,NA,"local",FALSE,NA,NA,NA,NA,NA,NA,NA,NA,NA,NA,NA,NA,NA,NA,NA,NA,NA,NA,NA
"MiFish_0000478",60,"['OP035230']","722560",0.964705882352941,"caccgcggttatacgaggggcccaagttgttggaagtcggcgtaaagggtggttaagagtaaactcaagattaaagtcgaacgccttccgggctgttatacgcttccgaaggtaagaagctcaattacgaaagtagctttatattttctgaacccacgaaagctaaggca","[722560]","Archosargus rhomboidalis","Eukaryota","Chordata","Actinopteri","Spariformes","Sparidae","Archosargus","Archosargus rhomboidalis",96.5,NA,NA,NA,NA,NA,NA,NA,NA,NA,"global",FALSE,96.5,"global","Archosargus rhomboidalis","Eukaryota","Chordata","Actinopteri","Spariformes","Sparidae","Archosargus","Archosargus rhomboidalis","Eukaryota","Chordata","Actinopteri","Spariformes","Sparidae",NA,NA,"family","Sparidae"
"MiFish_0000479",30,"['AP011915']","168377",0.988235294117647,"caccgcggttatacgagaggtccaagttgttagccctcggcgtaaagagtggttaaagtaaaaaacaaaactgaggtcgaacgtcttcaaggcagttatacgctcccgaggatatgaagcacaatcacgaaagtagcctcaccctgcttgaacccacgaaagctaggaca","[168377]","Sphoeroides annulatus","Eukaryota","Chordata","Actinopteri","Tetraodontiformes","Tetraodontidae","Sphoeroides","Sphoeroides annulatus",98.8,NA,NA,NA,NA,NA,NA,NA,NA,NA,"global",FALSE,98.8,"global","Sphoeroides annulatus","Eukaryota","Chordata","Actinopteri","Tetraodontiformes","Tetraodontidae","Sphoeroides","Sphoeroides annulatus","Eukaryota","Chordata","Actinopteri","Tetraodontiformes","Tetraodontidae","Sphoeroides","Sphoeroides annulatus","species","Sphoeroides annulatus"
"MiFish_0000480",14,NA,"None",0,"caccgcggttatacgagaggcccaagctgataattatcggcgtaaagagtggttaagattaattgaagactaaagccgaaaacccccatagctgttatacgcacccgggggaaagaagcccaattacgaaagtggctttacaacatctgaacccacgaaagctgtgaaa",NA,NA,NA,NA,NA,NA,NA,NA,NA,0,NA,NA,NA,NA,NA,NA,NA,NA,NA,"local",FALSE,NA,NA,NA,NA,NA,NA,NA,NA,NA,NA,NA,NA,NA,NA,NA,NA,NA,NA,NA
"MiFish_0000481",14,NA,"None",0,"gggacgaaagaccctataaacctcagttaaaaaatctaaatattatatgctttaagattatagcttgtttggggtaaactttaatattaatattattaatataaactgatcttaacacaattaattgaataaggta",NA,NA,NA,NA,NA,NA,NA,NA,NA,0,NA,NA,NA,NA,NA,NA,NA,NA,NA,"local",FALSE,NA,NA,NA,NA,NA,NA,NA,NA,NA,NA,NA,NA,NA,NA,NA,NA,NA,NA,NA
"MiFish_0000482",27,NA,"None",0,"cgccgcggttatacgagtaggctcaagtggatagaacgcggcgtaaagcgtggttaatagaatcttatactaaagccgaacgccctcaaagcagttatacgcattcgaaggtatgaagccccacgacgaaagtggctttaaacactatgattccacgaaagctgcgaaa",NA,NA,NA,NA,NA,NA,NA,NA,NA,0,NA,NA,NA,NA,NA,NA,NA,NA,NA,"local",FALSE,NA,NA,NA,NA,NA,NA,NA,NA,NA,NA,NA,NA,NA,NA,NA,NA,NA,NA,NA
"MiFish_0000483",96,NA,"None",0,"caccgcggttatacgagaggcctaagttgatagacatcggcgtaaagagtggttagggaagacataaactaaagccgaacaccttcaaagctgttatacgctaacgaaggtaggaagcccccctacgaaagtggctttaaatttcctgactccacgaaagctgaggtg",NA,NA,NA,NA,NA,NA,NA,NA,NA,0,NA,NA,NA,NA,NA,NA,NA,NA,NA,"local",FALSE,NA,NA,NA,NA,NA,NA,NA,NA,NA,NA,NA,NA,NA,NA,NA,NA,NA,NA,NA
"MiFish_0000484",40,NA,"None",0,"cgccgcggttatacgagtaggctcaagtggatagaacgcggcgtaaagcgtggttaatagaatcttatactaaagccgaacgccctcaaagcagttatacgcattcgaaggtatgaagccccacgccgaaagtggctttaaacactatgattccacgaaagctagggaa",NA,NA,NA,NA,NA,NA,NA,NA,NA,0,NA,NA,NA,NA,NA,NA,NA,NA,NA,"local",FALSE,NA,NA,NA,NA,NA,NA,NA,NA,NA,NA,NA,NA,NA,NA,NA,NA,NA,NA,NA
"MiFish_0000485",111,NA,"None",0,"caccgcggttatacgagaggcccaagttgataagcccggcgtaaagagtggttatggatgaacccacactaaagctaaagaccccctaggctgttatacgcacctgggggctcgaaccacctatacgaaagtagctttactcccttccaccagaacccacgacagctggggca",NA,NA,NA,NA,NA,NA,NA,NA,NA,0,NA,NA,NA,NA,NA,NA,NA,NA,NA,"local",FALSE,NA,NA,NA,NA,NA,NA,NA,NA,NA,NA,NA,NA,NA,NA,NA,NA,NA,NA,NA
"MiFish_0000486",25,NA,"None",0,"caccgcggttatacgagtaggcccaagtcgatagcttccggcgtaaagcgtggttaaggcctaaatctaaactaaagttgaactccttcaagcaagtgaaatgatcatcgataaggagaagcccacctacgaaagtgactttacttaacctgaccccacgaaagctgtgaaa",NA,NA,NA,NA,NA,NA,NA,NA,NA,0,NA,NA,NA,NA,NA,NA,NA,NA,NA,"local",FALSE,NA,NA,NA,NA,NA,NA,NA,NA,NA,NA,NA,NA,NA,NA,NA,NA,NA,NA,NA
"MiFish_0000487",13,"['AB054133', 'AF417345']","29144",0.994318181818182,"cgccgcggttatacgagaggctctagttgacgaactacggcgtaaagcgtggtcacggagagcaatcaatactaaagccaaacgcctcccaggctgtcatacgcatccggaggtacgaagcccaataacgaaagtagctttattaccgccaacctgaccccacgacaactgagaaa","[29144]","Chanos chanos","Eukaryota","Chordata","Actinopteri","Gonorynchiformes","Chanidae","Chanos","Chanos chanos",99.4,NA,NA,NA,NA,NA,NA,NA,NA,NA,"global",FALSE,99.4,"global","Chanos chanos","Eukaryota","Chordata","Actinopteri","Gonorynchiformes","Chanidae","Chanos","Chanos chanos","Eukaryota","Chordata","Actinopteri","Gonorynchiformes","Chanidae","Chanos","Chanos chanos","species","Chanos chanos"
"MiFish_0000488",176,"['KT619054']","1167616",0.964497041420118,"taccgcggttatacgagaggcccaagttgacaggctccggcgtaaagcgtggttaaggaacaacaaatactaaagccgaacgcttactaggctgttatacgcttacgaaagtaagaagcacacccacgaaggtggctttactccacctgaacccacgaaagccaagaca","[1167616]","Epinephelus bontoides","Eukaryota","Chordata","Actinopteri","Perciformes","Serranidae","Epinephelus","Epinephelus bontoides",96.4,"d:Eukaryota,p:Chordata,c:Actinopteri,o:Perciformes,f:Serranidae,g:Epinephelus,s:Epinephelus_merra","Eukaryota","Chordata","Actinopteri","Perciformes","Serranidae","Epinephelus","Epinephelus merra",95.3,"global",TRUE,96.4,"global_lca_to_local","Epinephelus","Eukaryota","Chordata","Actinopteri","Perciformes","Serranidae","Epinephelus",NA,"Eukaryota","Chordata","Actinopteri","Perciformes","Serranidae","Epinephelus",NA,"genus","Epinephelus"
"MiFish_0000489",40,"['KF374976']","48193",0.953216374269006,"caccgcggttatacgagaggtccaagttgttagccctcggcgtaaagagtggttaagtatcttgatagaactaaagccgaacgccctcaagaccgttatacgtttccgaaggtatgaagctcaactacgaaagtaactttaactatatctgattccacgaaagctgcgaaa","[48193]","Mugil cephalus","Eukaryota","Chordata","Actinopteri","Mugiliformes","Mugilidae","Mugil","Mugil cephalus",95.3,"d:Eukaryota,p:Chordata,c:Actinopteri,o:Mugiliformes,f:Mugilidae,g:Mugil,s:Mugil_cephalus","Eukaryota","Chordata","Actinopteri","Mugiliformes","Mugilidae","Mugil","Mugil cephalus",95.3,"local",FALSE,95.3,"local","Mugil cephalus","Eukaryota","Chordata","Actinopteri","Mugiliformes","Mugilidae","Mugil","Mugil cephalus","Eukaryota","Chordata","Actinopteri","Mugiliformes","Mugilidae","Mugil","Mugil cephalus","species","Mugil cephalus"
"MiFish_0000490",403,"['KF374976']","48193",0.994152046783626,"caccgcggttatacgaaagacccaagctgatagatgtcggcgtaaagagtggttaagtatcttgatagaactaaagccgaacgccctcaagaccgttatacgtttccgaaggtatgaagctcaactacgaaagtaactttaactacatctgattccacgaaagctgcgaaa","[48193]","Mugil cephalus","Eukaryota","Chordata","Actinopteri","Mugiliformes","Mugilidae","Mugil","Mugil cephalus",99.4,"d:Eukaryota,p:Chordata,c:Actinopteri,o:Mugiliformes,f:Mugilidae,g:Mugil,s:Mugil_cephalus","Eukaryota","Chordata","Actinopteri","Mugiliformes","Mugilidae","Mugil","Mugil cephalus",99.4,"local",FALSE,99.4,"local","Mugil cephalus","Eukaryota","Chordata","Actinopteri","Mugiliformes","Mugilidae","Mugil","Mugil cephalus","Eukaryota","Chordata","Actinopteri","Mugiliformes","Mugilidae","Mugil","Mugil cephalus","species","Mugil cephalus"
"MiFish_0000491",73,"['AP011915']","168377",0.988235294117647,"caccgcggttatacgagaggtccaagttgttagccctcagcgtaaagagtggttaaagtaaaaaacaaaactgaggtcgaacatcttcaaggcagttatacgctcccgaggatatgaagcacaatcacgaaagtagcctcaccctgcttgaacccacgaaagctaggaca","[168377]","Sphoeroides annulatus","Eukaryota","Chordata","Actinopteri","Tetraodontiformes","Tetraodontidae","Sphoeroides","Sphoeroides annulatus",98.8,NA,NA,NA,NA,NA,NA,NA,NA,NA,"global",FALSE,98.8,"global","Sphoeroides annulatus","Eukaryota","Chordata","Actinopteri","Tetraodontiformes","Tetraodontidae","Sphoeroides","Sphoeroides annulatus","Eukaryota","Chordata","Actinopteri","Tetraodontiformes","Tetraodontidae","Sphoeroides","Sphoeroides annulatus","species","Sphoeroides annulatus"
"MiFish_0000492",12672,NA,"None",0,"agccgcggtaagacggaggatgcaagtgttatccggaatcactgggcgtaaagcgtctgtaggtggttaagcaagtcaactgttaaatcttgaggctcaacttcaaaatcgcagtcgaaactgtttgactagagtatagtaggggtaaagggaatttccagtggagcggtgaaatgcgtagatattggaaagaacaccgatggcgaaggcactttactgggctattactgacactcagagacgaaagctagggtag",NA,NA,NA,NA,NA,NA,NA,NA,NA,0,NA,NA,NA,NA,NA,NA,NA,NA,NA,"local",FALSE,NA,NA,NA,NA,NA,NA,NA,NA,NA,NA,NA,NA,NA,NA,NA,NA,NA,NA,NA
"MiFish_0000493",13,"['AP011915']","168377",0.982456140350877,"caccgcggttatacgagaggtccaagttgttagccctcggcgtaaagagtggttaaagtaaaaaacaaaactgaggtcgaacatcttcaaggcagttatacgctcccgaggatatgaagcacaatcacgaaagtagcctcaccctgcttgaacccacgaaagctagggaa","[168377]","Sphoeroides annulatus","Eukaryota","Chordata","Actinopteri","Tetraodontiformes","Tetraodontidae","Sphoeroides","Sphoeroides annulatus",98.2,NA,NA,NA,NA,NA,NA,NA,NA,NA,"global",FALSE,98.2,"global","Sphoeroides annulatus","Eukaryota","Chordata","Actinopteri","Tetraodontiformes","Tetraodontidae","Sphoeroides","Sphoeroides annulatus","Eukaryota","Chordata","Actinopteri","Tetraodontiformes","Tetraodontidae","Sphoeroides","Sphoeroides annulatus","species","Sphoeroides annulatus"
"MiFish_0000494",36,NA,"None",0,"caccgcggttatacgaggggcccaagtcgacagccaccggcgtaaagagtggttagggtaaaatttaaactaaagccaaactcctattaagttcgtctaatgttaattaaaagggagaggcccaactacgaaagtggctttaccaaacctgaccccacgaaagctgggaca",NA,NA,NA,NA,NA,NA,NA,NA,NA,0,NA,NA,NA,NA,NA,NA,NA,NA,NA,"local",FALSE,NA,NA,NA,NA,NA,NA,NA,NA,NA,NA,NA,NA,NA,NA,NA,NA,NA,NA,NA
"MiFish_0000495",13,"['KF374976']","48193",0.954022988505747,"caccgcggttatacgagtaggcccaagtcgatagcttccggcgtaaagagtggttaagtatcttgatagaactaaagccgaacgccctcaagaccgttatacgtttccgaaggtatgaagctcaactacgaaagtaactttaactatatctgattccacgaaagctgcgaaa","[48193]","Mugil cephalus","Eukaryota","Chordata","Actinopteri","Mugiliformes","Mugilidae","Mugil","Mugil cephalus",95.4,"d:Eukaryota,p:Chordata,c:Actinopteri,o:Mugiliformes,f:Mugilidae,g:Mugil,s:Mugil_cephalus","Eukaryota","Chordata","Actinopteri","Mugiliformes","Mugilidae","Mugil","Mugil cephalus",95.3,"global",TRUE,95.4,"global_lca_to_local","Mugil cephalus","Eukaryota","Chordata","Actinopteri","Mugiliformes","Mugilidae","Mugil","Mugil cephalus","Eukaryota","Chordata","Actinopteri","Mugiliformes","Mugilidae","Mugil","Mugil cephalus","species","Mugil cephalus"
"MiFish_0000496",386,NA,"None",0,"caccgcggttatacgagaggcccaagttgataagcccggcgtaaagagtggttatggatgaaccccacactaaagctaaagaccccctaggctgttatacgcacctgggggctcgaaccacctacacgaaagtagctttactcccttccaccagaacccacgacagctggggca",NA,NA,NA,NA,NA,NA,NA,NA,NA,0,NA,NA,NA,NA,NA,NA,NA,NA,NA,"local",FALSE,NA,NA,NA,NA,NA,NA,NA,NA,NA,NA,NA,NA,NA,NA,NA,NA,NA,NA,NA
"MiFish_0000497",32,NA,"None",0,"caccgcggttatacgaggggcccaagtcgacagccaccggcgtaaagagtggttagggtaaaatttaaactaaagccaaactcctattaagttcgtctaatgttaattaaaagggggaggcccaactacgaaagtggctttaccaaacctgaccccacgaaagctgagaca",NA,NA,NA,NA,NA,NA,NA,NA,NA,0,NA,NA,NA,NA,NA,NA,NA,NA,NA,"local",FALSE,NA,NA,NA,NA,NA,NA,NA,NA,NA,NA,NA,NA,NA,NA,NA,NA,NA,NA,NA
"MiFish_0000498",31,NA,"None",0,"caccgcggttatacgagtaggcccaagtcgatagcttccggcgtaaagcgtggttaaggcctaaatctaaactaaagttgaactccttcaagcaagtgaaatgatcatcgataaggagaagcccacctacgaaagtgactttaccaaacctgaccccacgaaagctgagaca",NA,NA,NA,NA,NA,NA,NA,NA,NA,0,NA,NA,NA,NA,NA,NA,NA,NA,NA,"local",FALSE,NA,NA,NA,NA,NA,NA,NA,NA,NA,NA,NA,NA,NA,NA,NA,NA,NA,NA,NA
"MiFish_0000499",13,"['KF374976']","48193",0.982456140350877,"caccgcggttatacgagaggcccaagctgatagatgtcggcgtaaagagtggttaagtatcttgatagaactaaagccgaacgccctcaagaccgttatacgtttccgaaggtatgaagctcaactacgaaagtaactttaactatatctgattccacgaaagctgtgaaa","[48193]","Mugil cephalus","Eukaryota","Chordata","Actinopteri","Mugiliformes","Mugilidae","Mugil","Mugil cephalus",98.2,"d:Eukaryota,p:Chordata,c:Actinopteri,o:Mugiliformes,f:Mugilidae,g:Mugil,s:Mugil_cephalus","Eukaryota","Chordata","Actinopteri","Mugiliformes","Mugilidae","Mugil","Mugil cephalus",98.2,"local",FALSE,98.2,"local","Mugil cephalus","Eukaryota","Chordata","Actinopteri","Mugiliformes","Mugilidae","Mugil","Mugil cephalus","Eukaryota","Chordata","Actinopteri","Mugiliformes","Mugilidae","Mugil","Mugil cephalus","species","Mugil cephalus"
"MiFish_0000500",12,NA,"None",0,"caccgcggttatacgagaggcccaagctgataattatcgacgtaaagagtggttaagattaattgaagactaaagccgaaaacccccatagctgttatacgcacccgggggaaagaagcccaattacgaaagtggctttacaacatctgaacccacgaaagctagggca",NA,NA,NA,NA,NA,NA,NA,NA,NA,0,NA,NA,NA,NA,NA,NA,NA,NA,NA,"local",FALSE,NA,NA,NA,NA,NA,NA,NA,NA,NA,NA,NA,NA,NA,NA,NA,NA,NA,NA,NA
"MiFish_0000501",7206,"['OP035266', 'OP154146', 'OP404806']","173312",1,"caccgcggttatacgagaggctcaagttgacagacaacggcgtaaagcgtggttaaggaaaacatacaactaaagcggaacctcctcctagctgttatacgcttccgaggaagtgaactccaactacgaaagtggctttacctaacctgaacccacgaaagctaagaaa","[173312]","Caranx hippos","Eukaryota","Chordata","Actinopteri","Carangiformes","Carangidae","Caranx","Caranx hippos",100,"d:Eukaryota,p:Chordata,c:Actinopteri,o:Carangiformes,f:Carangidae,g:Caranx,s:Caranx_hippos","Eukaryota","Chordata","Actinopteri","Carangiformes","Carangidae","Caranx","Caranx hippos",100,"local",FALSE,100,"local","Caranx hippos","Eukaryota","Chordata","Actinopteri","Carangiformes","Carangidae","Caranx","Caranx hippos","Eukaryota","Chordata","Actinopteri","Carangiformes","Carangidae","Caranx","Caranx hippos","species","Caranx hippos"
"MiFish_0000502",38,"['AP011915']","168377",0.988235294117647,"caccgcggttatacgagaggtccaagttgttagccctcggcgtaaagagtggttaaagtaaagaacaaaactgaggtcgaacatcttcaaggcagttatacgctcccgaggatatgaagcacaatcacgaaagtagcctcaccctgcttgaacccacgaaagctaggaca","[168377]","Sphoeroides annulatus","Eukaryota","Chordata","Actinopteri","Tetraodontiformes","Tetraodontidae","Sphoeroides","Sphoeroides annulatus",98.8,NA,NA,NA,NA,NA,NA,NA,NA,NA,"global",FALSE,98.8,"global","Sphoeroides annulatus","Eukaryota","Chordata","Actinopteri","Tetraodontiformes","Tetraodontidae","Sphoeroides","Sphoeroides annulatus","Eukaryota","Chordata","Actinopteri","Tetraodontiformes","Tetraodontidae","Sphoeroides","Sphoeroides annulatus","species","Sphoeroides annulatus"
"MiFish_0000503",448,"['GU014463', 'KT600980']","882189",0.994252873563218,"caccgcggttatacgagaggcccaagctgacagactatcggcgtaaagagtggttaagagagacacaactaaactagagccgaatgctttcaaggctgttttacgcacccgaaagcaagaagaacaacgacgaaagtggccctattcaattcccaacccacgaaagctaaggca","[882189]","Sufflamen verres","Eukaryota","Chordata","Actinopteri","Tetraodontiformes","Balistidae","Sufflamen","Sufflamen verres",99.4,"d:Eukaryota,p:Chordata,c:Actinopteri,o:Tetraodontiformes,f:Balistidae,g:Sufflamen,s:Sufflamen_fraenatum","Eukaryota","Chordata","Actinopteri","Tetraodontiformes","Balistidae","Sufflamen","Sufflamen fraenatum",98.3,"global",TRUE,99.4,"global_lca_to_local","Sufflamen","Eukaryota","Chordata","Actinopteri","Tetraodontiformes","Balistidae","Sufflamen",NA,"Eukaryota","Chordata","Actinopteri","Tetraodontiformes","Balistidae","Sufflamen",NA,"genus","Sufflamen"
"MiFish_0000504",41,NA,"None",0,"caccgcggttatacgagaggcccaagttgataagcccggcgtaaagagtggttatggatgaaccccacactaaagctaaagaccccctaggctgttatacgcacctgggggctcgaaccacctatacgaaagtagctttactcccttcccccagaacccacgacagctggggca",NA,NA,NA,NA,NA,NA,NA,NA,NA,0,NA,NA,NA,NA,NA,NA,NA,NA,NA,"local",FALSE,NA,NA,NA,NA,NA,NA,NA,NA,NA,NA,NA,NA,NA,NA,NA,NA,NA,NA,NA
"MiFish_0000505",4949,"['KY815286']","317475",0.976047904191617,"caccgcggttatacgagagacccaagtagatggccgccggcgtaaagagtggtttagatgtgcccctactaaagccaaatgacttcaaagctgtcatacgcgcatgaatatacgaagcccaaccacgaaagtggctttaaagctctgactccacgaaagctatgata","[317475]","Halichoeres dispilus","Eukaryota","Chordata","Actinopteri","Labriformes","Labridae","Halichoeres","Halichoeres dispilus",97.6,NA,NA,NA,NA,NA,NA,NA,NA,NA,"global",FALSE,97.6,"global","Halichoeres dispilus","Eukaryota","Chordata","Actinopteri","Labriformes","Labridae","Halichoeres","Halichoeres dispilus","Eukaryota","Chordata","Actinopteri","Labriformes","Labridae","Halichoeres","Halichoeres dispilus","species","Halichoeres dispilus"
"MiFish_0000506",10,NA,"None",0,"caccgcggttatacgaggggcccgagtcgacagccaccggcgtaaagagtggttaatagaatcttatactaaagccgaacgccctcaaagcagttatacgcattcgaaggtatgaagccccacgacgaaagtggctttaaacactatgattccacgaaagctagggaa",NA,NA,NA,NA,NA,NA,NA,NA,NA,0,NA,NA,NA,NA,NA,NA,NA,NA,NA,"local",FALSE,NA,NA,NA,NA,NA,NA,NA,NA,NA,NA,NA,NA,NA,NA,NA,NA,NA,NA,NA
"MiFish_0000507",11,"['OP035157']","482919",0.976331360946746,"caccgcggttatacgagaggcccaagctgataatcatcggcgtaaagggtggttagggttaattgaagactaaagccgaagccctcacagctgttatacgcactcgagggtaagaagcccaactacgaaagtggctttacaatatccgaacccacgaaagctagggca","[482919]","Orthopristis chrysoptera","Eukaryota","Chordata","Actinopteri","Lutjaniformes","Haemulidae","Orthopristis","Orthopristis chrysoptera",97.6,NA,NA,NA,NA,NA,NA,NA,NA,NA,"global",FALSE,97.6,"global","Orthopristis chrysoptera","Eukaryota","Chordata","Actinopteri","Lutjaniformes","Haemulidae","Orthopristis","Orthopristis chrysoptera","Eukaryota","Chordata","Actinopteri","Lutjaniformes","Haemulidae","Orthopristis",NA,"genus","Orthopristis"
"MiFish_0000508",795,NA,"None",0,"cgccgcggttatacgagatatggcccaagttgacagccttcggcgtaaagggtggttaagagaattaaaggaaaaaataaagccgaacacctctcctgctgttatacgcaatcggagataaagaagcccaatcacgaaagtagctttacttcccctcctgaacccacgaaagttatgata",NA,NA,NA,NA,NA,NA,NA,NA,NA,0,NA,NA,NA,NA,NA,NA,NA,NA,NA,"local",FALSE,NA,NA,NA,NA,NA,NA,NA,NA,NA,NA,NA,NA,NA,NA,NA,NA,NA,NA,NA
"MiFish_0000509",192,"['JX135579']","327774",0.976331360946746,"taccgcggttatacgagaggctcaagttgacaggttccggcgtaaagcgtggttaagggtaaataaacactaaagccgaacgcttactaggctgttatacgtatccgaaagtaagaagcacaaccacgaaggtggctttaccttacctgatcccacgaaagctaaggca","[327774]","Hyporthodus octofasciatus","Eukaryota","Chordata","Actinopteri","Perciformes","Serranidae","Hyporthodus","Hyporthodus octofasciatus",97.6,NA,NA,NA,NA,NA,NA,NA,NA,NA,"global",FALSE,97.6,"global","Hyporthodus octofasciatus","Eukaryota","Chordata","Actinopteri","Perciformes","Serranidae","Hyporthodus","Hyporthodus octofasciatus","Eukaryota","Chordata","Actinopteri","Perciformes","Serranidae","Hyporthodus",NA,"genus","Hyporthodus"
"MiFish_0000510",188,NA,"None",0,"taccgcggttatacgagaggctcaagttgacaggctccggcgtaaagcgtggttaaggagaaacaaacactaaagccgaacgcttaccaggctgttatacgctcccgaaagtaagaagcacaattacgaaagtagctttacctcacctgaccccacgaaagccaaggta",NA,NA,NA,NA,NA,NA,NA,NA,NA,0,NA,NA,NA,NA,NA,NA,NA,NA,NA,"local",FALSE,NA,NA,NA,NA,NA,NA,NA,NA,NA,NA,NA,NA,NA,NA,NA,NA,NA,NA,NA
"MiFish_0000511",13,NA,"None",0,"caccgcggttatacgagaggcccaagctgataattatcggcgtaaagagtggttaagattaattgaagactaaagccgaaaacccccatagctgttatacgcacccgggggaaagaagcccaattacgaaagtgactttacaacatctgaacccacgaaagctagggca",NA,NA,NA,NA,NA,NA,NA,NA,NA,0,NA,NA,NA,NA,NA,NA,NA,NA,NA,"local",FALSE,NA,NA,NA,NA,NA,NA,NA,NA,NA,NA,NA,NA,NA,NA,NA,NA,NA,NA,NA
"MiFish_0000512",14,NA,"None",0,"caccgcggttatacgagagacccaagttgatagacaccggcgtaaagagtggttaagatttacccaaaactaaagccgaacgccctcaaagcagttatacgcattcgaaggtatgaagccccacgacgaaagtggctttaaacactatgattccacgaaagctagggaa",NA,NA,NA,NA,NA,NA,NA,NA,NA,0,NA,NA,NA,NA,NA,NA,NA,NA,NA,"local",FALSE,NA,NA,NA,NA,NA,NA,NA,NA,NA,NA,NA,NA,NA,NA,NA,NA,NA,NA,NA
"MiFish_0000513",53,"['OP154136', 'JN182927']","40493",0.982248520710059,"caccgcggttatacgagagacccaagttgatagacaccggcgtaaagagtggttaagatttacccaaaactaaagccgaacgccctcagagctgttatacgcacccgagagttagaagcccaaccacgaaagtggctttaaacaatccgaacccacgaaagctatgata","[40494, 211834]","Lutjanus","Eukaryota","Chordata","Actinopteri","Lutjaniformes","Lutjanidae","Lutjanus",NA,98.2,NA,NA,NA,NA,NA,NA,NA,NA,NA,"global",FALSE,98.2,"global","Lutjanus","Eukaryota","Chordata","Actinopteri","Lutjaniformes","Lutjanidae","Lutjanus",NA,"Eukaryota","Chordata","Actinopteri","Lutjaniformes","Lutjanidae","Lutjanus",NA,"genus","Lutjanus"
"MiFish_0000514",13,"['AP011915']","168377",0.976608187134503,"caccgcggttatacgagaggtccaagttgttagccctcggcgtaaagagtggttaaagtaaaaaacaaaactgaggtcgaacatcttcaaggcagttatacgctcccgaggatatgaagcacaatcacgaaagtagcctcaccctgcttgaacccacgaaagctgcgaaa","[168377]","Sphoeroides annulatus","Eukaryota","Chordata","Actinopteri","Tetraodontiformes","Tetraodontidae","Sphoeroides","Sphoeroides annulatus",97.7,NA,NA,NA,NA,NA,NA,NA,NA,NA,"global",FALSE,97.7,"global","Sphoeroides annulatus","Eukaryota","Chordata","Actinopteri","Tetraodontiformes","Tetraodontidae","Sphoeroides","Sphoeroides annulatus","Eukaryota","Chordata","Actinopteri","Tetraodontiformes","Tetraodontidae","Sphoeroides","Sphoeroides annulatus","species","Sphoeroides annulatus"
"MiFish_0000515",12,NA,"None",0,"agccgcggtaagacggaggatgcaagtgttatccggaatcactgggcgtaaagcgtctgtaggtggtttagtaagtcgaatgttaaatcttgaagcttaacttcgaaatcgcattcgaaactattagacttgagtatagtagaggtaaagggaatttccagtggagcggtgaaatgcgtagatattggaaagaacaccaattgcgaaggcactttactgggctattactgacactcagagacgaaagctagggtag",NA,NA,NA,NA,NA,NA,NA,NA,NA,0,NA,NA,NA,NA,NA,NA,NA,NA,NA,"local",FALSE,NA,NA,NA,NA,NA,NA,NA,NA,NA,NA,NA,NA,NA,NA,NA,NA,NA,NA,NA
"MiFish_0000516",64,"['KF374975']","48194",0.994117647058824,"caccgcggttatacgagaggcccaagttgatagacaccggcgcaaagagtggttaggtaacttaataaactaaagccgaacgcccccaaggctgttatacgtgctcggaggtatgaagcccaactacgaaagtggctttaactatatctgaacccacgaaagctgtggaa","[48194]","Mugil curema","Eukaryota","Chordata","Actinopteri","Mugiliformes","Mugilidae","Mugil","Mugil curema",99.4,"d:Eukaryota,p:Chordata,c:Actinopteri,o:Mugiliformes,f:Mugilidae,g:Mugil,s:Mugil_thoburni","Eukaryota","Chordata","Actinopteri","Mugiliformes","Mugilidae","Mugil","Mugil thoburni",98.2,"global",TRUE,99.4,"global_lca_to_local","Mugil","Eukaryota","Chordata","Actinopteri","Mugiliformes","Mugilidae","Mugil",NA,"Eukaryota","Chordata","Actinopteri","Mugiliformes","Mugilidae","Mugil",NA,"genus","Mugil"
"MiFish_0000517",27,"['OP035230']","722560",0.964705882352941,"caccgcggttatacgaggggcccaagttgttggaggtcggcgtaaagggtggttaagaataaactcaagattaaagtcgaacgccttccgggctgttatacgcttccgaaggtaagaagctcaattacgaaagtagctttatattttctgaacccacgaaagctaaggca","[722560]","Archosargus rhomboidalis","Eukaryota","Chordata","Actinopteri","Spariformes","Sparidae","Archosargus","Archosargus rhomboidalis",96.5,NA,NA,NA,NA,NA,NA,NA,NA,NA,"global",FALSE,96.5,"global","Archosargus rhomboidalis","Eukaryota","Chordata","Actinopteri","Spariformes","Sparidae","Archosargus","Archosargus rhomboidalis","Eukaryota","Chordata","Actinopteri","Spariformes","Sparidae",NA,NA,"family","Sparidae"
"MiFish_0000518",10,NA,"None",0,"caccgcggttatacgagaggcccaagttgataagcccggcgtaaagagtggttatggatgaaccctacactaaagctaaagaccccctaggctgttatacgcacctgggggctcgaaccacctatacgaaagtagctttacccccttccaccagaacccacgacagctggggca",NA,NA,NA,NA,NA,NA,NA,NA,NA,0,"d:Eukaryota,p:Chordata,c:Actinopteri,o:Clupeiformes,f:Clupeidae,g:Opisthonema,s:Opisthonema_oglinum","Eukaryota","Chordata","Actinopteri","Clupeiformes","Clupeidae","Opisthonema","Opisthonema oglinum",95.5,"local",FALSE,95.5,"local","Opisthonema oglinum","Eukaryota","Chordata","Actinopteri","Clupeiformes","Clupeidae","Opisthonema","Opisthonema oglinum","Eukaryota","Chordata","Actinopteri","Clupeiformes","Clupeidae","Opisthonema","Opisthonema oglinum","species","Opisthonema oglinum"
"MiFish_0000519",12,"['MT259025', 'OL702710']","531323",0.976331360946746,"caccgcggttatacgagaggcccgagctgataattgccggcgtaaagagtggttaagatcaaataaaaactaaagccaaaagccctcacagctgttatacgcactcgagggtaggaagcccaactacgaaagtggctttacaacatctgaacccacgaaagctagggtg","[531323]","Anisotremus scapularis","Eukaryota","Chordata","Actinopteri","Lutjaniformes","Haemulidae","Anisotremus","Anisotremus scapularis",97.6,NA,NA,NA,NA,NA,NA,NA,NA,NA,"global",FALSE,97.6,"global","Anisotremus scapularis","Eukaryota","Chordata","Actinopteri","Lutjaniformes","Haemulidae","Anisotremus","Anisotremus scapularis","Eukaryota","Chordata","Actinopteri","Lutjaniformes","Haemulidae","Anisotremus","Anisotremus scapularis","species","Anisotremus scapularis"
"MiFish_0000520",182,"['KF374983', 'KF374984']","1229150",0.970588235294118,"caccgcggttatacgagaggcccaagttgatagacgccggcgcaaagagtggttaggtaacttaacaaactaaagccgaacgcccccaaggctgttatacgtgctcggaggtatgaagcccaactacgaaagtaactttaactatatctgattccacgaaagctgcgaaa","[1229150]","Mugil thoburni","Eukaryota","Chordata","Actinopteri","Mugiliformes","Mugilidae","Mugil","Mugil thoburni",97.1,"d:Eukaryota,p:Chordata,c:Actinopteri,o:Mugiliformes,f:Mugilidae,g:Mugil,s:Mugil_thoburni","Eukaryota","Chordata","Actinopteri","Mugiliformes","Mugilidae","Mugil","Mugil thoburni",97.1,"local",FALSE,97.1,"local","Mugil thoburni","Eukaryota","Chordata","Actinopteri","Mugiliformes","Mugilidae","Mugil","Mugil thoburni","Eukaryota","Chordata","Actinopteri","Mugiliformes","Mugilidae","Mugil","Mugil thoburni","species","Mugil thoburni"
"MiFish_0000521",10,NA,"None",0,"aaccgcggttatacgaggggcccgaattgacgcattacggcgtaaagtgtgattagagacaaaactaaactagaaccaaataccccttatgctgtcatacgctatgggggtcacgaagcccaacaacgaaagtggttctattaaccttgaactcacgacagctaaggca",NA,NA,NA,NA,NA,NA,NA,NA,NA,0,NA,NA,NA,NA,NA,NA,NA,NA,NA,"local",FALSE,NA,NA,NA,NA,NA,NA,NA,NA,NA,NA,NA,NA,NA,NA,NA,NA,NA,NA,NA
"MiFish_0000522",16,NA,"None",0,"caccgcggttatacgaggggcccgagtcgacagccaccggcgtaaagagtggttagggtaaaatttaaactaaagccaaactcctattaagttcgtctaatgttaattaaaagggagaggcccaactacgaaagtggctttaccaaacctgaccccacgaaagctgaga",NA,NA,NA,NA,NA,NA,NA,NA,NA,0,NA,NA,NA,NA,NA,NA,NA,NA,NA,"local",FALSE,NA,NA,NA,NA,NA,NA,NA,NA,NA,NA,NA,NA,NA,NA,NA,NA,NA,NA,NA
"MiFish_0000523",201,NA,"None",0,"agccgcggtaatacggaaggtcctagcgttgttcggaattactgggcgtaaagcgcatgtaggcggaacagaaagttagaagtgaaatccctgggctcaacctaggaattgcttttaaaacttctgttctggaattcaggagaggaaaatggaatttccagtgtagaggtgaaattcgtagatattggaaggaacaccagtggcgaaggcgattttctggactgatattgacgctgagatgcgaaggcatgggtag",NA,NA,NA,NA,NA,NA,NA,NA,NA,0,NA,NA,NA,NA,NA,NA,NA,NA,NA,"local",FALSE,NA,NA,NA,NA,NA,NA,NA,NA,NA,NA,NA,NA,NA,NA,NA,NA,NA,NA,NA
"MiFish_0000524",22,NA,"None",0,"caccgcggttatacgaaagacccaagctgatagatgtcggcgtaaagagtggttaagtatcttgatagaactaaagccgaacgccctcaaagcagttatacgcattcgaaggtatgaagccccacgacgaaagtggctttaaacactatgattccacgaaagctagggaa",NA,NA,NA,NA,NA,NA,NA,NA,NA,0,NA,NA,NA,NA,NA,NA,NA,NA,NA,"local",FALSE,NA,NA,NA,NA,NA,NA,NA,NA,NA,NA,NA,NA,NA,NA,NA,NA,NA,NA,NA
"MiFish_0000525",115,NA,"None",0,"caccacagccatatgattaacccaagctaatagaactcggcataaagaatgtttaaggtctatcctcaataaagctaagttgtaaaaaactccatctaagttgtaaaaaactccagctgaaatcaaatgtactacaaagtggctttaataccctgaagacacaatagctaagacc",NA,NA,NA,NA,NA,NA,NA,NA,NA,0,NA,NA,NA,NA,NA,NA,NA,NA,NA,"local",FALSE,NA,NA,NA,NA,NA,NA,NA,NA,NA,NA,NA,NA,NA,NA,NA,NA,NA,NA,NA
"MiFish_0000526",12,NA,"None",0,"caccgcggttatacgagaggcccaagctgataattatcggcgtaaagagtggttaagattaattgaagactaaagccgaaaacccccatagctgttatacgcacccgagggaaagaagcccaattacgaaagtggctttacaacatctgaacccacgaaagctagggca",NA,NA,NA,NA,NA,NA,NA,NA,NA,0,NA,NA,NA,NA,NA,NA,NA,NA,NA,"local",FALSE,NA,NA,NA,NA,NA,NA,NA,NA,NA,NA,NA,NA,NA,NA,NA,NA,NA,NA,NA
"MiFish_0000527",40,NA,"None",0,"cgccgcggttatacgagtaggctcaagtggatagaacgcggcgtaaagcgtggttaatagaatcttatactaaagccgaacgcccccaaggctgttatacgtgctcggaggtatgaagcccaactacgaaagtggctttaactatatctgaacccacgaaagctgtgaaa",NA,NA,NA,NA,NA,NA,NA,NA,NA,0,NA,NA,NA,NA,NA,NA,NA,NA,NA,"local",FALSE,NA,NA,NA,NA,NA,NA,NA,NA,NA,NA,NA,NA,NA,NA,NA,NA,NA,NA,NA
"MiFish_0000528",82,NA,"None",0,"caccgcggttatacgagaggcccaagttgactagcgctcggcgtaaagggtggttaataatttattacactaaggccgaaccccctctcgactgtctaacgccttcgagggctggaagcacaactacgaaagtggctttaacactttgaccccacgaaaactgtggca",NA,NA,NA,NA,NA,NA,NA,NA,NA,0,NA,NA,NA,NA,NA,NA,NA,NA,NA,"local",FALSE,NA,NA,NA,NA,NA,NA,NA,NA,NA,NA,NA,NA,NA,NA,NA,NA,NA,NA,NA
"MiFish_0000529",31,NA,"None",0,"caccgcggttatacgaggggcccaagtcgacagccgccggcgtaaagagtggttagggtaaaatttaaactaaagccaaactcctattaagttcgtctaatgttaattaaaagggagaggcccaactacgaaagtggctttaccaaacctgaccccacgaaagctgagaca",NA,NA,NA,NA,NA,NA,NA,NA,NA,0,NA,NA,NA,NA,NA,NA,NA,NA,NA,"local",FALSE,NA,NA,NA,NA,NA,NA,NA,NA,NA,NA,NA,NA,NA,NA,NA,NA,NA,NA,NA
"MiFish_0000530",86,NA,"None",0,"agccgcggtaatacggagggtgcgagcgttaatcggaattactgggcgtaaagcgtacgcaggcggtttgttaagcgagatgtgaaagccccgggctcaacctgggaactgcatttcgaactggcaaactagagtatgatagagggtggtagaatttcaggtgtagcggtgaaatgcgtagagatctgaaggaataccgatggcgaaggcagccacctgggtcaatactgacgctcatgtacgaaagcgtggggag",NA,NA,NA,NA,NA,NA,NA,NA,NA,0,NA,NA,NA,NA,NA,NA,NA,NA,NA,"local",FALSE,NA,NA,NA,NA,NA,NA,NA,NA,NA,NA,NA,NA,NA,NA,NA,NA,NA,NA,NA
"MiFish_0000531",83,NA,"None",0,"caccggcgtaaagagtggttagggtaaaatttaaactaaagccaaactcctattaagttcgtctaatgttaattaaaagggagaggcccaactacgaaagtggctttaccaaacctgaccccacgaaagctgagaca",NA,NA,NA,NA,NA,NA,NA,NA,NA,0,NA,NA,NA,NA,NA,NA,NA,NA,NA,"local",FALSE,NA,NA,NA,NA,NA,NA,NA,NA,NA,NA,NA,NA,NA,NA,NA,NA,NA,NA,NA
"MiFish_0000532",24,NA,"None",0,"caccgcggttatacgaggggcccaagtcgacagccaccggcgtaaagagtggttagggtaaaatttaaactaaagccgaactcctattaagttcgtctaatgttaattaaaagggagaggcccaactacgaaagtggctttaccaaacctgaccccacgaaagctgagaca",NA,NA,NA,NA,NA,NA,NA,NA,NA,0,NA,NA,NA,NA,NA,NA,NA,NA,NA,"local",FALSE,NA,NA,NA,NA,NA,NA,NA,NA,NA,NA,NA,NA,NA,NA,NA,NA,NA,NA,NA
"MiFish_0000533",20,"['AP011915']","168377",0.988235294117647,"caccgcggttatacgagaggtccaagttgttagccctcggcgtaaagagtggttaaagcaaaaaacaaaactgaggtcgaacatcttcaaggcagttatacgctcccgaggatatgaagcacaatcacgaaagtagcctcaccctgcttgaacccacgaaagctaggaca","[168377]","Sphoeroides annulatus","Eukaryota","Chordata","Actinopteri","Tetraodontiformes","Tetraodontidae","Sphoeroides","Sphoeroides annulatus",98.8,NA,NA,NA,NA,NA,NA,NA,NA,NA,"global",FALSE,98.8,"global","Sphoeroides annulatus","Eukaryota","Chordata","Actinopteri","Tetraodontiformes","Tetraodontidae","Sphoeroides","Sphoeroides annulatus","Eukaryota","Chordata","Actinopteri","Tetraodontiformes","Tetraodontidae","Sphoeroides","Sphoeroides annulatus","species","Sphoeroides annulatus"
"MiFish_0000534",36,NA,"None",0,"caccgcggttatacgaggggcccgagtggacagccaccggcgtaaagagtggttagggtaaaatttaaactaaagccaaactcctattaagttcgtctaatgttaattaaaagggagaggcccaactacgaaagtggctttaccaaacctgaccccacgaaagctgagaca",NA,NA,NA,NA,NA,NA,NA,NA,NA,0,NA,NA,NA,NA,NA,NA,NA,NA,NA,"local",FALSE,NA,NA,NA,NA,NA,NA,NA,NA,NA,NA,NA,NA,NA,NA,NA,NA,NA,NA,NA
"MiFish_0000535",15,"['OP537870', 'OP537871']","332418",0.965116279069768,"caccgcggttatacgagtaggcccaagtcgatagcttccggcgtaaagcgtggttaaggcctaaatctaaactaaagttgaactccttcaagcaagtgaaatgatcatcgataaggagaagcccacctacgaaagtgactttacttaacctgaccccacgaaagctatggca","[332418]","Eucinostomus melanopterus","Eukaryota","Chordata","Actinopteri","Gerreiformes","Gerreidae","Eucinostomus","Eucinostomus melanopterus",96.5,NA,NA,NA,NA,NA,NA,NA,NA,NA,"global",FALSE,96.5,"global","Eucinostomus melanopterus","Eukaryota","Chordata","Actinopteri","Gerreiformes","Gerreidae","Eucinostomus","Eucinostomus melanopterus","Eukaryota","Chordata","Actinopteri","Gerreiformes","Gerreidae","Eucinostomus",NA,"genus","Eucinostomus"
"MiFish_0000536",17,NA,"None",0,"agccgcggtaatacgagaggggcaagtgttattcggaatgactaggcgtaaagcgcacataggctgttttttaagttgaaatttaaagtaggaagcttaacttctaaattggtttcaatactaataaactagagtaagaatagaggatagtggaatttttaataaagagttgaaattcgtcgacattagaaggaaggccaatggcgaaggcaactatctagctcttaactgacgctgttgtgcgaaagcatggggag",NA,NA,NA,NA,NA,NA,NA,NA,NA,0,NA,NA,NA,NA,NA,NA,NA,NA,NA,"local",FALSE,NA,NA,NA,NA,NA,NA,NA,NA,NA,NA,NA,NA,NA,NA,NA,NA,NA,NA,NA
"MiFish_0000537",12,NA,"None",0,"caccgcggttatacgaggggcccgagtcgacagccaccggcgtaaagagtggttagggtaaaatttaaactaaagccaaactcctattaagttcgtctaatgttaattaaaagggagaggcccaactacgaaagtggctttacttaacctgaccccacgaaagctaaggca",NA,NA,NA,NA,NA,NA,NA,NA,NA,0,NA,NA,NA,NA,NA,NA,NA,NA,NA,"local",FALSE,NA,NA,NA,NA,NA,NA,NA,NA,NA,NA,NA,NA,NA,NA,NA,NA,NA,NA,NA
"MiFish_0000538",10,NA,"None",0,"caccgcggttatacgagaggcctaagttgatagacatcggcgtaaagagtggttagggaagacataaactaaagccgaacaccttcaaagctgttatacgctaacgaaggtaggaagcccccctacgaaagtggctttaaatttcctgactccacgaaagttgaggta",NA,NA,NA,NA,NA,NA,NA,NA,NA,0,NA,NA,NA,NA,NA,NA,NA,NA,NA,"local",FALSE,NA,NA,NA,NA,NA,NA,NA,NA,NA,NA,NA,NA,NA,NA,NA,NA,NA,NA,NA
"MiFish_0000539",17,NA,"None",0,"caccgcggttatacgagaggcccaagttgacagacacggcgtaaagagtggttagggtaaaatttaaactaaagccaaactcctattaagttcgtctaatgttaattaaaagggagaggcccaactacgaaagtggctttaccaaacctgaccccacgaaagctgagaca",NA,NA,NA,NA,NA,NA,NA,NA,NA,0,NA,NA,NA,NA,NA,NA,NA,NA,NA,"local",FALSE,NA,NA,NA,NA,NA,NA,NA,NA,NA,NA,NA,NA,NA,NA,NA,NA,NA,NA,NA
"MiFish_0000540",1698,NA,"None",0,"caccgcggttatacgagaggcccaagctgatatttaccggcgtaaagagtggttaagatttatcaaagactaaagccgaaaacccccacagctgttatacgcacccggaggaaagaagcccaattacgaaagtggctttacaatatctgaacccacgaaagctagggta",NA,NA,NA,NA,NA,NA,NA,NA,NA,0,NA,NA,NA,NA,NA,NA,NA,NA,NA,"local",FALSE,NA,NA,NA,NA,NA,NA,NA,NA,NA,NA,NA,NA,NA,NA,NA,NA,NA,NA,NA
"MiFish_0000541",15,"['AY700253', 'KY677758', 'LC499546', 'LC729890']","223142",0.994082840236686,"caccgcggttatacgagagacccaagttgttaggcatcggcgtaaagggtggttaaggcaatacccaaactaaagccgaacatcttccaagccgtcatacgcacacgaagacaagaagcccgataacgaaagtggctctaacctgcctgaacccacgaaagctatgacg","[223145, 223143]","Diodon","Eukaryota","Chordata","Actinopteri","Tetraodontiformes","Diodontidae","Diodon",NA,99.4,NA,NA,NA,NA,NA,NA,NA,NA,NA,"global",FALSE,99.4,"global","Diodon","Eukaryota","Chordata","Actinopteri","Tetraodontiformes","Diodontidae","Diodon",NA,"Eukaryota","Chordata","Actinopteri","Tetraodontiformes","Diodontidae","Diodon",NA,"genus","Diodon"
"MiFish_0000542",422,"['KF374983', 'KF374984']","1229150",0.994117647058824,"caccgcggttatacgagaggcccaagttgatagacgccggcgcaaagagtggttaggtaacttaacaagctaaagccgaacgcccccaaggctgttatacgtgctcggaggtatgaagcccaactacgaaagtggctttaactatatctgaacccacgaaagctgtgaaa","[1229150]","Mugil thoburni","Eukaryota","Chordata","Actinopteri","Mugiliformes","Mugilidae","Mugil","Mugil thoburni",99.4,"d:Eukaryota,p:Chordata,c:Actinopteri,o:Mugiliformes,f:Mugilidae,g:Mugil,s:Mugil_thoburni","Eukaryota","Chordata","Actinopteri","Mugiliformes","Mugilidae","Mugil","Mugil thoburni",99.4,"local",FALSE,99.4,"local","Mugil thoburni","Eukaryota","Chordata","Actinopteri","Mugiliformes","Mugilidae","Mugil","Mugil thoburni","Eukaryota","Chordata","Actinopteri","Mugiliformes","Mugilidae","Mugil","Mugil thoburni","species","Mugil thoburni"
"MiFish_0000543",48,NA,"None",0,"agccgcggtaatacggagggtgcaggcgttaatcggaattactgggcgtaaagcgcgcgtaggcggttttttaagtcggatgtgaaagccccgggctcaacctgggaactgcatccgatactggatcactagaatgcgggagagggaggtagaattccatgtgtagcagtgaaatgcgtagatatatggaggaataccagtggcgaaggcggcctcctggctcgacattgacgctgaggtgcgaaagcgtggggag",NA,NA,NA,NA,NA,NA,NA,NA,NA,0,NA,NA,NA,NA,NA,NA,NA,NA,NA,"local",FALSE,NA,NA,NA,NA,NA,NA,NA,NA,NA,NA,NA,NA,NA,NA,NA,NA,NA,NA,NA
"MiFish_0000544",53,NA,"None",0,"caccgcggttatacgagtaggcccaagtcgatagcttccggcgtaaagcgtggttagggtaaaatttaaactaaagccaaactcctattaagttcgtctaatgttaattaaaagggagaggcccaactacgaaagtggctttaccaaacctgaccccacgaaagctgagaca",NA,NA,NA,NA,NA,NA,NA,NA,NA,0,NA,NA,NA,NA,NA,NA,NA,NA,NA,"local",FALSE,NA,NA,NA,NA,NA,NA,NA,NA,NA,NA,NA,NA,NA,NA,NA,NA,NA,NA,NA
"MiFish_0000545",21,"['MW630253']","1350519",0.982954545454545,"caccgcggttatacgagaggcccaagttgacagacacggcgtaaagagtggttaggcaaccccctttctacacactaaagtcgaacgccctctaggctgttatacgctctatgaaggcaagaagccccaccacgaaagtgactttattctacctgactccacgaaagctagggaa","[1350519]","Stegastes arcifrons","Eukaryota","Chordata","Actinopteri",NA,"Pomacentridae","Stegastes","Stegastes arcifrons",98.3,NA,NA,NA,NA,NA,NA,NA,NA,NA,"global",FALSE,98.3,"global","Stegastes arcifrons","Eukaryota","Chordata","Actinopteri",NA,"Pomacentridae","Stegastes","Stegastes arcifrons","Eukaryota","Chordata","Actinopteri",NA,"Pomacentridae","Stegastes","Stegastes arcifrons","species","Stegastes arcifrons"
"MiFish_0000546",33,NA,"None",0,"gttaatcggaattactgggcgtaaagcgcgcgtaggcggttttttaagtcggatgtgaaagccccgggctcaacctgggaactgcatccgatactggatcactagaatgcgggagagggaggtagaattccatgtgtagcagtgaaatgcgtagatatatggaggaataccagtggcgaaggcggcctcctggctcgacattgacgctgaggtgcgaaagcgtggggag",NA,NA,NA,NA,NA,NA,NA,NA,NA,0,NA,NA,NA,NA,NA,NA,NA,NA,NA,"local",FALSE,NA,NA,NA,NA,NA,NA,NA,NA,NA,NA,NA,NA,NA,NA,NA,NA,NA,NA,NA
"MiFish_0000547",151,"['KF374976']","48193",0.970760233918129,"caccgcggttatacgaaagacccaagctgatagatgtcggcgtaaagagtggttaagtatcttgatagaactaaagccgaacgccctcaagaccgttatacgtttccgaaggtatgaagctcaactacgaaagtggctttaactatatctgaacccacgaaagctgtgaaa","[48193]","Mugil cephalus","Eukaryota","Chordata","Actinopteri","Mugiliformes","Mugilidae","Mugil","Mugil cephalus",97.1,"d:Eukaryota,p:Chordata,c:Actinopteri,o:Mugiliformes,f:Mugilidae,g:Mugil,s:Mugil_cephalus","Eukaryota","Chordata","Actinopteri","Mugiliformes","Mugilidae","Mugil","Mugil cephalus",97.1,"local",FALSE,97.1,"local","Mugil cephalus","Eukaryota","Chordata","Actinopteri","Mugiliformes","Mugilidae","Mugil","Mugil cephalus","Eukaryota","Chordata","Actinopteri","Mugiliformes","Mugilidae","Mugil","Mugil cephalus","species","Mugil cephalus"
"MiFish_0000548",21,NA,"None",0,"caccgcggttatacgagaggcccaagttgacagacacggcgtaaagagtggttatggatgaaccccacactaaagctaaagaccccctaggctgttatacgcacctgggggctcgaaccacctatacgaaagtagctttactcccttccaccagaacccacgacagctggggca",NA,NA,NA,NA,NA,NA,NA,NA,NA,0,NA,NA,NA,NA,NA,NA,NA,NA,NA,"local",FALSE,NA,NA,NA,NA,NA,NA,NA,NA,NA,NA,NA,NA,NA,NA,NA,NA,NA,NA,NA
"MiFish_0000549",16,NA,"None",0,"cgccgcggttatacgagtaggctcaagtggatagaacgcggcgtaaagcgtggttaatagaatcttatactaaagccgaacgccctcaagaccgttatacgtttccgaaggtatgaagctcaactacgaaagtaactttaactatatctgattccacgaaagctgcgaaa",NA,NA,NA,NA,NA,NA,NA,NA,NA,0,NA,NA,NA,NA,NA,NA,NA,NA,NA,"local",FALSE,NA,NA,NA,NA,NA,NA,NA,NA,NA,NA,NA,NA,NA,NA,NA,NA,NA,NA,NA
"MiFish_0000550",10,"['KF374983', 'KF374984']","1229150",0.95906432748538,"caccgcggttatacgagaggcccaagttgatagacgccggcgcaaagagtggttaggtaacttaacaaactaaagccgaacgcccccaaggctgttatacgtgctcggaggtatgaagcccaactacgaaagtggctttacaatatccgaacccacgaaagctagggca","[1229150]","Mugil thoburni","Eukaryota","Chordata","Actinopteri","Mugiliformes","Mugilidae","Mugil","Mugil thoburni",95.9,"d:Eukaryota,p:Chordata,c:Actinopteri,o:Mugiliformes,f:Mugilidae,g:Mugil,s:Mugil_thoburni","Eukaryota","Chordata","Actinopteri","Mugiliformes","Mugilidae","Mugil","Mugil thoburni",95.9,"local",FALSE,95.9,"local","Mugil thoburni","Eukaryota","Chordata","Actinopteri","Mugiliformes","Mugilidae","Mugil","Mugil thoburni","Eukaryota","Chordata","Actinopteri","Mugiliformes","Mugilidae","Mugil","Mugil thoburni","species","Mugil thoburni"
"MiFish_0000551",182,"['LC589607', 'LC622084']","515216",0.952941176470588,"cgccgcggttatacgagtaggcccaagtggatagaacgcggcgtaaagcgtggttaatagaatcttatactaaagccgaacgccctcaaagcagttatacgcattcgaaggtatgaagccccacgacgaaagtggctttaaacactatgattccacgaaagctagggaa","[515216]","Bathygobius fuscus","Eukaryota","Chordata","Actinopteri","Gobiiformes","Gobiidae","Bathygobius","Bathygobius fuscus",95.3,NA,NA,NA,NA,NA,NA,NA,NA,NA,"global",FALSE,95.3,"global","Bathygobius fuscus","Eukaryota","Chordata","Actinopteri","Gobiiformes","Gobiidae","Bathygobius","Bathygobius fuscus","Eukaryota","Chordata","Actinopteri","Gobiiformes","Gobiidae","Bathygobius",NA,"genus","Bathygobius"
"MiFish_0000552",45,NA,"None",0,"cgccgcggttatacgagtaggctcaagtggatagaacgcggcgtaaagcgtggttaatagaatcttatactaaagccgaacgccctcaaagcagttatacgcattcgaaggtatgaagctccacgacgaaagtggctttaaacactatgattccacgaaagctagggaa",NA,NA,NA,NA,NA,NA,NA,NA,NA,0,NA,NA,NA,NA,NA,NA,NA,NA,NA,"local",FALSE,NA,NA,NA,NA,NA,NA,NA,NA,NA,NA,NA,NA,NA,NA,NA,NA,NA,NA,NA
"MiFish_0000553",16,NA,"None",0,"caccgcggttatacgaggggcccaagtcgacagccaccggcgtaaagagtggttagggtaaaatttaaactaaagccaaactcctattaagttcgtctaatgttaattaaaagggagaggcccaactacgaaagtggctttaccaaacctgaccccacgaaagctaaggca",NA,NA,NA,NA,NA,NA,NA,NA,NA,0,NA,NA,NA,NA,NA,NA,NA,NA,NA,"local",FALSE,NA,NA,NA,NA,NA,NA,NA,NA,NA,NA,NA,NA,NA,NA,NA,NA,NA,NA,NA
"MiFish_0000554",51,NA,"None",0,"cgccgcggttatacgagatatggcccaagttgacagccttcggcgtaaagggtggttaagagaattaaaggaaaaaataaagccgaacacctctcctgctgttatacgcaatcggagataaagaagcccaatcacgaaagtagctttacttcccctcctgaacccacgaaagttatgaca",NA,NA,NA,NA,NA,NA,NA,NA,NA,0,NA,NA,NA,NA,NA,NA,NA,NA,NA,"local",FALSE,NA,NA,NA,NA,NA,NA,NA,NA,NA,NA,NA,NA,NA,NA,NA,NA,NA,NA,NA
"MiFish_0000555",30,"['AB054133', 'AF417345']","29144",0.994318181818182,"caccgcggttatacgagaggctctagttgacgaactacggcgtaaagcgtggtcacggagagcaatcaatactaaagccaaacgcctcccaggctgtcatacgcatccggaggtacgaagcccaataacgaaagtagctttattaccgccaacctgaccccacgacaactgggaaa","[29144]","Chanos chanos","Eukaryota","Chordata","Actinopteri","Gonorynchiformes","Chanidae","Chanos","Chanos chanos",99.4,NA,NA,NA,NA,NA,NA,NA,NA,NA,"global",FALSE,99.4,"global","Chanos chanos","Eukaryota","Chordata","Actinopteri","Gonorynchiformes","Chanidae","Chanos","Chanos chanos","Eukaryota","Chordata","Actinopteri","Gonorynchiformes","Chanidae","Chanos","Chanos chanos","species","Chanos chanos"
"MiFish_0000556",17,"['MT259025', 'OL702710']","531323",0.976331360946746,"caccgcggttatacgagaggcccgagctgataattgccggcgtaaagagtggttaagatcaaataaaaactaaagccaaaagccctcacggctgttatacgcactcgagggtaggaagcccaactacgaaagtggctttacaacatctgaacccacgaaagctagggta","[531323]","Anisotremus scapularis","Eukaryota","Chordata","Actinopteri","Lutjaniformes","Haemulidae","Anisotremus","Anisotremus scapularis",97.6,NA,NA,NA,NA,NA,NA,NA,NA,NA,"global",FALSE,97.6,"global","Anisotremus scapularis","Eukaryota","Chordata","Actinopteri","Lutjaniformes","Haemulidae","Anisotremus","Anisotremus scapularis","Eukaryota","Chordata","Actinopteri","Lutjaniformes","Haemulidae","Anisotremus","Anisotremus scapularis","species","Anisotremus scapularis"
"MiFish_0000557",10,"['MT259025', 'OL702710']","531323",0.976331360946746,"caccgcggttatgcgagaggcccgagctgataattgccggcgtaaagagtggttaagatcaaataaaaactaaagccaaaagccctcacagctgttatacgcactcgagggtaggaagcccaactacgaaagtggctttacaacatctgaacccacgaaagctagggta","[531323]","Anisotremus scapularis","Eukaryota","Chordata","Actinopteri","Lutjaniformes","Haemulidae","Anisotremus","Anisotremus scapularis",97.6,NA,NA,NA,NA,NA,NA,NA,NA,NA,"global",FALSE,97.6,"global","Anisotremus scapularis","Eukaryota","Chordata","Actinopteri","Lutjaniformes","Haemulidae","Anisotremus","Anisotremus scapularis","Eukaryota","Chordata","Actinopteri","Lutjaniformes","Haemulidae","Anisotremus","Anisotremus scapularis","species","Anisotremus scapularis"
"MiFish_0000558",637,"['AP005987']","215343",0.994082840236686,"caccgcggttatacgagaggcccaagttgatagcctacggcgtaaagagtggttaagatgtctaatttattaaagccgaatgcccccaaagctgttatacgcttccggaggtaagaagagccaccacgaaagtggctttatgtgatctgaacccacgaaagctaggaaa","[215343]","Fistularia commersonii","Eukaryota","Chordata","Actinopteri","Syngnathiformes","Fistulariidae","Fistularia","Fistularia commersonii",99.4,NA,NA,NA,NA,NA,NA,NA,NA,NA,"global",FALSE,99.4,"global","Fistularia commersonii","Eukaryota","Chordata","Actinopteri","Syngnathiformes","Fistulariidae","Fistularia","Fistularia commersonii","Eukaryota","Chordata","Actinopteri","Syngnathiformes","Fistulariidae","Fistularia","Fistularia commersonii","species","Fistularia commersonii"
"MiFish_0000559",88,NA,"None",0,"caccgcggttatacgagagacccaagttgacaaactccggcgtaaagcgtggttaggggccccctaaactaaagccgaacaccttcaaagctgttatacgcatccgaaggcatgaagaacacacacgaaagtagctttataaatcctgaagccacgaaagctaagaca",NA,NA,NA,NA,NA,NA,NA,NA,NA,0,NA,NA,NA,NA,NA,NA,NA,NA,NA,"local",FALSE,NA,NA,NA,NA,NA,NA,NA,NA,NA,NA,NA,NA,NA,NA,NA,NA,NA,NA,NA
"MiFish_0000560",13329,"['MN703417', 'MN703418']","75035",0.98235294117647,"caccgcggttatacgagagacccaagttgttagacaccggcgtaaagagtggttaggtttgaatcttaaactaaagccgaacatcttcaaagctgttatacgcacccgaagacaagaagttcaatcacgaaagtggctttacctcaactgaacccacgaaagctaggata","[1316015, 175437]","Prionurus","Eukaryota","Chordata","Actinopteri","Acanthuriformes","Acanthuridae","Prionurus",NA,98.2,NA,NA,NA,NA,NA,NA,NA,NA,NA,"global",FALSE,98.2,"global","Prionurus","Eukaryota","Chordata","Actinopteri","Acanthuriformes","Acanthuridae","Prionurus",NA,"Eukaryota","Chordata","Actinopteri","Acanthuriformes","Acanthuridae","Prionurus",NA,"genus","Prionurus"
"MiFish_0000561",6565,"['MN703417', 'MN703418']","75035",0.988235294117647,"caccgcggttatacgagagacccaagttgttagacaccggcgtaaagagtggttaggtttgaatcttaaactaaagccgaacatcttcaaagctgttatacgcacccgaagacaagaagttcaatcacgaaagtggctttacctcaactgaacccacgaaagctaggaca","[1316015, 175437]","Prionurus","Eukaryota","Chordata","Actinopteri","Acanthuriformes","Acanthuridae","Prionurus",NA,98.8,NA,NA,NA,NA,NA,NA,NA,NA,NA,"global",FALSE,98.8,"global","Prionurus","Eukaryota","Chordata","Actinopteri","Acanthuriformes","Acanthuridae","Prionurus",NA,"Eukaryota","Chordata","Actinopteri","Acanthuriformes","Acanthuridae","Prionurus",NA,"genus","Prionurus"
"MiFish_0000562",731,"['MW338734', 'AB032554']","28380",0.994219653179191,"caccgcggttatacgagggaccctagttgatttaatcggcgtaaagagtggttatggagaataagaaactaaagccgaagacctcttaggccgtcatacgtacctagaggctcgaataacaaacacgaaagtagctttaccccttcctgccagaacccacgaaagctgggata","[28381, 41697]","Sardinops","Eukaryota","Chordata","Actinopteri","Clupeiformes","Clupeidae","Sardinops",NA,99.4,NA,NA,NA,NA,NA,NA,NA,NA,NA,"global",FALSE,99.4,"global","Sardinops","Eukaryota","Chordata","Actinopteri","Clupeiformes","Clupeidae","Sardinops",NA,"Eukaryota","Chordata","Actinopteri","Clupeiformes","Clupeidae","Sardinops",NA,"genus","Sardinops"
"MiFish_0000563",85,"['MW232424', 'AB099716', 'AP006829']","8228",1,"caccgcggttatacgagaggcccaagttgacagacaccggcgtaaagcgtggttaaggtaaactaaaactaaagccgaacaccttcagggcagttatacgcatccgaaggcacgaagccccaccacgaaagtggctttatgacccctgaccccacgaaagctatgaca","[8228]","Euthynnus alletteratus","Eukaryota","Chordata","Actinopteri","Scombriformes","Scombridae","Euthynnus","Euthynnus alletteratus",100,"d:Eukaryota,p:Chordata,c:Actinopteri,o:Scombriformes,f:Scombridae,g:Auxis,s:Auxis_rochei","Eukaryota","Chordata","Actinopteri","Scombriformes","Scombridae","Auxis","Auxis rochei",99.4,"global",TRUE,100,"global_lca_to_local","Scombridae","Eukaryota","Chordata","Actinopteri","Scombriformes","Scombridae",NA,NA,"Eukaryota","Chordata","Actinopteri","Scombriformes","Scombridae",NA,NA,"family","Scombridae"
"MiFish_0000564",418,"['OP035112', 'LC340324', 'LC492340', 'LC731805', 'LC731882', 'LC731883']","47699",0.965116279069768,"caccgcggttatacgagaggtccaagttgatagaaaccggcgtaaagagtggttaggatgatttcactttactaaagccaaacaccttcagaactgttatacgtacccgaaggcatgaagaaccactacgaaagtggctttataaaccctgaacccacgaaagctatgtca","[586832, 88698, 753646]","Myripristis","Eukaryota","Chordata","Actinopteri","Holocentriformes","Holocentridae","Myripristis",NA,96.5,"d:Eukaryota,p:Chordata,c:Actinopteri,o:Holocentriformes,f:Holocentridae,g:Myripristis,s:Myripristis_berndti","Eukaryota","Chordata","Actinopteri","Holocentriformes","Holocentridae","Myripristis","Myripristis berndti",95.9,"global",TRUE,96.5,"global_lca_to_local","Myripristis","Eukaryota","Chordata","Actinopteri","Holocentriformes","Holocentridae","Myripristis",NA,"Eukaryota","Chordata","Actinopteri","Holocentriformes","Holocentridae","Myripristis",NA,"genus","Myripristis"
"MiFish_0000565",433,NA,"None",0,"caccgcggttatacgagagacccaagttgacaaactccggcgtaaagcgtggttagggaccccctaaactaaagccgaacaccttcaaagctgttatacgcatccgaaggcatgaagaacacacacgaaagtaactttataaatcctgaagccacgaaagctaagaca",NA,NA,NA,NA,NA,NA,NA,NA,NA,0,NA,NA,NA,NA,NA,NA,NA,NA,NA,"local",FALSE,NA,NA,NA,NA,NA,NA,NA,NA,NA,NA,NA,NA,NA,NA,NA,NA,NA,NA,NA
"MiFish_0000566",55,NA,"None",0,"caccgcggttatacgagaggcccaagttgatattttccggcgtaaagagtggttatggagtataataactaaagccgtacctcttcagagctgttatacgcatacgaagagaagaagccctactacgaaagtggctttattaaccctgactccacgaaagctatggca",NA,NA,NA,NA,NA,NA,NA,NA,NA,0,NA,NA,NA,NA,NA,NA,NA,NA,NA,"local",FALSE,NA,NA,NA,NA,NA,NA,NA,NA,NA,NA,NA,NA,NA,NA,NA,NA,NA,NA,NA
"MiFish_0000567",336,"['LC649125']","2012922",0.994082840236686,"caccgcggttatacgagaggcctaagttaacagacaccggcgtaaagagtggttaaggagaaataaaaactaaagccgaataacctcaagactgttatacgttcccgaggacaagaagcccaactacgaaagtggctttaattttcccgactccacgaaagctgtgaaa","[2012922]","Hyporhamphus yuri","Eukaryota","Chordata","Actinopteri","Beloniformes","Hemiramphidae","Hyporhamphus","Hyporhamphus yuri",99.4,NA,NA,NA,NA,NA,NA,NA,NA,NA,"global",FALSE,99.4,"global","Hyporhamphus yuri","Eukaryota","Chordata","Actinopteri","Beloniformes","Hemiramphidae","Hyporhamphus","Hyporhamphus yuri","Eukaryota","Chordata","Actinopteri","Beloniformes","Hemiramphidae","Hyporhamphus",NA,"genus","Hyporhamphus"
"MiFish_0000568",791,"['AP006769', 'AP012958']","270541",0.958083832335329,"cgccgcggttatacgagagacccaagttgacagtcaccggcgtaaagcgtggttaaggacttcccccactaaggctaaacacttccctggttgttatacactctcggaagaatgaaaccctttcacgaaagtagctttactttcctgaacccaccacaattaggaaa","[270541]","Vinciguerria nimbaria","Eukaryota","Chordata","Actinopteri","Stomiiformes","Phosichthyidae","Vinciguerria","Vinciguerria nimbaria",95.8,NA,NA,NA,NA,NA,NA,NA,NA,NA,"global",FALSE,95.8,"global","Vinciguerria nimbaria","Eukaryota","Chordata","Actinopteri","Stomiiformes","Phosichthyidae","Vinciguerria","Vinciguerria nimbaria","Eukaryota","Chordata","Actinopteri","Stomiiformes","Phosichthyidae","Vinciguerria","Vinciguerria nimbaria","species","Vinciguerria nimbaria"
"MiFish_0000569",26,NA,"None",0,"agccgcggtaatacgggggatgcaagcgttatccggaatgattgggcgtaaagcgtctgtaggtggcttcccaagtcaactgtcaaaaatcagggcttaaccttgagccggcagttgaaactatgaagcttgagttaggtaggggcagagggaattcctagtgtagcggtgaaatgcgtagatattaggaagaacaccgatcgcgaaagcactctgctgggccatgactgacactgagagacgaaagctaagggag",NA,NA,NA,NA,NA,NA,NA,NA,NA,0,NA,NA,NA,NA,NA,NA,NA,NA,NA,"local",FALSE,NA,NA,NA,NA,NA,NA,NA,NA,NA,NA,NA,NA,NA,NA,NA,NA,NA,NA,NA
"MiFish_0000570",327,NA,"None",0,"aaccgcggttatacgaagggcccaagttgattagaaacggcgtagagggtggttaaaatatattaaaactaaagctgaattccttcaagactgtcatacgtttctgaggagaagaagccctatcacgaaagtagctttaacactttgactccacgaaagctgtgaaa",NA,NA,NA,NA,NA,NA,NA,NA,NA,0,NA,NA,NA,NA,NA,NA,NA,NA,NA,"local",FALSE,NA,NA,NA,NA,NA,NA,NA,NA,NA,NA,NA,NA,NA,NA,NA,NA,NA,NA,NA
"MiFish_0000571",3333,"['KJ469385']","334913",0.952662721893491,"taccgcggttatacgagaggcccaagttgataagcatcggcgtaaagagtggttatggttaaataaatactaaagctgaacacttacaaagctgttatacgctcccgaaaataagaagaacaactacgaaagtggctttattacacccgaacccacgaaagccaaggca","[334913]","Cephalopholis sexmaculata","Eukaryota","Chordata","Actinopteri","Perciformes","Serranidae","Cephalopholis","Cephalopholis sexmaculata",95.3,NA,NA,NA,NA,NA,NA,NA,NA,NA,"global",FALSE,95.3,"global","Cephalopholis sexmaculata","Eukaryota","Chordata","Actinopteri","Perciformes","Serranidae","Cephalopholis","Cephalopholis sexmaculata","Eukaryota","Chordata","Actinopteri","Perciformes","Serranidae","Cephalopholis",NA,"genus","Cephalopholis"
"MiFish_0000572",3115,"['MW630236', 'FJ616297']","36216",1,"caccgcggttatacgagaggctcaagttgacagacaacggcgtaaagagtggttaaggaactccccaaactaaagtcgaacgccctcagaactgttatacgtttccgaaggtaagaagccccactacgaaagtgactttatctcccctgactccacgaaagctgcgaaa","[36216]","Abudefduf taurus","Eukaryota","Chordata","Actinopteri",NA,"Pomacentridae","Abudefduf","Abudefduf taurus",100,NA,NA,NA,NA,NA,NA,NA,NA,NA,"global",FALSE,100,"global","Abudefduf taurus","Eukaryota","Chordata","Actinopteri",NA,"Pomacentridae","Abudefduf","Abudefduf taurus","Eukaryota","Chordata","Actinopteri",NA,"Pomacentridae","Abudefduf",NA,"genus","Abudefduf"
"MiFish_0000573",30,NA,"None",0,"caccgcggttatacgagagacccaaattgatgaattaccggcgtaaagtgtgattaaaggtaaatttagactaaagccgaacgccccctatgctgtcatacgctaaggaggatacgaagcccagcaacgaaggtggctttaacagtctcgaactcacgacagctaagata",NA,NA,NA,NA,NA,NA,NA,NA,NA,0,NA,NA,NA,NA,NA,NA,NA,NA,NA,"local",FALSE,NA,NA,NA,NA,NA,NA,NA,NA,NA,NA,NA,NA,NA,NA,NA,NA,NA,NA,NA
"MiFish_0000574",923,NA,"None",0,"caccgcggttatacgagaggttcaagttgacagccctcggcgtaaagagtggttaattaagtataacttctaaagtcgaatgcctgaaaaactgttatacgttttctaaggtaagaagccccccttacgaaagtagctttataacattgatgccacgaaagctgtgaaa",NA,NA,NA,NA,NA,NA,NA,NA,NA,0,NA,NA,NA,NA,NA,NA,NA,NA,NA,"local",FALSE,NA,NA,NA,NA,NA,NA,NA,NA,NA,NA,NA,NA,NA,NA,NA,NA,NA,NA,NA
"MiFish_0000575",170,"['MN703417', 'MN703418']","75035",0.98235294117647,"caccgcggttatacgagagacccaagttgttagacaccggcgtaaagagtggttaggtttgaatcttaaactaaagccgaacatcttcaaagctgttatacgcacccgaagacaagaagttcaatcacgaaagtggctttacctcaactgagcccacgaaagctaggaca","[1316015, 175437]","Prionurus","Eukaryota","Chordata","Actinopteri","Acanthuriformes","Acanthuridae","Prionurus",NA,98.2,NA,NA,NA,NA,NA,NA,NA,NA,NA,"global",FALSE,98.2,"global","Prionurus","Eukaryota","Chordata","Actinopteri","Acanthuriformes","Acanthuridae","Prionurus",NA,"Eukaryota","Chordata","Actinopteri","Acanthuriformes","Acanthuridae","Prionurus",NA,"genus","Prionurus"
"MiFish_0000576",240,"['MN703417', 'MN703418']","75035",0.994117647058824,"caccgcggttatacgagagacccaagttgttagacaccggcgtaaagagtggttaggtttgaaccttaaactaaagccgaacatcttcaaagctgttatacgcacccgaagacaagaagttcaatcacgaaagtggctttacctcaactgaacccacgaaagctaggaca","[1316015, 175437]","Prionurus","Eukaryota","Chordata","Actinopteri","Acanthuriformes","Acanthuridae","Prionurus",NA,99.4,NA,NA,NA,NA,NA,NA,NA,NA,NA,"global",FALSE,99.4,"global","Prionurus","Eukaryota","Chordata","Actinopteri","Acanthuriformes","Acanthuridae","Prionurus",NA,"Eukaryota","Chordata","Actinopteri","Acanthuriformes","Acanthuridae","Prionurus",NA,"genus","Prionurus"
"MiFish_0000577",13,"['MW232430', 'MW232431', 'OP537847', 'OU343215', 'OU607616', 'GU256525', 'GU256528', 'JN086150', 'JN086152', 'JN086153', 'KM405517', 'KM588080', 'KP259550', 'KT724724', 'KU955343', 'KU955344', 'KY400011']","8234",0.994047619047619,"caccgtggttatacgagaggcccaagttgacagacaccggcgtaaagcgtggttaaggtacacgaaaactaaagccgaacaccttcagggcagttatacgcatccgaaggcacgaagccccaccacgaaagtggctttatgaaccctgaccccacgaaagctatgaca","[48169, 8236, 8240, 8241, 48168]","Thunnus","Eukaryota","Chordata","Actinopteri","Scombriformes","Scombridae","Thunnus",NA,99.4,"d:Eukaryota,p:Chordata,c:Actinopteri,o:Scombriformes,f:Scombridae,g:Thunnus,s:Thunnus_albacares","Eukaryota","Chordata","Actinopteri","Scombriformes","Scombridae","Thunnus","Thunnus albacares",100,"local",FALSE,100,"local","Thunnus albacares","Eukaryota","Chordata","Actinopteri","Scombriformes","Scombridae","Thunnus","Thunnus albacares","Eukaryota","Chordata","Actinopteri","Scombriformes","Scombridae","Thunnus","Thunnus albacares","species","Thunnus albacares"
"MiFish_0000578",10,"['MW630158', 'EU601200', 'FJ449707']","242806",0.994186046511628,"caccgcggttatacgaaaggcccaagttgaaaaacattcggcgtaaagggtggctaagggcctattttaaactagagctgaatttcttcaaggctgttatacgctcatgaaaactagaaaatcaaccacgaaagtggctctaatctctcctgacaccacgaaagctatgaca","[242806]","Scarus ghobban","Eukaryota","Chordata","Actinopteri","Labriformes","Labridae","Scarus","Scarus ghobban",99.4,NA,NA,NA,NA,NA,NA,NA,NA,NA,"global",FALSE,99.4,"global","Scarus ghobban","Eukaryota","Chordata","Actinopteri","Labriformes","Labridae","Scarus","Scarus ghobban","Eukaryota","Chordata","Actinopteri","Labriformes","Labridae","Scarus","Scarus ghobban","species","Scarus ghobban"
"MiFish_0000579",311,NA,"None",0,"agccgcggtaatacggaaggtcctagcgttgttcggaattactgggcgtaaagcgcatgtaggcggaacaaaaagttagaagtgaaatccctgagctcaacttaggaattgcttttaaaacttttgttctggaattcaggagaggaaaatggaatttccagtgtagaggtgaaattcgtagatattggaaggaacaccagtggcgaaggcgattttctggactgatattgacgctgagatgcgaaggcatgggtag",NA,NA,NA,NA,NA,NA,NA,NA,NA,0,NA,NA,NA,NA,NA,NA,NA,NA,NA,"local",FALSE,NA,NA,NA,NA,NA,NA,NA,NA,NA,NA,NA,NA,NA,NA,NA,NA,NA,NA,NA
"MiFish_0000580",70,NA,"None",0,"agccgcggtaatacggaaggtcctagcgttgttcggaattactgggcgtaaagcgcatgtaggcggaacaaaaagttagaagtgaaatccctgggctcaacctaggaatggcttttaaaacttttgttctggaattcaggagaggaaaatggaatttccagtgtagaggtgaaattcgtagatattggaaggaacaccagtggcgaaggcgattttctggactgatattgacgctgagatgcgaaggcatgggtag",NA,NA,NA,NA,NA,NA,NA,NA,NA,0,NA,NA,NA,NA,NA,NA,NA,NA,NA,"local",FALSE,NA,NA,NA,NA,NA,NA,NA,NA,NA,NA,NA,NA,NA,NA,NA,NA,NA,NA,NA
"MiFish_0000581",12,"['MW232430', 'MW232431', 'OP537847', 'OU343215', 'OU607616', 'GU256525', 'GU256528', 'JN086150', 'JN086152', 'JN086153', 'KM405517', 'KM588080', 'KP259550', 'KT724724', 'KU955343', 'KU955344', 'KY400011']","8234",0.988165680473373,"caccgcggttatacgagaggcccaagttgacagacaccggcgtaaagcgtggttaaggtacacgaaaactaaagccgaacaccttcagggcagttatacgcatccgaaggcacgaagccccaccacgaaagtggctttatgactcctgaccccacgaaagctatgaca","[48169, 8236, 8240, 8241, 48168]","Thunnus","Eukaryota","Chordata","Actinopteri","Scombriformes","Scombridae","Thunnus",NA,98.8,"d:Eukaryota,p:Chordata,c:Actinopteri,o:Scombriformes,f:Scombridae,g:Thunnus,s:Thunnus_albacares","Eukaryota","Chordata","Actinopteri","Scombriformes","Scombridae","Thunnus","Thunnus albacares",98.8,"local",FALSE,98.8,"local","Thunnus albacares","Eukaryota","Chordata","Actinopteri","Scombriformes","Scombridae","Thunnus","Thunnus albacares","Eukaryota","Chordata","Actinopteri","Scombriformes","Scombridae","Thunnus","Thunnus albacares","species","Thunnus albacares"
"MiFish_0000582",15,NA,"None",0,"caccgcggttatacgagaggctcaagtggatagaacgcggcgtaaagcgtggttaatagaatcttatactaaagccgaacgccctcaaagcagttatacgcattcgaaggtatgaagccccacgacgaaagtggctttaaacactatgattccacgaaagctagggaa",NA,NA,NA,NA,NA,NA,NA,NA,NA,0,NA,NA,NA,NA,NA,NA,NA,NA,NA,"local",FALSE,NA,NA,NA,NA,NA,NA,NA,NA,NA,NA,NA,NA,NA,NA,NA,NA,NA,NA,NA
"MiFish_0000583",16,NA,"None",0,"caccgcggttatacgagaggcccaagatgacagaccctcggcgtaaagagtggttagaataaaatgaaactaaagccgaatgttttctaaactgttatacgtactcgagaactaggagcacccctacgaaagtggctttactattttgaatccacgaaagctatggca",NA,NA,NA,NA,NA,NA,NA,NA,NA,0,NA,NA,NA,NA,NA,NA,NA,NA,NA,"local",FALSE,NA,NA,NA,NA,NA,NA,NA,NA,NA,NA,NA,NA,NA,NA,NA,NA,NA,NA,NA
"MiFish_0000584",14,"['OL628870', 'OP035261', 'OP537848', 'AP012945', 'DQ854648', 'FJ374798']","1489872",0.988165680473373,"caccgcggttatacgagaggcccaagttgacagacatcggcgtaaagcgtggttaaggaaaatttaaactaaagccgaacaccttcagggcagttatacgcatccgaaggcacgaagccccaccacgaaagtggctttatgaaccctgaccccacgaaagctatgaca","[13323, 141264]","Percomorphaceae","Eukaryota","Chordata","Actinopteri",NA,NA,NA,NA,98.8,"d:Eukaryota,p:Chordata,c:Actinopteri,o:Scombriformes,f:Scombridae,g:Acanthocybium,s:Acanthocybium_solandri","Eukaryota","Chordata","Actinopteri","Scombriformes","Scombridae","Acanthocybium","Acanthocybium solandri",98.8,"local",FALSE,98.8,"local","Acanthocybium solandri","Eukaryota","Chordata","Actinopteri","Scombriformes","Scombridae","Acanthocybium","Acanthocybium solandri","Eukaryota","Chordata","Actinopteri","Scombriformes","Scombridae","Acanthocybium","Acanthocybium solandri","species","Acanthocybium solandri"
"MiFish_0000585",18,"['MW630253']","1350519",0.965909090909091,"caccgcggttatacgagaggcccaagttgacagacacggcgtaaagagtggttaggcaaccccctttctacacactaaagtcgaacgccctctaggctgttatacgctctatgaaggcaagaagccccaccacgaaagtgactttattttccccgactccacgaaagctgcggaa","[1350519]","Stegastes arcifrons","Eukaryota","Chordata","Actinopteri",NA,"Pomacentridae","Stegastes","Stegastes arcifrons",96.6,NA,NA,NA,NA,NA,NA,NA,NA,NA,"global",FALSE,96.6,"global","Stegastes arcifrons","Eukaryota","Chordata","Actinopteri",NA,"Pomacentridae","Stegastes","Stegastes arcifrons","Eukaryota","Chordata","Actinopteri",NA,"Pomacentridae","Stegastes","Stegastes arcifrons","species","Stegastes arcifrons"
"MiFish_0000586",9457,NA,"None",0,"caccgcggttatacgagaggcccaagatgacagaccctcggcgtaaagagtggttagaataaaatgaaactaaagccgaatgttttctaaactgttatacgtactcgagaactagaagcacccctacgaaagtggctttactattttgaatccacgaaagctatggca",NA,NA,NA,NA,NA,NA,NA,NA,NA,0,NA,NA,NA,NA,NA,NA,NA,NA,NA,"local",FALSE,NA,NA,NA,NA,NA,NA,NA,NA,NA,NA,NA,NA,NA,NA,NA,NA,NA,NA,NA
"MiFish_0000587",109,"['MW630253']","1350519",0.994285714285714,"caccgcggttatacgagaggcccaagttgacagacacggcgtaaagggtggttaggcaaccccctttctacacactaaagtcgaacgccctctaggctgttatacgctctatgaaggcaagaagccccaccacgaaagtgactttattctacctgactccacgaaagctgagata","[1350519]","Stegastes arcifrons","Eukaryota","Chordata","Actinopteri",NA,"Pomacentridae","Stegastes","Stegastes arcifrons",99.4,NA,NA,NA,NA,NA,NA,NA,NA,NA,"global",FALSE,99.4,"global","Stegastes arcifrons","Eukaryota","Chordata","Actinopteri",NA,"Pomacentridae","Stegastes","Stegastes arcifrons","Eukaryota","Chordata","Actinopteri",NA,"Pomacentridae","Stegastes","Stegastes arcifrons","species","Stegastes arcifrons"
"MiFish_0000588",15,"['MN703417', 'MN703418']","75035",0.98235294117647,"caccgcggttatacgagagacccaagttgttggacaccggcgtaaagagtggttaggtttgaatcttaaactaaagccgaacatcttcaaagctgttatacgcacccgaagacaagaagttcaatcacgaaagtggctttacctcaactgaacccacgaaagctaggaca","[1316015, 175437]","Prionurus","Eukaryota","Chordata","Actinopteri","Acanthuriformes","Acanthuridae","Prionurus",NA,98.2,NA,NA,NA,NA,NA,NA,NA,NA,NA,"global",FALSE,98.2,"global","Prionurus","Eukaryota","Chordata","Actinopteri","Acanthuriformes","Acanthuridae","Prionurus",NA,"Eukaryota","Chordata","Actinopteri","Acanthuriformes","Acanthuridae","Prionurus",NA,"genus","Prionurus"
"MiFish_0000589",36,"['FJ616290']","36213",0.970414201183432,"caccgcggttatacgagaggctcaagttgacagacaacggcgtaaagagtggttaaggaacttattaaactaaagccgaacgccctcagaactgttatacgtttccgaaggtaagaagccccaccacgaaagtgactttattctacctgactccacgaaagctgagata","[646011]","Abudefduf","Eukaryota","Chordata","Actinopteri",NA,"Pomacentridae","Abudefduf",NA,97,NA,NA,NA,NA,NA,NA,NA,NA,NA,"global",FALSE,97,"global","Abudefduf","Eukaryota","Chordata","Actinopteri",NA,"Pomacentridae","Abudefduf",NA,"Eukaryota","Chordata","Actinopteri",NA,"Pomacentridae","Abudefduf",NA,"genus","Abudefduf"
"MiFish_0000590",15,"['MN703417', 'MN703418']","75035",0.98235294117647,"caccgcggctatacgagagacccaagttgttagacaccggcgtaaagagtggttaggtttgaatcttaaactaaagccgaacatcttcaaagctgttatacgcacccgaagacaagaagttcaatcacgaaagtggctttacctcaactgaacccacgaaagctaggaca","[1316015, 175437]","Prionurus","Eukaryota","Chordata","Actinopteri","Acanthuriformes","Acanthuridae","Prionurus",NA,98.2,NA,NA,NA,NA,NA,NA,NA,NA,NA,"global",FALSE,98.2,"global","Prionurus","Eukaryota","Chordata","Actinopteri","Acanthuriformes","Acanthuridae","Prionurus",NA,"Eukaryota","Chordata","Actinopteri","Acanthuriformes","Acanthuridae","Prionurus",NA,"genus","Prionurus"
"MiFish_0000591",104,"['MW630253']","1350519",0.994285714285714,"caccgcggttatacgagaggcccaagttgacagacacggcgtaaagagtggttaggcaaccccctttctacacactaaagtcgagcgccctctaggctgttatacgctctatgaaggcaagaagccccaccacgaaagtgactttattctacctgactccacgaaagctgagata","[1350519]","Stegastes arcifrons","Eukaryota","Chordata","Actinopteri",NA,"Pomacentridae","Stegastes","Stegastes arcifrons",99.4,NA,NA,NA,NA,NA,NA,NA,NA,NA,"global",FALSE,99.4,"global","Stegastes arcifrons","Eukaryota","Chordata","Actinopteri",NA,"Pomacentridae","Stegastes","Stegastes arcifrons","Eukaryota","Chordata","Actinopteri",NA,"Pomacentridae","Stegastes","Stegastes arcifrons","species","Stegastes arcifrons"
"MiFish_0000592",19,"['MN703417', 'MN703418']","75035",0.976470588235294,"caccgcggttatacgagagacccaagttgttagacaccggcgtaaagagtggttaggtttgaatcttaaactaaagccgaacatcttcaaagctgttatacgcacccgaagacaagaagttcaatcacgaaggtggctttacctcaactgaacccacgaaagctaggata","[1316015, 175437]","Prionurus","Eukaryota","Chordata","Actinopteri","Acanthuriformes","Acanthuridae","Prionurus",NA,97.6,NA,NA,NA,NA,NA,NA,NA,NA,NA,"global",FALSE,97.6,"global","Prionurus","Eukaryota","Chordata","Actinopteri","Acanthuriformes","Acanthuridae","Prionurus",NA,"Eukaryota","Chordata","Actinopteri","Acanthuriformes","Acanthuridae","Prionurus",NA,"genus","Prionurus"
"MiFish_0000593",31,"['MN703417', 'MN703418']","75035",0.976470588235294,"caccgcggttatacgagagacccaagttgttagacaccggcgtaaagagtggttaggtttgaatcttaaactaaagccgaacatcttcaaagctgttatacgcacccgaagacaagaagttcaatcacgaaagtggccttacctcaactgaacccacgaaagctaggata","[1316015, 175437]","Prionurus","Eukaryota","Chordata","Actinopteri","Acanthuriformes","Acanthuridae","Prionurus",NA,97.6,NA,NA,NA,NA,NA,NA,NA,NA,NA,"global",FALSE,97.6,"global","Prionurus","Eukaryota","Chordata","Actinopteri","Acanthuriformes","Acanthuridae","Prionurus",NA,"Eukaryota","Chordata","Actinopteri","Acanthuriformes","Acanthuridae","Prionurus",NA,"genus","Prionurus"
"MiFish_0000594",59,NA,"None",0,"cgccgcggttatacgagtaggctcaagtggatagaacgcggcgtaaagcgtggttaatagaatcctatactaaagccgaacgccctcaaagcagttatacgcattcgaaggtatgaagccccacgacgaaagtggctttaaacactatgattccacgaaagctagggaa",NA,NA,NA,NA,NA,NA,NA,NA,NA,0,NA,NA,NA,NA,NA,NA,NA,NA,NA,"local",FALSE,NA,NA,NA,NA,NA,NA,NA,NA,NA,NA,NA,NA,NA,NA,NA,NA,NA,NA,NA
"MiFish_0000595",276,"['MW630230', 'MW630237', 'OP035322']","36213",0.994082840236686,"caccgcggttatacgagaggctcaagttgacagacaacggcgtaaagagtggttaaggaacttattaaactaaagccaaacgccctcagaactgttatacgtttccgaaggtaagaagccccaccacgaaagtgactttattttccccgactccacgaaagctgcggaa","[229087, 36217]","Abudefduf","Eukaryota","Chordata","Actinopteri",NA,"Pomacentridae","Abudefduf",NA,99.4,NA,NA,NA,NA,NA,NA,NA,NA,NA,"global",FALSE,99.4,"global","Abudefduf","Eukaryota","Chordata","Actinopteri",NA,"Pomacentridae","Abudefduf",NA,"Eukaryota","Chordata","Actinopteri",NA,"Pomacentridae","Abudefduf",NA,"genus","Abudefduf"
"MiFish_0000596",16,NA,"None",0,"agccgcggtaatacggaaggtcctagcgttgttcggaattactgggcgtaaagcgcatgtaggcggaacagaaagttagaagtgaaatccctgggctcaacctaggaattgcttttaaaacttctgttctggaattcaggagaggaaaatggaatatccagtgtagaggtgaaattcgtagatattggatggaacaccagtggcgaaggcgattttctggactgatattgacgctgagatgcgaaggcatgggtaa",NA,NA,NA,NA,NA,NA,NA,NA,NA,0,NA,NA,NA,NA,NA,NA,NA,NA,NA,"local",FALSE,NA,NA,NA,NA,NA,NA,NA,NA,NA,NA,NA,NA,NA,NA,NA,NA,NA,NA,NA
"MiFish_0000597",28,NA,"None",0,"agccgcggtaatacggaggatgcaagtgttatccggaatcactgggcgtaaagcgtctgtaggttgtttaataagtcagctgttaaatcttgaggctcaacttcaaaatcgcagtcgaaactattagactagagtatagtaggggtaaagggaatttccagtggagcggtgaaatgcgtagagattggaaagaacaccgatggcgaaggcactttactgggctattactgacactcagagacgaaagctagggtag",NA,NA,NA,NA,NA,NA,NA,NA,NA,0,NA,NA,NA,NA,NA,NA,NA,NA,NA,"local",FALSE,NA,NA,NA,NA,NA,NA,NA,NA,NA,NA,NA,NA,NA,NA,NA,NA,NA,NA,NA
"MiFish_0000598",23,"['KF374976']","48193",0.982456140350877,"caccgcggttatacgaaagacccaagctgatagatgtcggcgtaaagagtggttaagtatcttgatagaactaaagccgaacgccctcaagaccgttatacgtttccgaaggtatgaagctcaactacgaaagtaactttaactatatctgattccacgaaagctgcg","[48193]","Mugil cephalus","Eukaryota","Chordata","Actinopteri","Mugiliformes","Mugilidae","Mugil","Mugil cephalus",98.2,"d:Eukaryota,p:Chordata,c:Actinopteri,o:Mugiliformes,f:Mugilidae,g:Mugil,s:Mugil_cephalus","Eukaryota","Chordata","Actinopteri","Mugiliformes","Mugilidae","Mugil","Mugil cephalus",100,"local",FALSE,100,"local","Mugil cephalus","Eukaryota","Chordata","Actinopteri","Mugiliformes","Mugilidae","Mugil","Mugil cephalus","Eukaryota","Chordata","Actinopteri","Mugiliformes","Mugilidae","Mugil","Mugil cephalus","species","Mugil cephalus"
"MiFish_0000599",13,"['MW232430', 'MW232431', 'OP537847', 'OU343215', 'OU607616', 'GU256525', 'GU256528', 'JN086150', 'JN086152', 'JN086153', 'KM405517', 'KM588080', 'KP259550', 'KT724724', 'KU955343', 'KU955344', 'KY400011']","8234",0.994047619047619,"caccgcggttatacgagaggcccaagttgacagacaccggcgtaaggcgtggttaaggtacacgaaaactaaagccgaacaccttcagggcagttatacgcatccgaaggcacgaagccccaccacgaaagtggctttatgaaccctgaccccacgaaagctatgaca","[48169, 8236, 8240, 8241, 48168]","Thunnus","Eukaryota","Chordata","Actinopteri","Scombriformes","Scombridae","Thunnus",NA,99.4,"d:Eukaryota,p:Chordata,c:Actinopteri,o:Scombriformes,f:Scombridae,g:Thunnus,s:Thunnus_albacares","Eukaryota","Chordata","Actinopteri","Scombriformes","Scombridae","Thunnus","Thunnus albacares",99.4,"local",FALSE,99.4,"local","Thunnus albacares","Eukaryota","Chordata","Actinopteri","Scombriformes","Scombridae","Thunnus","Thunnus albacares","Eukaryota","Chordata","Actinopteri","Scombriformes","Scombridae","Thunnus","Thunnus albacares","species","Thunnus albacares"
"MiFish_0000600",137,"['MW630253']","1350519",0.994285714285714,"caccgcggttatacgagaggcccaagttgacagacacggcgtaaagagtggttaggcaaccccctttctacacactaaagtcgaacgccctctaggctgttatacgctctatgagggcaagaagccccaccacgaaagtgactttattctacctgactccacgaaagctgagata","[1350519]","Stegastes arcifrons","Eukaryota","Chordata","Actinopteri",NA,"Pomacentridae","Stegastes","Stegastes arcifrons",99.4,NA,NA,NA,NA,NA,NA,NA,NA,NA,"global",FALSE,99.4,"global","Stegastes arcifrons","Eukaryota","Chordata","Actinopteri",NA,"Pomacentridae","Stegastes","Stegastes arcifrons","Eukaryota","Chordata","Actinopteri",NA,"Pomacentridae","Stegastes","Stegastes arcifrons","species","Stegastes arcifrons"
"MiFish_0000601",80,"['FJ616290']","646011",1,"caccgcggttatacgagaggctcaagttgacagacaacggcgtaaagagtggttaaggaacttattaaactaaagccgaacgccctcagaactgttatacgtttccgaaggtaagaagccccaccacgaaagtgactttattttccccgactccacgaaagctgcgaaa","[646011]","Abudefduf hoefleri","Eukaryota","Chordata","Actinopteri",NA,"Pomacentridae","Abudefduf","Abudefduf hoefleri",100,NA,NA,NA,NA,NA,NA,NA,NA,NA,"global",FALSE,100,"global","Abudefduf hoefleri","Eukaryota","Chordata","Actinopteri",NA,"Pomacentridae","Abudefduf","Abudefduf hoefleri","Eukaryota","Chordata","Actinopteri",NA,"Pomacentridae","Abudefduf",NA,"genus","Abudefduf"
"MiFish_0000602",16,"['OL628870', 'OP035261', 'OP537848', 'AP012945', 'DQ854648', 'FJ374798']","1489872",0.994047619047619,"caccgcggttatacgaggggcccaagttgacagacatcggcgtaaagcgtggttaaggaaaatttaaactaaagccgaacaccttcagggcagttatacgcatccgaaggcacgaagccccaccacgaaagtggctttatgactcctgaccccacgaaagctatgaca","[13323, 141264]","Percomorphaceae","Eukaryota","Chordata","Actinopteri",NA,NA,NA,NA,99.4,"d:Eukaryota,p:Chordata,c:Actinopteri,o:Scombriformes,f:Scombridae,g:Acanthocybium,s:Acanthocybium_solandri","Eukaryota","Chordata","Actinopteri","Scombriformes","Scombridae","Acanthocybium","Acanthocybium solandri",99.4,"local",FALSE,99.4,"local","Acanthocybium solandri","Eukaryota","Chordata","Actinopteri","Scombriformes","Scombridae","Acanthocybium","Acanthocybium solandri","Eukaryota","Chordata","Actinopteri","Scombriformes","Scombridae","Acanthocybium","Acanthocybium solandri","species","Acanthocybium solandri"
"MiFish_0000603",23,NA,"None",0,"agccgcggtaatacggagggtgcaagcgttaatcggaattactgggcgtaaagcgcgcgtaggcggttttttaagtcggatgtgaaagccccgggctcaacctgggaactgcatccgatactggatcactagaatgcgggagagggaggtagaattccatgtgtagcagtgaaatgcgtagatatatggaggaataccagtggcgaaggcggcctcctggctcgacattgacgctgaggtgcgaaagcgtagggag",NA,NA,NA,NA,NA,NA,NA,NA,NA,0,NA,NA,NA,NA,NA,NA,NA,NA,NA,"local",FALSE,NA,NA,NA,NA,NA,NA,NA,NA,NA,NA,NA,NA,NA,NA,NA,NA,NA,NA,NA
"MiFish_0000604",86,"['MW630253']","1350519",0.994285714285714,"caccgcggttatacgagaggcccaagttgacagacacggcgtaaagagcggttaggcaaccccctttctacacactaaagtcgaacgccctctaggctgttatacgctctatgaaggcaagaagccccaccacgaaagtgactttattctacctgactccacgaaagctgagata","[1350519]","Stegastes arcifrons","Eukaryota","Chordata","Actinopteri",NA,"Pomacentridae","Stegastes","Stegastes arcifrons",99.4,NA,NA,NA,NA,NA,NA,NA,NA,NA,"global",FALSE,99.4,"global","Stegastes arcifrons","Eukaryota","Chordata","Actinopteri",NA,"Pomacentridae","Stegastes","Stegastes arcifrons","Eukaryota","Chordata","Actinopteri",NA,"Pomacentridae","Stegastes","Stegastes arcifrons","species","Stegastes arcifrons"
"MiFish_0000605",504,"['AP005987']","215343",1,"caccgcggttatacgagaggcccaagttgatagcctacggcgtaaagagtggttaagatgtctaatttattaaagccgaatgcccccaaagctgttatacgcttccggaggtaagaagaaccaccacgaaagtggctttatgtgatctgaacccacgaaagctaggaaa","[215343]","Fistularia commersonii","Eukaryota","Chordata","Actinopteri","Syngnathiformes","Fistulariidae","Fistularia","Fistularia commersonii",100,NA,NA,NA,NA,NA,NA,NA,NA,NA,"global",FALSE,100,"global","Fistularia commersonii","Eukaryota","Chordata","Actinopteri","Syngnathiformes","Fistulariidae","Fistularia","Fistularia commersonii","Eukaryota","Chordata","Actinopteri","Syngnathiformes","Fistulariidae","Fistularia","Fistularia commersonii","species","Fistularia commersonii"
"MiFish_0000606",177,NA,"None",0,"agccgcggtaatacggagggtgcaagcgttaatcggaattactgggcgtaaagcgcgcgtaggcggttttttaagtcggatgtgaaagccccgggctcaacctgggaactgcatccgatactggaagactagaatgcgggagagggaggtagaattccatgtgtagcagtgaaatgcgtagatatatggaggaataccagtggcgaaggcggcctcctggctcgacattgacgctgaggtgcgaaagcgtggggag",NA,NA,NA,NA,NA,NA,NA,NA,NA,0,NA,NA,NA,NA,NA,NA,NA,NA,NA,"local",FALSE,NA,NA,NA,NA,NA,NA,NA,NA,NA,NA,NA,NA,NA,NA,NA,NA,NA,NA,NA
"MiFish_0000607",29,"['OL628870', 'OP035261', 'OP537848', 'AP012945', 'DQ854648', 'FJ374798']","1489872",0.994047619047619,"caccgcggttatacgagaggcccaagttggcagacatcggcgtaaagcgtggttaaggaaaatttaaactaaagccgaacaccttcagggcagttatacgcatccgaaggcacgaagccccaccacgaaagtggctttatgactcctgaccccacgaaagctatgaca","[13323, 141264]","Percomorphaceae","Eukaryota","Chordata","Actinopteri",NA,NA,NA,NA,99.4,"d:Eukaryota,p:Chordata,c:Actinopteri,o:Scombriformes,f:Scombridae,g:Acanthocybium,s:Acanthocybium_solandri","Eukaryota","Chordata","Actinopteri","Scombriformes","Scombridae","Acanthocybium","Acanthocybium solandri",99.4,"local",FALSE,99.4,"local","Acanthocybium solandri","Eukaryota","Chordata","Actinopteri","Scombriformes","Scombridae","Acanthocybium","Acanthocybium solandri","Eukaryota","Chordata","Actinopteri","Scombriformes","Scombridae","Acanthocybium","Acanthocybium solandri","species","Acanthocybium solandri"
"MiFish_0000608",17,"['AP006769', 'AP012958']","270541",0.964071856287425,"caccgcggttatacgagagacccaagttgacagtcaccggcgtaaagcgtggttaaggacttcccccactaaggctaaacacttccctggttgttatacactctcggaagaatgaaaccctttcacgaaagtagctttactttcctgaacccaccacaattaggaaa","[270541]","Vinciguerria nimbaria","Eukaryota","Chordata","Actinopteri","Stomiiformes","Phosichthyidae","Vinciguerria","Vinciguerria nimbaria",96.4,NA,NA,NA,NA,NA,NA,NA,NA,NA,"global",FALSE,96.4,"global","Vinciguerria nimbaria","Eukaryota","Chordata","Actinopteri","Stomiiformes","Phosichthyidae","Vinciguerria","Vinciguerria nimbaria","Eukaryota","Chordata","Actinopteri","Stomiiformes","Phosichthyidae","Vinciguerria","Vinciguerria nimbaria","species","Vinciguerria nimbaria"
"MiFish_0000609",27,"['MW630230', 'MW630237', 'OP035322']","36213",0.994082840236686,"caccgcggttatacgagaggctcaagttgacagacaacggcgtaaagagtggttaaggaacttattaaactaaagccgaacgccctcagaactgttatacgtttccgaaggtaagaagccccaccacgaaagtgactttattttccccgacttcacgaaagctgcggaa","[229087, 36217]","Abudefduf","Eukaryota","Chordata","Actinopteri",NA,"Pomacentridae","Abudefduf",NA,99.4,NA,NA,NA,NA,NA,NA,NA,NA,NA,"global",FALSE,99.4,"global","Abudefduf","Eukaryota","Chordata","Actinopteri",NA,"Pomacentridae","Abudefduf",NA,"Eukaryota","Chordata","Actinopteri",NA,"Pomacentridae","Abudefduf",NA,"genus","Abudefduf"
"MiFish_0000610",31,"['MN703417', 'MN703418']","75035",0.976470588235294,"caccgcggttatacgagagacccaagttgttagacaccggcgtaaggagtggttaggtttgaatcttaaactaaagccgaacatcttcaaagctgttatacgcacccgaagacaagaagttcaatcacgaaagtggctttacctcaactgaacccacgaaagctaggata","[1316015, 175437]","Prionurus","Eukaryota","Chordata","Actinopteri","Acanthuriformes","Acanthuridae","Prionurus",NA,97.6,NA,NA,NA,NA,NA,NA,NA,NA,NA,"global",FALSE,97.6,"global","Prionurus","Eukaryota","Chordata","Actinopteri","Acanthuriformes","Acanthuridae","Prionurus",NA,"Eukaryota","Chordata","Actinopteri","Acanthuriformes","Acanthuridae","Prionurus",NA,"genus","Prionurus"
"MiFish_0000611",76,"['MN703417', 'MN703418']","75035",0.976470588235294,"caccgcggttatacgagagacccaagttgttagacaccggcgtaaagagtggttaggtttgaatcttaaactaaagccgaacatcttcaaagctgttatacgcacccgaagacaggaagttcaatcacgaaagtggctttacctcaactgaacccacgaaagctaggata","[1316015, 175437]","Prionurus","Eukaryota","Chordata","Actinopteri","Acanthuriformes","Acanthuridae","Prionurus",NA,97.6,NA,NA,NA,NA,NA,NA,NA,NA,NA,"global",FALSE,97.6,"global","Prionurus","Eukaryota","Chordata","Actinopteri","Acanthuriformes","Acanthuridae","Prionurus",NA,"Eukaryota","Chordata","Actinopteri","Acanthuriformes","Acanthuridae","Prionurus",NA,"genus","Prionurus"
"MiFish_0000612",14,NA,"None",0,"caccgcggttatacgagaggcccaagatgacagaccctcggcgtaaagagtggttagaataaaatgaaactaaagccgaatgttttctaaactgttatacgtactcgagaactagaagcacccctacgaaagtggcttttctattttgaatccacgaaagctatggca",NA,NA,NA,NA,NA,NA,NA,NA,NA,0,NA,NA,NA,NA,NA,NA,NA,NA,NA,"local",FALSE,NA,NA,NA,NA,NA,NA,NA,NA,NA,NA,NA,NA,NA,NA,NA,NA,NA,NA,NA
"MiFish_0000613",14,"['OP035301', 'KU360727', 'KU360728']","293908",1,"caccgcggttatacgagaggcctaagttgacagacaacggcgtaaagagtggttaaggaaaaatttatactaaagccgaacatcctcaagactgtcgtacgtttccgaggatatgaagtccccctacgaaagtggctttaactctcctgaccccacgaaagctgtgaca","[1484650, 933979, 1809738]","Cheilopogon","Eukaryota","Chordata","Actinopteri","Beloniformes","Exocoetidae","Cheilopogon",NA,100,NA,NA,NA,NA,NA,NA,NA,NA,NA,"global",FALSE,100,"global","Cheilopogon","Eukaryota","Chordata","Actinopteri","Beloniformes","Exocoetidae","Cheilopogon",NA,"Eukaryota","Chordata","Actinopteri","Beloniformes","Exocoetidae","Cheilopogon",NA,"genus","Cheilopogon"
"MiFish_0000614",726,"['MN703417', 'MN703418']","75035",0.98235294117647,"caccgcggttatacgagagacccaagttgttagacaccggcgtaaagagtggttaggtttgaatcttaaactaaagccgaacatcttcaaagctgttatacgcacccgaagacaagaagttcaatcacgaaagtggctttacctcaactgaacccacgaaagctagggca","[1316015, 175437]","Prionurus","Eukaryota","Chordata","Actinopteri","Acanthuriformes","Acanthuridae","Prionurus",NA,98.2,NA,NA,NA,NA,NA,NA,NA,NA,NA,"global",FALSE,98.2,"global","Prionurus","Eukaryota","Chordata","Actinopteri","Acanthuriformes","Acanthuridae","Prionurus",NA,"Eukaryota","Chordata","Actinopteri","Acanthuriformes","Acanthuridae","Prionurus",NA,"genus","Prionurus"
"MiFish_0000615",50,"['LC649125']","2012922",0.994082840236686,"caccgcggttatacgagaggcctaagttaacagacaccggcgtaaagagtggttaaggagaaatcagaactaaagccgaataacctcaagactgttatacgttcccgaggacaagaagcccaactacgaaagtggctttaattttcccgactccacgaaagctgtgaaa","[2012922]","Hyporhamphus yuri","Eukaryota","Chordata","Actinopteri","Beloniformes","Hemiramphidae","Hyporhamphus","Hyporhamphus yuri",99.4,NA,NA,NA,NA,NA,NA,NA,NA,NA,"global",FALSE,99.4,"global","Hyporhamphus yuri","Eukaryota","Chordata","Actinopteri","Beloniformes","Hemiramphidae","Hyporhamphus","Hyporhamphus yuri","Eukaryota","Chordata","Actinopteri","Beloniformes","Hemiramphidae","Hyporhamphus",NA,"genus","Hyporhamphus"
"MiFish_0000616",603,NA,"None",0,"caccgcggttatacgagaggcccaagttgacagcccttcggcgtaaagagtggttagatcgtacttagactaaagctaaactgcctcaatgccgttatacgccccgaggccgggagcctcaattacgaaagtagctttataaacattgaacccacgaaagctgtggca",NA,NA,NA,NA,NA,NA,NA,NA,NA,0,NA,NA,NA,NA,NA,NA,NA,NA,NA,"local",FALSE,NA,NA,NA,NA,NA,NA,NA,NA,NA,NA,NA,NA,NA,NA,NA,NA,NA,NA,NA
"MiFish_0000617",503,"['ON000353', 'ON000354', 'JQ728563', 'JX232404', 'KM257863', 'KT184692', 'KU738606', 'LC597200']","30870",0.952380952380952,"caccgcggttatacgagaggcccaagttgatagtcaacggcgtaaagagtggttagaaggaacccgttactaaagccgaacgccctcaaggctgttatacgcatccgaaggtgagaagctcatccacgaaagtggctttacaaccttgaatccacgaaagctacgaaa","[146147, 448029, 912804, 1577494, 341088]","Sciaenidae","Eukaryota","Chordata","Actinopteri",NA,"Sciaenidae",NA,NA,95.2,NA,NA,NA,NA,NA,NA,NA,NA,NA,"global",FALSE,95.2,"global","Sciaenidae","Eukaryota","Chordata","Actinopteri",NA,"Sciaenidae",NA,NA,"Eukaryota","Chordata","Actinopteri",NA,"Sciaenidae",NA,NA,"family","Sciaenidae"
"MiFish_0000618",629,NA,"None",0,"caccgcggttagacgagaggctcaaattgacaccccccggcgtaaagcgtggttaattatgtagtattactaaagttgaatgttctcaaaactgttatacgtttacgagactatgaaaaccccttacgaaagtagctttataatattgatgccactaaagctgaggaa",NA,NA,NA,NA,NA,NA,NA,NA,NA,0,NA,NA,NA,NA,NA,NA,NA,NA,NA,"local",FALSE,NA,NA,NA,NA,NA,NA,NA,NA,NA,NA,NA,NA,NA,NA,NA,NA,NA,NA,NA
"MiFish_0000619",73,"['MN703417', 'MN703418']","75035",0.976608187134503,"caccgcggttatacgagagacccaagttgttagacaccggcgtaaagagtggttaggtttgaatcctaaactaaagccgaacatcttcaaagctgttatacgcacccgaagacaagaagttcaatcacgaaagtggctttacctcaactgaacccacgaaagctaggata","[1316015, 175437]","Prionurus","Eukaryota","Chordata","Actinopteri","Acanthuriformes","Acanthuridae","Prionurus",NA,97.7,NA,NA,NA,NA,NA,NA,NA,NA,NA,"global",FALSE,97.7,"global","Prionurus","Eukaryota","Chordata","Actinopteri","Acanthuriformes","Acanthuridae","Prionurus",NA,"Eukaryota","Chordata","Actinopteri","Acanthuriformes","Acanthuridae","Prionurus",NA,"genus","Prionurus"
"MiFish_0000620",34,"['KM986880']","146143",1,"caccgcggttatacgagaggctcaagttgacagacaacggcgtaaagagtggttaaggaaaatattcaactaaagcggaaccccctcattgctgtcatacgcttccgagaggatgaaccccaactacgaaggtggctttataaaacctgaacccacgaaagctaagaaa","[146143]","Decapterus macarellus","Eukaryota","Chordata","Actinopteri","Carangiformes","Carangidae","Decapterus","Decapterus macarellus",100,"d:Eukaryota,p:Chordata,c:Actinopteri,o:Carangiformes,f:Carangidae,g:Decapterus,s:Decapterus_russelli","Eukaryota","Chordata","Actinopteri","Carangiformes","Carangidae","Decapterus","Decapterus russelli",97,"global",TRUE,100,"global_lca_to_local","Decapterus","Eukaryota","Chordata","Actinopteri","Carangiformes","Carangidae","Decapterus",NA,"Eukaryota","Chordata","Actinopteri","Carangiformes","Carangidae","Decapterus",NA,"genus","Decapterus"
"MiFish_0000621",614,"['MN703418']","175437",1,"caccgcggttatacgagagacccaagttgttagacaccggcgtaaagagtggttaggtttgaaccttaaactaaagccgaacatcttcaaagctgttatacgcacccgaagacaagaagttcaatcacgaaagtggctttaccccaactgaacccacgaaagctaggaca","[175437]","Prionurus laticlavius","Eukaryota","Chordata","Actinopteri","Acanthuriformes","Acanthuridae","Prionurus","Prionurus laticlavius",100,NA,NA,NA,NA,NA,NA,NA,NA,NA,"global",FALSE,100,"global","Prionurus laticlavius","Eukaryota","Chordata","Actinopteri","Acanthuriformes","Acanthuridae","Prionurus","Prionurus laticlavius","Eukaryota","Chordata","Actinopteri","Acanthuriformes","Acanthuridae","Prionurus","Prionurus laticlavius","species","Prionurus laticlavius"
"MiFish_0000622",2106,"['LC649125']","2012922",1,"caccgcggttatacgagaggcctaagttaacagacaccggcgtaaagagtggttaaggagaaatcaaaactaaagccgaataacctcaagactgttatacgttcccgaggacaagaagcccaactacgaaagtggctttaattttcccgactccacgaaagctgtgaaa","[2012922]","Hyporhamphus yuri","Eukaryota","Chordata","Actinopteri","Beloniformes","Hemiramphidae","Hyporhamphus","Hyporhamphus yuri",100,NA,NA,NA,NA,NA,NA,NA,NA,NA,"global",FALSE,100,"global","Hyporhamphus yuri","Eukaryota","Chordata","Actinopteri","Beloniformes","Hemiramphidae","Hyporhamphus","Hyporhamphus yuri","Eukaryota","Chordata","Actinopteri","Beloniformes","Hemiramphidae","Hyporhamphus",NA,"genus","Hyporhamphus"
"MiFish_0000623",219,"['AP002933']","143332",1,"caccgcggttatacgagaggcctaagttgacagacaacggcgtaaagagtggttaaggaaaaatttctactaaagccgaacatcctcaagactgtcgtacgtttccgaggatatgaagtccccctacgaaagtggctttaactctcctgaccccacgaaagctgtgaca","[143332]","Exocoetus volitans","Eukaryota","Chordata","Actinopteri","Beloniformes","Exocoetidae","Exocoetus","Exocoetus volitans",100,NA,NA,NA,NA,NA,NA,NA,NA,NA,"global",FALSE,100,"global","Exocoetus volitans","Eukaryota","Chordata","Actinopteri","Beloniformes","Exocoetidae","Exocoetus","Exocoetus volitans","Eukaryota","Chordata","Actinopteri","Beloniformes","Exocoetidae","Exocoetus","Exocoetus volitans","species","Exocoetus volitans"
"MiFish_0000624",115,"['MW630253']","1350519",0.994285714285714,"caccgcggctatacgagaggcccaagttgacagacacggcgtaaagagtggttaggcaaccccctttctacacactaaagtcgaacgccctctaggctgttatacgctctatgaaggcaagaagccccaccacgaaagtgactttattctacctgactccacgaaagctgagata","[1350519]","Stegastes arcifrons","Eukaryota","Chordata","Actinopteri",NA,"Pomacentridae","Stegastes","Stegastes arcifrons",99.4,NA,NA,NA,NA,NA,NA,NA,NA,NA,"global",FALSE,99.4,"global","Stegastes arcifrons","Eukaryota","Chordata","Actinopteri",NA,"Pomacentridae","Stegastes","Stegastes arcifrons","Eukaryota","Chordata","Actinopteri",NA,"Pomacentridae","Stegastes","Stegastes arcifrons","species","Stegastes arcifrons"
"MiFish_0000625",64,NA,"None",0,"caccgcggttatacgagaggcccaagttgataagcccggcgtaaagagtggttatggatgaaccccacactaaagctaaagaccccctaggctgttatacgcacctgggggcccgaaccgcctatacgaaagtagctttactcccttccaccagaacccacgacagctggggca",NA,NA,NA,NA,NA,NA,NA,NA,NA,0,NA,NA,NA,NA,NA,NA,NA,NA,NA,"local",FALSE,NA,NA,NA,NA,NA,NA,NA,NA,NA,NA,NA,NA,NA,NA,NA,NA,NA,NA,NA
"MiFish_0000626",2260,"['KY815244']","1182146",0.994117647058824,"caccgcggttatacgagagacccaagttgataagaaccggcgtaaagagtggttatgaacaaccccaaaactaaagccaaatgcccccaaagctgttatacgcactcgggagccagaaacccaaccacgaaagtggctttatattgcctgaacccacgaaagctatggta","[1182146]","Bodianus diplotaenia","Eukaryota","Chordata","Actinopteri","Labriformes","Labridae","Bodianus","Bodianus diplotaenia",99.4,NA,NA,NA,NA,NA,NA,NA,NA,NA,"global",FALSE,99.4,"global","Bodianus diplotaenia","Eukaryota","Chordata","Actinopteri","Labriformes","Labridae","Bodianus","Bodianus diplotaenia","Eukaryota","Chordata","Actinopteri","Labriformes","Labridae","Bodianus","Bodianus diplotaenia","species","Bodianus diplotaenia"
"MiFish_0000627",54,"['MW630253']","1350519",0.994285714285714,"caccgcggttatacgagaggcccaagttgacagacacggcgtaaagagtggttaggcatccccctttctacacactaaagtcgaacgccctctaggctgttatacgctctatgaaggcaagaagccccaccacgaaagtgactttattctacctgactccacgaaagctgagata","[1350519]","Stegastes arcifrons","Eukaryota","Chordata","Actinopteri",NA,"Pomacentridae","Stegastes","Stegastes arcifrons",99.4,NA,NA,NA,NA,NA,NA,NA,NA,NA,"global",FALSE,99.4,"global","Stegastes arcifrons","Eukaryota","Chordata","Actinopteri",NA,"Pomacentridae","Stegastes","Stegastes arcifrons","Eukaryota","Chordata","Actinopteri",NA,"Pomacentridae","Stegastes","Stegastes arcifrons","species","Stegastes arcifrons"
"MiFish_0000628",10,NA,"None",0,"caccgcggtcatacgattaacccaaattaatagatccacggcgtaaagagtgtttaagaaaaaaaaaccacaatagagttaaattataactaagctgtaaaaagccctagttaaaataaaataacccacgaaagtgactctaataatcctgacacatgatagctaggacc",NA,NA,NA,NA,NA,NA,NA,NA,NA,0,NA,NA,NA,NA,NA,NA,NA,NA,NA,"local",FALSE,NA,NA,NA,NA,NA,NA,NA,NA,NA,NA,NA,NA,NA,NA,NA,NA,NA,NA,NA
"MiFish_0000629",14,"['MW630253']","1350519",0.988636363636364,"caccgcggttatacgagaggctcaagttgacagacaacggcgtaaagagtggttaggcaaccccctttctacacactaaagtcgaacgccctctaggctgttatacgctctatgaaggcaagaagccccaccacgaaagtgactttattctacctgactccacgaaagctgagata","[1350519]","Stegastes arcifrons","Eukaryota","Chordata","Actinopteri",NA,"Pomacentridae","Stegastes","Stegastes arcifrons",98.9,NA,NA,NA,NA,NA,NA,NA,NA,NA,"global",FALSE,98.9,"global","Stegastes arcifrons","Eukaryota","Chordata","Actinopteri",NA,"Pomacentridae","Stegastes","Stegastes arcifrons","Eukaryota","Chordata","Actinopteri",NA,"Pomacentridae","Stegastes","Stegastes arcifrons","species","Stegastes arcifrons"
"MiFish_0000630",37,"['MW630230', 'MW630237', 'OP035322']","36213",0.994082840236686,"caccgcggttatacgagaggctcaagttgacagacaacggcgtaaagagtggttaaggaacttattaaactaaagccggacgccctcagaactgttatacgtttccgaaggtaagaagccccaccacgaaagtgactttattttccccgactccacgaaagctgcggaa","[229087, 36217]","Abudefduf","Eukaryota","Chordata","Actinopteri",NA,"Pomacentridae","Abudefduf",NA,99.4,NA,NA,NA,NA,NA,NA,NA,NA,NA,"global",FALSE,99.4,"global","Abudefduf","Eukaryota","Chordata","Actinopteri",NA,"Pomacentridae","Abudefduf",NA,"Eukaryota","Chordata","Actinopteri",NA,"Pomacentridae","Abudefduf",NA,"genus","Abudefduf"
"MiFish_0000631",26,"['KY815244']","1182146",0.994117647058824,"caccgcggttatacgagagacccaagttgataagaaccggcgtaaagagtggttatgaacaaccccaaaactaaagccaaatgcccccaaagctgttatacgcactcgggagtcagaaacccaaccacgaaagtggctttatattgcctgaacccacgaaagctatgata","[1182146]","Bodianus diplotaenia","Eukaryota","Chordata","Actinopteri","Labriformes","Labridae","Bodianus","Bodianus diplotaenia",99.4,NA,NA,NA,NA,NA,NA,NA,NA,NA,"global",FALSE,99.4,"global","Bodianus diplotaenia","Eukaryota","Chordata","Actinopteri","Labriformes","Labridae","Bodianus","Bodianus diplotaenia","Eukaryota","Chordata","Actinopteri","Labriformes","Labridae","Bodianus","Bodianus diplotaenia","species","Bodianus diplotaenia"
"MiFish_0000632",19,"['MN703417', 'MN703418']","75035",0.98235294117647,"caccgcggttatacgagaggcccaagttgttagacaccggcgtaaagagtggttaggtttgaatcttaaactaaagccgaacatcttcaaagctgttatacgcacccgaagacaagaagttcaatcacgaaagtggctttacctcaactgaacccacgaaagctaggaca","[1316015, 175437]","Prionurus","Eukaryota","Chordata","Actinopteri","Acanthuriformes","Acanthuridae","Prionurus",NA,98.2,NA,NA,NA,NA,NA,NA,NA,NA,NA,"global",FALSE,98.2,"global","Prionurus","Eukaryota","Chordata","Actinopteri","Acanthuriformes","Acanthuridae","Prionurus",NA,"Eukaryota","Chordata","Actinopteri","Acanthuriformes","Acanthuridae","Prionurus",NA,"genus","Prionurus"
"MiFish_0000633",11,"['MN703417', 'MN703418']","75035",0.958823529411765,"caccgcggttatacgagaggcccaagttgacagacacggcgtaaagagtggttaggtttgaatcttaaactaaagccgaacatcttcaaagctgttatacgcacccgaagacaagaagttcaatcacgaaagtggctttacctcaactgaacccacgaaagctaggata","[1316015, 175437]","Prionurus","Eukaryota","Chordata","Actinopteri","Acanthuriformes","Acanthuridae","Prionurus",NA,95.9,NA,NA,NA,NA,NA,NA,NA,NA,NA,"global",FALSE,95.9,"global","Prionurus","Eukaryota","Chordata","Actinopteri","Acanthuriformes","Acanthuridae","Prionurus",NA,"Eukaryota","Chordata","Actinopteri","Acanthuriformes","Acanthuridae","Prionurus",NA,"genus","Prionurus"
"MiFish_0000634",11,"['KT619054']","1167616",0.964497041420118,"taccgcggttatacgagaggcccaagttgacaggctccggcgtaaagcgtggttaaggaacaacaaatactaaagccgaacgcttactaggctgttatacgcttacgaaagtaagaagcacatccacgaaggtggctttactccacctgatcccacgaaagccaagaca","[1167616]","Epinephelus bontoides","Eukaryota","Chordata","Actinopteri","Perciformes","Serranidae","Epinephelus","Epinephelus bontoides",96.4,"d:Eukaryota,p:Chordata,c:Actinopteri,o:Perciformes,f:Serranidae,g:Epinephelus,s:Epinephelus_merra","Eukaryota","Chordata","Actinopteri","Perciformes","Serranidae","Epinephelus","Epinephelus merra",95.3,"global",TRUE,96.4,"global_lca_to_local","Epinephelus","Eukaryota","Chordata","Actinopteri","Perciformes","Serranidae","Epinephelus",NA,"Eukaryota","Chordata","Actinopteri","Perciformes","Serranidae","Epinephelus",NA,"genus","Epinephelus"
"MiFish_0000635",10,NA,"None",0,"caccgcggttatacgagaggcccaagttgatagtcaacggcgtaaagagtggttagaaggaaccagttactaaagccgaacgccctcaaggctgttatacgcatccgaaggtgagaagctcatccacgaaagtggctttacaaccttgaatccacgaaagctacgaaa",NA,NA,NA,NA,NA,NA,NA,NA,NA,0,NA,NA,NA,NA,NA,NA,NA,NA,NA,"local",FALSE,NA,NA,NA,NA,NA,NA,NA,NA,NA,NA,NA,NA,NA,NA,NA,NA,NA,NA,NA
"MiFish_0000636",23,"['MW630253']","1350519",0.994285714285714,"caccgcggttatacgagaggcccaagttgacagacacggcgtaaagagtggttaggcaaccccctttctacacactaaagtcgaacgccctctaggctgttatacgctctatgaaggcaagaagccccactacgaaagtgactttattctacctgactccacgaaagctgagata","[1350519]","Stegastes arcifrons","Eukaryota","Chordata","Actinopteri",NA,"Pomacentridae","Stegastes","Stegastes arcifrons",99.4,NA,NA,NA,NA,NA,NA,NA,NA,NA,"global",FALSE,99.4,"global","Stegastes arcifrons","Eukaryota","Chordata","Actinopteri",NA,"Pomacentridae","Stegastes","Stegastes arcifrons","Eukaryota","Chordata","Actinopteri",NA,"Pomacentridae","Stegastes","Stegastes arcifrons","species","Stegastes arcifrons"
"MiFish_0000637",16,"['MW630230', 'MW630237', 'OP035322']","36213",0.994082840236686,"caccgcggtcatacgagaggctcaagttgacagacaacggcgtaaagagtggttaaggaacttattaaactaaagccgaacgccctcagaactgttatacgtttccgaaggtaagaagccccaccacgaaagtgactttattttccccgactccacgaaagctgcggaa","[229087, 36217]","Abudefduf","Eukaryota","Chordata","Actinopteri",NA,"Pomacentridae","Abudefduf",NA,99.4,NA,NA,NA,NA,NA,NA,NA,NA,NA,"global",FALSE,99.4,"global","Abudefduf","Eukaryota","Chordata","Actinopteri",NA,"Pomacentridae","Abudefduf",NA,"Eukaryota","Chordata","Actinopteri",NA,"Pomacentridae","Abudefduf",NA,"genus","Abudefduf"
"MiFish_0000638",29,"['MN703417', 'MN703418']","75035",0.976470588235294,"caccgcggttatacgagagacccaagttgttagacgccggcgtaaagagtggttaggtttgaatcttaaactaaagccgaacatcttcaaagctgttatacgcacccgaagacaagaagttcaatcacgaaagtggctttacctcaactgaacccacgaaagctaggata","[1316015, 175437]","Prionurus","Eukaryota","Chordata","Actinopteri","Acanthuriformes","Acanthuridae","Prionurus",NA,97.6,NA,NA,NA,NA,NA,NA,NA,NA,NA,"global",FALSE,97.6,"global","Prionurus","Eukaryota","Chordata","Actinopteri","Acanthuriformes","Acanthuridae","Prionurus",NA,"Eukaryota","Chordata","Actinopteri","Acanthuriformes","Acanthuridae","Prionurus",NA,"genus","Prionurus"
"MiFish_0000639",21,NA,"None",0,"caccgcggttatacgagaggcctaggttgatagacatcggcgtaaagagtggttagggaagacataaactaaagccgaacaccttcaaagctgttatacgctaacgaaggtaggaagcccccctacgaaagtggctttaaatttcctgactccacgaaagctgaggta",NA,NA,NA,NA,NA,NA,NA,NA,NA,0,NA,NA,NA,NA,NA,NA,NA,NA,NA,"local",FALSE,NA,NA,NA,NA,NA,NA,NA,NA,NA,NA,NA,NA,NA,NA,NA,NA,NA,NA,NA
"MiFish_0000640",31,"['MW630230', 'MW630237', 'OP035322']","36213",0.994082840236686,"caccgcggttatacgagaggctcaagttgacagacaacggcgtaaagagtggttaaggaacttattaaactaaagccgaacgccctcagaactgttatacgtttccgaaggtaagaagccccaccacgaaagtgactttattttccccgactccacgaaagctgtggaa","[229087, 36217]","Abudefduf","Eukaryota","Chordata","Actinopteri",NA,"Pomacentridae","Abudefduf",NA,99.4,NA,NA,NA,NA,NA,NA,NA,NA,NA,"global",FALSE,99.4,"global","Abudefduf","Eukaryota","Chordata","Actinopteri",NA,"Pomacentridae","Abudefduf",NA,"Eukaryota","Chordata","Actinopteri",NA,"Pomacentridae","Abudefduf",NA,"genus","Abudefduf"
"MiFish_0000641",10,NA,"None",0,"caccgcggtcatacgattaacccaaattaatagatccacggcgtaaagagtgtttaagaaaaaaaaccacaatagagttaaattataactaagctgtaaaaagccctagttaaaataaaataacccacgaaagtgactctaataatcctgacacatgatagctaggacc",NA,NA,NA,NA,NA,NA,NA,NA,NA,0,NA,NA,NA,NA,NA,NA,NA,NA,NA,"local",FALSE,NA,NA,NA,NA,NA,NA,NA,NA,NA,NA,NA,NA,NA,NA,NA,NA,NA,NA,NA
"MiFish_0000642",71,"['MW630253']","1350519",0.994285714285714,"caccgcggttatacgagaggcccaagttgacagacacggcgtaaagagtggttaggcaaccccctttctacacactaaagtcgaacgccctctgggctgttatacgctctatgaaggcaagaagccccaccacgaaagtgactttattctacctgactccacgaaagctgagata","[1350519]","Stegastes arcifrons","Eukaryota","Chordata","Actinopteri",NA,"Pomacentridae","Stegastes","Stegastes arcifrons",99.4,NA,NA,NA,NA,NA,NA,NA,NA,NA,"global",FALSE,99.4,"global","Stegastes arcifrons","Eukaryota","Chordata","Actinopteri",NA,"Pomacentridae","Stegastes","Stegastes arcifrons","Eukaryota","Chordata","Actinopteri",NA,"Pomacentridae","Stegastes","Stegastes arcifrons","species","Stegastes arcifrons"
"MiFish_0000643",96,NA,"None",0,"agccgcggtaatacggaaggtcctagcgttgttcggaattactgggcgtaaagcgcatgtaggcggaacaaaaagttagaagtgaaatacctgggctcaacctaggaattgcttttaaaacttttgttctggaattcaggagaggaaaatggaatttccagtgtagaggtgaaattcgtagatattggaaggaacaccagtggcgaaggcgattttctggactgatattgacgctgagatgcgaaggcatgggtag",NA,NA,NA,NA,NA,NA,NA,NA,NA,0,NA,NA,NA,NA,NA,NA,NA,NA,NA,"local",FALSE,NA,NA,NA,NA,NA,NA,NA,NA,NA,NA,NA,NA,NA,NA,NA,NA,NA,NA,NA
"MiFish_0000644",16,"['MW630158', 'EU601200', 'FJ449707']","242806",0.994186046511628,"caccgcggttatacgaaaggcccaagttgaaaaacattcggcgtaaagggtggctaagggcctattttaaactagagctgaatttcttcaaagctgttatacgcccatgaaaactagaaaatcaaccacgaaagtggctctaatctctcctgacaccacgaaagctatgaca","[242806]","Scarus ghobban","Eukaryota","Chordata","Actinopteri","Labriformes","Labridae","Scarus","Scarus ghobban",99.4,NA,NA,NA,NA,NA,NA,NA,NA,NA,"global",FALSE,99.4,"global","Scarus ghobban","Eukaryota","Chordata","Actinopteri","Labriformes","Labridae","Scarus","Scarus ghobban","Eukaryota","Chordata","Actinopteri","Labriformes","Labridae","Scarus","Scarus ghobban","species","Scarus ghobban"
"MiFish_0000645",14,"['MW630253']","1350519",0.977272727272727,"caccgcggttatacgagagacccaagttgttagacaccggcgtaaagagtggttaggcaaccccctttctacacactaaagtcgaacgccctctaggctgttatacgctctatgaaggcaagaagccccaccacgaaagtgactttattctacctgactccacgaaagctgagata","[1350519]","Stegastes arcifrons","Eukaryota","Chordata","Actinopteri",NA,"Pomacentridae","Stegastes","Stegastes arcifrons",97.7,NA,NA,NA,NA,NA,NA,NA,NA,NA,"global",FALSE,97.7,"global","Stegastes arcifrons","Eukaryota","Chordata","Actinopteri",NA,"Pomacentridae","Stegastes","Stegastes arcifrons","Eukaryota","Chordata","Actinopteri",NA,"Pomacentridae","Stegastes","Stegastes arcifrons","species","Stegastes arcifrons"
"MiFish_0000646",33,NA,"None",0,"caccgcggtcatacgattaacccaaattaatagatccacggcgtaaagagtgtttaagaaaaaaaaaccacaatagagttaaattataactaagctgtaaaaagccctaattaaaataaaataacccacgaaagtgactctaataatcctgacacacgatagctaggacc",NA,NA,NA,NA,NA,NA,NA,NA,NA,0,NA,NA,NA,NA,NA,NA,NA,NA,NA,"local",FALSE,NA,NA,NA,NA,NA,NA,NA,NA,NA,NA,NA,NA,NA,NA,NA,NA,NA,NA,NA
"MiFish_0000647",231,NA,"None",0,"caccgcggtcatacgattaacccaaattaatagatccacggcgtaaagagtatttaagaaaaaaaaccacaatagagttaaattataactaagctgtaaaaagccctagttaaaataaaataacccacgaaagtgactctaataatcctgacacacgatagctaggacc",NA,NA,NA,NA,NA,NA,NA,NA,NA,0,NA,NA,NA,NA,NA,NA,NA,NA,NA,"local",FALSE,NA,NA,NA,NA,NA,NA,NA,NA,NA,NA,NA,NA,NA,NA,NA,NA,NA,NA,NA
"MiFish_0000648",10,NA,"None",0,"accgcggtcatacgattaacccaaattaatagatccacggcgtaaagagtgtttaagaaaaaaaaccacaatagagttaaattataactaagctgtaaaaagccctagttaaaataaaataacccacgaaagtgactctaataatcctgacacacgatagctaggacc",NA,NA,NA,NA,NA,NA,NA,NA,NA,0,NA,NA,NA,NA,NA,NA,NA,NA,NA,"local",FALSE,NA,NA,NA,NA,NA,NA,NA,NA,NA,NA,NA,NA,NA,NA,NA,NA,NA,NA,NA
"MiFish_0000649",12,NA,"None",0,"caccgcggccatacgattaacccaaattaatagatccacggcgtaaagagtgtttaagaaaaaaaaaccacaatagagttaaattataactaagctgtaaaaagccctagttaaaataaaataacccacgaaagtgactctaataatcctgacacacgatagctaggacc",NA,NA,NA,NA,NA,NA,NA,NA,NA,0,NA,NA,NA,NA,NA,NA,NA,NA,NA,"local",FALSE,NA,NA,NA,NA,NA,NA,NA,NA,NA,NA,NA,NA,NA,NA,NA,NA,NA,NA,NA
"MiFish_0000650",2401,"['OP154165', 'KF956523']","7806",1,"caccgcggttatacgagtaactcatattaacacaccccggcgtaaagagtgattaaagaatgacctctaactactaaagtttagacctcataaaactgttatacgtatccatgagtggaataaacaacaacgaaagtgactttatatattaaggaaccttgatgtcacgacagttgggacc","[46612, 443756]","Carcharhinus","Eukaryota","Chordata","Chondrichthyes","Carcharhiniformes","Carcharhinidae","Carcharhinus",NA,100,"d:Eukaryota,p:Chordata,c:Chondrichthyes,o:Carcharhiniformes,f:Carcharhinidae,g:Carcharhinus,s:Carcharhinus_leucas","Eukaryota","Chordata","Chondrichthyes","Carcharhiniformes","Carcharhinidae","Carcharhinus","Carcharhinus leucas",100,"local",FALSE,100,"local","Carcharhinus leucas","Eukaryota","Chordata","Chondrichthyes","Carcharhiniformes","Carcharhinidae","Carcharhinus","Carcharhinus leucas","Eukaryota","Chordata","Chondrichthyes","Carcharhiniformes","Carcharhinidae","Carcharhinus","Carcharhinus leucas","species","Carcharhinus leucas"
"MiFish_0000651",22,"['OP154165', 'KF956523']","7806",0.994475138121547,"caccgcggttatacgagtaactcatattaacacaccccggcgtaaagagtgattaaagaatgacctctaactactaaagtttagacctcataaaactgttgtacgtatccatgagtggaataaacaacaacgaaagtgactttatatattaaggaaccttgatgtcacgacagttgggacc","[46612, 443756]","Carcharhinus","Eukaryota","Chordata","Chondrichthyes","Carcharhiniformes","Carcharhinidae","Carcharhinus",NA,99.4,"d:Eukaryota,p:Chordata,c:Chondrichthyes,o:Carcharhiniformes,f:Carcharhinidae,g:Carcharhinus,s:Carcharhinus_leucas","Eukaryota","Chordata","Chondrichthyes","Carcharhiniformes","Carcharhinidae","Carcharhinus","Carcharhinus leucas",99.4,"local",FALSE,99.4,"local","Carcharhinus leucas","Eukaryota","Chordata","Chondrichthyes","Carcharhiniformes","Carcharhinidae","Carcharhinus","Carcharhinus leucas","Eukaryota","Chordata","Chondrichthyes","Carcharhiniformes","Carcharhinidae","Carcharhinus","Carcharhinus leucas","species","Carcharhinus leucas"
"MiFish_0000652",32,"['OP154165', 'KF956523']","7806",0.994475138121547,"caccgcggttatacgagtaactcatattaacacaccccggcgtaaagagtgattaaagaatgacctctaactactaaagtttagacctcataaaactgttatacgtatccatgagtggaataaacaacaacgaaagtgactttatatattaaggaaccttgatgtcacgacagttgggact","[46612, 443756]","Carcharhinus","Eukaryota","Chordata","Chondrichthyes","Carcharhiniformes","Carcharhinidae","Carcharhinus",NA,99.4,"d:Eukaryota,p:Chordata,c:Chondrichthyes,o:Carcharhiniformes,f:Carcharhinidae,g:Carcharhinus,s:Carcharhinus_leucas","Eukaryota","Chordata","Chondrichthyes","Carcharhiniformes","Carcharhinidae","Carcharhinus","Carcharhinus leucas",99.4,"local",FALSE,99.4,"local","Carcharhinus leucas","Eukaryota","Chordata","Chondrichthyes","Carcharhiniformes","Carcharhinidae","Carcharhinus","Carcharhinus leucas","Eukaryota","Chordata","Chondrichthyes","Carcharhiniformes","Carcharhinidae","Carcharhinus","Carcharhinus leucas","species","Carcharhinus leucas"
"MiFish_0000653",14,NA,"None",0,"caccgcggtcatacgattaacccaaattaataggtccacggcgtaaagagtgtttaagaaaaaaaaaccacaatagagttaaattataactaagctgtaaaaagccctagttaaaataaaataacccacgaaagtgactctaataatcctgacacacgatagctaggacc",NA,NA,NA,NA,NA,NA,NA,NA,NA,0,NA,NA,NA,NA,NA,NA,NA,NA,NA,"local",FALSE,NA,NA,NA,NA,NA,NA,NA,NA,NA,NA,NA,NA,NA,NA,NA,NA,NA,NA,NA
"MiFish_0000654",12,NA,"None",0,"caccacggtcatacgattaacccaaattaatagatccacggcgtaaagagtgtttaagaaaaaaaaaccacaatagagttaaattataactaagctgtaaaaagccctagttaaaataaaataacccacgaaagtgactctaataatcctgacacacgatagctaggacc",NA,NA,NA,NA,NA,NA,NA,NA,NA,0,NA,NA,NA,NA,NA,NA,NA,NA,NA,"local",FALSE,NA,NA,NA,NA,NA,NA,NA,NA,NA,NA,NA,NA,NA,NA,NA,NA,NA,NA,NA
"MiFish_0000655",35,NA,"None",0,"caccgcggtcacacgattaacccaagtcaatagaagccggcgtaaagagtgttttagatcaccccctccacaataaagctaaaactcacctgagttgtaaaaaactccagttgacacaaaatagactacgaaagtggctttaacatatctgaacacacaatagctaagacc",NA,NA,NA,NA,NA,NA,NA,NA,NA,0,NA,NA,NA,NA,NA,NA,NA,NA,NA,"local",FALSE,NA,NA,NA,NA,NA,NA,NA,NA,NA,NA,NA,NA,NA,NA,NA,NA,NA,NA,NA
"MiFish_0000656",116,NA,"None",0,"caccgcggtcatacaattaacccaaattaatagatccacggcgtaaagagtgtttaagaaaaaaaaccacaatagagttaaattataactaagctgtaaaaagccctagttaaaataaaataacccacgaaagtgactctaataatcctgacacacgatagctaggacc",NA,NA,NA,NA,NA,NA,NA,NA,NA,0,NA,NA,NA,NA,NA,NA,NA,NA,NA,"local",FALSE,NA,NA,NA,NA,NA,NA,NA,NA,NA,NA,NA,NA,NA,NA,NA,NA,NA,NA,NA
"MiFish_0000657",10,NA,"None",0,"taccgcggttatacgagaggcccaagttgataagcatcggcgtaaagggtggttatggttaaataaatactaaagctgaacacttacaaagctgttatacgctcccgaaaataagaagaacaactacgaaagtggctttattacacccgaacccacgaaagccaaggca",NA,NA,NA,NA,NA,NA,NA,NA,NA,0,NA,NA,NA,NA,NA,NA,NA,NA,NA,"local",FALSE,NA,NA,NA,NA,NA,NA,NA,NA,NA,NA,NA,NA,NA,NA,NA,NA,NA,NA,NA
"MiFish_0000658",97,"['MW630230', 'MW630237', 'OP035322']","36213",0.994082840236686,"caccgcggttatacgagaggctcaagttgacagacaacggcgtaaagagtggttaaggaacttattaaactaaagccgaacgccctcagaactgttatacgtttccgaaggtaagaagccccaccacgaaagtgactttattttccccgactccacgaaagttgcggaa","[229087, 36217]","Abudefduf","Eukaryota","Chordata","Actinopteri",NA,"Pomacentridae","Abudefduf",NA,99.4,NA,NA,NA,NA,NA,NA,NA,NA,NA,"global",FALSE,99.4,"global","Abudefduf","Eukaryota","Chordata","Actinopteri",NA,"Pomacentridae","Abudefduf",NA,"Eukaryota","Chordata","Actinopteri",NA,"Pomacentridae","Abudefduf",NA,"genus","Abudefduf"
"MiFish_0000659",38,"['MW630230', 'MW630237', 'OP035322']","36213",0.994082840236686,"caccgcggttatacgagaggctcaagttgacagacaacggcgtaaagagtggttaaggaacttattaaactaaagccgaacgccctcagaactgttatacgtttccgaaggtaagaagccccaccacgaaagtgactttattttccccgacaccacgaaagctgcggaa","[229087, 36217]","Abudefduf","Eukaryota","Chordata","Actinopteri",NA,"Pomacentridae","Abudefduf",NA,99.4,NA,NA,NA,NA,NA,NA,NA,NA,NA,"global",FALSE,99.4,"global","Abudefduf","Eukaryota","Chordata","Actinopteri",NA,"Pomacentridae","Abudefduf",NA,"Eukaryota","Chordata","Actinopteri",NA,"Pomacentridae","Abudefduf",NA,"genus","Abudefduf"
"MiFish_0000660",22,"['MW630230', 'MW630237', 'OP035322', 'LC589595']","36213",0.994082840236686,"caccgcggttatacgagaggctcaagttgacagacaacggcgtaaagagtggttaaggaacttattaaactaaagccgaacgccatcagaactgttatacgtttccgaaggtaagaagccccaccacgaaagtgactttattttccccgactccacgaaagctgcggaa","[229087, 36217, 192871]","Abudefduf","Eukaryota","Chordata","Actinopteri",NA,"Pomacentridae","Abudefduf",NA,99.4,NA,NA,NA,NA,NA,NA,NA,NA,NA,"global",FALSE,99.4,"global","Abudefduf","Eukaryota","Chordata","Actinopteri",NA,"Pomacentridae","Abudefduf",NA,"Eukaryota","Chordata","Actinopteri",NA,"Pomacentridae","Abudefduf",NA,"genus","Abudefduf"
"MiFish_0000661",19,NA,"None",0,"caccgcggtcatacgattaacccaaattaatagatccacggcgtaaagagtgtttaagaaaaaaaaaccacaatagagttaaattataactaagctgtaaaaaaccctagttaaaataaaataacccacgaaagtgactctaataatcctgacacacgatagctaggacc",NA,NA,NA,NA,NA,NA,NA,NA,NA,0,NA,NA,NA,NA,NA,NA,NA,NA,NA,"local",FALSE,NA,NA,NA,NA,NA,NA,NA,NA,NA,NA,NA,NA,NA,NA,NA,NA,NA,NA,NA
"MiFish_0000662",3297,NA,"None",0,"caccgcggttatacgagaggctcaagtttacagaagacggcgtaaagagtggttaatggttattagactaaagctaaacaccttccaggccgttatacgcacctgaaggcaggaaaccccacaacgaaagtggctttaaacaactatgaccccacgaaagctaggaaa",NA,NA,NA,NA,NA,NA,NA,NA,NA,0,NA,NA,NA,NA,NA,NA,NA,NA,NA,"local",FALSE,NA,NA,NA,NA,NA,NA,NA,NA,NA,NA,NA,NA,NA,NA,NA,NA,NA,NA,NA
"MiFish_0000663",107,NA,"None",0,"agccgcggtaagacggaggatgcaagtgttatccggaatcactgggcgtaaagcgtctgtaggtggtttagtaagtcaactgttaaatcttgaagctcaacttcaaaatcgcagtcgaaactattagactagagtatagtaggggtaaagggaatttccagtggagcggtgaaatgcgtagagattggaaagaacaccgatggcgaaggcactttactgggctattactgacactcagagacgaaagctagggtag",NA,NA,NA,NA,NA,NA,NA,NA,NA,0,NA,NA,NA,NA,NA,NA,NA,NA,NA,"local",FALSE,NA,NA,NA,NA,NA,NA,NA,NA,NA,NA,NA,NA,NA,NA,NA,NA,NA,NA,NA
"MiFish_0000664",186,NA,"None",0,"agccgcggtaatacggagggtgcaagcgttaatcggaattactgggcgtaaagcgcgcgtaggcggttttttaagtcggatgtgaaagccccgggctcaacctgggaactgcatccgatactggataactagaatgcgggagagggaggtagaattccatgtgtagcagtgaaatgcgtagatatatggaggaataccagtggcgaaggcggcctcctggctcgacattgacgctgaggtgcgaaagcgtggggag",NA,NA,NA,NA,NA,NA,NA,NA,NA,0,NA,NA,NA,NA,NA,NA,NA,NA,NA,"local",FALSE,NA,NA,NA,NA,NA,NA,NA,NA,NA,NA,NA,NA,NA,NA,NA,NA,NA,NA,NA
"MiFish_0000665",14,NA,"None",0,"caccgcggtcacacgattaacccaagtcaatagaagccggcgtaaagagtgttttaggtcaccccctccccaataaagctaaaactcacctgagttgtaaaaaactccagttgacacaaaatagactacgaaagtggctttaacatatctgaacacacaatagctaagacc",NA,NA,NA,NA,NA,NA,NA,NA,NA,0,NA,NA,NA,NA,NA,NA,NA,NA,NA,"local",FALSE,NA,NA,NA,NA,NA,NA,NA,NA,NA,NA,NA,NA,NA,NA,NA,NA,NA,NA,NA
"MiFish_0000666",127,"['MW630253']","1350519",0.994285714285714,"caccgcggttatacgagaggcccaagttgacagacacggcgtaaagagtggttaggcaaccccctttctacacactaaagtcgaacgccctctaggctgttatacgctctatgaaggcaagaagccccaccacgaaagtgactttattctacccgactccacgaaagctgagata","[1350519]","Stegastes arcifrons","Eukaryota","Chordata","Actinopteri",NA,"Pomacentridae","Stegastes","Stegastes arcifrons",99.4,NA,NA,NA,NA,NA,NA,NA,NA,NA,"global",FALSE,99.4,"global","Stegastes arcifrons","Eukaryota","Chordata","Actinopteri",NA,"Pomacentridae","Stegastes","Stegastes arcifrons","Eukaryota","Chordata","Actinopteri",NA,"Pomacentridae","Stegastes","Stegastes arcifrons","species","Stegastes arcifrons"
"MiFish_0000667",87,NA,"None",0,"caccgcggttatacgagaggctcaagtttacagaagacggcgtaaagagtggttaatggttattagactaaagctaaacaccttccaggccgttatacgcacctgaaggcaggaagccccacaacgaaagtggctttaaacaactatgaccccacgaaagctaggaaa",NA,NA,NA,NA,NA,NA,NA,NA,NA,0,NA,NA,NA,NA,NA,NA,NA,NA,NA,"local",FALSE,NA,NA,NA,NA,NA,NA,NA,NA,NA,NA,NA,NA,NA,NA,NA,NA,NA,NA,NA
"MiFish_0000668",10,NA,"None",0,"caccgcggtcatacgattaacccaaattaatagatccacggcgtaaagagtgtttaagaaaaaaaatcacaatagagttaaattataactaagctgtaaaaagccctagttaaaataaaataacccacgaaagtgactctaataatcctgacgcacgatagctaggacc",NA,NA,NA,NA,NA,NA,NA,NA,NA,0,NA,NA,NA,NA,NA,NA,NA,NA,NA,"local",FALSE,NA,NA,NA,NA,NA,NA,NA,NA,NA,NA,NA,NA,NA,NA,NA,NA,NA,NA,NA
"MiFish_0000669",15,NA,"None",0,"caccgcggtcatacgattaacccaaattaatagatccacggcgtaaagagtgtttaagaaaaaaaatcacaatagagttaaattataactaagctgtaaaaagccctagttaaaataaaataacccacgaaagtgactctaataatcccgacacacgatagctaggacc",NA,NA,NA,NA,NA,NA,NA,NA,NA,0,NA,NA,NA,NA,NA,NA,NA,NA,NA,"local",FALSE,NA,NA,NA,NA,NA,NA,NA,NA,NA,NA,NA,NA,NA,NA,NA,NA,NA,NA,NA
"MiFish_0000670",80,NA,"None",0,"caccgcggttatacgagaggcccaagctgataattatcggcgtaaagagtggttaagattaattgaagactaaagccgaaaacccccatagctgttatactcacccgggggaaagaagcccaattacgaaagtggctttacaacatctgaacccacgaaagctagggca",NA,NA,NA,NA,NA,NA,NA,NA,NA,0,NA,NA,NA,NA,NA,NA,NA,NA,NA,"local",FALSE,NA,NA,NA,NA,NA,NA,NA,NA,NA,NA,NA,NA,NA,NA,NA,NA,NA,NA,NA
"MiFish_0000671",176,NA,"None",0,"caccgcggttatacgagaggcccaagttgataagctcggcgtaaagagtggttatggatgaaccccacactaaagctaaagaccccctaggctgttatacgcacctggaggctcgaaccacctatacgaaagtagctttactcccttccaccagaacccacgacagctggggca",NA,NA,NA,NA,NA,NA,NA,NA,NA,0,NA,NA,NA,NA,NA,NA,NA,NA,NA,"local",FALSE,NA,NA,NA,NA,NA,NA,NA,NA,NA,NA,NA,NA,NA,NA,NA,NA,NA,NA,NA
"MiFish_0000672",10,NA,"None",0,"caccgcggtaatacgattaacccaaactaacgggctcacggcgtaaagcgtgtaaaagatctacctacactaaagttaaaatttaaccaagccgtaaaaagctgccgttaatacaaaatatactacgaaagtgactttaataattctgattacacgatagctaagacc",NA,NA,NA,NA,NA,NA,NA,NA,NA,0,NA,NA,NA,NA,NA,NA,NA,NA,NA,"local",FALSE,NA,NA,NA,NA,NA,NA,NA,NA,NA,NA,NA,NA,NA,NA,NA,NA,NA,NA,NA
"MiFish_0000673",23640,NA,"None",0,"caccgcggttagacgaaaggcctaagttgataatcatcggcgtaaagagtggttaaggaaaacttaaaactaaagccgaatgttcacaaggttgttatacgcatccgagaataagaagctcctccacgaaagtggctttaacatacccgactccacgtaagctatgaaa",NA,NA,NA,NA,NA,NA,NA,NA,NA,0,NA,NA,NA,NA,NA,NA,NA,NA,NA,"local",FALSE,NA,NA,NA,NA,NA,NA,NA,NA,NA,NA,NA,NA,NA,NA,NA,NA,NA,NA,NA
"MiFish_0000674",237,NA,"None",0,"agccgcggtaagacggaggatgcaagtgttatccggaatcactgggcgtaaagcgtctgtaggtggtttaataagtcaactgttaaatcttgaggctcaacttcaaaatcgcagtcgaaactattagactagagtatagtagaggtaaagggaatttccagtggagcggtgaaatgcgtagatattggaaagaacaccgatggcgaaagcactttactgggctattactaacactcagagacgaaagctagggtag",NA,NA,NA,NA,NA,NA,NA,NA,NA,0,NA,NA,NA,NA,NA,NA,NA,NA,NA,"local",FALSE,NA,NA,NA,NA,NA,NA,NA,NA,NA,NA,NA,NA,NA,NA,NA,NA,NA,NA,NA
"MiFish_0000675",43,"['OP035077']","153621",0.958579881656805,"taccgcggttatacgagaggcccaagttgacaggttccggcgtaaagcgtggttaaggaataatgaacactaaagctgaacgcttactaggctgttatacgctcccgaaagtaagaagaccatccacgaaggcggctttaccttacctgaacccacgaaagccaaggca","[153621]","Mycteroperca bonaci","Eukaryota","Chordata","Actinopteri","Perciformes","Serranidae","Mycteroperca","Mycteroperca bonaci",95.9,NA,NA,NA,NA,NA,NA,NA,NA,NA,"global",FALSE,95.9,"global","Mycteroperca bonaci","Eukaryota","Chordata","Actinopteri","Perciformes","Serranidae","Mycteroperca","Mycteroperca bonaci","Eukaryota","Chordata","Actinopteri","Perciformes","Serranidae","Mycteroperca",NA,"genus","Mycteroperca"
"MiFish_0000676",101,"['KF374983', 'KF374984']","1229150",0.994117647058824,"caccgcggttatacgagaggcccaagttgatagacgccggcgcaaagagtggttaggtaacttaacaaactaaagccgaacgcctccaaggctgttatacgtgctcggaggtatgaagcccaactacgaaagtggctttaactatatctgaacccacgaaagctgtgaaa","[1229150]","Mugil thoburni","Eukaryota","Chordata","Actinopteri","Mugiliformes","Mugilidae","Mugil","Mugil thoburni",99.4,"d:Eukaryota,p:Chordata,c:Actinopteri,o:Mugiliformes,f:Mugilidae,g:Mugil,s:Mugil_thoburni","Eukaryota","Chordata","Actinopteri","Mugiliformes","Mugilidae","Mugil","Mugil thoburni",99.4,"local",FALSE,99.4,"local","Mugil thoburni","Eukaryota","Chordata","Actinopteri","Mugiliformes","Mugilidae","Mugil","Mugil thoburni","Eukaryota","Chordata","Actinopteri","Mugiliformes","Mugilidae","Mugil","Mugil thoburni","species","Mugil thoburni"
"MiFish_0000677",178,"['KF374983', 'KF374984']","1229150",0.994117647058824,"caccgcggttatacgagaggcccaagttgatagacgccggcgcaaagagtggttaggtaacttagcaaactaaagccgaacgcccccaaggctgttatacgtgctcggaggtatgaagcccaactacgaaagtggctttaactatatctgaacccacgaaagctgtgaaa","[1229150]","Mugil thoburni","Eukaryota","Chordata","Actinopteri","Mugiliformes","Mugilidae","Mugil","Mugil thoburni",99.4,"d:Eukaryota,p:Chordata,c:Actinopteri,o:Mugiliformes,f:Mugilidae,g:Mugil,s:Mugil_thoburni","Eukaryota","Chordata","Actinopteri","Mugiliformes","Mugilidae","Mugil","Mugil thoburni",99.4,"local",FALSE,99.4,"local","Mugil thoburni","Eukaryota","Chordata","Actinopteri","Mugiliformes","Mugilidae","Mugil","Mugil thoburni","Eukaryota","Chordata","Actinopteri","Mugiliformes","Mugilidae","Mugil","Mugil thoburni","species","Mugil thoburni"
"MiFish_0000678",15,NA,"None",0,"caccgcggttatacgaggggcccgagctgataattatcggcgtaaagagtggttaagattaattgaagactaaagccgaaaacccccatagctgttatacgcacccgggggaaagaagcccaattacgaaagtggctttacaacatctgaacccacgaaagctagggca",NA,NA,NA,NA,NA,NA,NA,NA,NA,0,NA,NA,NA,NA,NA,NA,NA,NA,NA,"local",FALSE,NA,NA,NA,NA,NA,NA,NA,NA,NA,NA,NA,NA,NA,NA,NA,NA,NA,NA,NA
"MiFish_0000679",11,"['LC645306']","398654",0.964285714285714,"caccgcggctatacgagaggcccaagttgatagcacccggcgtaaagagtggttatggaaaattattactaaagccgcacaccttcaaagctgtcatacgcatccgaagaatagaggccccatcacgaaagtagctttacaaaacctgaccccacgaaagctctggta","[398654]","Pontinus macrocephalus","Eukaryota","Chordata","Actinopteri","Perciformes","Scorpaenidae","Pontinus","Pontinus macrocephalus",96.4,NA,NA,NA,NA,NA,NA,NA,NA,NA,"global",FALSE,96.4,"global","Pontinus macrocephalus","Eukaryota","Chordata","Actinopteri","Perciformes","Scorpaenidae","Pontinus","Pontinus macrocephalus","Eukaryota","Chordata","Actinopteri","Perciformes","Scorpaenidae","Pontinus",NA,"genus","Pontinus"
"MiFish_0000680",19,NA,"None",0,"gggacgaaagaccctataaacctcagttaaaaaatctaaatactatatgctttaagattatagcttgtttggggtaaactttaatattaatattattaatataaactgatcttaacacaattaattgaataaggta",NA,NA,NA,NA,NA,NA,NA,NA,NA,0,NA,NA,NA,NA,NA,NA,NA,NA,NA,"local",FALSE,NA,NA,NA,NA,NA,NA,NA,NA,NA,NA,NA,NA,NA,NA,NA,NA,NA,NA,NA
"MiFish_0000681",45,NA,"None",0,"caccgcggttagacgaaaggcctaagttgataatcatcggcgtaaagagtggttaaggaaaacttaaaactaaagccgaatgttcacaaggttgttatacgcatccgagaataagaagctcctccacgaaagtggctttagcatacccgactccacgtaagctatgaaa",NA,NA,NA,NA,NA,NA,NA,NA,NA,0,NA,NA,NA,NA,NA,NA,NA,NA,NA,"local",FALSE,NA,NA,NA,NA,NA,NA,NA,NA,NA,NA,NA,NA,NA,NA,NA,NA,NA,NA,NA
"MiFish_0000682",20,NA,"None",0,"cgccgcggttatacgagaggcccaagttgatagttaacggcgtaaagggtggttagaagaagactattactaaagccgaacgccctcaaggctgttatacgcatccgaaggtgagaagcccattcacgaaagtggctttataactttgaccccacgaaagctgagaca",NA,NA,NA,NA,NA,NA,NA,NA,NA,0,NA,NA,NA,NA,NA,NA,NA,NA,NA,"local",FALSE,NA,NA,NA,NA,NA,NA,NA,NA,NA,NA,NA,NA,NA,NA,NA,NA,NA,NA,NA
"MiFish_0000683",43,"['AP011915']","168377",0.988235294117647,"caccgcggttatacgagaggtccaagttgttagccctcggcgtaaagagcggttaaagtaaaaaacaaaactgaggtcgaacatcttcaaggcagttatacgctcccgaggatatgaagcacaatcacgaaagtagcctcaccctgcttgaacccacgaaagctaggaca","[168377]","Sphoeroides annulatus","Eukaryota","Chordata","Actinopteri","Tetraodontiformes","Tetraodontidae","Sphoeroides","Sphoeroides annulatus",98.8,NA,NA,NA,NA,NA,NA,NA,NA,NA,"global",FALSE,98.8,"global","Sphoeroides annulatus","Eukaryota","Chordata","Actinopteri","Tetraodontiformes","Tetraodontidae","Sphoeroides","Sphoeroides annulatus","Eukaryota","Chordata","Actinopteri","Tetraodontiformes","Tetraodontidae","Sphoeroides","Sphoeroides annulatus","species","Sphoeroides annulatus"
"MiFish_0000684",10,NA,"None",0,"tgccgcggttatacgaggggcccgagtcgacagccaccggcgtaaagagtggttagggtaaaatttaaactaaagccaaactcctattaagttcgtctaatgttaattaaaagggagaggcccaactacgaaagtggctttaccaaacctgaccccacgaaagctgagaca",NA,NA,NA,NA,NA,NA,NA,NA,NA,0,NA,NA,NA,NA,NA,NA,NA,NA,NA,"local",FALSE,NA,NA,NA,NA,NA,NA,NA,NA,NA,NA,NA,NA,NA,NA,NA,NA,NA,NA,NA
"MiFish_0000685",62,NA,"None",0,"caccgcggttatacgaggggcccgagtcgacagccaccggcgtaaagagtggttagggtaaaatttaaactaaagccaaactcctattaagttcgtctaatgttaattaaaagggagaggcccaactacgaaagtggctttaccaaacctgaccccacgaaagctagggca",NA,NA,NA,NA,NA,NA,NA,NA,NA,0,NA,NA,NA,NA,NA,NA,NA,NA,NA,"local",FALSE,NA,NA,NA,NA,NA,NA,NA,NA,NA,NA,NA,NA,NA,NA,NA,NA,NA,NA,NA
"MiFish_0000686",25,NA,"None",0,"caccgcggttatacggagggtgcaagcgttaatcggaattactgggcgtaaagcgcgcgtaggcggttttttaagtcggatgtgaaagccccgggctcaacctgggaactgcatccgatactggatcactagaatgcgggagagggaggtagaattccatgtgtagcagtgaaatgcgtagatatatggaggaataccagtggcgaaggcggcctcctggctcgacattgacgctgaggtgcgaaagcgtggggag",NA,NA,NA,NA,NA,NA,NA,NA,NA,0,NA,NA,NA,NA,NA,NA,NA,NA,NA,"local",FALSE,NA,NA,NA,NA,NA,NA,NA,NA,NA,NA,NA,NA,NA,NA,NA,NA,NA,NA,NA
"MiFish_0000687",81,NA,"None",0,"caccgcggttagacgaaaggcctaagttgataatcatcggcgtaaagagtggttaaggaaaacttaaaactaaagccgaatgttcacaaggttgttatacgcatccgagaataagaagctcctccacgaaagtggctttaacatactcgactccacgtaagctatgaaa",NA,NA,NA,NA,NA,NA,NA,NA,NA,0,NA,NA,NA,NA,NA,NA,NA,NA,NA,"local",FALSE,NA,NA,NA,NA,NA,NA,NA,NA,NA,NA,NA,NA,NA,NA,NA,NA,NA,NA,NA
"MiFish_0000688",19,NA,"None",0,"caccgcggttatacgagaggcccaagttgatagacgccggcgcaaagagtggttaggtaacttaacaaactaaagccaaactcctattaagttcgtctaatgttaattaaaagggagaggcccaactacgaaagtggctttaccaaacctgaccccacgaaagctgagaca",NA,NA,NA,NA,NA,NA,NA,NA,NA,0,NA,NA,NA,NA,NA,NA,NA,NA,NA,"local",FALSE,NA,NA,NA,NA,NA,NA,NA,NA,NA,NA,NA,NA,NA,NA,NA,NA,NA,NA,NA
"MiFish_0000689",10,"['OP035077']","153621",0.958823529411765,"taccgcggttatacgagaggcccaagttgacaggttccggcgtaaagcgtggttagggaataatgaacactaaagctgaacgcttactaggctgttatacgctcccgaaagtaagaagaccatccacgaaggtggctttaccttacctgaacccacgaaagccaaggca","[153621]","Mycteroperca bonaci","Eukaryota","Chordata","Actinopteri","Perciformes","Serranidae","Mycteroperca","Mycteroperca bonaci",95.9,NA,NA,NA,NA,NA,NA,NA,NA,NA,"global",FALSE,95.9,"global","Mycteroperca bonaci","Eukaryota","Chordata","Actinopteri","Perciformes","Serranidae","Mycteroperca","Mycteroperca bonaci","Eukaryota","Chordata","Actinopteri","Perciformes","Serranidae","Mycteroperca",NA,"genus","Mycteroperca"
"MiFish_0000690",21,NA,"None",0,"caccgcggttatacgaggggcccgagtcgacagccaccggcgtaaagagtggttagggtaaaatttaaactaaagccaaactcctattaagttcgtctaatgttaattaaaagggagaggcccaactacgaaagtggctttaccaaacctgaacccacgaaagctgtgaaa",NA,NA,NA,NA,NA,NA,NA,NA,NA,0,NA,NA,NA,NA,NA,NA,NA,NA,NA,"local",FALSE,NA,NA,NA,NA,NA,NA,NA,NA,NA,NA,NA,NA,NA,NA,NA,NA,NA,NA,NA
"MiFish_0000691",42,NA,"None",0,"agccgcggtaatacagaggatgcaagcgttatccggaatcactgggcataaagcgtctgtaggtggtttggtaagtctgctgttaaagactggggctcaaccccagaaaagcagtggaaactgctagacttgagtgtggtagaggtagagggaattcctagtgtagcggtgaaatgcgtagatattaggaagaacaccaatggcgaaggcactctactgggccataactgacactgagagacgacagctaggggag",NA,NA,NA,NA,NA,NA,NA,NA,NA,0,NA,NA,NA,NA,NA,NA,NA,NA,NA,"local",FALSE,NA,NA,NA,NA,NA,NA,NA,NA,NA,NA,NA,NA,NA,NA,NA,NA,NA,NA,NA
"MiFish_0000692",13,"['KF374976']","48193",0.970760233918129,"caccgcggttatacgaaagacccaagctgatagatgtcggcgtaaagagtggttaagtatcttgatagaactaaagccgaacgccctcaagaccgttatacgtttccgaaggtatgaagctcaactacgaaagtaactttaactatacctgaccccacgaaagctgagaca","[48193]","Mugil cephalus","Eukaryota","Chordata","Actinopteri","Mugiliformes","Mugilidae","Mugil","Mugil cephalus",97.1,"d:Eukaryota,p:Chordata,c:Actinopteri,o:Mugiliformes,f:Mugilidae,g:Mugil,s:Mugil_cephalus","Eukaryota","Chordata","Actinopteri","Mugiliformes","Mugilidae","Mugil","Mugil cephalus",97.1,"local",FALSE,97.1,"local","Mugil cephalus","Eukaryota","Chordata","Actinopteri","Mugiliformes","Mugilidae","Mugil","Mugil cephalus","Eukaryota","Chordata","Actinopteri","Mugiliformes","Mugilidae","Mugil","Mugil cephalus","species","Mugil cephalus"
"MiFish_0000693",28,NA,"None",0,"agccgcggcaatacggagggtgcaagcgttaatcggaattactgggcgtaaagcgcgcgtaggcggttttttaagtcggatgtgaaagccccgggctcaacctgggaactgcatccgatactggatcactagaatgcgggagagggaggtagaattccatgtgtagcagtgaaatgcgtagatatatggaggaataccagtggcgaaggcggcctcctggctcgacattgacgctgaggtgcgaaagcgtggggag",NA,NA,NA,NA,NA,NA,NA,NA,NA,0,NA,NA,NA,NA,NA,NA,NA,NA,NA,"local",FALSE,NA,NA,NA,NA,NA,NA,NA,NA,NA,NA,NA,NA,NA,NA,NA,NA,NA,NA,NA
"MiFish_0000694",242,NA,"None",0,"caccgcggttatacgagaggctcaagttgacaaatcttcggcgtaaagggtggttaaatttttatataactaaagccgaatgctttcactactgttatacgtattcgaaagtaagaagccccaccacgaaagtagctttattattattgactccacgaaagctgtgtaa",NA,NA,NA,NA,NA,NA,NA,NA,NA,0,NA,NA,NA,NA,NA,NA,NA,NA,NA,"local",FALSE,NA,NA,NA,NA,NA,NA,NA,NA,NA,NA,NA,NA,NA,NA,NA,NA,NA,NA,NA
"MiFish_0000695",159,"['AY279606']","241298",1,"caccgcggttatacgagagacccaagtggatggtcttcggcgtaaagagtggttaagataaaacccaaaaataaagccaaataacttcaaagctgtcatacgcgcatgaagaaaagaaacccaaccacgaaagtggctttaaacccctgactccacgaaagctatggta","[241298]","Halichoeres notospilus","Eukaryota","Chordata","Actinopteri","Labriformes","Labridae","Halichoeres","Halichoeres notospilus",100,NA,NA,NA,NA,NA,NA,NA,NA,NA,"global",FALSE,100,"global","Halichoeres notospilus","Eukaryota","Chordata","Actinopteri","Labriformes","Labridae","Halichoeres","Halichoeres notospilus","Eukaryota","Chordata","Actinopteri","Labriformes","Labridae","Halichoeres","Halichoeres notospilus","species","Halichoeres notospilus"
"MiFish_0000696",24,NA,"None",0,"caccgcggttatacgagaggcccaagttgacagacacggcgtaaagagtggttaggcaaccccctttctacacactaaagtcgaacgccctctaggctgttatacgtgctcggaggtatgaagcccaactacgaaagtggctttaactatatctgaacccacgaaagctgtgaaa",NA,NA,NA,NA,NA,NA,NA,NA,NA,0,NA,NA,NA,NA,NA,NA,NA,NA,NA,"local",FALSE,NA,NA,NA,NA,NA,NA,NA,NA,NA,NA,NA,NA,NA,NA,NA,NA,NA,NA,NA
"MiFish_0000697",4512,NA,"None",0,"caccgcggttatacgagaggcccaagttgaccgacactcggcgtaaagagtggttaaaagaacctaaaactaaagccgaacgccctcactactgttatacgttttcgagggtaagaagccctactacgaaagtggctttactaacattgaccccacgaaagctgtgaaa",NA,NA,NA,NA,NA,NA,NA,NA,NA,0,NA,NA,NA,NA,NA,NA,NA,NA,NA,"local",FALSE,NA,NA,NA,NA,NA,NA,NA,NA,NA,NA,NA,NA,NA,NA,NA,NA,NA,NA,NA
"MiFish_0000698",151,"['KY815286']","317475",0.976047904191617,"caccgcggttatacgagagacccaagtagatggccgccggcgtaaagagtggttaagatgcacccctactaaagccaaatgacttcaaagctgtcatacgcgcatgaatatacgaagcccaaccacgaaagtggctttaaaactctgactccacgaaagctatgata","[317475]","Halichoeres dispilus","Eukaryota","Chordata","Actinopteri","Labriformes","Labridae","Halichoeres","Halichoeres dispilus",97.6,NA,NA,NA,NA,NA,NA,NA,NA,NA,"global",FALSE,97.6,"global","Halichoeres dispilus","Eukaryota","Chordata","Actinopteri","Labriformes","Labridae","Halichoeres","Halichoeres dispilus","Eukaryota","Chordata","Actinopteri","Labriformes","Labridae","Halichoeres","Halichoeres dispilus","species","Halichoeres dispilus"
"MiFish_0000699",11,NA,"None",0,"agccgcggtaatacgtaggtcccgagcgttatccggagttactgggcgtaaagcgtctgtagcctgatgtataagtctattttcaaagctcacgactcaatcgtggaaagggagtagatactgtatatctagaggatttaagaggttaatggaataccaagtggagcggtgaaatgcgttgatatttggtggaatgccgaaagcgaaagcagttaactattaaactcctgacggtcagagacgaaagcatgggtag",NA,NA,NA,NA,NA,NA,NA,NA,NA,0,NA,NA,NA,NA,NA,NA,NA,NA,NA,"local",FALSE,NA,NA,NA,NA,NA,NA,NA,NA,NA,NA,NA,NA,NA,NA,NA,NA,NA,NA,NA
"MiFish_0000700",324,"['MZ329993']","129077",0.982248520710059,"caccgcggttagacgagaggcctaagttgataatttccggcgtaaagagtggttagggagaccctcaaactaaagccgaatattctcacagctgtcatacgcacccgagaataagaagtcccaccacgaaagtggctttaacccacccgaccccacgaaagctgtggaa","[129077]","Tylosurus crocodilus","Eukaryota","Chordata","Actinopteri","Beloniformes","Belonidae","Tylosurus","Tylosurus crocodilus",98.2,"d:Eukaryota,p:Chordata,c:Actinopteri,o:Beloniformes,f:Belonidae,g:Tylosurus,s:Tylosurus_crocodilus","Eukaryota","Chordata","Actinopteri","Beloniformes","Belonidae","Tylosurus","Tylosurus crocodilus",98.2,"local",FALSE,98.2,"local","Tylosurus crocodilus","Eukaryota","Chordata","Actinopteri","Beloniformes","Belonidae","Tylosurus","Tylosurus crocodilus","Eukaryota","Chordata","Actinopteri","Beloniformes","Belonidae","Tylosurus","Tylosurus crocodilus","species","Tylosurus crocodilus"
"MiFish_0000701",2774,"['AY279605']","241297",1,"caccgcggttatacgagagacccaagtggatggtcttcggcgtaaagagtggttaagataaaacccaaaactaaagccaaataacttcaaagctgttatacgcgcatgaagaaaagaaactcaaccacgaaagtggctttaaacccctgattccacgaaagctatggta","[241297]","Halichoeres nicholsi","Eukaryota","Chordata","Actinopteri","Labriformes","Labridae","Halichoeres","Halichoeres nicholsi",100,NA,NA,NA,NA,NA,NA,NA,NA,NA,"global",FALSE,100,"global","Halichoeres nicholsi","Eukaryota","Chordata","Actinopteri","Labriformes","Labridae","Halichoeres","Halichoeres nicholsi","Eukaryota","Chordata","Actinopteri","Labriformes","Labridae","Halichoeres","Halichoeres nicholsi","species","Halichoeres nicholsi"
"MiFish_0000702",109,"['MW630253']","1350519",0.994285714285714,"caccgcggttatacgagaggcccaagttgacagacacggcgtaaagagtggttaggcaaccccctttctacacactaaagtcgaacgccctctaggctgttatacgctctatgaaggcaagaagccccgccacgaaagtgactttattctacctgactccacgaaagctgagata","[1350519]","Stegastes arcifrons","Eukaryota","Chordata","Actinopteri",NA,"Pomacentridae","Stegastes","Stegastes arcifrons",99.4,NA,NA,NA,NA,NA,NA,NA,NA,NA,"global",FALSE,99.4,"global","Stegastes arcifrons","Eukaryota","Chordata","Actinopteri",NA,"Pomacentridae","Stegastes","Stegastes arcifrons","Eukaryota","Chordata","Actinopteri",NA,"Pomacentridae","Stegastes","Stegastes arcifrons","species","Stegastes arcifrons"
"MiFish_0000703",17,"['MW630253']","1350519",0.971590909090909,"caccgcggttatacgagaggcccaagttgatagacgccggcgcaaagagtggttaggtaaccccctttctacacactaaagtcgaacgccctctaggctgttatacgctctatgaaggcaagaagccccaccacgaaagtgactttattctacctgactccacgaaagctgagata","[1350519]","Stegastes arcifrons","Eukaryota","Chordata","Actinopteri",NA,"Pomacentridae","Stegastes","Stegastes arcifrons",97.2,NA,NA,NA,NA,NA,NA,NA,NA,NA,"global",FALSE,97.2,"global","Stegastes arcifrons","Eukaryota","Chordata","Actinopteri",NA,"Pomacentridae","Stegastes","Stegastes arcifrons","Eukaryota","Chordata","Actinopteri",NA,"Pomacentridae","Stegastes","Stegastes arcifrons","species","Stegastes arcifrons"
"MiFish_0000704",114,NA,"None",0,"caccgcggttatacgagaggcccaagttgatagacgccggcgcaaagagtggttagggtaaaatttaaactaaagccaaactcctattaagttcgtctaatgttaattaaaagggagaggcccaactacgaaagtggctttaccaaacctgaccccacgaaagctgagaca",NA,NA,NA,NA,NA,NA,NA,NA,NA,0,NA,NA,NA,NA,NA,NA,NA,NA,NA,"local",FALSE,NA,NA,NA,NA,NA,NA,NA,NA,NA,NA,NA,NA,NA,NA,NA,NA,NA,NA,NA
"MiFish_0000705",10,"['LC649125']","2012922",0.994082840236686,"caccgcggttatacgagaggcctaagttaacagacaccggcgtaaagagtggttaaggagaaatcaaaactaaagccgaataacctcaagattgttatacgttcccgaggacaagaagcccaactacgaaagtggctttaattttcccgactccacgaaagctgtgaaa","[2012922]","Hyporhamphus yuri","Eukaryota","Chordata","Actinopteri","Beloniformes","Hemiramphidae","Hyporhamphus","Hyporhamphus yuri",99.4,NA,NA,NA,NA,NA,NA,NA,NA,NA,"global",FALSE,99.4,"global","Hyporhamphus yuri","Eukaryota","Chordata","Actinopteri","Beloniformes","Hemiramphidae","Hyporhamphus","Hyporhamphus yuri","Eukaryota","Chordata","Actinopteri","Beloniformes","Hemiramphidae","Hyporhamphus",NA,"genus","Hyporhamphus"
"MiFish_0000706",11,NA,"None",0,"caccgcggttatacgaggggcccaagtcgacagccaccggcgtaaagagtggttagggtaaaatttaaactaaagccaaactcctattaagttcgtctaatgttaattaaaagggagaggcccaactacgaaagtggctctaccaaacctgaccccacgaaagctgagaca",NA,NA,NA,NA,NA,NA,NA,NA,NA,0,NA,NA,NA,NA,NA,NA,NA,NA,NA,"local",FALSE,NA,NA,NA,NA,NA,NA,NA,NA,NA,NA,NA,NA,NA,NA,NA,NA,NA,NA,NA
"MiFish_0000707",38,"['MW630253']","1350519",0.977272727272727,"caccgcggttatacgagaggcccaagttgatagacgccggcgcaaagagtggttaggcaaccccctttctacacactaaagtcgaacgccctctaggctgttatacgctctatgaaggcaagaagccccaccacgaaagtgactttattctacctgactccacgaaagctgagata","[1350519]","Stegastes arcifrons","Eukaryota","Chordata","Actinopteri",NA,"Pomacentridae","Stegastes","Stegastes arcifrons",97.7,NA,NA,NA,NA,NA,NA,NA,NA,NA,"global",FALSE,97.7,"global","Stegastes arcifrons","Eukaryota","Chordata","Actinopteri",NA,"Pomacentridae","Stegastes","Stegastes arcifrons","Eukaryota","Chordata","Actinopteri",NA,"Pomacentridae","Stegastes","Stegastes arcifrons","species","Stegastes arcifrons"
"MiFish_0000708",39,"['MW630253']","1350519",0.994285714285714,"caccgcggttatacgagaggcccaagttgacagacacggcgtaaagagtggtcaggcaaccccctttctacacactaaagtcgaacgccctctaggctgttatacgctctatgaaggcaagaagccccaccacgaaagtgactttattctacctgactccacgaaagctgagata","[1350519]","Stegastes arcifrons","Eukaryota","Chordata","Actinopteri",NA,"Pomacentridae","Stegastes","Stegastes arcifrons",99.4,NA,NA,NA,NA,NA,NA,NA,NA,NA,"global",FALSE,99.4,"global","Stegastes arcifrons","Eukaryota","Chordata","Actinopteri",NA,"Pomacentridae","Stegastes","Stegastes arcifrons","Eukaryota","Chordata","Actinopteri",NA,"Pomacentridae","Stegastes","Stegastes arcifrons","species","Stegastes arcifrons"
"MiFish_0000709",296,"['KF374983', 'KF374984']","1229150",0.994117647058824,"caccgcggttatacgagaggcccaagttgatagacgccggcgcaaagagtggttaggtaacttaacaaactaaagccgaacgcccccaagactgttatacgtgctcggaggtatgaagcccaactacgaaagtggctttaactatatctgaacccacgaaagctgtgaaa","[1229150]","Mugil thoburni","Eukaryota","Chordata","Actinopteri","Mugiliformes","Mugilidae","Mugil","Mugil thoburni",99.4,"d:Eukaryota,p:Chordata,c:Actinopteri,o:Mugiliformes,f:Mugilidae,g:Mugil,s:Mugil_thoburni","Eukaryota","Chordata","Actinopteri","Mugiliformes","Mugilidae","Mugil","Mugil thoburni",99.4,"local",FALSE,99.4,"local","Mugil thoburni","Eukaryota","Chordata","Actinopteri","Mugiliformes","Mugilidae","Mugil","Mugil thoburni","Eukaryota","Chordata","Actinopteri","Mugiliformes","Mugilidae","Mugil","Mugil thoburni","species","Mugil thoburni"
"MiFish_0000710",10,NA,"None",0,"caccgcggttatacgagaggcccaagttgatagacgccggcgcaaagagtggttaggtaacttaacaaactaaagccgaacgcccccaaggctgttatacgtgctcggaggtatgaagcccaactacgaaagtgactttattctacctgactccacgaaagctgagata",NA,NA,NA,NA,NA,NA,NA,NA,NA,0,NA,NA,NA,NA,NA,NA,NA,NA,NA,"local",FALSE,NA,NA,NA,NA,NA,NA,NA,NA,NA,NA,NA,NA,NA,NA,NA,NA,NA,NA,NA
"MiFish_0000711",22,NA,"None",0,"caccgcggttatacgagaggcccaagttgatagacgccggcgcaaagagtggttaggtaacttaacaaactaaagccgaacgcccccaaggctgttatacgctctatgaaggcaagaagccccaccacgaaagtgactttattctacctgactccacgaaagctgagata",NA,NA,NA,NA,NA,NA,NA,NA,NA,0,NA,NA,NA,NA,NA,NA,NA,NA,NA,"local",FALSE,NA,NA,NA,NA,NA,NA,NA,NA,NA,NA,NA,NA,NA,NA,NA,NA,NA,NA,NA
"MiFish_0000712",17,"['KF374983', 'KF374984']","1229150",0.988235294117647,"caccgcggttatacgagaggcccaagttgatagacgccggcgcaaagagtggttaggtaacttaacaaactaaagccgaacgcccccaaggctgttatacgtgctcggaggtatgaagcccaactacgaaagtggctttaactatatctgaacccacgaaagctgagata","[1229150]","Mugil thoburni","Eukaryota","Chordata","Actinopteri","Mugiliformes","Mugilidae","Mugil","Mugil thoburni",98.8,"d:Eukaryota,p:Chordata,c:Actinopteri,o:Mugiliformes,f:Mugilidae,g:Mugil,s:Mugil_thoburni","Eukaryota","Chordata","Actinopteri","Mugiliformes","Mugilidae","Mugil","Mugil thoburni",98.8,"local",FALSE,98.8,"local","Mugil thoburni","Eukaryota","Chordata","Actinopteri","Mugiliformes","Mugilidae","Mugil","Mugil thoburni","Eukaryota","Chordata","Actinopteri","Mugiliformes","Mugilidae","Mugil","Mugil thoburni","species","Mugil thoburni"
"MiFish_0000713",11,"['MW630254']","1350520",0.994285714285714,"caccgcggttatacgagaggctcaagttgacagacacggcgtaaagagtggttaggcaaccccctccctacacactaaagtcgaacgccctcagggcagttatacgcgctacgaaggtaagaagctcctccacgaaagtgactttactccacctgaccccacgaaagctgagata","[1350520]","Stegastes beebei","Eukaryota","Chordata","Actinopteri",NA,"Pomacentridae","Stegastes","Stegastes beebei",99.4,NA,NA,NA,NA,NA,NA,NA,NA,NA,"global",FALSE,99.4,"global","Stegastes beebei","Eukaryota","Chordata","Actinopteri",NA,"Pomacentridae","Stegastes","Stegastes beebei","Eukaryota","Chordata","Actinopteri",NA,"Pomacentridae","Stegastes","Stegastes beebei","species","Stegastes beebei"
"MiFish_0000714",29,"['MW630254']","1350520",0.994285714285714,"caccgcggttatacgagaggctcaagttgacagacacggcgtaaagagtggttaggcaaccacctccctacacactaaagtcgaacgccctcagggcagttatacgcgctacgaaggtaagaagctcctccacgaaagtgactttactccacctgactccacgaaagctgagata","[1350520]","Stegastes beebei","Eukaryota","Chordata","Actinopteri",NA,"Pomacentridae","Stegastes","Stegastes beebei",99.4,NA,NA,NA,NA,NA,NA,NA,NA,NA,"global",FALSE,99.4,"global","Stegastes beebei","Eukaryota","Chordata","Actinopteri",NA,"Pomacentridae","Stegastes","Stegastes beebei","Eukaryota","Chordata","Actinopteri",NA,"Pomacentridae","Stegastes","Stegastes beebei","species","Stegastes beebei"
"MiFish_0000715",10,"['KF374983', 'KF374984']","1229150",0.988235294117647,"tgccgcggttatacgagaggcccaagttgatagacgccggcgcaaagagtggttaggtaacttaacaaactaaagccgaacgcccccaaggctgttatacgtgctcggaggtatgaagcccaactacgaaagtggctttaactatatctgaacccacgaaagctgtgaaa","[1229150]","Mugil thoburni","Eukaryota","Chordata","Actinopteri","Mugiliformes","Mugilidae","Mugil","Mugil thoburni",98.8,"d:Eukaryota,p:Chordata,c:Actinopteri,o:Mugiliformes,f:Mugilidae,g:Mugil,s:Mugil_thoburni","Eukaryota","Chordata","Actinopteri","Mugiliformes","Mugilidae","Mugil","Mugil thoburni",98.8,"local",FALSE,98.8,"local","Mugil thoburni","Eukaryota","Chordata","Actinopteri","Mugiliformes","Mugilidae","Mugil","Mugil thoburni","Eukaryota","Chordata","Actinopteri","Mugiliformes","Mugilidae","Mugil","Mugil thoburni","species","Mugil thoburni"
"MiFish_0000716",13,"['MW630253']","1350519",0.994285714285714,"caccgcggttatacgagaggcccaagttgacagacacggcgtaaagagtggttaggcaaccccctttctacacactaaagtcgaacgcccactaggctgttatacgctctatgaaggcaagaagccccaccacgaaagtgactttattctacctgactccacgaaagctgagata","[1350519]","Stegastes arcifrons","Eukaryota","Chordata","Actinopteri",NA,"Pomacentridae","Stegastes","Stegastes arcifrons",99.4,NA,NA,NA,NA,NA,NA,NA,NA,NA,"global",FALSE,99.4,"global","Stegastes arcifrons","Eukaryota","Chordata","Actinopteri",NA,"Pomacentridae","Stegastes","Stegastes arcifrons","Eukaryota","Chordata","Actinopteri",NA,"Pomacentridae","Stegastes","Stegastes arcifrons","species","Stegastes arcifrons"
"MiFish_0000717",2087,NA,"None",0,"caccgcggttatacgaggggttcaagttgatgtctgtcggcgtaaagagtgattacaggagtataaataactaaagccgaagaccccctgggctgttttacgcatctgggggctattaagctcttcaacgaaggtagctttaaaagattcatcctcgagttcacgatagctaaggca",NA,NA,NA,NA,NA,NA,NA,NA,NA,0,NA,NA,NA,NA,NA,NA,NA,NA,NA,"local",FALSE,NA,NA,NA,NA,NA,NA,NA,NA,NA,NA,NA,NA,NA,NA,NA,NA,NA,NA,NA
"MiFish_0000718",20,"['KF374983', 'KF374984']","1229150",0.958823529411765,"caccgcggttatacgaaagacccaagctgatagatgtcggcgtaaagagtggttaagtaacttaacaaactaaagccgaacgcccccaaggctgttatacgtgctcggaggtatgaagcccaactacgaaagtggctttaactatatctgaacccacgaaagctgtgaaa","[1229150]","Mugil thoburni","Eukaryota","Chordata","Actinopteri","Mugiliformes","Mugilidae","Mugil","Mugil thoburni",95.9,"d:Eukaryota,p:Chordata,c:Actinopteri,o:Mugiliformes,f:Mugilidae,g:Mugil,s:Mugil_thoburni","Eukaryota","Chordata","Actinopteri","Mugiliformes","Mugilidae","Mugil","Mugil thoburni",95.9,"local",FALSE,95.9,"local","Mugil thoburni","Eukaryota","Chordata","Actinopteri","Mugiliformes","Mugilidae","Mugil","Mugil thoburni","Eukaryota","Chordata","Actinopteri","Mugiliformes","Mugilidae","Mugil","Mugil thoburni","species","Mugil thoburni"
"MiFish_0000719",39,NA,"None",0,"caccgcggttatacgagaggcccaagttgatagacgccggcgcaaagagtggttaggtaacttaacaaactaaagccgaacaccttcaaagctgttatacgctaacgaaggtaggaagcccccctacgaaagtggctttaaatttcctgactccacgaaagctgaggta",NA,NA,NA,NA,NA,NA,NA,NA,NA,0,NA,NA,NA,NA,NA,NA,NA,NA,NA,"local",FALSE,NA,NA,NA,NA,NA,NA,NA,NA,NA,NA,NA,NA,NA,NA,NA,NA,NA,NA,NA
"MiFish_0000720",484,"['KF374983', 'KF374984']","1229150",0.994117647058824,"caccgcggttatacgagaggcccaagttgatagacgccggcgcaaagagtggttaagtaacttaacaaactaaagccgaacgcccccaaggctgttatacgtgctcggaggtatgaagcccaactacgaaagtggctttaactatatctgaacccacgaaagctgtgaaa","[1229150]","Mugil thoburni","Eukaryota","Chordata","Actinopteri","Mugiliformes","Mugilidae","Mugil","Mugil thoburni",99.4,"d:Eukaryota,p:Chordata,c:Actinopteri,o:Mugiliformes,f:Mugilidae,g:Mugil,s:Mugil_thoburni","Eukaryota","Chordata","Actinopteri","Mugiliformes","Mugilidae","Mugil","Mugil thoburni",99.4,"local",FALSE,99.4,"local","Mugil thoburni","Eukaryota","Chordata","Actinopteri","Mugiliformes","Mugilidae","Mugil","Mugil thoburni","Eukaryota","Chordata","Actinopteri","Mugiliformes","Mugilidae","Mugil","Mugil thoburni","species","Mugil thoburni"
"MiFish_0000721",220,"['KF374976']","48193",0.964912280701754,"caccgcggttatacgagaggcccaagttgatagacgccggcgcaaagagtggttaagtatcttgatagaactaaagccgaacgccctcaagaccgttatacgtttccgaaggtatgaagctcaactacgaaagtaactttaactatatctgattccacgaaagctgcgaaa","[48193]","Mugil cephalus","Eukaryota","Chordata","Actinopteri","Mugiliformes","Mugilidae","Mugil","Mugil cephalus",96.5,"d:Eukaryota,p:Chordata,c:Actinopteri,o:Mugiliformes,f:Mugilidae,g:Mugil,s:Mugil_cephalus","Eukaryota","Chordata","Actinopteri","Mugiliformes","Mugilidae","Mugil","Mugil cephalus",96.5,"local",FALSE,96.5,"local","Mugil cephalus","Eukaryota","Chordata","Actinopteri","Mugiliformes","Mugilidae","Mugil","Mugil cephalus","Eukaryota","Chordata","Actinopteri","Mugiliformes","Mugilidae","Mugil","Mugil cephalus","species","Mugil cephalus"
"MiFish_0000722",56,"['KF374975', 'KF374983', 'KF374984']","8190",0.976470588235294,"caccgcggttatacgagaggcctaagttgatagacatcggcgtaaagagtggttaggtaacttaacaaactaaagccgaacgcccccaaggctgttatacgtgctcggaggtatgaagcccaactacgaaagtggctttaactatatctgaacccacgaaagctgtgaaa","[48194, 1229150]","Mugil","Eukaryota","Chordata","Actinopteri","Mugiliformes","Mugilidae","Mugil",NA,97.6,"d:Eukaryota,p:Chordata,c:Actinopteri,o:Mugiliformes,f:Mugilidae,g:Mugil,s:Mugil_thoburni","Eukaryota","Chordata","Actinopteri","Mugiliformes","Mugilidae","Mugil","Mugil thoburni",97.6,"local",FALSE,97.6,"local","Mugil thoburni","Eukaryota","Chordata","Actinopteri","Mugiliformes","Mugilidae","Mugil","Mugil thoburni","Eukaryota","Chordata","Actinopteri","Mugiliformes","Mugilidae","Mugil","Mugil thoburni","species","Mugil thoburni"
"MiFish_0000723",3675,"['AP011930', 'AP019603', 'KT600935', 'LC579334']","50368",1,"caccgcggttatacgagagacccaagttgttagcccccggcgtaaagagtggttaaaaacacaacattaaactgaggccgaacaccctcaaggcagttatacgctcccgagggcatgaagaacaattacgaaagtagcctcaccccatttgaacccacgaaagctagggca","[300221, 342437]","Arothron","Eukaryota","Chordata","Actinopteri","Tetraodontiformes","Tetraodontidae","Arothron",NA,100,"d:Eukaryota,p:Chordata,c:Actinopteri,o:Tetraodontiformes,f:Tetraodontidae,g:Arothron,s:Arothron_hispidus","Eukaryota","Chordata","Actinopteri","Tetraodontiformes","Tetraodontidae","Arothron","Arothron hispidus",100,"local",FALSE,100,"local","Arothron hispidus","Eukaryota","Chordata","Actinopteri","Tetraodontiformes","Tetraodontidae","Arothron","Arothron hispidus","Eukaryota","Chordata","Actinopteri","Tetraodontiformes","Tetraodontidae","Arothron","Arothron hispidus","species","Arothron hispidus"
"MiFish_0000724",54,NA,"None",0,"caccgcggttatacgagaggcctaagttgatagacatcggcgtaaagagtggttagggaagacataaactaaagccgaacaccttcaaagctgttatacgctaacgaaggtaggaagcccccctacgaaagcggctttaaatttcctgactccacgaaagctgaggta",NA,NA,NA,NA,NA,NA,NA,NA,NA,0,NA,NA,NA,NA,NA,NA,NA,NA,NA,"local",FALSE,NA,NA,NA,NA,NA,NA,NA,NA,NA,NA,NA,NA,NA,NA,NA,NA,NA,NA,NA
"MiFish_0000725",19,NA,"None",0,"caccgcggttatacgaaagacccaagctgatagatgtcggcgtaaagagtgattacaggagtataaataactaaagccgaagaccccctgggctgttttacgcatctgggggctattaagctcttcaacgaaggtagctttaaaagattcatcctcgagttcacgatagctaaggca",NA,NA,NA,NA,NA,NA,NA,NA,NA,0,NA,NA,NA,NA,NA,NA,NA,NA,NA,"local",FALSE,NA,NA,NA,NA,NA,NA,NA,NA,NA,NA,NA,NA,NA,NA,NA,NA,NA,NA,NA
"MiFish_0000726",22,NA,"None",0,"caccgcggttatacgagaggcctaagttgatagacatcggcgtaaagagtggttagggaagacataaactaaagccgaacaccttcaaagctgttatacgtgctcggaggtatgaagcccaactacgaaagtggctttaactatatctgaacccacgaaagctgtgaaa",NA,NA,NA,NA,NA,NA,NA,NA,NA,0,NA,NA,NA,NA,NA,NA,NA,NA,NA,"local",FALSE,NA,NA,NA,NA,NA,NA,NA,NA,NA,NA,NA,NA,NA,NA,NA,NA,NA,NA,NA
"MiFish_0000727",200,"['AY279561', 'EF616895', 'KC136384', 'KC136409', 'KC136423', 'KC136521', 'KC136558', 'KC136574']","163142",1,"caccgcggttatacgagaggcccaagttgatagactccggcgtaaagagtggttaagacacatctacaaaactaaagccgaacgccctcagggctgttatacgctcccgaaggtaagaagttcaatcacgaaagtggctttataccaactgaacccacgaaagctatgaca","[163143, 768496]","Kyphosus","Eukaryota","Chordata","Actinopteri","Centrarchiformes","Kyphosidae","Kyphosus",NA,100,"d:Eukaryota,p:Chordata,c:Actinopteri,o:Centrarchiformes,f:Kyphosidae,g:Kyphosus,s:Kyphosus_vaigiensis","Eukaryota","Chordata","Actinopteri","Centrarchiformes","Kyphosidae","Kyphosus","Kyphosus vaigiensis",98.3,"global",TRUE,100,"global_lca_to_local","Kyphosus","Eukaryota","Chordata","Actinopteri","Centrarchiformes","Kyphosidae","Kyphosus",NA,"Eukaryota","Chordata","Actinopteri","Centrarchiformes","Kyphosidae","Kyphosus",NA,"genus","Kyphosus"
"MiFish_0000728",289,"['KF374983', 'KF374984']","1229150",0.964705882352941,"caccgcggttatacgaaagacccaagctgatagatgtcggcgtaaagagtggttaggtaacttaacaaactaaagccgaacgcccccaaggctgttatacgtgctcggaggtatgaagcccaactacgaaagtggctttaactatatctgaacccacgaaagctgtgaaa","[1229150]","Mugil thoburni","Eukaryota","Chordata","Actinopteri","Mugiliformes","Mugilidae","Mugil","Mugil thoburni",96.5,"d:Eukaryota,p:Chordata,c:Actinopteri,o:Mugiliformes,f:Mugilidae,g:Mugil,s:Mugil_thoburni","Eukaryota","Chordata","Actinopteri","Mugiliformes","Mugilidae","Mugil","Mugil thoburni",96.5,"local",FALSE,96.5,"local","Mugil thoburni","Eukaryota","Chordata","Actinopteri","Mugiliformes","Mugilidae","Mugil","Mugil thoburni","Eukaryota","Chordata","Actinopteri","Mugiliformes","Mugilidae","Mugil","Mugil thoburni","species","Mugil thoburni"
"MiFish_0000729",13,"['KF374976']","48193",0.976608187134503,"gcggttatacgaaagacccaagctgatagatgtcggcgtaaagagtggttaagtatcttgatagaactaaagccgaacgccctcaagaccgttatacgtttccgaaggtatgaagctcaactacgaaagtaactttaactatatctgattccacgaaagctgcgaaa","[48193]","Mugil cephalus","Eukaryota","Chordata","Actinopteri","Mugiliformes","Mugilidae","Mugil","Mugil cephalus",97.7,"d:Eukaryota,p:Chordata,c:Actinopteri,o:Mugiliformes,f:Mugilidae,g:Mugil,s:Mugil_cephalus","Eukaryota","Chordata","Actinopteri","Mugiliformes","Mugilidae","Mugil","Mugil cephalus",100,"local",FALSE,100,"local","Mugil cephalus","Eukaryota","Chordata","Actinopteri","Mugiliformes","Mugilidae","Mugil","Mugil cephalus","Eukaryota","Chordata","Actinopteri","Mugiliformes","Mugilidae","Mugil","Mugil cephalus","species","Mugil cephalus"
"MiFish_0000730",73,NA,"None",0,"caccgcggttatacgaggggttcaagttgatgtctgtcggcgtaaagagtgattacaggagtataaataactaaagccgaagaccccctgggctgttttacgcatctgggggttattaagctcttcaacgaaggtagctttaaaagattcatcctcgagttcacgatagctaaggca",NA,NA,NA,NA,NA,NA,NA,NA,NA,0,NA,NA,NA,NA,NA,NA,NA,NA,NA,"local",FALSE,NA,NA,NA,NA,NA,NA,NA,NA,NA,NA,NA,NA,NA,NA,NA,NA,NA,NA,NA
"MiFish_0000731",26,"['KF374975']","48194",0.953216374269006,"caccgcggttatacgagaggcctaagttgatagacatcggcgtaaagagtggttagggaagacataaactaaagccgaacgcccccaaggctgttatacgtgctcggaggtatgaagcccaactacgaaagtggctttaactatatctgaacccacgaaagctgtgaaa","[48194]","Mugil curema","Eukaryota","Chordata","Actinopteri","Mugiliformes","Mugilidae","Mugil","Mugil curema",95.3,NA,NA,NA,NA,NA,NA,NA,NA,NA,"global",FALSE,95.3,"global","Mugil curema","Eukaryota","Chordata","Actinopteri","Mugiliformes","Mugilidae","Mugil","Mugil curema","Eukaryota","Chordata","Actinopteri","Mugiliformes","Mugilidae","Mugil","Mugil curema","species","Mugil curema"
"MiFish_0000732",68,NA,"None",0,"caccgcggttaaacgagaggcccaagttgttatcctccggcgtaaagagtggttaaggaccagttactactaaagccgcacaccttcaaagctgttatacgcccccgaagagtagaagcccgaccacgaaggtagctttattacccctgaccccacgagagctctggca",NA,NA,NA,NA,NA,NA,NA,NA,NA,0,NA,NA,NA,NA,NA,NA,NA,NA,NA,"local",FALSE,NA,NA,NA,NA,NA,NA,NA,NA,NA,NA,NA,NA,NA,NA,NA,NA,NA,NA,NA
"MiFish_0000733",46,"['KF374976']","48193",0.970760233918129,"caccgcggttatacgagaggcccaagttgatagacgccggcgtaaagagtggttaagtatcttgatagaactaaagccgaacgccctcaagaccgttatacgtttccgaaggtatgaagctcaactacgaaagtaactttaactatatctgattccacgaaagctgcgaaa","[48193]","Mugil cephalus","Eukaryota","Chordata","Actinopteri","Mugiliformes","Mugilidae","Mugil","Mugil cephalus",97.1,"d:Eukaryota,p:Chordata,c:Actinopteri,o:Mugiliformes,f:Mugilidae,g:Mugil,s:Mugil_cephalus","Eukaryota","Chordata","Actinopteri","Mugiliformes","Mugilidae","Mugil","Mugil cephalus",97.1,"local",FALSE,97.1,"local","Mugil cephalus","Eukaryota","Chordata","Actinopteri","Mugiliformes","Mugilidae","Mugil","Mugil cephalus","Eukaryota","Chordata","Actinopteri","Mugiliformes","Mugilidae","Mugil","Mugil cephalus","species","Mugil cephalus"
"MiFish_0000734",19,NA,"None",0,"caccgcggttatacgagaggcctaagttgatagacatcggcgtaaagagtggttagggaagacataaactaaagccgaacgccctcaagaccgttatacgtttccgaaggtatgaagctcaactacgaaagtaactttaactatatctgattccacgaaagctgcgaaa",NA,NA,NA,NA,NA,NA,NA,NA,NA,0,NA,NA,NA,NA,NA,NA,NA,NA,NA,"local",FALSE,NA,NA,NA,NA,NA,NA,NA,NA,NA,NA,NA,NA,NA,NA,NA,NA,NA,NA,NA
"MiFish_0000735",126,NA,"None",0,"caccgcggttatacgaaagacccaagctgatagatgtcggcgtaaagagtggttagggaagacataaactaaagccgaacaccttcaaagctgttatacgctaacgaaggtaggaagcccccctacgaaagtggctttaaatttcctgactccacgaaagctgaggta",NA,NA,NA,NA,NA,NA,NA,NA,NA,0,NA,NA,NA,NA,NA,NA,NA,NA,NA,"local",FALSE,NA,NA,NA,NA,NA,NA,NA,NA,NA,NA,NA,NA,NA,NA,NA,NA,NA,NA,NA
"MiFish_0000736",28,NA,"None",0,"caccgcggttatacgagaggcccaagttgatagacgccggcgcaaagagtggttaggtaacttaacaaactaaagccgaacgcccccaaggctgttatacgctaacgaaggtaggaagcccccctacgaaagtggctttaaatttcctgactccacgaaagctgaggta",NA,NA,NA,NA,NA,NA,NA,NA,NA,0,NA,NA,NA,NA,NA,NA,NA,NA,NA,"local",FALSE,NA,NA,NA,NA,NA,NA,NA,NA,NA,NA,NA,NA,NA,NA,NA,NA,NA,NA,NA
"MiFish_0000737",162,"['KF374983', 'KF374984']","1229150",0.98235294117647,"caccgcggttatacgaaagacccaagctgatagacgccggcgcaaagagtggttaggtaacttaacaaactaaagccgaacgcccccaaggctgttatacgtgctcggaggtatgaagcccaactacgaaagtggctttaactatatctgaacccacgaaagctgtgaaa","[1229150]","Mugil thoburni","Eukaryota","Chordata","Actinopteri","Mugiliformes","Mugilidae","Mugil","Mugil thoburni",98.2,"d:Eukaryota,p:Chordata,c:Actinopteri,o:Mugiliformes,f:Mugilidae,g:Mugil,s:Mugil_thoburni","Eukaryota","Chordata","Actinopteri","Mugiliformes","Mugilidae","Mugil","Mugil thoburni",98.2,"local",FALSE,98.2,"local","Mugil thoburni","Eukaryota","Chordata","Actinopteri","Mugiliformes","Mugilidae","Mugil","Mugil thoburni","Eukaryota","Chordata","Actinopteri","Mugiliformes","Mugilidae","Mugil","Mugil thoburni","species","Mugil thoburni"
"MiFish_0000738",42,NA,"None",0,"caccgcggttatacgagaggcccaagttgatagacgccggcgcaaagagtggttaggtaacttaacaaactaaagccgaacgcccccaaggctgttatacgtgctcggaggtatgaagcccaactacgaaagtggctttaaatttcctgactccacgaaagctgaggta",NA,NA,NA,NA,NA,NA,NA,NA,NA,0,NA,NA,NA,NA,NA,NA,NA,NA,NA,"local",FALSE,NA,NA,NA,NA,NA,NA,NA,NA,NA,NA,NA,NA,NA,NA,NA,NA,NA,NA,NA
"MiFish_0000739",28,"['KF374976']","48193",0.982456140350877,"caccgcggttatacgaaagacccaagctgatagatgtcggcgtaaagagtggttaagtatcttgatagaactaaagccgaacgccctcaagaccgttatacgtttccgaaggtatgaagctcaactacgaaagtaactttaactatatctgattccacgaaagctgaggta","[48193]","Mugil cephalus","Eukaryota","Chordata","Actinopteri","Mugiliformes","Mugilidae","Mugil","Mugil cephalus",98.2,"d:Eukaryota,p:Chordata,c:Actinopteri,o:Mugiliformes,f:Mugilidae,g:Mugil,s:Mugil_cephalus","Eukaryota","Chordata","Actinopteri","Mugiliformes","Mugilidae","Mugil","Mugil cephalus",98.2,"local",FALSE,98.2,"local","Mugil cephalus","Eukaryota","Chordata","Actinopteri","Mugiliformes","Mugilidae","Mugil","Mugil cephalus","Eukaryota","Chordata","Actinopteri","Mugiliformes","Mugilidae","Mugil","Mugil cephalus","species","Mugil cephalus"
"MiFish_0000740",52,NA,"None",0,"caccgcggttatacgagaggcctaagttgatagacatcggcgtaaagagtggttagggaagacataaactaaagccgaacaccttcaaagctgttatacgctaacgaaggtaggaagcccccctacgaaagtggctttaactatatctgaacccacgaaagctgtgaaa",NA,NA,NA,NA,NA,NA,NA,NA,NA,0,NA,NA,NA,NA,NA,NA,NA,NA,NA,"local",FALSE,NA,NA,NA,NA,NA,NA,NA,NA,NA,NA,NA,NA,NA,NA,NA,NA,NA,NA,NA
"MiFish_0000741",46,"['KF374976']","48193",0.964912280701754,"caccgcggttatacgagaggcctaagttgatagacatcggcgtaaagagtggttaagtatcttgatagaactaaagccgaacgccctcaagaccgttatacgtttccgaaggtatgaagctcaactacgaaagtaactttaactatatctgattccacgaaagctgcgaaa","[48193]","Mugil cephalus","Eukaryota","Chordata","Actinopteri","Mugiliformes","Mugilidae","Mugil","Mugil cephalus",96.5,"d:Eukaryota,p:Chordata,c:Actinopteri,o:Mugiliformes,f:Mugilidae,g:Mugil,s:Mugil_cephalus","Eukaryota","Chordata","Actinopteri","Mugiliformes","Mugilidae","Mugil","Mugil cephalus",96.5,"local",FALSE,96.5,"local","Mugil cephalus","Eukaryota","Chordata","Actinopteri","Mugiliformes","Mugilidae","Mugil","Mugil cephalus","Eukaryota","Chordata","Actinopteri","Mugiliformes","Mugilidae","Mugil","Mugil cephalus","species","Mugil cephalus"
"MiFish_0000742",224,NA,"None",0,"caccgcggttatacgagaggcctaagttgatagacatcggcgtaaagagtggttagggaagacataaactaaagccgaacaccttcaaagctgttatacgctaacgaaggtaggaagcccccctacgaaagtggctttaaatttcctgactccacgaaagctgagata",NA,NA,NA,NA,NA,NA,NA,NA,NA,0,NA,NA,NA,NA,NA,NA,NA,NA,NA,"local",FALSE,NA,NA,NA,NA,NA,NA,NA,NA,NA,NA,NA,NA,NA,NA,NA,NA,NA,NA,NA
"MiFish_0000743",27,NA,"None",0,"caccgcggttatacgagaggcccaagttgatagacgccggcgcaaagagtggttaggtaacttaacaaactaaagccgaacgcccccaaggctgttatacgtgctcggaggtatgaagcccaactacgaaagtggctttaaacactatgattccacgaaagctagggaa",NA,NA,NA,NA,NA,NA,NA,NA,NA,0,NA,NA,NA,NA,NA,NA,NA,NA,NA,"local",FALSE,NA,NA,NA,NA,NA,NA,NA,NA,NA,NA,NA,NA,NA,NA,NA,NA,NA,NA,NA
"MiFish_0000744",789,NA,"None",0,"taccgcggttatacgagaggctcaagttgatagaccccggcgtaaagagtggttaagaccacaaacccaaacactaaagccgaactacctcaaagctgttatacgcatccgaaagttagaagtacaactacgaaggtggctttaatttaacctgaacccacgaaagcaaagaca",NA,NA,NA,NA,NA,NA,NA,NA,NA,0,NA,NA,NA,NA,NA,NA,NA,NA,NA,"local",FALSE,NA,NA,NA,NA,NA,NA,NA,NA,NA,NA,NA,NA,NA,NA,NA,NA,NA,NA,NA
"MiFish_0000745",80,"['KF374983', 'KF374984']","1229150",0.970588235294118,"caccgcggttatacgaaagacccaagctgatagatgtcggcgcaaagagtggttaggtaacttaacaaactaaagccgaacgcccccaaggctgttatacgtgctcggaggtatgaagcccaactacgaaagtggctttaactatatctgaacccacgaaagctgtgaaa","[1229150]","Mugil thoburni","Eukaryota","Chordata","Actinopteri","Mugiliformes","Mugilidae","Mugil","Mugil thoburni",97.1,"d:Eukaryota,p:Chordata,c:Actinopteri,o:Mugiliformes,f:Mugilidae,g:Mugil,s:Mugil_thoburni","Eukaryota","Chordata","Actinopteri","Mugiliformes","Mugilidae","Mugil","Mugil thoburni",97.1,"local",FALSE,97.1,"local","Mugil thoburni","Eukaryota","Chordata","Actinopteri","Mugiliformes","Mugilidae","Mugil","Mugil thoburni","Eukaryota","Chordata","Actinopteri","Mugiliformes","Mugilidae","Mugil","Mugil thoburni","species","Mugil thoburni"
"MiFish_0000746",885,NA,"None",0,"caccgcggttatacgagaggcccaagttgactagcgctcggcgtaaagggtggttaatactttaattcactaaagccgaaccccctctcgactgtctaacgctttcgagggctggaagcacaactacgaaagtggctttaacaccttgaccccacgaaaactgtggca",NA,NA,NA,NA,NA,NA,NA,NA,NA,0,NA,NA,NA,NA,NA,NA,NA,NA,NA,"local",FALSE,NA,NA,NA,NA,NA,NA,NA,NA,NA,NA,NA,NA,NA,NA,NA,NA,NA,NA,NA
"MiFish_0000747",25,"['KF374976']","48193",0.976608187134503,"caccgcggttatacgagaggcctaagttgatagatgtcggcgtaaagagtggttaagtatcttgatagaactaaagccgaacgccctcaagaccgttatacgtttccgaaggtatgaagctcaactacgaaagtaactttaactatatctgattccacgaaagctgcgaaa","[48193]","Mugil cephalus","Eukaryota","Chordata","Actinopteri","Mugiliformes","Mugilidae","Mugil","Mugil cephalus",97.7,"d:Eukaryota,p:Chordata,c:Actinopteri,o:Mugiliformes,f:Mugilidae,g:Mugil,s:Mugil_cephalus","Eukaryota","Chordata","Actinopteri","Mugiliformes","Mugilidae","Mugil","Mugil cephalus",97.7,"local",FALSE,97.7,"local","Mugil cephalus","Eukaryota","Chordata","Actinopteri","Mugiliformes","Mugilidae","Mugil","Mugil cephalus","Eukaryota","Chordata","Actinopteri","Mugiliformes","Mugilidae","Mugil","Mugil cephalus","species","Mugil cephalus"
"MiFish_0000748",181,"['AP009188']","388628",1,"caccgcggttatacgagagacccaagttgttaggcaccggcgtaaagggtggttaaggcaaatacccaaactaaagccgaacatcttccgagccgtcatacgcacacgaagacaagaagcccaataacgaaagtggctctaacctgcctgaacccacgaaagctatgaca","[388628]","Chilomycterus reticulatus","Eukaryota","Chordata","Actinopteri","Tetraodontiformes","Diodontidae","Chilomycterus","Chilomycterus reticulatus",100,NA,NA,NA,NA,NA,NA,NA,NA,NA,"global",FALSE,100,"global","Chilomycterus reticulatus","Eukaryota","Chordata","Actinopteri","Tetraodontiformes","Diodontidae","Chilomycterus","Chilomycterus reticulatus","Eukaryota","Chordata","Actinopteri","Tetraodontiformes","Diodontidae","Chilomycterus","Chilomycterus reticulatus","species","Chilomycterus reticulatus"
"MiFish_0000749",25,NA,"None",0,"caccgcggttatacgagaggcctaagttgatagacatcggcgtaaagagtggttagggaagacataaactaaagccgaacaccttcaaagctgttatacgctaacgaaggtaggaagcccccctacgaaagtggctttaaatttcctgactccacgaaagctgcgaaa",NA,NA,NA,NA,NA,NA,NA,NA,NA,0,NA,NA,NA,NA,NA,NA,NA,NA,NA,"local",FALSE,NA,NA,NA,NA,NA,NA,NA,NA,NA,NA,NA,NA,NA,NA,NA,NA,NA,NA,NA
"MiFish_0000750",15,"['KF374983', 'KF374984']","1229150",0.98235294117647,"caccgcggttatacgagaggcccaagttgatagacgccggcgcaaagagtggttaggtaacttaacaaactaaagccgaacgcccccaaggctgttatacgtgctcggaggtatgaagcccaactacgaaagtggctttaactatatctgaacccacgaaagctgaggta","[1229150]","Mugil thoburni","Eukaryota","Chordata","Actinopteri","Mugiliformes","Mugilidae","Mugil","Mugil thoburni",98.2,"d:Eukaryota,p:Chordata,c:Actinopteri,o:Mugiliformes,f:Mugilidae,g:Mugil,s:Mugil_thoburni","Eukaryota","Chordata","Actinopteri","Mugiliformes","Mugilidae","Mugil","Mugil thoburni",98.2,"local",FALSE,98.2,"local","Mugil thoburni","Eukaryota","Chordata","Actinopteri","Mugiliformes","Mugilidae","Mugil","Mugil thoburni","Eukaryota","Chordata","Actinopteri","Mugiliformes","Mugilidae","Mugil","Mugil thoburni","species","Mugil thoburni"
"MiFish_0000751",123,"['OK576406']","48193",0.965116279069768,"caccgcggttatacgaaagacccaagctgatagatgtcggcgtaaagagtggttaagtatcttgatagaactaaagccgaacgccctcaagaccgttatacgtttccgaaggtatgaagcccaactacgaaagtggctttaactatatctgaacccacgaaagctgtgaaa","[48193]","Mugil cephalus","Eukaryota","Chordata","Actinopteri","Mugiliformes","Mugilidae","Mugil","Mugil cephalus",96.5,"d:Eukaryota,p:Chordata,c:Actinopteri,o:Mugiliformes,f:Mugilidae,g:Mugil,s:Mugil_cephalus","Eukaryota","Chordata","Actinopteri","Mugiliformes","Mugilidae","Mugil","Mugil cephalus",96.5,"local",FALSE,96.5,"local","Mugil cephalus","Eukaryota","Chordata","Actinopteri","Mugiliformes","Mugilidae","Mugil","Mugil cephalus","Eukaryota","Chordata","Actinopteri","Mugiliformes","Mugilidae","Mugil","Mugil cephalus","species","Mugil cephalus"
"MiFish_0000752",133,NA,"None",0,"caccgcggttatacgagaggcccaagttgatagacgccggcgcaaagagtggttagggaagacataaactaaagccgaacaccttcaaagctgttatacgctaacgaaggtaggaagcccccctacgaaagtggctttaaatttcctgactccacgaaagctgaggta",NA,NA,NA,NA,NA,NA,NA,NA,NA,0,NA,NA,NA,NA,NA,NA,NA,NA,NA,"local",FALSE,NA,NA,NA,NA,NA,NA,NA,NA,NA,NA,NA,NA,NA,NA,NA,NA,NA,NA,NA
"MiFish_0000753",27,NA,"None",0,"caccgcggttatacgagaggcccaagttgatagacgccggcgcaaagagtggttaggtaacttaacaaactaaagccgaacgcccccaagaccgttatacgtttccgaaggtatgaagctcaactacgaaagtaactttaactatatctgattccacgaaagctgcgaaa",NA,NA,NA,NA,NA,NA,NA,NA,NA,0,NA,NA,NA,NA,NA,NA,NA,NA,NA,"local",FALSE,NA,NA,NA,NA,NA,NA,NA,NA,NA,NA,NA,NA,NA,NA,NA,NA,NA,NA,NA
"MiFish_0000754",18,"['KF374976']","48193",0.976608187134503,"caccgcggttatacgagaggcccaagttgatagacgtcggcgtaaagagtggttaagtatcttgatagaactaaagccgaacgccctcaagaccgttatacgtttccgaaggtatgaagctcaactacgaaagtaactttaactatatctgattccacgaaagctgcgaaa","[48193]","Mugil cephalus","Eukaryota","Chordata","Actinopteri","Mugiliformes","Mugilidae","Mugil","Mugil cephalus",97.7,"d:Eukaryota,p:Chordata,c:Actinopteri,o:Mugiliformes,f:Mugilidae,g:Mugil,s:Mugil_cephalus","Eukaryota","Chordata","Actinopteri","Mugiliformes","Mugilidae","Mugil","Mugil cephalus",97.7,"local",FALSE,97.7,"local","Mugil cephalus","Eukaryota","Chordata","Actinopteri","Mugiliformes","Mugilidae","Mugil","Mugil cephalus","Eukaryota","Chordata","Actinopteri","Mugiliformes","Mugilidae","Mugil","Mugil cephalus","species","Mugil cephalus"
"MiFish_0000755",30,NA,"None",0,"caccgcggttatacgagaggcctaagttgatagacatcggcgtaaagagtggttggggaagacataaactaaagccgaacaccttcaaagctgttatacgctaacgaaggtaggaagcccccctacgaaagtggctttaaatttcctgactccacgaaagctgaggta",NA,NA,NA,NA,NA,NA,NA,NA,NA,0,NA,NA,NA,NA,NA,NA,NA,NA,NA,"local",FALSE,NA,NA,NA,NA,NA,NA,NA,NA,NA,NA,NA,NA,NA,NA,NA,NA,NA,NA,NA
"MiFish_0000756",26,NA,"None",0,"caccgcggttatacgaaagacccaagctgatagatgtcggcgtaaagagtggttaagtatcttgatagaactaaagccgaacgccctcaaggctgttatacgtgctcggaggtatgaagcccaactacgaaagtggctttaactatatctgaacccacgaaagctgtgaaa",NA,NA,NA,NA,NA,NA,NA,NA,NA,0,NA,NA,NA,NA,NA,NA,NA,NA,NA,"local",FALSE,NA,NA,NA,NA,NA,NA,NA,NA,NA,NA,NA,NA,NA,NA,NA,NA,NA,NA,NA
"MiFish_0000757",71,NA,"None",0,"caccgcggttatacgaaagacccaagctgatagatgtcggcgtaaagagtggttaagacagattataaactaaagccgaaagccatcacggctgtcatacgcatccgaaggtaagaagcccagttacgaaagtagctttacaacatctgaatccacgaaagctaggcca",NA,NA,NA,NA,NA,NA,NA,NA,NA,0,NA,NA,NA,NA,NA,NA,NA,NA,NA,"local",FALSE,NA,NA,NA,NA,NA,NA,NA,NA,NA,NA,NA,NA,NA,NA,NA,NA,NA,NA,NA
"MiFish_0000758",22,NA,"None",0,"caccgcggttatacgagaggcctaagttgatagacatcggcgtaaagagtggttagggaagacataaactaaagccgaacaccttcaaagctgttatacgctaacgaaggtaggaagtccccctacgaaagtggctttaaatttcctgactccacgaaagctgaggta",NA,NA,NA,NA,NA,NA,NA,NA,NA,0,NA,NA,NA,NA,NA,NA,NA,NA,NA,"local",FALSE,NA,NA,NA,NA,NA,NA,NA,NA,NA,NA,NA,NA,NA,NA,NA,NA,NA,NA,NA
"MiFish_0000759",62,NA,"None",0,"caccgcggttatacgaaagacccaagctgatagatgtcggcgtaaagagtggttaagtatcttgatagaactaaagccgaacgccctcaagaccgttatacgtgctcggaggtatgaagcccaactacgaaagtggctttaactatatctgaacccacgaaagctgtgaaa",NA,NA,NA,NA,NA,NA,NA,NA,NA,0,NA,NA,NA,NA,NA,NA,NA,NA,NA,"local",FALSE,NA,NA,NA,NA,NA,NA,NA,NA,NA,NA,NA,NA,NA,NA,NA,NA,NA,NA,NA
"MiFish_0000760",18,"['KF374976']","48193",0.976608187134503,"caccgcggttatacgaaagacccaagctgatagatgtcggcgtaaagagtggttaagtatcttgatagaactaaagccgaacgccctcaagaccgttatacgtttccgaaggtatgaagctcaactacgaaagtaactttaactatatctgactccacgaaagctgaggta","[48193]","Mugil cephalus","Eukaryota","Chordata","Actinopteri","Mugiliformes","Mugilidae","Mugil","Mugil cephalus",97.7,"d:Eukaryota,p:Chordata,c:Actinopteri,o:Mugiliformes,f:Mugilidae,g:Mugil,s:Mugil_cephalus","Eukaryota","Chordata","Actinopteri","Mugiliformes","Mugilidae","Mugil","Mugil cephalus",97.7,"local",FALSE,97.7,"local","Mugil cephalus","Eukaryota","Chordata","Actinopteri","Mugiliformes","Mugilidae","Mugil","Mugil cephalus","Eukaryota","Chordata","Actinopteri","Mugiliformes","Mugilidae","Mugil","Mugil cephalus","species","Mugil cephalus"
"MiFish_0000761",103,NA,"None",0,"caccgcggttatacgagaggcccaagttgatagacgccggcgcaaagagtggttaggtaacttaacaaactaaagccgaacgcccccaaggctgttatacgtttccgaaggtatgaagctcaactacgaaagtaactttaactatatctgattccacgaaagctgcgaaa",NA,NA,NA,NA,NA,NA,NA,NA,NA,0,NA,NA,NA,NA,NA,NA,NA,NA,NA,"local",FALSE,NA,NA,NA,NA,NA,NA,NA,NA,NA,NA,NA,NA,NA,NA,NA,NA,NA,NA,NA
"MiFish_0000762",15,"['KF374983', 'KF374984']","1229150",0.952941176470588,"caccgcggttatacgaaagacccaagctgatagatgtcggcgtaaagagtggttaagtatcttaacaaactaaagccgaacgcccccaaggctgttatacgtgctcggaggtatgaagcccaactacgaaagtggctttaactatatctgaacccacgaaagctgtgaaa","[1229150]","Mugil thoburni","Eukaryota","Chordata","Actinopteri","Mugiliformes","Mugilidae","Mugil","Mugil thoburni",95.3,"d:Eukaryota,p:Chordata,c:Actinopteri,o:Mugiliformes,f:Mugilidae,g:Mugil,s:Mugil_thoburni","Eukaryota","Chordata","Actinopteri","Mugiliformes","Mugilidae","Mugil","Mugil thoburni",95.3,"local",FALSE,95.3,"local","Mugil thoburni","Eukaryota","Chordata","Actinopteri","Mugiliformes","Mugilidae","Mugil","Mugil thoburni","Eukaryota","Chordata","Actinopteri","Mugiliformes","Mugilidae","Mugil","Mugil thoburni","species","Mugil thoburni"
"MiFish_0000763",77,NA,"None",0,"caccgcggttatacgagaggcctaagttgataggcatcggcgtaaagagtggttagggaagacataaactaaagccgaacaccttcaaagctgttatacgctaacgaaggtaggaagcccccctacgaaagtggctttaaatttcctgactccacgaaagctgaggta",NA,NA,NA,NA,NA,NA,NA,NA,NA,0,NA,NA,NA,NA,NA,NA,NA,NA,NA,"local",FALSE,NA,NA,NA,NA,NA,NA,NA,NA,NA,NA,NA,NA,NA,NA,NA,NA,NA,NA,NA
"MiFish_0000764",130,"['KF374983', 'KF374984']","1229150",0.964705882352941,"caccgcggttatacgagaggcccaagttgatagacgccggcgcaaagagtggttaggtaacttaacaaactaaagccgaacgcccccaaggctgttatacgtgctcggaggtatgaagctcaactacgaaagtaactttaactatatctgattccacgaaagctgcgaaa","[1229150]","Mugil thoburni","Eukaryota","Chordata","Actinopteri","Mugiliformes","Mugilidae","Mugil","Mugil thoburni",96.5,"d:Eukaryota,p:Chordata,c:Actinopteri,o:Mugiliformes,f:Mugilidae,g:Mugil,s:Mugil_thoburni","Eukaryota","Chordata","Actinopteri","Mugiliformes","Mugilidae","Mugil","Mugil thoburni",96.5,"local",FALSE,96.5,"local","Mugil thoburni","Eukaryota","Chordata","Actinopteri","Mugiliformes","Mugilidae","Mugil","Mugil thoburni","Eukaryota","Chordata","Actinopteri","Mugiliformes","Mugilidae","Mugil","Mugil thoburni","species","Mugil thoburni"
"MiFish_0000765",26,"['AP011915']","168377",0.95906432748538,"caccgcggttatacgagaggcccaagttgatagacgccggcgcaaagagtggttaaagtaaaaaacaaaactgaggtcgaacatcttcaaggcagttatacgctcccgaggatatgaagcacaatcacgaaagtagcctcaccctgcttgaacccacgaaagctaggaca","[168377]","Sphoeroides annulatus","Eukaryota","Chordata","Actinopteri","Tetraodontiformes","Tetraodontidae","Sphoeroides","Sphoeroides annulatus",95.9,NA,NA,NA,NA,NA,NA,NA,NA,NA,"global",FALSE,95.9,"global","Sphoeroides annulatus","Eukaryota","Chordata","Actinopteri","Tetraodontiformes","Tetraodontidae","Sphoeroides","Sphoeroides annulatus","Eukaryota","Chordata","Actinopteri","Tetraodontiformes","Tetraodontidae","Sphoeroides","Sphoeroides annulatus","species","Sphoeroides annulatus"
"MiFish_0000766",38,"['KF374976']","48193",0.95906432748538,"caccgcggttatacgagaggcccaagttgatagacgccggcgcaaagagtggttaggtatcttgatagaactaaagccgaacgccctcaagaccgttatacgtttccgaaggtatgaagctcaactacgaaagtaactttaactatatctgattccacgaaagctgcgaaa","[48193]","Mugil cephalus","Eukaryota","Chordata","Actinopteri","Mugiliformes","Mugilidae","Mugil","Mugil cephalus",95.9,"d:Eukaryota,p:Chordata,c:Actinopteri,o:Mugiliformes,f:Mugilidae,g:Mugil,s:Mugil_cephalus","Eukaryota","Chordata","Actinopteri","Mugiliformes","Mugilidae","Mugil","Mugil cephalus",95.9,"local",FALSE,95.9,"local","Mugil cephalus","Eukaryota","Chordata","Actinopteri","Mugiliformes","Mugilidae","Mugil","Mugil cephalus","Eukaryota","Chordata","Actinopteri","Mugiliformes","Mugilidae","Mugil","Mugil cephalus","species","Mugil cephalus"
"MiFish_0000767",14,"['MW630253']","1350519",0.960227272727273,"caccgcggttatacgaaagacccaagctgatagatgtcggcgtaaagagtggttaggcaaccccctttctacacactaaagtcgaacgccctctaggctgttatacgctctatgaaggcaagaagccccaccacgaaagtgactttattctacctgactccacgaaagctgagata","[1350519]","Stegastes arcifrons","Eukaryota","Chordata","Actinopteri",NA,"Pomacentridae","Stegastes","Stegastes arcifrons",96,NA,NA,NA,NA,NA,NA,NA,NA,NA,"global",FALSE,96,"global","Stegastes arcifrons","Eukaryota","Chordata","Actinopteri",NA,"Pomacentridae","Stegastes","Stegastes arcifrons","Eukaryota","Chordata","Actinopteri",NA,"Pomacentridae","Stegastes","Stegastes arcifrons","species","Stegastes arcifrons"
"MiFish_0000768",4968,"['JX242934']","1232744",0.994082840236686,"aaccgcggttatacgagaggcccaaattgacacaccacggcgtaaagtgtgattagagataaacaagaactagggccgaacgccccccatgctgtcatacgcaacggaggacacgaagcccaccaacgaaagtggccctataaaccttgaactcacgacagctaaggta","[1232744]","Muraena lentiginosa","Eukaryota","Chordata","Actinopteri","Anguilliformes","Muraenidae","Muraena","Muraena lentiginosa",99.4,NA,NA,NA,NA,NA,NA,NA,NA,NA,"global",FALSE,99.4,"global","Muraena lentiginosa","Eukaryota","Chordata","Actinopteri","Anguilliformes","Muraenidae","Muraena","Muraena lentiginosa","Eukaryota","Chordata","Actinopteri","Anguilliformes","Muraenidae","Muraena","Muraena lentiginosa","species","Muraena lentiginosa"
"MiFish_0000769",64,"['OP035230']","722560",0.964705882352941,"caccgcggttatacgaggggcccaagttgttgaaagtcggcgtaaagggtggttaagaataaactcaagattaaagtcgaacgccttccgggctgttatacgcttccgaaggtaagaagctcaattacgaaagtagctttatattttctgaacccacgaaagctaaggca","[722560]","Archosargus rhomboidalis","Eukaryota","Chordata","Actinopteri","Spariformes","Sparidae","Archosargus","Archosargus rhomboidalis",96.5,NA,NA,NA,NA,NA,NA,NA,NA,NA,"global",FALSE,96.5,"global","Archosargus rhomboidalis","Eukaryota","Chordata","Actinopteri","Spariformes","Sparidae","Archosargus","Archosargus rhomboidalis","Eukaryota","Chordata","Actinopteri","Spariformes","Sparidae",NA,NA,"family","Sparidae"
"MiFish_0000770",38,NA,"None",0,"agccgcggtaatacggagggtgcaagcgttaatcggaattactgggcgtaaagcgcgcgtaggcggttttttaagtcggatgtgaaagccccgggctcaacctgggaactgcatccgatactggatcactagaatgcgggagagggaggtagaattccatgtgtagcagtgaaatgcgtagatatatggaggaataccagtggcgaaggcggcctcctggctcgacattggcgctgaggtgcgaaagcgtggggag",NA,NA,NA,NA,NA,NA,NA,NA,NA,0,NA,NA,NA,NA,NA,NA,NA,NA,NA,"local",FALSE,NA,NA,NA,NA,NA,NA,NA,NA,NA,NA,NA,NA,NA,NA,NA,NA,NA,NA,NA
"MiFish_0000771",14,NA,"None",0,"gggacgaaagaccctatagccttaactaattttaattggggcaatttaaaaaattaataaatttaaagtataaataaccactatgatattaaaggca",NA,NA,NA,NA,NA,NA,NA,NA,NA,0,NA,NA,NA,NA,NA,NA,NA,NA,NA,"local",FALSE,NA,NA,NA,NA,NA,NA,NA,NA,NA,NA,NA,NA,NA,NA,NA,NA,NA,NA,NA
"MiFish_0000772",20,"['AY279605']","241297",0.988165680473373,"caccgcggttatacgagagacccaagtggatggtcttcggcgtaaagagtggttaagataaaacccaaaactagagccaaataacttcaaagctgttatacgcgcatgaagaaaagaaactcaaccacgaaagtggctttaaacccctgattccatgaaagctatggta","[241297]","Halichoeres nicholsi","Eukaryota","Chordata","Actinopteri","Labriformes","Labridae","Halichoeres","Halichoeres nicholsi",98.8,NA,NA,NA,NA,NA,NA,NA,NA,NA,"global",FALSE,98.8,"global","Halichoeres nicholsi","Eukaryota","Chordata","Actinopteri","Labriformes","Labridae","Halichoeres","Halichoeres nicholsi","Eukaryota","Chordata","Actinopteri","Labriformes","Labridae","Halichoeres","Halichoeres nicholsi","species","Halichoeres nicholsi"
"MiFish_0000773",12,NA,"None",0,"agccgcggtaagacgaaggtggcaaccgttgttcggaatcactgggcataaagagcacgtaggcgggagtgcaagtcgggtgtgaaatccctacggcccaaccgaggaactgcgcccgaaactgcacttcttgaggacaggaggggagcgtggaattcctggtggagcggtgaaatgcgttgatatcaggaggaacaccggcggcgaaggcgacgctctggcctgtttctgacgctgaggtgcgaaagccaggggag",NA,NA,NA,NA,NA,NA,NA,NA,NA,0,NA,NA,NA,NA,NA,NA,NA,NA,NA,"local",FALSE,NA,NA,NA,NA,NA,NA,NA,NA,NA,NA,NA,NA,NA,NA,NA,NA,NA,NA,NA
"MiFish_0000774",97,NA,"None",0,"taccgcggttatacgaggggctcaagttgataggctccggcgtaaagcgtggttagggaacaataaaaactaaagccgaacacttactaagcagtcatacgctcacgaaagtaagaagcacaatcacgaaagtggctttaccacacctgactccacgaaagctaaggca",NA,NA,NA,NA,NA,NA,NA,NA,NA,0,NA,NA,NA,NA,NA,NA,NA,NA,NA,"local",FALSE,NA,NA,NA,NA,NA,NA,NA,NA,NA,NA,NA,NA,NA,NA,NA,NA,NA,NA,NA
"MiFish_0000775",79,"['MW630254']","1350520",0.994285714285714,"caccgcggttatacgagaggctcaagttgacaaacacggcgtaaagagtggttaggcaaccccctccctacacactaaagtcgaacgccctcagggcagttatacgcgctacgaaggtaagaagctcctccacgaaagtgactttactccacctgactccacgaaagctgagata","[1350520]","Stegastes beebei","Eukaryota","Chordata","Actinopteri",NA,"Pomacentridae","Stegastes","Stegastes beebei",99.4,NA,NA,NA,NA,NA,NA,NA,NA,NA,"global",FALSE,99.4,"global","Stegastes beebei","Eukaryota","Chordata","Actinopteri",NA,"Pomacentridae","Stegastes","Stegastes beebei","Eukaryota","Chordata","Actinopteri",NA,"Pomacentridae","Stegastes","Stegastes beebei","species","Stegastes beebei"
"MiFish_0000776",10,"['MW630254']","1350520",0.994285714285714,"caccgcggttatacgagaggctcaagttgacagacacggcgtaaagagtggttaggcaaccccctccctacacactaaagtcggacgccctcagggcagttatacgcgctacgaaggtaagaagctcctccacgaaagtgactttactccacctgactccacgaaagctgagata","[1350520]","Stegastes beebei","Eukaryota","Chordata","Actinopteri",NA,"Pomacentridae","Stegastes","Stegastes beebei",99.4,NA,NA,NA,NA,NA,NA,NA,NA,NA,"global",FALSE,99.4,"global","Stegastes beebei","Eukaryota","Chordata","Actinopteri",NA,"Pomacentridae","Stegastes","Stegastes beebei","Eukaryota","Chordata","Actinopteri",NA,"Pomacentridae","Stegastes","Stegastes beebei","species","Stegastes beebei"
"MiFish_0000777",18,"['MW630253']","1350519",0.994285714285714,"caccgcggttatacgagaggcccaagttgacagacacggcgtaaagagtggttaggcaaccccctttctacacactaaagtcgaacgccctctaggctgttatacgctctatgaaggcaagaagccccaccacgaaagagactttattctacctgactccacgaaagctgagata","[1350519]","Stegastes arcifrons","Eukaryota","Chordata","Actinopteri",NA,"Pomacentridae","Stegastes","Stegastes arcifrons",99.4,NA,NA,NA,NA,NA,NA,NA,NA,NA,"global",FALSE,99.4,"global","Stegastes arcifrons","Eukaryota","Chordata","Actinopteri",NA,"Pomacentridae","Stegastes","Stegastes arcifrons","Eukaryota","Chordata","Actinopteri",NA,"Pomacentridae","Stegastes","Stegastes arcifrons","species","Stegastes arcifrons"
"MiFish_0000778",127,NA,"None",0,"agccgcggtaatacggagggtgcaagcgttaatcggaattactgggcgtaaagcgcgcgtaggcggtttttaagtcggatgtgaaagccccgggctcaacctgggaactgcatccgatactggatcactagaatgcgggagagggaggtagaattccatgtgtagcagtgaaatgcgtagatatatggaggaataccagtggcgaaggcggcctcctggctcgacattgacgctgaggtgcgaaagcgtggggag",NA,NA,NA,NA,NA,NA,NA,NA,NA,0,NA,NA,NA,NA,NA,NA,NA,NA,NA,"local",FALSE,NA,NA,NA,NA,NA,NA,NA,NA,NA,NA,NA,NA,NA,NA,NA,NA,NA,NA,NA
"MiFish_0000779",11,NA,"None",0,"caccgcggttatacgagaggcctaagttgatagacatcggcgtaaagagtggttagggaagacataaactaaagccgaacaccttcaaagctgttatacgctaacgaaggtaggaagcccccctacgaaaatggctttaaatttcctgactccacgaaagctgaggta",NA,NA,NA,NA,NA,NA,NA,NA,NA,0,NA,NA,NA,NA,NA,NA,NA,NA,NA,"local",FALSE,NA,NA,NA,NA,NA,NA,NA,NA,NA,NA,NA,NA,NA,NA,NA,NA,NA,NA,NA
"MiFish_0000780",21,"['KF374976']","48193",0.982558139534884,"caccgcggttatacgagtaggcccaagctgatagatgtcggcgtaaagagtggttaagtatcttgatagaactaaagccgaacgccctcaagaccgttatacgtttccgaaggtatgaagctcaactacgaaagtaactttaactatatctgattccacgaaagctgcgaaa","[48193]","Mugil cephalus","Eukaryota","Chordata","Actinopteri","Mugiliformes","Mugilidae","Mugil","Mugil cephalus",98.3,"d:Eukaryota,p:Chordata,c:Actinopteri,o:Mugiliformes,f:Mugilidae,g:Mugil,s:Mugil_cephalus","Eukaryota","Chordata","Actinopteri","Mugiliformes","Mugilidae","Mugil","Mugil cephalus",98.3,"local",FALSE,98.3,"local","Mugil cephalus","Eukaryota","Chordata","Actinopteri","Mugiliformes","Mugilidae","Mugil","Mugil cephalus","Eukaryota","Chordata","Actinopteri","Mugiliformes","Mugilidae","Mugil","Mugil cephalus","species","Mugil cephalus"
"MiFish_0000781",58,"['KF374983', 'KF374984']","1229150",0.976608187134503,"caccgcggttatacgagaggcccaagttgataagcccggcgtaaagagtggttaggtaacttaacaaactaaagccgaacgcccccaaggctgttatacgtgctcggaggtatgaagcccaactacgaaagtggctttaactatatctgaacccacgaaagctgtgaaa","[1229150]","Mugil thoburni","Eukaryota","Chordata","Actinopteri","Mugiliformes","Mugilidae","Mugil","Mugil thoburni",97.7,"d:Eukaryota,p:Chordata,c:Actinopteri,o:Mugiliformes,f:Mugilidae,g:Mugil,s:Mugil_thoburni","Eukaryota","Chordata","Actinopteri","Mugiliformes","Mugilidae","Mugil","Mugil thoburni",97.6,"global",TRUE,97.7,"global_lca_to_local","Mugil thoburni","Eukaryota","Chordata","Actinopteri","Mugiliformes","Mugilidae","Mugil","Mugil thoburni","Eukaryota","Chordata","Actinopteri","Mugiliformes","Mugilidae","Mugil","Mugil thoburni","species","Mugil thoburni"
"MiFish_0000782",10,"['OP537870', 'OP537871']","332418",0.953488372093023,"caccgcggttatacgagaggcctaagttgatagcttccggcgtaaagcgtggttaaggcctaaatctaaactaaagttgaactccttcaagcaagtgaaatgatcatcgataaggagaagcccacctacgaaagtgactttacttaacctgaccccacgaaagctaaggca","[332418]","Eucinostomus melanopterus","Eukaryota","Chordata","Actinopteri","Gerreiformes","Gerreidae","Eucinostomus","Eucinostomus melanopterus",95.3,NA,NA,NA,NA,NA,NA,NA,NA,NA,"global",FALSE,95.3,"global","Eucinostomus melanopterus","Eukaryota","Chordata","Actinopteri","Gerreiformes","Gerreidae","Eucinostomus","Eucinostomus melanopterus","Eukaryota","Chordata","Actinopteri","Gerreiformes","Gerreidae","Eucinostomus",NA,"genus","Eucinostomus"
"MiFish_0000783",18,"['KF374983', 'KF374984']","1229150",0.988235294117647,"caccgcggttatacgagaggcccaagttgatagacgccggcgcaaagagtggttaggtaacttaacaaactaaagccgaacgcccccaaggctgttatacgtgctcggaggtatgaagcccaactacgaaagtggctttaactatatctgattccacgaaagctgtgaaa","[1229150]","Mugil thoburni","Eukaryota","Chordata","Actinopteri","Mugiliformes","Mugilidae","Mugil","Mugil thoburni",98.8,"d:Eukaryota,p:Chordata,c:Actinopteri,o:Mugiliformes,f:Mugilidae,g:Mugil,s:Mugil_thoburni","Eukaryota","Chordata","Actinopteri","Mugiliformes","Mugilidae","Mugil","Mugil thoburni",98.8,"local",FALSE,98.8,"local","Mugil thoburni","Eukaryota","Chordata","Actinopteri","Mugiliformes","Mugilidae","Mugil","Mugil thoburni","Eukaryota","Chordata","Actinopteri","Mugiliformes","Mugilidae","Mugil","Mugil thoburni","species","Mugil thoburni"
"MiFish_0000784",12,NA,"None",0,"caccgcggttatacgagaggcccaagttgatagacgccggcgtaaagcgtggttaaggcctaaatctaaactaaagttgaactccttcaagcaagtgaaatgatcatcgataaggagaagcccacctacgaaagtgactttacttaacctgaccccacgaaagctaaggca",NA,NA,NA,NA,NA,NA,NA,NA,NA,0,NA,NA,NA,NA,NA,NA,NA,NA,NA,"local",FALSE,NA,NA,NA,NA,NA,NA,NA,NA,NA,NA,NA,NA,NA,NA,NA,NA,NA,NA,NA
"MiFish_0000785",14,"['KF374975', 'KF374983', 'KF374984']","8190",0.98235294117647,"caccgcggttatacgagaggcctaagttgatagacatcggcgcaaagagtggttaggtaacttaacaaactaaagccgaacgcccccaaggctgttatacgtgctcggaggtatgaagcccaactacgaaagtggctttaactatatctgaacccacgaaagctgtgaaa","[48194, 1229150]","Mugil","Eukaryota","Chordata","Actinopteri","Mugiliformes","Mugilidae","Mugil",NA,98.2,"d:Eukaryota,p:Chordata,c:Actinopteri,o:Mugiliformes,f:Mugilidae,g:Mugil,s:Mugil_thoburni","Eukaryota","Chordata","Actinopteri","Mugiliformes","Mugilidae","Mugil","Mugil thoburni",98.2,"local",FALSE,98.2,"local","Mugil thoburni","Eukaryota","Chordata","Actinopteri","Mugiliformes","Mugilidae","Mugil","Mugil thoburni","Eukaryota","Chordata","Actinopteri","Mugiliformes","Mugilidae","Mugil","Mugil thoburni","species","Mugil thoburni"
"MiFish_0000786",30,NA,"None",0,"caccgcggttatacgagaggcccaagttgatagacgccggcgcaaagagtggttaaggcctaaatctaaactaaagttgaactccttcaagcaagtgaaatgatcatcgataaggagaagcccacctacgaaagtgactttacttaacctgaccccacgaaagctaaggca",NA,NA,NA,NA,NA,NA,NA,NA,NA,0,NA,NA,NA,NA,NA,NA,NA,NA,NA,"local",FALSE,NA,NA,NA,NA,NA,NA,NA,NA,NA,NA,NA,NA,NA,NA,NA,NA,NA,NA,NA
"MiFish_0000787",20,NA,"None",0,"caccgcggttatacgagaggcccaagttgatagacgccggcgtaaagagtggttagggaagacataaactaaagccgaacaccttcaaagctgttatacgctaacgaaggtaggaagcccccctacgaaagtggctttaaatttcctgactccacgaaagctgaggta",NA,NA,NA,NA,NA,NA,NA,NA,NA,0,NA,NA,NA,NA,NA,NA,NA,NA,NA,"local",FALSE,NA,NA,NA,NA,NA,NA,NA,NA,NA,NA,NA,NA,NA,NA,NA,NA,NA,NA,NA
"MiFish_0000788",16,NA,"None",0,"caccgcggttatacgaaagacccaagctgatagatgtcggcgtaaagcgtggttaaggcctaaatttttactaaagtcgaaccccttcaagaccgtttaacgtgttcgactgggagaagctcagcaacgaaagtgactttaaattacctgaccccacgaaagctaagaca",NA,NA,NA,NA,NA,NA,NA,NA,NA,0,NA,NA,NA,NA,NA,NA,NA,NA,NA,"local",FALSE,NA,NA,NA,NA,NA,NA,NA,NA,NA,NA,NA,NA,NA,NA,NA,NA,NA,NA,NA
"MiFish_0000789",12,NA,"None",0,"caccgcggttatacgagtaggcccaagtcgatagcttccggcgtaaagcgtggttaaggcctaaatctaaactaaagttgaactccttcaagcaagtgaaatgatcatcgataaggagaagcccacctacgaaagtgactttacttaacctgaacccacgaaagctgtgaaa",NA,NA,NA,NA,NA,NA,NA,NA,NA,0,NA,NA,NA,NA,NA,NA,NA,NA,NA,"local",FALSE,NA,NA,NA,NA,NA,NA,NA,NA,NA,NA,NA,NA,NA,NA,NA,NA,NA,NA,NA
"MiFish_0000790",34,NA,"None",0,"caccgcggttatgcgagaggcctaagttgatagacatcggcgtaaagagtggttagggaagacataaactaaagccgaacaccttcaaagctgttatacgctaacgaaggtaggaagcccccctacgaaagtggctttaaatttcctgactccacgaaagctgaggta",NA,NA,NA,NA,NA,NA,NA,NA,NA,0,NA,NA,NA,NA,NA,NA,NA,NA,NA,"local",FALSE,NA,NA,NA,NA,NA,NA,NA,NA,NA,NA,NA,NA,NA,NA,NA,NA,NA,NA,NA
"MiFish_0000791",10,"['KF374976']","48193",0.953216374269006,"caccgcggttatacgagaggcccaagttgatagacgccggcgcaaagagtggttaggtaacttgatagaactaaagccgaacgccctcaagaccgttatacgtttccgaaggtatgaagctcaactacgaaagtaactttaactatatctgattccacgaaagctgcgaaa","[48193]","Mugil cephalus","Eukaryota","Chordata","Actinopteri","Mugiliformes","Mugilidae","Mugil","Mugil cephalus",95.3,"d:Eukaryota,p:Chordata,c:Actinopteri,o:Mugiliformes,f:Mugilidae,g:Mugil,s:Mugil_cephalus","Eukaryota","Chordata","Actinopteri","Mugiliformes","Mugilidae","Mugil","Mugil cephalus",95.3,"local",FALSE,95.3,"local","Mugil cephalus","Eukaryota","Chordata","Actinopteri","Mugiliformes","Mugilidae","Mugil","Mugil cephalus","Eukaryota","Chordata","Actinopteri","Mugiliformes","Mugilidae","Mugil","Mugil cephalus","species","Mugil cephalus"
"MiFish_0000792",21,NA,"None",0,"caccgcggttatacgagaggcccaagttgatagctgccggcgtaaagcgtggttaaggcctaaatttttactaaagtcgaaccccttcaagaccgtttaacgtgttcgactgggagaagctcagcaacgaaagtgactttaaattacctgaccccacgaaagctaagaca",NA,NA,NA,NA,NA,NA,NA,NA,NA,0,NA,NA,NA,NA,NA,NA,NA,NA,NA,"local",FALSE,NA,NA,NA,NA,NA,NA,NA,NA,NA,NA,NA,NA,NA,NA,NA,NA,NA,NA,NA
"MiFish_0000793",19,NA,"None",0,"caccgcggttatacgaaagacccaagctgatagatgtcggcgtaaagagtggttaagtatcttgatagaactaaagccgaacaccttcaaagctgttatacgctaacgaaggtaggaagcccccctacgaaagtggctttaaatttcctgactccacgaaagctgaggta",NA,NA,NA,NA,NA,NA,NA,NA,NA,0,NA,NA,NA,NA,NA,NA,NA,NA,NA,"local",FALSE,NA,NA,NA,NA,NA,NA,NA,NA,NA,NA,NA,NA,NA,NA,NA,NA,NA,NA,NA
"MiFish_0000794",14,NA,"None",0,"cgccgcggttatacgagaggtccaagtcgatagctgccggcgtaaagcgtggttaaggcctaaatttttactaaagtcgaaccccttcaagaccgtttaacgtgttcgactgggagaagctcagcaacgaaagtgactttaaattacctgaccccacgaaagctaagaca",NA,NA,NA,NA,NA,NA,NA,NA,NA,0,NA,NA,NA,NA,NA,NA,NA,NA,NA,"local",FALSE,NA,NA,NA,NA,NA,NA,NA,NA,NA,NA,NA,NA,NA,NA,NA,NA,NA,NA,NA
"MiFish_0000795",10,"['OP537870', 'OP537871']","332418",0.959302325581395,"caccgcggttatacgagtaggcccaagtcgatagcttccggcgtaaagcgtggttaaggcctaaatctaaactaaagttgaactccttcaagcaagtgaaatgatcatcgataaggagaagcccacctacgaaagtgactttacttaacctgaccccacgaaagctgaggta","[332418]","Eucinostomus melanopterus","Eukaryota","Chordata","Actinopteri","Gerreiformes","Gerreidae","Eucinostomus","Eucinostomus melanopterus",95.9,NA,NA,NA,NA,NA,NA,NA,NA,NA,"global",FALSE,95.9,"global","Eucinostomus melanopterus","Eukaryota","Chordata","Actinopteri","Gerreiformes","Gerreidae","Eucinostomus","Eucinostomus melanopterus","Eukaryota","Chordata","Actinopteri","Gerreiformes","Gerreidae","Eucinostomus",NA,"genus","Eucinostomus"
"MiFish_0000796",46,"['AP011915']","168377",0.976608187134503,"caccgcggttatacgagaggtccaagttgttagccctcggcgtaaagagtggttaaagtaaaaaacaaaactgaggtcgaacatcttcaaggcagttatacgctcccgaggatatgaagcacaatcacgaaagtagcctcaccctgcttgaacccacgaaagctgtgaaa","[168377]","Sphoeroides annulatus","Eukaryota","Chordata","Actinopteri","Tetraodontiformes","Tetraodontidae","Sphoeroides","Sphoeroides annulatus",97.7,NA,NA,NA,NA,NA,NA,NA,NA,NA,"global",FALSE,97.7,"global","Sphoeroides annulatus","Eukaryota","Chordata","Actinopteri","Tetraodontiformes","Tetraodontidae","Sphoeroides","Sphoeroides annulatus","Eukaryota","Chordata","Actinopteri","Tetraodontiformes","Tetraodontidae","Sphoeroides","Sphoeroides annulatus","species","Sphoeroides annulatus"
"MiFish_0000797",13,"['KF374983', 'KF374984']","1229150",0.994117647058824,"caccgcggttatacgagaggcccaagttgatagacgccggcgcaaagagtggttaggtaacttaacaaactaaagccgaacgcccccaaggctgttatacgtgctcggaggtatgaagcccaactacgaaagtggctttaactatatctgaacccaagaaagctgtgaaa","[1229150]","Mugil thoburni","Eukaryota","Chordata","Actinopteri","Mugiliformes","Mugilidae","Mugil","Mugil thoburni",99.4,"d:Eukaryota,p:Chordata,c:Actinopteri,o:Mugiliformes,f:Mugilidae,g:Mugil,s:Mugil_thoburni","Eukaryota","Chordata","Actinopteri","Mugiliformes","Mugilidae","Mugil","Mugil thoburni",99.4,"local",FALSE,99.4,"local","Mugil thoburni","Eukaryota","Chordata","Actinopteri","Mugiliformes","Mugilidae","Mugil","Mugil thoburni","Eukaryota","Chordata","Actinopteri","Mugiliformes","Mugilidae","Mugil","Mugil thoburni","species","Mugil thoburni"
"MiFish_0000798",20,NA,"None",0,"caccgcggttatacgagaggcctaagttgatagacatcggcgtaaagagtggttagggaagacataaactaaagccgaacaccttcaaagctgttatacgctaacgaaggtaggaagcccccctacgaaagtggctttaaatttcctgactccacgaaagctgaggtc",NA,NA,NA,NA,NA,NA,NA,NA,NA,0,NA,NA,NA,NA,NA,NA,NA,NA,NA,"local",FALSE,NA,NA,NA,NA,NA,NA,NA,NA,NA,NA,NA,NA,NA,NA,NA,NA,NA,NA,NA
"MiFish_0000799",90,NA,"None",0,"caccgcggttatacgaaagacccaagctgatagatgtcggcgtaaagagtggttaaggcctaaatctaaactaaagttgaactccttcaagcaagtgaaatgatcatcgataaggagaagcccacctacgaaagtgactttacttaacctgaccccacgaaagctaaggca",NA,NA,NA,NA,NA,NA,NA,NA,NA,0,NA,NA,NA,NA,NA,NA,NA,NA,NA,"local",FALSE,NA,NA,NA,NA,NA,NA,NA,NA,NA,NA,NA,NA,NA,NA,NA,NA,NA,NA,NA
"MiFish_0000800",30,NA,"None",0,"caccgcggttatacgagaggcctaagttgatagacatcggcgtaaagagtggttagggaagacataagctaaagccgaacaccttcaaagctgttatacgctaacgaaggtaggaagcccccctacgaaagtggctttaaatttcctgactccacgaaagctgaggta",NA,NA,NA,NA,NA,NA,NA,NA,NA,0,NA,NA,NA,NA,NA,NA,NA,NA,NA,"local",FALSE,NA,NA,NA,NA,NA,NA,NA,NA,NA,NA,NA,NA,NA,NA,NA,NA,NA,NA,NA
"MiFish_0000801",13,"['OP537870', 'OP537871']","332418",0.953488372093023,"caccgcggttatacgaaagacccaagtcgatagcttccggcgtaaagcgtggttaaggcctaaatctaaactaaagttgaactccttcaagcaagtgaaatgatcatcgataaggagaagcccacctacgaaagtgactttacttaacctgaccccacgaaagctaaggca","[332418]","Eucinostomus melanopterus","Eukaryota","Chordata","Actinopteri","Gerreiformes","Gerreidae","Eucinostomus","Eucinostomus melanopterus",95.3,NA,NA,NA,NA,NA,NA,NA,NA,NA,"global",FALSE,95.3,"global","Eucinostomus melanopterus","Eukaryota","Chordata","Actinopteri","Gerreiformes","Gerreidae","Eucinostomus","Eucinostomus melanopterus","Eukaryota","Chordata","Actinopteri","Gerreiformes","Gerreidae","Eucinostomus",NA,"genus","Eucinostomus"
"MiFish_0000802",26,NA,"None",0,"caccgcggttatacgagaggcccaagtcgatagctgccggcgtaaagcgtggttaaggcctaaatttttactaaagtcgaaccccttcaagaccgtttaacgtgttcgactgggagaagctcagcaacgaaagtgactttaaattacctgaccccacgaaagctaagaca",NA,NA,NA,NA,NA,NA,NA,NA,NA,0,NA,NA,NA,NA,NA,NA,NA,NA,NA,"local",FALSE,NA,NA,NA,NA,NA,NA,NA,NA,NA,NA,NA,NA,NA,NA,NA,NA,NA,NA,NA
"MiFish_0000803",16,NA,"None",0,"caccgcggttatacgagaggcctaagttgatagacatcggcgtaaagagtggttagggaagacataaactaaagccgaacaccttcaaagctgttatacgccaacgaaggtaggaagcccccctacgaaagtggctttaaatttcctgactccacgaaagctgaggta",NA,NA,NA,NA,NA,NA,NA,NA,NA,0,NA,NA,NA,NA,NA,NA,NA,NA,NA,"local",FALSE,NA,NA,NA,NA,NA,NA,NA,NA,NA,NA,NA,NA,NA,NA,NA,NA,NA,NA,NA
"MiFish_0000804",18,"['KF374983', 'KF374984']","1229150",0.98235294117647,"caccgcggttatacgagaggcccaagttgatagacgccggcgcaaagagtggttaggtaacttaacaaactaaagccgaacgcccccaaggctgttatacgtgctcggaggtatgaagcccaactacgaaagtggctttaactatatctgaacccacgaaagctgtg","[1229150]","Mugil thoburni","Eukaryota","Chordata","Actinopteri","Mugiliformes","Mugilidae","Mugil","Mugil thoburni",98.2,"d:Eukaryota,p:Chordata,c:Actinopteri,o:Mugiliformes,f:Mugilidae,g:Mugil,s:Mugil_thoburni","Eukaryota","Chordata","Actinopteri","Mugiliformes","Mugilidae","Mugil","Mugil thoburni",100,"local",FALSE,100,"local","Mugil thoburni","Eukaryota","Chordata","Actinopteri","Mugiliformes","Mugilidae","Mugil","Mugil thoburni","Eukaryota","Chordata","Actinopteri","Mugiliformes","Mugilidae","Mugil","Mugil thoburni","species","Mugil thoburni"
"MiFish_0000805",125,"['KF374983', 'KF374984']","1229150",0.994117647058824,"caccgcggttatacgagaggcccaagttgatagacgccggcgcaaagagtggttaggtaacttaacaaactaaagccgaacgcccccaaggctgttatacgtgctcggagatatgaagcccaactacgaaagtggctttaactatatctgaacccacgaaagctgtgaaa","[1229150]","Mugil thoburni","Eukaryota","Chordata","Actinopteri","Mugiliformes","Mugilidae","Mugil","Mugil thoburni",99.4,"d:Eukaryota,p:Chordata,c:Actinopteri,o:Mugiliformes,f:Mugilidae,g:Mugil,s:Mugil_thoburni","Eukaryota","Chordata","Actinopteri","Mugiliformes","Mugilidae","Mugil","Mugil thoburni",99.4,"local",FALSE,99.4,"local","Mugil thoburni","Eukaryota","Chordata","Actinopteri","Mugiliformes","Mugilidae","Mugil","Mugil thoburni","Eukaryota","Chordata","Actinopteri","Mugiliformes","Mugilidae","Mugil","Mugil thoburni","species","Mugil thoburni"
"MiFish_0000806",10,NA,"None",0,"caccgcggttatacgagaggcccaagttgatagacgccggcgcaaagagtggttaggtaacttaacaaactaaagccgaacgcccccaaggctgttatacgtgctcggaggtatgaagcccccctacgaaagtggctttaaatttcctgactccacgaaagctgaggta",NA,NA,NA,NA,NA,NA,NA,NA,NA,0,NA,NA,NA,NA,NA,NA,NA,NA,NA,"local",FALSE,NA,NA,NA,NA,NA,NA,NA,NA,NA,NA,NA,NA,NA,NA,NA,NA,NA,NA,NA
"MiFish_0000807",11,NA,"None",0,"caccgcggttatacgagaggcccaagttgatgtctgtcggcgtaaagagtgattacaggagtataaataactaaagccgaagaccccctgggctgttttacgcatctgggggctattaagctcttcaacgaaggtagctttaaaagattcatcctcgagttcacgatagctaaggca",NA,NA,NA,NA,NA,NA,NA,NA,NA,0,NA,NA,NA,NA,NA,NA,NA,NA,NA,"local",FALSE,NA,NA,NA,NA,NA,NA,NA,NA,NA,NA,NA,NA,NA,NA,NA,NA,NA,NA,NA
"MiFish_0000808",10,"['KF374976']","48193",0.994152046783626,"caccgcggttatacgaaagacccaagctgatagatgtcggcgtaaagagtggttaagtatcttgaaagaactaaagccgaacgccctcaagaccgttatacgtttccgaaggtatgaagctcaactacgaaagtaactttaactatatctgattccacgaaagctgcgaaa","[48193]","Mugil cephalus","Eukaryota","Chordata","Actinopteri","Mugiliformes","Mugilidae","Mugil","Mugil cephalus",99.4,"d:Eukaryota,p:Chordata,c:Actinopteri,o:Mugiliformes,f:Mugilidae,g:Mugil,s:Mugil_cephalus","Eukaryota","Chordata","Actinopteri","Mugiliformes","Mugilidae","Mugil","Mugil cephalus",99.4,"local",FALSE,99.4,"local","Mugil cephalus","Eukaryota","Chordata","Actinopteri","Mugiliformes","Mugilidae","Mugil","Mugil cephalus","Eukaryota","Chordata","Actinopteri","Mugiliformes","Mugilidae","Mugil","Mugil cephalus","species","Mugil cephalus"
"MiFish_0000809",159,"['KY815348']","239048",0.994011976047904,"caccgcggttagacgagagacccaagtagatggccctcggcgtaaagagtggttaagataactttaaactaaggccaaacgactttttagctgttatacgcgcgagaagacatgaagcccaactacgaaagtggccttaagttcctgaccccacgaaagctaggaca","[239048]","Thalassoma lucasanum","Eukaryota","Chordata","Actinopteri","Labriformes","Labridae","Thalassoma","Thalassoma lucasanum",99.4,NA,NA,NA,NA,NA,NA,NA,NA,NA,"global",FALSE,99.4,"global","Thalassoma lucasanum","Eukaryota","Chordata","Actinopteri","Labriformes","Labridae","Thalassoma","Thalassoma lucasanum","Eukaryota","Chordata","Actinopteri","Labriformes","Labridae","Thalassoma","Thalassoma lucasanum","species","Thalassoma lucasanum"
"MiFish_0000810",52,NA,"None",0,"caccgcggttatacgagaggcccaagatgacagaccctcggcgtaaagagtggttagaataaaatgaaactaaagccgaatgttctctaaactgttatacgtactcgagaactagaagcacccctacgaaagtggctttactattttgaatccacgaaagctatggca",NA,NA,NA,NA,NA,NA,NA,NA,NA,0,NA,NA,NA,NA,NA,NA,NA,NA,NA,"local",FALSE,NA,NA,NA,NA,NA,NA,NA,NA,NA,NA,NA,NA,NA,NA,NA,NA,NA,NA,NA
"MiFish_0000811",10,"['MW630253']","1350519",0.988571428571428,"caccgcggttatacgagaggcccaagttgacagacacggcgtaaagagtggttaggcaaccccctttctacacactaaagtcgaacgccctctaggctgttatacgctctatgaaggcaagaagccccaccacgaaagtgactttattctacctgactccacgaaagctgcgaaa","[1350519]","Stegastes arcifrons","Eukaryota","Chordata","Actinopteri",NA,"Pomacentridae","Stegastes","Stegastes arcifrons",98.9,NA,NA,NA,NA,NA,NA,NA,NA,NA,"global",FALSE,98.9,"global","Stegastes arcifrons","Eukaryota","Chordata","Actinopteri",NA,"Pomacentridae","Stegastes","Stegastes arcifrons","Eukaryota","Chordata","Actinopteri",NA,"Pomacentridae","Stegastes","Stegastes arcifrons","species","Stegastes arcifrons"
"MiFish_0000812",14,NA,"None",0,"caccgcggttatacgagaggcccaagatgacagaccctcggcgtaaagagtggttagaataaaatgaaactaaagccgaatgttttctaaactgttatacgtactcgagaactggaagcacccctacgaaagtggctttactattttgaatccacgaaagctatggca",NA,NA,NA,NA,NA,NA,NA,NA,NA,0,NA,NA,NA,NA,NA,NA,NA,NA,NA,"local",FALSE,NA,NA,NA,NA,NA,NA,NA,NA,NA,NA,NA,NA,NA,NA,NA,NA,NA,NA,NA
"MiFish_0000813",24,"['LC649137']","879520",0.994047619047619,"caccgcggttatacgagaggcccaagctgacagctattcggcgtaaagagtggttaaaataattttagattaaagtcaaactcccccctaactgttgtacgtattggggggtaagaagtccttgtacgaaagtaactttaacaaattgattccacgaaagctaagaca","[879520]","Plagiotremus tapeinosoma","Eukaryota","Chordata","Actinopteri","Blenniiformes","Blenniidae","Plagiotremus","Plagiotremus tapeinosoma",99.4,NA,NA,NA,NA,NA,NA,NA,NA,NA,"global",FALSE,99.4,"global","Plagiotremus tapeinosoma","Eukaryota","Chordata","Actinopteri","Blenniiformes","Blenniidae","Plagiotremus","Plagiotremus tapeinosoma","Eukaryota","Chordata","Actinopteri","Blenniiformes","Blenniidae","Plagiotremus",NA,"genus","Plagiotremus"
"MiFish_0000814",28,NA,"None",0,"caccgcggttatacgagaggcccaaggtgacagaccctcggcgtaaagagtggttagaataaaatgaaactaaagccgaatgttttctaaactgttatacgtactcgagaactagaagcacccctacgaaagtggctttactattttgaatccacgaaagctatggca",NA,NA,NA,NA,NA,NA,NA,NA,NA,0,NA,NA,NA,NA,NA,NA,NA,NA,NA,"local",FALSE,NA,NA,NA,NA,NA,NA,NA,NA,NA,NA,NA,NA,NA,NA,NA,NA,NA,NA,NA
"MiFish_0000815",397,"['LC649137']","879520",1,"caccgcggttatacgagaggcccaagctgacagctattcggcgtaaagagtggttaaaataattttagattaaagtcaaactcccccctaactgttgtacgtattgggaggtaagaagtccttgtacgaaagtaactttaacaaattgattccacgaaagctaagaca","[879520]","Plagiotremus tapeinosoma","Eukaryota","Chordata","Actinopteri","Blenniiformes","Blenniidae","Plagiotremus","Plagiotremus tapeinosoma",100,NA,NA,NA,NA,NA,NA,NA,NA,NA,"global",FALSE,100,"global","Plagiotremus tapeinosoma","Eukaryota","Chordata","Actinopteri","Blenniiformes","Blenniidae","Plagiotremus","Plagiotremus tapeinosoma","Eukaryota","Chordata","Actinopteri","Blenniiformes","Blenniidae","Plagiotremus",NA,"genus","Plagiotremus"
"MiFish_0000816",21,NA,"None",0,"agccgcggtaatacgaagggagctagcgttattcggaattactgggcgtaaagagagtgtaggcggattgttaagccagatgtgaaagcccggggctcaacctcggaactgcatttggaactggcaatcttgagttcggtagagggtagtagaattcttagtgtagaggtgaaattcgtagatattaagaggaataccagtggcgaaggcgactgcctggaccgatactgacgctcagactcgaaagcgtggggag",NA,NA,NA,NA,NA,NA,NA,NA,NA,0,NA,NA,NA,NA,NA,NA,NA,NA,NA,"local",FALSE,NA,NA,NA,NA,NA,NA,NA,NA,NA,NA,NA,NA,NA,NA,NA,NA,NA,NA,NA
"MiFish_0000817",64,NA,"None",0,"agccgcggtaatacggagggtgcaagcgttattcggaatcactgggcgtaaaggacgcgtaggcgggatagtaagtctgatgtgaaatcctatggcttaaccatagaactgcattggaaactactaacctagagtatgggagggggagatggaattagtggtgtaggggtaaaatccgtagatatcactaggaataccgaaagcgaaggcgatctcctggaacaatactgacgctaaggcgtgaaagcgtggggag",NA,NA,NA,NA,NA,NA,NA,NA,NA,0,NA,NA,NA,NA,NA,NA,NA,NA,NA,"local",FALSE,NA,NA,NA,NA,NA,NA,NA,NA,NA,NA,NA,NA,NA,NA,NA,NA,NA,NA,NA
"MiFish_0000818",31,NA,"None",0,"caccgcggtcatacgattaacccaaattaatagatccacggcgtaaagagtgtttaagaaaaaaaatcacaataaagttaaattataactaagctgtaaaaagccctagttaaaataaaataacccacgaaagtgactctaataatcctgacacacgatagctaggacc",NA,NA,NA,NA,NA,NA,NA,NA,NA,0,NA,NA,NA,NA,NA,NA,NA,NA,NA,"local",FALSE,NA,NA,NA,NA,NA,NA,NA,NA,NA,NA,NA,NA,NA,NA,NA,NA,NA,NA,NA
"MiFish_0000819",23,NA,"None",0,"agccgcggtaatacggagggtgcaagcgttaatcggaattactgggcgtaaagcgcgcgtaggcggttttttaagtcggatgtgaaagccccgggctcaacctgggaactgcatccgatactggatcactagaatgcgggagagggaggtagaattccatgtgtagcagtgaaatgcgtagatatatggaggaataccagtggcgaaggcggcctcctggctcgacattgacgctgaggtgcgaaagcgtgggag",NA,NA,NA,NA,NA,NA,NA,NA,NA,0,NA,NA,NA,NA,NA,NA,NA,NA,NA,"local",FALSE,NA,NA,NA,NA,NA,NA,NA,NA,NA,NA,NA,NA,NA,NA,NA,NA,NA,NA,NA
"MiFish_0000820",128,NA,"None",0,"agccgcggtaatacggagggggttagcgttgttcggaattactgggcgtaaagcgcgcgtaggcggattagaaagttgggggtgaaatcccggggctcaacctcggaactgcctccaaaactgctagtctagagttcgagagaggtgagtggaattccgagtgtagaggtgaaattcgtagatattcggaggaacaccagtggcgaaggcggctcactggctcgatactgacgctgaggtgcgaaagtgtggggag",NA,NA,NA,NA,NA,NA,NA,NA,NA,0,NA,NA,NA,NA,NA,NA,NA,NA,NA,"local",FALSE,NA,NA,NA,NA,NA,NA,NA,NA,NA,NA,NA,NA,NA,NA,NA,NA,NA,NA,NA
"MiFish_0000821",19,"['KY815244']","1182146",0.994117647058824,"caccgcggttatacgagaggcccaagttgataagaaccggcgtaaagagtggttatgaacaaccccaaaactaaagccaaatgcccccaaagctgttatacgcactcgggagccagaaacccaaccacgaaagtggctttatattgcctgaacccacgaaagctatgata","[1182146]","Bodianus diplotaenia","Eukaryota","Chordata","Actinopteri","Labriformes","Labridae","Bodianus","Bodianus diplotaenia",99.4,NA,NA,NA,NA,NA,NA,NA,NA,NA,"global",FALSE,99.4,"global","Bodianus diplotaenia","Eukaryota","Chordata","Actinopteri","Labriformes","Labridae","Bodianus","Bodianus diplotaenia","Eukaryota","Chordata","Actinopteri","Labriformes","Labridae","Bodianus","Bodianus diplotaenia","species","Bodianus diplotaenia"
"MiFish_0000822",12,NA,"None",0,"caccgcggttatacgaaagacccaagctgatagatgtcggcgtaaagcgtggttaatagaatcttatactaaagccgaacgccctcaaagcagttatacgcattcgaaggtatgaagccccacgacgaaagtggctttaaacactatgattccacgaaagctagggaa",NA,NA,NA,NA,NA,NA,NA,NA,NA,0,NA,NA,NA,NA,NA,NA,NA,NA,NA,"local",FALSE,NA,NA,NA,NA,NA,NA,NA,NA,NA,NA,NA,NA,NA,NA,NA,NA,NA,NA,NA
"MiFish_0000823",46,NA,"None",0,"caccgcggttatacgaggggcccaagatgacagaccctcggcgtaaagagtggttagaataaaatgaaactaaagccgaatgttttctaaactgttatacgtactcgagaactagaagcacccctacgaaagtggctttactattttgaatccacgaaagctatggca",NA,NA,NA,NA,NA,NA,NA,NA,NA,0,NA,NA,NA,NA,NA,NA,NA,NA,NA,"local",FALSE,NA,NA,NA,NA,NA,NA,NA,NA,NA,NA,NA,NA,NA,NA,NA,NA,NA,NA,NA
"MiFish_0000824",11,NA,"None",0,"cgcggttatacgagtaggctcaagtggatagaacgcggcgtaaagcgtggttaatagaatcttatactaaagccgaacgccctcaaagcagttatacgcattcgaaggtatgaagccccacgacgaaagtggctttaaacactatgattccacgaaagctagggaa",NA,NA,NA,NA,NA,NA,NA,NA,NA,0,NA,NA,NA,NA,NA,NA,NA,NA,NA,"local",FALSE,NA,NA,NA,NA,NA,NA,NA,NA,NA,NA,NA,NA,NA,NA,NA,NA,NA,NA,NA
"MiFish_0000825",11,NA,"None",0,"caccgcggttatacgagaggcccaagttgatagacgccggcgcaaagagtggttatggatgaaccccacactaaagctaaagaccccctaggctgttatacgcacctggaggctcgaaccacctatacgaaagtagctttactcccttccaccagaacccacgacagctggggca",NA,NA,NA,NA,NA,NA,NA,NA,NA,0,NA,NA,NA,NA,NA,NA,NA,NA,NA,"local",FALSE,NA,NA,NA,NA,NA,NA,NA,NA,NA,NA,NA,NA,NA,NA,NA,NA,NA,NA,NA
"MiFish_0000826",13,"['OP035077']","153621",0.958579881656805,"taccgcggttatacgagaggcccaagttgacaggttccggcgtaaagcgtggttaaggaataatgagcactaaagctgaacgcttactaggctgttatacgctcccgaaagtaagaagaccatccacgaaggtggctttaccttacctgaacccacgaaagccaaggca","[153621]","Mycteroperca bonaci","Eukaryota","Chordata","Actinopteri","Perciformes","Serranidae","Mycteroperca","Mycteroperca bonaci",95.9,NA,NA,NA,NA,NA,NA,NA,NA,NA,"global",FALSE,95.9,"global","Mycteroperca bonaci","Eukaryota","Chordata","Actinopteri","Perciformes","Serranidae","Mycteroperca","Mycteroperca bonaci","Eukaryota","Chordata","Actinopteri","Perciformes","Serranidae","Mycteroperca",NA,"genus","Mycteroperca"
"MiFish_0000827",10,"['KF374983', 'KF374984']","1229150",0.976608187134503,"cgccgcggttatacgagtaggctcaagtggatagacgccggcgcaaagagtggttaggtaacttaacaaactaaagccgaacgcccccaaggctgttatacgtgctcggaggtatgaagcccaactacgaaagtggctttaactatatctgaacccacgaaagctgtgaaa","[1229150]","Mugil thoburni","Eukaryota","Chordata","Actinopteri","Mugiliformes","Mugilidae","Mugil","Mugil thoburni",97.7,"d:Eukaryota,p:Chordata,c:Actinopteri,o:Mugiliformes,f:Mugilidae,g:Mugil,s:Mugil_thoburni","Eukaryota","Chordata","Actinopteri","Mugiliformes","Mugilidae","Mugil","Mugil thoburni",97.7,"local",FALSE,97.7,"local","Mugil thoburni","Eukaryota","Chordata","Actinopteri","Mugiliformes","Mugilidae","Mugil","Mugil thoburni","Eukaryota","Chordata","Actinopteri","Mugiliformes","Mugilidae","Mugil","Mugil thoburni","species","Mugil thoburni"
"MiFish_0000828",10,NA,"None",0,"caccgcggttatacgagaggcccaagttgatagacgccggcgcaaagagtggttaggtaacttaacaaactaaagccgaacgccctcaagaccgttatacgtttccgaaggtatgaagctcaactacgaaagtaactttaactatatctgattccacgaaagctgtgaaa",NA,NA,NA,NA,NA,NA,NA,NA,NA,0,NA,NA,NA,NA,NA,NA,NA,NA,NA,"local",FALSE,NA,NA,NA,NA,NA,NA,NA,NA,NA,NA,NA,NA,NA,NA,NA,NA,NA,NA,NA
"MiFish_0000829",16,NA,"None",0,"agccgcggtaagacggaggatgcaagtgttatccggaatcactgggcgtaaagcgtctgtaggtggtttaataagtcaactgttaaatcttaaagcttaactttgaaatcgcagtcgaaactattaaactagagtatagtaggggtaaagggaatttccagtggagcggtgaaatgcgtagagattggaaagaacaccgatggcgaaggcactttactgggctattactaacactcagagacgaaagctagggtag",NA,NA,NA,NA,NA,NA,NA,NA,NA,0,NA,NA,NA,NA,NA,NA,NA,NA,NA,"local",FALSE,NA,NA,NA,NA,NA,NA,NA,NA,NA,NA,NA,NA,NA,NA,NA,NA,NA,NA,NA
"MiFish_0000830",49,NA,"None",0,"agccgcggtaatacggagggtgcaagcgttaatcggaattactgggcgtaaagcgcgcgtaggcggttttttaagtcggatgtgaaagccccgggctcaacctgggaactgcatccgatactggatcactagaatgcgggagaggggggtagaattccatgtgtagcagtgaaatgcgtagatatatggaggaataccagtggcgaaggcggcctcctggctcgacattgacgctgaggtgcgaaagcgtggggag",NA,NA,NA,NA,NA,NA,NA,NA,NA,0,NA,NA,NA,NA,NA,NA,NA,NA,NA,"local",FALSE,NA,NA,NA,NA,NA,NA,NA,NA,NA,NA,NA,NA,NA,NA,NA,NA,NA,NA,NA
"MiFish_0000831",14,NA,"None",0,"agccgcggtaatacgggaagggcaagcgttatccggcatgactgggcgtaaagagtccgtagactgtaaagtaagttttttgttaaattttaagacttaatcttaacacagcaattaatactattttactacgagtttaatacagaaaagtagaattttatacgatagaggtgaaatttgtagatatataaaggaatgccaacagcgaaggcaactttttggtataaactgacgttgagggacgaaagcgtgggtag",NA,NA,NA,NA,NA,NA,NA,NA,NA,0,NA,NA,NA,NA,NA,NA,NA,NA,NA,"local",FALSE,NA,NA,NA,NA,NA,NA,NA,NA,NA,NA,NA,NA,NA,NA,NA,NA,NA,NA,NA
"MiFish_0000832",31,NA,"None",0,"agccgcggtaatacggagggtgcaagcgttaatcggaattactgggcgtaaagcgcgcgtaggcggttttttaagtcggatgtgaaagccccgggctcaacctgggaactgcatccgatactggatcactagaatgcgggagagggaggtagaattccatgtgtagcagtgaaatgcgtagatatatggaggaataccagtggcgaaggcggcctcctggcccgacattgacgctgaggtgcgaaagcgtggggag",NA,NA,NA,NA,NA,NA,NA,NA,NA,0,NA,NA,NA,NA,NA,NA,NA,NA,NA,"local",FALSE,NA,NA,NA,NA,NA,NA,NA,NA,NA,NA,NA,NA,NA,NA,NA,NA,NA,NA,NA
"MiFish_0000833",10,NA,"None",0,"caccgcggttatacgaggggcccaagtcgacagccaccggcgtaaagagtggttagggtaaaatttaaactaaagccaaactcctattaagttcgtctaatgttaattaaaagggagaggcccaaccacgaaagtggctttaccaaacctgaccccacgaaagctgagaca",NA,NA,NA,NA,NA,NA,NA,NA,NA,0,NA,NA,NA,NA,NA,NA,NA,NA,NA,"local",FALSE,NA,NA,NA,NA,NA,NA,NA,NA,NA,NA,NA,NA,NA,NA,NA,NA,NA,NA,NA
"MiFish_0000834",68,NA,"None",0,"caccgcggttatacgaggggttcaagttgatgtctgtcggcgtaaagagtgattacaggagtataaataactaaagccgaagaccccctgggctgttttacgcatatgggggctattaagctcttcaacgaaggtagctttaaaagattcatcctcgagttcacgatagctaaggca",NA,NA,NA,NA,NA,NA,NA,NA,NA,0,NA,NA,NA,NA,NA,NA,NA,NA,NA,"local",FALSE,NA,NA,NA,NA,NA,NA,NA,NA,NA,NA,NA,NA,NA,NA,NA,NA,NA,NA,NA
"MiFish_0000835",37,NA,"None",0,"agccgcggtaagacggaggatgcaagtgttatccggaatcactgggcgtaaagcgtctgtaggtggtttaataagtcaactgttaaatctcgaagctcaacttcgaaatcgcagtcgaaactattagactagagtatagtaggggtaaagggaatttccagtggagcggtgaaatgcgtagagattggaaagaacaccgatggcgaaggcactttactgggctattactaacactcagagacgaaagctagggtag",NA,NA,NA,NA,NA,NA,NA,NA,NA,0,NA,NA,NA,NA,NA,NA,NA,NA,NA,"local",FALSE,NA,NA,NA,NA,NA,NA,NA,NA,NA,NA,NA,NA,NA,NA,NA,NA,NA,NA,NA
"MiFish_0000836",32,NA,"None",0,"agccgcggtaatacggagggtgcgagcgttaatcggaattactgggcgtaaagcgcgcgtaggcggtctgttaagctggatgtgaaatcccagggctcaaccttggaactgcattcagaactggcagactagagtattggagaggtgagtggaatttcccgtgtagcagtgaaatgcgtagatatgggaaggaacaccagtggcgaaggcgactcactggccaaatactgacgctgaggtgcgaaagcgtggggag",NA,NA,NA,NA,NA,NA,NA,NA,NA,0,NA,NA,NA,NA,NA,NA,NA,NA,NA,"local",FALSE,NA,NA,NA,NA,NA,NA,NA,NA,NA,NA,NA,NA,NA,NA,NA,NA,NA,NA,NA
"MiFish_0000837",16,NA,"None",0,"agccgcggtaatacgtaagtcgcaagcgttatccggaattattgggcgtaaagcgtccgtaggcgttttggaaagtctgatgttaaatctcagagctcaactctgaatctatatcggaaactttcaaaatagagtagtgcaggggcaagtggaattccagaagtaggggtaaaatccgtagatctctggaggaacaccaaacgcgaaggcatcttgctgggcacttactgacgctgagggacgaaagcgtggggag",NA,NA,NA,NA,NA,NA,NA,NA,NA,0,NA,NA,NA,NA,NA,NA,NA,NA,NA,"local",FALSE,NA,NA,NA,NA,NA,NA,NA,NA,NA,NA,NA,NA,NA,NA,NA,NA,NA,NA,NA
"MiFish_0000838",15,"['OP035157']","482919",0.976331360946746,"caccgcggttacacgagaggcccaagctgataatcatcggcgtaaagggtggttagggttaattgaagactaaagccgaaagccctcacagctgttatacgcactcgagggtaagaagcccaactacgaaagtggctttacaatatccgaacccacgaaagctagggca","[482919]","Orthopristis chrysoptera","Eukaryota","Chordata","Actinopteri","Lutjaniformes","Haemulidae","Orthopristis","Orthopristis chrysoptera",97.6,NA,NA,NA,NA,NA,NA,NA,NA,NA,"global",FALSE,97.6,"global","Orthopristis chrysoptera","Eukaryota","Chordata","Actinopteri","Lutjaniformes","Haemulidae","Orthopristis","Orthopristis chrysoptera","Eukaryota","Chordata","Actinopteri","Lutjaniformes","Haemulidae","Orthopristis",NA,"genus","Orthopristis"
"MiFish_0000839",16,"['KF374976']","48193",0.976608187134503,"caccgcggttatacgagaggcccaagttgatagatgtcggcgtaaagagtggttaagtatcttgatagaactaaagccgaacgccctcaagaccgttatacgtttccgaaggtatgaagctcaactacgaaagtaactttaactatatctgattccacgaaagctgtgaaa","[48193]","Mugil cephalus","Eukaryota","Chordata","Actinopteri","Mugiliformes","Mugilidae","Mugil","Mugil cephalus",97.7,"d:Eukaryota,p:Chordata,c:Actinopteri,o:Mugiliformes,f:Mugilidae,g:Mugil,s:Mugil_cephalus","Eukaryota","Chordata","Actinopteri","Mugiliformes","Mugilidae","Mugil","Mugil cephalus",97.7,"local",FALSE,97.7,"local","Mugil cephalus","Eukaryota","Chordata","Actinopteri","Mugiliformes","Mugilidae","Mugil","Mugil cephalus","Eukaryota","Chordata","Actinopteri","Mugiliformes","Mugilidae","Mugil","Mugil cephalus","species","Mugil cephalus"
"MiFish_0000840",57,NA,"None",0,"caccgcggttatacgaaagacccaagctgatagatgtcggcgtaaagcgtggttaaggcctaaatctaaactaaagttgaactccttcaagcaagtgaaatgatcatcgataaggagaagcccacctacgaaagtgactttacttaacctgaccccacgaaagctaaggca",NA,NA,NA,NA,NA,NA,NA,NA,NA,0,NA,NA,NA,NA,NA,NA,NA,NA,NA,"local",FALSE,NA,NA,NA,NA,NA,NA,NA,NA,NA,NA,NA,NA,NA,NA,NA,NA,NA,NA,NA
"MiFish_0000841",10,"['OP154136', 'JN182927']","40493",0.982248520710059,"caccgcggttatacgagagacccaagttgatagacaccggcgtaaagagtggttaagatttacccaaaactaaagccgaacgccctcagagctgttatacgcacccgagagttagaagcccaaccacgaaagtggctttaaacaatctgaacccacgaaagctgtgaaa","[40494, 211834]","Lutjanus","Eukaryota","Chordata","Actinopteri","Lutjaniformes","Lutjanidae","Lutjanus",NA,98.2,NA,NA,NA,NA,NA,NA,NA,NA,NA,"global",FALSE,98.2,"global","Lutjanus","Eukaryota","Chordata","Actinopteri","Lutjaniformes","Lutjanidae","Lutjanus",NA,"Eukaryota","Chordata","Actinopteri","Lutjaniformes","Lutjanidae","Lutjanus",NA,"genus","Lutjanus"
"MiFish_0000842",22,NA,"None",0,"agccgcggtaagacggaggatgcaagtgttatccggaatcactgggcgtaaagcgtctgtaggtggcttaacaagtcaactgttaaatcttgaagctcaacttcgaaatcgcagtcgaaactgttaggctagagtatagtaggggtaaagggaatttccagtggagcggtgaaatgcgtagagattggaaagaacaccgatggcggaggcactttactgggctattactgacactcagagacgaaagctagggtag",NA,NA,NA,NA,NA,NA,NA,NA,NA,0,NA,NA,NA,NA,NA,NA,NA,NA,NA,"local",FALSE,NA,NA,NA,NA,NA,NA,NA,NA,NA,NA,NA,NA,NA,NA,NA,NA,NA,NA,NA
"MiFish_0000843",10,NA,"None",0,"caccgcggttatacgagaggtccaagtcgatagctgccggcgtaaagcgtggttaaggcctaaatttttactaaagtcgaaccccttcaagaccgtttaacgtgttcgactgggagaagctcagcaacgaaagtgactttaaattacctgaccccgcgaaagctaagaca",NA,NA,NA,NA,NA,NA,NA,NA,NA,0,NA,NA,NA,NA,NA,NA,NA,NA,NA,"local",FALSE,NA,NA,NA,NA,NA,NA,NA,NA,NA,NA,NA,NA,NA,NA,NA,NA,NA,NA,NA
"MiFish_0000844",15,"['KF374983', 'KF374984']","1229150",0.976470588235294,"caccgcggttatacgaaagacccaagctgatagatgccggcgcaaagagtggttaggtaacttaacaaactaaagccgaacgcccccaaggctgttatacgtgctcggaggtatgaagcccaactacgaaagtggctttaactatatctgaacccacgaaagctgtgaaa","[1229150]","Mugil thoburni","Eukaryota","Chordata","Actinopteri","Mugiliformes","Mugilidae","Mugil","Mugil thoburni",97.6,"d:Eukaryota,p:Chordata,c:Actinopteri,o:Mugiliformes,f:Mugilidae,g:Mugil,s:Mugil_thoburni","Eukaryota","Chordata","Actinopteri","Mugiliformes","Mugilidae","Mugil","Mugil thoburni",97.6,"local",FALSE,97.6,"local","Mugil thoburni","Eukaryota","Chordata","Actinopteri","Mugiliformes","Mugilidae","Mugil","Mugil thoburni","Eukaryota","Chordata","Actinopteri","Mugiliformes","Mugilidae","Mugil","Mugil thoburni","species","Mugil thoburni"
"MiFish_0000845",20,NA,"None",0,"caccgcggttatgcgagaggcccaagttgataagcccggcgtaaagagtggttatggatgaaccccacactaaagctaaagaccccctaggctgttatacgcacctggaggctcgaaccacctatacgaaagtagctttactcccttccaccagaacccacgacagctggggca",NA,NA,NA,NA,NA,NA,NA,NA,NA,0,NA,NA,NA,NA,NA,NA,NA,NA,NA,"local",FALSE,NA,NA,NA,NA,NA,NA,NA,NA,NA,NA,NA,NA,NA,NA,NA,NA,NA,NA,NA
"MiFish_0000846",24,NA,"None",0,"caccgcggttatacgagtaggcccaagtcgatagcttccggcgtaaagcgtggttaaggcctaaatctaaactaaagttgaactccttcaagcaagtgaaatgatcatcgataaggagaagcccacctacgaaagtgactttacttaacctgaccccacgaaagctgcgaaa",NA,NA,NA,NA,NA,NA,NA,NA,NA,0,NA,NA,NA,NA,NA,NA,NA,NA,NA,"local",FALSE,NA,NA,NA,NA,NA,NA,NA,NA,NA,NA,NA,NA,NA,NA,NA,NA,NA,NA,NA
"MiFish_0000847",10,"['KF374976']","48193",0.95906432748538,"caccgcggttatacgagaggcccaagttgatagacgccggcgcaaagagtggttaagtatcttgatagaactaaagccgaacgccctcaagaccgttatacgtttccgaaggtatgaagctcaactacgaaagtaactttaactatatctgattccacgaaagctgtgaaa","[48193]","Mugil cephalus","Eukaryota","Chordata","Actinopteri","Mugiliformes","Mugilidae","Mugil","Mugil cephalus",95.9,"d:Eukaryota,p:Chordata,c:Actinopteri,o:Mugiliformes,f:Mugilidae,g:Mugil,s:Mugil_cephalus","Eukaryota","Chordata","Actinopteri","Mugiliformes","Mugilidae","Mugil","Mugil cephalus",95.9,"local",FALSE,95.9,"local","Mugil cephalus","Eukaryota","Chordata","Actinopteri","Mugiliformes","Mugilidae","Mugil","Mugil cephalus","Eukaryota","Chordata","Actinopteri","Mugiliformes","Mugilidae","Mugil","Mugil cephalus","species","Mugil cephalus"
"MiFish_0000848",13,"['KF374976']","48193",0.988304093567252,"caccgcggttatacgaaaggcccaagctgatagatgtcggcgtaaagagtggttaagtatcttgatagaactaaagccgaacgccctcaagaccgttatacgtttccgaaggtatgaagctcaactacgaaagtaactttaactatatctgattccacgaaagctgtgaaa","[48193]","Mugil cephalus","Eukaryota","Chordata","Actinopteri","Mugiliformes","Mugilidae","Mugil","Mugil cephalus",98.8,"d:Eukaryota,p:Chordata,c:Actinopteri,o:Mugiliformes,f:Mugilidae,g:Mugil,s:Mugil_cephalus","Eukaryota","Chordata","Actinopteri","Mugiliformes","Mugilidae","Mugil","Mugil cephalus",98.8,"local",FALSE,98.8,"local","Mugil cephalus","Eukaryota","Chordata","Actinopteri","Mugiliformes","Mugilidae","Mugil","Mugil cephalus","Eukaryota","Chordata","Actinopteri","Mugiliformes","Mugilidae","Mugil","Mugil cephalus","species","Mugil cephalus"
"MiFish_0000849",235,NA,"None",0,"caccgcggttatacgagaggcccaagttgataagcccggcgtaaagagtggttatggatgaaccccacactaaagctaaagaccccttaggctgttatacgcacctgggggctcgaaccacctatacgaaagtagctttactcccttccaccagaacccacgacagctggggca",NA,NA,NA,NA,NA,NA,NA,NA,NA,0,NA,NA,NA,NA,NA,NA,NA,NA,NA,"local",FALSE,NA,NA,NA,NA,NA,NA,NA,NA,NA,NA,NA,NA,NA,NA,NA,NA,NA,NA,NA
"MiFish_0000850",38,NA,"None",0,"caccgcggttatacgagaggcccaagttgataagcccggcgtaaagagtggttatggatgaaccccacactaaagctaaagaccccctaggctgttatacgcgcctggaggctcgaaccacctatacgaaagtagctttactcccttccaccagaacccacgacagctggggca",NA,NA,NA,NA,NA,NA,NA,NA,NA,0,NA,NA,NA,NA,NA,NA,NA,NA,NA,"local",FALSE,NA,NA,NA,NA,NA,NA,NA,NA,NA,NA,NA,NA,NA,NA,NA,NA,NA,NA,NA
"MiFish_0000851",11,NA,"None",0,"caccgcggttatacgaaagacccaagctgatagatgtcggcgtaaagagtggttaaggcctaaatttttactaaagtcgaaccccttcaagaccgtttaacgtgttcgactgggagaagctcagcaacgaaagtgactttaaattacctgaccccacgaaagctaagaca",NA,NA,NA,NA,NA,NA,NA,NA,NA,0,NA,NA,NA,NA,NA,NA,NA,NA,NA,"local",FALSE,NA,NA,NA,NA,NA,NA,NA,NA,NA,NA,NA,NA,NA,NA,NA,NA,NA,NA,NA
"MiFish_0000852",12,"['KY815278']","435274",0.994082840236686,"caccgcggttatacgagaggcccaagttgacagctaccggcgtaaagcgtggttaaggttgaatcaagaactaaagtcgaactccttcaaggccgtttaacgtgttcgaaacggagaagcccaactacgaaagtgactttacctgcctgaccccacgaaagctatggca","[435274]","Gerres cinereus","Eukaryota","Chordata","Actinopteri","Gerreiformes","Gerreidae","Gerres","Gerres cinereus",99.4,NA,NA,NA,NA,NA,NA,NA,NA,NA,"global",FALSE,99.4,"global","Gerres cinereus","Eukaryota","Chordata","Actinopteri","Gerreiformes","Gerreidae","Gerres","Gerres cinereus","Eukaryota","Chordata","Actinopteri","Gerreiformes","Gerreidae","Gerres","Gerres cinereus","species","Gerres cinereus"
"MiFish_0000853",39,NA,"None",0,"caccgcggttatacgagaggcccaagttgatagacgccggcgcaaagagtggttaggtaacttaacaaactaaagccgaacgccctcaaagcagttatacgcattcgaaggtatgaagccccacgacgaaagtggctttaaacactatgattccacgaaagctagggaa",NA,NA,NA,NA,NA,NA,NA,NA,NA,0,NA,NA,NA,NA,NA,NA,NA,NA,NA,"local",FALSE,NA,NA,NA,NA,NA,NA,NA,NA,NA,NA,NA,NA,NA,NA,NA,NA,NA,NA,NA
"MiFish_0000854",22,NA,"None",0,"caccgcggttatacgagaggcccaagttgataagcccggcgtaaagagtggttatggatgaaccccacactaaagctaaaggccccctaggctgttatacgcacctggaggctcgaaccacctatacgaaagtagctttactcccttccaccagaacccacgacagctggggca",NA,NA,NA,NA,NA,NA,NA,NA,NA,0,NA,NA,NA,NA,NA,NA,NA,NA,NA,"local",FALSE,NA,NA,NA,NA,NA,NA,NA,NA,NA,NA,NA,NA,NA,NA,NA,NA,NA,NA,NA
"MiFish_0000855",12,NA,"None",0,"caccgcggttatacgagaggcccaagttgacagctaccggcgtaaagcgtggttaaggttgaatcaaaaactaaagtcgaactccttcaaggccgtttaacgtgttcgaaacggagaagcccaactacgaaagtggctttaactatatctgaacccacgaaagctgtgaaa",NA,NA,NA,NA,NA,NA,NA,NA,NA,0,NA,NA,NA,NA,NA,NA,NA,NA,NA,"local",FALSE,NA,NA,NA,NA,NA,NA,NA,NA,NA,NA,NA,NA,NA,NA,NA,NA,NA,NA,NA
"MiFish_0000856",718,"['FJ416614']","396787",1,"caccgcggttatacgagagacccgagttgttagacaccggcgtaaagagtggttaagattgactcaaaactaaagccgaacgccctcagagctgttatacgcacccgagggtaagaagcccaatcacgaaagtggctttatcctatccgaacccacgaaagctatgata","[396787]","Lutjanus kasmira","Eukaryota","Chordata","Actinopteri","Lutjaniformes","Lutjanidae","Lutjanus","Lutjanus kasmira",100,"d:Eukaryota,p:Chordata,c:Actinopteri,o:Lutjaniformes,f:Lutjanidae,g:Lutjanus,s:Lutjanus_kasmira","Eukaryota","Chordata","Actinopteri","Lutjaniformes","Lutjanidae","Lutjanus","Lutjanus kasmira",100,"local",FALSE,100,"local","Lutjanus kasmira","Eukaryota","Chordata","Actinopteri","Lutjaniformes","Lutjanidae","Lutjanus","Lutjanus kasmira","Eukaryota","Chordata","Actinopteri","Lutjaniformes","Lutjanidae","Lutjanus","Lutjanus kasmira","species","Lutjanus kasmira"
"MiFish_0000857",149,"['AP011061', 'KC136376', 'KC136400', 'KC136461', 'KC136491', 'KC136507', 'KC136526', 'KC136535', 'KC136538', 'KC136565']","163142",1,"caccgcggttatacgagaggcccaagttgatagactccggcgtaaagagtggttaagactcatctacaaaactaaagccgaacgccctcagggctgttatacgctcccgaaggtaagaagttcaatcacgaaagtggctttatatcagctgaacccacgaaagctatgaca","[163144, 1163486]","Kyphosus","Eukaryota","Chordata","Actinopteri","Centrarchiformes","Kyphosidae","Kyphosus",NA,100,"d:Eukaryota,p:Chordata,c:Actinopteri,o:Centrarchiformes,f:Kyphosidae,g:Kyphosus,s:Kyphosus_vaigiensis","Eukaryota","Chordata","Actinopteri","Centrarchiformes","Kyphosidae","Kyphosus","Kyphosus vaigiensis",98.8,"global",TRUE,100,"global_lca_to_local","Kyphosus","Eukaryota","Chordata","Actinopteri","Centrarchiformes","Kyphosidae","Kyphosus",NA,"Eukaryota","Chordata","Actinopteri","Centrarchiformes","Kyphosidae","Kyphosus",NA,"genus","Kyphosus"
"MiFish_0000858",680,"['LC715466']","1003767",1,"caccgcggttatacgagaggcctaagctaacagacaccggcgtaaagagtggttaaggagaaatcaaaactaaagccgaataacctcaagactgttatacgttaccgaggacaagaagcccgactacgaaagtggctttaatttccccgactccacgaaagctgtggaa","[1003767]","Oxyporhamphus micropterus micropterus","Eukaryota","Chordata","Actinopteri","Beloniformes","Hemiramphidae","Oxyporhamphus","Oxyporhamphus micropterus",100,NA,NA,NA,NA,NA,NA,NA,NA,NA,"global",FALSE,100,"global","Oxyporhamphus micropterus","Eukaryota","Chordata","Actinopteri","Beloniformes","Hemiramphidae","Oxyporhamphus","Oxyporhamphus micropterus","Eukaryota","Chordata","Actinopteri","Beloniformes","Hemiramphidae","Oxyporhamphus","Oxyporhamphus micropterus","species","Oxyporhamphus micropterus"
"MiFish_0000859",4833,"['KY815348']","239048",1,"caccgcggttagacgagagacccaagtggatggccctcggcgtaaagagtggttaagataactttaaactaaggccaaacgactttttagctgttatacgcgcgagaagacatgaagcccaactacgaaagtggccttaagttcctgaccccacgaaagctaggaca","[239048]","Thalassoma lucasanum","Eukaryota","Chordata","Actinopteri","Labriformes","Labridae","Thalassoma","Thalassoma lucasanum",100,"d:Eukaryota,p:Chordata,c:Actinopteri,o:Labriformes,f:Labridae,g:Thalassoma,s:Thalassoma_lutescens","Eukaryota","Chordata","Actinopteri","Labriformes","Labridae","Thalassoma","Thalassoma lutescens",95.2,"global",TRUE,100,"global_lca_to_local","Thalassoma","Eukaryota","Chordata","Actinopteri","Labriformes","Labridae","Thalassoma",NA,"Eukaryota","Chordata","Actinopteri","Labriformes","Labridae","Thalassoma",NA,"genus","Thalassoma"
"MiFish_0000860",508,"['OP035329', 'AY700239', 'KT600939', 'KT600966']","31024",1,"caccgcggttatacgagaggcccaagttgatagccaccggcgtaaagagtggttaagaaatttataacaaattagagccgaacgctttcaaggctgttatacgcacccgaaagtaagaagcacgacaacgaaagtgactctattaattccgaacccacgaaagctaaggta","[303686, 882191]","Balistidae","Eukaryota","Chordata","Actinopteri","Tetraodontiformes","Balistidae",NA,NA,100,NA,NA,NA,NA,NA,NA,NA,NA,NA,"global",FALSE,100,"global","Balistidae","Eukaryota","Chordata","Actinopteri","Tetraodontiformes","Balistidae",NA,NA,"Eukaryota","Chordata","Actinopteri","Tetraodontiformes","Balistidae",NA,NA,"family","Balistidae"
"MiFish_0000861",115,"['AP006769', 'AP012958']","270541",0.952095808383234,"cgccgcggttatacgagagacccaagttgacagtcatcggcgtaaagcgtggttaaggacttcccccactaaggctaaacacttccctggttgttatacactctcggaagaatgaaaccctttcacgaaagtagctttactttcctgaacccaccacaattaggaaa","[270541]","Vinciguerria nimbaria","Eukaryota","Chordata","Actinopteri","Stomiiformes","Phosichthyidae","Vinciguerria","Vinciguerria nimbaria",95.2,NA,NA,NA,NA,NA,NA,NA,NA,NA,"global",FALSE,95.2,"global","Vinciguerria nimbaria","Eukaryota","Chordata","Actinopteri","Stomiiformes","Phosichthyidae","Vinciguerria","Vinciguerria nimbaria","Eukaryota","Chordata","Actinopteri","Stomiiformes","Phosichthyidae","Vinciguerria","Vinciguerria nimbaria","species","Vinciguerria nimbaria"
"MiFish_0000862",36,NA,"None",0,"cgcggttatacgaggggcccgagtcgacagccaccggcgtaaagagtggttagggtaaaatttaaactaaagccaaactcctattaagttcgtctaatgttaattaaaagggagaggcccaactacgaaagtggctttaccaaacctgaccccacgaaagctgagaca",NA,NA,NA,NA,NA,NA,NA,NA,NA,0,NA,NA,NA,NA,NA,NA,NA,NA,NA,"local",FALSE,NA,NA,NA,NA,NA,NA,NA,NA,NA,NA,NA,NA,NA,NA,NA,NA,NA,NA,NA
"MiFish_0000863",926,NA,"None",0,"caccgcggttagacgagaggctcaaattgacaccccttcggcgtaaagcgtggttaattatgtagtattactaaagttaaacgttctcaaagctgttatacgtttatgagaatatgaaaaccccttacgaaagtagctttatagtattgatgccactaaagctgagaaa",NA,NA,NA,NA,NA,NA,NA,NA,NA,0,NA,NA,NA,NA,NA,NA,NA,NA,NA,"local",FALSE,NA,NA,NA,NA,NA,NA,NA,NA,NA,NA,NA,NA,NA,NA,NA,NA,NA,NA,NA
"MiFish_0000864",83,"['OP035329', 'AY700239', 'KT600939', 'KT600966']","31024",0.994152046783626,"caccgcggttatacgagaggcccaagttgatagccaccggcgtaaagagtggttaagaaatttataacaaattagagccgaacgctttcaaggctgttgtacgcacccgaaagtaagaagcacgacaacgaaagtgactctattaattccgaacccacgaaagctaaggta","[303686, 882191]","Balistidae","Eukaryota","Chordata","Actinopteri","Tetraodontiformes","Balistidae",NA,NA,99.4,NA,NA,NA,NA,NA,NA,NA,NA,NA,"global",FALSE,99.4,"global","Balistidae","Eukaryota","Chordata","Actinopteri","Tetraodontiformes","Balistidae",NA,NA,"Eukaryota","Chordata","Actinopteri","Tetraodontiformes","Balistidae",NA,NA,"family","Balistidae"
"MiFish_0000865",269,"['AP012310', 'LC640046', 'LC640047']","342443",1,"caccgcggttatacgagaggcccaagttgataggtaccggcgtaaagggtggttagggataactataaaataaagccgaatatcttcaacgctgttatacgccctcgaagattcgaagccccattacgaaagtagctttaccttcccccgaacccacgaaagccagggta","[342443]","Mulloidichthys vanicolensis","Eukaryota","Chordata","Actinopteri","Syngnathiformes","Mullidae","Mulloidichthys","Mulloidichthys vanicolensis",100,NA,NA,NA,NA,NA,NA,NA,NA,NA,"global",FALSE,100,"global","Mulloidichthys vanicolensis","Eukaryota","Chordata","Actinopteri","Syngnathiformes","Mullidae","Mulloidichthys","Mulloidichthys vanicolensis","Eukaryota","Chordata","Actinopteri","Syngnathiformes","Mullidae","Mulloidichthys",NA,"genus","Mulloidichthys"
"MiFish_0000866",1535,"['AP011914']","862788",0.976744186046512,"caccgcggttatacgagaggtccaagttgttagcctccggcgtaaagagtggttagagtacaaaacacaaaactgaggccgaacaccttcaaggcagttatacgctcccgaaggcatgaagcacaatcacgaaagtagcctcaccccgcttgaacccacgaaagctaagaca","[862788]","Sphoeroides parvus","Eukaryota","Chordata","Actinopteri","Tetraodontiformes","Tetraodontidae","Sphoeroides","Sphoeroides parvus",97.7,NA,NA,NA,NA,NA,NA,NA,NA,NA,"global",FALSE,97.7,"global","Sphoeroides parvus","Eukaryota","Chordata","Actinopteri","Tetraodontiformes","Tetraodontidae","Sphoeroides","Sphoeroides parvus","Eukaryota","Chordata","Actinopteri","Tetraodontiformes","Tetraodontidae","Sphoeroides",NA,"genus","Sphoeroides"
"MiFish_0000867",51,"['EU601199', 'EU601202', 'EU601205', 'KU244263']","59660",0.971098265895954,"caccgcggttatacgaaaggcccaagttgaaagacattcggcgtaaagggtgactaaggacctatctcaaactagagctgaatttcttcaaagctgttatacgctcatgaaaactagaaaatcgaccacgaaagtggctctaatccccccctgacaccacgaaagctatgaca","[126672, 188104, 242807]","Scarus","Eukaryota","Chordata","Actinopteri","Labriformes","Labridae","Scarus",NA,97.1,NA,NA,NA,NA,NA,NA,NA,NA,NA,"global",FALSE,97.1,"global","Scarus","Eukaryota","Chordata","Actinopteri","Labriformes","Labridae","Scarus",NA,"Eukaryota","Chordata","Actinopteri","Labriformes","Labridae","Scarus",NA,"genus","Scarus"
"MiFish_0000868",39,NA,"None",0,"caccgcggttatacgggaggctcaaattgatatcctgcggcgtaaagcgtgattagagaaaacaaaaactaaagccgaatccctcccctgctgttatacgtttaaagaggcacgaagccctataacgaaagtagctttaaccaaaaatcttgaactcacgaaaattaagaaa",NA,NA,NA,NA,NA,NA,NA,NA,NA,0,NA,NA,NA,NA,NA,NA,NA,NA,NA,"local",FALSE,NA,NA,NA,NA,NA,NA,NA,NA,NA,NA,NA,NA,NA,NA,NA,NA,NA,NA,NA
"MiFish_0000869",26,NA,"None",0,"caccgcggttatacgaggggctcaaattgatattccacggcgtaaagcgtgattaaagaaaacaaaaactaaagccgaatacctccttaactgtcatacgtctaaagagatacgaagccccaaaacgaaagtagctttaagctagaatcttgaactcacgaaaattaagaaa",NA,NA,NA,NA,NA,NA,NA,NA,NA,0,NA,NA,NA,NA,NA,NA,NA,NA,NA,"local",FALSE,NA,NA,NA,NA,NA,NA,NA,NA,NA,NA,NA,NA,NA,NA,NA,NA,NA,NA,NA
"MiFish_0000870",11,NA,"None",0,"agccgcggtaatacgtaggtcccaagcgttatccggatttactgggcgtaaagcgtctgtagctggttatataagtctgttttcaaatcctgcgactcaatcgtagaaagggaatggatactgtatggctggaggtactgaggggtaagtggaatttccggtggagcggtggaatgcgttgatatcggaaggaacgccaaaagcgaaagcagcttactattggatacctgacagtgagagacgaaagtgtgggtag",NA,NA,NA,NA,NA,NA,NA,NA,NA,0,NA,NA,NA,NA,NA,NA,NA,NA,NA,"local",FALSE,NA,NA,NA,NA,NA,NA,NA,NA,NA,NA,NA,NA,NA,NA,NA,NA,NA,NA,NA
"MiFish_0000871",18,NA,"None",0,"caccgcggttatacgagaggcccaagttgacagacacggcgtaaagagtggttaggcaaccccctttctacacactaaagtcgaacgcccccaaggctgttatacgtgctcggaggtatgaagcccaactacgaaagtggctttaactatatctgaacccacgaaagctgtgaaa",NA,NA,NA,NA,NA,NA,NA,NA,NA,0,NA,NA,NA,NA,NA,NA,NA,NA,NA,"local",FALSE,NA,NA,NA,NA,NA,NA,NA,NA,NA,NA,NA,NA,NA,NA,NA,NA,NA,NA,NA
"MiFish_0000872",26,NA,"None",0,"cgccgcggttatacgagtaggctcaagtggatagaacgcggcgtagagcgtggttaatagaatcttatactaaagccgaacgccctcaaagcagttatacgcattcgaaggtatgaagccccacgacgaaagtggctttaaacactatgattccacgaaagctagggaa",NA,NA,NA,NA,NA,NA,NA,NA,NA,0,NA,NA,NA,NA,NA,NA,NA,NA,NA,"local",FALSE,NA,NA,NA,NA,NA,NA,NA,NA,NA,NA,NA,NA,NA,NA,NA,NA,NA,NA,NA
"MiFish_0000873",37,NA,"None",0,"caccgcggttatacgagtaggcccaagtcgatagcttccggcgtaaagcgtggttaagtatcttgatagaactaaagccgaacgccctcaagaccgttatacgtttccgaaggtatgaagctcaactacgaaagtaactttaactatatctgattccacgaaagctgcgaaa",NA,NA,NA,NA,NA,NA,NA,NA,NA,0,NA,NA,NA,NA,NA,NA,NA,NA,NA,"local",FALSE,NA,NA,NA,NA,NA,NA,NA,NA,NA,NA,NA,NA,NA,NA,NA,NA,NA,NA,NA
"MiFish_0000874",14,NA,"None",0,"gcggttatacgagtaggctcaagtggatagaacgcggcgtaaagcgtggttaatagaatcttatactaaagccgaacgccctcaaagcagttatacgcattcgaaggtatgaagccccacgacgaaagtggctttaaacactatgattccacgaaagctagggaa",NA,NA,NA,NA,NA,NA,NA,NA,NA,0,NA,NA,NA,NA,NA,NA,NA,NA,NA,"local",FALSE,NA,NA,NA,NA,NA,NA,NA,NA,NA,NA,NA,NA,NA,NA,NA,NA,NA,NA,NA
"MiFish_0000875",13,NA,"None",0,"caccgcggttatacgagaggcccaagttgacagacacggcgtaaagagtggttagaataaaatgaaactaaagccgaatgttttctaaactgttatacgtactcgagaactagaagcacccctacgaaagtggctttactattttgaatccacgaaagctatggca",NA,NA,NA,NA,NA,NA,NA,NA,NA,0,NA,NA,NA,NA,NA,NA,NA,NA,NA,"local",FALSE,NA,NA,NA,NA,NA,NA,NA,NA,NA,NA,NA,NA,NA,NA,NA,NA,NA,NA,NA
"MiFish_0000876",30,"['KF374976']","48193",0.976608187134503,"caccgcggttatacgagagacccaagctgatagatgtcggcgtaaagagtggttaagtatcttaatagaactaaagccgaacgccctcaagactgttatacgtttccgaaggtatgaagctcaactacgaaagtaactttaactatatctgattccacgaaagctgtgaaa","[48193]","Mugil cephalus","Eukaryota","Chordata","Actinopteri","Mugiliformes","Mugilidae","Mugil","Mugil cephalus",97.7,"d:Eukaryota,p:Chordata,c:Actinopteri,o:Mugiliformes,f:Mugilidae,g:Mugil,s:Mugil_cephalus","Eukaryota","Chordata","Actinopteri","Mugiliformes","Mugilidae","Mugil","Mugil cephalus",100,"local",FALSE,100,"local","Mugil cephalus","Eukaryota","Chordata","Actinopteri","Mugiliformes","Mugilidae","Mugil","Mugil cephalus","Eukaryota","Chordata","Actinopteri","Mugiliformes","Mugilidae","Mugil","Mugil cephalus","species","Mugil cephalus"
"MiFish_0000877",12,NA,"None",0,"caccgcggttatacgagaggcccaagttgactagcgctcggcgtaaagggtggttaatactttaattcgctaaagccgaaccccctctcgactgtctaacgctttcgagggctggaagcacaactacgaaagtggctttaacaccttgaccccacgaaaactgtggca",NA,NA,NA,NA,NA,NA,NA,NA,NA,0,NA,NA,NA,NA,NA,NA,NA,NA,NA,"local",FALSE,NA,NA,NA,NA,NA,NA,NA,NA,NA,NA,NA,NA,NA,NA,NA,NA,NA,NA,NA
"MiFish_0000878",20,"['AP011930', 'AP019603', 'KT600935', 'LC579334']","50368",0.994152046783626,"caccgcggttatacgagagacccaagttgttagcccccggcgtaaagagtggttaaaaacacaacattaaactgaggccgaacaccctcaaggcagttatacgctcccgagggcatgaagaacaattacgaaagtagcctcaccccatttgaacccacgaaagctagggcg","[300221, 342437]","Arothron","Eukaryota","Chordata","Actinopteri","Tetraodontiformes","Tetraodontidae","Arothron",NA,99.4,"d:Eukaryota,p:Chordata,c:Actinopteri,o:Tetraodontiformes,f:Tetraodontidae,g:Arothron,s:Arothron_hispidus","Eukaryota","Chordata","Actinopteri","Tetraodontiformes","Tetraodontidae","Arothron","Arothron hispidus",99.4,"local",FALSE,99.4,"local","Arothron hispidus","Eukaryota","Chordata","Actinopteri","Tetraodontiformes","Tetraodontidae","Arothron","Arothron hispidus","Eukaryota","Chordata","Actinopteri","Tetraodontiformes","Tetraodontidae","Arothron","Arothron hispidus","species","Arothron hispidus"
"MiFish_0000879",10,NA,"None",0,"caccgcggttatacgagaggcccaagttgactagcgctcggcgtaaagggtggttaatactttaattcactaaagccgaaccccctcccgactgtctaacgctttcgagggctggaagcacaactacgaaagtggctttaacaccttgaccccacgaaaactgtggca",NA,NA,NA,NA,NA,NA,NA,NA,NA,0,NA,NA,NA,NA,NA,NA,NA,NA,NA,"local",FALSE,NA,NA,NA,NA,NA,NA,NA,NA,NA,NA,NA,NA,NA,NA,NA,NA,NA,NA,NA
"MiFish_0000880",12,NA,"None",0,"caccgcggttatacgaaagacccaagctgatggtcaccggcgtaaagagtggttaagacagattataaactaaagccgaaagccatcacggctgtcatacgcatccgaaggtaagaagcccagttacgaaagtagctttacaacatctgaagccacgaaagctaggcca",NA,NA,NA,NA,NA,NA,NA,NA,NA,0,NA,NA,NA,NA,NA,NA,NA,NA,NA,"local",FALSE,NA,NA,NA,NA,NA,NA,NA,NA,NA,NA,NA,NA,NA,NA,NA,NA,NA,NA,NA
"MiFish_0000881",12,NA,"None",0,"taccgcggttatacgagaggcccaagttgataagcatcggcgtaaagagtggttatggttaaataaatactaaagctgaacacttacaaagctgttatacgctcccgaaaataagaagaacaactacggaagtggctttattacacccgaacccacgaaagccaaggca",NA,NA,NA,NA,NA,NA,NA,NA,NA,0,NA,NA,NA,NA,NA,NA,NA,NA,NA,"local",FALSE,NA,NA,NA,NA,NA,NA,NA,NA,NA,NA,NA,NA,NA,NA,NA,NA,NA,NA,NA
"MiFish_0000882",36,"['KF374975', 'KF374983', 'KF374984']","8190",0.976470588235294,"caccgcggttatacgagaggcccaagttgacagacacggcgtaaagagtggttaggtaacttaacaaactaaagccgaacgcccccaaggctgttatacgtgctcggaggtatgaagcccaactacgaaagtggctttaactatatctgaacccacgaaagctgtgaaa","[48194, 1229150]","Mugil","Eukaryota","Chordata","Actinopteri","Mugiliformes","Mugilidae","Mugil",NA,97.6,"d:Eukaryota,p:Chordata,c:Actinopteri,o:Mugiliformes,f:Mugilidae,g:Mugil,s:Mugil_thoburni","Eukaryota","Chordata","Actinopteri","Mugiliformes","Mugilidae","Mugil","Mugil thoburni",97.6,"local",FALSE,97.6,"local","Mugil thoburni","Eukaryota","Chordata","Actinopteri","Mugiliformes","Mugilidae","Mugil","Mugil thoburni","Eukaryota","Chordata","Actinopteri","Mugiliformes","Mugilidae","Mugil","Mugil thoburni","species","Mugil thoburni"
"MiFish_0000883",44,"['MW630253']","1350519",0.994285714285714,"caccgcggttatacgagaggcccaagttgacagacacggcgtaaagagtggttaggcaaccccctttctacacactaaagtcgaacgccctctaggctgttacacgctctatgaaggcaagaagccccaccacgaaagtgactttattctacctgactccacgaaagctgagata","[1350519]","Stegastes arcifrons","Eukaryota","Chordata","Actinopteri",NA,"Pomacentridae","Stegastes","Stegastes arcifrons",99.4,NA,NA,NA,NA,NA,NA,NA,NA,NA,"global",FALSE,99.4,"global","Stegastes arcifrons","Eukaryota","Chordata","Actinopteri",NA,"Pomacentridae","Stegastes","Stegastes arcifrons","Eukaryota","Chordata","Actinopteri",NA,"Pomacentridae","Stegastes","Stegastes arcifrons","species","Stegastes arcifrons"
"MiFish_0000884",18,"['OP537870', 'OP537871']","332418",0.965116279069768,"caccgcggttatacgagtagacccaagtcgatagcttccggcgtaaagcgtggttaaggcctaaatctaaactaaagttgaactccttcaagcaagtgaaatgatcatcgataaggagaagcccacctacgaaagtgactttacttaacctgaccccacgaaagctaaggca","[332418]","Eucinostomus melanopterus","Eukaryota","Chordata","Actinopteri","Gerreiformes","Gerreidae","Eucinostomus","Eucinostomus melanopterus",96.5,NA,NA,NA,NA,NA,NA,NA,NA,NA,"global",FALSE,96.5,"global","Eucinostomus melanopterus","Eukaryota","Chordata","Actinopteri","Gerreiformes","Gerreidae","Eucinostomus","Eucinostomus melanopterus","Eukaryota","Chordata","Actinopteri","Gerreiformes","Gerreidae","Eucinostomus",NA,"genus","Eucinostomus"
"MiFish_0000885",20,"['OP154136', 'JN182927']","40493",0.970414201183432,"caccgcggttatacgagaggcccaagttgacagacacggcgtaaagagtggttaagatttacccaaaactaaagccgaacgccctcagagctgttatacgcacccgagagttagaagcccaaccacgaaagtggctttaaacaatctgaacccacgaaagctatgata","[40494, 211834]","Lutjanus","Eukaryota","Chordata","Actinopteri","Lutjaniformes","Lutjanidae","Lutjanus",NA,97,NA,NA,NA,NA,NA,NA,NA,NA,NA,"global",FALSE,97,"global","Lutjanus","Eukaryota","Chordata","Actinopteri","Lutjaniformes","Lutjanidae","Lutjanus",NA,"Eukaryota","Chordata","Actinopteri","Lutjaniformes","Lutjanidae","Lutjanus",NA,"genus","Lutjanus"
"MiFish_0000886",12,NA,"None",0,"caccgcggttatacgaaagacccaagctgatggtcaccggcgtaaagagtggttaagacagattataaactaaagccgaaagccatcacggctgtcatacgcatccgaaggtaagaagcccagttacgaaagtagctttacaacatctgaatccacgaaagctaggcct",NA,NA,NA,NA,NA,NA,NA,NA,NA,0,NA,NA,NA,NA,NA,NA,NA,NA,NA,"local",FALSE,NA,NA,NA,NA,NA,NA,NA,NA,NA,NA,NA,NA,NA,NA,NA,NA,NA,NA,NA
"MiFish_0000887",12,NA,"None",0,"caccgcggttatacgagtaggcccaagtcgatagcttccggcgtaaagggtggttagaagaagactattactaaagccgaacgccctcaaggctgttatacgcatccgaaggtgagaagcccattcacgaaagtggctttataactttgaacccacgaaagctagggaa",NA,NA,NA,NA,NA,NA,NA,NA,NA,0,NA,NA,NA,NA,NA,NA,NA,NA,NA,"local",FALSE,NA,NA,NA,NA,NA,NA,NA,NA,NA,NA,NA,NA,NA,NA,NA,NA,NA,NA,NA
"MiFish_0000888",13,NA,"None",0,"cgccgcggttatacgagtaggctcaagtggatagaacgcggcgtaaagcgtggttaatagaatcttatactaaagccgaacgccctcaaagcagttatacgcattcgaaggtatgaagccccacgacgaaagtggctttaaacactatgattccacgaaagctatgata",NA,NA,NA,NA,NA,NA,NA,NA,NA,0,NA,NA,NA,NA,NA,NA,NA,NA,NA,"local",FALSE,NA,NA,NA,NA,NA,NA,NA,NA,NA,NA,NA,NA,NA,NA,NA,NA,NA,NA,NA
"MiFish_0000889",102,"['AF488509']","195598",0.976744186046512,"caccgcggttatacgagaggcccaagttgacagacagcggcgtaaagagtggttaggggaccaaatgtactaaagccgaaagccctcaaggctgtgatacgcctcttcgacggcacgaagacctactacgaaagtggctttacttcgcctgaccccacgaaagctgaggaa","[195598]","Bothus robinsi","Eukaryota","Chordata","Actinopteri","Pleuronectiformes","Bothidae","Bothus","Bothus robinsi",97.7,NA,NA,NA,NA,NA,NA,NA,NA,NA,"global",FALSE,97.7,"global","Bothus robinsi","Eukaryota","Chordata","Actinopteri","Pleuronectiformes","Bothidae","Bothus","Bothus robinsi","Eukaryota","Chordata","Actinopteri","Pleuronectiformes","Bothidae","Bothus",NA,"genus","Bothus"
"MiFish_0000890",10,NA,"None",0,"cgccgcggttatacgagtaggctcaagtggatagaacgcggcgtaaagcgtggttaatagaatcttatactaaagccgaacgccctcaaagcagttatacgcattcgaaggtatgaagccccacgacgaaagtggctttaaacactatgattccacgaaagctaggaca",NA,NA,NA,NA,NA,NA,NA,NA,NA,0,NA,NA,NA,NA,NA,NA,NA,NA,NA,"local",FALSE,NA,NA,NA,NA,NA,NA,NA,NA,NA,NA,NA,NA,NA,NA,NA,NA,NA,NA,NA
"MiFish_0000891",36,NA,"None",0,"cgccgcggttatacgagtaggctcaagtggatagaacgcggcgtaaagcgtggttaatagaatcttatactaaagccgaacgccctcaaagcagttatacgcattcgaaggtatgaagccccacgacgaaagtggctttaaacactatgattccatgaaagctagggaa",NA,NA,NA,NA,NA,NA,NA,NA,NA,0,NA,NA,NA,NA,NA,NA,NA,NA,NA,"local",FALSE,NA,NA,NA,NA,NA,NA,NA,NA,NA,NA,NA,NA,NA,NA,NA,NA,NA,NA,NA
"MiFish_0000892",26,NA,"None",0,"caccgcggttatacgagaggcccaagttgataagcatcggcgtaaagagtggttatggttaaataaatactaaagctgaacacttacaaagctgttatacgctcccgaaaataagaagaacaactacgaaagtggctttattacacccgaacccacgaaagccaaggca",NA,NA,NA,NA,NA,NA,NA,NA,NA,0,NA,NA,NA,NA,NA,NA,NA,NA,NA,"local",FALSE,NA,NA,NA,NA,NA,NA,NA,NA,NA,NA,NA,NA,NA,NA,NA,NA,NA,NA,NA
"MiFish_0000893",14,"['MW630253']","1350519",0.982954545454545,"cgccgcggttatacgagtaggctcaagttgacagacacggcgtaaagagtggttaggcaaccccctttctacacactaaagtcgaacgccctctaggctgttatacgctctatgaaggcaagaagccccaccacgaaagtgactttattctacctgactccacgaaagctgagata","[1350519]","Stegastes arcifrons","Eukaryota","Chordata","Actinopteri",NA,"Pomacentridae","Stegastes","Stegastes arcifrons",98.3,NA,NA,NA,NA,NA,NA,NA,NA,NA,"global",FALSE,98.3,"global","Stegastes arcifrons","Eukaryota","Chordata","Actinopteri",NA,"Pomacentridae","Stegastes","Stegastes arcifrons","Eukaryota","Chordata","Actinopteri",NA,"Pomacentridae","Stegastes","Stegastes arcifrons","species","Stegastes arcifrons"
"MiFish_0000894",17,NA,"None",0,"caccgcggttatacgagaggcccaagttgataagcccggcgtaaagagtggttatggatgaaccccacactaaagctaaagaccccctaggctgttatacgcacctgggggctcaaaccgcctatacgaaagtagctttactcccttccaccagaacccacgacagctggggca",NA,NA,NA,NA,NA,NA,NA,NA,NA,0,NA,NA,NA,NA,NA,NA,NA,NA,NA,"local",FALSE,NA,NA,NA,NA,NA,NA,NA,NA,NA,NA,NA,NA,NA,NA,NA,NA,NA,NA,NA
"MiFish_0000895",12,"['MW630253']","1350519",0.988571428571428,"caccgcggttatacgagaggcccaagttgacagacacggcgtaaagagtggttaggcaaccccctttctacacactaaagtcgaacgccctctaggctgttatacgctctatgaaggcaagaagccccaccacgaaagtgactttattctacctgactccacgaaagctgtgaaa","[1350519]","Stegastes arcifrons","Eukaryota","Chordata","Actinopteri",NA,"Pomacentridae","Stegastes","Stegastes arcifrons",98.9,NA,NA,NA,NA,NA,NA,NA,NA,NA,"global",FALSE,98.9,"global","Stegastes arcifrons","Eukaryota","Chordata","Actinopteri",NA,"Pomacentridae","Stegastes","Stegastes arcifrons","Eukaryota","Chordata","Actinopteri",NA,"Pomacentridae","Stegastes","Stegastes arcifrons","species","Stegastes arcifrons"
"MiFish_0000896",22,"['AP011930', 'AP019603', 'KT600935', 'LC579334']","50368",0.994152046783626,"caccgcggttatacgagaggcccaagttgttagcccccggcgtaaagagtggttaaaaacacaacattaaactgaggccgaacaccctcaaggcagttatacgctcccgagggcatgaagaacaattacgaaagtagcctcaccccatttgaacccacgaaagctagggca","[300221, 342437]","Arothron","Eukaryota","Chordata","Actinopteri","Tetraodontiformes","Tetraodontidae","Arothron",NA,99.4,"d:Eukaryota,p:Chordata,c:Actinopteri,o:Tetraodontiformes,f:Tetraodontidae,g:Arothron,s:Arothron_hispidus","Eukaryota","Chordata","Actinopteri","Tetraodontiformes","Tetraodontidae","Arothron","Arothron hispidus",99.4,"local",FALSE,99.4,"local","Arothron hispidus","Eukaryota","Chordata","Actinopteri","Tetraodontiformes","Tetraodontidae","Arothron","Arothron hispidus","Eukaryota","Chordata","Actinopteri","Tetraodontiformes","Tetraodontidae","Arothron","Arothron hispidus","species","Arothron hispidus"
"MiFish_0000897",25,NA,"None",0,"caccgcggttatacgagaggcccaagttgatagacgccggcgcaaagagtggttaggtaacttaacaaactaaagccgaacgcccccaaggctgttatacgtgctcggaggtatgaagccccacgacgaaagtggctttaaacactatgattccacgaaagctagggaa",NA,NA,NA,NA,NA,NA,NA,NA,NA,0,NA,NA,NA,NA,NA,NA,NA,NA,NA,"local",FALSE,NA,NA,NA,NA,NA,NA,NA,NA,NA,NA,NA,NA,NA,NA,NA,NA,NA,NA,NA
"MiFish_0000898",16,NA,"None",0,"cgccgcggttatacgagtaggctcaagtggatagaacgcggcgtaaagcgtggttaatagaatcttatactaaagccgaacgccctcaaagcagttatacgcattcgaaggtatgaagccccacgacgaaagtggctttaaacactatgattccacgaaagctgagata",NA,NA,NA,NA,NA,NA,NA,NA,NA,0,NA,NA,NA,NA,NA,NA,NA,NA,NA,"local",FALSE,NA,NA,NA,NA,NA,NA,NA,NA,NA,NA,NA,NA,NA,NA,NA,NA,NA,NA,NA
"MiFish_0000899",76,NA,"None",0,"caccgcggttatacgagaggcccaagatgacagaccctcggcgtaaagagtggttagaataaaatgaaactaaagccgaatgttttccaaactgttatacgtactcgagaactagaagcacccctacgaaagtggctttactattttgaatccacgaaagctatggca",NA,NA,NA,NA,NA,NA,NA,NA,NA,0,NA,NA,NA,NA,NA,NA,NA,NA,NA,"local",FALSE,NA,NA,NA,NA,NA,NA,NA,NA,NA,NA,NA,NA,NA,NA,NA,NA,NA,NA,NA
"MiFish_0000900",10,NA,"None",0,"caccgcggttatacgagaagcctaagttgatagacatcggcgtaaagagtggttagggaagacataaactaaagccgaacaccttcaaagctgttatacgctaacgaaggtaggaagcccccctacgaaagtggctttaaatttcctgactccacgaaagctgaggta",NA,NA,NA,NA,NA,NA,NA,NA,NA,0,NA,NA,NA,NA,NA,NA,NA,NA,NA,"local",FALSE,NA,NA,NA,NA,NA,NA,NA,NA,NA,NA,NA,NA,NA,NA,NA,NA,NA,NA,NA
"MiFish_0000901",12,"['MW630236', 'FJ616297']","36216",0.994082840236686,"caccgcggttatacgagaggctcaagttgacagacaacggcgtaaagagtggttaaggaactccccaaactaaagtcgaacgccctcagaactgttatacgtttccgagggtaagaagccccactacgaaagtgactttatctcccctgactccacgaaagctgcgaaa","[36216]","Abudefduf taurus","Eukaryota","Chordata","Actinopteri",NA,"Pomacentridae","Abudefduf","Abudefduf taurus",99.4,NA,NA,NA,NA,NA,NA,NA,NA,NA,"global",FALSE,99.4,"global","Abudefduf taurus","Eukaryota","Chordata","Actinopteri",NA,"Pomacentridae","Abudefduf","Abudefduf taurus","Eukaryota","Chordata","Actinopteri",NA,"Pomacentridae","Abudefduf",NA,"genus","Abudefduf"
"MiFish_0000902",261,NA,"None",0,"caccgcggttatacgagaggcccaagttgataatatccggcgtaaagtgtggttaaggaaccccaacaactagactaaagtcaaacgcctccaaagccgttatacgcacctggcggcatgaagcacagttacaaaagtaactttaacatctccccgaacccacgaaatctaagaca",NA,NA,NA,NA,NA,NA,NA,NA,NA,0,NA,NA,NA,NA,NA,NA,NA,NA,NA,"local",FALSE,NA,NA,NA,NA,NA,NA,NA,NA,NA,NA,NA,NA,NA,NA,NA,NA,NA,NA,NA
"MiFish_0000903",63,"['MW151695', 'JX242927']","473458",1,"aaccgcggttatacgagaggcccaaattgataaatcacggcgtaaagtgtgattagagacaaaaccgaactagaaccaaataccccttatgcagtcatacgccatgggggtcacgaagaccaacaacgaaggtggttctacaaaacttgaactcacgacagctaggaca","[473458]","Gymnothorax meleagris","Eukaryota","Chordata","Actinopteri","Anguilliformes","Muraenidae","Gymnothorax","Gymnothorax meleagris",100,"d:Eukaryota,p:Chordata,c:Actinopteri,o:Anguilliformes,f:Muraenidae,g:Gymnothorax,s:Gymnothorax_buroensis","Eukaryota","Chordata","Actinopteri","Anguilliformes","Muraenidae","Gymnothorax","Gymnothorax buroensis",95.3,"global",TRUE,100,"global_lca_to_local","Gymnothorax","Eukaryota","Chordata","Actinopteri","Anguilliformes","Muraenidae","Gymnothorax",NA,"Eukaryota","Chordata","Actinopteri","Anguilliformes","Muraenidae","Gymnothorax",NA,"genus","Gymnothorax"
"MiFish_0000904",34,"['KY815278']","435274",0.994082840236686,"caccgcggttatacgagaggcccaagttgacagctaccggcgtaaagcgtggttaaggttgaatcaaaaactaaagtcgaactccttcaaggccgtttaacgtgttcgaaacggagaagcccaactacgaaagtgactttacctgcctgacctcacgaaagctatggca","[435274]","Gerres cinereus","Eukaryota","Chordata","Actinopteri","Gerreiformes","Gerreidae","Gerres","Gerres cinereus",99.4,NA,NA,NA,NA,NA,NA,NA,NA,NA,"global",FALSE,99.4,"global","Gerres cinereus","Eukaryota","Chordata","Actinopteri","Gerreiformes","Gerreidae","Gerres","Gerres cinereus","Eukaryota","Chordata","Actinopteri","Gerreiformes","Gerreidae","Gerres","Gerres cinereus","species","Gerres cinereus"
"MiFish_0000905",29,NA,"None",0,"cgccgcggttatacgaggggctcaagtcgacgggcaccggcgtaaagggtggttaagataaattgctctagaggaaaacgccttccaaactgttatacgcccccgaaggtaagaaaaacctgcacgaaagcccctctaacaagtctgaacccacgacagctttggta",NA,NA,NA,NA,NA,NA,NA,NA,NA,0,NA,NA,NA,NA,NA,NA,NA,NA,NA,"local",FALSE,NA,NA,NA,NA,NA,NA,NA,NA,NA,NA,NA,NA,NA,NA,NA,NA,NA,NA,NA
"MiFish_0000906",14,NA,"None",0,"caccgcggtcacacgattaacccaagtcaatagaaaccggcgtaaagagtgttttagatcaccccctccccaataaagctaaaactcacctgagttgtaaaaaactccagttgacacaaaatagactacaaaagtggctttaacatatctgaacacacaatagctaagacc",NA,NA,NA,NA,NA,NA,NA,NA,NA,0,NA,NA,NA,NA,NA,NA,NA,NA,NA,"local",FALSE,NA,NA,NA,NA,NA,NA,NA,NA,NA,NA,NA,NA,NA,NA,NA,NA,NA,NA,NA
"MiFish_0000907",12,NA,"None",0,"caccgcggttatacgagaggcccaagttgatagacgccggcgcaaagagtggttaggtaacttaacaaactaaagccgaacgcccccaaggctgttatacgcattcgaaggtatgaagccccacgacgaaagtggctttaaacactatgattccacgaaagctagggaa",NA,NA,NA,NA,NA,NA,NA,NA,NA,0,NA,NA,NA,NA,NA,NA,NA,NA,NA,"local",FALSE,NA,NA,NA,NA,NA,NA,NA,NA,NA,NA,NA,NA,NA,NA,NA,NA,NA,NA,NA
"MiFish_0000908",11,NA,"None",0,"gggacgataagacctatagagctttacctaaacttcaatattccaagtaaaggtttagttggggcaactagagagaatctaaaacctctcttttcaaaaacttatacttgatccgttatacgatcagcagagaaagcta",NA,NA,NA,NA,NA,NA,NA,NA,NA,0,NA,NA,NA,NA,NA,NA,NA,NA,NA,"local",FALSE,NA,NA,NA,NA,NA,NA,NA,NA,NA,NA,NA,NA,NA,NA,NA,NA,NA,NA,NA
"MiFish_0000909",32,"['MW630253']","1350519",0.994285714285714,"caccgcggttatacgagaggcccaagttgacagacacggcgtaaagagtggttaggcaaccccctttctacacactaaagtcgaacgccctctaggctgttatacgctctatgaagacaagaagccccaccacgaaagtgactttattctacctgactccacgaaagctgagata","[1350519]","Stegastes arcifrons","Eukaryota","Chordata","Actinopteri",NA,"Pomacentridae","Stegastes","Stegastes arcifrons",99.4,NA,NA,NA,NA,NA,NA,NA,NA,NA,"global",FALSE,99.4,"global","Stegastes arcifrons","Eukaryota","Chordata","Actinopteri",NA,"Pomacentridae","Stegastes","Stegastes arcifrons","Eukaryota","Chordata","Actinopteri",NA,"Pomacentridae","Stegastes","Stegastes arcifrons","species","Stegastes arcifrons"
"MiFish_0000910",11,NA,"None",0,"caccgcggttatacgaggggcccaagctgatatttaccggcgtaaagagtggttaagatttatcaaagactaaagccgaaaacccccacagctgttatacgcacccggaggaaagaagcccaattacgaaagtggctttacaatatctgaacccacgaaagctagggta",NA,NA,NA,NA,NA,NA,NA,NA,NA,0,NA,NA,NA,NA,NA,NA,NA,NA,NA,"local",FALSE,NA,NA,NA,NA,NA,NA,NA,NA,NA,NA,NA,NA,NA,NA,NA,NA,NA,NA,NA
"MiFish_0000911",44,"['MW630253']","1350519",0.994285714285714,"caccgcggttatacgagaggtccaagttgacagacacggcgtaaagagtggttaggcaaccccctttctacacactaaagtcgaacgccctctaggctgttatacgctctatgaaggcaagaagccccaccacgaaagtgactttattctacctgactccacgaaagctgagata","[1350519]","Stegastes arcifrons","Eukaryota","Chordata","Actinopteri",NA,"Pomacentridae","Stegastes","Stegastes arcifrons",99.4,NA,NA,NA,NA,NA,NA,NA,NA,NA,"global",FALSE,99.4,"global","Stegastes arcifrons","Eukaryota","Chordata","Actinopteri",NA,"Pomacentridae","Stegastes","Stegastes arcifrons","Eukaryota","Chordata","Actinopteri",NA,"Pomacentridae","Stegastes","Stegastes arcifrons","species","Stegastes arcifrons"
"MiFish_0000912",24,"['AB054133', 'AF417345']","29144",0.994318181818182,"caccgcggttatacgagaggctctagttgacgaactacggcgtaaagcgtggtcacggagagcaatcaatactaaagccaaacgcctcccaggctgtcatacgcatccggaggtacgaagcccaataacgaaagtagctttattaccgccaacctgaccccacgacaactgagaa","[29144]","Chanos chanos","Eukaryota","Chordata","Actinopteri","Gonorynchiformes","Chanidae","Chanos","Chanos chanos",99.4,NA,NA,NA,NA,NA,NA,NA,NA,NA,"global",FALSE,99.4,"global","Chanos chanos","Eukaryota","Chordata","Actinopteri","Gonorynchiformes","Chanidae","Chanos","Chanos chanos","Eukaryota","Chordata","Actinopteri","Gonorynchiformes","Chanidae","Chanos","Chanos chanos","species","Chanos chanos"
"MiFish_0000913",14,NA,"None",0,"caccgcggttatacgagaggctcaagttgatagaccccggcgtaaagagtggttaagaccacaaacccaaacactaaagccgaactacctcaaagctgttatacgcatccgaaagttagaagtacaactacgaaggtggctttaatttaacctgaacccacgaaagcaaagaca",NA,NA,NA,NA,NA,NA,NA,NA,NA,0,NA,NA,NA,NA,NA,NA,NA,NA,NA,"local",FALSE,NA,NA,NA,NA,NA,NA,NA,NA,NA,NA,NA,NA,NA,NA,NA,NA,NA,NA,NA
"MiFish_0000914",19,"['KF374983', 'KF374984']","1229150",0.982456140350877,"caccgcggttatacgagaggcccaagttgatagacgccggcgcaaagagtggttaggtaacttaacaaactaaagccgaacgcccccaaggctgttatacgtgctcggaggtatgaagcccaactacgaaagtggctttaactatatctgaacccacgaaagctagggaa","[1229150]","Mugil thoburni","Eukaryota","Chordata","Actinopteri","Mugiliformes","Mugilidae","Mugil","Mugil thoburni",98.2,"d:Eukaryota,p:Chordata,c:Actinopteri,o:Mugiliformes,f:Mugilidae,g:Mugil,s:Mugil_thoburni","Eukaryota","Chordata","Actinopteri","Mugiliformes","Mugilidae","Mugil","Mugil thoburni",98.2,"local",FALSE,98.2,"local","Mugil thoburni","Eukaryota","Chordata","Actinopteri","Mugiliformes","Mugilidae","Mugil","Mugil thoburni","Eukaryota","Chordata","Actinopteri","Mugiliformes","Mugilidae","Mugil","Mugil thoburni","species","Mugil thoburni"
"MiFish_0000915",70,NA,"None",0,"caccgcggtcacacgattaacccaagtcaatagaaaccggcgtaaagagtgttttagatcaattcccctcaataaagctaaaattcacctgagttgtaaaaaactccagttgatacaaaataaactacgaaagtggctttaacgcatctgaacacacaatagctaagacc",NA,NA,NA,NA,NA,NA,NA,NA,NA,0,NA,NA,NA,NA,NA,NA,NA,NA,NA,"local",FALSE,NA,NA,NA,NA,NA,NA,NA,NA,NA,NA,NA,NA,NA,NA,NA,NA,NA,NA,NA
"MiFish_0000916",10,NA,"None",0,"caccgcggttatacgagaggcccaagttgataagcccggcgtaaagagtggttatggcctaaatctaaactaaagttgaactccttcaagcaagtgaaatgatcatcgataaggagaagcccacctacgaaagtgactttacttaacctgaccccacgaaagctaaggca",NA,NA,NA,NA,NA,NA,NA,NA,NA,0,NA,NA,NA,NA,NA,NA,NA,NA,NA,"local",FALSE,NA,NA,NA,NA,NA,NA,NA,NA,NA,NA,NA,NA,NA,NA,NA,NA,NA,NA,NA
"MiFish_0000917",11,NA,"None",0,"caccgcggttatacgagaggctcaagtttacagaggacggcgtaaagagtggttaatggttattagactaaagctaaacaccttccaggccgttatacgcacctgaaggcaggaaaccccacaacgaaagtggctttaaacaactatgaccccacgaaagctaggaaa",NA,NA,NA,NA,NA,NA,NA,NA,NA,0,NA,NA,NA,NA,NA,NA,NA,NA,NA,"local",FALSE,NA,NA,NA,NA,NA,NA,NA,NA,NA,NA,NA,NA,NA,NA,NA,NA,NA,NA,NA
"MiFish_0000918",17,"['MW630254']","1350520",0.994285714285714,"caccgcggttatacgagaggctcaagttgacagacacggcgtaaagagtggttaggcaaccccctccctacacactaaagtcgaacgccctcagggcagttatacgcgctacgaaggtaagaagctcctccacgaaagtgactttactccacctgactccacgaaagctgagat","[1350520]","Stegastes beebei","Eukaryota","Chordata","Actinopteri",NA,"Pomacentridae","Stegastes","Stegastes beebei",99.4,NA,NA,NA,NA,NA,NA,NA,NA,NA,"global",FALSE,99.4,"global","Stegastes beebei","Eukaryota","Chordata","Actinopteri",NA,"Pomacentridae","Stegastes","Stegastes beebei","Eukaryota","Chordata","Actinopteri",NA,"Pomacentridae","Stegastes","Stegastes beebei","species","Stegastes beebei"
"MiFish_0000919",17,"['MW630236', 'FJ616297']","36216",0.994082840236686,"caccgcggttatacgagaggctcaagttgacagacaacggcgtaaagagtggttaaggaactccccaaactaaggtcgaacgccctcagaactgttatacgtttccgaaggtaagaagccccactacgaaagtgactttatctcccctgactccacgaaagctgcgaaa","[36216]","Abudefduf taurus","Eukaryota","Chordata","Actinopteri",NA,"Pomacentridae","Abudefduf","Abudefduf taurus",99.4,NA,NA,NA,NA,NA,NA,NA,NA,NA,"global",FALSE,99.4,"global","Abudefduf taurus","Eukaryota","Chordata","Actinopteri",NA,"Pomacentridae","Abudefduf","Abudefduf taurus","Eukaryota","Chordata","Actinopteri",NA,"Pomacentridae","Abudefduf",NA,"genus","Abudefduf"
"MiFish_0000920",50,"['KF374976']","48193",0.988304093567252,"caccgcggttatacgaaagacccaagctgatagatgtcggcgtaaagagtggttaagtatcttgatagaactaaagccgaacgccctcaagaccgttatacgttcccgaaggtatgaagctcaactacgaaagtaactttaactatatctgattccacgaaagctgtgaaa","[48193]","Mugil cephalus","Eukaryota","Chordata","Actinopteri","Mugiliformes","Mugilidae","Mugil","Mugil cephalus",98.8,"d:Eukaryota,p:Chordata,c:Actinopteri,o:Mugiliformes,f:Mugilidae,g:Mugil,s:Mugil_cephalus","Eukaryota","Chordata","Actinopteri","Mugiliformes","Mugilidae","Mugil","Mugil cephalus",98.8,"local",FALSE,98.8,"local","Mugil cephalus","Eukaryota","Chordata","Actinopteri","Mugiliformes","Mugilidae","Mugil","Mugil cephalus","Eukaryota","Chordata","Actinopteri","Mugiliformes","Mugilidae","Mugil","Mugil cephalus","species","Mugil cephalus"
"MiFish_0000921",23,NA,"None",0,"gggacgaaagaccctataaagcttgatattaggaaacactaaccttaattttgagattataaaggtttagtgtggagcttttattatattggggcgatagaagtaaaatggttagtaactgcttcttttttagacaaaaataagtgagtgagaaagtaaaggatcctttgtgaagatttaaagaataagtta",NA,NA,NA,NA,NA,NA,NA,NA,NA,0,NA,NA,NA,NA,NA,NA,NA,NA,NA,"local",FALSE,NA,NA,NA,NA,NA,NA,NA,NA,NA,NA,NA,NA,NA,NA,NA,NA,NA,NA,NA
"MiFish_0000922",31,NA,"None",0,"agccgcggtaagacgaaccgtacgaacgttattcggaattactgggcttaaagggtgcgtaggctgcacggaaagttgggtgtgaaagccctcagctcaactgaggaattgcatccaaaactgccgtgcttgagggagacagaggtgagcggaactcaaggtggagcggtgaaatgcgttgatatcttgaggaacaccggtggcgaaagcggctcactgggtctcttctgacgctgaggcacgaaagctaaggtag",NA,NA,NA,NA,NA,NA,NA,NA,NA,0,NA,NA,NA,NA,NA,NA,NA,NA,NA,"local",FALSE,NA,NA,NA,NA,NA,NA,NA,NA,NA,NA,NA,NA,NA,NA,NA,NA,NA,NA,NA
"MiFish_0000923",16,NA,"None",0,"agccgcggtaatacggagggtgcaagcgttaatcggaattactgggcgtaaagcgcgcgtaggcggttttttaagtcggatgtgaaagccccgggctcaacctgggaactgcatccgatactggatcactagaatgcgggagagggaggtagaattccatgtgtagcagtgaaatgcgtagatatatggaggaataccagtggtgaaggcggcctcctggctcgacattgacgctgaggtgcgaaagcgtggggag",NA,NA,NA,NA,NA,NA,NA,NA,NA,0,NA,NA,NA,NA,NA,NA,NA,NA,NA,"local",FALSE,NA,NA,NA,NA,NA,NA,NA,NA,NA,NA,NA,NA,NA,NA,NA,NA,NA,NA,NA
"MiFish_0000924",14,NA,"None",0,"caccgcggttatacgagaggcccaagttgaccgacactcggcgtaaagagtggttaaaagaacctaaaactaaagccgaacgccctcactactgttatacgttttcgagggtaagaggccctactacgaaagtggctttactaacattgaccccacgaaagctgtgaaa",NA,NA,NA,NA,NA,NA,NA,NA,NA,0,NA,NA,NA,NA,NA,NA,NA,NA,NA,"local",FALSE,NA,NA,NA,NA,NA,NA,NA,NA,NA,NA,NA,NA,NA,NA,NA,NA,NA,NA,NA
"MiFish_0000925",41,"['AB054133', 'AF417345']","29144",0.994318181818182,"caccgcggttatacgagaggctctagttgacgaactacggcgtaaagcgtggtcacggagagcagtcaatactaaagccaaacgcctcccaggctgtcatacgcatccggaggtacgaagcccaataacgaaagtagctttattaccgccaacctgaccccacgacaactgagaaa","[29144]","Chanos chanos","Eukaryota","Chordata","Actinopteri","Gonorynchiformes","Chanidae","Chanos","Chanos chanos",99.4,NA,NA,NA,NA,NA,NA,NA,NA,NA,"global",FALSE,99.4,"global","Chanos chanos","Eukaryota","Chordata","Actinopteri","Gonorynchiformes","Chanidae","Chanos","Chanos chanos","Eukaryota","Chordata","Actinopteri","Gonorynchiformes","Chanidae","Chanos","Chanos chanos","species","Chanos chanos"
"MiFish_0000926",11,NA,"None",0,"caccgtggttatacgagaggcccaagttgaccgacactcggcgtaaagagtggttaaaagaacctaaaactaaagccgaacgccctcactactgttatacgttttcgagggtaagaagccctactacgaaagtggctttactaacattgaccccacgaaagctgtgaaa",NA,NA,NA,NA,NA,NA,NA,NA,NA,0,NA,NA,NA,NA,NA,NA,NA,NA,NA,"local",FALSE,NA,NA,NA,NA,NA,NA,NA,NA,NA,NA,NA,NA,NA,NA,NA,NA,NA,NA,NA
"MiFish_0000927",24,NA,"None",0,"agccgcggtaatacggagggtgcaagcgttaatcggaattactgggcgtaaagcgcgcgtaggcggttttttaagtcggatgtgaaagccccgggctcaacctgggaactgcatccgatactggatcactagaatgcgggagagggaggtagaattccgtgtgtagcagtgaaatgcgtagatatatggaggaataccagtggcgaaggcggcctcctggctcgacattgacgctgaggtgcgaaagcgtggggag",NA,NA,NA,NA,NA,NA,NA,NA,NA,0,NA,NA,NA,NA,NA,NA,NA,NA,NA,"local",FALSE,NA,NA,NA,NA,NA,NA,NA,NA,NA,NA,NA,NA,NA,NA,NA,NA,NA,NA,NA
"MiFish_0000928",37,NA,"None",0,"caccgcggttatacgagaggcccaagttgaccgacactcggcgtaaagagtggttaaaagaacctaaaactaaagccgaacgccctcactactgttatacgttttcgagggtaagaagccctactacgaaagtggctttactaacattgaccccacgaaagctgtgaag",NA,NA,NA,NA,NA,NA,NA,NA,NA,0,NA,NA,NA,NA,NA,NA,NA,NA,NA,"local",FALSE,NA,NA,NA,NA,NA,NA,NA,NA,NA,NA,NA,NA,NA,NA,NA,NA,NA,NA,NA
"MiFish_0000929",15,NA,"None",0,"caccgcggttatacgagaggcccaagatgacagaccctcggcgtaaagagtggttagaataaaatgaaactagagccgaatgttttctaaactgttatacgtactcgagaactagaagcacccctacgaaagtggctttactattttgaatccacgaaagctatggca",NA,NA,NA,NA,NA,NA,NA,NA,NA,0,NA,NA,NA,NA,NA,NA,NA,NA,NA,"local",FALSE,NA,NA,NA,NA,NA,NA,NA,NA,NA,NA,NA,NA,NA,NA,NA,NA,NA,NA,NA
"MiFish_0000930",44,NA,"None",0,"agccgcggtaatacggagggtgcaagcgttaatcggaattactgggcgtaaagcgcgcgtaggcggttttttaagtcggatgtgaaagccccgggctcaacctgggaactgcatccgatactggatcactagaatgcgggagagggaggtagaattccatgtgtagcagtgaaatgcgtagatatatggaggaataccagtggcgaaggcggccccctggctcgacattgacgctgaggtgcgaaagcgtggggag",NA,NA,NA,NA,NA,NA,NA,NA,NA,0,NA,NA,NA,NA,NA,NA,NA,NA,NA,"local",FALSE,NA,NA,NA,NA,NA,NA,NA,NA,NA,NA,NA,NA,NA,NA,NA,NA,NA,NA,NA
"MiFish_0000931",328,NA,"None",0,"agccgcggttacaccagggacccaagttgacagactcacggcataaagggtggtcaacagaatattaaactaaagccaaacacccctaaggctgtcatacgcaatttagggacaggaagatcgttcacgaaagtagctttaaacactgcgaaccacgaaagccagggaa",NA,NA,NA,NA,NA,NA,NA,NA,NA,0,NA,NA,NA,NA,NA,NA,NA,NA,NA,"local",FALSE,NA,NA,NA,NA,NA,NA,NA,NA,NA,NA,NA,NA,NA,NA,NA,NA,NA,NA,NA
"MiFish_0000932",1222,NA,"None",0,"aaccgcggttatacgagaggcccaaatcgacgtatcacggcgtaaagtgtgattagagactaaataaaactaaagccgaatgccccttatgctgtcatacgccatgggggttacgaagcccaacagcgaaagtggctttataaatcttgagctcacgacagctaaggca",NA,NA,NA,NA,NA,NA,NA,NA,NA,0,NA,NA,NA,NA,NA,NA,NA,NA,NA,"local",FALSE,NA,NA,NA,NA,NA,NA,NA,NA,NA,NA,NA,NA,NA,NA,NA,NA,NA,NA,NA
"MiFish_0000933",118,"['ON000317', 'HM447240']","30870",0.952380952380952,"caccgcggttatacgagaggcccaagttgatagtcaacggcgtaaagagtggttagaaggagcccgttactaaagccgaacgccctcaaggctgttatacgcatccgaaggtgagaagctcatccacgaaagtggctttacaaccttgaatccacgaaagctacgaaa","[172269, 240162]","Sciaenidae","Eukaryota","Chordata","Actinopteri",NA,"Sciaenidae",NA,NA,95.2,NA,NA,NA,NA,NA,NA,NA,NA,NA,"global",FALSE,95.2,"global","Sciaenidae","Eukaryota","Chordata","Actinopteri",NA,"Sciaenidae",NA,NA,"Eukaryota","Chordata","Actinopteri",NA,"Sciaenidae",NA,NA,"family","Sciaenidae"
"MiFish_0000934",115,NA,"None",0,"caccgcggttatacgagaggctcaagtttacagaagacggcgtaaagagtggttaatggttattagactagagctaaacaccttccaggccgttatacgcacctgaaggcaggaaaccccacaacgaaagtggctttaaacaactatgacgccacgaaagctaggaaa",NA,NA,NA,NA,NA,NA,NA,NA,NA,0,NA,NA,NA,NA,NA,NA,NA,NA,NA,"local",FALSE,NA,NA,NA,NA,NA,NA,NA,NA,NA,NA,NA,NA,NA,NA,NA,NA,NA,NA,NA
"MiFish_0000935",173,"['LC698778', 'MG255111']","211834",0.970414201183432,"caccgcggttatacgagagacccgagttgatagacaccggcgtaaagagtggttaagacttatttaacactaaagccgaacgccctcaaagctgttatacgcacccgagggtaagaagcccaactacgaaagtggctttaaactatccgaatccacgaaagctatgaca","[211834]","Lutjanus argentimaculatus","Eukaryota","Chordata","Actinopteri","Lutjaniformes","Lutjanidae","Lutjanus","Lutjanus argentimaculatus",97,NA,NA,NA,NA,NA,NA,NA,NA,NA,"global",FALSE,97,"global","Lutjanus argentimaculatus","Eukaryota","Chordata","Actinopteri","Lutjaniformes","Lutjanidae","Lutjanus","Lutjanus argentimaculatus","Eukaryota","Chordata","Actinopteri","Lutjaniformes","Lutjanidae","Lutjanus",NA,"genus","Lutjanus"
"MiFish_0000936",70,NA,"None",0,"caccgcggttacacgagtggctcaagctgatagacaacggcgtaaagcgtggttaaggaaacatgaccaaactagagccgaacattttcagggccgtaacaggctttacgagattttgaagatcaataacgaaagtagctttacacccttcccgaacccacgaaagctaagaaa",NA,NA,NA,NA,NA,NA,NA,NA,NA,0,NA,NA,NA,NA,NA,NA,NA,NA,NA,"local",FALSE,NA,NA,NA,NA,NA,NA,NA,NA,NA,NA,NA,NA,NA,NA,NA,NA,NA,NA,NA
"MiFish_0000937",21,"['OP035230']","722560",0.964705882352941,"caccgcggttatacgaggggcccaagttgttggaagtcggcgtaaagggtggttaagaataaactcaagattaaagtcgaacgccttccgggctgttatacgcttccgaaggtaagaggctcaattacgaaagtagctttatattttctgaacccacgaaagctaaggca","[722560]","Archosargus rhomboidalis","Eukaryota","Chordata","Actinopteri","Spariformes","Sparidae","Archosargus","Archosargus rhomboidalis",96.5,NA,NA,NA,NA,NA,NA,NA,NA,NA,"global",FALSE,96.5,"global","Archosargus rhomboidalis","Eukaryota","Chordata","Actinopteri","Spariformes","Sparidae","Archosargus","Archosargus rhomboidalis","Eukaryota","Chordata","Actinopteri","Spariformes","Sparidae",NA,NA,"family","Sparidae"
"MiFish_0000938",56,NA,"None",0,"agccgcggtaatacggaggatgcaagtgttatccggaatcactgggcgtaaagcgtctgtaggtggtttaataagtcaactgttaaatcttgaggctcaacttcaaaatcgcagtcgaaactattagactagagtatagtaggggtaaagggaatttccagtggagcggtgaaatgcgtagagattggaaagaacaccgatggcgaaggcactttactgggctattactgacactcagagacgaaagctagggtag",NA,NA,NA,NA,NA,NA,NA,NA,NA,0,NA,NA,NA,NA,NA,NA,NA,NA,NA,"local",FALSE,NA,NA,NA,NA,NA,NA,NA,NA,NA,NA,NA,NA,NA,NA,NA,NA,NA,NA,NA
"MiFish_0000939",30,NA,"None",0,"caccgcggttatacgaaagacccaagctgatggtcaccggcgtaaagagtggttaagacagattataaactaaagccgaaagccatcacggctgtcgtacgcatccgaaggtaagaagcccagttacgaaagtagctttacaacatctgaatccacgaaagctaggcca",NA,NA,NA,NA,NA,NA,NA,NA,NA,0,NA,NA,NA,NA,NA,NA,NA,NA,NA,"local",FALSE,NA,NA,NA,NA,NA,NA,NA,NA,NA,NA,NA,NA,NA,NA,NA,NA,NA,NA,NA
"MiFish_0000940",337,NA,"None",0,"caccgcggttagacgagaggctcaaattgacaccccttcggcgtaaagcgtggttaattatgtagtattactaaagttaaacgttctcaaagctgttatacgtttatgagaatatgaaaaacccttacgaaagtagctttatagtattgatgccactaaagctgagaaa",NA,NA,NA,NA,NA,NA,NA,NA,NA,0,NA,NA,NA,NA,NA,NA,NA,NA,NA,"local",FALSE,NA,NA,NA,NA,NA,NA,NA,NA,NA,NA,NA,NA,NA,NA,NA,NA,NA,NA,NA
"MiFish_0000941",68,NA,"None",0,"caccgcggttatacgagggactcaagctgacaatcaccggcgtaaagagtggttaattttaccaaaaaataaagccgaacgcctccaaagttgtattacgcattcggaggtatgaagcccaattacgaaagtggctttacactctttgaacccacgagagctaggaaa",NA,NA,NA,NA,NA,NA,NA,NA,NA,0,NA,NA,NA,NA,NA,NA,NA,NA,NA,"local",FALSE,NA,NA,NA,NA,NA,NA,NA,NA,NA,NA,NA,NA,NA,NA,NA,NA,NA,NA,NA
"MiFish_0000942",111,"['JX242934']","1232744",0.988165680473373,"aaccgcggttatacgagaggcccaaattgacacaccacggcgtaaagtgtgattagagataaacaagaactagggtcgaacgccccccatgctgtcatacgcaacggaggacacgaagcccaccaacgaaagtggccctataaaccttgaactcacgacagctaaggta","[1232744]","Muraena lentiginosa","Eukaryota","Chordata","Actinopteri","Anguilliformes","Muraenidae","Muraena","Muraena lentiginosa",98.8,NA,NA,NA,NA,NA,NA,NA,NA,NA,"global",FALSE,98.8,"global","Muraena lentiginosa","Eukaryota","Chordata","Actinopteri","Anguilliformes","Muraenidae","Muraena","Muraena lentiginosa","Eukaryota","Chordata","Actinopteri","Anguilliformes","Muraenidae","Muraena","Muraena lentiginosa","species","Muraena lentiginosa"
"MiFish_0000943",43,NA,"None",0,"caccgcggttatacgagaggctcaagtttacagaagacggcgtaaagagtggttaatggttattagactaaagctaaacaccttccaggccgtcatacgcacctgaaggcaggaaaccccacaacgaaagtggctttaaacaactatgaccccacgaaagctaggaaa",NA,NA,NA,NA,NA,NA,NA,NA,NA,0,NA,NA,NA,NA,NA,NA,NA,NA,NA,"local",FALSE,NA,NA,NA,NA,NA,NA,NA,NA,NA,NA,NA,NA,NA,NA,NA,NA,NA,NA,NA
"MiFish_0000944",311,"['KP218260', 'KP965872']","75023",1,"caccgcggttatacgagaggcccaagttgttagacatcggcgtaaagcgtggttaagataactcaaatactaaagccaaacaccacccccactgttatacgttcacggaggtaggaagcccaatcacgaaagtagctttataatatctgagcccacgaaagctaggaca","[1366891, 272788]","Holacanthus","Eukaryota","Chordata","Actinopteri",NA,"Pomacanthidae","Holacanthus",NA,100,NA,NA,NA,NA,NA,NA,NA,NA,NA,"global",FALSE,100,"global","Holacanthus","Eukaryota","Chordata","Actinopteri",NA,"Pomacanthidae","Holacanthus",NA,"Eukaryota","Chordata","Actinopteri",NA,"Pomacanthidae","Holacanthus",NA,"genus","Holacanthus"
"MiFish_0000945",68,"['KT619054']","1167616",0.964497041420118,"taccgcggttatacgagaggcccaagttgacaggctccggcgtaaagcgtggttaaggaacaacaaatactaaagccgaacgcttactaggctgttatacgcttacgagagtaagaagcacatccacgaaggtggctttactccacctgaacccacgaaagccaagaca","[1167616]","Epinephelus bontoides","Eukaryota","Chordata","Actinopteri","Perciformes","Serranidae","Epinephelus","Epinephelus bontoides",96.4,"d:Eukaryota,p:Chordata,c:Actinopteri,o:Perciformes,f:Serranidae,g:Epinephelus,s:Epinephelus_merra","Eukaryota","Chordata","Actinopteri","Perciformes","Serranidae","Epinephelus","Epinephelus merra",95.3,"global",TRUE,96.4,"global_lca_to_local","Epinephelus","Eukaryota","Chordata","Actinopteri","Perciformes","Serranidae","Epinephelus",NA,"Eukaryota","Chordata","Actinopteri","Perciformes","Serranidae","Epinephelus",NA,"genus","Epinephelus"
"MiFish_0000946",1878,NA,"None",0,"caccgcggttatacgagaggcccaagttgactagcgctcggcgtaaagggtggttaataatttattacactaaagccgaaccccctctcgactgtctaacgccttcgagggctggaagcacaactacgaaagtggctttaacactttgaccccacgaaaactgtggca",NA,NA,NA,NA,NA,NA,NA,NA,NA,0,NA,NA,NA,NA,NA,NA,NA,NA,NA,"local",FALSE,NA,NA,NA,NA,NA,NA,NA,NA,NA,NA,NA,NA,NA,NA,NA,NA,NA,NA,NA
"MiFish_0000947",30,"['LC698778', 'MG255111']","211834",0.976331360946746,"caccgcggttatacgagagacccaagttgatagacaccggcgtaaagagtggttaagatttatccaacactaaagccgaacgccctcaaagctgttatacgcacctgagggtaagaagcccaaccacgaaagtggctttaaactatccgaatccacgaaagctatgata","[211834]","Lutjanus argentimaculatus","Eukaryota","Chordata","Actinopteri","Lutjaniformes","Lutjanidae","Lutjanus","Lutjanus argentimaculatus",97.6,NA,NA,NA,NA,NA,NA,NA,NA,NA,"global",FALSE,97.6,"global","Lutjanus argentimaculatus","Eukaryota","Chordata","Actinopteri","Lutjaniformes","Lutjanidae","Lutjanus","Lutjanus argentimaculatus","Eukaryota","Chordata","Actinopteri","Lutjaniformes","Lutjanidae","Lutjanus",NA,"genus","Lutjanus"
"MiFish_0000948",498,NA,"None",0,"caccgcggttatacgagaggctcaagttgacaaattttcggcgtaaagggtggttaaatttttatataactaaagccgaatgctttcactactgttatacgtattcgaaagtaagaagccctaccacgaaagtagctttattgttattgactccacgaaagctgtgtaa",NA,NA,NA,NA,NA,NA,NA,NA,NA,0,NA,NA,NA,NA,NA,NA,NA,NA,NA,"local",FALSE,NA,NA,NA,NA,NA,NA,NA,NA,NA,NA,NA,NA,NA,NA,NA,NA,NA,NA,NA
"MiFish_0000949",41,"['OP154154', 'OP154155', 'OP154162', 'OP154167', 'HM447240', 'JQ286004']","30870",0.952380952380952,"caccgcggttatacgagaggcccaagttgatagtcaacggcgtaaagagtggttagaaggaacccgttactaaagccgaacgccctcaaggctgttatacgcatccgaaggtgagaagctcatccacgaaagtggctttacaaccttgaacccacgaaagctacgaaa","[329431, 76340, 240162]","Sciaenidae","Eukaryota","Chordata","Actinopteri",NA,"Sciaenidae",NA,NA,95.2,NA,NA,NA,NA,NA,NA,NA,NA,NA,"global",FALSE,95.2,"global","Sciaenidae","Eukaryota","Chordata","Actinopteri",NA,"Sciaenidae",NA,NA,"Eukaryota","Chordata","Actinopteri",NA,"Sciaenidae",NA,NA,"family","Sciaenidae"
"MiFish_0000950",162,NA,"None",0,"caccgcggttatacgagaggctcaagttgacaaattttcggcgtaaagggtggttaaatttttatataactaaagccgaatgctttcactactgttatacgtattcgaaagtaagaagccctaccacgaaagtagctttattattattgactccacgaaagctgtgtaa",NA,NA,NA,NA,NA,NA,NA,NA,NA,0,NA,NA,NA,NA,NA,NA,NA,NA,NA,"local",FALSE,NA,NA,NA,NA,NA,NA,NA,NA,NA,NA,NA,NA,NA,NA,NA,NA,NA,NA,NA
"MiFish_0000951",14,NA,"None",0,"caccgcggttatacgagagactcaagctgacaatcaccggcgtaaagagtggttaatcttaccaaaaaataaagccgaacgcctccaaagttgtattacgcattcggaggtatgaagcccaattacgaaagcggctttacactctttgaacccacgagagctagggaa",NA,NA,NA,NA,NA,NA,NA,NA,NA,0,NA,NA,NA,NA,NA,NA,NA,NA,NA,"local",FALSE,NA,NA,NA,NA,NA,NA,NA,NA,NA,NA,NA,NA,NA,NA,NA,NA,NA,NA,NA
"MiFish_0000952",275,"['MN703417']","1316015",0.988235294117647,"caccgcggttatacgagagacccaagttgttagacaccggcgtaaagagtggttaagtttgaatcttaaactaaagccgaacatcttcaaagctgttatacgcacccgaagacaagaagttcaatcacgaaagtggctttacctcaactgaacccacgaaagctaggata","[1316015]","Prionurus biafraensis","Eukaryota","Chordata","Actinopteri","Acanthuriformes","Acanthuridae","Prionurus","Prionurus biafraensis",98.8,NA,NA,NA,NA,NA,NA,NA,NA,NA,"global",FALSE,98.8,"global","Prionurus biafraensis","Eukaryota","Chordata","Actinopteri","Acanthuriformes","Acanthuridae","Prionurus","Prionurus biafraensis","Eukaryota","Chordata","Actinopteri","Acanthuriformes","Acanthuridae","Prionurus",NA,"genus","Prionurus"
"MiFish_0000953",16,"['MW630254']","1350520",0.994285714285714,"caccgcggttatacgaggggctcaagttgacagacacggcgtaaagagtggttaggcaaccccctccctacacactaaagtcgaacgccctcagggcagttatacgcgctacgaaggtaagaagctcctccacgaaagtgactttactccacctgactccacgaaagctgagata","[1350520]","Stegastes beebei","Eukaryota","Chordata","Actinopteri",NA,"Pomacentridae","Stegastes","Stegastes beebei",99.4,NA,NA,NA,NA,NA,NA,NA,NA,NA,"global",FALSE,99.4,"global","Stegastes beebei","Eukaryota","Chordata","Actinopteri",NA,"Pomacentridae","Stegastes","Stegastes beebei","Eukaryota","Chordata","Actinopteri",NA,"Pomacentridae","Stegastes","Stegastes beebei","species","Stegastes beebei"
"MiFish_0000954",424,"['AP009177', 'AY700255', 'KT600948', 'KT600952', 'KY682080']","31022",1,"caccgcggttatacgagaggcccaagttgttaggcatcggcgtaaagggtggttaaggcaaatctccaaactaaagccgaacatcttccaagccgtcatacgcacacgaagacaagaagcccgataacgaaagtggctctaacctgcctgaacccacgaaagctatgaca","[229062, 1003697, 304257]","Tetraodontiformes","Eukaryota","Chordata","Actinopteri","Tetraodontiformes",NA,NA,NA,100,NA,NA,NA,NA,NA,NA,NA,NA,NA,"global",FALSE,100,"global","Tetraodontiformes","Eukaryota","Chordata","Actinopteri","Tetraodontiformes",NA,NA,NA,"Eukaryota","Chordata","Actinopteri","Tetraodontiformes",NA,NA,NA,"order","Tetraodontiformes"
"MiFish_0000955",15,NA,"None",0,"caccgcggttatacgggaggcccaagttgaccgacactcggcgtaaagagtggttaaaagaacctaaaactaaagccgaacgccctcactactgttatacgttttcgagggtaagaagccctactacgaaagtggctttactaacattgaccccacgaaagctgtgaaa",NA,NA,NA,NA,NA,NA,NA,NA,NA,0,NA,NA,NA,NA,NA,NA,NA,NA,NA,"local",FALSE,NA,NA,NA,NA,NA,NA,NA,NA,NA,NA,NA,NA,NA,NA,NA,NA,NA,NA,NA
"MiFish_0000956",69,NA,"None",0,"caccgcggttatacgagaggcccaaattgatagtcaacggcgtaaagcgtggttaaaagagcccattactaaagccgaacgccttcaaggctgttatacgcacaccgaaggtgagaagcccacccacgaaagtggctttacaactttgaatccacgaaagctatgaaa",NA,NA,NA,NA,NA,NA,NA,NA,NA,0,NA,NA,NA,NA,NA,NA,NA,NA,NA,"local",FALSE,NA,NA,NA,NA,NA,NA,NA,NA,NA,NA,NA,NA,NA,NA,NA,NA,NA,NA,NA
"MiFish_0000957",13,NA,"None",0,"caccgcggttatacgagaggctcaagtttacagaagacggcgtaaagagtggttaatggttattagactaaagctaaacaccttccaggccgttatgcgcacctgaaggcaggaaaccccacaacgaaagtggctttaaacaactatgaccccacgaaagctaggaaa",NA,NA,NA,NA,NA,NA,NA,NA,NA,0,NA,NA,NA,NA,NA,NA,NA,NA,NA,"local",FALSE,NA,NA,NA,NA,NA,NA,NA,NA,NA,NA,NA,NA,NA,NA,NA,NA,NA,NA,NA
"MiFish_0000958",14,NA,"None",0,"cgccgcggttatacgagtaggctcaagtggatagaacgcggcgtaaagcgtggttaatagaatcttatactaaagccgaacgccctcaaagcagttatacgcattcgaaggtatgaagccccaccacgaaagtgactttattctacctgactccacgaaagctgagata",NA,NA,NA,NA,NA,NA,NA,NA,NA,0,NA,NA,NA,NA,NA,NA,NA,NA,NA,"local",FALSE,NA,NA,NA,NA,NA,NA,NA,NA,NA,NA,NA,NA,NA,NA,NA,NA,NA,NA,NA
"MiFish_0000959",17,NA,"None",0,"caccgcggttatacgagtaggctcaagtggatagaacgcggcgtaaagcgtggttaatagaatcttatactaaagccgaacgccctcaaagcagttatacgcattcgaaggtatgaagccccacgacgaaagtggctttaaacactatgattccacgaaagctggggaa",NA,NA,NA,NA,NA,NA,NA,NA,NA,0,NA,NA,NA,NA,NA,NA,NA,NA,NA,"local",FALSE,NA,NA,NA,NA,NA,NA,NA,NA,NA,NA,NA,NA,NA,NA,NA,NA,NA,NA,NA
"MiFish_0000960",14,NA,"None",0,"caccgcggttatacgagatatggcccaagttgacagccttcggcgtaaagggtggttaagagaattaaaggaaaaaataaagccgaacacctctcctgctgttatacgcaatcggagataaagaagcccaatcacgaaagtagctttacttcccctcctgaacccacgaaagttatgata",NA,NA,NA,NA,NA,NA,NA,NA,NA,0,NA,NA,NA,NA,NA,NA,NA,NA,NA,"local",FALSE,NA,NA,NA,NA,NA,NA,NA,NA,NA,NA,NA,NA,NA,NA,NA,NA,NA,NA,NA
"MiFish_0000961",14,"['KY815278']","435274",0.994082840236686,"caccgcggttatacgagaggcccaagttgacagctaccggcgtaaagcgtggttaaggttgaatcaaaaactaaagtcgaactccttcaaggccgtttaacgtgttcgagacggagaagcccaactacgaaagtgactttacctgcctgaccccacgaaagctatggca","[435274]","Gerres cinereus","Eukaryota","Chordata","Actinopteri","Gerreiformes","Gerreidae","Gerres","Gerres cinereus",99.4,NA,NA,NA,NA,NA,NA,NA,NA,NA,"global",FALSE,99.4,"global","Gerres cinereus","Eukaryota","Chordata","Actinopteri","Gerreiformes","Gerreidae","Gerres","Gerres cinereus","Eukaryota","Chordata","Actinopteri","Gerreiformes","Gerreidae","Gerres","Gerres cinereus","species","Gerres cinereus"
"MiFish_0000962",21,NA,"None",0,"caccgcggttatacgagaggcccaagatgacagaccctcggcgtaaagagtggttagaataaaatgaaactaaagccgaatgttttctaaactgttatacgtactcgagaactagaagcacccctacgaaagtggctttactattttgaatccacgaaagctatggc",NA,NA,NA,NA,NA,NA,NA,NA,NA,0,NA,NA,NA,NA,NA,NA,NA,NA,NA,"local",FALSE,NA,NA,NA,NA,NA,NA,NA,NA,NA,NA,NA,NA,NA,NA,NA,NA,NA,NA,NA
"MiFish_0000963",37,NA,"None",0,"agccgcggtaatacgaagggggcgagcgttgttcggaattactgggcgtaaagggagcgcaggcggttcaattagttaggcgtgaaagccccgggctcaacctgggaactgcgcttaatactgttgagctagaatacagaagaggatagtggaattcccagtgtagaggtgaaattcgtagatattgggaagaacaccggtggcgaaagcggctatctggtctgttattgacgctgaggctcgaaagcgtggggag",NA,NA,NA,NA,NA,NA,NA,NA,NA,0,NA,NA,NA,NA,NA,NA,NA,NA,NA,"local",FALSE,NA,NA,NA,NA,NA,NA,NA,NA,NA,NA,NA,NA,NA,NA,NA,NA,NA,NA,NA
"MiFish_0000964",12,NA,"None",0,"cgccgcggttatacgagtaggctcaagtggatagaacgcggcgtaaagcgtggttaatagaatcttatactaaagccgaacgccctcaaagcagttatacgcattcgaaggtatgaagccccacgacgaaagtgactttattctacctgactccacgaaagctgagata",NA,NA,NA,NA,NA,NA,NA,NA,NA,0,NA,NA,NA,NA,NA,NA,NA,NA,NA,"local",FALSE,NA,NA,NA,NA,NA,NA,NA,NA,NA,NA,NA,NA,NA,NA,NA,NA,NA,NA,NA
"MiFish_0000965",26,NA,"None",0,"caccgcggttagacgaaaggcctaagttgataatcatcggcgcaaagagtggttaaggaaaacttaaaactaaagccgaatgttcacaaggttgttatacgcatccgagaataagaagctcctccacgaaagtggctttaacatacccgactccacgtaagctatgaaa",NA,NA,NA,NA,NA,NA,NA,NA,NA,0,NA,NA,NA,NA,NA,NA,NA,NA,NA,"local",FALSE,NA,NA,NA,NA,NA,NA,NA,NA,NA,NA,NA,NA,NA,NA,NA,NA,NA,NA,NA
"MiFish_0000966",16,NA,"None",0,"agccgcggtaatacggagggtgcgagcgttaatcggaattactgggcgtaaagcgcgtgtaggtggcttgttaagccagatgtgaaagccccgggctcaacctgggaactgcatttggaactggcaggctagagttttgtagagggtggtagaatttcaggtgtagcggtgaaatgcgtagagatctgaaggaataccggtggcgaaggcgaccacctggacaaaaactgacactcagacgcgaaggcgtgggtag",NA,NA,NA,NA,NA,NA,NA,NA,NA,0,NA,NA,NA,NA,NA,NA,NA,NA,NA,"local",FALSE,NA,NA,NA,NA,NA,NA,NA,NA,NA,NA,NA,NA,NA,NA,NA,NA,NA,NA,NA
"MiFish_0000967",11,NA,"None",0,"caccgcggttatacgagaggcccaagatgacagaccctcggcgtaaagagtggttagaataaaatgaaactaaagccgaatgttttctaaactgttatacgtactcgagaactagaagcacccctacgaaagtggctttactattttgagtccacgaaagctatggca",NA,NA,NA,NA,NA,NA,NA,NA,NA,0,NA,NA,NA,NA,NA,NA,NA,NA,NA,"local",FALSE,NA,NA,NA,NA,NA,NA,NA,NA,NA,NA,NA,NA,NA,NA,NA,NA,NA,NA,NA
"MiFish_0000968",66,"['MW630158', 'EU601200', 'FJ449707']","242806",0.994186046511628,"caccgcggttatacgaaaggcccaagttgaaaaacattcggcgtaaagggtggctaagggcctattttaaactagagctgaatttcttcaaagctgttatacgctcatgaaaactagaaaatcaaccacgaaagtggctctaatctcccctgacaccacgaaagctatgaca","[242806]","Scarus ghobban","Eukaryota","Chordata","Actinopteri","Labriformes","Labridae","Scarus","Scarus ghobban",99.4,NA,NA,NA,NA,NA,NA,NA,NA,NA,"global",FALSE,99.4,"global","Scarus ghobban","Eukaryota","Chordata","Actinopteri","Labriformes","Labridae","Scarus","Scarus ghobban","Eukaryota","Chordata","Actinopteri","Labriformes","Labridae","Scarus","Scarus ghobban","species","Scarus ghobban"
"MiFish_0000969",14,NA,"None",0,"agccgcggtaatacgtaggttccaagcgttatccggatttactgggcgtaaagcgtccgtagccggtcgtataagtctgttttcaaatatcatcgctcaacgatgaaaagggaatggatactgtacaactagaagttgtgaggggttagtggaatttccggtggagcggtgaaatgcgttgatatcggaaggaacgccaaaagcgaaggcagctaactattacaaacttgacggtaagggacgaaagtctgggtag",NA,NA,NA,NA,NA,NA,NA,NA,NA,0,NA,NA,NA,NA,NA,NA,NA,NA,NA,"local",FALSE,NA,NA,NA,NA,NA,NA,NA,NA,NA,NA,NA,NA,NA,NA,NA,NA,NA,NA,NA
"MiFish_0000970",12,NA,"None",0,"cgccgcggttatacgagtaggctcaagtggatagaacgcggcgtaaagcgtggttaatagaatcttatactaaagccgaacgccctcaaagcagttatacgcattcgaaggtatgaagccccacgacgaaagtggctttaaacaatctgaacccacgaaagctatgata",NA,NA,NA,NA,NA,NA,NA,NA,NA,0,NA,NA,NA,NA,NA,NA,NA,NA,NA,"local",FALSE,NA,NA,NA,NA,NA,NA,NA,NA,NA,NA,NA,NA,NA,NA,NA,NA,NA,NA,NA
"MiFish_0000971",209,"['MT410945', 'AB102724', 'AB102725', 'AB488405', 'AB488407']","13675",1,"caccgcggttatacgataggcccaagttgacagaccccggcgtaaagcgtggttagggaaaactcaaaactaaagccgaatatcttcagggcagttatacgcttccgaagacacgaagcccttccacgaaagtgactttattacccccgaccccacgaaagctaggaca","[13676, 29150]","Scomber","Eukaryota","Chordata","Actinopteri","Scombriformes","Scombridae","Scomber",NA,100,"d:Eukaryota,p:Chordata,c:Actinopteri,o:Scombriformes,f:Scombridae,g:Scomber,s:Scomber_australasicus","Eukaryota","Chordata","Actinopteri","Scombriformes","Scombridae","Scomber","Scomber australasicus",100,"local",FALSE,100,"local","Scomber australasicus","Eukaryota","Chordata","Actinopteri","Scombriformes","Scombridae","Scomber","Scomber australasicus","Eukaryota","Chordata","Actinopteri","Scombriformes","Scombridae","Scomber",NA,"genus","Scomber"
"MiFish_0000972",34,NA,"None",0,"cgccgcggttatacgagaggcccaagatgacagaccctcggcgtaaagagtggttagaataaaatgaaactaaagccgaatgttttctaaactgttatacgtactcgagaactagaagcacccctacgaaagtggctttactattttgaatccacgaaagctatggca",NA,NA,NA,NA,NA,NA,NA,NA,NA,0,NA,NA,NA,NA,NA,NA,NA,NA,NA,"local",FALSE,NA,NA,NA,NA,NA,NA,NA,NA,NA,NA,NA,NA,NA,NA,NA,NA,NA,NA,NA
"MiFish_0000973",13,NA,"None",0,"agccgcggtaagacggaggatgcaagtgttatccggaatcactgggcgtaaagcgtctgtaggtggtcaaataagtcaactgttaaatcttgaggctcaacctcaaaatcgcagtcgaaactattcgactagagtatagtaggggtaaagggaatttccagtggagcggtgaaatgcgtagagattggaaagaacaccgatggcgaaagcactttactgggctattactaacactcagagacgaaagctagggtag",NA,NA,NA,NA,NA,NA,NA,NA,NA,0,NA,NA,NA,NA,NA,NA,NA,NA,NA,"local",FALSE,NA,NA,NA,NA,NA,NA,NA,NA,NA,NA,NA,NA,NA,NA,NA,NA,NA,NA,NA
"MiFish_0000974",50,"['AP011930', 'AP019603', 'KT600935', 'LC579334']","50368",0.994152046783626,"caccgcggttatacgagagacccaagttgttagcccccggcgtaaagagtggttaaaaacacaacattaaactgaggccgaacaccctcaaggcagttatacgctcccgagggcatgaagaacaattacgaaagtagtctcaccccatttgaacccacgaaagctagggca","[300221, 342437]","Arothron","Eukaryota","Chordata","Actinopteri","Tetraodontiformes","Tetraodontidae","Arothron",NA,99.4,"d:Eukaryota,p:Chordata,c:Actinopteri,o:Tetraodontiformes,f:Tetraodontidae,g:Arothron,s:Arothron_hispidus","Eukaryota","Chordata","Actinopteri","Tetraodontiformes","Tetraodontidae","Arothron","Arothron hispidus",99.4,"local",FALSE,99.4,"local","Arothron hispidus","Eukaryota","Chordata","Actinopteri","Tetraodontiformes","Tetraodontidae","Arothron","Arothron hispidus","Eukaryota","Chordata","Actinopteri","Tetraodontiformes","Tetraodontidae","Arothron","Arothron hispidus","species","Arothron hispidus"
"MiFish_0000975",50,NA,"None",0,"agccgcggtaatacgaagggggcgagcgttgttcggaattactgggcgtaaagggagcgcaggcggttcatttagttaggcgtgaaagccccgggctcaacctgggaactgcgcttaatactgatgagctagaaaacagaagaggatagtggaattcccagtgtagaggtgaaattcgtagatattgggaagaacaccggtggcgaaagcggctatctggtctgattttgacgctgaggctcgaaagcgtggggag",NA,NA,NA,NA,NA,NA,NA,NA,NA,0,NA,NA,NA,NA,NA,NA,NA,NA,NA,"local",FALSE,NA,NA,NA,NA,NA,NA,NA,NA,NA,NA,NA,NA,NA,NA,NA,NA,NA,NA,NA
"MiFish_0000976",11,"['OP154136', 'JN182927']","40493",0.976470588235294,"caccgcggttatacgagagacccaagttgatagacaccggcgtaaagagtggttaagatttacccaaaactaaagccgaacgccctcagagctgttatacgcacccgagagttagaagcccaaccacgaaagtggctttaaacaatctgaacccacgaaagctagggaa","[40494, 211834]","Lutjanus","Eukaryota","Chordata","Actinopteri","Lutjaniformes","Lutjanidae","Lutjanus",NA,97.6,NA,NA,NA,NA,NA,NA,NA,NA,NA,"global",FALSE,97.6,"global","Lutjanus","Eukaryota","Chordata","Actinopteri","Lutjaniformes","Lutjanidae","Lutjanus",NA,"Eukaryota","Chordata","Actinopteri","Lutjaniformes","Lutjanidae","Lutjanus",NA,"genus","Lutjanus"
"MiFish_0000977",70,"['MW630158', 'EU601200', 'FJ449707']","242806",0.994186046511628,"caccgcggttatacgaaaggcccaagttgaaaaacattcggcgtaaagggtggctaagggcctattttaaactagagctgaatttcttcaaagctgttatacgctcatgaaaactagaaaatcaaccacgaaagtggctctaatctctcctaacaccacgaaagctatgaca","[242806]","Scarus ghobban","Eukaryota","Chordata","Actinopteri","Labriformes","Labridae","Scarus","Scarus ghobban",99.4,NA,NA,NA,NA,NA,NA,NA,NA,NA,"global",FALSE,99.4,"global","Scarus ghobban","Eukaryota","Chordata","Actinopteri","Labriformes","Labridae","Scarus","Scarus ghobban","Eukaryota","Chordata","Actinopteri","Labriformes","Labridae","Scarus","Scarus ghobban","species","Scarus ghobban"
"MiFish_0000978",49,NA,"None",0,"caccgcggtcatacgattaacccaaactaacgggctcacggcgtaaagcgtgtaaaagatctacctacactaaagttaaaatttagccaagccgtaaaaagctgccgttaatacaaaatatactacgaaagtgactttaataattctgattacacgatagctaagacc",NA,NA,NA,NA,NA,NA,NA,NA,NA,0,NA,NA,NA,NA,NA,NA,NA,NA,NA,"local",FALSE,NA,NA,NA,NA,NA,NA,NA,NA,NA,NA,NA,NA,NA,NA,NA,NA,NA,NA,NA
"MiFish_0000979",18,NA,"None",0,"agccgcggtaatacgaagggtgcaagcgttgttcggatttactgggcgtaaagcgcgcgcaggcggatagttaagccagatgtgaaatctcggggctcaaccccgaaactgcgtctggaactgattatctagagtcttggagggggaagtggaatttcgcatgtaggagtaaaatccgtagagatgcgaaggaacaccagaggcgaaggcgacttcctggacaagtactgacgctgaggcgcgaaagcgtggggag",NA,NA,NA,NA,NA,NA,NA,NA,NA,0,NA,NA,NA,NA,NA,NA,NA,NA,NA,"local",FALSE,NA,NA,NA,NA,NA,NA,NA,NA,NA,NA,NA,NA,NA,NA,NA,NA,NA,NA,NA
"MiFish_0000980",12,NA,"None",0,"caccgcggtcatacgattaacccaaactaacgggctcacggcgtgaagcgtgtaaaagatctacctacactaaagttaaaatttaaccaagccgtaaaaagctgccgttaatacaaaatatactacgaaagtgactttaataattctgattacacgatagctaagacc",NA,NA,NA,NA,NA,NA,NA,NA,NA,0,NA,NA,NA,NA,NA,NA,NA,NA,NA,"local",FALSE,NA,NA,NA,NA,NA,NA,NA,NA,NA,NA,NA,NA,NA,NA,NA,NA,NA,NA,NA
"MiFish_0000981",716,NA,"None",0,"agccgcggtaatacggagggtgcaagcgttaatcggaattactgggcgtaaagcgcgcgtaggcggttttttaagtcggatgtgaaagccccgggctcaacctgggaactgcatccgatactggatgactagaatgcgggagagggaggtagaattccatgtgtagcagtgaaatgcgtagatatatggaggaataccagtggcgaaggcggcctcctggctcgacattgacgctgaggtgcgaaagcgtggggag",NA,NA,NA,NA,NA,NA,NA,NA,NA,0,NA,NA,NA,NA,NA,NA,NA,NA,NA,"local",FALSE,NA,NA,NA,NA,NA,NA,NA,NA,NA,NA,NA,NA,NA,NA,NA,NA,NA,NA,NA
"MiFish_0000982",21,NA,"None",0,"cgccgcggttatacgagaggctcaagtttacagaagacggcgtaaagagtggttaatggttattagactaaagctaaacaccttccaggccgttatacgcacctgaaggcaggaaaccccacaacgaaagtggctttaaacaactatgaccccacgaaagctaggaaa",NA,NA,NA,NA,NA,NA,NA,NA,NA,0,NA,NA,NA,NA,NA,NA,NA,NA,NA,"local",FALSE,NA,NA,NA,NA,NA,NA,NA,NA,NA,NA,NA,NA,NA,NA,NA,NA,NA,NA,NA
"MiFish_0000983",29,NA,"None",0,"agccgcggtaatacgaaggtggcgagcgttgttcggatttattgggcgtaaagggttcgtaggcggcttagtaagtcaagtgtgaaatcccacatgtcaactgtggaactgcactcgaaactactaagatagagtatgagaggggtaatgggaattccaggtgtaagggtgaaatctgcagagatctggaggaacatcagtcgcgaaggcgcattactggctcattactgacgctgagggacgaaagctagggtag",NA,NA,NA,NA,NA,NA,NA,NA,NA,0,NA,NA,NA,NA,NA,NA,NA,NA,NA,"local",FALSE,NA,NA,NA,NA,NA,NA,NA,NA,NA,NA,NA,NA,NA,NA,NA,NA,NA,NA,NA
"MiFish_0000984",16,NA,"None",0,"cgccgcggttatacgagtaggctcaagtggatagaacgcggcgtaaagcgtggttaatagaatcttatactaaagccgaacgccctcagagctgttatacgcacccgagagttagaagcccaaccacgaaagtggctttaaacaatctgaacccacgaaagctatgata",NA,NA,NA,NA,NA,NA,NA,NA,NA,0,NA,NA,NA,NA,NA,NA,NA,NA,NA,"local",FALSE,NA,NA,NA,NA,NA,NA,NA,NA,NA,NA,NA,NA,NA,NA,NA,NA,NA,NA,NA
"MiFish_0000985",26,"['MW630158', 'EU601200', 'FJ449707']","242806",0.994186046511628,"caccgcggttatacgaaaggcccaagttgaaaaacattcggcgtaaagggtggctaagggcctattttaaactagagctgaatttcttcaaagctgttatacgctcatgaaaactagaaaatcaaccacgaaagtggctctaatctctcccgacaccacgaaagctatgaca","[242806]","Scarus ghobban","Eukaryota","Chordata","Actinopteri","Labriformes","Labridae","Scarus","Scarus ghobban",99.4,NA,NA,NA,NA,NA,NA,NA,NA,NA,"global",FALSE,99.4,"global","Scarus ghobban","Eukaryota","Chordata","Actinopteri","Labriformes","Labridae","Scarus","Scarus ghobban","Eukaryota","Chordata","Actinopteri","Labriformes","Labridae","Scarus","Scarus ghobban","species","Scarus ghobban"
"MiFish_0000986",12,"['MT410945', 'AB102724', 'AB102725', 'AB488405', 'AB488407']","13675",0.994082840236686,"caccgcggttatacgataggcccaagttgacagaccccggcgtaaagcgtggttagggaaagctcaaaactaaagccgaatatcttcagggcagttatacgcttccgaagacacgaagcccttccacgaaagtgactttattacccccgaccccacgaaagctaggaca","[13676, 29150]","Scomber","Eukaryota","Chordata","Actinopteri","Scombriformes","Scombridae","Scomber",NA,99.4,"d:Eukaryota,p:Chordata,c:Actinopteri,o:Scombriformes,f:Scombridae,g:Scomber,s:Scomber_australasicus","Eukaryota","Chordata","Actinopteri","Scombriformes","Scombridae","Scomber","Scomber australasicus",99.4,"local",FALSE,99.4,"local","Scomber australasicus","Eukaryota","Chordata","Actinopteri","Scombriformes","Scombridae","Scomber","Scomber australasicus","Eukaryota","Chordata","Actinopteri","Scombriformes","Scombridae","Scomber",NA,"genus","Scomber"
"MiFish_0000987",34,NA,"None",0,"caccgcggttatacgagaggcccaagatgacagaccctcggcgtaaagagtggttagaataaaatgaaactaaagccgaatgttttctaaactgctatacgtactcgagaactagaagcacccctacgaaagtggctttactattttgaatccacgaaagctatggca",NA,NA,NA,NA,NA,NA,NA,NA,NA,0,NA,NA,NA,NA,NA,NA,NA,NA,NA,"local",FALSE,NA,NA,NA,NA,NA,NA,NA,NA,NA,NA,NA,NA,NA,NA,NA,NA,NA,NA,NA
"MiFish_0000988",15,NA,"None",0,"caccgcggttatacgggaggctcaagtttacagaagacggcgtaaagagtggttaatggttattagactaaagctaaacaccttccaggccgttatacgcacctgaaggcaggaaaccccacaacgaaagtggctttaaacaactatgaccccacgaaagctaggaaa",NA,NA,NA,NA,NA,NA,NA,NA,NA,0,NA,NA,NA,NA,NA,NA,NA,NA,NA,"local",FALSE,NA,NA,NA,NA,NA,NA,NA,NA,NA,NA,NA,NA,NA,NA,NA,NA,NA,NA,NA
"MiFish_0000989",15,NA,"None",0,"agccgcggtaatacggggggaacaagcattattcggaatgatttggcgtaaaaagtttgtagattgttttttaagttgaaaaacaaaaaatagagcttaactttataaattttttcaaaactttaaaacttgagtataaatagaggatgatggaatttctattgtagggataaaatacggtaataatagaaggaaggcctaaagcgaaggcaattatctgggtatatactgacattgagaaacgaaagcttgggtag",NA,NA,NA,NA,NA,NA,NA,NA,NA,0,NA,NA,NA,NA,NA,NA,NA,NA,NA,"local",FALSE,NA,NA,NA,NA,NA,NA,NA,NA,NA,NA,NA,NA,NA,NA,NA,NA,NA,NA,NA
"MiFish_0000990",13,NA,"None",0,"agccgcggtaatacggagggtgcaagcgttaatcggaattactgggcgtaaagcgcgcgtaggcggttttttaagtcggatgtgaaagccccgggctcaacctgggaactgcatccgatactggatcactagaatgcgggagagggaggtagagttccatgtgtagcagtgaaatgcgtagatatatggaggaataccagtggcgaaggcggcctcctggctcgacattgacgctgaggtgcgaaagcgtggggag",NA,NA,NA,NA,NA,NA,NA,NA,NA,0,NA,NA,NA,NA,NA,NA,NA,NA,NA,"local",FALSE,NA,NA,NA,NA,NA,NA,NA,NA,NA,NA,NA,NA,NA,NA,NA,NA,NA,NA,NA
"MiFish_0000991",29,"['MW630253']","1350519",0.994285714285714,"caccgcggttatacgagaggcccaagttgacagacacggcgtaaagaatggttaggcaaccccctttctacacactaaagtcgaacgccctctaggctgttatacgctctatgaaggcaagaagccccaccacgaaagtgactttattctacctgactccacgaaagctgagata","[1350519]","Stegastes arcifrons","Eukaryota","Chordata","Actinopteri",NA,"Pomacentridae","Stegastes","Stegastes arcifrons",99.4,NA,NA,NA,NA,NA,NA,NA,NA,NA,"global",FALSE,99.4,"global","Stegastes arcifrons","Eukaryota","Chordata","Actinopteri",NA,"Pomacentridae","Stegastes","Stegastes arcifrons","Eukaryota","Chordata","Actinopteri",NA,"Pomacentridae","Stegastes","Stegastes arcifrons","species","Stegastes arcifrons"
"MiFish_0000992",33,"['MW630158', 'EU601200', 'FJ449707']","242806",0.994186046511628,"caccgcggttatacgaaaggcccaagttgaaaaacattcggcgtaaagggtggctaagggcctattttaaactagagctgaatttcttcaaagctgttatacgctcatgaaaactagaaaatcaaccacgaaagtggctctaatctctcctgacaccacgaaagctatgacg","[242806]","Scarus ghobban","Eukaryota","Chordata","Actinopteri","Labriformes","Labridae","Scarus","Scarus ghobban",99.4,NA,NA,NA,NA,NA,NA,NA,NA,NA,"global",FALSE,99.4,"global","Scarus ghobban","Eukaryota","Chordata","Actinopteri","Labriformes","Labridae","Scarus","Scarus ghobban","Eukaryota","Chordata","Actinopteri","Labriformes","Labridae","Scarus","Scarus ghobban","species","Scarus ghobban"
"MiFish_0000993",32,NA,"None",0,"agccgcggtaatacggagggtgcaagcgttaatcggaattactgggcgtaaagcgcgcgtaggcggttttttaagtcggatgcgaaagccccgggctcaacctgggaactgcatccgatactggatcactagaatgcgggagagggaggtagaattccatgtgtagcagtgaaatgcgtagatatatggaggaataccagtggcgaaggcggcctcctggctcgacattgacgctgaggtgcgaaagcgtggggag",NA,NA,NA,NA,NA,NA,NA,NA,NA,0,NA,NA,NA,NA,NA,NA,NA,NA,NA,"local",FALSE,NA,NA,NA,NA,NA,NA,NA,NA,NA,NA,NA,NA,NA,NA,NA,NA,NA,NA,NA
"MiFish_0000994",10,NA,"None",0,"caccgcggttatacgagaggcccaagttgacagacacggcgtaaagagtggttaatagaatcttatactaaagccgaacgccctcaaagcagttatacgcattcgaaggtatgaagccccacgacgaaagtggctttaaacactatgattccacgaaagctagggaa",NA,NA,NA,NA,NA,NA,NA,NA,NA,0,NA,NA,NA,NA,NA,NA,NA,NA,NA,"local",FALSE,NA,NA,NA,NA,NA,NA,NA,NA,NA,NA,NA,NA,NA,NA,NA,NA,NA,NA,NA
"MiFish_0000995",20,"['MW630158', 'EU601200', 'FJ449707']","242806",0.994186046511628,"caccgcggttatacgaagggcccaagttgaaaaacattcggcgtaaagggtggctaagggcctattttaaactagagctgaatttcttcaaagctgttatacgctcatgaaaactagaaaatcaaccacgaaagtggctctaatctctcctgacaccacgaaagctatgaca","[242806]","Scarus ghobban","Eukaryota","Chordata","Actinopteri","Labriformes","Labridae","Scarus","Scarus ghobban",99.4,NA,NA,NA,NA,NA,NA,NA,NA,NA,"global",FALSE,99.4,"global","Scarus ghobban","Eukaryota","Chordata","Actinopteri","Labriformes","Labridae","Scarus","Scarus ghobban","Eukaryota","Chordata","Actinopteri","Labriformes","Labridae","Scarus","Scarus ghobban","species","Scarus ghobban"
"MiFish_0000996",59,"['AP011930', 'AP019603', 'KT600935', 'LC579334']","50368",0.994152046783626,"caccgcggttatacgggagacccaagttgttagcccccggcgtaaagagtggttaaaaacacaacattaaactgaggccgaacaccctcaaggcagttatacgctcccgagggcatgaagaacaattacgaaagtagcctcaccccatttgaacccacgaaagctagggca","[300221, 342437]","Arothron","Eukaryota","Chordata","Actinopteri","Tetraodontiformes","Tetraodontidae","Arothron",NA,99.4,"d:Eukaryota,p:Chordata,c:Actinopteri,o:Tetraodontiformes,f:Tetraodontidae,g:Arothron,s:Arothron_hispidus","Eukaryota","Chordata","Actinopteri","Tetraodontiformes","Tetraodontidae","Arothron","Arothron hispidus",99.4,"local",FALSE,99.4,"local","Arothron hispidus","Eukaryota","Chordata","Actinopteri","Tetraodontiformes","Tetraodontidae","Arothron","Arothron hispidus","Eukaryota","Chordata","Actinopteri","Tetraodontiformes","Tetraodontidae","Arothron","Arothron hispidus","species","Arothron hispidus"
"MiFish_0000997",63,"['JX242934']","1232744",0.988165680473373,"aaccgcggttatacgagaggcccaaattgacacaccacggcgtaaagtgtgattagaggtaaacaagaactagggccgaacgccccccatgctgtcatacgcaacggaggacacgaagcccaccaacgaaagtggccctataaaccttgaactcacgacagctaaggta","[1232744]","Muraena lentiginosa","Eukaryota","Chordata","Actinopteri","Anguilliformes","Muraenidae","Muraena","Muraena lentiginosa",98.8,NA,NA,NA,NA,NA,NA,NA,NA,NA,"global",FALSE,98.8,"global","Muraena lentiginosa","Eukaryota","Chordata","Actinopteri","Anguilliformes","Muraenidae","Muraena","Muraena lentiginosa","Eukaryota","Chordata","Actinopteri","Anguilliformes","Muraenidae","Muraena","Muraena lentiginosa","species","Muraena lentiginosa"
"MiFish_0000998",48,"['MW630253']","1350519",0.994285714285714,"caccgcggttatacgagaggcccaagttgacagacacggcgtaaagagtggttaggcaaccccctttctacacactaaagtcgaacgctctctaggctgttatacgctctatgaaggcaagaagccccaccacgaaagtgactttattctacctgactccacgaaagctgagata","[1350519]","Stegastes arcifrons","Eukaryota","Chordata","Actinopteri",NA,"Pomacentridae","Stegastes","Stegastes arcifrons",99.4,NA,NA,NA,NA,NA,NA,NA,NA,NA,"global",FALSE,99.4,"global","Stegastes arcifrons","Eukaryota","Chordata","Actinopteri",NA,"Pomacentridae","Stegastes","Stegastes arcifrons","Eukaryota","Chordata","Actinopteri",NA,"Pomacentridae","Stegastes","Stegastes arcifrons","species","Stegastes arcifrons"
"MiFish_0000999",15,NA,"None",0,"caccgcggttatacgagaggcccaagatgacagaccctcggcgtaaagagtggttagaataaaatgaaactaaagccgaatgttttctaaactgttatacgtactcgagaactagaagcacccctacgaaagtggctttactattttgaatccacggaagctatggca",NA,NA,NA,NA,NA,NA,NA,NA,NA,0,NA,NA,NA,NA,NA,NA,NA,NA,NA,"local",FALSE,NA,NA,NA,NA,NA,NA,NA,NA,NA,NA,NA,NA,NA,NA,NA,NA,NA,NA,NA
"MiFish_0001000",32,NA,"None",0,"agccgcggtaatacggagggtgcaagcgttaatcggaattactgggcgtaaggcgcgcgtaggcggttttttaagtcggatgtgaaagccccgggctcaacctgggaactgcatccgatactggatcactagaatgcgggagagggaggtagaattccatgtgtagcagtgaaatgcgtagatatatggaggaataccagtggcgaaggcggcctcctggctcgacattgacgctgaggtgcgaaagcgtggggag",NA,NA,NA,NA,NA,NA,NA,NA,NA,0,NA,NA,NA,NA,NA,NA,NA,NA,NA,"local",FALSE,NA,NA,NA,NA,NA,NA,NA,NA,NA,NA,NA,NA,NA,NA,NA,NA,NA,NA,NA
"MiFish_0001001",39,NA,"None",0,"agccgcggtaatacggagggtgcaagcgttaatcggaattactgggcgtaaagcgcgcgtaggcggttttttaagtcggatgtgaaagccccgggctcaacctgggaactgcatccgatactggatcactagaatgcgggagagggaggtagaattccatgtgtagcagtgaaatgcgtagatatatggaggaataccagtggcgaaggcggcctcctggctcgacattgacgctgaggtgcgaaggcgtggggag",NA,NA,NA,NA,NA,NA,NA,NA,NA,0,NA,NA,NA,NA,NA,NA,NA,NA,NA,"local",FALSE,NA,NA,NA,NA,NA,NA,NA,NA,NA,NA,NA,NA,NA,NA,NA,NA,NA,NA,NA
"MiFish_0001002",20,"['KY815348']","239048",0.994011976047904,"caccgcggttagacgagagacccaagtggatggccctcggcgtaaagagtggttaagataactttaaactaaggccaaacgactttttagctgttatacgcgcgagaagacatgaagcccaactacgaaagtggccttaagttcctgaccccacgaaggctaggaca","[239048]","Thalassoma lucasanum","Eukaryota","Chordata","Actinopteri","Labriformes","Labridae","Thalassoma","Thalassoma lucasanum",99.4,NA,NA,NA,NA,NA,NA,NA,NA,NA,"global",FALSE,99.4,"global","Thalassoma lucasanum","Eukaryota","Chordata","Actinopteri","Labriformes","Labridae","Thalassoma","Thalassoma lucasanum","Eukaryota","Chordata","Actinopteri","Labriformes","Labridae","Thalassoma","Thalassoma lucasanum","species","Thalassoma lucasanum"
"MiFish_0001003",37,"['KY815348']","239048",0.994011976047904,"caccgcggttagacgagaggcccaagtggatggccctcggcgtaaagagtggttaagataactttaaactaaggccaaacgactttttagctgttatacgcgcgagaagacatgaagcccaactacgaaagtggccttaagttcctgaccccacgaaagctaggaca","[239048]","Thalassoma lucasanum","Eukaryota","Chordata","Actinopteri","Labriformes","Labridae","Thalassoma","Thalassoma lucasanum",99.4,NA,NA,NA,NA,NA,NA,NA,NA,NA,"global",FALSE,99.4,"global","Thalassoma lucasanum","Eukaryota","Chordata","Actinopteri","Labriformes","Labridae","Thalassoma","Thalassoma lucasanum","Eukaryota","Chordata","Actinopteri","Labriformes","Labridae","Thalassoma","Thalassoma lucasanum","species","Thalassoma lucasanum"
"MiFish_0001004",15,NA,"None",0,"agccgcggtaatacggagggtgcaagcgttaatcggaattactgggcgtaaagcgcgcgtaggcggttttttaagtcggatgtgaaagccccggactcaacctgggaactgcatccgatactggatcactagaatgcgggagagggaggtagaattccatgtgtagcagtgaaatgcgtagatatatggaggaataccagtggcgaaggcggcctcctggctcgacattgacgctgaggtgcgaaagcgtggggag",NA,NA,NA,NA,NA,NA,NA,NA,NA,0,NA,NA,NA,NA,NA,NA,NA,NA,NA,"local",FALSE,NA,NA,NA,NA,NA,NA,NA,NA,NA,NA,NA,NA,NA,NA,NA,NA,NA,NA,NA
"MiFish_0001005",18,"['OP154136', 'JN182927']","40493",0.982248520710059,"caccgcggttatacgagagacccaagttgatagccaccggcgtaaagagtggttaagatttacccaaaactaaagccgaacgccctcagagctgttatacgcacccgagagttagaagcccaaccacgaaagtggctttaaacaatctgaacccacgaaagctatgata","[40494, 211834]","Lutjanus","Eukaryota","Chordata","Actinopteri","Lutjaniformes","Lutjanidae","Lutjanus",NA,98.2,NA,NA,NA,NA,NA,NA,NA,NA,NA,"global",FALSE,98.2,"global","Lutjanus","Eukaryota","Chordata","Actinopteri","Lutjaniformes","Lutjanidae","Lutjanus",NA,"Eukaryota","Chordata","Actinopteri","Lutjaniformes","Lutjanidae","Lutjanus",NA,"genus","Lutjanus"
"MiFish_0001006",33,NA,"None",0,"agccgcggtaatacggagggtgcaagcgttaatcggaattactgggcgtaaagcgcgcgtaggcggttttttaagtcggatgtgaaagccccgggctcaacctgggaactgcatccgatactggatcactagaatgcgggagagggaggtagaattccatgtgtagcagtgaaatgcgtagatatatggaggaataccagtggcgaaggcggcctcctggctcgacattgacgctgaggtgcgaaagcgtgggggg",NA,NA,NA,NA,NA,NA,NA,NA,NA,0,NA,NA,NA,NA,NA,NA,NA,NA,NA,"local",FALSE,NA,NA,NA,NA,NA,NA,NA,NA,NA,NA,NA,NA,NA,NA,NA,NA,NA,NA,NA
"MiFish_0001007",23,"['MW630230', 'MW630237', 'OP035322']","36213",0.988165680473373,"caccgcggttatacgagaggcccaagttgacagacacggcgtaaagagtggttaaggaacttattaaactaaagccgaacgccctcagaactgttatacgtttccgaaggtaagaagccccaccacgaaagtgactttattttccccgactccacgaaagctgcggaa","[229087, 36217]","Abudefduf","Eukaryota","Chordata","Actinopteri",NA,"Pomacentridae","Abudefduf",NA,98.8,NA,NA,NA,NA,NA,NA,NA,NA,NA,"global",FALSE,98.8,"global","Abudefduf","Eukaryota","Chordata","Actinopteri",NA,"Pomacentridae","Abudefduf",NA,"Eukaryota","Chordata","Actinopteri",NA,"Pomacentridae","Abudefduf",NA,"genus","Abudefduf"
"MiFish_0001008",18,NA,"None",0,"caccgcggttatgcgagaggcccaagatgacagaccctcggcgtaaagagtggttagaataaaatgaaactaaagccgaatgttttctaaactgttatacgtactcgagaactagaagcacccctacgaaagtggctttactattttgaatccacgaaagctatggca",NA,NA,NA,NA,NA,NA,NA,NA,NA,0,NA,NA,NA,NA,NA,NA,NA,NA,NA,"local",FALSE,NA,NA,NA,NA,NA,NA,NA,NA,NA,NA,NA,NA,NA,NA,NA,NA,NA,NA,NA
"MiFish_0001009",40,NA,"None",0,"agccgcggtaatacggggggtgcaagcgttaatcggaattactgggcgtaaagcgcgcgtaggcggttttttaagtcggatgtgaaagccccgggctcaacctgggaactgcatccgatactggatcactagaatgcgggagagggaggtagaattccatgtgtagcagtgaaatgcgtagatatatggaggaataccagtggcgaaggcggcctcctggctcgacattgacgctgaggtgcgaaagcgtggggag",NA,NA,NA,NA,NA,NA,NA,NA,NA,0,NA,NA,NA,NA,NA,NA,NA,NA,NA,"local",FALSE,NA,NA,NA,NA,NA,NA,NA,NA,NA,NA,NA,NA,NA,NA,NA,NA,NA,NA,NA
"MiFish_0001010",37,NA,"None",0,"caccgcggttagacgagaggcctaagttgataatcatcggcgtaaagagtggttaaggaaaacttaaaactaaagccgaatgttcacaaggttgttatacgcatccgagaataagaagctcctccacgaaagtggctttaacatacccgactccacgtaagctatgaaa",NA,NA,NA,NA,NA,NA,NA,NA,NA,0,NA,NA,NA,NA,NA,NA,NA,NA,NA,"local",FALSE,NA,NA,NA,NA,NA,NA,NA,NA,NA,NA,NA,NA,NA,NA,NA,NA,NA,NA,NA
"MiFish_0001011",42,"['AP011915']","168377",0.988235294117647,"caccgcggttatacgagaggtccaagttgttagccctcggcgtaaagagtggttaaagtaaaaaacaaaactgaggtcgaacatcttcaaggcagttatacgctcccgaggatatgaagcacaatcacgaaagtagcctcaccctgcttgaacccacgaaaactaggaca","[168377]","Sphoeroides annulatus","Eukaryota","Chordata","Actinopteri","Tetraodontiformes","Tetraodontidae","Sphoeroides","Sphoeroides annulatus",98.8,NA,NA,NA,NA,NA,NA,NA,NA,NA,"global",FALSE,98.8,"global","Sphoeroides annulatus","Eukaryota","Chordata","Actinopteri","Tetraodontiformes","Tetraodontidae","Sphoeroides","Sphoeroides annulatus","Eukaryota","Chordata","Actinopteri","Tetraodontiformes","Tetraodontidae","Sphoeroides","Sphoeroides annulatus","species","Sphoeroides annulatus"
"MiFish_0001012",22,"['KY815278']","435274",0.994082840236686,"caccgcggttatacgagaggcccaagttgacagctaccggcgtaaagcgtggttaaggttgaatcaaaaactaaagtcgaactccttcagggccgtttaacgtgttcgaaacggagaagcccaactacgaaagtgactttacctgcctgaccccacgaaagctatggca","[435274]","Gerres cinereus","Eukaryota","Chordata","Actinopteri","Gerreiformes","Gerreidae","Gerres","Gerres cinereus",99.4,NA,NA,NA,NA,NA,NA,NA,NA,NA,"global",FALSE,99.4,"global","Gerres cinereus","Eukaryota","Chordata","Actinopteri","Gerreiformes","Gerreidae","Gerres","Gerres cinereus","Eukaryota","Chordata","Actinopteri","Gerreiformes","Gerreidae","Gerres","Gerres cinereus","species","Gerres cinereus"
"MiFish_0001013",11,NA,"None",0,"agccgcggtaatacggagggtgcgagcgttaatcggaattactgggcgtaaagcgtacgcaggcggttgattaagcgagatgtgaaatccctaggctcaacctaggaactgcatttcgaactggtcaactagagtatgagagagggtggtagaatttcaggtgtagcggtgaaatgcgtagagatctgaaggaataccgatggcgaaggcagccacctggttcaatactgacgctcatgtacgaaagcgtggggag",NA,NA,NA,NA,NA,NA,NA,NA,NA,0,NA,NA,NA,NA,NA,NA,NA,NA,NA,"local",FALSE,NA,NA,NA,NA,NA,NA,NA,NA,NA,NA,NA,NA,NA,NA,NA,NA,NA,NA,NA
"MiFish_0001014",31,NA,"None",0,"taccgcggttatacgagaggctcaagttgatagaccccggcgtaaagagtggttaagaccacaaacccaaacactaaagccgaactgcctcaaagctgttatacgcatccgaaagttagaagtacaactacgaaggtggctttaatttaacctgaacccacgaaagcaaagaca",NA,NA,NA,NA,NA,NA,NA,NA,NA,0,NA,NA,NA,NA,NA,NA,NA,NA,NA,"local",FALSE,NA,NA,NA,NA,NA,NA,NA,NA,NA,NA,NA,NA,NA,NA,NA,NA,NA,NA,NA
"MiFish_0001015",175,"['KY815286']","317475",0.976047904191617,"caccgcggttatacgagagacccaagtagatggccgccggcgtaaagagtggtttagatgtgcctctactaaagccaaatgacttcaaagctgtcatacgcgcatgaatatacgaagcccaaccacgaaagtggctttaaagctctgactccacgaaagctatgata","[317475]","Halichoeres dispilus","Eukaryota","Chordata","Actinopteri","Labriformes","Labridae","Halichoeres","Halichoeres dispilus",97.6,NA,NA,NA,NA,NA,NA,NA,NA,NA,"global",FALSE,97.6,"global","Halichoeres dispilus","Eukaryota","Chordata","Actinopteri","Labriformes","Labridae","Halichoeres","Halichoeres dispilus","Eukaryota","Chordata","Actinopteri","Labriformes","Labridae","Halichoeres","Halichoeres dispilus","species","Halichoeres dispilus"
"MiFish_0001016",20,"['KY815286']","317475",0.970059880239521,"caccgcggttatacgagagacccaaatagatggccgccggcgtaaagagtggtttagatgtgcccctactaaagccaaatgacttcaaagctgtcatacgcgcatgaatatacgaagcccaaccacgaaagtggctttaaagctctgactccacgaaagctatgata","[317475]","Halichoeres dispilus","Eukaryota","Chordata","Actinopteri","Labriformes","Labridae","Halichoeres","Halichoeres dispilus",97,NA,NA,NA,NA,NA,NA,NA,NA,NA,"global",FALSE,97,"global","Halichoeres dispilus","Eukaryota","Chordata","Actinopteri","Labriformes","Labridae","Halichoeres","Halichoeres dispilus","Eukaryota","Chordata","Actinopteri","Labriformes","Labridae","Halichoeres","Halichoeres dispilus","species","Halichoeres dispilus"
"MiFish_0001017",55,NA,"None",0,"agccgcggtaatacggagggtgcaagcgttaatcggaattactgggcgtaaagcgcgcgtaggcggttttttaagtcggatgtgaaagccccgggctcaacctgggaactgcatccgatactggatcactagagtgcgggagagggaggtagaattccatgtgtagcagtgaaatgcgtagatatatggaggaataccagtggcgaaggcggcctcctggctcgacattgacgctgaggtgcgaaagcgtggggag",NA,NA,NA,NA,NA,NA,NA,NA,NA,0,NA,NA,NA,NA,NA,NA,NA,NA,NA,"local",FALSE,NA,NA,NA,NA,NA,NA,NA,NA,NA,NA,NA,NA,NA,NA,NA,NA,NA,NA,NA
"MiFish_0001018",73,NA,"None",0,"agccgcggtaagacgaaccgtacgaacgttattcggaattactgggcttaaagggtgcgtaggctgcgcggaaagttgggtgtgaaagccctcagctcaactgaggaattgcatccaaaactgccgtgcttgagggagacagaggtgagcggaactcaaggtggagcggtgaaatgcgttgatatcttgaggaacaccggtggcgaaagcggctcactgggtctcttctgacgctgaggcacgaaagctaaggtag",NA,NA,NA,NA,NA,NA,NA,NA,NA,0,NA,NA,NA,NA,NA,NA,NA,NA,NA,"local",FALSE,NA,NA,NA,NA,NA,NA,NA,NA,NA,NA,NA,NA,NA,NA,NA,NA,NA,NA,NA
"MiFish_0001019",170,"['LC698778', 'MG255111']","211834",0.970414201183432,"caccgcggttatacgagagacccgagttgatagataccggcgtaaagagtggttaagacttatttaacactaaagccgaacgccctcaaagctgttatacgcacccgagggtaagaagcccaaccacgaaagtggctttaaactatccgaatccacgaaagctatgaca","[211834]","Lutjanus argentimaculatus","Eukaryota","Chordata","Actinopteri","Lutjaniformes","Lutjanidae","Lutjanus","Lutjanus argentimaculatus",97,NA,NA,NA,NA,NA,NA,NA,NA,NA,"global",FALSE,97,"global","Lutjanus argentimaculatus","Eukaryota","Chordata","Actinopteri","Lutjaniformes","Lutjanidae","Lutjanus","Lutjanus argentimaculatus","Eukaryota","Chordata","Actinopteri","Lutjaniformes","Lutjanidae","Lutjanus",NA,"genus","Lutjanus"
"MiFish_0001020",11,NA,"None",0,"agccgcggtaatacggagggtgcaagcgttaatcggaattactgggcgtaaagcgcgcgtaggcggtcttttaagtcggatgtgaaagccccgggctcaacctgggaactgcatccgatactggatcactagaatgcgggagagggaggtagaattccatgtgtagcagtgaaatgcgtagatatatggaggaataccagtggcgaaggcggcctcctggctcgacattgacgctgaggtgcgaaagcgtggggag",NA,NA,NA,NA,NA,NA,NA,NA,NA,0,NA,NA,NA,NA,NA,NA,NA,NA,NA,"local",FALSE,NA,NA,NA,NA,NA,NA,NA,NA,NA,NA,NA,NA,NA,NA,NA,NA,NA,NA,NA
"MiFish_0001021",180,"['KT619054']","1167616",0.970414201183432,"taccgcggttatacgagaggcccaagttgacaggctccggcgtaaagcgtggttaaggaacaacaaatactaaagccgaacgcttactaggctgttatacgcttacgaaagtaagaagcacatccacgaaggtggctttactccgcctgaacccacgaaagccaagaca","[1167616]","Epinephelus bontoides","Eukaryota","Chordata","Actinopteri","Perciformes","Serranidae","Epinephelus","Epinephelus bontoides",97,"d:Eukaryota,p:Chordata,c:Actinopteri,o:Perciformes,f:Serranidae,g:Epinephelus,s:Epinephelus_merra","Eukaryota","Chordata","Actinopteri","Perciformes","Serranidae","Epinephelus","Epinephelus merra",95.3,"global",TRUE,97,"global_lca_to_local","Epinephelus","Eukaryota","Chordata","Actinopteri","Perciformes","Serranidae","Epinephelus",NA,"Eukaryota","Chordata","Actinopteri","Perciformes","Serranidae","Epinephelus",NA,"genus","Epinephelus"
"MiFish_0001022",18,NA,"None",0,"agccgcggtaatacggagggtgcaagcgttaatcggaattactgggcgtaaagcgcgcgtaggcggttttttaagtcggatgtgaaagccccgggctcaacctgggaactgcatccgatactggatcactagaatgcgggagagggaggtagaattccatgtgtagcagtgaaatgcgtagatatatggaggaataccagtggcgaaggcggcctcctggctcgacattgacgctgaggtacgaaagcgtggggag",NA,NA,NA,NA,NA,NA,NA,NA,NA,0,NA,NA,NA,NA,NA,NA,NA,NA,NA,"local",FALSE,NA,NA,NA,NA,NA,NA,NA,NA,NA,NA,NA,NA,NA,NA,NA,NA,NA,NA,NA
"MiFish_0001023",12,"['KF374976']","48193",0.988304093567252,"caccgcggttatacgaaagacccaagctgatagatgtcggcgtaaagagtggttaagtatcttgatagaactaaagccgaacgccctcaagaccgttatacgtttccgaaggtatgaagctcaactacgaaagtaactttaactatatctgattccacgaaagctgagata","[48193]","Mugil cephalus","Eukaryota","Chordata","Actinopteri","Mugiliformes","Mugilidae","Mugil","Mugil cephalus",98.8,"d:Eukaryota,p:Chordata,c:Actinopteri,o:Mugiliformes,f:Mugilidae,g:Mugil,s:Mugil_cephalus","Eukaryota","Chordata","Actinopteri","Mugiliformes","Mugilidae","Mugil","Mugil cephalus",98.8,"local",FALSE,98.8,"local","Mugil cephalus","Eukaryota","Chordata","Actinopteri","Mugiliformes","Mugilidae","Mugil","Mugil cephalus","Eukaryota","Chordata","Actinopteri","Mugiliformes","Mugilidae","Mugil","Mugil cephalus","species","Mugil cephalus"
"MiFish_0001024",31,"['AB054133', 'AF417345']","29144",0.994318181818182,"caccgcggttatacgagaggctctagttgacgaactacggcgtaaagcgtggccacggagagcaatcaatactaaagccaaacgcctcccaggctgtcatacgcatccggaggtacgaagcccaataacgaaagtagctttattaccgccaacctgaccccacgacaactgagaaa","[29144]","Chanos chanos","Eukaryota","Chordata","Actinopteri","Gonorynchiformes","Chanidae","Chanos","Chanos chanos",99.4,NA,NA,NA,NA,NA,NA,NA,NA,NA,"global",FALSE,99.4,"global","Chanos chanos","Eukaryota","Chordata","Actinopteri","Gonorynchiformes","Chanidae","Chanos","Chanos chanos","Eukaryota","Chordata","Actinopteri","Gonorynchiformes","Chanidae","Chanos","Chanos chanos","species","Chanos chanos"
"MiFish_0001025",12,NA,"None",0,"gggacgatagaccctataaacctcagttaaaaaatctaaatactatatgctttaagattatagcttgtttggggtaaactttaatattaatattattaatataaactgatcttaacacaattaattgaataaggta",NA,NA,NA,NA,NA,NA,NA,NA,NA,0,NA,NA,NA,NA,NA,NA,NA,NA,NA,"local",FALSE,NA,NA,NA,NA,NA,NA,NA,NA,NA,NA,NA,NA,NA,NA,NA,NA,NA,NA,NA
"MiFish_0001026",10,"['FJ616290']","36213",0.994082840236686,"caccgcggttatacgagaggctcaagttgacagacaacggcgtaaagagtggttaaggaacttattaaactaaagccgaacgccctcagaactgttatacgtttccgaaggtaagaagccccaccacgaaagtgactttattttccccgactccacgaaagctgtgaaa","[646011]","Abudefduf","Eukaryota","Chordata","Actinopteri",NA,"Pomacentridae","Abudefduf",NA,99.4,NA,NA,NA,NA,NA,NA,NA,NA,NA,"global",FALSE,99.4,"global","Abudefduf","Eukaryota","Chordata","Actinopteri",NA,"Pomacentridae","Abudefduf",NA,"Eukaryota","Chordata","Actinopteri",NA,"Pomacentridae","Abudefduf",NA,"genus","Abudefduf"
"MiFish_0001027",14,NA,"None",0,"caccgcggttatacgagaggcccaagttgaccgacactcggcgtaaagagtggttaaaagaacctaaaactaaagccgaacgccctcactactgttatacgttttcgagggcaagaagccctactacgaaagtggctttactaacattgaccccacgaaagctgtgaaa",NA,NA,NA,NA,NA,NA,NA,NA,NA,0,NA,NA,NA,NA,NA,NA,NA,NA,NA,"local",FALSE,NA,NA,NA,NA,NA,NA,NA,NA,NA,NA,NA,NA,NA,NA,NA,NA,NA,NA,NA
"MiFish_0001028",35,NA,"None",0,"caccgcggttatacgaaagacccaagctgatagatgtcggcgtaaagagtggttaaggtaaaatttaaactaaagccaaactcctattaagttcgtctaatgttaattaaaagggagaggcccaactacgaaagtggctttaccaaacctgaccccacgaaagctgagaca",NA,NA,NA,NA,NA,NA,NA,NA,NA,0,NA,NA,NA,NA,NA,NA,NA,NA,NA,"local",FALSE,NA,NA,NA,NA,NA,NA,NA,NA,NA,NA,NA,NA,NA,NA,NA,NA,NA,NA,NA
"MiFish_0001029",13,"['MW630164']","334415",0.952662721893491,"caccgcggttatacgagaggcccaagctgataattatcggcgtaaagagtggttaagattaattgaagactaaagccgaaacccccatagctgttatacgcacccgggggaaagaagcccaattacgaaagtggctttacaacatctgaacccacgaaagctagggca","[334415]","Haemulon plumierii","Eukaryota","Chordata","Actinopteri","Lutjaniformes","Haemulidae","Haemulon","Haemulon plumierii",95.3,NA,NA,NA,NA,NA,NA,NA,NA,NA,"global",FALSE,95.3,"global","Haemulon plumierii","Eukaryota","Chordata","Actinopteri","Lutjaniformes","Haemulidae","Haemulon","Haemulon plumierii","Eukaryota","Chordata","Actinopteri","Lutjaniformes","Haemulidae","Haemulon",NA,"genus","Haemulon"
"MiFish_0001030",26,"['KF374976']","48193",0.982456140350877,"caccgcggttatacgaggggcccaagctgatagatgtcggcgtaaagagtggttaagtatcttgatagaactaaagccgaacgccctcaagaccgttatacgtttccgaaggtatgaagctcaactacgaaagtaactttaactatatctgattccacgaaagctgcgaaa","[48193]","Mugil cephalus","Eukaryota","Chordata","Actinopteri","Mugiliformes","Mugilidae","Mugil","Mugil cephalus",98.2,"d:Eukaryota,p:Chordata,c:Actinopteri,o:Mugiliformes,f:Mugilidae,g:Mugil,s:Mugil_cephalus","Eukaryota","Chordata","Actinopteri","Mugiliformes","Mugilidae","Mugil","Mugil cephalus",98.2,"local",FALSE,98.2,"local","Mugil cephalus","Eukaryota","Chordata","Actinopteri","Mugiliformes","Mugilidae","Mugil","Mugil cephalus","Eukaryota","Chordata","Actinopteri","Mugiliformes","Mugilidae","Mugil","Mugil cephalus","species","Mugil cephalus"
"MiFish_0001031",13,NA,"None",0,"caccgcggtcacacgattaacccaagtcaatagaaaccggcgtaaagagtgttttagatcaccccctacccaataaagctaaaactcacctgagttgtaaaaaactccagttgacacaaaatagactacgaaagtggctttaacatatctgaacacacaatagctaagacc",NA,NA,NA,NA,NA,NA,NA,NA,NA,0,NA,NA,NA,NA,NA,NA,NA,NA,NA,"local",FALSE,NA,NA,NA,NA,NA,NA,NA,NA,NA,NA,NA,NA,NA,NA,NA,NA,NA,NA,NA
"MiFish_0001032",11,NA,"None",0,"caccgcggttatacgaggggcccgagtcgacagccaccggcgtaaagagtggttagggtaaaatttaaactaaagccaaactcctattaagttcgtctaatgttaattaaaagggagaggcccaactacgaaagtggctttaccaaacctgattccacgaaagctgcgaaa",NA,NA,NA,NA,NA,NA,NA,NA,NA,0,NA,NA,NA,NA,NA,NA,NA,NA,NA,"local",FALSE,NA,NA,NA,NA,NA,NA,NA,NA,NA,NA,NA,NA,NA,NA,NA,NA,NA,NA,NA
"MiFish_0001033",41,NA,"None",0,"caccgcggttatacgaggggcccgagtcgacagccaccggcgtaaagagtggttagggtaaaatttaaactaaagccaaactcctattaagttcgtctaatgttaattaaaagggagaggcccaactacgaaagtaactttaactatatctgattccacgaaagctgcgaaa",NA,NA,NA,NA,NA,NA,NA,NA,NA,0,NA,NA,NA,NA,NA,NA,NA,NA,NA,"local",FALSE,NA,NA,NA,NA,NA,NA,NA,NA,NA,NA,NA,NA,NA,NA,NA,NA,NA,NA,NA
"MiFish_0001034",10,NA,"None",0,"caccgcggttatacgagtaggcccgagtcgacagccaccggcgtaaagagtggttagggtaaaatttaaactaaagccaaactcctattaagttcgtctaatgttaattaaaagggagaggcccaactacgaaagtggctttaccaaacctgaccccacgaaagctgagaca",NA,NA,NA,NA,NA,NA,NA,NA,NA,0,NA,NA,NA,NA,NA,NA,NA,NA,NA,"local",FALSE,NA,NA,NA,NA,NA,NA,NA,NA,NA,NA,NA,NA,NA,NA,NA,NA,NA,NA,NA
"MiFish_0001035",1104,NA,"None",0,"caccgcggttatacgagaggcccaagttgataagcccggcgtaaagagtggttatggatgaaccccacactaaagctaaagaccccctaggctgttatacgcacctgagggctcgaaccacctatacgaaagtagctttactcccttccaccagaacccacgacagctggggca",NA,NA,NA,NA,NA,NA,NA,NA,NA,0,NA,NA,NA,NA,NA,NA,NA,NA,NA,"local",FALSE,NA,NA,NA,NA,NA,NA,NA,NA,NA,NA,NA,NA,NA,NA,NA,NA,NA,NA,NA
"MiFish_0001036",39,NA,"None",0,"agccgcggtaatacgaggggtgcaagcgttaatcggaattactgggcgtaaagcgtacgcaggcggttgtgtaagtcagatgtgaaagccccgggctcaacctgggaaagtcatttgaaactgcacaactagagtcttgtagaggggggtagaatttcaggtgtagcggtgaaatgcgtagagatctgaaggaataccagtggcgaaggcggccccctggacaaagactgacgctcatgtacgaaagcgtggggag",NA,NA,NA,NA,NA,NA,NA,NA,NA,0,NA,NA,NA,NA,NA,NA,NA,NA,NA,"local",FALSE,NA,NA,NA,NA,NA,NA,NA,NA,NA,NA,NA,NA,NA,NA,NA,NA,NA,NA,NA
"MiFish_0001037",40,NA,"None",0,"agccgcggtaatacggagggtgcaagcgttaatcggaattactgggcgtaaagcgcgcgtaggcggttttttaagtcggatgtgaaagccccgggctcaacctgggaactgcatccgatactggatcactagaatgcgggagagggaggtagaattccatgtgtggcagtgaaatgcgtagatatatggaggaataccagtggcgaaggcggcctcctggctcgacattgacgctgaggtgcgaaagcgtggggag",NA,NA,NA,NA,NA,NA,NA,NA,NA,0,NA,NA,NA,NA,NA,NA,NA,NA,NA,"local",FALSE,NA,NA,NA,NA,NA,NA,NA,NA,NA,NA,NA,NA,NA,NA,NA,NA,NA,NA,NA
"MiFish_0001038",50,NA,"None",0,"ggccgcggtaagacggaggatgcaagtgttatccggaatcactgggcgtaaagcgtctgtaggtggttaagcaagtcaactgttaaatcttgaggctcaacttcaaaatcgcagtcgaaactgtttgactagagtatagtaggggtaaagggaatttccagtggagcggtgaaatgcgtagatattggaaagaacaccgatggcgaaggcactttactgggctattactgacactcagagacgaaagctagggtag",NA,NA,NA,NA,NA,NA,NA,NA,NA,0,NA,NA,NA,NA,NA,NA,NA,NA,NA,"local",FALSE,NA,NA,NA,NA,NA,NA,NA,NA,NA,NA,NA,NA,NA,NA,NA,NA,NA,NA,NA
"MiFish_0001039",118,"['KY815286']","317475",0.970059880239521,"caccgcggttatacgagagacccaagtagatggccgccggcgtaaagagtggtttagatgtgcccctactaaagccaaatgacttcaaagctgtcatacgcgcatgaatatacgaagcccaaccacgaaagtggctttaaagccctgactccacgaaagctatgata","[317475]","Halichoeres dispilus","Eukaryota","Chordata","Actinopteri","Labriformes","Labridae","Halichoeres","Halichoeres dispilus",97,NA,NA,NA,NA,NA,NA,NA,NA,NA,"global",FALSE,97,"global","Halichoeres dispilus","Eukaryota","Chordata","Actinopteri","Labriformes","Labridae","Halichoeres","Halichoeres dispilus","Eukaryota","Chordata","Actinopteri","Labriformes","Labridae","Halichoeres","Halichoeres dispilus","species","Halichoeres dispilus"
"MiFish_0001040",11,NA,"None",0,"caccgcggtcacacgattaacccaagtcaatagaagccggcgtaaagagtgttttagatcaccccctccccaataaagctaaaacccacctgagttgtaaaaaactccagttgacacaaaatagactacgaaagtggctttaacatatctgaacacacaatagctaagacc",NA,NA,NA,NA,NA,NA,NA,NA,NA,0,NA,NA,NA,NA,NA,NA,NA,NA,NA,"local",FALSE,NA,NA,NA,NA,NA,NA,NA,NA,NA,NA,NA,NA,NA,NA,NA,NA,NA,NA,NA
"MiFish_0001041",13,"['KF374975', 'KF374983', 'KF374984']","8190",0.964705882352941,"caccgcggttatacgaggggcccaagtcgacagccaccggcgtaaagagtggttaggtaacttaacaaactaaagccgaacgcccccaaggctgttatacgtgctcggaggtatgaagcccaactacgaaagtggctttaactatatctgaacccacgaaagctgtgaaa","[48194, 1229150]","Mugil","Eukaryota","Chordata","Actinopteri","Mugiliformes","Mugilidae","Mugil",NA,96.5,"d:Eukaryota,p:Chordata,c:Actinopteri,o:Mugiliformes,f:Mugilidae,g:Mugil,s:Mugil_thoburni","Eukaryota","Chordata","Actinopteri","Mugiliformes","Mugilidae","Mugil","Mugil thoburni",96.5,"local",FALSE,96.5,"local","Mugil thoburni","Eukaryota","Chordata","Actinopteri","Mugiliformes","Mugilidae","Mugil","Mugil thoburni","Eukaryota","Chordata","Actinopteri","Mugiliformes","Mugilidae","Mugil","Mugil thoburni","species","Mugil thoburni"
"MiFish_0001042",43,NA,"None",0,"cgcggtaatacggagggtgcaagcgttaatcggaattactgggcgtaaagcgcgcgtaggcggttttttaagtcggatgtgaaagccccgggctcaacctgggaactgcatccgatactggatcactagaatgcgggagagggaggtagaattccatgtgtagcagtgaaatgcgtagatatatggaggaataccagtggcgaaggcggcctcctggctcgacattgacgctgaggtgcgaaagcgtggggag",NA,NA,NA,NA,NA,NA,NA,NA,NA,0,NA,NA,NA,NA,NA,NA,NA,NA,NA,"local",FALSE,NA,NA,NA,NA,NA,NA,NA,NA,NA,NA,NA,NA,NA,NA,NA,NA,NA,NA,NA
"MiFish_0001043",26,NA,"None",0,"agccgcggtaatacgtatgtcgcaagcgttatccggaattattgggcgtaaagcgcgtctaggcggtcttttaagtctgatgtgaaaatgcggggctcaactccgtattgcgttggaaactggaagactagagtatcagagaggtgggcggaactacaagtgtagaggtgaaattcgtagatatttgtaggaatgccgattgggaagccagctcactggatgaatactgacgctgaagcgcgaaagcgtggggag",NA,NA,NA,NA,NA,NA,NA,NA,NA,0,NA,NA,NA,NA,NA,NA,NA,NA,NA,"local",FALSE,NA,NA,NA,NA,NA,NA,NA,NA,NA,NA,NA,NA,NA,NA,NA,NA,NA,NA,NA
"MiFish_0001044",11,NA,"None",0,"caccgcggttatacgagaggcctaagttgatagacatcggcgtaaagagtggttagggaagacataaactaaagccgaacaccttcaaagctgttatacgttaacgaaggtaggaagcccccctacgaaagtggctttaaatttcctgactccacgaaagctgaggta",NA,NA,NA,NA,NA,NA,NA,NA,NA,0,NA,NA,NA,NA,NA,NA,NA,NA,NA,"local",FALSE,NA,NA,NA,NA,NA,NA,NA,NA,NA,NA,NA,NA,NA,NA,NA,NA,NA,NA,NA
"MiFish_0001045",12,"['MW630254']","1350520",0.994285714285714,"caccgcggttatacgagaggctcaagttgacagacacggcgtaaagagtggttaggcaaccccctccctacacactaaagtcgaacgccctcagggcagttatacgcgctgcgaaggtaagaagctcctccacgaaagtgactttactccacctgactccacgaaagctgagata","[1350520]","Stegastes beebei","Eukaryota","Chordata","Actinopteri",NA,"Pomacentridae","Stegastes","Stegastes beebei",99.4,NA,NA,NA,NA,NA,NA,NA,NA,NA,"global",FALSE,99.4,"global","Stegastes beebei","Eukaryota","Chordata","Actinopteri",NA,"Pomacentridae","Stegastes","Stegastes beebei","Eukaryota","Chordata","Actinopteri",NA,"Pomacentridae","Stegastes","Stegastes beebei","species","Stegastes beebei"
"MiFish_0001046",32,"['JX135579']","327774",0.970414201183432,"taccgcggttatacgagaggctcaagttgacaggttccggcgtaaagcgtggttaagggtaaataaacactaaagccgaacgcctactaggctgttatacgtatccgaaagtaagaagcacaaccacgaaggtggctttaccttacctgatcccacgaaagctaaggca","[327774]","Hyporthodus octofasciatus","Eukaryota","Chordata","Actinopteri","Perciformes","Serranidae","Hyporthodus","Hyporthodus octofasciatus",97,NA,NA,NA,NA,NA,NA,NA,NA,NA,"global",FALSE,97,"global","Hyporthodus octofasciatus","Eukaryota","Chordata","Actinopteri","Perciformes","Serranidae","Hyporthodus","Hyporthodus octofasciatus","Eukaryota","Chordata","Actinopteri","Perciformes","Serranidae","Hyporthodus",NA,"genus","Hyporthodus"
"MiFish_0001047",21,NA,"None",0,"caccgcggttatacgagtgagcccaagttgataaaaaccggcgtaaagggtggttaagaacgttactaaataaagccaaaaattctagcagttgttaaatgctcgcaagcatagtaagcccaaatacgaaagtagctttataatttctgaccccacgaaaactaggaca",NA,NA,NA,NA,NA,NA,NA,NA,NA,0,NA,NA,NA,NA,NA,NA,NA,NA,NA,"local",FALSE,NA,NA,NA,NA,NA,NA,NA,NA,NA,NA,NA,NA,NA,NA,NA,NA,NA,NA,NA
"MiFish_0001048",34,NA,"None",0,"caccgcggttatacgaaagacccaagctgatggtcaccggcgtaaagagtggttaagacagattataaactaaagccgaaagccatcgcggctgtcatacgcatccgaaggtaagaagcccagttacgaaagtagctttacaacatctgaatccacgaaagctaggcca",NA,NA,NA,NA,NA,NA,NA,NA,NA,0,NA,NA,NA,NA,NA,NA,NA,NA,NA,"local",FALSE,NA,NA,NA,NA,NA,NA,NA,NA,NA,NA,NA,NA,NA,NA,NA,NA,NA,NA,NA
"MiFish_0001049",109,NA,"None",0,"caccgcggttatacgaaagacccaagctgatggtcaccggcgtaaagagtggttaagacagattataaactaaagccgaaagccatcacggctgtcatacgcatccgaaggtaagaagcccagttacgaaagtagctttacaacatctgaatccacgaaagctaggccg",NA,NA,NA,NA,NA,NA,NA,NA,NA,0,NA,NA,NA,NA,NA,NA,NA,NA,NA,"local",FALSE,NA,NA,NA,NA,NA,NA,NA,NA,NA,NA,NA,NA,NA,NA,NA,NA,NA,NA,NA
"MiFish_0001050",40,"['LC645306']","398654",0.970238095238095,"caccgcggctatacgagaggcccaagttgatagcacccggcgtaaagagtggttatggaaaattattactaaagccgcacaccttcaaagctgtcatacgcatccgaagaatagaagccctatcacgaaagtagctttacaaaacctgaccccacgaaagctctggta","[398654]","Pontinus macrocephalus","Eukaryota","Chordata","Actinopteri","Perciformes","Scorpaenidae","Pontinus","Pontinus macrocephalus",97,NA,NA,NA,NA,NA,NA,NA,NA,NA,"global",FALSE,97,"global","Pontinus macrocephalus","Eukaryota","Chordata","Actinopteri","Perciformes","Scorpaenidae","Pontinus","Pontinus macrocephalus","Eukaryota","Chordata","Actinopteri","Perciformes","Scorpaenidae","Pontinus",NA,"genus","Pontinus"
"MiFish_0001051",62,"['AF488509']","195598",0.982456140350877,"caccgcggttatacgagaggcccaagttgacagacagcggcgtaaagagtggttagggaaccaaatgtactaaagccgaaagccctcaaggctgtgatacgcctcttcgacggcacgaagacctactacgaaagtggctttacttcgcctgaccccacgaaagctgaggaa","[195598]","Bothus robinsi","Eukaryota","Chordata","Actinopteri","Pleuronectiformes","Bothidae","Bothus","Bothus robinsi",98.2,NA,NA,NA,NA,NA,NA,NA,NA,NA,"global",FALSE,98.2,"global","Bothus robinsi","Eukaryota","Chordata","Actinopteri","Pleuronectiformes","Bothidae","Bothus","Bothus robinsi","Eukaryota","Chordata","Actinopteri","Pleuronectiformes","Bothidae","Bothus",NA,"genus","Bothus"
"MiFish_0001052",14,NA,"None",0,"caccgcggttatacgagagactcaagctgacaatcaccggcgtaaagagtggttaatcttaccaaaaaataaagccgaacgcctccaaagttgtattacgcattcggaggtatgaagcccaattacgaaagtggctttacactcttcgaacccacgagagctagggaa",NA,NA,NA,NA,NA,NA,NA,NA,NA,0,NA,NA,NA,NA,NA,NA,NA,NA,NA,"local",FALSE,NA,NA,NA,NA,NA,NA,NA,NA,NA,NA,NA,NA,NA,NA,NA,NA,NA,NA,NA
"MiFish_0001053",11,NA,"None",0,"caccgcggttatacgaaagacccaagctgatagatgtcggcgtaaagagtggttaagtatcttgatagaactaaagccgaaagccatcacggctgtcatacgcatccgaaggtaagaagcccagttacgaaagtagctttacaacatctgaatccacgaaagctaggcca",NA,NA,NA,NA,NA,NA,NA,NA,NA,0,NA,NA,NA,NA,NA,NA,NA,NA,NA,"local",FALSE,NA,NA,NA,NA,NA,NA,NA,NA,NA,NA,NA,NA,NA,NA,NA,NA,NA,NA,NA
"MiFish_0001054",26,NA,"None",0,"caccgcggttatacgagaggcccaagttgataagcccggcgtaaagagtggttatggatgaaccccacactaaagctaaagaccccctaggctgttatacgcacctgggggctcgaaccacctatacgaaagtagctttactccctaccaccagaacccacgacagctggggca",NA,NA,NA,NA,NA,NA,NA,NA,NA,0,NA,NA,NA,NA,NA,NA,NA,NA,NA,"local",FALSE,NA,NA,NA,NA,NA,NA,NA,NA,NA,NA,NA,NA,NA,NA,NA,NA,NA,NA,NA
"MiFish_0001055",27,"['KF374976']","48193",0.96551724137931,"caccgcggttatacgaaagacccaagctgatggtcaccggcgtaaagagtggttaagtatcttgatagaactaaagccgaacgccctcaagaccgttatacgtttccgaaggtatgaagctcaactacgaaagtaactttaactatatctgattccacgaaagctgcgaaa","[48193]","Mugil cephalus","Eukaryota","Chordata","Actinopteri","Mugiliformes","Mugilidae","Mugil","Mugil cephalus",96.6,"d:Eukaryota,p:Chordata,c:Actinopteri,o:Mugiliformes,f:Mugilidae,g:Mugil,s:Mugil_cephalus","Eukaryota","Chordata","Actinopteri","Mugiliformes","Mugilidae","Mugil","Mugil cephalus",97.1,"local",FALSE,97.1,"local","Mugil cephalus","Eukaryota","Chordata","Actinopteri","Mugiliformes","Mugilidae","Mugil","Mugil cephalus","Eukaryota","Chordata","Actinopteri","Mugiliformes","Mugilidae","Mugil","Mugil cephalus","species","Mugil cephalus"
"MiFish_0001056",30,NA,"None",0,"caccgcggttatacgaaagacccaagctgatggtcaccggcgtaaagagtggttaagacagattataaactaaagccgaaagccatcacggctgtcatacgcatccgaaggtaagaagcccagttacgaaagtagctttacagcatctgaatccacgaaagctaggcca",NA,NA,NA,NA,NA,NA,NA,NA,NA,0,NA,NA,NA,NA,NA,NA,NA,NA,NA,"local",FALSE,NA,NA,NA,NA,NA,NA,NA,NA,NA,NA,NA,NA,NA,NA,NA,NA,NA,NA,NA
"MiFish_0001057",21,NA,"None",0,"caccgcggttatacgaaagacccaagctgatggtcaccggcgtaaagagtggttaagacagattataaactaaagccgaaagccgtcacggctgtcatacgcatccgaaggtaagaagcccagttacgaaagtagctttacaacatctgaatccacgaaagctaggcca",NA,NA,NA,NA,NA,NA,NA,NA,NA,0,NA,NA,NA,NA,NA,NA,NA,NA,NA,"local",FALSE,NA,NA,NA,NA,NA,NA,NA,NA,NA,NA,NA,NA,NA,NA,NA,NA,NA,NA,NA
"MiFish_0001058",16,NA,"None",0,"caccgcggttatacgagaggcccaagctgatggtcaccggcgtaaagagtggttaagacagattataaactaaagccgaaagccatcacggctgtcatacgcatccgaaggtaagaagcccagttacgaaagtagctttacaacatctgaatccacgaaagctaggcca",NA,NA,NA,NA,NA,NA,NA,NA,NA,0,NA,NA,NA,NA,NA,NA,NA,NA,NA,"local",FALSE,NA,NA,NA,NA,NA,NA,NA,NA,NA,NA,NA,NA,NA,NA,NA,NA,NA,NA,NA
"MiFish_0001059",464,"['AP011915']","168377",0.988235294117647,"caccgcggttatacgagaggtccaagttgttagccctcggcgtaaagagtggttaaaataaaaaacaaaactgaggtcgaacatcttcaaggcagttatacgctcccgaggatatgaagcacaatcacgaaagtagcctcaccctgcttgaacccacgaaagctaggaca","[168377]","Sphoeroides annulatus","Eukaryota","Chordata","Actinopteri","Tetraodontiformes","Tetraodontidae","Sphoeroides","Sphoeroides annulatus",98.8,NA,NA,NA,NA,NA,NA,NA,NA,NA,"global",FALSE,98.8,"global","Sphoeroides annulatus","Eukaryota","Chordata","Actinopteri","Tetraodontiformes","Tetraodontidae","Sphoeroides","Sphoeroides annulatus","Eukaryota","Chordata","Actinopteri","Tetraodontiformes","Tetraodontidae","Sphoeroides","Sphoeroides annulatus","species","Sphoeroides annulatus"
"MiFish_0001060",22,NA,"None",0,"caccgcggttatacgaggggttcaagttgatgtctgtcggcgtaaagagtgattacaggagtataaataactaaagccgaagaccccctgggctgttttacgcatttgggggctattaagctcttcaacgaaggtagctttaaaagattcatcctcgagttcacgatagctaaggca",NA,NA,NA,NA,NA,NA,NA,NA,NA,0,NA,NA,NA,NA,NA,NA,NA,NA,NA,"local",FALSE,NA,NA,NA,NA,NA,NA,NA,NA,NA,NA,NA,NA,NA,NA,NA,NA,NA,NA,NA
"MiFish_0001061",13,NA,"None",0,"caccgcggttatacgaaagacccaagctgatggtcaccggcgtaaagagtggttaagacagattataaactaaggccgaaagccatcacggctgtcatacgcatccgaaggtaagaagcccagttacgaaagtagctttacaacatctgaatccacgaaagctaggcca",NA,NA,NA,NA,NA,NA,NA,NA,NA,0,NA,NA,NA,NA,NA,NA,NA,NA,NA,"local",FALSE,NA,NA,NA,NA,NA,NA,NA,NA,NA,NA,NA,NA,NA,NA,NA,NA,NA,NA,NA
"MiFish_0001062",25,"['AB054133', 'AF417345']","29144",0.994318181818182,"caccgcggttatacgagaggctctagttgacgaactacggcgtaaagcgtggtcacggggagcaatcaatactaaagccaaacgcctcccaggctgtcatacgcatccggaggtacgaagcccaataacgaaagtagctttattaccgccaacctgaccccacgacaactgagaaa","[29144]","Chanos chanos","Eukaryota","Chordata","Actinopteri","Gonorynchiformes","Chanidae","Chanos","Chanos chanos",99.4,NA,NA,NA,NA,NA,NA,NA,NA,NA,"global",FALSE,99.4,"global","Chanos chanos","Eukaryota","Chordata","Actinopteri","Gonorynchiformes","Chanidae","Chanos","Chanos chanos","Eukaryota","Chordata","Actinopteri","Gonorynchiformes","Chanidae","Chanos","Chanos chanos","species","Chanos chanos"
"MiFish_0001063",11,"['OL628870', 'OP035261', 'OP537848', 'AP012945', 'DQ854648', 'FJ374798']","1489872",0.994047619047619,"accgcggttatacgagaggcccaagttgacagacatcggcgtaaagcgtggttaaggaaaatttaaactaaagccgaacaccttcagggcagttatacgcatccgaaggcacgaagccccaccacgaaagtggctttatgactcctgaccccacgaaagctatgaca","[13323, 141264]","Percomorphaceae","Eukaryota","Chordata","Actinopteri",NA,NA,NA,NA,99.4,"d:Eukaryota,p:Chordata,c:Actinopteri,o:Scombriformes,f:Scombridae,g:Acanthocybium,s:Acanthocybium_solandri","Eukaryota","Chordata","Actinopteri","Scombriformes","Scombridae","Acanthocybium","Acanthocybium solandri",100,"local",FALSE,100,"local","Acanthocybium solandri","Eukaryota","Chordata","Actinopteri","Scombriformes","Scombridae","Acanthocybium","Acanthocybium solandri","Eukaryota","Chordata","Actinopteri","Scombriformes","Scombridae","Acanthocybium","Acanthocybium solandri","species","Acanthocybium solandri"
"MiFish_0001064",13,"['AB054133', 'AF417345']","29144",0.994318181818182,"accgcggttatacgagaggctctagttgacgaactacggcgtaaagcgtggtcacggagagcaatcaatactaaagccaaacgcctcccaggctgtcatacgcatccggaggtacgaagcccaataacgaaagtagctttattaccgccaacctgaccccacgacaactgagaaa","[29144]","Chanos chanos","Eukaryota","Chordata","Actinopteri","Gonorynchiformes","Chanidae","Chanos","Chanos chanos",99.4,NA,NA,NA,NA,NA,NA,NA,NA,NA,"global",FALSE,99.4,"global","Chanos chanos","Eukaryota","Chordata","Actinopteri","Gonorynchiformes","Chanidae","Chanos","Chanos chanos","Eukaryota","Chordata","Actinopteri","Gonorynchiformes","Chanidae","Chanos","Chanos chanos","species","Chanos chanos"
"MiFish_0001065",16,"['OP035077']","153621",0.958579881656805,"taccgcggttatacgagaggcccaagttgacaggttccggcgtaaagcgtggttaaggaataatgaacactaaagctgagcgcttactaggctgttatacgctcccgaaagtaagaagaccatccacgaaggtggctttaccttacctgaacccacgaaagccaaggca","[153621]","Mycteroperca bonaci","Eukaryota","Chordata","Actinopteri","Perciformes","Serranidae","Mycteroperca","Mycteroperca bonaci",95.9,NA,NA,NA,NA,NA,NA,NA,NA,NA,"global",FALSE,95.9,"global","Mycteroperca bonaci","Eukaryota","Chordata","Actinopteri","Perciformes","Serranidae","Mycteroperca","Mycteroperca bonaci","Eukaryota","Chordata","Actinopteri","Perciformes","Serranidae","Mycteroperca",NA,"genus","Mycteroperca"
"MiFish_0001066",17,NA,"None",0,"caccgcggttagacgaaaggcctaagttgataatcatcggcgtaaagagtggttaaggaaaacttaaaactaaagccgaatgttcacaaggttgttatacgcatccgagaataagaagctcctccacaaaagtggctttaacatacccgactccacgtaagctatgaaa",NA,NA,NA,NA,NA,NA,NA,NA,NA,0,NA,NA,NA,NA,NA,NA,NA,NA,NA,"local",FALSE,NA,NA,NA,NA,NA,NA,NA,NA,NA,NA,NA,NA,NA,NA,NA,NA,NA,NA,NA
"MiFish_0001067",25,NA,"None",0,"caccgcggttatacgagaggcccaagttgaccgacactcggcgtaaagagtggttaaaagaacctaaagctaaagccgaacgccctcactactgttatacgttttcgagggtaagaagccctactacgaaagtggctttactaacattgaccccacgaaagctgtgaaa",NA,NA,NA,NA,NA,NA,NA,NA,NA,0,NA,NA,NA,NA,NA,NA,NA,NA,NA,"local",FALSE,NA,NA,NA,NA,NA,NA,NA,NA,NA,NA,NA,NA,NA,NA,NA,NA,NA,NA,NA
"MiFish_0001068",43,"['MW630253']","1350519",0.994285714285714,"caccgcggttatacgagaggcccaagttgacagatacggcgtaaagagtggttaggcaaccccctttctacacactaaagtcgaacgccctctaggctgttatacgctctatgaaggcaagaagccccaccacgaaagtgactttattctacctgactccacgaaagctgagata","[1350519]","Stegastes arcifrons","Eukaryota","Chordata","Actinopteri",NA,"Pomacentridae","Stegastes","Stegastes arcifrons",99.4,NA,NA,NA,NA,NA,NA,NA,NA,NA,"global",FALSE,99.4,"global","Stegastes arcifrons","Eukaryota","Chordata","Actinopteri",NA,"Pomacentridae","Stegastes","Stegastes arcifrons","Eukaryota","Chordata","Actinopteri",NA,"Pomacentridae","Stegastes","Stegastes arcifrons","species","Stegastes arcifrons"
"MiFish_0001069",11,NA,"None",0,"caccgcggtcatacgattaacccaaattaatagatccacggcgtaaagagtgtttaagaaaaaaaatcacaatagagttaaattataactaagctgtaaaaagccctagttaaaataaaataacccacgaaagtgactctaataatcctgacacgcgatagctaggacc",NA,NA,NA,NA,NA,NA,NA,NA,NA,0,NA,NA,NA,NA,NA,NA,NA,NA,NA,"local",FALSE,NA,NA,NA,NA,NA,NA,NA,NA,NA,NA,NA,NA,NA,NA,NA,NA,NA,NA,NA
"MiFish_0001070",18,"['MW630230', 'MW630237', 'OP035322']","36213",0.994082840236686,"caccgcggttatacgagaggctcaagttgacagacaacggcgtaaagagtggttaaggaacttattaaactaaagccgaacgccctcagaactgttatacgtttccgaaggaaagaagccccaccacgaaagtgactttattttccccgactccacgaaagctgcggaa","[229087, 36217]","Abudefduf","Eukaryota","Chordata","Actinopteri",NA,"Pomacentridae","Abudefduf",NA,99.4,NA,NA,NA,NA,NA,NA,NA,NA,NA,"global",FALSE,99.4,"global","Abudefduf","Eukaryota","Chordata","Actinopteri",NA,"Pomacentridae","Abudefduf",NA,"Eukaryota","Chordata","Actinopteri",NA,"Pomacentridae","Abudefduf",NA,"genus","Abudefduf"
"MiFish_0001071",56,NA,"None",0,"caccgcggttagacgaaaggcctaagttgataatcatcggcgtaaagagtggttaaggaaaacttaaaactaaagccgaatgttcacaaggttgttatacgcatccgagaataagaagctcctccacgaaagtggctttaacgtacccgactccacgtaagctatgaaa",NA,NA,NA,NA,NA,NA,NA,NA,NA,0,NA,NA,NA,NA,NA,NA,NA,NA,NA,"local",FALSE,NA,NA,NA,NA,NA,NA,NA,NA,NA,NA,NA,NA,NA,NA,NA,NA,NA,NA,NA
"MiFish_0001072",13,NA,"None",0,"cgccgcggttatacgagaggcccaagtcgacagccaccggcgtaaagagtggttagggtaaaatttaaactaaagccaaactcctattaagttcgtctaatgttaattaaaagggagaggcccaactacgaaagtggctttaccaaacctgaccccacgaaagctgagaca",NA,NA,NA,NA,NA,NA,NA,NA,NA,0,NA,NA,NA,NA,NA,NA,NA,NA,NA,"local",FALSE,NA,NA,NA,NA,NA,NA,NA,NA,NA,NA,NA,NA,NA,NA,NA,NA,NA,NA,NA
"MiFish_0001073",626,"['OP035157']","482919",0.976331360946746,"caccgcggttatacgagaggcccaagctgataatcatcggcgtaaagggtggttagggttaattaaagactaaagccgaaagccctcacagctgttatacgcactcgagggtaagaagcccaactacgaaagtggctttacaatatccgaacccacgaaagctagggca","[482919]","Orthopristis chrysoptera","Eukaryota","Chordata","Actinopteri","Lutjaniformes","Haemulidae","Orthopristis","Orthopristis chrysoptera",97.6,NA,NA,NA,NA,NA,NA,NA,NA,NA,"global",FALSE,97.6,"global","Orthopristis chrysoptera","Eukaryota","Chordata","Actinopteri","Lutjaniformes","Haemulidae","Orthopristis","Orthopristis chrysoptera","Eukaryota","Chordata","Actinopteri","Lutjaniformes","Haemulidae","Orthopristis",NA,"genus","Orthopristis"
"MiFish_0001074",21,NA,"None",0,"caccgcggttagacgaaaggcctaagttgataatcatcggcgtaaagagtggttaaggaaaccttaaaactaaagccgaatgttcacaaggttgttatacgcatccgagaataagaagctcctccacgaaagtggctttaacatacccgactccacgtaagctatgaaa",NA,NA,NA,NA,NA,NA,NA,NA,NA,0,NA,NA,NA,NA,NA,NA,NA,NA,NA,"local",FALSE,NA,NA,NA,NA,NA,NA,NA,NA,NA,NA,NA,NA,NA,NA,NA,NA,NA,NA,NA
"MiFish_0001075",59,NA,"None",0,"caccgcggttagacgaaaggcctaagttgataatcatcggcgtaaggagtggttaaggaaaacttaaaactaaagccgaatgttcacaaggttgttatacgcatccgagaataagaagctcctccacgaaagtggctttaacatacccgactccacgtaagctatgaaa",NA,NA,NA,NA,NA,NA,NA,NA,NA,0,NA,NA,NA,NA,NA,NA,NA,NA,NA,"local",FALSE,NA,NA,NA,NA,NA,NA,NA,NA,NA,NA,NA,NA,NA,NA,NA,NA,NA,NA,NA
"MiFish_0001076",18,NA,"None",0,"caccgcggttagacgaaaggcctaagttgataatcatcggcgtaaagagtggttaaggaaaacttaaaactaaagccgaatgttcacaaggttgttatacgcatccgagaataagaagctcctccacgaaagtggctttaacatacctgactccacgtaagctatgaaa",NA,NA,NA,NA,NA,NA,NA,NA,NA,0,NA,NA,NA,NA,NA,NA,NA,NA,NA,"local",FALSE,NA,NA,NA,NA,NA,NA,NA,NA,NA,NA,NA,NA,NA,NA,NA,NA,NA,NA,NA
"MiFish_0001077",40,NA,"None",0,"caccgcggttatacgaaagacccaagctgatggtcaccggcgtaaagagtggttaagacagattataaactaaagccgaaagccatcacggctgtcatacgcatccgaaggtaagaagcccagttacgaaagtagctttacaacatctgaatccacgaaagctgagaca",NA,NA,NA,NA,NA,NA,NA,NA,NA,0,NA,NA,NA,NA,NA,NA,NA,NA,NA,"local",FALSE,NA,NA,NA,NA,NA,NA,NA,NA,NA,NA,NA,NA,NA,NA,NA,NA,NA,NA,NA
"MiFish_0001078",40,NA,"None",0,"caccgcggttatacgaaagacccaagctgatagatgtcggcgtaaagagtggttaagtatcttgatagaactaaagccgaacgccctcaaggctgttatacgcatccgaaggtgagaagcccattcacgaaagtggctttataactttgaacccacgaaagctagggaa",NA,NA,NA,NA,NA,NA,NA,NA,NA,0,NA,NA,NA,NA,NA,NA,NA,NA,NA,"local",FALSE,NA,NA,NA,NA,NA,NA,NA,NA,NA,NA,NA,NA,NA,NA,NA,NA,NA,NA,NA
"MiFish_0001079",4886,"['KJ148633']","146146",1,"caccgcggttatacgagaggctcaagttgatagacagcggcgtaaagagtggttaaggaaaatattaaattaaagcggaaagccctcaatgctgttatacgccttcgaagagactgaaccacaactacgaaagtggctttatttaacctgaacccacgaaagctaagaaa","[146146]","Selar crumenophthalmus","Eukaryota","Chordata","Actinopteri","Carangiformes","Carangidae","Selar","Selar crumenophthalmus",100,"d:Eukaryota,p:Chordata,c:Actinopteri,o:Carangiformes,f:Carangidae,g:Selar,s:Selar_crumenophthalmus","Eukaryota","Chordata","Actinopteri","Carangiformes","Carangidae","Selar","Selar crumenophthalmus",100,"local",FALSE,100,"local","Selar crumenophthalmus","Eukaryota","Chordata","Actinopteri","Carangiformes","Carangidae","Selar","Selar crumenophthalmus","Eukaryota","Chordata","Actinopteri","Carangiformes","Carangidae","Selar","Selar crumenophthalmus","species","Selar crumenophthalmus"
"MiFish_0001080",27,"['KF374976']","48193",0.976608187134503,"cgccgcggttatacgagaggcccaagttgatagatgtcggcgtaaagagtggttaagtatcttgatagaactaaagccgaacgccctcaagaccgttatacgtttccgaaggtatgaagctcaactacgaaagtaactttaactatatctgattccacgaaagctgcgaaa","[48193]","Mugil cephalus","Eukaryota","Chordata","Actinopteri","Mugiliformes","Mugilidae","Mugil","Mugil cephalus",97.7,"d:Eukaryota,p:Chordata,c:Actinopteri,o:Mugiliformes,f:Mugilidae,g:Mugil,s:Mugil_cephalus","Eukaryota","Chordata","Actinopteri","Mugiliformes","Mugilidae","Mugil","Mugil cephalus",97.7,"local",FALSE,97.7,"local","Mugil cephalus","Eukaryota","Chordata","Actinopteri","Mugiliformes","Mugilidae","Mugil","Mugil cephalus","Eukaryota","Chordata","Actinopteri","Mugiliformes","Mugilidae","Mugil","Mugil cephalus","species","Mugil cephalus"
"MiFish_0001081",242,"['OP035090', 'AP004445', 'KT805946', 'LC604983', 'LC605903', 'LC640048']","8158",0.994082840236686,"caccgcggttatacgagaggctcaagttgacagacaacggcgtaaagcgtggttaaggaaaatatgtaactaaagcggaacctcctcctagctgttatacgcttccgaggaaatgaaccccaactacgaaagtggctttatccaacctgaacccacgaaagctaagaaa","[173346, 181461, 990566]","Caranx","Eukaryota","Chordata","Actinopteri","Carangiformes","Carangidae","Caranx",NA,99.4,"d:Eukaryota,p:Chordata,c:Actinopteri,o:Carangiformes,f:Carangidae,g:Caranx,s:Caranx_melampygus","Eukaryota","Chordata","Actinopteri","Carangiformes","Carangidae","Caranx","Caranx melampygus",97,"global",TRUE,99.4,"global_lca_to_local","Caranx","Eukaryota","Chordata","Actinopteri","Carangiformes","Carangidae","Caranx",NA,"Eukaryota","Chordata","Actinopteri","Carangiformes","Carangidae","Caranx",NA,"genus","Caranx"
"MiFish_0001082",20,NA,"None",0,"cgccgcggttatacgagaggcccaagttgatagttaacggcgtaaagggtggttagaagaagactattactaaagccgaacgccctcaaggctgttatacgcatccgaaggtgagaagcccattcacgaaagtggctttataactttgaacccacgaaagctgcgaaa",NA,NA,NA,NA,NA,NA,NA,NA,NA,0,NA,NA,NA,NA,NA,NA,NA,NA,NA,"local",FALSE,NA,NA,NA,NA,NA,NA,NA,NA,NA,NA,NA,NA,NA,NA,NA,NA,NA,NA,NA
"MiFish_0001083",15,NA,"None",0,"gcggttatacgaggggcccgagtcgacagccaccggcgtaaagagtggttagggtaaaatttaaactaaagccaaactcctattaagttcgtctaatgttaattaaaagggagaggcccaactacgaaagtggctttaccaaacctgaccccacgaaagctgagaca",NA,NA,NA,NA,NA,NA,NA,NA,NA,0,NA,NA,NA,NA,NA,NA,NA,NA,NA,"local",FALSE,NA,NA,NA,NA,NA,NA,NA,NA,NA,NA,NA,NA,NA,NA,NA,NA,NA,NA,NA
"MiFish_0001084",17,NA,"None",0,"cgccgcggttatacgagaggcccaagttgatagttaacggcgtaaagggtggttagaagaagactattactaaagccgaacgccctcaaggctgttatacgcatccgaaggtgagaagcccattcacgaaagtggctttataactttgaacccacgaaagctaaggca",NA,NA,NA,NA,NA,NA,NA,NA,NA,0,NA,NA,NA,NA,NA,NA,NA,NA,NA,"local",FALSE,NA,NA,NA,NA,NA,NA,NA,NA,NA,NA,NA,NA,NA,NA,NA,NA,NA,NA,NA
"MiFish_0001085",52,NA,"None",0,"caccgcggttatacgaaagacccaagctgatggtcaccggcgtaaagagtggttagggtaaaatttaaactaaagccaaactcctattaagttcgtctaatgttaattaaaagggagaggcccaactacgaaagtggctttaccaaacctgaccccacgaaagctgagaca",NA,NA,NA,NA,NA,NA,NA,NA,NA,0,NA,NA,NA,NA,NA,NA,NA,NA,NA,"local",FALSE,NA,NA,NA,NA,NA,NA,NA,NA,NA,NA,NA,NA,NA,NA,NA,NA,NA,NA,NA
"MiFish_0001086",87,NA,"None",0,"caccgcggttatacgaaagacccaagctgatggtcaccggcgtaaagagtggttaagacagattataaactaaagccgaaagccatcacggctgtcatacgcatccgaaggtaagaagcccaattacgaaagtagctttacaacatctgaatccacgaaagctaggcca",NA,NA,NA,NA,NA,NA,NA,NA,NA,0,NA,NA,NA,NA,NA,NA,NA,NA,NA,"local",FALSE,NA,NA,NA,NA,NA,NA,NA,NA,NA,NA,NA,NA,NA,NA,NA,NA,NA,NA,NA
"MiFish_0001087",26,NA,"None",0,"caccgcggttatacgagtaggcccaagttgatagttaacggcgtaaagggtggttagaagaagactattactaaagccgaacgccctcaaggctgttatacgcatccgaaggtgagaagcccattcacgaaagtggctttataactttgaacccacgaaagctagggaa",NA,NA,NA,NA,NA,NA,NA,NA,NA,0,NA,NA,NA,NA,NA,NA,NA,NA,NA,"local",FALSE,NA,NA,NA,NA,NA,NA,NA,NA,NA,NA,NA,NA,NA,NA,NA,NA,NA,NA,NA
"MiFish_0001088",19,NA,"None",0,"caccgcggttatacgagtaggcccaagtcgatagcttccggcgtaaagcgtggttaaggcctaaatctaaactaaagccaaactcctattaagttcgtctaatgttaattaaaagggagaggcccaactacgaaagtggctttaccaaacctgaccccacgaaagctgagaca",NA,NA,NA,NA,NA,NA,NA,NA,NA,0,NA,NA,NA,NA,NA,NA,NA,NA,NA,"local",FALSE,NA,NA,NA,NA,NA,NA,NA,NA,NA,NA,NA,NA,NA,NA,NA,NA,NA,NA,NA
"MiFish_0001089",14,"['OP537870', 'OP537871']","332418",0.953488372093023,"cgccgcggttatacgagaggcccaagttgatagcttccggcgtaaagcgtggttaaggcctaaatctaaactaaagttgaactccttcaagcaagtgaaatgatcatcgataaggagaagcccacctacgaaagtgactttacttaacctgaccccacgaaagctaaggca","[332418]","Eucinostomus melanopterus","Eukaryota","Chordata","Actinopteri","Gerreiformes","Gerreidae","Eucinostomus","Eucinostomus melanopterus",95.3,NA,NA,NA,NA,NA,NA,NA,NA,NA,"global",FALSE,95.3,"global","Eucinostomus melanopterus","Eukaryota","Chordata","Actinopteri","Gerreiformes","Gerreidae","Eucinostomus","Eucinostomus melanopterus","Eukaryota","Chordata","Actinopteri","Gerreiformes","Gerreidae","Eucinostomus",NA,"genus","Eucinostomus"
"MiFish_0001090",333,"['JX827259']","7823",1,"caccgcggttatacgagtgactcacattaacacaccacggcgtaaagagtgattaaagaatgacctcaaacttactaaagttcagacctcataaagccgttatacgcatccatgagtagaataaacaacaacgaaagtgactttataaatataagaaaccttgatgtcacgacagttgggacc","[7823]","Sphyrna lewini","Eukaryota","Chordata","Chondrichthyes","Carcharhiniformes","Carcharhinidae","Sphyrna","Sphyrna lewini",100,"d:Eukaryota,p:Chordata,c:Chondrichthyes,o:Carcharhiniformes,f:Carcharhinidae,g:Sphyrna,s:Sphyrna_lewini","Eukaryota","Chordata","Chondrichthyes","Carcharhiniformes","Carcharhinidae","Sphyrna","Sphyrna lewini",97.8,"global",TRUE,100,"global_lca_to_local","Sphyrna lewini","Eukaryota","Chordata","Chondrichthyes","Carcharhiniformes","Carcharhinidae","Sphyrna","Sphyrna lewini","Eukaryota","Chordata","Chondrichthyes","Carcharhiniformes","Carcharhinidae","Sphyrna","Sphyrna lewini","species","Sphyrna lewini"
"MiFish_0001091",12,NA,"None",0,"caccgcggttatacgaaagacccaagttgatagttaacggcgtaaagggtggttagaagaagactattactaaagccgaacgccctcaaggctgttatacgcatccgaaggtgagaagcccattcacgaaagtggctttataactttgaacccacgaaagctagggaa",NA,NA,NA,NA,NA,NA,NA,NA,NA,0,NA,NA,NA,NA,NA,NA,NA,NA,NA,"local",FALSE,NA,NA,NA,NA,NA,NA,NA,NA,NA,NA,NA,NA,NA,NA,NA,NA,NA,NA,NA
"MiFish_0001092",13,NA,"None",0,"caccgcggttatacgaaagacccaagctgatagttaacggcgtaaagggtggttagaagaagactattactaaagccgaacgccctcaaggctgttatacgcatccgaaggtgagaagcccattcacgaaagtggctttataactttgaacccacgaaagctagggaa",NA,NA,NA,NA,NA,NA,NA,NA,NA,0,NA,NA,NA,NA,NA,NA,NA,NA,NA,"local",FALSE,NA,NA,NA,NA,NA,NA,NA,NA,NA,NA,NA,NA,NA,NA,NA,NA,NA,NA,NA
"MiFish_0001093",26,NA,"None",0,"agccgcggtaatacggagggtgcaagcgttaatcggaattactgggcgtaaagcgctcgtaggcggtttgttaagtcggatgtgaaagccccgggctcaacctgggaactgcattcgatactgacaggctagagtatagtagaggcaagtggaattccgggtgtagcggtgaaatgcgtagatatccggaggaacatcagtggcgaaggcgacttgctggactaatactgacgctgaggagcgaaagcgtggggag",NA,NA,NA,NA,NA,NA,NA,NA,NA,0,NA,NA,NA,NA,NA,NA,NA,NA,NA,"local",FALSE,NA,NA,NA,NA,NA,NA,NA,NA,NA,NA,NA,NA,NA,NA,NA,NA,NA,NA,NA
"MiFish_0001094",20,NA,"None",0,"caccgcggttatacgaaagacccaagctgatagatgtcggcgtaaagggtggttagaagaagactattactaaagccgaacgccctcaaggctgttatacgcatccgaaggtgagaagcccattcacgaaagtggctttataactttgaacccacgaaagctagggaa",NA,NA,NA,NA,NA,NA,NA,NA,NA,0,NA,NA,NA,NA,NA,NA,NA,NA,NA,"local",FALSE,NA,NA,NA,NA,NA,NA,NA,NA,NA,NA,NA,NA,NA,NA,NA,NA,NA,NA,NA
"MiFish_0001095",22,NA,"None",0,"caccgcggttatacgaggggcccgagtcgacagccaccggcgtaaagagtggttagggtaaaatttaaactaaagccaaactcctattaagttcgtctaatgttaattaaaagggagaagcccacctacgaaagtgactttacttaacctgaccccacgaaagctaaggca",NA,NA,NA,NA,NA,NA,NA,NA,NA,0,NA,NA,NA,NA,NA,NA,NA,NA,NA,"local",FALSE,NA,NA,NA,NA,NA,NA,NA,NA,NA,NA,NA,NA,NA,NA,NA,NA,NA,NA,NA
"MiFish_0001096",17,"['OP537870', 'OP537871']","332418",0.959302325581395,"cgccgcggttatacgagaggcccaagtcgatagcttccggcgtaaagcgtggttaaggcctaaatctaaactaaagttgaactccttcaagcaagtgaaatgatcatcgataaggagaagcccacctacgaaagtgactttacttaacctgaccccacgaaagctaaggca","[332418]","Eucinostomus melanopterus","Eukaryota","Chordata","Actinopteri","Gerreiformes","Gerreidae","Eucinostomus","Eucinostomus melanopterus",95.9,NA,NA,NA,NA,NA,NA,NA,NA,NA,"global",FALSE,95.9,"global","Eucinostomus melanopterus","Eukaryota","Chordata","Actinopteri","Gerreiformes","Gerreidae","Eucinostomus","Eucinostomus melanopterus","Eukaryota","Chordata","Actinopteri","Gerreiformes","Gerreidae","Eucinostomus",NA,"genus","Eucinostomus"
"MiFish_0001097",13,NA,"None",0,"caccgcggttatacgaaaggcccaagttgatagttaacggcgtaaagggtggttagaagaagactattactaaagccgaacgccctcaaggctgttatacgcatccgaaggtgagaagcccattcacgaaagtggctttataactttgaacccacgaaagctagggaa",NA,NA,NA,NA,NA,NA,NA,NA,NA,0,NA,NA,NA,NA,NA,NA,NA,NA,NA,"local",FALSE,NA,NA,NA,NA,NA,NA,NA,NA,NA,NA,NA,NA,NA,NA,NA,NA,NA,NA,NA
"MiFish_0001098",1474,"['OP537846', 'KM522837', 'LC649102']","179359",1,"caccgcggttatacgaggggctcgagttgacagacaacggcgtaaagagtggttaaggaaaatattcaactaaagcggaacgccctcacagctgttatacgtttccgagggtatgaaccccaactacgaaagtggctttacactacctgaacccacgaaagctaagaaa","[179359]","Alectis ciliaris","Eukaryota","Chordata","Actinopteri","Carangiformes","Carangidae","Alectis","Alectis ciliaris",100,"d:Eukaryota,p:Chordata,c:Actinopteri,o:Carangiformes,f:Carangidae,g:Alectis,s:Alectis_ciliaris","Eukaryota","Chordata","Actinopteri","Carangiformes","Carangidae","Alectis","Alectis ciliaris",100,"local",FALSE,100,"local","Alectis ciliaris","Eukaryota","Chordata","Actinopteri","Carangiformes","Carangidae","Alectis","Alectis ciliaris","Eukaryota","Chordata","Actinopteri","Carangiformes","Carangidae","Alectis","Alectis ciliaris","species","Alectis ciliaris"
"MiFish_0001099",97,NA,"None",0,"caccgcggttatacgaggggcccgagtcgacagccaccggcgtaaagagtggttaagacagattataaactaaagccgaaagccatcacggctgtcatacgcatccgaaggtaagaagcccagttacgaaagtagctttacaacatctgaatccacgaaagctaggcca",NA,NA,NA,NA,NA,NA,NA,NA,NA,0,NA,NA,NA,NA,NA,NA,NA,NA,NA,"local",FALSE,NA,NA,NA,NA,NA,NA,NA,NA,NA,NA,NA,NA,NA,NA,NA,NA,NA,NA,NA
"MiFish_0001100",14,"['KF374976']","48193",0.953757225433526,"cgccgcggttatacgagaggcccaagttgatagttaacggcgtaaagagtggttaagtatcttgatagaactaaagccgaacgccctcaagaccgttatacgtttccgaaggtatgaagctcaactacgaaagtaactttaactatatctgattccacgaaagctgcgaaa","[48193]","Mugil cephalus","Eukaryota","Chordata","Actinopteri","Mugiliformes","Mugilidae","Mugil","Mugil cephalus",95.4,"d:Eukaryota,p:Chordata,c:Actinopteri,o:Mugiliformes,f:Mugilidae,g:Mugil,s:Mugil_cephalus","Eukaryota","Chordata","Actinopteri","Mugiliformes","Mugilidae","Mugil","Mugil cephalus",95.9,"local",FALSE,95.9,"local","Mugil cephalus","Eukaryota","Chordata","Actinopteri","Mugiliformes","Mugilidae","Mugil","Mugil cephalus","Eukaryota","Chordata","Actinopteri","Mugiliformes","Mugilidae","Mugil","Mugil cephalus","species","Mugil cephalus"
"MiFish_0001101",23,NA,"None",0,"caccgcggttatacgaggggcccgagtcgacagccaccggcgtaaagagtggttagggtaaaatttaaactaaagttgaactccttcaagcaagtgaaatgatcatcgataaggagaagcccacctacgaaagtgactttacttaacctgaccccacgaaagctaaggca",NA,NA,NA,NA,NA,NA,NA,NA,NA,0,NA,NA,NA,NA,NA,NA,NA,NA,NA,"local",FALSE,NA,NA,NA,NA,NA,NA,NA,NA,NA,NA,NA,NA,NA,NA,NA,NA,NA,NA,NA
"MiFish_0001102",62,NA,"None",0,"caccgcggttatacgaggggcccgagtcgacagccaccggcgtaaagagtggttagggtaaaatttaaactaaagccaaactcctattaagttcgtctaatgttaattaaaagggagaggcccaactacgaaagtgactttacttaacctgaccccacgaaagctaaggca",NA,NA,NA,NA,NA,NA,NA,NA,NA,0,NA,NA,NA,NA,NA,NA,NA,NA,NA,"local",FALSE,NA,NA,NA,NA,NA,NA,NA,NA,NA,NA,NA,NA,NA,NA,NA,NA,NA,NA,NA
"MiFish_0001103",12,NA,"None",0,"caccgcggttatacgagtaggcccaagtcgatagcttccggcgtaaagcgtggttaaggcctaaatctaaactaaagttgaactccttcaagcaagtgaaatgatcatcgatagggagaggcccaactacgaaagtggctttaccaaacctgaccccacgaaagctgagaca",NA,NA,NA,NA,NA,NA,NA,NA,NA,0,NA,NA,NA,NA,NA,NA,NA,NA,NA,"local",FALSE,NA,NA,NA,NA,NA,NA,NA,NA,NA,NA,NA,NA,NA,NA,NA,NA,NA,NA,NA
"MiFish_0001104",33,NA,"None",0,"cgccgcggttatacgagaggcccaagttgatagttaacggcgtaaagggtggttagaagaagactattactaaagccgaacgccctcaagaccgttatacgtttccgaaggtatgaagctcaactacgaaagtaactttaactatatctgattccacgaaagctgcgaaa",NA,NA,NA,NA,NA,NA,NA,NA,NA,0,NA,NA,NA,NA,NA,NA,NA,NA,NA,"local",FALSE,NA,NA,NA,NA,NA,NA,NA,NA,NA,NA,NA,NA,NA,NA,NA,NA,NA,NA,NA
"MiFish_0001105",10,NA,"None",0,"cgccgcggttatacgagaggcccaagttgatagttaacggcgtaaagggtggttaagtatcttgatagaactaaagccgaacgccctcaagaccgttatacgtttccgaaggtatgaagctcaactacgaaagtaactttaactatatctgattccacgaaagctgcgaaa",NA,NA,NA,NA,NA,NA,NA,NA,NA,0,"d:Eukaryota,p:Chordata,c:Actinopteri,o:Mugiliformes,f:Mugilidae,g:Mugil,s:Mugil_cephalus","Eukaryota","Chordata","Actinopteri","Mugiliformes","Mugilidae","Mugil","Mugil cephalus",95.3,"local",FALSE,95.3,"local","Mugil cephalus","Eukaryota","Chordata","Actinopteri","Mugiliformes","Mugilidae","Mugil","Mugil cephalus","Eukaryota","Chordata","Actinopteri","Mugiliformes","Mugilidae","Mugil","Mugil cephalus","species","Mugil cephalus"
"MiFish_0001106",11,NA,"None",0,"caccgcggttatacgaaagacccaagctgatagatgtcggcgtaaagagtggttaagtatcttgatagaactaaagccgaacgccctcaagaccgttatacgtttccgaaggtgagaagcccattcacgaaagtggctttataactttgaacccacgaaagctagggaa",NA,NA,NA,NA,NA,NA,NA,NA,NA,0,NA,NA,NA,NA,NA,NA,NA,NA,NA,"local",FALSE,NA,NA,NA,NA,NA,NA,NA,NA,NA,NA,NA,NA,NA,NA,NA,NA,NA,NA,NA
"MiFish_0001107",44,NA,"None",0,"caccgcggttatacgagaggcccaagttgataagcccggcgtaaagcgtggttaaggcctaaatctaaactaaagttgaactccttcaagcaagtgaaatgatcatcgataaggagaagcccacctacgaaagtgactttacttaacctgaccccacgaaagctaaggca",NA,NA,NA,NA,NA,NA,NA,NA,NA,0,NA,NA,NA,NA,NA,NA,NA,NA,NA,"local",FALSE,NA,NA,NA,NA,NA,NA,NA,NA,NA,NA,NA,NA,NA,NA,NA,NA,NA,NA,NA
"MiFish_0001108",16,NA,"None",0,"caccgcggttatacgaaagacccaagctgatagatgtcggcgtaaagagtggttagaagaagactattactaaagccgaacgccctcaaggctgttatacgcatccgaaggtgagaagcccattcacgaaagtggctttataactttgaacccacgaaagctagggaa",NA,NA,NA,NA,NA,NA,NA,NA,NA,0,NA,NA,NA,NA,NA,NA,NA,NA,NA,"local",FALSE,NA,NA,NA,NA,NA,NA,NA,NA,NA,NA,NA,NA,NA,NA,NA,NA,NA,NA,NA
"MiFish_0001109",10,NA,"None",0,"caccgcggttatacgagtaggcccaagtcgatagttaacggcgtaaagggtggttagaagaagactattactaaagccgaacgccctcaaggctgttatacgcatccgaaggtgagaagcccattcacgaaagtggctttataactttgaacccacgaaagctagggaa",NA,NA,NA,NA,NA,NA,NA,NA,NA,0,NA,NA,NA,NA,NA,NA,NA,NA,NA,"local",FALSE,NA,NA,NA,NA,NA,NA,NA,NA,NA,NA,NA,NA,NA,NA,NA,NA,NA,NA,NA
"MiFish_0001110",18,NA,"None",0,"agccgcggtaatacgtatgtcgcaagcgttatccggaattattgggcgtaaagcgcgtctaggcggccttttaagtctgatgtgaaaatgcggggctcaactccgtattgcgttggaaactggaaggctagagtatcagagaggtgggcggaactacaagtgtagaggtgaaattcgtagatatttgtaggaatgccgattgggaagccagctcactggatgaatactgacgctgaagcgcgaaagcgtggggag",NA,NA,NA,NA,NA,NA,NA,NA,NA,0,NA,NA,NA,NA,NA,NA,NA,NA,NA,"local",FALSE,NA,NA,NA,NA,NA,NA,NA,NA,NA,NA,NA,NA,NA,NA,NA,NA,NA,NA,NA
"MiFish_0001111",16,NA,"None",0,"cgccgcggttatacgagaggcccaagttgatagttaacggcgtaaagggtggttaaggcctaaatctaaactaaagttgaactccttcaagcaagtgaaatgatcatcgataaggagaagcccacctacgaaagtgactttacttaacctgaccccacgaaagctaaggca",NA,NA,NA,NA,NA,NA,NA,NA,NA,0,NA,NA,NA,NA,NA,NA,NA,NA,NA,"local",FALSE,NA,NA,NA,NA,NA,NA,NA,NA,NA,NA,NA,NA,NA,NA,NA,NA,NA,NA,NA
"MiFish_0001112",142,NA,"None",0,"taccgcggttatacgagaggctcaaattgatgttccacggcgtaaagcgtgattaaagaaaataaacactaaagccgaacaactccttaactgttatacgtttaaagagataagaagccccacaacgaaagtagctttaaccaaaaatcttgagctcacgaaaattaagaaa",NA,NA,NA,NA,NA,NA,NA,NA,NA,0,NA,NA,NA,NA,NA,NA,NA,NA,NA,"local",FALSE,NA,NA,NA,NA,NA,NA,NA,NA,NA,NA,NA,NA,NA,NA,NA,NA,NA,NA,NA
"MiFish_0001113",10,NA,"None",0,"caccgcggttatacgagtaggcccaagtcgatagcttccggcgtaaagcgtggttaaggtaaaatttaaactaaagccaaactcctattaagttcgtctaatgttaattaaaagggagaggcccaactacgaaagtggctttaccaaacctgaccccacgaaagctgagaca",NA,NA,NA,NA,NA,NA,NA,NA,NA,0,NA,NA,NA,NA,NA,NA,NA,NA,NA,"local",FALSE,NA,NA,NA,NA,NA,NA,NA,NA,NA,NA,NA,NA,NA,NA,NA,NA,NA,NA,NA
"MiFish_0001114",15,NA,"None",0,"caccgcggttatacgaggggcccgagtcgacagccaccggcgtaaagagtggttagggtaaaatttaaactaaagccaaactcctattaagttcgtctaatgttaattaaaagggagaggcccacctacgaaagtgactttacttaacctgaccccacgaaagctaaggca",NA,NA,NA,NA,NA,NA,NA,NA,NA,0,NA,NA,NA,NA,NA,NA,NA,NA,NA,"local",FALSE,NA,NA,NA,NA,NA,NA,NA,NA,NA,NA,NA,NA,NA,NA,NA,NA,NA,NA,NA
"MiFish_0001115",11,"['OP035090', 'AP004445', 'KT805946', 'LC604983', 'LC605903', 'LC640048']","8158",0.970588235294118,"caccgcggttatacgagaggctcaagttgacagacaacggcgtaaagcgtggttaaggaaaatatgtaactaaagcggaacctcctcctagctgttatacgcttccgaggaagtgaaccccaactacgaaagtggctttaccaaacctgaccccacgaaagctgagaca","[173346, 181461, 990566]","Caranx","Eukaryota","Chordata","Actinopteri","Carangiformes","Carangidae","Caranx",NA,97.1,"d:Eukaryota,p:Chordata,c:Actinopteri,o:Carangiformes,f:Carangidae,g:Caranx,s:Caranx_hippos","Eukaryota","Chordata","Actinopteri","Carangiformes","Carangidae","Caranx","Caranx hippos",95.9,"global",TRUE,97.1,"global_lca_to_local","Caranx","Eukaryota","Chordata","Actinopteri","Carangiformes","Carangidae","Caranx",NA,"Eukaryota","Chordata","Actinopteri","Carangiformes","Carangidae","Caranx",NA,"genus","Caranx"
"MiFish_0001116",34,"['AB054133', 'AF417345']","29144",0.994318181818182,"taccgcggttatacgagaggctctagttgacgaactacggcgtaaagcgtggtcacggagagcaatcaatactaaagccaaacgcctcccaggctgtcatacgcatccggaggtacgaagcccaataacgaaagtagctttattaccgccaacctgaccccacgacaactgagaaa","[29144]","Chanos chanos","Eukaryota","Chordata","Actinopteri","Gonorynchiformes","Chanidae","Chanos","Chanos chanos",99.4,NA,NA,NA,NA,NA,NA,NA,NA,NA,"global",FALSE,99.4,"global","Chanos chanos","Eukaryota","Chordata","Actinopteri","Gonorynchiformes","Chanidae","Chanos","Chanos chanos","Eukaryota","Chordata","Actinopteri","Gonorynchiformes","Chanidae","Chanos","Chanos chanos","species","Chanos chanos"
"MiFish_0001117",21,NA,"None",0,"caccgcggttatacgaggggcccaagtcgacagccaccggcgtaaagcgtggttaaggcctaaatctaaactaaagttgaactccttcaagcaagtgaaatgatcatcgataaggagaagcccacctacgaaagtgactttacttaacctgaccccacgaaagctaaggca",NA,NA,NA,NA,NA,NA,NA,NA,NA,0,NA,NA,NA,NA,NA,NA,NA,NA,NA,"local",FALSE,NA,NA,NA,NA,NA,NA,NA,NA,NA,NA,NA,NA,NA,NA,NA,NA,NA,NA,NA
"MiFish_0001118",1681,NA,"None",0,"cgccgcggttatacgagaggctcaagtcgatagaaaccggcgtaaagggtggttaataccataatacactaggggaaaatgccttccaaactgttatacgcacccgaaggtaagaaaaaccagcacgaaagaccccctaataaatatgaacccacgacagctttggca",NA,NA,NA,NA,NA,NA,NA,NA,NA,0,NA,NA,NA,NA,NA,NA,NA,NA,NA,"local",FALSE,NA,NA,NA,NA,NA,NA,NA,NA,NA,NA,NA,NA,NA,NA,NA,NA,NA,NA,NA
"MiFish_0001119",20,"['KJ148633']","146146",0.994117647058824,"caccgcggttatacgagaggctcaagttgatagacagcggcgtaaagagtggttaaggaaaatattaaattaaagcggaaagccctcaatgctgttatacgccttcgaagagactgaaccacaactacgaaagtggctttatttaacctgagcccacgaaagctaagaaa","[146146]","Selar crumenophthalmus","Eukaryota","Chordata","Actinopteri","Carangiformes","Carangidae","Selar","Selar crumenophthalmus",99.4,"d:Eukaryota,p:Chordata,c:Actinopteri,o:Carangiformes,f:Carangidae,g:Selar,s:Selar_crumenophthalmus","Eukaryota","Chordata","Actinopteri","Carangiformes","Carangidae","Selar","Selar crumenophthalmus",99.4,"local",FALSE,99.4,"local","Selar crumenophthalmus","Eukaryota","Chordata","Actinopteri","Carangiformes","Carangidae","Selar","Selar crumenophthalmus","Eukaryota","Chordata","Actinopteri","Carangiformes","Carangidae","Selar","Selar crumenophthalmus","species","Selar crumenophthalmus"
"MiFish_0001120",29,NA,"None",0,"caccgcggttatacgagaggctcaagtcgatagaaaccggcgtaaagggtggttaataccataatacactaggggaaaatgccttccaaactgttatacgcacccgaaggtaagaaaaaccagcacgaaagaccccctaataaatatgaacccacgacagctttggca",NA,NA,NA,NA,NA,NA,NA,NA,NA,0,NA,NA,NA,NA,NA,NA,NA,NA,NA,"local",FALSE,NA,NA,NA,NA,NA,NA,NA,NA,NA,NA,NA,NA,NA,NA,NA,NA,NA,NA,NA
"MiFish_0001121",15,NA,"None",0,"agccgcggtaatacggagggtgcaagcgttaatcggaattactgggcgtaaagcgcgcgtaggcggttttttaagtcggatgtgaaagccccgggctcaacctgggaactgcatccgatactggatcactagaatgcgggagagggaggtagaattccatgtgtagcagtgaaatgcgtagatatacggaggaataccagtggcgaaggcggcctcctggctcgacattgacgctgaggtgcgaaagcgtggggag",NA,NA,NA,NA,NA,NA,NA,NA,NA,0,NA,NA,NA,NA,NA,NA,NA,NA,NA,"local",FALSE,NA,NA,NA,NA,NA,NA,NA,NA,NA,NA,NA,NA,NA,NA,NA,NA,NA,NA,NA
"MiFish_0001122",12,NA,"None",0,"caccgcggttatacgaggggcccgagtcgacagccaccggcgtaaagagtggttagggtaaaatttaaactaaagccaaactcctattaagttcgtctaatgttaattaaaagggagaggcccaactacgaaagtggctttaccaaacctgaccccacgaaagctaggcca",NA,NA,NA,NA,NA,NA,NA,NA,NA,0,NA,NA,NA,NA,NA,NA,NA,NA,NA,"local",FALSE,NA,NA,NA,NA,NA,NA,NA,NA,NA,NA,NA,NA,NA,NA,NA,NA,NA,NA,NA
"MiFish_0001123",29,NA,"None",0,"caccgcggttatacgaaagacccaagctgatggtcaccagcgtaaagagtggttaagacagattataaactaaagccgaaagccatcacggctgtcatacgcatccgaaggtaagaagcccagttacgaaagtagctttacaacatctgaatccacgaaagctaggcca",NA,NA,NA,NA,NA,NA,NA,NA,NA,0,NA,NA,NA,NA,NA,NA,NA,NA,NA,"local",FALSE,NA,NA,NA,NA,NA,NA,NA,NA,NA,NA,NA,NA,NA,NA,NA,NA,NA,NA,NA
"MiFish_0001124",14,"['KF374976']","48193",0.976608187134503,"caccgcggttatacgaggggcccgagctgatagatgtcggcgtaaagagtggttaagtatcttgatagaactaaagccgaacgccctcaagaccgttatacgtttccgaaggtatgaagctcaactacgaaagtaactttaactatatctgattccacgaaagctgcgaaa","[48193]","Mugil cephalus","Eukaryota","Chordata","Actinopteri","Mugiliformes","Mugilidae","Mugil","Mugil cephalus",97.7,"d:Eukaryota,p:Chordata,c:Actinopteri,o:Mugiliformes,f:Mugilidae,g:Mugil,s:Mugil_cephalus","Eukaryota","Chordata","Actinopteri","Mugiliformes","Mugilidae","Mugil","Mugil cephalus",97.7,"local",FALSE,97.7,"local","Mugil cephalus","Eukaryota","Chordata","Actinopteri","Mugiliformes","Mugilidae","Mugil","Mugil cephalus","Eukaryota","Chordata","Actinopteri","Mugiliformes","Mugilidae","Mugil","Mugil cephalus","species","Mugil cephalus"
"MiFish_0001125",100,NA,"None",0,"caccgcggttatacgagaggctcaagttgacttatcctcggcgtaaagagtggttagaactagtcaaaactaaagccgaacgccctcactgctgttatacgcttttaagggtatgaagccccactacgaaagtagctttatatgtttgaccccacgaaagctgtgaaa",NA,NA,NA,NA,NA,NA,NA,NA,NA,0,NA,NA,NA,NA,NA,NA,NA,NA,NA,"local",FALSE,NA,NA,NA,NA,NA,NA,NA,NA,NA,NA,NA,NA,NA,NA,NA,NA,NA,NA,NA
"MiFish_0001126",171,NA,"None",0,"caccgcggttatacgagaggcccaagttgacagacagcggcgtaaagggtggttaaggaacttaccaaactaaagccaaacgctctcaaggctgttatacgcactcgagagtatgaaaaccaatcacgaaagtagctttatttaccctgaacccacgaaagctaagaaa",NA,NA,NA,NA,NA,NA,NA,NA,NA,0,NA,NA,NA,NA,NA,NA,NA,NA,NA,"local",FALSE,NA,NA,NA,NA,NA,NA,NA,NA,NA,NA,NA,NA,NA,NA,NA,NA,NA,NA,NA
"MiFish_0001127",1083,"['KF649843']","181461",1,"caccgcggttatacgagaggctcaagttgacagacaacggcgtaaagcgtggttaaggaaaacatacaactaaagcggaacctcctcctagctgttatacgcttccgaggaagtgaaccccaactacgaaagtggctttatctaacctgaacccacgaaagctaagaaa","[181461]","Caranx melampygus","Eukaryota","Chordata","Actinopteri","Carangiformes","Carangidae","Caranx","Caranx melampygus",100,"d:Eukaryota,p:Chordata,c:Actinopteri,o:Carangiformes,f:Carangidae,g:Caranx,s:Caranx_melampygus","Eukaryota","Chordata","Actinopteri","Carangiformes","Carangidae","Caranx","Caranx melampygus",100,"local",FALSE,100,"local","Caranx melampygus","Eukaryota","Chordata","Actinopteri","Carangiformes","Carangidae","Caranx","Caranx melampygus","Eukaryota","Chordata","Actinopteri","Carangiformes","Carangidae","Caranx","Caranx melampygus","species","Caranx melampygus"
"MiFish_0001128",12,NA,"None",0,"caccgcggttatacgagaggcccaagttgataagcccggcgtaaagagtggttatggatgaaccccacactaaagctaaagaccccctaggctgttatacgcacctggaggctcgaaccacctatacggaagtagctttactcccttccaccagaacccacgacagctggggca",NA,NA,NA,NA,NA,NA,NA,NA,NA,0,NA,NA,NA,NA,NA,NA,NA,NA,NA,"local",FALSE,NA,NA,NA,NA,NA,NA,NA,NA,NA,NA,NA,NA,NA,NA,NA,NA,NA,NA,NA
"MiFish_0001129",15,"['AB054133', 'AF417345']","29144",0.994318181818182,"caccgcggttatacgagaggctctagttgacgaactacggcgtaaagcgtggtcacggagagcaatcaatactaaagccaaacgcctcccaggctgtcatacgcatccggaggtacgaagcccaataacgaaagtagctttattaccgccaacctggccccacgacaactgagaaa","[29144]","Chanos chanos","Eukaryota","Chordata","Actinopteri","Gonorynchiformes","Chanidae","Chanos","Chanos chanos",99.4,NA,NA,NA,NA,NA,NA,NA,NA,NA,"global",FALSE,99.4,"global","Chanos chanos","Eukaryota","Chordata","Actinopteri","Gonorynchiformes","Chanidae","Chanos","Chanos chanos","Eukaryota","Chordata","Actinopteri","Gonorynchiformes","Chanidae","Chanos","Chanos chanos","species","Chanos chanos"
"MiFish_0001130",11,NA,"None",0,"caccgcggttatacgagaggcccaagttgaccgacactcggcgtaaagagtggttaaaagaacctaaaactaaagccgaacgccctcactactgttatacgttttcgagggtaagaagccctactacgaaagtggctttactaacattgaccccacgaaagccgtgaaa",NA,NA,NA,NA,NA,NA,NA,NA,NA,0,NA,NA,NA,NA,NA,NA,NA,NA,NA,"local",FALSE,NA,NA,NA,NA,NA,NA,NA,NA,NA,NA,NA,NA,NA,NA,NA,NA,NA,NA,NA
"MiFish_0001131",460,NA,"None",0,"caccgcggttatacgagaggcccaagctgacagcacctcggcgtaaagagtggttagaaatgaaaaagactaaagccgaatactctccaagctgttatacgctttcgagagttagaagccctacaacgaaagtagctttacaacattgaacccacgaaagctagggta",NA,NA,NA,NA,NA,NA,NA,NA,NA,0,NA,NA,NA,NA,NA,NA,NA,NA,NA,"local",FALSE,NA,NA,NA,NA,NA,NA,NA,NA,NA,NA,NA,NA,NA,NA,NA,NA,NA,NA,NA
"MiFish_0001132",18,NA,"None",0,"agccgcggtaatacggagggtgcaagcgttgttcggatttattgggcgtaaagcgcgcgcaggcggatctttaagtcaggtgtgaaatctcggggctcaacctcgaaactgcgcctgaaactattgatctagaatcttggagagggaaggggaatttcacgtgtaggggtaaaatccgtagagatgtgaaggaacaccagaggcgaaggcgccttcctggacaagtattgacgctgaggcgcgaaagcgtggggag",NA,NA,NA,NA,NA,NA,NA,NA,NA,0,NA,NA,NA,NA,NA,NA,NA,NA,NA,"local",FALSE,NA,NA,NA,NA,NA,NA,NA,NA,NA,NA,NA,NA,NA,NA,NA,NA,NA,NA,NA
"MiFish_0001133",25,"['KY815244']","1182146",0.994117647058824,"caccgcggttatacgagagacccaagttgataagaaccggcgtaaagagtggttatgaacaaccccaaaactaaagccaaatgcccccaaagctgttatacgcactcgggagccagaaacccaaccacgaaagtggctttatattgtctgaacccacgaaagctatgata","[1182146]","Bodianus diplotaenia","Eukaryota","Chordata","Actinopteri","Labriformes","Labridae","Bodianus","Bodianus diplotaenia",99.4,NA,NA,NA,NA,NA,NA,NA,NA,NA,"global",FALSE,99.4,"global","Bodianus diplotaenia","Eukaryota","Chordata","Actinopteri","Labriformes","Labridae","Bodianus","Bodianus diplotaenia","Eukaryota","Chordata","Actinopteri","Labriformes","Labridae","Bodianus","Bodianus diplotaenia","species","Bodianus diplotaenia"
"MiFish_0001134",17,NA,"None",0,"agccgcggtaagacggaggatgcaagtgttatccggaattattgggcgtaaagcgtctgtaggtggtttagtaagtctactgttaaagctcgaagcttaacttcgaaaaagcattagaaactactagacttgagcatagtagaggtaaaaggaatttccagtggagcggtgaaatgcgtagagattggaaagaacaccgatggcgaaagcattttactaggctatgactgacactcagagacgaaggctagggtag",NA,NA,NA,NA,NA,NA,NA,NA,NA,0,NA,NA,NA,NA,NA,NA,NA,NA,NA,"local",FALSE,NA,NA,NA,NA,NA,NA,NA,NA,NA,NA,NA,NA,NA,NA,NA,NA,NA,NA,NA
"MiFish_0001135",19,NA,"None",0,"caccgcggttatacgagaggcccaagttgataagcccggcgtaaagagtggttatggatgaaccccacactaaagctaaagaccccctaggctgttatacgcacctggaggctcgaaccacctatacgaaagtagctttactcccttccaccagaacccacgacagctggggc",NA,NA,NA,NA,NA,NA,NA,NA,NA,0,NA,NA,NA,NA,NA,NA,NA,NA,NA,"local",FALSE,NA,NA,NA,NA,NA,NA,NA,NA,NA,NA,NA,NA,NA,NA,NA,NA,NA,NA,NA
"MiFish_0001136",43,NA,"None",0,"caccgcggttagacgaaaggcctaagttgataatcatcggcgtaaagagtggttaaggaaaacttaaaactaaagccgaatgttcacaaggttgttatacgcatccgagaataagaagctcctccacgaaggtggctttaacatacccgactccacgtaagctatgaaa",NA,NA,NA,NA,NA,NA,NA,NA,NA,0,NA,NA,NA,NA,NA,NA,NA,NA,NA,"local",FALSE,NA,NA,NA,NA,NA,NA,NA,NA,NA,NA,NA,NA,NA,NA,NA,NA,NA,NA,NA
"MiFish_0001137",39,NA,"None",0,"caccgcggttagacgaaaggcctaagttgataatcatcggcgtaaagagtggttaaggaaaacttaaaactaaagccgaatgttcacaaggttgttatacgcatccgagaataagaagctcctccacgaaagcggctttaacatacccgactccacgtaagctatgaaa",NA,NA,NA,NA,NA,NA,NA,NA,NA,0,NA,NA,NA,NA,NA,NA,NA,NA,NA,"local",FALSE,NA,NA,NA,NA,NA,NA,NA,NA,NA,NA,NA,NA,NA,NA,NA,NA,NA,NA,NA
"MiFish_0001138",10,NA,"None",0,"caccgcggttatacgaaaggcctaagttgataatcatcggcgtaaagagtggttaaggaaaacttaaaactaaagccgaatgttcacaaggttgttatacgcatccgagaataagaagctcctccacgaaagtggctttaacatacccgactccacgtaagctatgaaa",NA,NA,NA,NA,NA,NA,NA,NA,NA,0,NA,NA,NA,NA,NA,NA,NA,NA,NA,"local",FALSE,NA,NA,NA,NA,NA,NA,NA,NA,NA,NA,NA,NA,NA,NA,NA,NA,NA,NA,NA
"MiFish_0001139",99,"['MW630230', 'MW630237', 'OP035322']","36213",0.988165680473373,"caccgcggttatacgagaggctcaagttgacagacaacggcgtaaagaatggttaaggaacttattaaactaaagccgaacgccctcagaactgttatacgtttccgaaggtaagaagccccaccgcgaaagtgactttattttccccgactccacgaaagctgcggaa","[229087, 36217]","Abudefduf","Eukaryota","Chordata","Actinopteri",NA,"Pomacentridae","Abudefduf",NA,98.8,NA,NA,NA,NA,NA,NA,NA,NA,NA,"global",FALSE,98.8,"global","Abudefduf","Eukaryota","Chordata","Actinopteri",NA,"Pomacentridae","Abudefduf",NA,"Eukaryota","Chordata","Actinopteri",NA,"Pomacentridae","Abudefduf",NA,"genus","Abudefduf"
"MiFish_0001140",30,NA,"None",0,"caccgcggttagacgaaaggcctaagttgataatcatcggcgtaaagggtggttaaggaaaacttaaaactaaagccgaatgttcacaaggttgttatacgcatccgagaataagaagctcctccacgaaagtggctttaacatacccgactccacgtaagctatgaaa",NA,NA,NA,NA,NA,NA,NA,NA,NA,0,NA,NA,NA,NA,NA,NA,NA,NA,NA,"local",FALSE,NA,NA,NA,NA,NA,NA,NA,NA,NA,NA,NA,NA,NA,NA,NA,NA,NA,NA,NA
"MiFish_0001141",12,NA,"None",0,"agccgcggtaatacagaggatgcaagcgttatccggaatcactgggcataaagcgtctgtaggttgtttagtaagtctgctgttaaagactggggctcaaccccagaaaagcagtggaaactgctagacttgagtgtggtagaggtagagggaattcctagtgtagcggtgaaatgcgtagatattaggaagaacaccaatggcgaaggcactctactgggccataactgacactcagagacgacagctaggggag",NA,NA,NA,NA,NA,NA,NA,NA,NA,0,NA,NA,NA,NA,NA,NA,NA,NA,NA,"local",FALSE,NA,NA,NA,NA,NA,NA,NA,NA,NA,NA,NA,NA,NA,NA,NA,NA,NA,NA,NA
"MiFish_0001142",22,NA,"None",0,"caccgcggtcatacgagtgttagcccaagtggatggtcaacggcgtaaagagtggttagggactcctaagactaaagctgaacgcccgcagggccgttatacgcatccgagagcatgaaaacccgccacgaaagtgactttaacctgacccgaacccacgatagctagggca",NA,NA,NA,NA,NA,NA,NA,NA,NA,0,NA,NA,NA,NA,NA,NA,NA,NA,NA,"local",FALSE,NA,NA,NA,NA,NA,NA,NA,NA,NA,NA,NA,NA,NA,NA,NA,NA,NA,NA,NA
"MiFish_0001143",63,"['KY815278']","435274",0.994082840236686,"caccgcggttatacgagaggcccaagttgacagctaccggcgtaaagcgtggttaaggttaaatcaaaaactaaagtcgaactccttcaaggccgtttaacgtgttcgaaacggagaagcccaactacgaaagtgactttacctgcctgaccccacgaaagctatggca","[435274]","Gerres cinereus","Eukaryota","Chordata","Actinopteri","Gerreiformes","Gerreidae","Gerres","Gerres cinereus",99.4,NA,NA,NA,NA,NA,NA,NA,NA,NA,"global",FALSE,99.4,"global","Gerres cinereus","Eukaryota","Chordata","Actinopteri","Gerreiformes","Gerreidae","Gerres","Gerres cinereus","Eukaryota","Chordata","Actinopteri","Gerreiformes","Gerreidae","Gerres","Gerres cinereus","species","Gerres cinereus"
"MiFish_0001144",60,NA,"None",0,"caccgcggttatacgagagacccaagttgataatccctggcgtaaagcgtggttaaggaaagcttattactaaagccgaataccctcaaagctgttatacgcattcgagagcctgaagaactaccaccaaagtggctttatgcacgcctgaccccacgaaagctaagaca",NA,NA,NA,NA,NA,NA,NA,NA,NA,0,NA,NA,NA,NA,NA,NA,NA,NA,NA,"local",FALSE,NA,NA,NA,NA,NA,NA,NA,NA,NA,NA,NA,NA,NA,NA,NA,NA,NA,NA,NA
"MiFish_0001145",194,"['MW401268', 'KT361215']","316138",1,"caccgcggttatacgagaggcccaagttgacagacaccggcgtaaagcgtggttaagataaactggaactaaagccgaacatcttcagggcagttatacgcatccgaagacacgaagccccaccacgaaagtggctttattattactgaccccacgaaagctatggta","[316138]","Cubiceps squamiceps","Eukaryota","Chordata","Actinopteri","Scombriformes","Nomeidae","Cubiceps","Cubiceps squamiceps",100,"d:Eukaryota,p:Chordata,c:Actinopteri,o:Scombriformes,f:Nomeidae,g:Cubiceps,s:Cubiceps_pauciradiatus","Eukaryota","Chordata","Actinopteri","Scombriformes","Nomeidae","Cubiceps","Cubiceps pauciradiatus",100,"local",FALSE,100,"local","Cubiceps pauciradiatus","Eukaryota","Chordata","Actinopteri","Scombriformes","Nomeidae","Cubiceps","Cubiceps pauciradiatus","Eukaryota","Chordata","Actinopteri","Scombriformes","Nomeidae","Cubiceps","Cubiceps pauciradiatus","species","Cubiceps pauciradiatus"
"MiFish_0001146",16,"['OL628870', 'OP035261', 'OP537848', 'AP012945', 'DQ854648', 'FJ374798']","1489872",0.994047619047619,"caccgcggttatacgagaggcccaagttgacagacatcggcgtaaagcgtggttaaggaaaatttaaactaaagcccaacaccttcagggcagttatacgcatccgaaggcacgaagccccaccacgaaagtggctttatgactcctgaccccacgaaagctatgaca","[13323, 141264]","Percomorphaceae","Eukaryota","Chordata","Actinopteri",NA,NA,NA,NA,99.4,"d:Eukaryota,p:Chordata,c:Actinopteri,o:Scombriformes,f:Scombridae,g:Acanthocybium,s:Acanthocybium_solandri","Eukaryota","Chordata","Actinopteri","Scombriformes","Scombridae","Acanthocybium","Acanthocybium solandri",99.4,"local",FALSE,99.4,"local","Acanthocybium solandri","Eukaryota","Chordata","Actinopteri","Scombriformes","Scombridae","Acanthocybium","Acanthocybium solandri","Eukaryota","Chordata","Actinopteri","Scombriformes","Scombridae","Acanthocybium","Acanthocybium solandri","species","Acanthocybium solandri"
"MiFish_0001147",10,"['OL628870', 'OP035261', 'OP537848', 'AP012945', 'DQ854648', 'FJ374798']","1489872",0.988095238095238,"caccgcggttatacgagaggcccaagttgacagacatcggcgtaaagcgtggttaaggaaaatttaaactaaagcccaacaccttcagggcagttatacgcatccgaaggcacggagccccaccacgaaagtggctttatgactcctgaccccacgaaagctatgaca","[13323, 141264]","Percomorphaceae","Eukaryota","Chordata","Actinopteri",NA,NA,NA,NA,98.8,"d:Eukaryota,p:Chordata,c:Actinopteri,o:Scombriformes,f:Scombridae,g:Acanthocybium,s:Acanthocybium_solandri","Eukaryota","Chordata","Actinopteri","Scombriformes","Scombridae","Acanthocybium","Acanthocybium solandri",98.8,"local",FALSE,98.8,"local","Acanthocybium solandri","Eukaryota","Chordata","Actinopteri","Scombriformes","Scombridae","Acanthocybium","Acanthocybium solandri","Eukaryota","Chordata","Actinopteri","Scombriformes","Scombridae","Acanthocybium","Acanthocybium solandri","species","Acanthocybium solandri"
"MiFish_0001148",109,NA,"None",0,"caccgcggttatacgagaggcccaagttaactgacactcggcgtaaagagtggttaaattatttttttaataaagccgaatgcccccataactgttatacgttttcgggggtaagaagcccttctacgaaagtagctttacccccattgaccccacgaaagctgtggaa",NA,NA,NA,NA,NA,NA,NA,NA,NA,0,NA,NA,NA,NA,NA,NA,NA,NA,NA,"local",FALSE,NA,NA,NA,NA,NA,NA,NA,NA,NA,NA,NA,NA,NA,NA,NA,NA,NA,NA,NA
"MiFish_0001149",26,"['JX242918']","1182014",0.964497041420118,"aaccgcggttatacgagaggcccaaattgacgcgacacggcgtaaagtgtgattagagataaaaccaaactagagccgaacaccccttatgctgtcatacgccatgggggtcacgaagcccaacaacgaaagtgactctacaaatcttgaactcacgacagctaagata","[1182014]","Enchelycore nigricans","Eukaryota","Chordata","Actinopteri","Anguilliformes","Muraenidae","Enchelycore","Enchelycore nigricans",96.4,NA,NA,NA,NA,NA,NA,NA,NA,NA,"global",FALSE,96.4,"global","Enchelycore nigricans","Eukaryota","Chordata","Actinopteri","Anguilliformes","Muraenidae","Enchelycore","Enchelycore nigricans","Eukaryota","Chordata","Actinopteri","Anguilliformes","Muraenidae","Enchelycore",NA,"genus","Enchelycore"
"MiFish_0001150",10,NA,"None",0,"agccgcggtaatacggagggtgcaagcgttaatcggaattactgggcgtaaagcgcgcgtaggcggtttgttaagttggatgtgaaagcccagggctcaaccttggaactgcatccaaaactggcaggctagagtacagtagagggtagtggaatttccagtgtagcggtgaaatgcgtagagattggaaggaacatcagtggcgaaggcgactgcctggactgatactgacgctgaggtgcgaaagcgtggggag",NA,NA,NA,NA,NA,NA,NA,NA,NA,0,NA,NA,NA,NA,NA,NA,NA,NA,NA,"local",FALSE,NA,NA,NA,NA,NA,NA,NA,NA,NA,NA,NA,NA,NA,NA,NA,NA,NA,NA,NA
"MiFish_0001151",901,NA,"None",0,"caccgcggttatacgagaggcccaaattgatagttaacggcgtaaagagtggttaaaagagcctattactaaagccgaacgccttcaaggctgttatacgcacaccgaaggtgagaagcccacccacgaaagtggctttacaactttgaatccacgaaagctatgaaa",NA,NA,NA,NA,NA,NA,NA,NA,NA,0,NA,NA,NA,NA,NA,NA,NA,NA,NA,"local",FALSE,NA,NA,NA,NA,NA,NA,NA,NA,NA,NA,NA,NA,NA,NA,NA,NA,NA,NA,NA
"MiFish_0001152",158,"['OP035157']","482919",0.976331360946746,"caccgcggttatacgagaggcccaagctgataatcatcggcgtaaagggtgattagggttaattgaagactaaagccgaaagccctcacagctgttatacgcactcgagggtaagaagcccaactacgaaagtggctttacaatatccgaacccacgaaagctagggca","[482919]","Orthopristis chrysoptera","Eukaryota","Chordata","Actinopteri","Lutjaniformes","Haemulidae","Orthopristis","Orthopristis chrysoptera",97.6,NA,NA,NA,NA,NA,NA,NA,NA,NA,"global",FALSE,97.6,"global","Orthopristis chrysoptera","Eukaryota","Chordata","Actinopteri","Lutjaniformes","Haemulidae","Orthopristis","Orthopristis chrysoptera","Eukaryota","Chordata","Actinopteri","Lutjaniformes","Haemulidae","Orthopristis",NA,"genus","Orthopristis"
"MiFish_0001153",45,NA,"None",0,"caccgcggttatacgagaggcccaagttgatattcgtcggcgtaaagagtggttatgaaatatattaactaaagccgtactccttcaaagctgtgatacgcttacgaagggcagaagatcatccacgaaagtggctttattatttctgatgccacgaaagctatggca",NA,NA,NA,NA,NA,NA,NA,NA,NA,0,NA,NA,NA,NA,NA,NA,NA,NA,NA,"local",FALSE,NA,NA,NA,NA,NA,NA,NA,NA,NA,NA,NA,NA,NA,NA,NA,NA,NA,NA,NA
"MiFish_0001154",68,NA,"None",0,"caccgcggttatacgagaggcccaagttgataagcccggcgtaaagagtggttatggatgaaccccacactaaagctaaagaccccctaggctgttatacgcacctgggggttcgaaccacctatacgaaagtagctttactcccttccaccagaacccacgacagctggggca",NA,NA,NA,NA,NA,NA,NA,NA,NA,0,NA,NA,NA,NA,NA,NA,NA,NA,NA,"local",FALSE,NA,NA,NA,NA,NA,NA,NA,NA,NA,NA,NA,NA,NA,NA,NA,NA,NA,NA,NA
"MiFish_0001155",36,"['OP035230']","722560",0.964705882352941,"caccgcggttatacgaggggcccaagttgttggaagtcggcgtaaagggtggttaagaataaactcaagattaaagtcgaacgccttccgggctgttatacgcttccgaagataagaagctcaattacgaaagtagctttatattttctgaacccacgaaagctaaggca","[722560]","Archosargus rhomboidalis","Eukaryota","Chordata","Actinopteri","Spariformes","Sparidae","Archosargus","Archosargus rhomboidalis",96.5,NA,NA,NA,NA,NA,NA,NA,NA,NA,"global",FALSE,96.5,"global","Archosargus rhomboidalis","Eukaryota","Chordata","Actinopteri","Spariformes","Sparidae","Archosargus","Archosargus rhomboidalis","Eukaryota","Chordata","Actinopteri","Spariformes","Sparidae",NA,NA,"family","Sparidae"
"MiFish_0001156",176,"['AB470301', 'AP006036', 'DQ854646']","8245",1,"caccgcggttatacgagaggcccaagttgacagacaacggcgtaaagagtggttaaggaaaccaaaaaactaaagccgaacgctctcagagctgttatacgcatccgaaggtatgaagcccaactacgaaagtggctttacatcacctgaacccacgaaagctaagaaa","[8245]","Xiphias gladius","Eukaryota","Chordata","Actinopteri","Istiophoriformes","Xiphiidae","Xiphias","Xiphias gladius",100,"d:Eukaryota,p:Chordata,c:Actinopteri,o:Istiophoriformes,f:Xiphiidae,g:Xiphias,s:Xiphias_gladius","Eukaryota","Chordata","Actinopteri","Istiophoriformes","Xiphiidae","Xiphias","Xiphias gladius",100,"local",FALSE,100,"local","Xiphias gladius","Eukaryota","Chordata","Actinopteri","Istiophoriformes","Xiphiidae","Xiphias","Xiphias gladius","Eukaryota","Chordata","Actinopteri","Istiophoriformes","Xiphiidae","Xiphias","Xiphias gladius","species","Xiphias gladius"
"MiFish_0001157",18,NA,"None",0,"caccgcggttatacgagaggcccaagttgataagcccggcgtaaagagtggttagaataaaatgaaactaaagccgaatgttttctaaactgttatacgtactcgagaactagaagcacccctacgaaagtggctttactattttgaatccacgaaagctatggca",NA,NA,NA,NA,NA,NA,NA,NA,NA,0,NA,NA,NA,NA,NA,NA,NA,NA,NA,"local",FALSE,NA,NA,NA,NA,NA,NA,NA,NA,NA,NA,NA,NA,NA,NA,NA,NA,NA,NA,NA
"MiFish_0001158",13,NA,"None",0,"agccgcggtaatacggaaggtcctagcgttgttcggaattactgggcgtaaagcgcatgtaggcggaacaaaaagttagaagtggaatccctgggctcaacctaggaattgcttttaaaacttttgttctggaattcaggagaggaaaatggaatttccagtgtagaggtgaaattcgtagatattggaaggaacaccagtggcgaaggcgattttctggactgatattgacgctgagatgcgaaggcatgggtag",NA,NA,NA,NA,NA,NA,NA,NA,NA,0,NA,NA,NA,NA,NA,NA,NA,NA,NA,"local",FALSE,NA,NA,NA,NA,NA,NA,NA,NA,NA,NA,NA,NA,NA,NA,NA,NA,NA,NA,NA
"MiFish_0001159",125,NA,"None",0,"agccgcggtaatacggagggtgcgagcgttaatcggaattactgggcgtaaagcgtacgcaggcggtttgttaagcgagatgtgaaagccccgggctcaacctgggaactgcatttcgaactggcaaactagagtgtgatagagggtggtagaatttcaggtgtagcggtgaaatgcgtagagatctgaaggaataccgatggcgaaggcagccacctgggtcaacactgacgctcatgtacgaaagcgtggggag",NA,NA,NA,NA,NA,NA,NA,NA,NA,0,NA,NA,NA,NA,NA,NA,NA,NA,NA,"local",FALSE,NA,NA,NA,NA,NA,NA,NA,NA,NA,NA,NA,NA,NA,NA,NA,NA,NA,NA,NA
"MiFish_0001160",86,NA,"None",0,"caccgcggttatacgagaggcccaagatgacagaccctcggcgtaaagagtggttagaataaaatgaaactaaagccgaatgttttctaaactgttatacgtactcgaaaactagaagcacccctacgaaagtggctttactattttgaatccacgaaagctatggca",NA,NA,NA,NA,NA,NA,NA,NA,NA,0,NA,NA,NA,NA,NA,NA,NA,NA,NA,"local",FALSE,NA,NA,NA,NA,NA,NA,NA,NA,NA,NA,NA,NA,NA,NA,NA,NA,NA,NA,NA
"MiFish_0001161",13,NA,"None",0,"caccgcggttatacgagaggcccaagttgataagcccggcgtaaagagtggttatggatgaaccccacactaaagttaaagaccccctaggctgttatacgcacctgggggctcgaaccacctacacgaaagtagctttactcccttccaccagaacccacgacagctggggca",NA,NA,NA,NA,NA,NA,NA,NA,NA,0,NA,NA,NA,NA,NA,NA,NA,NA,NA,"local",FALSE,NA,NA,NA,NA,NA,NA,NA,NA,NA,NA,NA,NA,NA,NA,NA,NA,NA,NA,NA
"MiFish_0001162",98,NA,"None",0,"caccgcggttatacgagaggcccaagttgacagacactcggcgtaaagagtggttaaaagttatattaaactaaagccgaacgccctcacaactgttatacgttcccgagagtatgaagctctactacgaaagtagctttactacctttgaccccacgaaagctgtgaaa",NA,NA,NA,NA,NA,NA,NA,NA,NA,0,NA,NA,NA,NA,NA,NA,NA,NA,NA,"local",FALSE,NA,NA,NA,NA,NA,NA,NA,NA,NA,NA,NA,NA,NA,NA,NA,NA,NA,NA,NA
"MiFish_0001163",53,NA,"None",0,"agccaaggcatagcacagggtcagcatcacgacttaaaccaagtaaacaacgtcgcttgatagccattcgatttcaaggtgctcaaagaggtaagccaccccgtaaattgcaatgtagatcgcgcccccagcccctgaggcaaaggaccgccaccac",NA,NA,NA,NA,NA,NA,NA,NA,NA,0,NA,NA,NA,NA,NA,NA,NA,NA,NA,"local",FALSE,NA,NA,NA,NA,NA,NA,NA,NA,NA,NA,NA,NA,NA,NA,NA,NA,NA,NA,NA
"MiFish_0001164",282,"['AB517559', 'KP347126', 'KP733847']","173321",1,"caccgcggttatacgagaggcctaagttgacagacagcggcgtaaagagtggttaaggaaaacacaaaactaaagccgaacgccttcagaactgttatacgtcttcgaaggtatgaagcccaaccacgaaagtggctttacttcccctgaacccacgaaagctaaggaa","[173321]","Seriola rivoliana","Eukaryota","Chordata","Actinopteri","Carangiformes","Carangidae","Seriola","Seriola rivoliana",100,NA,NA,NA,NA,NA,NA,NA,NA,NA,"global",FALSE,100,"global","Seriola rivoliana","Eukaryota","Chordata","Actinopteri","Carangiformes","Carangidae","Seriola","Seriola rivoliana","Eukaryota","Chordata","Actinopteri","Carangiformes","Carangidae","Seriola","Seriola rivoliana","species","Seriola rivoliana"
"MiFish_0001165",21,"['KC136395', 'KC136536', 'KC136577']","163147",0.970414201183432,"caccgcggttatacgagagacccaagttgataaggtgcggcgtaaagagtggttaagactaactaaagactaaagtcgaatgccctcaaagctgttatacgcccccgaaggtaagaagatcgaccacgaaagtgactttatactactgaacccacgaaagctaggtta","[1260378, 214659]","Girella","Eukaryota","Chordata","Actinopteri","Centrarchiformes","Girellidae","Girella",NA,97,NA,NA,NA,NA,NA,NA,NA,NA,NA,"global",FALSE,97,"global","Girella","Eukaryota","Chordata","Actinopteri","Centrarchiformes","Girellidae","Girella",NA,"Eukaryota","Chordata","Actinopteri","Centrarchiformes","Girellidae","Girella",NA,"genus","Girella"
"MiFish_0001166",11,"['KT619054']","1167616",0.964497041420118,"taccgcggttatacgagaggcccaagttgacaggctccggcgtaaagcgtggttaaggaacaacaaatactaaagccgaacgcttactaggctgttatacgcttacgaaaataagaagcacatccacgaaggtggctttactccacctgaacccacgaaagccaagaca","[1167616]","Epinephelus bontoides","Eukaryota","Chordata","Actinopteri","Perciformes","Serranidae","Epinephelus","Epinephelus bontoides",96.4,"d:Eukaryota,p:Chordata,c:Actinopteri,o:Perciformes,f:Serranidae,g:Epinephelus,s:Epinephelus_merra","Eukaryota","Chordata","Actinopteri","Perciformes","Serranidae","Epinephelus","Epinephelus merra",95.3,"global",TRUE,96.4,"global_lca_to_local","Epinephelus","Eukaryota","Chordata","Actinopteri","Perciformes","Serranidae","Epinephelus",NA,"Eukaryota","Chordata","Actinopteri","Perciformes","Serranidae","Epinephelus",NA,"genus","Epinephelus"
"MiFish_0001167",441,NA,"None",0,"caccgcggttatacgagagacccaagttgatagaccccggcgtaaagagtggttaagatttttttatacttaaagccgaacgccctcaaagcagttatacgcacccgagggtaagaagcccaatcacgaaagtggctttattacccctgactccacgaaagctaaggaa",NA,NA,NA,NA,NA,NA,NA,NA,NA,0,NA,NA,NA,NA,NA,NA,NA,NA,NA,"local",FALSE,NA,NA,NA,NA,NA,NA,NA,NA,NA,NA,NA,NA,NA,NA,NA,NA,NA,NA,NA
"MiFish_0001168",10,"['MW630236', 'FJ616297']","36216",0.994082840236686,"caccgcggttatacgagaggctcaagttgacagacaacggcgtaaagagtggttaaggaactccccaaactaaagtcgaacgccctcagaactgttatacgtttccgaaggtaagaagccccactacgaaagtgactttatctcccctgactccacgaaagctgcgaag","[36216]","Abudefduf taurus","Eukaryota","Chordata","Actinopteri",NA,"Pomacentridae","Abudefduf","Abudefduf taurus",99.4,NA,NA,NA,NA,NA,NA,NA,NA,NA,"global",FALSE,99.4,"global","Abudefduf taurus","Eukaryota","Chordata","Actinopteri",NA,"Pomacentridae","Abudefduf","Abudefduf taurus","Eukaryota","Chordata","Actinopteri",NA,"Pomacentridae","Abudefduf",NA,"genus","Abudefduf"
"MiFish_0001169",931,NA,"None",0,"caccgcggttatacgagagacccaaattgatgaattaccggcgtaaagtgtgattaaaggtaaatttagactaaagccgaacgccccctatgctgtcatacgctaaggaggacacgaagcccagcaacgaaggtggctttaacagtctcgaactcacgacagctaagata",NA,NA,NA,NA,NA,NA,NA,NA,NA,0,NA,NA,NA,NA,NA,NA,NA,NA,NA,"local",FALSE,NA,NA,NA,NA,NA,NA,NA,NA,NA,NA,NA,NA,NA,NA,NA,NA,NA,NA,NA
"MiFish_0001170",14,"['MW630254']","1350520",0.982857142857143,"caccgcggttatacgagaggcccaagttgacagacacggcgtaaagagtggttaggcaaccccctttctacacactaaagtcgaacgccctcagggcagttatacgcgctacgaaggtaagaagctcctccacgaaagtgactttactccacctgactccacgaaagctgagata","[1350520]","Stegastes beebei","Eukaryota","Chordata","Actinopteri",NA,"Pomacentridae","Stegastes","Stegastes beebei",98.3,NA,NA,NA,NA,NA,NA,NA,NA,NA,"global",FALSE,98.3,"global","Stegastes beebei","Eukaryota","Chordata","Actinopteri",NA,"Pomacentridae","Stegastes","Stegastes beebei","Eukaryota","Chordata","Actinopteri",NA,"Pomacentridae","Stegastes","Stegastes beebei","species","Stegastes beebei"
"MiFish_0001171",131,NA,"None",0,"caccgcggttagacgagaggctcaaattgacaccccccggcgtaaagcgtggttaattatgtagtattactaaagttgaatgttctcaaaactgttatacgtttacgagactatgaaaaccccttacgaaagtagctttataatactgatgccactaaagctgaggaa",NA,NA,NA,NA,NA,NA,NA,NA,NA,0,NA,NA,NA,NA,NA,NA,NA,NA,NA,"local",FALSE,NA,NA,NA,NA,NA,NA,NA,NA,NA,NA,NA,NA,NA,NA,NA,NA,NA,NA,NA
"MiFish_0001172",94,NA,"None",0,"caccgcggttatacgagaggtccaagttgatagtcaccggcgtaaagagtggttaggagagcatacccaactaaagccaaacaccttcagaactgttatacgtacccgaaggcatgaagaactaccacgaaagtggctttactaaccctgaacccacgaaagctatgtca",NA,NA,NA,NA,NA,NA,NA,NA,NA,0,NA,NA,NA,NA,NA,NA,NA,NA,NA,"local",FALSE,NA,NA,NA,NA,NA,NA,NA,NA,NA,NA,NA,NA,NA,NA,NA,NA,NA,NA,NA
"MiFish_0001173",223,"['JQ729320']","1268096",0.994413407821229,"caccgcggttatacgagaggcccaagttgacagacacggcgtaaagagtggttaggcaacccctcccccttctacacactaaagtcgaacgccctcaaggctgttatacgccctacgaaggcaagaagcccctccacgaaagtgactttattctacctgactccacgaaagctgtggta","[1268096]","Stegastes rectifraenum","Eukaryota","Chordata","Actinopteri",NA,"Pomacentridae","Stegastes","Stegastes rectifraenum",99.4,NA,NA,NA,NA,NA,NA,NA,NA,NA,"global",FALSE,99.4,"global","Stegastes rectifraenum","Eukaryota","Chordata","Actinopteri",NA,"Pomacentridae","Stegastes","Stegastes rectifraenum","Eukaryota","Chordata","Actinopteri",NA,"Pomacentridae","Stegastes",NA,"genus","Stegastes"
"MiFish_0001174",64,"['KF374975', 'KF374983', 'KF374984']","8190",0.988235294117647,"caccgcggttatacgagaggcccaagttgatagacaccggcgcaaagagtggttcggtaacttaacaaactaaagccgaacgcccccaaggctgttatacgtgctcggaggtatgaagcccaactacgaaagtggctttaactatatctgaacccacgaaagctgtgaaa","[48194, 1229150]","Mugil","Eukaryota","Chordata","Actinopteri","Mugiliformes","Mugilidae","Mugil",NA,98.8,"d:Eukaryota,p:Chordata,c:Actinopteri,o:Mugiliformes,f:Mugilidae,g:Mugil,s:Mugil_thoburni","Eukaryota","Chordata","Actinopteri","Mugiliformes","Mugilidae","Mugil","Mugil thoburni",98.8,"local",FALSE,98.8,"local","Mugil thoburni","Eukaryota","Chordata","Actinopteri","Mugiliformes","Mugilidae","Mugil","Mugil thoburni","Eukaryota","Chordata","Actinopteri","Mugiliformes","Mugilidae","Mugil","Mugil thoburni","species","Mugil thoburni"
"MiFish_0001175",336,NA,"None",0,"caccgcggttatacgagagactcaagctgacaatcaccggcgtaaagagtggttaattttaccaaaaaataaagccgaacgcctccaaagttgtattacgcattcggaggtatgaagcccaattacgaaagtggctttacactctttgaacccacgagagctagggaa",NA,NA,NA,NA,NA,NA,NA,NA,NA,0,NA,NA,NA,NA,NA,NA,NA,NA,NA,"local",FALSE,NA,NA,NA,NA,NA,NA,NA,NA,NA,NA,NA,NA,NA,NA,NA,NA,NA,NA,NA
"MiFish_0001176",284,"['KY815244']","1182146",0.994117647058824,"caccgcggttatacgagagacccaagttgataagaaccggcgtaaagagtggttatgaacaaccccaaaactaaagccaaatgcccccaaagctgttatacgcactcgggagccagagacccaaccacgaaagtggctttatattgcctgaacccacgaaagctatgata","[1182146]","Bodianus diplotaenia","Eukaryota","Chordata","Actinopteri","Labriformes","Labridae","Bodianus","Bodianus diplotaenia",99.4,NA,NA,NA,NA,NA,NA,NA,NA,NA,"global",FALSE,99.4,"global","Bodianus diplotaenia","Eukaryota","Chordata","Actinopteri","Labriformes","Labridae","Bodianus","Bodianus diplotaenia","Eukaryota","Chordata","Actinopteri","Labriformes","Labridae","Bodianus","Bodianus diplotaenia","species","Bodianus diplotaenia"
"MiFish_0001177",661,"['OP154194', 'OP154195']","166773",0.951807228915663,"caccgcggttatacgaggggctcaagctgacagatttcggcgtaaagggtggttaacaaacaacgaactaaggcggaacaccctcaaggcagttatacgcacccgagggcaggaacctcctgtacgaaagtggccttaacaacgtgaacccaccaaagctagggga","[166773]","Microdesmus longipinnis","Eukaryota","Chordata","Actinopteri","Gobiiformes","Gobiidae","Microdesmus","Microdesmus longipinnis",95.2,NA,NA,NA,NA,NA,NA,NA,NA,NA,"global",FALSE,95.2,"global","Microdesmus longipinnis","Eukaryota","Chordata","Actinopteri","Gobiiformes","Gobiidae","Microdesmus","Microdesmus longipinnis","Eukaryota","Chordata","Actinopteri","Gobiiformes","Gobiidae","Microdesmus",NA,"genus","Microdesmus"
"MiFish_0001178",18,NA,"None",0,"caccgcggttatacgagaggcccaaatcgacgtatcacggcgtaaagtgtgattagagactaaataaaactaaagccgaatgccccttatgctgtcatacgccatgggggttacgaagcccaacagcgaaagtggctttataaatcttgagctcacgacagctaaggca",NA,NA,NA,NA,NA,NA,NA,NA,NA,0,NA,NA,NA,NA,NA,NA,NA,NA,NA,"local",FALSE,NA,NA,NA,NA,NA,NA,NA,NA,NA,NA,NA,NA,NA,NA,NA,NA,NA,NA,NA
"MiFish_0001179",17,"['OP035230']","722560",0.964705882352941,"caccgcggttatacgaggggcccaagttgttggaagtcggcgtaaagggtggttaagaataaactcaagattaaagtcgaacgccttccgggctgtcatacgcttccgaaggtaagaagctcaattacgaaagtagctttatattttctgaacccacgaaagctaaggca","[722560]","Archosargus rhomboidalis","Eukaryota","Chordata","Actinopteri","Spariformes","Sparidae","Archosargus","Archosargus rhomboidalis",96.5,NA,NA,NA,NA,NA,NA,NA,NA,NA,"global",FALSE,96.5,"global","Archosargus rhomboidalis","Eukaryota","Chordata","Actinopteri","Spariformes","Sparidae","Archosargus","Archosargus rhomboidalis","Eukaryota","Chordata","Actinopteri","Spariformes","Sparidae",NA,NA,"family","Sparidae"
"MiFish_0001180",760,NA,"None",0,"caccgcggttatacgagagactcaagctgataatcgtcggcgtaaagtgtggttaagatatatttacactagagctgaatgccctcaaagctgttacacgccctcgaaggtaagaaacccaactacgaaagtgactctgctatatccgattccacgaaagctagggca",NA,NA,NA,NA,NA,NA,NA,NA,NA,0,NA,NA,NA,NA,NA,NA,NA,NA,NA,"local",FALSE,NA,NA,NA,NA,NA,NA,NA,NA,NA,NA,NA,NA,NA,NA,NA,NA,NA,NA,NA
"MiFish_0001181",11,NA,"None",0,"agccgcggtaatacggagggtgcgagcgttaatcggaattactgggcgtaaagcgcatgcaggcggcttgttaagtcagatgtgaaagcccggagcttaacttcggaaggtcatttgaaactggcaagctagagtcttgtagaggggggtagaatttcaggtgtagcggtgaaatgcgtagagatctgaaggaataccggtggcgaaggcggccccctggacaaagactgacgctcagatgcgaaagcgtgggtag",NA,NA,NA,NA,NA,NA,NA,NA,NA,0,NA,NA,NA,NA,NA,NA,NA,NA,NA,"local",FALSE,NA,NA,NA,NA,NA,NA,NA,NA,NA,NA,NA,NA,NA,NA,NA,NA,NA,NA,NA
"MiFish_0001182",38,NA,"None",0,"agccgcggtaatacggaaggtcctagcgttgttcggaattactgggcgtaaagcgcatgtaggcggaacaaaaagttagaagtgaaatccctgggctcaacctaggaattgcttttaaaacttttgttctggaattcaggagaggaaaatggaatttccagtgtagaggtgaaattcgtagatattggaaggaacaccagtggcgaaggcgattttctggactgatattgacgctgagatgcgaaggcatgggtaa",NA,NA,NA,NA,NA,NA,NA,NA,NA,0,NA,NA,NA,NA,NA,NA,NA,NA,NA,"local",FALSE,NA,NA,NA,NA,NA,NA,NA,NA,NA,NA,NA,NA,NA,NA,NA,NA,NA,NA,NA
"MiFish_0001183",40,NA,"None",0,"caccgcggttagacgaaaggcctaagttgataatcatcggcgtaaagagtggttaaggaagacttaaaactaaagccgaatgttcacaaggttgttatacgcatccgagaataagaagctcctccacgaaagtggctttaacatacccgactccacgtaagctatgaaa",NA,NA,NA,NA,NA,NA,NA,NA,NA,0,NA,NA,NA,NA,NA,NA,NA,NA,NA,"local",FALSE,NA,NA,NA,NA,NA,NA,NA,NA,NA,NA,NA,NA,NA,NA,NA,NA,NA,NA,NA
"MiFish_0001184",21,NA,"None",0,"agccgcggtaatacgaggggtgcaagcgttaatcggaattactgggcgtaaagcgtacgcaggcggttgtgtaagtcagatgtgaaagccccgggctcaacctgggaaagtcatttgaaactgcataactagagtcttgtagaggggggtagaatttcaggtgtagcggtgaaatgcgtagagatctgaaggaataccagtggcgaaggcggccccctggacaaagactgacgctcatgtacgaaagcgtggggag",NA,NA,NA,NA,NA,NA,NA,NA,NA,0,NA,NA,NA,NA,NA,NA,NA,NA,NA,"local",FALSE,NA,NA,NA,NA,NA,NA,NA,NA,NA,NA,NA,NA,NA,NA,NA,NA,NA,NA,NA
"MiFish_0001185",17,NA,"None",0,"caccgcggtcacacgattaacccaagtcaatagaagccggcgtaaagagtgttttagatcaccccctccccaataaagctaaaactcacctgagttgtaaaaaactccagttgacgcaaaatagactacgaaagtggctttaacatatctgaacacacaatagctaagacc",NA,NA,NA,NA,NA,NA,NA,NA,NA,0,NA,NA,NA,NA,NA,NA,NA,NA,NA,"local",FALSE,NA,NA,NA,NA,NA,NA,NA,NA,NA,NA,NA,NA,NA,NA,NA,NA,NA,NA,NA
"MiFish_0001186",81,NA,"None",0,"caccgcggttatacgagaggcccgagttgacaacacacggcgtaaagagtggttaatgatttcccgttccaaagtcgaacgccctccgggctgttatacgcactcgaaggcaggaagcccacttacgaaagtgactttgagcaacatgaccccacgaaagctaagcca",NA,NA,NA,NA,NA,NA,NA,NA,NA,0,NA,NA,NA,NA,NA,NA,NA,NA,NA,"local",FALSE,NA,NA,NA,NA,NA,NA,NA,NA,NA,NA,NA,NA,NA,NA,NA,NA,NA,NA,NA
"MiFish_0001187",15,NA,"None",0,"agccgcggtaatacggagggtgcaagcgttaatcggaattactgggcgtaaagcgcgcgtaggcggttatttaagctggatgtgaaatccccgggctcaacctgggaactgcatccagaactggataactagagtacagtagagggtagtggaatttcaggtgtagcggtgaaatgcgtagagatctgaaggaacaccagtggcgaaggcggctgcctggactgatactgacgctgaggtgcgaaagcgtggggag",NA,NA,NA,NA,NA,NA,NA,NA,NA,0,NA,NA,NA,NA,NA,NA,NA,NA,NA,"local",FALSE,NA,NA,NA,NA,NA,NA,NA,NA,NA,NA,NA,NA,NA,NA,NA,NA,NA,NA,NA
"MiFish_0001188",14,"['AF488509']","195598",0.97093023255814,"caccgcggttatacgagaggcccaagttgacagacagcggcgtaaagagtggttaggggaccaaatatactaaagccgaaagccctcaaggctgtgatacgcctcttcgacggcacgaagacctactacgaaagtggctttacttcgcctgaccccacgaaagctgaggaa","[195598]","Bothus robinsi","Eukaryota","Chordata","Actinopteri","Pleuronectiformes","Bothidae","Bothus","Bothus robinsi",97.1,NA,NA,NA,NA,NA,NA,NA,NA,NA,"global",FALSE,97.1,"global","Bothus robinsi","Eukaryota","Chordata","Actinopteri","Pleuronectiformes","Bothidae","Bothus","Bothus robinsi","Eukaryota","Chordata","Actinopteri","Pleuronectiformes","Bothidae","Bothus",NA,"genus","Bothus"
"MiFish_0001189",122,"['AP011915']","168377",0.988235294117647,"caccgcggttatacgagaggtccaagttgttagccctcggcgtaaagagtggttaaagtaataaacaaaactgaggtcgaacatcttcaaggcagttatacgctcccgaggatatgaagcacaatcacgaaagtagcctcaccctgcttgaacccacgaaagctaggaca","[168377]","Sphoeroides annulatus","Eukaryota","Chordata","Actinopteri","Tetraodontiformes","Tetraodontidae","Sphoeroides","Sphoeroides annulatus",98.8,NA,NA,NA,NA,NA,NA,NA,NA,NA,"global",FALSE,98.8,"global","Sphoeroides annulatus","Eukaryota","Chordata","Actinopteri","Tetraodontiformes","Tetraodontidae","Sphoeroides","Sphoeroides annulatus","Eukaryota","Chordata","Actinopteri","Tetraodontiformes","Tetraodontidae","Sphoeroides","Sphoeroides annulatus","species","Sphoeroides annulatus"
"MiFish_0001190",17,"['AF488509']","195598",0.97093023255814,"caccgcggttatacgagaggcccaagttgacagacagcggcgtaaagagtggttaggggactaaatgtactaaagccgaaagccctcaaggctgtgatacgcctcttcgacggcacgaagacctactacgaaagtggctttacttcgcctgaccccacgaaagctgaggaa","[195598]","Bothus robinsi","Eukaryota","Chordata","Actinopteri","Pleuronectiformes","Bothidae","Bothus","Bothus robinsi",97.1,NA,NA,NA,NA,NA,NA,NA,NA,NA,"global",FALSE,97.1,"global","Bothus robinsi","Eukaryota","Chordata","Actinopteri","Pleuronectiformes","Bothidae","Bothus","Bothus robinsi","Eukaryota","Chordata","Actinopteri","Pleuronectiformes","Bothidae","Bothus",NA,"genus","Bothus"
"MiFish_0001191",16,NA,"None",0,"aaccgcggttatacgaggggcccgaattgacgcattacggcgtaaagtgtgattagagacaaaactaaactagaaccaaataccccttatgctgtcatacgctatgggggtcacgaagcccaacaacgaaagtggttctattaaccttgaactcacgacagctaagaca",NA,NA,NA,NA,NA,NA,NA,NA,NA,0,NA,NA,NA,NA,NA,NA,NA,NA,NA,"local",FALSE,NA,NA,NA,NA,NA,NA,NA,NA,NA,NA,NA,NA,NA,NA,NA,NA,NA,NA,NA
"MiFish_0001192",23,"['LC649125']","2012922",0.994082840236686,"caccgcggttatacgagaggcctaagttaacagacaccggcgtaaagagtggttaaggaaaaatcaaaactaaagccgaataacctcaagactgttatacgttcccgaggacaagaagcccaactacgaaagtggctttaattttcccgactccacgaaagctgtgaaa","[2012922]","Hyporhamphus yuri","Eukaryota","Chordata","Actinopteri","Beloniformes","Hemiramphidae","Hyporhamphus","Hyporhamphus yuri",99.4,NA,NA,NA,NA,NA,NA,NA,NA,NA,"global",FALSE,99.4,"global","Hyporhamphus yuri","Eukaryota","Chordata","Actinopteri","Beloniformes","Hemiramphidae","Hyporhamphus","Hyporhamphus yuri","Eukaryota","Chordata","Actinopteri","Beloniformes","Hemiramphidae","Hyporhamphus",NA,"genus","Hyporhamphus"
"MiFish_0001193",13,NA,"None",0,"aaccgcggttatacgagaggcccaaatcgacgtatcacggcgtaaagtgtgattagagactaaataaaactaaagccgaatgccccttatgctgtcatacgccatgggggttacgaagcccaacagcgaaggtggctttataaatcttgagctcacgacagctaaggca",NA,NA,NA,NA,NA,NA,NA,NA,NA,0,NA,NA,NA,NA,NA,NA,NA,NA,NA,"local",FALSE,NA,NA,NA,NA,NA,NA,NA,NA,NA,NA,NA,NA,NA,NA,NA,NA,NA,NA,NA
"MiFish_0001194",71,"['MW630236', 'FJ616297']","36216",0.994082840236686,"caccgcggttatacgagaggctcaagttgacagacaacggcgtaaagagtggttaaggaactccccaaactaaagtcgaacgccctcagaactgttatacgtttccgaaggtaagaagccccactacgaaagtgactttatttcccctgactccacgaaagctgcgaaa","[36216]","Abudefduf taurus","Eukaryota","Chordata","Actinopteri",NA,"Pomacentridae","Abudefduf","Abudefduf taurus",99.4,NA,NA,NA,NA,NA,NA,NA,NA,NA,"global",FALSE,99.4,"global","Abudefduf taurus","Eukaryota","Chordata","Actinopteri",NA,"Pomacentridae","Abudefduf","Abudefduf taurus","Eukaryota","Chordata","Actinopteri",NA,"Pomacentridae","Abudefduf",NA,"genus","Abudefduf"
"MiFish_0001195",85,NA,"None",0,"caccgcggtcatacgagtgttcgcccaagtagacagtcgccggcgtaaaatgtggttagggagcccccagtaaatagagcagaactgcctccgggctgttatacgcacccgagagcaagaatcccaagcacgaaagtcgctctacccctcacctgaagccacgaaagctgggaaa",NA,NA,NA,NA,NA,NA,NA,NA,NA,0,NA,NA,NA,NA,NA,NA,NA,NA,NA,"local",FALSE,NA,NA,NA,NA,NA,NA,NA,NA,NA,NA,NA,NA,NA,NA,NA,NA,NA,NA,NA
"MiFish_0001196",142,"['MW435597']","173309",0.982248520710059,"caccgcggttatacgagaggctcaagttgacagacaacggcgtaaagcgtggttaaggagaactcataactaaagcggaacttcctcctagctgttatacgcttccgagggaatgaaccccaactacgaaagtggctttaccccgcctgaacccacgaaagctaagaaa","[173309]","Caranx crysos","Eukaryota","Chordata","Actinopteri","Carangiformes","Carangidae","Caranx","Caranx crysos",98.2,NA,NA,NA,NA,NA,NA,NA,NA,NA,"global",FALSE,98.2,"global","Caranx crysos","Eukaryota","Chordata","Actinopteri","Carangiformes","Carangidae","Caranx","Caranx crysos","Eukaryota","Chordata","Actinopteri","Carangiformes","Carangidae","Caranx",NA,"genus","Caranx"
"MiFish_0001197",99,"['EF616889']","466148",1,"caccgcggttaaacgagagactcaagttgttagtcatcggcgtagagagtggttaagataagataaaactaaagccgaatgcccttaaagctgttataagcatccacgagggtaagaagcccaactacgaaagtggctttaactcaatctgaacccacgaaagctagggca","[466148]","Johnrandallia nigrirostris","Eukaryota","Chordata","Actinopteri","Chaetodontiformes","Chaetodontidae","Johnrandallia","Johnrandallia nigrirostris",100,NA,NA,NA,NA,NA,NA,NA,NA,NA,"global",FALSE,100,"global","Johnrandallia nigrirostris","Eukaryota","Chordata","Actinopteri","Chaetodontiformes","Chaetodontidae","Johnrandallia","Johnrandallia nigrirostris","Eukaryota","Chordata","Actinopteri","Chaetodontiformes","Chaetodontidae","Johnrandallia","Johnrandallia nigrirostris","species","Johnrandallia nigrirostris"
"MiFish_0001198",58,NA,"None",0,"agccgcggtaagacgggagatgcaagcgttattcggatttattgggcgtaaagggtttgtaggttgttggttaagtctatggtcaaattccgaagctcaacttcgggccggcactagaaactaatcaacttgagtacgttagaggcagggggaattcccagtgtagcggtgaaatgcgtagatattgggaggaacatcaatggcgaaggcaccctgctaggccgatactgacactgaaaaacgaaagctaggggag",NA,NA,NA,NA,NA,NA,NA,NA,NA,0,NA,NA,NA,NA,NA,NA,NA,NA,NA,"local",FALSE,NA,NA,NA,NA,NA,NA,NA,NA,NA,NA,NA,NA,NA,NA,NA,NA,NA,NA,NA
"MiFish_0001199",21,NA,"None",0,"caccgcggttatacgagaggcccgagttgacagaccacggcgtaaagagtggttagggattttttcttaaactagagccgaacgctctcagagccgtcatacgctcacgagagtatgaagcccaacaacgaaagtggctctaaccctacctgaacccacgaaagctaagaaa",NA,NA,NA,NA,NA,NA,NA,NA,NA,0,NA,NA,NA,NA,NA,NA,NA,NA,NA,"local",FALSE,NA,NA,NA,NA,NA,NA,NA,NA,NA,NA,NA,NA,NA,NA,NA,NA,NA,NA,NA
"MiFish_0001200",14,NA,"None",0,"caccgcggttatacgagaggcccaagatgacagaccctcggcgtaaagagtggttaaaataaaatgaaactaaagccgaatgttttctaaactgttatacgtactcgagaactagaagcacccctacgaaagtggctttactattttgaatccacgaaagctatggca",NA,NA,NA,NA,NA,NA,NA,NA,NA,0,NA,NA,NA,NA,NA,NA,NA,NA,NA,"local",FALSE,NA,NA,NA,NA,NA,NA,NA,NA,NA,NA,NA,NA,NA,NA,NA,NA,NA,NA,NA
"MiFish_0001201",33,"['LC649108']","2608457",1,"caccgcggttagacgagaggcctaagttgatagtcatcggcgtaaagagtggttagggaaaactttaaactaaagccgaatattcccacagctgtcatacgcacccgagaataagaagcccccctacgaaagtggctttaacccacccgaccccacgaaagctgcgaaa","[2608457]","Platybelone argalus platyura","Eukaryota","Chordata","Actinopteri","Beloniformes","Belonidae","Platybelone","Platybelone argala",100,NA,NA,NA,NA,NA,NA,NA,NA,NA,"global",FALSE,100,"global","Platybelone argala","Eukaryota","Chordata","Actinopteri","Beloniformes","Belonidae","Platybelone","Platybelone argala","Eukaryota","Chordata","Actinopteri","Beloniformes","Belonidae","Platybelone","Platybelone argala","species","Platybelone argala"
"MiFish_0001202",139,NA,"None",0,"cgccgcggttatacgagatatggcccaagttgacagccttcggcgtaaagggtggttaagagaattaaaggaaaaaataaagccgaacacctctcctgctgttatacgcaatcggagataaagaagcccaatcacgaaagtagctttactccccctcctgaacccacgaaagttatgata",NA,NA,NA,NA,NA,NA,NA,NA,NA,0,NA,NA,NA,NA,NA,NA,NA,NA,NA,"local",FALSE,NA,NA,NA,NA,NA,NA,NA,NA,NA,NA,NA,NA,NA,NA,NA,NA,NA,NA,NA
"MiFish_0001203",10,"['MW630158', 'EU601200', 'FJ449707']","242806",0.994186046511628,"caccgcggttatacgaaaggcccaagttgaaaaacattcggcgtaaagggtggctaagggcctattttaaactggagctgaatttcttcaaagctgttatacgctcatgaaaactagaaaatcaaccacgaaagtggctctaatctctcctgacaccacgaaagctatgaca","[242806]","Scarus ghobban","Eukaryota","Chordata","Actinopteri","Labriformes","Labridae","Scarus","Scarus ghobban",99.4,NA,NA,NA,NA,NA,NA,NA,NA,NA,"global",FALSE,99.4,"global","Scarus ghobban","Eukaryota","Chordata","Actinopteri","Labriformes","Labridae","Scarus","Scarus ghobban","Eukaryota","Chordata","Actinopteri","Labriformes","Labridae","Scarus","Scarus ghobban","species","Scarus ghobban"
"MiFish_0001204",10,NA,"None",0,"caccgcggtcatacgattaacccaaattaatagatccacggcgtaaagagtgtttaagaaaaaaaatcacaatagagttaaattataactaagctgtaaaaagccctagctaaaataaaataacccacgaaagtgactctaataatcctgacacacgatagctaggacc",NA,NA,NA,NA,NA,NA,NA,NA,NA,0,NA,NA,NA,NA,NA,NA,NA,NA,NA,"local",FALSE,NA,NA,NA,NA,NA,NA,NA,NA,NA,NA,NA,NA,NA,NA,NA,NA,NA,NA,NA
"MiFish_0001205",27,NA,"None",0,"caccgcggttatacgaggggcccaagtcgacagccaccggcgtaaagagtggttaagattaattgaagactaaagccgaaaacccccatagctgttatacgcacccgggggaaagaagcccaattacgaaagtggctttacaacatctgaacccacgaaagctagggca",NA,NA,NA,NA,NA,NA,NA,NA,NA,0,NA,NA,NA,NA,NA,NA,NA,NA,NA,"local",FALSE,NA,NA,NA,NA,NA,NA,NA,NA,NA,NA,NA,NA,NA,NA,NA,NA,NA,NA,NA
"MiFish_0001206",20,NA,"None",0,"caccgcggttatacgagaggcccaagctgataattatcggcgtaaagagtggttaaggtaaaatttaaactaaagccaaactcctattaagttcgtctaatgttaattaaaagggagaggcccaactacgaaagtggctttaccaaacctgaccccacgaaagctgagaca",NA,NA,NA,NA,NA,NA,NA,NA,NA,0,NA,NA,NA,NA,NA,NA,NA,NA,NA,"local",FALSE,NA,NA,NA,NA,NA,NA,NA,NA,NA,NA,NA,NA,NA,NA,NA,NA,NA,NA,NA
"MiFish_0001207",18,NA,"None",0,"caccacggttagacgaaaggcctaagttgataatcatcggcgtaaagagtggttaaggaaaacttaaaactaaagccgaatgttcacaaggttgttatacgcatccgagaataagaagctcctccacgaaagtggctttaacatacccgactccacgtaagctatgaaa",NA,NA,NA,NA,NA,NA,NA,NA,NA,0,NA,NA,NA,NA,NA,NA,NA,NA,NA,"local",FALSE,NA,NA,NA,NA,NA,NA,NA,NA,NA,NA,NA,NA,NA,NA,NA,NA,NA,NA,NA
"MiFish_0001208",122,NA,"None",0,"caccgcggttagacgaaaggcctaagttgataatcatcggcgtaaagagtggttaaggaaaacttaaaactaaagccgaatgttcacaaggttgttatacgcatccgagaataagaagctcccccacgaaagtggctttaacatacccgactccacgtaagctatgaaa",NA,NA,NA,NA,NA,NA,NA,NA,NA,0,NA,NA,NA,NA,NA,NA,NA,NA,NA,"local",FALSE,NA,NA,NA,NA,NA,NA,NA,NA,NA,NA,NA,NA,NA,NA,NA,NA,NA,NA,NA
"MiFish_0001209",15,NA,"None",0,"caccgcggttagacgaaaggcctaagttgataatcatcggcgtaaagagtggttaaggaaaacttaaaactaaagctgaatgttcacaaggttgttatacgcatccgagaataagaagctcctccacgaaagtggctttaacatacccgactccacgtaagctatgaaa",NA,NA,NA,NA,NA,NA,NA,NA,NA,0,NA,NA,NA,NA,NA,NA,NA,NA,NA,"local",FALSE,NA,NA,NA,NA,NA,NA,NA,NA,NA,NA,NA,NA,NA,NA,NA,NA,NA,NA,NA
"MiFish_0001210",15,NA,"None",0,"caccgcggttagacgaaaggcctaagttgataatcatcggcgtaaagagtggttaaggaaaacttaaaactaaagccgaatgttcacaaggttgttatacgcatccgagaataagaagctcctccacgaaagtggctttaacatacccaactccacgtaagctatgaaa",NA,NA,NA,NA,NA,NA,NA,NA,NA,0,NA,NA,NA,NA,NA,NA,NA,NA,NA,"local",FALSE,NA,NA,NA,NA,NA,NA,NA,NA,NA,NA,NA,NA,NA,NA,NA,NA,NA,NA,NA
"MiFish_0001211",11,NA,"None",0,"agccgcggtaatacggaaggtcctagcgttgttcggaattactgggcgtaaagcgcatgtaggcggaacaaaaagttagaagtgaaatccctgggctcaacctaggaattgcttttaaaacttttgttctggaattcaggagaggaaaatggaatttccagtgtagaggtgaaattcgtagatattggaaggaacaccagtggcgaaggcgattttctggactgatattgacgctgagatgcgaaggcatgggta",NA,NA,NA,NA,NA,NA,NA,NA,NA,0,NA,NA,NA,NA,NA,NA,NA,NA,NA,"local",FALSE,NA,NA,NA,NA,NA,NA,NA,NA,NA,NA,NA,NA,NA,NA,NA,NA,NA,NA,NA
"MiFish_0001212",10,NA,"None",0,"caccgcggttatacgagaggcccaagttgataagcccggcgtaaagagtggttatggatgaaccccacactaaagctaaagaccccctaggctgttatacgcacctggaggctcgaaccacctatacgaaagtagctttactcccttccaccagaacccgcgacagctggggca",NA,NA,NA,NA,NA,NA,NA,NA,NA,0,NA,NA,NA,NA,NA,NA,NA,NA,NA,"local",FALSE,NA,NA,NA,NA,NA,NA,NA,NA,NA,NA,NA,NA,NA,NA,NA,NA,NA,NA,NA
"MiFish_0001213",64,NA,"None",0,"caccgcggttatacgagaggcccaagttgataagcccggcgtaaagagtggttatggatgaaccccacactaaagctaaagaccccctaggctgtcatacgcacctgggggctcgaaccacctatacgaaagtagctttactcccttccaccagaacccacgacagctgggaca",NA,NA,NA,NA,NA,NA,NA,NA,NA,0,NA,NA,NA,NA,NA,NA,NA,NA,NA,"local",FALSE,NA,NA,NA,NA,NA,NA,NA,NA,NA,NA,NA,NA,NA,NA,NA,NA,NA,NA,NA
"MiFish_0001214",11,NA,"None",0,"agccgcggtaatacggagggtgcaagcgttaatcggaattactgggcgtaaagcgcgcgtaggcggttttttaagtcggatgtgaaagccccgggctcaacctgggaactgtatccgatactggatcactagaatgcgggagagggaggtagaattccatgtgtagcagtgaaatgcgtagatatatggaggaataccagtggcgaaggcggcctcctggctcgacattgacgctgaggtgcgaaagcgtggggag",NA,NA,NA,NA,NA,NA,NA,NA,NA,0,NA,NA,NA,NA,NA,NA,NA,NA,NA,"local",FALSE,NA,NA,NA,NA,NA,NA,NA,NA,NA,NA,NA,NA,NA,NA,NA,NA,NA,NA,NA
"MiFish_0001215",83,NA,"None",0,"agccgcggtaatacggagggtgcaagcgttaatcggaattactgggcgtaaagcgcgcgtaggcggctctttaagtcggatgtgaaagccccgggctcaacctgggaactgcatccgatactggagggctagagtgtaggagagggaggtagaattccatgtgtagcagtgaaatgcgtagatatatggaggaataccagtggcgaaggcggcctcctggcttaacactgacgctgaggtgcgaaagcgtggggag",NA,NA,NA,NA,NA,NA,NA,NA,NA,0,NA,NA,NA,NA,NA,NA,NA,NA,NA,"local",FALSE,NA,NA,NA,NA,NA,NA,NA,NA,NA,NA,NA,NA,NA,NA,NA,NA,NA,NA,NA
"MiFish_0001216",24,NA,"None",0,"agccgcggtaatacgtatgtcgcaagcgttatccggaattattgggcgtaaagcgcgtctaggcggtcttttaagtctgatgttaaaatgcggggctcaactccgtattgcgttggaaactggaagactagagtatcagagaggtgggcggaactacaagtgtagaggtgaaattcgtagatatttgtaggaatgccgattgggaagccagctcactggatgaatactgacgctgaagcgcgaaagcgtggggag",NA,NA,NA,NA,NA,NA,NA,NA,NA,0,NA,NA,NA,NA,NA,NA,NA,NA,NA,"local",FALSE,NA,NA,NA,NA,NA,NA,NA,NA,NA,NA,NA,NA,NA,NA,NA,NA,NA,NA,NA
"MiFish_0001217",10,NA,"None",0,"agccgcggtaatacggaaggtcctagcgttgttcggaattactgggcgtaaagcgcatgtaggcggaacaaaaagttagaagtgaaatccctgggctcaacctaggaattgcttttaaaacttttgttctggaattcaggagaggaaaatggaatttccagtgtagaggtgaaattcgtagatattggaaggaacaccagtggcgaaggcgattttctggactgacattgacgctgagatgcgaaggcatgggtag",NA,NA,NA,NA,NA,NA,NA,NA,NA,0,NA,NA,NA,NA,NA,NA,NA,NA,NA,"local",FALSE,NA,NA,NA,NA,NA,NA,NA,NA,NA,NA,NA,NA,NA,NA,NA,NA,NA,NA,NA
"MiFish_0001218",16,NA,"None",0,"agccgcggtaagacggaggatgcaagtgttatccggaatcactgggcgtaaagcgtctgtaggtggttaagcaagtcaactgttaaatcttgaggctcaacttcaaaatcgcagtcgaaactgtttgactagagtatagtaggggtaaagggaatttccagtggagcggtgaaatgcgtagatattggaaagaacaccgatggcgaaggtactttactgggctattactgacactcagagacgaaagctagggtag",NA,NA,NA,NA,NA,NA,NA,NA,NA,0,NA,NA,NA,NA,NA,NA,NA,NA,NA,"local",FALSE,NA,NA,NA,NA,NA,NA,NA,NA,NA,NA,NA,NA,NA,NA,NA,NA,NA,NA,NA
"MiFish_0001219",31,NA,"None",0,"agccgcggtaagacggaggatgcaagtgttatccggaatcactgggcgtaaagcgcctgtaggtggttaagcaagtcaactgttaaatcttgaggctcaacttcaaaatcgcagtcgaaactgtttgactagagtatagtaggggtaaagggaatttccagtggagcggtgaaatgcgtagatattggaaagaacaccgatggcgaaggcactttactgggctattactgacactcagagacgaaagctagggtag",NA,NA,NA,NA,NA,NA,NA,NA,NA,0,NA,NA,NA,NA,NA,NA,NA,NA,NA,"local",FALSE,NA,NA,NA,NA,NA,NA,NA,NA,NA,NA,NA,NA,NA,NA,NA,NA,NA,NA,NA
"MiFish_0001220",19,NA,"None",0,"agccgcggtaagacggaggatgcaagtgttatccggaattactgggcgtaaagcgtctgtaggtggtttagtaagtcgattgttaaatcttgaggcttaacttcaaaacagcaatggaaactgctagacttgagtatggtagaggtaaaaggaatttccagtggagcggtgaaatgcgtagatattggaaagaacaccgatggcgaaggcattttactgggccataactgacactcagagacgaaagctagggtag",NA,NA,NA,NA,NA,NA,NA,NA,NA,0,NA,NA,NA,NA,NA,NA,NA,NA,NA,"local",FALSE,NA,NA,NA,NA,NA,NA,NA,NA,NA,NA,NA,NA,NA,NA,NA,NA,NA,NA,NA
"MiFish_0001221",10,NA,"None",0,"agccgcggtaatacggagggtgcaagcgttaatcggaattactgggcgtaaagcgcgcgtaggcggttttttaagtcggatgtgaaagccccgggctcaacctgggaactgcatccgatactggatgactagaatgcgggagagggaggtagaattccatgtgtagcagtgaaatgcgtagatatatggaggaataccagtggcgaaggcggcctactggctcgacattgacgctgaggtgcgaaagcgtggggag",NA,NA,NA,NA,NA,NA,NA,NA,NA,0,NA,NA,NA,NA,NA,NA,NA,NA,NA,"local",FALSE,NA,NA,NA,NA,NA,NA,NA,NA,NA,NA,NA,NA,NA,NA,NA,NA,NA,NA,NA
"MiFish_0001222",16,NA,"None",0,"agccgcggtaatacggaaggtcctagcgttgttcggaattactgggcgtaaagcgcatgtaggcggaacagaaagttagaagtgaaatccctgggctcaacctaggaattgcttttaaaacttctgttcttgaattcaggagaggaaaatggaatatccagtgtagaggtgaaattcgtagatattggatggaacaccagtggcgaaggcgattttctggactgatattgacgctgagatgcgaaggcatgggtag",NA,NA,NA,NA,NA,NA,NA,NA,NA,0,NA,NA,NA,NA,NA,NA,NA,NA,NA,"local",FALSE,NA,NA,NA,NA,NA,NA,NA,NA,NA,NA,NA,NA,NA,NA,NA,NA,NA,NA,NA
"MiFish_0001223",268,"['KY067951']","938400",1,"caccgcggttatacgagaggcctaagttgacagacaacggcgtaaagagtggttaaggaaaaacttatactaaagccgaacatcctcaagactgtcgtacgtttccgaggatatgaagtccccctacgaaagtggctttaactctcctgaccccacgaaagctgtgaca","[938400]","Prognichthys sealei","Eukaryota","Chordata","Actinopteri","Beloniformes","Exocoetidae","Prognichthys","Prognichthys sealei",100,NA,NA,NA,NA,NA,NA,NA,NA,NA,"global",FALSE,100,"global","Prognichthys sealei","Eukaryota","Chordata","Actinopteri","Beloniformes","Exocoetidae","Prognichthys","Prognichthys sealei","Eukaryota","Chordata","Actinopteri","Beloniformes","Exocoetidae","Prognichthys","Prognichthys sealei","species","Prognichthys sealei"
"MiFish_0001224",33,NA,"None",0,"caccgcggtcatacgattaacccaaattaatagatccacggcgtaaagagtgtttaagaaaaaaaaaatcacaatagagttaaattataactaagctgtaaaaagccctaattaaaataaaataacccacgaaagtgactctaataatcctgacacacgatagctaggacc",NA,NA,NA,NA,NA,NA,NA,NA,NA,0,NA,NA,NA,NA,NA,NA,NA,NA,NA,"local",FALSE,NA,NA,NA,NA,NA,NA,NA,NA,NA,NA,NA,NA,NA,NA,NA,NA,NA,NA,NA
"MiFish_0001225",12,NA,"None",0,"caccgcggtcacacgattaacccaagtcaatagaagccggcgtaaagagtgttttagatcacccccctccccaataaagctaaaactcacctgagttgtaaaaaactccagttgacacaaaatagactacgaaagtggctttaacatatctgaacacacaatagctaagacc",NA,NA,NA,NA,NA,NA,NA,NA,NA,0,NA,NA,NA,NA,NA,NA,NA,NA,NA,"local",FALSE,NA,NA,NA,NA,NA,NA,NA,NA,NA,NA,NA,NA,NA,NA,NA,NA,NA,NA,NA
"MiFish_0001226",82,NA,"None",0,"caccgcggtcatacgattaacccaaattaatagatccacggcgtaaagagtgtttaagaaaaaaaaatcacaatagagttaaattataactaagctgtaaaaagccctaattaaaataaaataacccacgaaagtgactctaataatcctgacacacgatagctaggacc",NA,NA,NA,NA,NA,NA,NA,NA,NA,0,NA,NA,NA,NA,NA,NA,NA,NA,NA,"local",FALSE,NA,NA,NA,NA,NA,NA,NA,NA,NA,NA,NA,NA,NA,NA,NA,NA,NA,NA,NA
"MiFish_0001227",10,NA,"None",0,"caccgcggtcatacgattaacccaaattaatagatccacggcgtaaagagtgtttaagaaaaaaaatcacaatagagttaaattataactaagctgtaaaaagccctaattaaaataaaataacccacgaaagtgactctaataatcctgacacacgatagctaggacc",NA,NA,NA,NA,NA,NA,NA,NA,NA,0,NA,NA,NA,NA,NA,NA,NA,NA,NA,"local",FALSE,NA,NA,NA,NA,NA,NA,NA,NA,NA,NA,NA,NA,NA,NA,NA,NA,NA,NA,NA
"MiFish_0001228",925,NA,"None",0,"caccgcggttatacgagaggcccaaattgatagtcaacggcgtaaagcgtggttaaaagagtccattactaaagccgaacgccttcaaggctgttatacgcacaccgaaggtgagaagcccacccacgaaagtggctttacaactttgaatccacgaaagctatgaaa",NA,NA,NA,NA,NA,NA,NA,NA,NA,0,NA,NA,NA,NA,NA,NA,NA,NA,NA,"local",FALSE,NA,NA,NA,NA,NA,NA,NA,NA,NA,NA,NA,NA,NA,NA,NA,NA,NA,NA,NA
"MiFish_0001229",28,NA,"None",0,"caccgcggttatacgagaggcccaagttgactagcgctcggcgtaaagggtggttaataatttattacactaaagccgaaccccctctcgactgtctaacgccctcgagggctggaagcacaactacgaaagtggctttaacactttgaccccacgaaaactgtggca",NA,NA,NA,NA,NA,NA,NA,NA,NA,0,NA,NA,NA,NA,NA,NA,NA,NA,NA,"local",FALSE,NA,NA,NA,NA,NA,NA,NA,NA,NA,NA,NA,NA,NA,NA,NA,NA,NA,NA,NA
"MiFish_0001230",25,NA,"None",0,"caccgcggtaatacggagggtgcaagcgttaatcggaattactgggcgtaaagcgcgcgtaggcggttttttaagtcggatgtgaaagccccgggctcaacctgggaactgcatccgatactggatcactagaatgcgggagagggaggtagaattccatgtgtagcagtgaaatgcgtagatatatggaggaataccagtggcgaaggcggcctcctggctcgacattgacgctgaggtgcgaaagcgtggggag",NA,NA,NA,NA,NA,NA,NA,NA,NA,0,NA,NA,NA,NA,NA,NA,NA,NA,NA,"local",FALSE,NA,NA,NA,NA,NA,NA,NA,NA,NA,NA,NA,NA,NA,NA,NA,NA,NA,NA,NA
"MiFish_0001231",10,NA,"None",0,"caccgcggctagacgagaggctcaaattgacaccccttcggcgtaaagcgtggttaattatgtagtattactaaagttaaacgttctcaaagctgttatacgtttatgagaatatgaaaaacccttacgaaagtagctttatagtattgatgccactaaagctgagaaa",NA,NA,NA,NA,NA,NA,NA,NA,NA,0,NA,NA,NA,NA,NA,NA,NA,NA,NA,"local",FALSE,NA,NA,NA,NA,NA,NA,NA,NA,NA,NA,NA,NA,NA,NA,NA,NA,NA,NA,NA
"MiFish_0001232",63,"['JQ729320']","1268096",0.988826815642458,"caccgcggttatacgagaggcccaagttgacagacacggcgtaaagagtggttaggcaacccctccccttctacacactaaagtcgaacgccctcaaggctgttatacgccctacgaaggcaagaagcccctccacgaaagtgactttattctacctgactccacgaaagctgtggta","[1268096]","Stegastes rectifraenum","Eukaryota","Chordata","Actinopteri",NA,"Pomacentridae","Stegastes","Stegastes rectifraenum",98.9,NA,NA,NA,NA,NA,NA,NA,NA,NA,"global",FALSE,98.9,"global","Stegastes rectifraenum","Eukaryota","Chordata","Actinopteri",NA,"Pomacentridae","Stegastes","Stegastes rectifraenum","Eukaryota","Chordata","Actinopteri",NA,"Pomacentridae","Stegastes",NA,"genus","Stegastes"
"MiFish_0001233",16,"['MW630236', 'FJ616297']","36216",0.994082840236686,"caccgcggttatacaagaggctcaagttgacagacaacggcgtaaagagtggttaaggaactccccaaactaaagtcgaacgccctcagaactgttatacgtttccgaaggtaagaagccccactacgaaagtgactttatctcccctgactccacgaaagctgcgaaa","[36216]","Abudefduf taurus","Eukaryota","Chordata","Actinopteri",NA,"Pomacentridae","Abudefduf","Abudefduf taurus",99.4,NA,NA,NA,NA,NA,NA,NA,NA,NA,"global",FALSE,99.4,"global","Abudefduf taurus","Eukaryota","Chordata","Actinopteri",NA,"Pomacentridae","Abudefduf","Abudefduf taurus","Eukaryota","Chordata","Actinopteri",NA,"Pomacentridae","Abudefduf",NA,"genus","Abudefduf"
"MiFish_0001234",56,"['MW630236', 'FJ616297']","36216",0.994082840236686,"caccgcggttatacgagaggctcaagttgacagacaacggcgtaaagagtggttaaggaactccccaaactaaagtcgaacgccctcagaactgttatacgtttccgaaggtaagaagccctactacgaaagtgactttatctcccctgactccacgaaagctgcgaaa","[36216]","Abudefduf taurus","Eukaryota","Chordata","Actinopteri",NA,"Pomacentridae","Abudefduf","Abudefduf taurus",99.4,NA,NA,NA,NA,NA,NA,NA,NA,NA,"global",FALSE,99.4,"global","Abudefduf taurus","Eukaryota","Chordata","Actinopteri",NA,"Pomacentridae","Abudefduf","Abudefduf taurus","Eukaryota","Chordata","Actinopteri",NA,"Pomacentridae","Abudefduf",NA,"genus","Abudefduf"
"MiFish_0001235",57,"['MW232432', 'AP012949']","8230",0.988095238095238,"caccgcggttatacgagaggcccaagttgacagacaccggcgtaaagcgtggttaaggtaaattgaaactaaagccgaacaccttcagggcagttatacgcatctgaaggcacgaagctccaccacgaaagtggctttatgactcctgactccacgaaagctatgata","[8230]","Sarda orientalis","Eukaryota","Chordata","Actinopteri","Scombriformes","Scombridae","Sarda","Sarda orientalis",98.8,"d:Eukaryota,p:Chordata,c:Actinopteri,o:Scombriformes,f:Scombridae,g:Acanthocybium,s:Acanthocybium_solandri","Eukaryota","Chordata","Actinopteri","Scombriformes","Scombridae","Acanthocybium","Acanthocybium solandri",95.8,"global",TRUE,98.8,"global_lca_to_local","Scombridae","Eukaryota","Chordata","Actinopteri","Scombriformes","Scombridae",NA,NA,"Eukaryota","Chordata","Actinopteri","Scombriformes","Scombridae",NA,NA,"family","Scombridae"
"MiFish_0001236",105,NA,"None",0,"caccgcggtcacacgattaacccaagtcaatagaaaccggcataaagagtgttttagatcaattcccctcaataaagctaaaattcacgtgagttgtaaaaaactccagttgatacaaaataaactacgaaagtggctttaatgcatctgaacacagaataactaagacc",NA,NA,NA,NA,NA,NA,NA,NA,NA,0,NA,NA,NA,NA,NA,NA,NA,NA,NA,"local",FALSE,NA,NA,NA,NA,NA,NA,NA,NA,NA,NA,NA,NA,NA,NA,NA,NA,NA,NA,NA
"MiFish_0001237",85,NA,"None",0,"caccgcggttatacgagagacccaagttgatttaccctcggcgtaaagagtggttaaaaatattattaaactaaagccgaacgcccccaccgctgttatacgcccccgagggtatgaagacctataacgaaagtagctttatttaatttgaccccacgaaagctgagaaa",NA,NA,NA,NA,NA,NA,NA,NA,NA,0,NA,NA,NA,NA,NA,NA,NA,NA,NA,"local",FALSE,NA,NA,NA,NA,NA,NA,NA,NA,NA,NA,NA,NA,NA,NA,NA,NA,NA,NA,NA
"MiFish_0001238",35,"['MN703417', 'MN703418']","75035",0.976470588235294,"caccgcggttatacgagagacccaagttgttagacaccggcgtaaagagtggttaggtttgaatcttaaactaaagccgaacatcttcaaagctgttatacgcactcgaagacaagaagttcaatcacgaaagtggctttacctcaactgaacccacgaaagctaggata","[1316015, 175437]","Prionurus","Eukaryota","Chordata","Actinopteri","Acanthuriformes","Acanthuridae","Prionurus",NA,97.6,NA,NA,NA,NA,NA,NA,NA,NA,NA,"global",FALSE,97.6,"global","Prionurus","Eukaryota","Chordata","Actinopteri","Acanthuriformes","Acanthuridae","Prionurus",NA,"Eukaryota","Chordata","Actinopteri","Acanthuriformes","Acanthuridae","Prionurus",NA,"genus","Prionurus"
"MiFish_0001239",14,NA,"None",0,"agccgcggtaagacggaggatgcaagtgttatccggaatcactgggcgtaaagcgtctgtaggtggtttaataagtcaactgttaaatcttgaagcttaacttcaaaatcgcagtcgaaactattagactagagtatagtaggggtaaagggaatttccagtggagcggtgaaatgcgtagagattggaaagaacaccgatggcgaaggcactttactgggctattactgacactcagagacgaaagctagggtag",NA,NA,NA,NA,NA,NA,NA,NA,NA,0,NA,NA,NA,NA,NA,NA,NA,NA,NA,"local",FALSE,NA,NA,NA,NA,NA,NA,NA,NA,NA,NA,NA,NA,NA,NA,NA,NA,NA,NA,NA
"MiFish_0001240",36,NA,"None",0,"caccgcggtcatacgattaacccaaattaatagatccacggcgtaaagagtgtttaagaaaaaaaaaccacaatagaattaaattataactaagctgtaaaaagccctagttaaaataaaataacccacgaaagtgactctaataatcctgacacacgatagctaggacc",NA,NA,NA,NA,NA,NA,NA,NA,NA,0,NA,NA,NA,NA,NA,NA,NA,NA,NA,"local",FALSE,NA,NA,NA,NA,NA,NA,NA,NA,NA,NA,NA,NA,NA,NA,NA,NA,NA,NA,NA
"MiFish_0001241",14,NA,"None",0,"gggacgataagacctatagaccttcactatagtcttacattgttatcatttattttttgtgtagaataggtgggaaagccgaaaattaagtcttaacgctagttaataactgaggcaaacgtgaaataccactccaaagatagactataactaattttttaaagaaagtgtaagacgtttagtttaactggggcggtagtcttctaaaaagtaacgaagatctgcaaaggcaaactcgaattcagtagaaacgaattttagggtataatcgcaaaagtttgcttgattggaagaaatacacttcaaccaaggatgaaagtcggtgatagtgatccggaagccttctatggaaaagtttccgctcaaggaataaaaggta",NA,NA,NA,NA,NA,NA,NA,NA,NA,0,NA,NA,NA,NA,NA,NA,NA,NA,NA,"local",FALSE,NA,NA,NA,NA,NA,NA,NA,NA,NA,NA,NA,NA,NA,NA,NA,NA,NA,NA,NA
"MiFish_0001242",11,NA,"None",0,"caccgcggtcacacgattaacccaagtcaatagaagccggcgtaaagagtgttttagatcgccccctccccaataaagctaaaactcacctgagttgtaaaaaactccagttgacacaaaatagactacgaaagtggctttaacatatctgaacacacaatagctaagacc",NA,NA,NA,NA,NA,NA,NA,NA,NA,0,NA,NA,NA,NA,NA,NA,NA,NA,NA,"local",FALSE,NA,NA,NA,NA,NA,NA,NA,NA,NA,NA,NA,NA,NA,NA,NA,NA,NA,NA,NA
"MiFish_0001243",18,"['LC649125']","2012922",0.994082840236686,"caccgcggttatacgagaggcctaagttaacagacaccggcgtaaagagtggttaaggagaaatcaaaactaaagccgaataacctcaagactgttatacgttcccgaggacaagaagcccaactacgaaagtgactttaattttcccgactccacgaaagctgtgaaa","[2012922]","Hyporhamphus yuri","Eukaryota","Chordata","Actinopteri","Beloniformes","Hemiramphidae","Hyporhamphus","Hyporhamphus yuri",99.4,NA,NA,NA,NA,NA,NA,NA,NA,NA,"global",FALSE,99.4,"global","Hyporhamphus yuri","Eukaryota","Chordata","Actinopteri","Beloniformes","Hemiramphidae","Hyporhamphus","Hyporhamphus yuri","Eukaryota","Chordata","Actinopteri","Beloniformes","Hemiramphidae","Hyporhamphus",NA,"genus","Hyporhamphus"
"MiFish_0001244",10,"['OP537846', 'KM522837', 'LC649102']","179359",0.952941176470588,"caccgcggttatacgagaggcccaagttgataagcccggcgtaaagagtggttaaggaaaatattcaactaaagcggaacgccctcacagctgttatacgtttccgagggtatgaaccccaactacgaaagtggctttacactacctgaacccacgaaagctaagaaa","[179359]","Alectis ciliaris","Eukaryota","Chordata","Actinopteri","Carangiformes","Carangidae","Alectis","Alectis ciliaris",95.3,"d:Eukaryota,p:Chordata,c:Actinopteri,o:Carangiformes,f:Carangidae,g:Alectis,s:Alectis_ciliaris","Eukaryota","Chordata","Actinopteri","Carangiformes","Carangidae","Alectis","Alectis ciliaris",95.3,"local",FALSE,95.3,"local","Alectis ciliaris","Eukaryota","Chordata","Actinopteri","Carangiformes","Carangidae","Alectis","Alectis ciliaris","Eukaryota","Chordata","Actinopteri","Carangiformes","Carangidae","Alectis","Alectis ciliaris","species","Alectis ciliaris"
"MiFish_0001245",27,NA,"None",0,"agccgcggtaatacagaggatgcaagcgttatccggaatcactgggcataaagcgtctgtaggtggtttggtaagtctgctgttaaagactggggctcaaccccagaaaagcagtggaaactgccagacttgagtgtggtagaggtagagggaattcctagtgtagcggtgaaatgcgtagatattaggaagaacaccaatggcgaaggcactctactgggccataactgacactgagagacgacagctaggggag",NA,NA,NA,NA,NA,NA,NA,NA,NA,0,NA,NA,NA,NA,NA,NA,NA,NA,NA,"local",FALSE,NA,NA,NA,NA,NA,NA,NA,NA,NA,NA,NA,NA,NA,NA,NA,NA,NA,NA,NA
"MiFish_0001246",12,NA,"None",0,"caccgcggttatacgagaggcccaagttgataagcccggcgtaaagagtggttaaaagaacctaaaactaaagccgaacgccctcactactgttatacgttttcgagggtaagaagccctactacgaaagtggctttactaacattgaccccacgaaagctgtgaaa",NA,NA,NA,NA,NA,NA,NA,NA,NA,0,NA,NA,NA,NA,NA,NA,NA,NA,NA,"local",FALSE,NA,NA,NA,NA,NA,NA,NA,NA,NA,NA,NA,NA,NA,NA,NA,NA,NA,NA,NA
"MiFish_0001247",11,NA,"None",0,"agccgcggtaatacggagggtgcaagcgttaatcggaattactgggcgtaaagcgcgcgtaggcggttttttaagtcggatgtgaaagccccgggctcaacctgggaactgcatccgatactggataactggaatgcgggagagggaggtagaattccatgtgtagcagtgaaatgcgtagatatatggaggaataccagtggcgaaggcggcctcctggctcgacattgacgctgaggtgcgaaagcgtggggag",NA,NA,NA,NA,NA,NA,NA,NA,NA,0,NA,NA,NA,NA,NA,NA,NA,NA,NA,"local",FALSE,NA,NA,NA,NA,NA,NA,NA,NA,NA,NA,NA,NA,NA,NA,NA,NA,NA,NA,NA
"MiFish_0001248",49,"['MW630253']","1350519",0.977272727272727,"caccgcggttatacgagaggcccaagttgataagcccggcgtaaagagtggttaggcaaccccctttctacacactaaagtcgaacgccctctaggctgttatacgctctatgaaggcaagaagccccaccacgaaagtgactttattctacctgactccacgaaagctgagata","[1350519]","Stegastes arcifrons","Eukaryota","Chordata","Actinopteri",NA,"Pomacentridae","Stegastes","Stegastes arcifrons",97.7,NA,NA,NA,NA,NA,NA,NA,NA,NA,"global",FALSE,97.7,"global","Stegastes arcifrons","Eukaryota","Chordata","Actinopteri",NA,"Pomacentridae","Stegastes","Stegastes arcifrons","Eukaryota","Chordata","Actinopteri",NA,"Pomacentridae","Stegastes","Stegastes arcifrons","species","Stegastes arcifrons"
"MiFish_0001249",11,NA,"None",0,"agccgcggtaatacggaaggtcctagcgttgttcggaattactgggcgtaaggcgcatgtaggcggaacaaaaagttagaagtgaaatccctgggctcaacctaggaattgcttttaaaacttttgttctggaattcaggagaggaaaatggaatttccagtgtagaggtgaaattcgtagatattggaaggaacaccagtggcgaaggcgattttctggactgatattgacgctgagatgcgaaggcatgggtag",NA,NA,NA,NA,NA,NA,NA,NA,NA,0,NA,NA,NA,NA,NA,NA,NA,NA,NA,"local",FALSE,NA,NA,NA,NA,NA,NA,NA,NA,NA,NA,NA,NA,NA,NA,NA,NA,NA,NA,NA
"MiFish_0001250",18,NA,"None",0,"caccgcggttatacgagaggcccaagttgataagcccggcgtaaagagtggttatggatgagccccacactaaagctaaagaccccctaggctgttatacgcacctggaggctcgaaccacctatacgaaagtagctttactcccttccaccagaacccacgacagctggggca",NA,NA,NA,NA,NA,NA,NA,NA,NA,0,NA,NA,NA,NA,NA,NA,NA,NA,NA,"local",FALSE,NA,NA,NA,NA,NA,NA,NA,NA,NA,NA,NA,NA,NA,NA,NA,NA,NA,NA,NA
"MiFish_0001251",44,NA,"None",0,"caccgcggttatacgagaggcccaagttgataagcccggcgtaaagagtggttatggatgaaccccacactaaagctaaagacccccctaggctgttatacgcacctgggggctcgaaccacctatacgaaagtagctttactcccttccaccagaacccacgacagctggggca",NA,NA,NA,NA,NA,NA,NA,NA,NA,0,NA,NA,NA,NA,NA,NA,NA,NA,NA,"local",FALSE,NA,NA,NA,NA,NA,NA,NA,NA,NA,NA,NA,NA,NA,NA,NA,NA,NA,NA,NA
"MiFish_0001252",120,NA,"None",0,"caccgcggttatacgagaggcccaagttgataagcccggcgtaaagagtggttatggatgaaccccacactaaagctaaagaccccctaggctgttatacgcacccgggggctcgaaccacctatacgaaagtagctttacccccttccaccagaacccacgacagctggggca",NA,NA,NA,NA,NA,NA,NA,NA,NA,0,NA,NA,NA,NA,NA,NA,NA,NA,NA,"local",FALSE,NA,NA,NA,NA,NA,NA,NA,NA,NA,NA,NA,NA,NA,NA,NA,NA,NA,NA,NA
"MiFish_0001253",65,NA,"None",0,"caccgcggttatacgagaggcccaagttgataagcccggcgtaaagagtggttatggataaaccccacactaaagctaaagaccccctaggctgttatacgcacccgggggctcgaaccacctatacgaaagtagctttactcccttccaccagaacccacgacagctggggca",NA,NA,NA,NA,NA,NA,NA,NA,NA,0,NA,NA,NA,NA,NA,NA,NA,NA,NA,"local",FALSE,NA,NA,NA,NA,NA,NA,NA,NA,NA,NA,NA,NA,NA,NA,NA,NA,NA,NA,NA
"MiFish_0001254",12,NA,"None",0,"agccgcggtaatacggagggtgcaagcgttaatcggaattactgggcgtaaagcgcgcgtaggcggttttttaagtcggatgtgaaagccctgggctcaacctgggaactgcatccgatactggatgactagaatgcgggagagggaggtagaattccatgtgtagcagtgaaatgcgtagatatatggaggaataccagtggcgaaggcggcctcctggctcgacattgacgctgaggtgcgaaagcgtggggag",NA,NA,NA,NA,NA,NA,NA,NA,NA,0,NA,NA,NA,NA,NA,NA,NA,NA,NA,"local",FALSE,NA,NA,NA,NA,NA,NA,NA,NA,NA,NA,NA,NA,NA,NA,NA,NA,NA,NA,NA
"MiFish_0001255",22,"['MW630230', 'MW630237', 'OP035322']","36213",0.964705882352941,"caccgcggttatacgagaggcccaagttgataagcccggcgtaaagagtggttaaggaacttattaaactaaagccgaacgccctcagaactgttatacgtttccgaaggtaagaagccccaccacgaaagtgactttattttccccgactccacgaaagctgcggaa","[229087, 36217]","Abudefduf","Eukaryota","Chordata","Actinopteri",NA,"Pomacentridae","Abudefduf",NA,96.5,NA,NA,NA,NA,NA,NA,NA,NA,NA,"global",FALSE,96.5,"global","Abudefduf","Eukaryota","Chordata","Actinopteri",NA,"Pomacentridae","Abudefduf",NA,"Eukaryota","Chordata","Actinopteri",NA,"Pomacentridae","Abudefduf",NA,"genus","Abudefduf"
"MiFish_0001256",10,NA,"None",0,"agccgcggtaatacggaaggtcctagcgttgttcggaattactgggcgtaaagcgcatgtaggcggaacaaaaagttagaagtgaaatccccgggctcaacctaggaattgcttttaaaacttttgttctggaattcaggagaggaaaatggaatttccagtgtagaggtgaaattcgtagatattggaaggaacaccagtggcgaaggcgattttctggactgatattgacgctgagatgcgaaggcatgggtag",NA,NA,NA,NA,NA,NA,NA,NA,NA,0,NA,NA,NA,NA,NA,NA,NA,NA,NA,"local",FALSE,NA,NA,NA,NA,NA,NA,NA,NA,NA,NA,NA,NA,NA,NA,NA,NA,NA,NA,NA
"MiFish_0001257",10,NA,"None",0,"gggacgataagacctataaagctttactaaatttttgtaacgttttttttttaatctaacaaagttaaatggtagtataaatacgctaaatgaaaaaccattttaggttaaaataaaacttatttaatttttgtttaaagaatttgcaaaattgttagtttatttggggcgggtttctcctaaaaagtactggagaagtacaaaggcaattaaaaaattattaaaataatttatatgtgtaatggcaaaaaattgcttaactgttaggacgatagtccaaacttagaagttttaaaagctggtcatagtgatctggttaatcttaaaggaaagttaatcaatcaacagatcaaagtta",NA,NA,NA,NA,NA,NA,NA,NA,NA,0,NA,NA,NA,NA,NA,NA,NA,NA,NA,"local",FALSE,NA,NA,NA,NA,NA,NA,NA,NA,NA,NA,NA,NA,NA,NA,NA,NA,NA,NA,NA
"MiFish_0001258",13,NA,"None",0,"caccgcggttatacgggaggcccaagttgataagcccggcgtaaagagtggttatggatgaaccccacactaaagctaaagaccccctaggctgttatacgcacctggaggctcgaaccacctatacgaaagtagctttactcccttccaccagaacccacgacagctggggca",NA,NA,NA,NA,NA,NA,NA,NA,NA,0,NA,NA,NA,NA,NA,NA,NA,NA,NA,"local",FALSE,NA,NA,NA,NA,NA,NA,NA,NA,NA,NA,NA,NA,NA,NA,NA,NA,NA,NA,NA
"MiFish_0001259",12,NA,"None",0,"caccgcggttatacgagaggcccaagttgataagcccggcgtaaagagtggttatggatgaaccccacactaaagctaaagaccccctaggctgttatacgctctatgaaggcaagaagccccaccacgaaagtgactttattctacctgactccacgaaagctgagata",NA,NA,NA,NA,NA,NA,NA,NA,NA,0,NA,NA,NA,NA,NA,NA,NA,NA,NA,"local",FALSE,NA,NA,NA,NA,NA,NA,NA,NA,NA,NA,NA,NA,NA,NA,NA,NA,NA,NA,NA
"MiFish_0001260",136,NA,"None",0,"caccgcggttatacgagaggcccaagttgataagcccggcgtaaagagtggttatggataaaccccacactaaagctaaagaccccctaggctgttatacgcacctggaggctcgaaccacctatacgaaagtagctttactcccttccaccagaacccacgacagctggggca",NA,NA,NA,NA,NA,NA,NA,NA,NA,0,NA,NA,NA,NA,NA,NA,NA,NA,NA,"local",FALSE,NA,NA,NA,NA,NA,NA,NA,NA,NA,NA,NA,NA,NA,NA,NA,NA,NA,NA,NA
"MiFish_0001261",11,NA,"None",0,"agccgcggtaatacggaaggtcctagcgttgttcggaattactgggcgtaaagcgcatgtaggcggaacaaaaagttagaagtgaaatccctgggctcaacctaggaattgcttttaaaacttttgttctggaattcaggagaggaaaatggaatttccagtgtagaggcgaaattcgtagatattggaaggaacaccagtggcgaaggcgattttctggactgatattgacgctgagatgcgaaggcatgggtag",NA,NA,NA,NA,NA,NA,NA,NA,NA,0,NA,NA,NA,NA,NA,NA,NA,NA,NA,"local",FALSE,NA,NA,NA,NA,NA,NA,NA,NA,NA,NA,NA,NA,NA,NA,NA,NA,NA,NA,NA
"MiFish_0001262",15,NA,"None",0,"caccgcggtcatacgattaacccaaattaatagatctacggcgtaaagagtgtttaagaaaaaaaatcacaatagagttaaattataactaagctgtaaaaagccctagttaaaataaaataacccacgaaagtgactctaataatcctgagacacgatagctaggacc",NA,NA,NA,NA,NA,NA,NA,NA,NA,0,NA,NA,NA,NA,NA,NA,NA,NA,NA,"local",FALSE,NA,NA,NA,NA,NA,NA,NA,NA,NA,NA,NA,NA,NA,NA,NA,NA,NA,NA,NA
"MiFish_0001263",15,NA,"None",0,"caccgcggtcatacgattaacccaaattaatagatccacggcgtaaaaagtgtttaagaaaaaaaaaccacaatagagttaaattataactaagctgtaaaaagccctagttaaaataaaataacccacgaaagtgactctaataatcctgacacacgatagctaggacc",NA,NA,NA,NA,NA,NA,NA,NA,NA,0,NA,NA,NA,NA,NA,NA,NA,NA,NA,"local",FALSE,NA,NA,NA,NA,NA,NA,NA,NA,NA,NA,NA,NA,NA,NA,NA,NA,NA,NA,NA
"MiFish_0001264",26,NA,"None",0,"caccgcggttatacgagaggctcaagttgacaaattttcggcgtaaagggtggttaaatttttatatgactaaagccgaatgctttcactactgttatacgtattcgaaagtaagaagccctaccacgaaagtagctttattattattgactccacgaaagctgtgtaa",NA,NA,NA,NA,NA,NA,NA,NA,NA,0,NA,NA,NA,NA,NA,NA,NA,NA,NA,"local",FALSE,NA,NA,NA,NA,NA,NA,NA,NA,NA,NA,NA,NA,NA,NA,NA,NA,NA,NA,NA
"MiFish_0001265",73,NA,"None",0,"caccgcggttatacgaggggctcaagctgacagatttcggcgtaaagggtggttaacaaacaacgaactaatggcggaacaccctcaaggcagttatacgcacccgagggcaggaacctcctgtacgaaagtggccttaacaacgtgaacccaccaaagctagggga",NA,NA,NA,NA,NA,NA,NA,NA,NA,0,NA,NA,NA,NA,NA,NA,NA,NA,NA,"local",FALSE,NA,NA,NA,NA,NA,NA,NA,NA,NA,NA,NA,NA,NA,NA,NA,NA,NA,NA,NA
"MiFish_0001266",13,NA,"None",0,"agccgcggtaatacgaaggtctcaagcgttatccggagttactgggcgtaaagagtctgtagcctgttttataagtctactttcaaatacaccgactcaatcggggaaagggagtagatactgtaaagctagaggattttagaggttagtagaatttccggtggagcggtgaaatgcgttgatatcggaaggaatgccgaaagcgaaagcagctaactataaaatatctgacggtgagagacgaaagcttgggtag",NA,NA,NA,NA,NA,NA,NA,NA,NA,0,NA,NA,NA,NA,NA,NA,NA,NA,NA,"local",FALSE,NA,NA,NA,NA,NA,NA,NA,NA,NA,NA,NA,NA,NA,NA,NA,NA,NA,NA,NA
"MiFish_0001267",12,NA,"None",0,"agccgcggtaatacgtatgtcgcaagcgttatccggaattattgggcgtaaagcgcgtctaggtggatatctaagtctgatgtgaaaatgcggggctcaactccgtattgcgttggaaactggatgtctagagtatcagagaggtgggcggaactacaagtgtagaggtgaaattcgtagatatttgtaggaatgccgattgggaagccagctcactggatgaatactgacgctgaagcgcgaaagcgtggggag",NA,NA,NA,NA,NA,NA,NA,NA,NA,0,NA,NA,NA,NA,NA,NA,NA,NA,NA,"local",FALSE,NA,NA,NA,NA,NA,NA,NA,NA,NA,NA,NA,NA,NA,NA,NA,NA,NA,NA,NA
"MiFish_0001268",11,"['OP035157']","482919",0.952662721893491,"caccgcggttatacgagaggcccaagttgataagcccggcgtaaagagtggttagggttaattgaagactaaagccgaaagccctcacagctgttatacgcactcgagggtaagaagcccaactacgaaagtggctttacaatatccgaacccacgaaagctagggca","[482919]","Orthopristis chrysoptera","Eukaryota","Chordata","Actinopteri","Lutjaniformes","Haemulidae","Orthopristis","Orthopristis chrysoptera",95.3,NA,NA,NA,NA,NA,NA,NA,NA,NA,"global",FALSE,95.3,"global","Orthopristis chrysoptera","Eukaryota","Chordata","Actinopteri","Lutjaniformes","Haemulidae","Orthopristis","Orthopristis chrysoptera","Eukaryota","Chordata","Actinopteri","Lutjaniformes","Haemulidae","Orthopristis",NA,"genus","Orthopristis"
"MiFish_0001269",14,"['OP154165', 'KF956523']","7806",0.994475138121547,"caccgcggttatacgagtaactcatattaacacaccccggcgtaaagagtgattaaagaatgacctctaactactaaagtttagacctcataaaactgttatacgtatccatgagtggaataaacaacaacgaaagtgactttatatattaaggaaccttgatgtcacgacagttgggac","[46612, 443756]","Carcharhinus","Eukaryota","Chordata","Chondrichthyes","Carcharhiniformes","Carcharhinidae","Carcharhinus",NA,99.4,"d:Eukaryota,p:Chordata,c:Chondrichthyes,o:Carcharhiniformes,f:Carcharhinidae,g:Carcharhinus,s:Carcharhinus_leucas","Eukaryota","Chordata","Chondrichthyes","Carcharhiniformes","Carcharhinidae","Carcharhinus","Carcharhinus leucas",100,"local",FALSE,100,"local","Carcharhinus leucas","Eukaryota","Chordata","Chondrichthyes","Carcharhiniformes","Carcharhinidae","Carcharhinus","Carcharhinus leucas","Eukaryota","Chordata","Chondrichthyes","Carcharhiniformes","Carcharhinidae","Carcharhinus","Carcharhinus leucas","species","Carcharhinus leucas"
"MiFish_0001270",15,NA,"None",0,"caccgcggttatacggggggctcaagctgacagatttcggcgtaaagggtggttaacaaacaacgaactaaggcggaacaccctcaaggcagttatacgcacccgagggcaggaacctcctgtacgaaagtggccttaacaacgtgaacccaccaaagctagggga",NA,NA,NA,NA,NA,NA,NA,NA,NA,0,NA,NA,NA,NA,NA,NA,NA,NA,NA,"local",FALSE,NA,NA,NA,NA,NA,NA,NA,NA,NA,NA,NA,NA,NA,NA,NA,NA,NA,NA,NA
"MiFish_0001271",131,NA,"None",0,"aaccgcggttatacgagaggcccaagttgataggcaccggcgtaaagggtggttaggggtaataacataataaagccgaacatcttcaatgctgttatacgccttcgaagacttgaagccccaccacgaaagtggctttaccttccccgaacccacgaaagccagggca",NA,NA,NA,NA,NA,NA,NA,NA,NA,0,NA,NA,NA,NA,NA,NA,NA,NA,NA,"local",FALSE,NA,NA,NA,NA,NA,NA,NA,NA,NA,NA,NA,NA,NA,NA,NA,NA,NA,NA,NA
"MiFish_0001272",109,NA,"None",0,"caccgcggttaaacgagagaccctagttgattgaagcggcgtaaagagtggttatggaacttctttactaaagcagaaaacctctcaaactgttatacgcacccagaggttgaaatttcttacacgaaagtgactttatcttcgcctaccagaacccacgaaagctgggaca",NA,NA,NA,NA,NA,NA,NA,NA,NA,0,NA,NA,NA,NA,NA,NA,NA,NA,NA,"local",FALSE,NA,NA,NA,NA,NA,NA,NA,NA,NA,NA,NA,NA,NA,NA,NA,NA,NA,NA,NA
"MiFish_0001273",60,NA,"None",0,"caccgcggttagacgaaaggcctaagttgataatcatcggcgtaaagagtggttaaggaaagcttaaaactaaagccgaatgttcacaaggttgttatacgcatccgagaataagaagctcctccacgaaagtggctttaacatacccgactccacgtaagctatgaaa",NA,NA,NA,NA,NA,NA,NA,NA,NA,0,NA,NA,NA,NA,NA,NA,NA,NA,NA,"local",FALSE,NA,NA,NA,NA,NA,NA,NA,NA,NA,NA,NA,NA,NA,NA,NA,NA,NA,NA,NA
"MiFish_0001274",13,NA,"None",0,"caccgcggttatacgagaggcccaagttgataagcccggcgtaaagagtggttatggatgaaccccacactaaagctaaagaccccctaggctgttatacgcacctgggggctcgaaccacctgtatgaaagtagctttactcccttccaccagaacccacgacagctggggca",NA,NA,NA,NA,NA,NA,NA,NA,NA,0,NA,NA,NA,NA,NA,NA,NA,NA,NA,"local",FALSE,NA,NA,NA,NA,NA,NA,NA,NA,NA,NA,NA,NA,NA,NA,NA,NA,NA,NA,NA
"MiFish_0001275",18,NA,"None",0,"caccgcggttatacgagaggcccaagttgataagcccggcgtaaagagtggttaaggaaaacttaaaactaaagccgaatgttcacaaggttgttatacgcatccgagaataagaagctcctccacgaaagtggctttaacatacccgactccacgtaagctatgaaa",NA,NA,NA,NA,NA,NA,NA,NA,NA,0,NA,NA,NA,NA,NA,NA,NA,NA,NA,"local",FALSE,NA,NA,NA,NA,NA,NA,NA,NA,NA,NA,NA,NA,NA,NA,NA,NA,NA,NA,NA
"MiFish_0001276",17,NA,"None",0,"caccgcggttagacgaaaggcctaagttgataatcatcggcgtaaagagtggttatggatgaaccccacactaaagctaaagaccccctaggctgttatacgcacctgggggctcgaaccacctatacgaaagtagctttactcccttccaccagaacccacgacagctggggca",NA,NA,NA,NA,NA,NA,NA,NA,NA,0,NA,NA,NA,NA,NA,NA,NA,NA,NA,"local",FALSE,NA,NA,NA,NA,NA,NA,NA,NA,NA,NA,NA,NA,NA,NA,NA,NA,NA,NA,NA
"MiFish_0001277",13,NA,"None",0,"caccgcggtcacacgattaacccaagtcagtagaagccggcgtaaagagtgttttagatcaccccctccccaataaagctaaaactcacctgagttgtaaaaaactccagttgacacaaaatagactacgaaagtggctttaacatatctgaacacacaatagctaagacc",NA,NA,NA,NA,NA,NA,NA,NA,NA,0,NA,NA,NA,NA,NA,NA,NA,NA,NA,"local",FALSE,NA,NA,NA,NA,NA,NA,NA,NA,NA,NA,NA,NA,NA,NA,NA,NA,NA,NA,NA
"MiFish_0001278",11,"['OP035157']","482919",0.964497041420118,"caccgcggttatacgagaggcccaagctgataatcatcggcgtaaagggtggttagggttaattgaagactaaagccgaaagccctcacagctgttatacgcactcgagggtaagaagcccaactacgaaagtggctttacaatatccgaacccacgaaagctaagaaa","[482919]","Orthopristis chrysoptera","Eukaryota","Chordata","Actinopteri","Lutjaniformes","Haemulidae","Orthopristis","Orthopristis chrysoptera",96.4,NA,NA,NA,NA,NA,NA,NA,NA,NA,"global",FALSE,96.4,"global","Orthopristis chrysoptera","Eukaryota","Chordata","Actinopteri","Lutjaniformes","Haemulidae","Orthopristis","Orthopristis chrysoptera","Eukaryota","Chordata","Actinopteri","Lutjaniformes","Haemulidae","Orthopristis",NA,"genus","Orthopristis"
"MiFish_0001279",19,NA,"None",0,"caccgcggttatacgataagcccaagttgataaataacggcgtaaagggtggttaaggcatattaaatttcactggagctgaactttttcagagctgttatacgcttatggaacgggaagcccaactacgaaggtggctccaactattcctgacaccacgaaagctatggca",NA,NA,NA,NA,NA,NA,NA,NA,NA,0,NA,NA,NA,NA,NA,NA,NA,NA,NA,"local",FALSE,NA,NA,NA,NA,NA,NA,NA,NA,NA,NA,NA,NA,NA,NA,NA,NA,NA,NA,NA
"MiFish_0001280",10,"['MW630158', 'EU601200', 'FJ449707']","242806",0.994186046511628,"caccgcggttatacgaaaggcccaagttgaaaaacattcggcgtaaagggtggctaagggcctattttaaactagagctgaatctcttcaaagctgttatacgctcatgaaaactagaaaatcaaccacgaaagtggctctaatctctcctgacaccacgaaagctatgaca","[242806]","Scarus ghobban","Eukaryota","Chordata","Actinopteri","Labriformes","Labridae","Scarus","Scarus ghobban",99.4,NA,NA,NA,NA,NA,NA,NA,NA,NA,"global",FALSE,99.4,"global","Scarus ghobban","Eukaryota","Chordata","Actinopteri","Labriformes","Labridae","Scarus","Scarus ghobban","Eukaryota","Chordata","Actinopteri","Labriformes","Labridae","Scarus","Scarus ghobban","species","Scarus ghobban"
"MiFish_0001281",14,"['MW630254']","1350520",0.994285714285714,"caccgcggttatacgagaggctcaagttgacagacacggcgtaaagagtggttaggcaaccccctccctacacactaaagtcgagcgccctcagggcagttatacgcgctacgaaggtaagaagctcctccacgaaagtgactttactccacctgactccacgaaagctgagata","[1350520]","Stegastes beebei","Eukaryota","Chordata","Actinopteri",NA,"Pomacentridae","Stegastes","Stegastes beebei",99.4,NA,NA,NA,NA,NA,NA,NA,NA,NA,"global",FALSE,99.4,"global","Stegastes beebei","Eukaryota","Chordata","Actinopteri",NA,"Pomacentridae","Stegastes","Stegastes beebei","Eukaryota","Chordata","Actinopteri",NA,"Pomacentridae","Stegastes","Stegastes beebei","species","Stegastes beebei"
"MiFish_0001282",12,"['KY815348']","239048",0.994011976047904,"caccgcggttagacgagagacccaagtggagggccctcggcgtaaagagtggttaagataactttaaactaaggccaaacgactttttagctgttatacgcgcgagaagacatgaagcccaactacgaaagtggccttaagttcctgaccccacgaaagctaggaca","[239048]","Thalassoma lucasanum","Eukaryota","Chordata","Actinopteri","Labriformes","Labridae","Thalassoma","Thalassoma lucasanum",99.4,NA,NA,NA,NA,NA,NA,NA,NA,NA,"global",FALSE,99.4,"global","Thalassoma lucasanum","Eukaryota","Chordata","Actinopteri","Labriformes","Labridae","Thalassoma","Thalassoma lucasanum","Eukaryota","Chordata","Actinopteri","Labriformes","Labridae","Thalassoma","Thalassoma lucasanum","species","Thalassoma lucasanum"
"MiFish_0001283",50,"['KP637022', 'KT600933']","303709",1,"caccgcggttatacgagaggcccaagctgatagacaccggcgtaaagcgtggttaggagaatacatataattaaagtcgaatgttttcaaagctgttatacgcatacgagaactagaagcccaacaacgaaggtgactttacagtttctgaacccacgaaagctaaggca","[479862, 303710]","Aluterus","Eukaryota","Chordata","Actinopteri","Tetraodontiformes","Monacanthidae","Aluterus",NA,100,NA,NA,NA,NA,NA,NA,NA,NA,NA,"global",FALSE,100,"global","Aluterus","Eukaryota","Chordata","Actinopteri","Tetraodontiformes","Monacanthidae","Aluterus",NA,"Eukaryota","Chordata","Actinopteri","Tetraodontiformes","Monacanthidae","Aluterus",NA,"genus","Aluterus"
"MiFish_0001284",49,NA,"None",0,"caccgcggttaaacgagaggcccaagttgttatcctccggcgtaaagagtggttaaggaccaacagtttaactaaagccgcacaccttcaaagctgttatacgcccccgaagagtagaagcccgaccacgaaggtagctttattacccctgaccccacgagagctctggca",NA,NA,NA,NA,NA,NA,NA,NA,NA,0,NA,NA,NA,NA,NA,NA,NA,NA,NA,"local",FALSE,NA,NA,NA,NA,NA,NA,NA,NA,NA,NA,NA,NA,NA,NA,NA,NA,NA,NA,NA
"MiFish_0001285",13,NA,"None",0,"caccgcggtcacacgattaacccaagtcaatagaagccggcgtaaagagtgttttagatcaccccctccccaataaagctaaaactcacctgaattgtaaaaaactccagttgacacaaaatagactacgaaagtggctttaacatatctgaacatacaatagctaagacc",NA,NA,NA,NA,NA,NA,NA,NA,NA,0,NA,NA,NA,NA,NA,NA,NA,NA,NA,"local",FALSE,NA,NA,NA,NA,NA,NA,NA,NA,NA,NA,NA,NA,NA,NA,NA,NA,NA,NA,NA
"MiFish_0001286",21,NA,"None",0,"caccgcagttatacgagaggcccaagttgaccgacactcggcgtaaagagtggttaaaagaacctaaaaataaagccgaacgccctcactactgttatacgttttcgagggtaagaagccctactacgaaagtggctttactaacattgaccccacgaaagctgtgaaa",NA,NA,NA,NA,NA,NA,NA,NA,NA,0,NA,NA,NA,NA,NA,NA,NA,NA,NA,"local",FALSE,NA,NA,NA,NA,NA,NA,NA,NA,NA,NA,NA,NA,NA,NA,NA,NA,NA,NA,NA
"MiFish_0001287",15,NA,"None",0,"cactgaggtcatatgattaacccaaatcaatagtacccaacacgtttatgattatgtctaactaaagctaaactgtaagccataaaaggcaatagctaaaatgaaaataaactatgaaagtgactttattatgttctgaatttaaaatagctaagacc",NA,NA,NA,NA,NA,NA,NA,NA,NA,0,NA,NA,NA,NA,NA,NA,NA,NA,NA,"local",FALSE,NA,NA,NA,NA,NA,NA,NA,NA,NA,NA,NA,NA,NA,NA,NA,NA,NA,NA,NA
"MiFish_0001288",16,NA,"None",0,"caccgcggtcacacgattaacccaagtcaatagaagccggcgtaaggagtgttttagatcaccccctccccaataaagctaaaactcacctgagttgtaaaaaactccagttgacacaaaatagactacgaaagtggctttaacatatctgaacacacaatagctaagacc",NA,NA,NA,NA,NA,NA,NA,NA,NA,0,NA,NA,NA,NA,NA,NA,NA,NA,NA,"local",FALSE,NA,NA,NA,NA,NA,NA,NA,NA,NA,NA,NA,NA,NA,NA,NA,NA,NA,NA,NA
"MiFish_0001289",385,NA,"None",0,"taccgcggttatacgagaggcccaagttgatagacatcggcgtaaagagtggttaaggataaatgattactaaagctgaacacttacaaggctgttatacgctcccgaaagtaagaagaacaactacgaaagtggctttataatacctgaacccacgaaagctaagaca",NA,NA,NA,NA,NA,NA,NA,NA,NA,0,NA,NA,NA,NA,NA,NA,NA,NA,NA,"local",FALSE,NA,NA,NA,NA,NA,NA,NA,NA,NA,NA,NA,NA,NA,NA,NA,NA,NA,NA,NA
"MiFish_0001290",16,NA,"None",0,"agccgcggtaatacgaaggtggcaagcgttattcggaatcactgggcataaagggcctgcaggcggcctattaagttaattgtgaaatccctcggcttaaccgaggaattgctgttaatactggtaggctagagtgttggaggggtaagtggaattcttggtggagcggtggaatgcgtagatatcaagaggaacgccggaggcgaaagcgacttactggacaactactgacgctgaggggcgaaagctaggggag",NA,NA,NA,NA,NA,NA,NA,NA,NA,0,NA,NA,NA,NA,NA,NA,NA,NA,NA,"local",FALSE,NA,NA,NA,NA,NA,NA,NA,NA,NA,NA,NA,NA,NA,NA,NA,NA,NA,NA,NA
"MiFish_0001291",11,"['OP035112', 'LC340324', 'LC492340', 'LC731805', 'LC731882', 'LC731883']","47699",0.959302325581395,"caccgcggttatacgagaggtccaagttgatagaaaccggcgtaaagagtggttaggatgatttcactttactaaagccaaacaccttcagaactgttatacgtacccgaaggcatgaggaaccactacgaaagtggctttataaaccctgaacccacgaaagctatgtca","[586832, 88698, 753646]","Myripristis","Eukaryota","Chordata","Actinopteri","Holocentriformes","Holocentridae","Myripristis",NA,95.9,"d:Eukaryota,p:Chordata,c:Actinopteri,o:Holocentriformes,f:Holocentridae,g:Myripristis,s:Myripristis_berndti","Eukaryota","Chordata","Actinopteri","Holocentriformes","Holocentridae","Myripristis","Myripristis berndti",95.3,"global",TRUE,95.9,"global_lca_to_local","Myripristis","Eukaryota","Chordata","Actinopteri","Holocentriformes","Holocentridae","Myripristis",NA,"Eukaryota","Chordata","Actinopteri","Holocentriformes","Holocentridae","Myripristis",NA,"genus","Myripristis"
"MiFish_0001292",15,NA,"None",0,"agccgcggtaatacggagggtgcgagcgttaatcggaattactgggcgtaaagcgcatgcaggcggtttgctaagtcagatgtgaaagcccggggctcaaccccggaactgcatttgaaactggcagactagagttttgtagagggtggtagaatttcaggtgtagcggtgaaatgcgtagagatctgaaggaataccggtggcgaaggcgaccacctggacaaaaactgacgctcagatgcgaaggcgtgggtag",NA,NA,NA,NA,NA,NA,NA,NA,NA,0,NA,NA,NA,NA,NA,NA,NA,NA,NA,"local",FALSE,NA,NA,NA,NA,NA,NA,NA,NA,NA,NA,NA,NA,NA,NA,NA,NA,NA,NA,NA
"MiFish_0001293",10,"['KT619054']","1167616",0.964497041420118,"taccgcggttatacgagaggcccaagttgacaggctccggcgtaaagcgtggttaaggaacaacaaatactaaagccgaacgcttactaggctgttatacgcttacgaaagtaagaagcacatccacgaaggtggctttactccgcctgaatccacgaaagccaagaca","[1167616]","Epinephelus bontoides","Eukaryota","Chordata","Actinopteri","Perciformes","Serranidae","Epinephelus","Epinephelus bontoides",96.4,NA,NA,NA,NA,NA,NA,NA,NA,NA,"global",FALSE,96.4,"global","Epinephelus bontoides","Eukaryota","Chordata","Actinopteri","Perciformes","Serranidae","Epinephelus","Epinephelus bontoides","Eukaryota","Chordata","Actinopteri","Perciformes","Serranidae","Epinephelus",NA,"genus","Epinephelus"
"MiFish_0001294",11,NA,"None",0,"cactgcggtcacacgattaacccaagtcaatagaagccggcgtaaagagtgttttagatcaccccctccccaataaagctaaaactcacctgagttgtaaaaaactccagttgacacaaaatagactacgaaagtggctttaacatatctgaacacacaatagctaagacc",NA,NA,NA,NA,NA,NA,NA,NA,NA,0,NA,NA,NA,NA,NA,NA,NA,NA,NA,"local",FALSE,NA,NA,NA,NA,NA,NA,NA,NA,NA,NA,NA,NA,NA,NA,NA,NA,NA,NA,NA
"MiFish_0001295",18,NA,"None",0,"caccgcggttatacgagaggcccaagttgatgaaccccggcgtaaagagtggttaagacaaatttatacttaaagtcgaacgccctcagagcagttatacgcatccgatggtatgaagcccaataacgaaagtagctttattttacctgaccccacgaaagctaagaaa",NA,NA,NA,NA,NA,NA,NA,NA,NA,0,NA,NA,NA,NA,NA,NA,NA,NA,NA,"local",FALSE,NA,NA,NA,NA,NA,NA,NA,NA,NA,NA,NA,NA,NA,NA,NA,NA,NA,NA,NA
"MiFish_0001296",33,NA,"None",0,"caccgcggttagacgaaaggcctaagttgatagtcatcggcgtaaagagtggttaaggaaaacttaaaactaaagccgaatgttcacaaggttgttatacgcatccgagaataagaagctcctccacgaaagtggctttaacatacccgactccacgtaagctatgaaa",NA,NA,NA,NA,NA,NA,NA,NA,NA,0,NA,NA,NA,NA,NA,NA,NA,NA,NA,"local",FALSE,NA,NA,NA,NA,NA,NA,NA,NA,NA,NA,NA,NA,NA,NA,NA,NA,NA,NA,NA
"MiFish_0001297",18,NA,"None",0,"agccgcggtaagacggaggatgcaagtgttatccggaatcactgggcgtaaagcgtctgtaggtggttaagcaagtcaactgttaaatcttgaggctcaacttcaaaatcgcagtcgaaactgtttgactagagtatagtaggggtaaagggaatttccagtggagcggtgaaatgcgtagatattggaaagaacaccgatggcgaaggcactctactgggctattactgacactcagagacgaaagctagggtag",NA,NA,NA,NA,NA,NA,NA,NA,NA,0,NA,NA,NA,NA,NA,NA,NA,NA,NA,"local",FALSE,NA,NA,NA,NA,NA,NA,NA,NA,NA,NA,NA,NA,NA,NA,NA,NA,NA,NA,NA
"MiFish_0001298",11,"['OP035157']","482919",0.958579881656805,"caccgcggttagacgaaaggcctaagttgataatcatcggcgtaaagggtggttagggttaattgaagactaaagccgaaagccctcacagctgttatacgcactcgagggtaagaagcccaactacgaaagtggctttacaatatccgaacccacgaaagctagggca","[482919]","Orthopristis chrysoptera","Eukaryota","Chordata","Actinopteri","Lutjaniformes","Haemulidae","Orthopristis","Orthopristis chrysoptera",95.9,NA,NA,NA,NA,NA,NA,NA,NA,NA,"global",FALSE,95.9,"global","Orthopristis chrysoptera","Eukaryota","Chordata","Actinopteri","Lutjaniformes","Haemulidae","Orthopristis","Orthopristis chrysoptera","Eukaryota","Chordata","Actinopteri","Lutjaniformes","Haemulidae","Orthopristis",NA,"genus","Orthopristis"
"MiFish_0001299",17,NA,"None",0,"agccgcggtaagacggaggatgcaagtgttatccggaatcactgggcgtaaagcgtctgtaggtggttaagcaagtcaactgttaaatcttgaggctcaacttcaaaatcgcagtcgaaactgtttgactagagtatagtaggggtaaagggaatttccagtggagcggtgaaatgcgtagatattggagagaacaccgatggcgaaggcactttactgggctattactgacactcagagacgaaagctagggtag",NA,NA,NA,NA,NA,NA,NA,NA,NA,0,NA,NA,NA,NA,NA,NA,NA,NA,NA,"local",FALSE,NA,NA,NA,NA,NA,NA,NA,NA,NA,NA,NA,NA,NA,NA,NA,NA,NA,NA,NA
"MiFish_0001300",38,NA,"None",0,"agccgcggtaagacggaggatgcaagtgttatccggaatcactgggcgtaaagcgtctgtaggtggttaaacaagtcaactgttaaatcttgaagctcaacttcgaaatcgcagtcgaaactgtttgactagagtatagtaggggtaaagggaatttccagtggagcggtgaaatgcgtagatattggaaagaacaccgatggcgaaggcactttactgggctattactgacactcagagacgaaagctagggtag",NA,NA,NA,NA,NA,NA,NA,NA,NA,0,NA,NA,NA,NA,NA,NA,NA,NA,NA,"local",FALSE,NA,NA,NA,NA,NA,NA,NA,NA,NA,NA,NA,NA,NA,NA,NA,NA,NA,NA,NA
"MiFish_0001301",13,NA,"None",0,"caccgcggttatacgagaaacccaagttgatagaacacggcgtaaagggtggttaagggcacaagcatcagtaaagttaaacgccttcaaggccgttataagtgtatgaagagctgaggttcgcaaacgaaagtgactttatttttcctgactccacgaaagctagagaaa",NA,NA,NA,NA,NA,NA,NA,NA,NA,0,NA,NA,NA,NA,NA,NA,NA,NA,NA,"local",FALSE,NA,NA,NA,NA,NA,NA,NA,NA,NA,NA,NA,NA,NA,NA,NA,NA,NA,NA,NA
"MiFish_0001302",15,NA,"None",0,"agccgcggtaagacggaggatgcaagtgttatccggaatcactgggcgtaaagcgtctgtaggtggttaagcaagtcaactgttaaatcttgaggctcaacttcaaaatcgcagtcgaaactgtttgactagagtatagtaggggcaaagggaatttccagtggagcggtgaaatgcgtagatattggaaagaacaccgatggcgaaggcactttactgggctattactgacactcagagacgaaagctagggtag",NA,NA,NA,NA,NA,NA,NA,NA,NA,0,NA,NA,NA,NA,NA,NA,NA,NA,NA,"local",FALSE,NA,NA,NA,NA,NA,NA,NA,NA,NA,NA,NA,NA,NA,NA,NA,NA,NA,NA,NA
"MiFish_0001303",44,NA,"None",0,"agccgcggtaagacggaggatgcaagtgttatccggaatcactgggcgtaaagcgtctgtaggtggttaagcaagtcaactgttaaatcttgaggctcaacttcaaaatcgcagtcgaaactgtttgactagagtatagtaggggtaaagggaatttccagtggagcggtgaaatgcgtagatattggaaagaacaccgatggcgaaggcactttactgggctattactgacactcagagacgaaagctagggta",NA,NA,NA,NA,NA,NA,NA,NA,NA,0,NA,NA,NA,NA,NA,NA,NA,NA,NA,"local",FALSE,NA,NA,NA,NA,NA,NA,NA,NA,NA,NA,NA,NA,NA,NA,NA,NA,NA,NA,NA
"MiFish_0001304",16,NA,"None",0,"agccgcggtaagacggaggatgcaagtgttatccggaatcactgggcgtaaagcgtctgtaggcggttaagcaagtcaactgttaaatcttgaggctcaacttcaaaatcgcagtcgaaactgtttgactagagtatagtaggggtaaagggaatttccagtggagcggtgaaatgcgtagatattggaaagaacaccgatggcgaaggcactttactgggctattactgacactcagagacgaaagctagggtag",NA,NA,NA,NA,NA,NA,NA,NA,NA,0,NA,NA,NA,NA,NA,NA,NA,NA,NA,"local",FALSE,NA,NA,NA,NA,NA,NA,NA,NA,NA,NA,NA,NA,NA,NA,NA,NA,NA,NA,NA
"MiFish_0001305",25,NA,"None",0,"agccgcggtaagacggaggatgcaagtgttatccggaatcactgggcgcaaagcgtctgtaggtggttaagcaagtcaactgttaaatcttgaggctcaacttcaaaatcgcagtcgaaactgtttgactagagtatagtaggggtaaagggaatttccagtggagcggtgaaatgcgtagatattggaaagaacaccgatggcgaaggcactttactgggctattactgacactcagagacgaaagctagggtag",NA,NA,NA,NA,NA,NA,NA,NA,NA,0,NA,NA,NA,NA,NA,NA,NA,NA,NA,"local",FALSE,NA,NA,NA,NA,NA,NA,NA,NA,NA,NA,NA,NA,NA,NA,NA,NA,NA,NA,NA
"MiFish_0001306",42,NA,"None",0,"agccgcggtaagacggaggatgcaagtgttatccggaatcactgggcgtaaagcgtctgtaggtggttaagcaagtcaactgttaaatcttgaggctcaacttcaaaatcgcagtcgaaactgtttgactagagtatagtaggggtaaagggaatttccagtggagcggtgaaatgcgtagatattggaaagaacaccgatggcgaaggcactttactgggctattactgacgctcagagacgaaagctagggtag",NA,NA,NA,NA,NA,NA,NA,NA,NA,0,NA,NA,NA,NA,NA,NA,NA,NA,NA,"local",FALSE,NA,NA,NA,NA,NA,NA,NA,NA,NA,NA,NA,NA,NA,NA,NA,NA,NA,NA,NA
"MiFish_0001307",44,NA,"None",0,"agccgcggtaagacggaggatgcaagtgttatccggaatcactgggcgtaaagcgtctgtaggtggttaagcaagtcaactgttaaatcttgaggctcaacttcaaaatcgcagtcgaaactgtttgactagagtatagtaggggtaaagggaatttccagtggagcggtgaaatgcgtagatattggaaagaacaccgatggcgaaggcactttactgggctattactgacactcagaggcgaaagctagggtag",NA,NA,NA,NA,NA,NA,NA,NA,NA,0,NA,NA,NA,NA,NA,NA,NA,NA,NA,"local",FALSE,NA,NA,NA,NA,NA,NA,NA,NA,NA,NA,NA,NA,NA,NA,NA,NA,NA,NA,NA
"MiFish_0001308",841,NA,"None",0,"caccgcggttatacgaggggcccaaatcgacaccccaccggcgtaaagtgtgattagaagagacctaaaactagagccaaacagcccctatgctgtcatacgctaatgggaccaacgaagaccaacaacgaaagtggctctataaaccttgaactcacgacagccaggcca",NA,NA,NA,NA,NA,NA,NA,NA,NA,0,NA,NA,NA,NA,NA,NA,NA,NA,NA,"local",FALSE,NA,NA,NA,NA,NA,NA,NA,NA,NA,NA,NA,NA,NA,NA,NA,NA,NA,NA,NA
"MiFish_0001309",150,NA,"None",0,"agccgcggtaagacggaggatgcaagtgttatccggaatcactgggcgtaaagcgtctgtaggtggttaagcaagtcaactgttaaatcttgaggctcaacttcaaaatcgcagtcgaaactgtttgactagagtatagtaggggtaaagggaatttccagtggagcggtgaaatgcgtagatattggaaagaacaccgatggcgaaggcactttactgggctattactgacactcagagacgaaagctagggtaa",NA,NA,NA,NA,NA,NA,NA,NA,NA,0,NA,NA,NA,NA,NA,NA,NA,NA,NA,"local",FALSE,NA,NA,NA,NA,NA,NA,NA,NA,NA,NA,NA,NA,NA,NA,NA,NA,NA,NA,NA
"MiFish_0001310",14,"['MW630158', 'EU601200', 'FJ449707']","242806",0.994186046511628,"caccgcggttatacgaaaggcccaagttgaaaagcattcggcgtaaagggtggctaagggcctattttaaactagagctgaatttcttcaaagctgttatacgctcatgaaaactagaaaatcaaccacgaaagtggctctaatctctcctgacaccacgaaagctatgaca","[242806]","Scarus ghobban","Eukaryota","Chordata","Actinopteri","Labriformes","Labridae","Scarus","Scarus ghobban",99.4,NA,NA,NA,NA,NA,NA,NA,NA,NA,"global",FALSE,99.4,"global","Scarus ghobban","Eukaryota","Chordata","Actinopteri","Labriformes","Labridae","Scarus","Scarus ghobban","Eukaryota","Chordata","Actinopteri","Labriformes","Labridae","Scarus","Scarus ghobban","species","Scarus ghobban"
"MiFish_0001311",28,NA,"None",0,"agccgcggtaagacggaggatgcaagtgttatccggaatcactgggcgtaaagcgtctgtaggtggttaagcaagtcaactgttaaatcttgaggctcaacttcaaaatcgcagtcgaaactgtttgactagagtatagtaggggtaaagggaatttccagtggagcggtgaaatgcgtagatattggaaagaacaccgatggcgaaggcactttactgggctattactgacactcagggacgaaagctagggtag",NA,NA,NA,NA,NA,NA,NA,NA,NA,0,NA,NA,NA,NA,NA,NA,NA,NA,NA,"local",FALSE,NA,NA,NA,NA,NA,NA,NA,NA,NA,NA,NA,NA,NA,NA,NA,NA,NA,NA,NA
"MiFish_0001312",33,NA,"None",0,"agccgcggtaagacggaggatgcaagtgttatccggaatcactgggcgtaaagcgtctgtaggtggttaagcaagtcaactgttaaatcttgaggctcaacttcaaaatcgcagtcgaaactgtttgactagagtatagtaggggtaaagggaatttccagtggagcggtgaaatgcgtagatattggaaagaacgccgatggcgaaggcactttactgggctattactgacactcagagacgaaagctagggtag",NA,NA,NA,NA,NA,NA,NA,NA,NA,0,NA,NA,NA,NA,NA,NA,NA,NA,NA,"local",FALSE,NA,NA,NA,NA,NA,NA,NA,NA,NA,NA,NA,NA,NA,NA,NA,NA,NA,NA,NA
"MiFish_0001313",11,NA,"None",0,"gggacgataagacctataacctttgtagaattttattggggtaataaataagtttaataaaatatgtttactttatacccaaagctgatgttaaaggta",NA,NA,NA,NA,NA,NA,NA,NA,NA,0,NA,NA,NA,NA,NA,NA,NA,NA,NA,"local",FALSE,NA,NA,NA,NA,NA,NA,NA,NA,NA,NA,NA,NA,NA,NA,NA,NA,NA,NA,NA
"MiFish_0001314",230,"['LC698778', 'MG255111']","211834",0.970414201183432,"caccgcggttatacgagagacccgagttgatagacaccggcgtaaagagtggttaagacttatttaacactaaagccgaacgccctcaaagctgttatacgcacacgagggtaagaagcccaaccacgaaagtggctttaaactatccgaatccacgaaagctatgaca","[211834]","Lutjanus argentimaculatus","Eukaryota","Chordata","Actinopteri","Lutjaniformes","Lutjanidae","Lutjanus","Lutjanus argentimaculatus",97,NA,NA,NA,NA,NA,NA,NA,NA,NA,"global",FALSE,97,"global","Lutjanus argentimaculatus","Eukaryota","Chordata","Actinopteri","Lutjaniformes","Lutjanidae","Lutjanus","Lutjanus argentimaculatus","Eukaryota","Chordata","Actinopteri","Lutjaniformes","Lutjanidae","Lutjanus",NA,"genus","Lutjanus"
"MiFish_0001315",31,"['MW232430', 'MW232431', 'OP537847', 'OU343215', 'OU607616', 'GU256525', 'GU256528', 'JN086150', 'JN086152', 'JN086153', 'KM405517', 'KM588080', 'KP259550', 'KT724724', 'KU955343', 'KU955344', 'KY400011']","8234",0.994047619047619,"caccgcggttatacgagaggcccaagttgacagacaccggcgtaaagcgtggttaagatacacgaaaactaaagccgaacaccttcagggcagttatacgcatccgaaggcacgaagccccaccacgaaagtggctttatgaaccctgaccccacgaaagctatgaca","[48169, 8236, 8240, 8241, 48168]","Thunnus","Eukaryota","Chordata","Actinopteri","Scombriformes","Scombridae","Thunnus",NA,99.4,"d:Eukaryota,p:Chordata,c:Actinopteri,o:Scombriformes,f:Scombridae,g:Thunnus,s:Thunnus_albacares","Eukaryota","Chordata","Actinopteri","Scombriformes","Scombridae","Thunnus","Thunnus albacares",99.4,"local",FALSE,99.4,"local","Thunnus albacares","Eukaryota","Chordata","Actinopteri","Scombriformes","Scombridae","Thunnus","Thunnus albacares","Eukaryota","Chordata","Actinopteri","Scombriformes","Scombridae","Thunnus","Thunnus albacares","species","Thunnus albacares"
"MiFish_0001316",433,"['MK548578', 'MW232421', 'MW232425', 'AB103468', 'AB105165', 'KM651784', 'KP259548']","217026",1,"caccgcggttatacgagaggcccaagttgacagacaccggcgtaaagcgtggttaaggaaaactaaaactaaagccgaacaccttcagggcagttatacgcatccgaaggcacgaagccccaccacgaaagtggctttatgaccccctgaccccacgaaagctatgaca","[217026]","Auxis rochei","Eukaryota","Chordata","Actinopteri","Scombriformes","Scombridae","Auxis","Auxis rochei",100,"d:Eukaryota,p:Chordata,c:Actinopteri,o:Scombriformes,f:Scombridae,g:Auxis,s:Auxis_rochei","Eukaryota","Chordata","Actinopteri","Scombriformes","Scombridae","Auxis","Auxis rochei",100,"local",FALSE,100,"local","Auxis rochei","Eukaryota","Chordata","Actinopteri","Scombriformes","Scombridae","Auxis","Auxis rochei","Eukaryota","Chordata","Actinopteri","Scombriformes","Scombridae","Auxis","Auxis rochei","species","Auxis rochei"
"MiFish_0001317",35,"['MK548578', 'MW232421', 'MW232425', 'AB103468', 'AB105165', 'KM651784', 'KP259548']","13352",0.994082840236686,"caccgcggttatactagaggcccaagttgacagacaccggcgtaaagcgtggttaaggaaaactaaaactaaagccgaacaccttcagggcagttatacgcatccgaaggcacgaagccccaccacgaaagtggctttatgaccccctgaccccacgaaagctatgaca","[217026]","Auxis","Eukaryota","Chordata","Actinopteri","Scombriformes","Scombridae","Auxis",NA,99.4,"d:Eukaryota,p:Chordata,c:Actinopteri,o:Scombriformes,f:Scombridae,g:Auxis,s:Auxis_rochei","Eukaryota","Chordata","Actinopteri","Scombriformes","Scombridae","Auxis","Auxis rochei",99.4,"local",FALSE,99.4,"local","Auxis rochei","Eukaryota","Chordata","Actinopteri","Scombriformes","Scombridae","Auxis","Auxis rochei","Eukaryota","Chordata","Actinopteri","Scombriformes","Scombridae","Auxis","Auxis rochei","species","Auxis rochei"
"MiFish_0001318",104,"['MN703417', 'MN703418']","75035",0.970588235294118,"caccgcggttatacgagagacccaagttgttagacaccggcgtaaagagtggttaggtctgaatcttaaactaaagccgaacatcttcaaagctgttatacgcacccgaagacaagaagttcaatcacgaaagtggctttacctcaactgagcccacgaaagctaggata","[1316015, 175437]","Prionurus","Eukaryota","Chordata","Actinopteri","Acanthuriformes","Acanthuridae","Prionurus",NA,97.1,NA,NA,NA,NA,NA,NA,NA,NA,NA,"global",FALSE,97.1,"global","Prionurus","Eukaryota","Chordata","Actinopteri","Acanthuriformes","Acanthuridae","Prionurus",NA,"Eukaryota","Chordata","Actinopteri","Acanthuriformes","Acanthuridae","Prionurus",NA,"genus","Prionurus"
"MiFish_0001319",13,"['MN703417', 'MN703418']","75035",0.964705882352941,"caccgcggttatacgagagacccaagttgttagacaccggcgtaaagagtggttaggtctgaatcttaaactaaagccgaacatcttcaaagctgttatacgcacccgaagacaagaagttcgatcacgaaagtggctttacctcaactgagcccacgaaagctaggata","[1316015, 175437]","Prionurus","Eukaryota","Chordata","Actinopteri","Acanthuriformes","Acanthuridae","Prionurus",NA,96.5,NA,NA,NA,NA,NA,NA,NA,NA,NA,"global",FALSE,96.5,"global","Prionurus","Eukaryota","Chordata","Actinopteri","Acanthuriformes","Acanthuridae","Prionurus",NA,"Eukaryota","Chordata","Actinopteri","Acanthuriformes","Acanthuridae","Prionurus",NA,"genus","Prionurus"
"MiFish_0001320",15,"['MN703417', 'MN703418']","75035",0.98235294117647,"caccgcggttatacgagagacccaagttgttagacaccggcgtaaagagtggttaggtttgaatcttaaactaaagccgaacatcttcaaagctgttatacgcacccgaaaacaagaagttcaatcacgaaagtggctttacctcaactgaacccacgaaagctaggaca","[1316015, 175437]","Prionurus","Eukaryota","Chordata","Actinopteri","Acanthuriformes","Acanthuridae","Prionurus",NA,98.2,NA,NA,NA,NA,NA,NA,NA,NA,NA,"global",FALSE,98.2,"global","Prionurus","Eukaryota","Chordata","Actinopteri","Acanthuriformes","Acanthuridae","Prionurus",NA,"Eukaryota","Chordata","Actinopteri","Acanthuriformes","Acanthuridae","Prionurus",NA,"genus","Prionurus"
"MiFish_0001321",17,NA,"None",0,"agccgcggtaagacggaggatgcaagtgttatccggaatcactgggcgtaaagcgtctgtaggtggttaagcaagtcaactgttaaatcttgaggctcaacttcaaaatcgcagtcgaaactgtttgactagagtatagtgggggtaaagggaatttccagtggagcggtgaaatgcgtagatattggaaagaacaccgatggcgaaggcactttactgggctattactgacactcagagacgaaagctagggtag",NA,NA,NA,NA,NA,NA,NA,NA,NA,0,NA,NA,NA,NA,NA,NA,NA,NA,NA,"local",FALSE,NA,NA,NA,NA,NA,NA,NA,NA,NA,NA,NA,NA,NA,NA,NA,NA,NA,NA,NA
"MiFish_0001322",17,NA,"None",0,"agccgcggtaagacggaggatgcaagtgttatccggaatcactgggcgtaaagcgtctgtaggtggttaagcaagtcaactgttaaatcttgaggctcaacttcaaaatcgcagtcgagactgtttgactagagtatagtaggggtaaagggaatttccagtggagcggtgaaatgcgtagatattggaaagaacaccgatggcgaaggcactttactgggctattactgacactcagagacgaaagctagggtag",NA,NA,NA,NA,NA,NA,NA,NA,NA,0,NA,NA,NA,NA,NA,NA,NA,NA,NA,"local",FALSE,NA,NA,NA,NA,NA,NA,NA,NA,NA,NA,NA,NA,NA,NA,NA,NA,NA,NA,NA
"MiFish_0001323",2626,"['KT619054']","1167616",0.964497041420118,"taccgcggttatacgagaggcccaagttgacaggctccggcgtaaagcgtggttaaggaacaacaaatactaaagccgaacgcttactaggctgttatacgctcacgaaagtaagaagcacatccacgaaggtggctttactccacctgaacccacgaaagccaagaca","[1167616]","Epinephelus bontoides","Eukaryota","Chordata","Actinopteri","Perciformes","Serranidae","Epinephelus","Epinephelus bontoides",96.4,"d:Eukaryota,p:Chordata,c:Actinopteri,o:Perciformes,f:Serranidae,g:Epinephelus,s:Epinephelus_merra","Eukaryota","Chordata","Actinopteri","Perciformes","Serranidae","Epinephelus","Epinephelus merra",95.3,"global",TRUE,96.4,"global_lca_to_local","Epinephelus","Eukaryota","Chordata","Actinopteri","Perciformes","Serranidae","Epinephelus",NA,"Eukaryota","Chordata","Actinopteri","Perciformes","Serranidae","Epinephelus",NA,"genus","Epinephelus"
"MiFish_0001324",19,"['MN703418']","175437",0.994117647058824,"caccgcggttatacgagagacccaagttgttagacaccggcgtaaagagtggttaggtttgaaccttaaactaaagccaaacatcttcaaagctgttatacgcacccgaagacaagaagttcaatcacgaaagtggctttaccccaactgaacccacgaaagctaggaca","[175437]","Prionurus laticlavius","Eukaryota","Chordata","Actinopteri","Acanthuriformes","Acanthuridae","Prionurus","Prionurus laticlavius",99.4,NA,NA,NA,NA,NA,NA,NA,NA,NA,"global",FALSE,99.4,"global","Prionurus laticlavius","Eukaryota","Chordata","Actinopteri","Acanthuriformes","Acanthuridae","Prionurus","Prionurus laticlavius","Eukaryota","Chordata","Actinopteri","Acanthuriformes","Acanthuridae","Prionurus","Prionurus laticlavius","species","Prionurus laticlavius"
"MiFish_0001325",32,"['EU601212', 'FJ227899']","247628",1,"caccgcggttatacgaaaggcccaagttgaaaaacattcggcgtaaagggtggctaaggacctatttcaaactagagctgaatttcttcaaagctgttatacgctcatgaaaactagaaaatcaaccacgaaagtggctctaatccctcctgacaccacgaaagctatgaca","[247628]","Scarus rubroviolaceus","Eukaryota","Chordata","Actinopteri","Labriformes","Labridae","Scarus","Scarus rubroviolaceus",100,NA,NA,NA,NA,NA,NA,NA,NA,NA,"global",FALSE,100,"global","Scarus rubroviolaceus","Eukaryota","Chordata","Actinopteri","Labriformes","Labridae","Scarus","Scarus rubroviolaceus","Eukaryota","Chordata","Actinopteri","Labriformes","Labridae","Scarus","Scarus rubroviolaceus","species","Scarus rubroviolaceus"
"MiFish_0001326",14,"['KT619054']","1167616",0.958579881656805,"taccgcggttatacgagaggcccaagttgacaggctccggcgcaaagcgtggttaaggaacaacaaatactaaagccgaacgcttactaggctgttatacgctcacgaaagtaagaagcacatccacgaaggtggctttactccacctgaacccacgaaagccaagaca","[1167616]","Epinephelus bontoides","Eukaryota","Chordata","Actinopteri","Perciformes","Serranidae","Epinephelus","Epinephelus bontoides",95.9,NA,NA,NA,NA,NA,NA,NA,NA,NA,"global",FALSE,95.9,"global","Epinephelus bontoides","Eukaryota","Chordata","Actinopteri","Perciformes","Serranidae","Epinephelus","Epinephelus bontoides","Eukaryota","Chordata","Actinopteri","Perciformes","Serranidae","Epinephelus",NA,"genus","Epinephelus"
"MiFish_0001327",27,NA,"None",0,"agccgcggtaagacggaggatgcaagtgttatccggaatcactgggcgtaaagcgtctgtaggtggttaagcaagtcaactgttaaatcttgaggctcaacttcaaaatcgcagtcgaaactgtttgactagagtatagtaggggtaaagggaatttccagtggagcggtgaaatgcgtagatattggaaagaacaccgatggcgaaggcactttactgggctattactgacactcagagacgaaagctagggtac",NA,NA,NA,NA,NA,NA,NA,NA,NA,0,NA,NA,NA,NA,NA,NA,NA,NA,NA,"local",FALSE,NA,NA,NA,NA,NA,NA,NA,NA,NA,NA,NA,NA,NA,NA,NA,NA,NA,NA,NA
"MiFish_0001328",172,NA,"None",0,"agccgcggtaatacgggaggggcaagcgttatctggaataattgggcgtaaagggttcgtagactgtattgtaagttatttgttaaatcctagagcttaactctagaaaagcatttaatactactatactagagttttgtgcagaagagtagaatttcatgtcgaggagtaacgactgcagacacatgaaggaatatcagtagcgaaggcgactctttggcaaaaactgacgttgagggacgaaagtgtagggag",NA,NA,NA,NA,NA,NA,NA,NA,NA,0,NA,NA,NA,NA,NA,NA,NA,NA,NA,"local",FALSE,NA,NA,NA,NA,NA,NA,NA,NA,NA,NA,NA,NA,NA,NA,NA,NA,NA,NA,NA
"MiFish_0001329",20,NA,"None",0,"agccgcggtaagacggaggatgcaagtgttatccggaatcactgggcgtaaagcgtctgtaggtggttaagcaagtcaactgttaaatcttgaggctcaacttcaaaatcgcagtcgaaactgtttgactagagtatagtaggggtaaagggaatttccagtggagcggtgaaatgcgtagatattggaaagaacaccgatggcgaaggcactttactgggctattactgaaactcagagacgaaagctagggtag",NA,NA,NA,NA,NA,NA,NA,NA,NA,0,NA,NA,NA,NA,NA,NA,NA,NA,NA,"local",FALSE,NA,NA,NA,NA,NA,NA,NA,NA,NA,NA,NA,NA,NA,NA,NA,NA,NA,NA,NA
"MiFish_0001330",10,NA,"None",0,"agccgcggtaatacggagggtccaagcgttatccggaatcattgggtttaaagggtccgtaggcgggctgttaagtcagaggtgaaagtttgcagctcaactgtaaaattgcctttgatactgatagtcttgaattgtagtgaagtggttagaatatgtggtgtagcggtgaaatgcatagatatcacatagaataccgattgcgaaggcagatcactaactatatattgacgctgagggacgaaagcgtggggag",NA,NA,NA,NA,NA,NA,NA,NA,NA,0,NA,NA,NA,NA,NA,NA,NA,NA,NA,"local",FALSE,NA,NA,NA,NA,NA,NA,NA,NA,NA,NA,NA,NA,NA,NA,NA,NA,NA,NA,NA
"MiFish_0001331",26,NA,"None",0,"agccgcggtaagacggaggatgcaagtgctatccggaatcactgggcgtaaagcgtctgtaggtggttaagcaagtcaactgttaaatcttgaggctcaacttcaaaatcgcagtcgaaactgtttgactagagtatagtaggggtaaagggaatttccagtggagcggtgaaatgcgtagatattggaaagaacaccgatggcgaaggcactttactgggctattactgacactcagagacgaaagctagggtag",NA,NA,NA,NA,NA,NA,NA,NA,NA,0,NA,NA,NA,NA,NA,NA,NA,NA,NA,"local",FALSE,NA,NA,NA,NA,NA,NA,NA,NA,NA,NA,NA,NA,NA,NA,NA,NA,NA,NA,NA
"MiFish_0001332",18,NA,"None",0,"agccgcggtaagacggaggatgcaagtgttatccggaatcactgggcgtaaagcgtctgtaggtggttaagcaagtcaactgttaaatcttgaggctcaacctcaaaatcgcagtcgaaactgtttgactagagtatagtaggggtaaagggaatttccagtggagcggtgaaatgcgtagatattggaaagaacaccgatggcgaaggcactttactgggctattactgacactcagagacgaaagctagggtag",NA,NA,NA,NA,NA,NA,NA,NA,NA,0,NA,NA,NA,NA,NA,NA,NA,NA,NA,"local",FALSE,NA,NA,NA,NA,NA,NA,NA,NA,NA,NA,NA,NA,NA,NA,NA,NA,NA,NA,NA
"MiFish_0001333",35,NA,"None",0,"cgcggtaagacggaggatgcaagtgttatccggaatcactgggcgtaaagcgtctgtaggtggttaagcaagtcaactgttaaatcttgaggctcaacttcaaaatcgcagtcgaaactgtttgactagagtatagtaggggtaaagggaatttccagtggagcggtgaaatgcgtagatattggaaagaacaccgatggcgaaggcactttactgggctattactgacactcagagacgaaagctagggtag",NA,NA,NA,NA,NA,NA,NA,NA,NA,0,NA,NA,NA,NA,NA,NA,NA,NA,NA,"local",FALSE,NA,NA,NA,NA,NA,NA,NA,NA,NA,NA,NA,NA,NA,NA,NA,NA,NA,NA,NA
"MiFish_0001334",23,NA,"None",0,"cgattggggcaatccgaacgctgggccgatgcgcgtatccgtattgtccgcgatctgttgttcgatggcaaaaataatgtagcctacacattggcggccaaccatcacatcggagaggggtccagctatgc",NA,NA,NA,NA,NA,NA,NA,NA,NA,0,NA,NA,NA,NA,NA,NA,NA,NA,NA,"local",FALSE,NA,NA,NA,NA,NA,NA,NA,NA,NA,NA,NA,NA,NA,NA,NA,NA,NA,NA,NA
"MiFish_0001335",16,NA,"None",0,"caccgcggtcacacgattaacccaagtcaatagaagccggcgtaaagagtgttttagatcaccccctccccaataaagctaaaactcacctgagttgtaaaaaactccagttgacacaaaatagactacgaaagtggcttcaacatatctgaacacacaatagctaagacc",NA,NA,NA,NA,NA,NA,NA,NA,NA,0,NA,NA,NA,NA,NA,NA,NA,NA,NA,"local",FALSE,NA,NA,NA,NA,NA,NA,NA,NA,NA,NA,NA,NA,NA,NA,NA,NA,NA,NA,NA
"MiFish_0001336",124,NA,"None",0,"agccgcggtaatacggggggtgcaagcgttattcggatttattgggcgtaaagcgtctgtaggtttcctagaaagtctatagtaaaaacctaaagcttaactttagacccgctatagaaacttttaggattgagtatggtagaggtaaagggaattcccagagtagcggtgaaatgcgcagatattgggaagaacaccgacggcgaaagcactttactgggccaaaactgacactgagagacgaaatctaggggag",NA,NA,NA,NA,NA,NA,NA,NA,NA,0,NA,NA,NA,NA,NA,NA,NA,NA,NA,"local",FALSE,NA,NA,NA,NA,NA,NA,NA,NA,NA,NA,NA,NA,NA,NA,NA,NA,NA,NA,NA
"MiFish_0001337",26,NA,"None",0,"agccgcggtaagacggaggatgcaagtgttgtccggaatcactgggcgtaaagcgtctgtaggtggttaagcaagtcaactgttaaatcttgaggctcaacttcaaaatcgcagtcgaaactgtttgactagagtatagtaggggtaaagggaatttccagtggagcggtgaaatgcgtagatattggaaagaacaccgatggcgaaggcactttactgggctattactgacactcagagacgaaagctagggtag",NA,NA,NA,NA,NA,NA,NA,NA,NA,0,NA,NA,NA,NA,NA,NA,NA,NA,NA,"local",FALSE,NA,NA,NA,NA,NA,NA,NA,NA,NA,NA,NA,NA,NA,NA,NA,NA,NA,NA,NA
"MiFish_0001338",14,NA,"None",0,"agccgcggtaagacggaggatgcaagtgttatccggaatcactgggcgtaaagcgcgcgtaggcggttttttaagtcggatgtgaaagccccgggctcaacctgggaactgcatccgatactggatcactagaatgcgggagagggaggtagaattccatgtgtagcagtgaaatgcgtagatatatggaggaataccagtggcgaaggcggcctcctggctcgacattgacgctgaggtgcgaaagcgtggggag",NA,NA,NA,NA,NA,NA,NA,NA,NA,0,NA,NA,NA,NA,NA,NA,NA,NA,NA,"local",FALSE,NA,NA,NA,NA,NA,NA,NA,NA,NA,NA,NA,NA,NA,NA,NA,NA,NA,NA,NA
"MiFish_0001339",11,NA,"None",0,"agccgcggtaagacggaggatgcaagtgttatccggaatcactgggcgtaaagcgtctgtaggtggttaagcaagtcaactgttaaatcttgaggctcaacttcaaaatcgcagtcgaaactgtttgactagagtatagtaggggtaaagggaatttccagtggagcggtgaaatgcgtagatattggaaagaacaccgatggcgaaggcactttactgggctattactgacactcagagaagaaagctagggtag",NA,NA,NA,NA,NA,NA,NA,NA,NA,0,NA,NA,NA,NA,NA,NA,NA,NA,NA,"local",FALSE,NA,NA,NA,NA,NA,NA,NA,NA,NA,NA,NA,NA,NA,NA,NA,NA,NA,NA,NA
"MiFish_0001340",20,NA,"None",0,"agccgcggtaagacggaggatgcaagtgttatccgtaatcactgggcgtaaagcgtctgtaggtggttaagcaagtcaactgttaaatcttgaggctcaacttcaaaatcgcagtcgaaactgtttgactagagtatagtaggggtaaagggaatttccagtggagcggtgaaatgcgtagatattggaaagaacaccgatggcgaaggcactttactgggctattactgacactcagagacgaaagctagggtag",NA,NA,NA,NA,NA,NA,NA,NA,NA,0,NA,NA,NA,NA,NA,NA,NA,NA,NA,"local",FALSE,NA,NA,NA,NA,NA,NA,NA,NA,NA,NA,NA,NA,NA,NA,NA,NA,NA,NA,NA
"MiFish_0001341",16,NA,"None",0,"agccgcggtaatacggagggcgcaagcgttgctcggaatcactgggcgtaaagggtgcgcaggcggtctattaagtcagatgtgaaagcccggggctcaaccccggaactgcatctgaaactggcagacttgagtatgagagaggaaagtggaattcctggtgtagaggtgaaattcgttgatatcaggaggaacatcagtggcgaaggcgactttctggctcataactgacgctcatgcacgaaagtgtgggtag",NA,NA,NA,NA,NA,NA,NA,NA,NA,0,NA,NA,NA,NA,NA,NA,NA,NA,NA,"local",FALSE,NA,NA,NA,NA,NA,NA,NA,NA,NA,NA,NA,NA,NA,NA,NA,NA,NA,NA,NA
"MiFish_0001342",17,NA,"None",0,"agccgcggtaagacggaggacgcaagtgttatccggaatcactgggcgtaaagcgtctgtaggtggttaagcaagtcaactgttaaatcttgaggctcaacttcaaaatcgcagtcgaaactgtttgactagagtatagtaggggtaaagggaatttccagtggagcggtgaaatgcgtagatattggaaagaacaccgatggcgaaggcactttactgggctattactgacactcagagacgaaagctagggtag",NA,NA,NA,NA,NA,NA,NA,NA,NA,0,NA,NA,NA,NA,NA,NA,NA,NA,NA,"local",FALSE,NA,NA,NA,NA,NA,NA,NA,NA,NA,NA,NA,NA,NA,NA,NA,NA,NA,NA,NA
"MiFish_0001343",23,NA,"None",0,"agccgcggtaagacggaggatgcaagtgttatccggaatcactgggcgtaaagcgtctgtaggtggttaagcaagtcaactgttaaatcttgaggctcaacttcaaaatcgcagccgaaactgtttgactagagtatagtaggggtaaagggaatttccagtggagcggtgaaatgcgtagatattggaaagaacaccgatggcgaaggcactttactgggctattactgacactcagagacgaaagctagggtag",NA,NA,NA,NA,NA,NA,NA,NA,NA,0,NA,NA,NA,NA,NA,NA,NA,NA,NA,"local",FALSE,NA,NA,NA,NA,NA,NA,NA,NA,NA,NA,NA,NA,NA,NA,NA,NA,NA,NA,NA
"MiFish_0001344",36,NA,"None",0,"agccgcggtaaggcggaggatgcaagtgttatccggaatcactgggcgtaaagcgtctgtaggtggttaagcaagtcaactgttaaatcttgaggctcaacttcaaaatcgcagtcgaaactgtttgactagagtatagtaggggtaaagggaatttccagtggagcggtgaaatgcgtagatattggaaagaacaccgatggcgaaggcactttactgggctattactgacactcagagacgaaagctagggtag",NA,NA,NA,NA,NA,NA,NA,NA,NA,0,NA,NA,NA,NA,NA,NA,NA,NA,NA,"local",FALSE,NA,NA,NA,NA,NA,NA,NA,NA,NA,NA,NA,NA,NA,NA,NA,NA,NA,NA,NA
"MiFish_0001345",31,NA,"None",0,"agccgcggtaagacggaggatgcaagtgttatccggaatcactgggcgtaaagcgtctgtaggtggttaagcaagtcgactgttaaatcttgaggctcaacttcaaaatcgcagtcgaaactgtttgactagagtatagtaggggtaaagggaatttccagtggagcggtgaaatgcgtagatattggaaagaacaccgatggcgaaggcactttactgggctattactgacactcagagacgaaagctagggtag",NA,NA,NA,NA,NA,NA,NA,NA,NA,0,NA,NA,NA,NA,NA,NA,NA,NA,NA,"local",FALSE,NA,NA,NA,NA,NA,NA,NA,NA,NA,NA,NA,NA,NA,NA,NA,NA,NA,NA,NA
"MiFish_0001346",18,NA,"None",0,"agccgcggtaagacggaggatgcaagtgttatccggaatcactgggcgtaaagcgtctgtaggtggttaggcaagtcaactgttaaatcttgaggctcaacttcaaaatcgcagtcgaaactgtttgactagagtatagtaggggtaaagggaatttccagtggagcggtgaaatgcgtagatattggaaagaacaccgatggcgaaggcactttactgggctattactgacactcagagacgaaagctagggtag",NA,NA,NA,NA,NA,NA,NA,NA,NA,0,NA,NA,NA,NA,NA,NA,NA,NA,NA,"local",FALSE,NA,NA,NA,NA,NA,NA,NA,NA,NA,NA,NA,NA,NA,NA,NA,NA,NA,NA,NA
"MiFish_0001347",111,NA,"None",0,"agccgcggtaagacggaggatgcaagtgttatccggaatcactgggcgtaaagcgtctgtaggtggttaaacaagtcaactgttaaatcttgaggctcaacttcaaaatcgcagtcgaaactgtttgactagagtatagtaggggtaaagggaatttccagtggagcggtgaaatgcgtagatattggaaagaacaccgatggcgaaggcactttactgggctattactgacactcagagacgaaagctagggtag",NA,NA,NA,NA,NA,NA,NA,NA,NA,0,NA,NA,NA,NA,NA,NA,NA,NA,NA,"local",FALSE,NA,NA,NA,NA,NA,NA,NA,NA,NA,NA,NA,NA,NA,NA,NA,NA,NA,NA,NA
"MiFish_0001348",21,NA,"None",0,"agccgcggtaagacggaggatgcaagtgttatccggaatcactgggcgtaaagcgtctgcaggtggttaagcaagtcaactgttaaatcttgaggctcaacttcaaaatcgcagtcgaaactgtttgactagagtatagtaggggtaaagggaatttccagtggagcggtgaaatgcgtagatattggaaagaacaccgatggcgaaggcactttactgggctattactgacactcagagacgaaagctagggtag",NA,NA,NA,NA,NA,NA,NA,NA,NA,0,NA,NA,NA,NA,NA,NA,NA,NA,NA,"local",FALSE,NA,NA,NA,NA,NA,NA,NA,NA,NA,NA,NA,NA,NA,NA,NA,NA,NA,NA,NA
"MiFish_0001349",47,"['JX242934']","1232744",0.988165680473373,"aaccgcggttatacgagaggcccaaattgacacaccacggcgtaaagtgtgattagagataaacaagaactagggccgaacgccccccatgctgtcatacgcaacggaggacacgaagcccaccaacgaaggtggccctataaaccttgaactcacgacagctaaggta","[1232744]","Muraena lentiginosa","Eukaryota","Chordata","Actinopteri","Anguilliformes","Muraenidae","Muraena","Muraena lentiginosa",98.8,NA,NA,NA,NA,NA,NA,NA,NA,NA,"global",FALSE,98.8,"global","Muraena lentiginosa","Eukaryota","Chordata","Actinopteri","Anguilliformes","Muraenidae","Muraena","Muraena lentiginosa","Eukaryota","Chordata","Actinopteri","Anguilliformes","Muraenidae","Muraena","Muraena lentiginosa","species","Muraena lentiginosa"
"MiFish_0001350",19,"['KF374976']","48193",0.988372093023256,"agccgcggttatacgaaagacccaagctgatagatgtcggcgtaaagagtggttaagtatcttgatagaactaaagccgaacgccctcaagaccgttatacgtttccgaaggtatgaagctcaactacgaaagtaactttaactatatctgattccacgaaagctgcgaaa","[48193]","Mugil cephalus","Eukaryota","Chordata","Actinopteri","Mugiliformes","Mugilidae","Mugil","Mugil cephalus",98.8,"d:Eukaryota,p:Chordata,c:Actinopteri,o:Mugiliformes,f:Mugilidae,g:Mugil,s:Mugil_cephalus","Eukaryota","Chordata","Actinopteri","Mugiliformes","Mugilidae","Mugil","Mugil cephalus",98.8,"local",FALSE,98.8,"local","Mugil cephalus","Eukaryota","Chordata","Actinopteri","Mugiliformes","Mugilidae","Mugil","Mugil cephalus","Eukaryota","Chordata","Actinopteri","Mugiliformes","Mugilidae","Mugil","Mugil cephalus","species","Mugil cephalus"
"MiFish_0001351",30,NA,"None",0,"agccgcggtaagacggaggatgcaagtgttatccggaatcactgggcgtaaagcgtctgtaggtggttaagcaagtcaactgttaaatcttgaagctcaacttcaaaatcgcagtcgaaactgtttgactagagtatagtaggggtaaagggaatttccagtggagcggtgaaatgcgtagatattggaaagaacaccgatggcgaaggcactttactgggctattactgacactcagagacgaaagctagggtag",NA,NA,NA,NA,NA,NA,NA,NA,NA,0,NA,NA,NA,NA,NA,NA,NA,NA,NA,"local",FALSE,NA,NA,NA,NA,NA,NA,NA,NA,NA,NA,NA,NA,NA,NA,NA,NA,NA,NA,NA
"MiFish_0001352",38,"['LC645306']","398654",0.964285714285714,"caccgcggctatacgagaggcccaagttgatagcacccggcgtaaagagtggttatggaaaattattactaaagccgcacaccttcaaagctgtcatacgcatccgaagaatagaagccccatcacgaaagtagctttacaagacctgaccccacgaaagctctggta","[398654]","Pontinus macrocephalus","Eukaryota","Chordata","Actinopteri","Perciformes","Scorpaenidae","Pontinus","Pontinus macrocephalus",96.4,NA,NA,NA,NA,NA,NA,NA,NA,NA,"global",FALSE,96.4,"global","Pontinus macrocephalus","Eukaryota","Chordata","Actinopteri","Perciformes","Scorpaenidae","Pontinus","Pontinus macrocephalus","Eukaryota","Chordata","Actinopteri","Perciformes","Scorpaenidae","Pontinus",NA,"genus","Pontinus"
"MiFish_0001353",50,"['MN703417', 'MN703418']","75035",0.976470588235294,"caccgcggttatacgagagacccaagttgttagacaccggcgtaaagggtggttaggtttgaatcttaaactaaagccgaacatcttcaaagctgttatacgcacccgaagacaagaagttcaatcacgaaagtggctttacctcaactgaacccacgaaagctagggca","[1316015, 175437]","Prionurus","Eukaryota","Chordata","Actinopteri","Acanthuriformes","Acanthuridae","Prionurus",NA,97.6,NA,NA,NA,NA,NA,NA,NA,NA,NA,"global",FALSE,97.6,"global","Prionurus","Eukaryota","Chordata","Actinopteri","Acanthuriformes","Acanthuridae","Prionurus",NA,"Eukaryota","Chordata","Actinopteri","Acanthuriformes","Acanthuridae","Prionurus",NA,"genus","Prionurus"
"MiFish_0001354",20,"['MW630230', 'MW630237', 'OP035322']","36213",0.988165680473373,"caccgcggctatacgagaggctcaagttgacagacaacggcgtaaagagtggttaaggaacttattaaactaaagccaaacgccctcagaactgttatacgtttccgaaggtaagaagccccaccacgaaagtgactttattttccccgactccacgaaagctgcggaa","[229087, 36217]","Abudefduf","Eukaryota","Chordata","Actinopteri",NA,"Pomacentridae","Abudefduf",NA,98.8,NA,NA,NA,NA,NA,NA,NA,NA,NA,"global",FALSE,98.8,"global","Abudefduf","Eukaryota","Chordata","Actinopteri",NA,"Pomacentridae","Abudefduf",NA,"Eukaryota","Chordata","Actinopteri",NA,"Pomacentridae","Abudefduf",NA,"genus","Abudefduf"
"MiFish_0001355",277,NA,"None",0,"cgccgcggttatacgagtggctcaagttgatagacaacggcgtaaagagtggttaaggcatccccctccaaaactaaagtcgaacgccctcagggctgttatacgctcccgaaggtaagaagcaccaccacgaaagtgactttatttttcctgacgccacgaaagctgtgaca",NA,NA,NA,NA,NA,NA,NA,NA,NA,0,NA,NA,NA,NA,NA,NA,NA,NA,NA,"local",FALSE,NA,NA,NA,NA,NA,NA,NA,NA,NA,NA,NA,NA,NA,NA,NA,NA,NA,NA,NA
"MiFish_0001356",12,NA,"None",0,"aaccgcggttatacgaagggcccaagttgattggaaacggcgtagagggtggttaaaatatattaaaactaaagctgaattccttcaagactgtcatacgtttctgaggagaagaagccctatcacgaaagtagctttaacactttgactccacgaaagctgtgaaa",NA,NA,NA,NA,NA,NA,NA,NA,NA,0,NA,NA,NA,NA,NA,NA,NA,NA,NA,"local",FALSE,NA,NA,NA,NA,NA,NA,NA,NA,NA,NA,NA,NA,NA,NA,NA,NA,NA,NA,NA
"MiFish_0001357",12,NA,"None",0,"gggacgataagacctataaaactttataagtttaaactaaaaaaaaatattagttgatttaaattttttatcgttgaatctattttattggggcgatacaaatataacaagtaactgttttttattttaaaatgataaatagtcatgaataattgaatgatcctttaatgaagattgtaagattaagtta",NA,NA,NA,NA,NA,NA,NA,NA,NA,0,NA,NA,NA,NA,NA,NA,NA,NA,NA,"local",FALSE,NA,NA,NA,NA,NA,NA,NA,NA,NA,NA,NA,NA,NA,NA,NA,NA,NA,NA,NA
"MiFish_0001358",98,NA,"None",0,"caccgcggttagacgagaggcctaagttgatagcttccggcgtaaagagtggttaaggaaatccctaaactaaagccgaatattttcacagctgtcatacgcacccgaaaataagaagccccaccacgaaagtggctttaacccacccgaccccacgaaagctgtggaa",NA,NA,NA,NA,NA,NA,NA,NA,NA,0,NA,NA,NA,NA,NA,NA,NA,NA,NA,"local",FALSE,NA,NA,NA,NA,NA,NA,NA,NA,NA,NA,NA,NA,NA,NA,NA,NA,NA,NA,NA
"MiFish_0001359",12,NA,"None",0,"agccgcggtcatacgtaggatccaagcgttatccggaattactgggcgtaaagagttgtgtaggcggcttattaagcaaggtgtgaaatggtacggctcaaccgtataaacatactttgaactggtaggctagagggcgagagaggttattggaatttctagtgtaggagtgaaatccgtagatattagaaggaacaccgatggcgtaggcagataactggctcgttcctgacgctcagacacgaaagcatgggtag",NA,NA,NA,NA,NA,NA,NA,NA,NA,0,NA,NA,NA,NA,NA,NA,NA,NA,NA,"local",FALSE,NA,NA,NA,NA,NA,NA,NA,NA,NA,NA,NA,NA,NA,NA,NA,NA,NA,NA,NA
"MiFish_0001360",28,NA,"None",0,"caccgcggtcatacgattaacccaaattaatagatccacggcgtaaagagtgtttaagaaaaaaaaccataatagagttaaattataactaagctgtaaaaagccctagttaaaataaaataacccacgaaagtgactctaataatcctgacacacgatagctaggacc",NA,NA,NA,NA,NA,NA,NA,NA,NA,0,NA,NA,NA,NA,NA,NA,NA,NA,NA,"local",FALSE,NA,NA,NA,NA,NA,NA,NA,NA,NA,NA,NA,NA,NA,NA,NA,NA,NA,NA,NA
"MiFish_0001361",52,NA,"None",0,"caccgcggttagacgagaggctcaaattgacaccccccggcgtaaagcgtggttaattatgtagtattactaaagttgaatgttctcaaaactgttatacgtttacgagactatgaaaatcccttacgaaagtagctttataatattgatgccactaaagctgaggaa",NA,NA,NA,NA,NA,NA,NA,NA,NA,0,NA,NA,NA,NA,NA,NA,NA,NA,NA,"local",FALSE,NA,NA,NA,NA,NA,NA,NA,NA,NA,NA,NA,NA,NA,NA,NA,NA,NA,NA,NA
"MiFish_0001362",103,"['AP009139']","942859",0.988505747126437,"caccgcggttatacgagaggccctagttgacacattccggcgtaaagagtggttatgggaattagaaactagagctgaagactcctagggccgttatacgttttccaggagttcgaaacactaaaacgaaagtagctctatccttacctaccagactccacgacagctgagaca","[942859]","Etrumeus micropus","Eukaryota","Chordata","Actinopteri","Clupeiformes","Dussumieriidae","Etrumeus","Etrumeus micropus",98.9,"d:Eukaryota,p:Chordata,c:Actinopteri,o:Clupeiformes,f:Dussumieriidae,g:Etrumeus,s:Etrumeus_teres","Eukaryota","Chordata","Actinopteri","Clupeiformes","Dussumieriidae","Etrumeus","Etrumeus teres",99.4,"local",FALSE,99.4,"local","Etrumeus teres","Eukaryota","Chordata","Actinopteri","Clupeiformes","Dussumieriidae","Etrumeus","Etrumeus teres","Eukaryota","Chordata","Actinopteri","Clupeiformes","Dussumieriidae","Etrumeus","Etrumeus teres","species","Etrumeus teres"
"MiFish_0001363",12,"['KM986880', 'LC649155']","58219",0.982248520710059,"caccgcggttatacgagaggctcaagttgacagacaacggcgtaaagagtggttaaggaaaatattcaactaaagcggaaccccctcattgctgtcatacgcttccgagaggatgaaccccaactacgaaggcggctttataagacccgaacccacgaaagctaagaaa","[146143, 492021]","Decapterus","Eukaryota","Chordata","Actinopteri","Carangiformes","Carangidae","Decapterus",NA,98.2,"d:Eukaryota,p:Chordata,c:Actinopteri,o:Carangiformes,f:Carangidae,g:Decapterus,s:Decapterus_russelli","Eukaryota","Chordata","Actinopteri","Carangiformes","Carangidae","Decapterus","Decapterus russelli",96.4,"global",TRUE,98.2,"global_lca_to_local","Decapterus","Eukaryota","Chordata","Actinopteri","Carangiformes","Carangidae","Decapterus",NA,"Eukaryota","Chordata","Actinopteri","Carangiformes","Carangidae","Decapterus",NA,"genus","Decapterus"
"MiFish_0001364",20,NA,"None",0,"caccacggttatacgagaggcccaagttgactagcgctcggcgtaaagggtggttaataatttattacactaaagccgaaccccctctcgactgtctaacgccttcgagggctggaagcacaactacgaaagtggctttaacactttgaccccacgaaaactgtggca",NA,NA,NA,NA,NA,NA,NA,NA,NA,0,NA,NA,NA,NA,NA,NA,NA,NA,NA,"local",FALSE,NA,NA,NA,NA,NA,NA,NA,NA,NA,NA,NA,NA,NA,NA,NA,NA,NA,NA,NA
"MiFish_0001365",131,"['KY815286']","317475",0.970059880239521,"caccgcggttatacgagagacccaagtagatggccgccggcgtaaagagtggtttagatctgcccctactaaagccaaatgacttcaaagctgtcatacgcgcatgaatatacgaagcccaaccacgaaagtggctttaaagctctgactccacgaaagctatgata","[317475]","Halichoeres dispilus","Eukaryota","Chordata","Actinopteri","Labriformes","Labridae","Halichoeres","Halichoeres dispilus",97,NA,NA,NA,NA,NA,NA,NA,NA,NA,"global",FALSE,97,"global","Halichoeres dispilus","Eukaryota","Chordata","Actinopteri","Labriformes","Labridae","Halichoeres","Halichoeres dispilus","Eukaryota","Chordata","Actinopteri","Labriformes","Labridae","Halichoeres","Halichoeres dispilus","species","Halichoeres dispilus"
"MiFish_0001366",103,"['KM986880', 'LC649155']","58219",0.988165680473373,"caccgcggttatacgagaggctcaagttgacagacaacggcgtaaagagtggttaaggaaaatattcaactaaagcggaaccccctcattgctgtcatacgcttccgagaggatgaaccccaactacgaaggtggctttataagacccgaacccacgaaagctaagaaa","[146143, 492021]","Decapterus","Eukaryota","Chordata","Actinopteri","Carangiformes","Carangidae","Decapterus",NA,98.8,"d:Eukaryota,p:Chordata,c:Actinopteri,o:Carangiformes,f:Carangidae,g:Decapterus,s:Decapterus_russelli","Eukaryota","Chordata","Actinopteri","Carangiformes","Carangidae","Decapterus","Decapterus russelli",97,"global",TRUE,98.8,"global_lca_to_local","Decapterus","Eukaryota","Chordata","Actinopteri","Carangiformes","Carangidae","Decapterus",NA,"Eukaryota","Chordata","Actinopteri","Carangiformes","Carangidae","Decapterus",NA,"genus","Decapterus"
"MiFish_0001367",11,NA,"None",0,"aaccgcggttatacgaagggcccaagttgattagaaacggcgtagagggtggttaaaatatattaaaactaaagctgaattccttcaagactgtcatacgtttctgaggagaagaacccctatcacgaaagtagctttaacactttgactccacgaaagctgtgaaa",NA,NA,NA,NA,NA,NA,NA,NA,NA,0,NA,NA,NA,NA,NA,NA,NA,NA,NA,"local",FALSE,NA,NA,NA,NA,NA,NA,NA,NA,NA,NA,NA,NA,NA,NA,NA,NA,NA,NA,NA
"MiFish_0001368",12,NA,"None",0,"caccgcggttatacgagagactcaagctgataatcgtcggcgtaaagtgtggttaagatatatttacactagagctgagtgccctcaaagctgttacacgccctcgaaggtaagaaacccaactacgaaagtgactctgctatatccgattccacgaaagctagggca",NA,NA,NA,NA,NA,NA,NA,NA,NA,0,NA,NA,NA,NA,NA,NA,NA,NA,NA,"local",FALSE,NA,NA,NA,NA,NA,NA,NA,NA,NA,NA,NA,NA,NA,NA,NA,NA,NA,NA,NA
"MiFish_0001369",12,NA,"None",0,"cgccgcggttatacgagatatggcccaagttgacagccttcggcgtaaagggtggttaagagaattaaaggaaaaaataaagccgaacacctctcctgctgttatacgcaatcggagataaagaagcccaatcacgaaagtagctttacttcccctcctgaacccacgaaagttataaca",NA,NA,NA,NA,NA,NA,NA,NA,NA,0,NA,NA,NA,NA,NA,NA,NA,NA,NA,"local",FALSE,NA,NA,NA,NA,NA,NA,NA,NA,NA,NA,NA,NA,NA,NA,NA,NA,NA,NA,NA
"MiFish_0001370",21,"['KF841444', 'LC645286']","166264",1,"caccgcggttatacgagaggctcaagttgacagacaacggcgtaaagagtggttaaggaaaatatttaactaaagcggaactccctcattgctgtcatacgcttccgagagaatgaaccccaactacgaaggtggctttataaaacctgaacccacgaaagctaagaaa","[166264]","Decapterus macrosoma","Eukaryota","Chordata","Actinopteri","Carangiformes","Carangidae","Decapterus","Decapterus macrosoma",100,"d:Eukaryota,p:Chordata,c:Actinopteri,o:Carangiformes,f:Carangidae,g:Decapterus,s:Decapterus_russelli","Eukaryota","Chordata","Actinopteri","Carangiformes","Carangidae","Decapterus","Decapterus russelli",95.3,"global",TRUE,100,"global_lca_to_local","Decapterus","Eukaryota","Chordata","Actinopteri","Carangiformes","Carangidae","Decapterus",NA,"Eukaryota","Chordata","Actinopteri","Carangiformes","Carangidae","Decapterus",NA,"genus","Decapterus"
"MiFish_0001371",16,NA,"None",0,"caccgcggttatacgagaggcccaagttgataagcccggcgtaaagagtggttatggatgaaccccacactaaagctaaagaccccctaggctgttatacacacctgggggctcgaaccacctacacgaaagtagctttactcccttccaccagaacccacgacagctggggca",NA,NA,NA,NA,NA,NA,NA,NA,NA,0,NA,NA,NA,NA,NA,NA,NA,NA,NA,"local",FALSE,NA,NA,NA,NA,NA,NA,NA,NA,NA,NA,NA,NA,NA,NA,NA,NA,NA,NA,NA
"MiFish_0001372",16,NA,"None",0,"agccgcggtaatacggtgggggcgagcgttatccggaatgactgggctgggcgcgtagatgggggtaaacatataacataaaaaccctcgagcataaccaccggaagggttgaattgggtgtggagaggtgtaattcttagatacactcaggacgaacactgccgaagggaaccccttaggttatagctgacattgaggcgcggaagcgtggggag",NA,NA,NA,NA,NA,NA,NA,NA,NA,0,NA,NA,NA,NA,NA,NA,NA,NA,NA,"local",FALSE,NA,NA,NA,NA,NA,NA,NA,NA,NA,NA,NA,NA,NA,NA,NA,NA,NA,NA,NA
"MiFish_0001373",10,NA,"None",0,"agccgcggtaatacggagggtgcaagcgttaatcggaattactgggcgtaaagcgcgcgtaggcggttttttaagtcgaatgtgaaagccccgggctcaacctgggaactgcatccgatactggataactagaatgcgggagagggaggtagaattccatgtgtagcagtgaaatgcgtagatatatggaggaataccagtggcgaaggcggcctcctggctcgacattgacgctgaggtgcgaaagcgtggggag",NA,NA,NA,NA,NA,NA,NA,NA,NA,0,NA,NA,NA,NA,NA,NA,NA,NA,NA,"local",FALSE,NA,NA,NA,NA,NA,NA,NA,NA,NA,NA,NA,NA,NA,NA,NA,NA,NA,NA,NA
"MiFish_0001374",11,NA,"None",0,"agccgcggtaagacgaaggtggcaaccgttgttcggaattactgggcataaagagcacgtaggcggacgattaagtcgggtgtgaaatccctcggcccaaccgaggaactgcgcccgatactggtcatcttgagggcaggaggggagcgtggaattcctggtggagcggtgaaatgcgttgatatcaggaggaacaccggcggcgaaggcgacgctctggcctgcttctgacgctgaggtgcgaaagccaggggag",NA,NA,NA,NA,NA,NA,NA,NA,NA,0,NA,NA,NA,NA,NA,NA,NA,NA,NA,"local",FALSE,NA,NA,NA,NA,NA,NA,NA,NA,NA,NA,NA,NA,NA,NA,NA,NA,NA,NA,NA
"MiFish_0001375",16,NA,"None",0,"agccgcggtaatacaggggacgcaagttttattcggaatcattgggcgtaaagcgtctgcaggttgacataaaagtcttttgttaaatatcagagctcaactcggaatctgcaaaagatactatatgtcttgagtatggtagaggtagggggaatttccagtggagcggtgaaatgcgtagatattggaaagaacaccgacagcgaaggcaccctactgggccattactgacactcagagacgaaagctaggggag",NA,NA,NA,NA,NA,NA,NA,NA,NA,0,NA,NA,NA,NA,NA,NA,NA,NA,NA,"local",FALSE,NA,NA,NA,NA,NA,NA,NA,NA,NA,NA,NA,NA,NA,NA,NA,NA,NA,NA,NA
"MiFish_0001376",11,"['MW232430', 'MW232431', 'OP537847', 'OU343215', 'OU607616', 'GU256525', 'GU256528', 'JN086150', 'JN086152', 'JN086153', 'KM405517', 'KM588080', 'KP259550', 'KT724724', 'KU955343', 'KU955344', 'KY400011']","8234",0.994047619047619,"caccgcggttatacgagaggcccaagttgacagacaccggcgtaaagcgtggttaaggtacacgaaaattaaagccgaacaccttcagggcagttatacgcatccgaaggcacgaagccccaccacgaaagtggctttatgaaccctgaccccacgaaagctatgaca","[48169, 8236, 8240, 8241, 48168]","Thunnus","Eukaryota","Chordata","Actinopteri","Scombriformes","Scombridae","Thunnus",NA,99.4,"d:Eukaryota,p:Chordata,c:Actinopteri,o:Scombriformes,f:Scombridae,g:Thunnus,s:Thunnus_albacares","Eukaryota","Chordata","Actinopteri","Scombriformes","Scombridae","Thunnus","Thunnus albacares",99.4,"local",FALSE,99.4,"local","Thunnus albacares","Eukaryota","Chordata","Actinopteri","Scombriformes","Scombridae","Thunnus","Thunnus albacares","Eukaryota","Chordata","Actinopteri","Scombriformes","Scombridae","Thunnus","Thunnus albacares","species","Thunnus albacares"
"MiFish_0001377",13,NA,"None",0,"agccgcggtaatacaggggtcgcaagttttattcggaatcattgggcgtaaagcgtctgcaggttgacataaaagtcttttgttaaatatcagagctcaactcggaatctgcaaaagatactatatgtcttgagtatggtagaggtagggggaatttccagtggagcggtgaaatgcgtagatattggaaagaacaccgatagcgaaggcaccctactgggccattactgacactcagagacgaaagctaggggag",NA,NA,NA,NA,NA,NA,NA,NA,NA,0,NA,NA,NA,NA,NA,NA,NA,NA,NA,"local",FALSE,NA,NA,NA,NA,NA,NA,NA,NA,NA,NA,NA,NA,NA,NA,NA,NA,NA,NA,NA
"MiFish_0001378",11,NA,"None",0,"agccgcggtaatacaggggatgcaagtgttatccggaattattgggcgtaaagcgtctgcaggttgatatgtaagtcttttgttaaaactttgagctcaactcaaattccgcaaaagaaactatttatcttgagtatggtagaggtaaagggaatttccagtggagcggtgaaatgcgtagatattggaaagaacaccaacagcgaaggcactttactgggccattactgacactcagagacgaaagctagggtag",NA,NA,NA,NA,NA,NA,NA,NA,NA,0,NA,NA,NA,NA,NA,NA,NA,NA,NA,"local",FALSE,NA,NA,NA,NA,NA,NA,NA,NA,NA,NA,NA,NA,NA,NA,NA,NA,NA,NA,NA
"MiFish_0001379",21,"['LC645306']","398654",0.964285714285714,"caccgcggctatacgagaggcccaagttgatagcacccggcgtaaagagtggttatggaaaattattactaaagccgcacaccttcaaagctgtcatacgcatccgaagaatagaagccccatcacgaaagtagctttacaaaacctgaccccgcgaaagctctggta","[398654]","Pontinus macrocephalus","Eukaryota","Chordata","Actinopteri","Perciformes","Scorpaenidae","Pontinus","Pontinus macrocephalus",96.4,NA,NA,NA,NA,NA,NA,NA,NA,NA,"global",FALSE,96.4,"global","Pontinus macrocephalus","Eukaryota","Chordata","Actinopteri","Perciformes","Scorpaenidae","Pontinus","Pontinus macrocephalus","Eukaryota","Chordata","Actinopteri","Perciformes","Scorpaenidae","Pontinus",NA,"genus","Pontinus"
"MiFish_0001380",29,NA,"None",0,"agccgcggtaatacggagggtgcaagcgttaatcggaattactgggcgtaaagcgcgcgtaggcggtttgttaagttggatgtgaaagcccagggctcaaccttggaactgcatccaaaactggcaggctagagtattgtagaggggtgtggaatttcaggtgtagcggtgaaatgcgtagagatctgaaggaacatcagtggcgaaggcgacaccctggacaaatactgacgctgaggtgcgaaagcgtggggag",NA,NA,NA,NA,NA,NA,NA,NA,NA,0,NA,NA,NA,NA,NA,NA,NA,NA,NA,"local",FALSE,NA,NA,NA,NA,NA,NA,NA,NA,NA,NA,NA,NA,NA,NA,NA,NA,NA,NA,NA
"MiFish_0001381",69,NA,"None",0,"caccgcggttatacgagaggcccaggtcgatagcctacggcgtaaagagtggttaagacacgcaattaattaaagccgaatgcccccaaagctgttatacgcttccggaggtaagaagaaccaccacgaaagtggctttatataatctgaacccacgaaagctagggaa",NA,NA,NA,NA,NA,NA,NA,NA,NA,0,NA,NA,NA,NA,NA,NA,NA,NA,NA,"local",FALSE,NA,NA,NA,NA,NA,NA,NA,NA,NA,NA,NA,NA,NA,NA,NA,NA,NA,NA,NA
"MiFish_0001382",26,"['MW338734', 'AB032554']","28380",0.988439306358382,"caccgcggttatacgagggaccctagttgatttaatcggcgtaaagagtggttatggagaataagaaactaaagccgaagacctcttaggccgtcatacgcacctagaggctcgaataacaaacacgaaagtagctttaccccttcctgccagaacccacgaaagctgggata","[28381, 41697]","Sardinops","Eukaryota","Chordata","Actinopteri","Clupeiformes","Clupeidae","Sardinops",NA,98.8,NA,NA,NA,NA,NA,NA,NA,NA,NA,"global",FALSE,98.8,"global","Sardinops","Eukaryota","Chordata","Actinopteri","Clupeiformes","Clupeidae","Sardinops",NA,"Eukaryota","Chordata","Actinopteri","Clupeiformes","Clupeidae","Sardinops",NA,"genus","Sardinops"
"MiFish_0001383",13,NA,"None",0,"agccgcggtaatacgtaggtggcaagcgttgtccggaattattgggcgtaaagggcgcgcaggcggcgtcgtaagtcggtcttaaaagtgcggggcttaaccccgtgaggggaccgaaactgcgatgctagagtatcggagaggaaagcggaattcctagtgtagcggtgaaatgcgtagatattaggaggaacaccagtggcgaaagcggctttctggacgacaactgacgctgaggcgcgaaagccaggggag",NA,NA,NA,NA,NA,NA,NA,NA,NA,0,NA,NA,NA,NA,NA,NA,NA,NA,NA,"local",FALSE,NA,NA,NA,NA,NA,NA,NA,NA,NA,NA,NA,NA,NA,NA,NA,NA,NA,NA,NA
"MiFish_0001384",34,NA,"None",0,"caccgcggttatacgagaggcccaagttgaccgacactcggcgtaaagagtggttaaaagaaccttaaactaaagccgaacgccctcactactgttatacgttttcgagggtaagaagccctactacgaaagtggctttactaacattgaccccacgaaagctgtgaaa",NA,NA,NA,NA,NA,NA,NA,NA,NA,0,NA,NA,NA,NA,NA,NA,NA,NA,NA,"local",FALSE,NA,NA,NA,NA,NA,NA,NA,NA,NA,NA,NA,NA,NA,NA,NA,NA,NA,NA,NA
"MiFish_0001385",98,"['JQ639067']","253938",0.97093023255814,"cgccgcggttacacgagaggtccaagttgacaaacaacggcgtaaagggtggttaagaacaaatataaactaaagccgaacagttcacaaagtcatcttcaagctaacgggaacatgaagccccactacgaaagtagctttacattaatctgaacccacgaaagctaaggaa","[253938]","Achirus lineatus","Eukaryota","Chordata","Actinopteri","Pleuronectiformes","Achiridae","Achirus","Achirus lineatus",97.1,NA,NA,NA,NA,NA,NA,NA,NA,NA,"global",FALSE,97.1,"global","Achirus lineatus","Eukaryota","Chordata","Actinopteri","Pleuronectiformes","Achiridae","Achirus","Achirus lineatus","Eukaryota","Chordata","Actinopteri","Pleuronectiformes","Achiridae",NA,NA,"family","Achiridae"
"MiFish_0001386",206,NA,"None",0,"agccgcggtaatacgaggggaacgagcattattcggaatgattaggcgtaaagggtttgtagatggttatataagttaaataataaagcataaagcttaactttataaaattatttaaaactacataactagagtatacataaaagataatggaatttttattggagagataaaatacgatgataataaaaagaaggtcaaaagcgaaggcaattatctgggtatatactgacattgagaaacgaaagcttgggtag",NA,NA,NA,NA,NA,NA,NA,NA,NA,0,NA,NA,NA,NA,NA,NA,NA,NA,NA,"local",FALSE,NA,NA,NA,NA,NA,NA,NA,NA,NA,NA,NA,NA,NA,NA,NA,NA,NA,NA,NA
"MiFish_0001387",43,"['MW630230', 'MW630237', 'OP035322']","36213",0.988165680473373,"caccgcggttatacgagaggctcaagttgatagacaacggcgtaaaaagtggttaaggaacttattaaactaaagccgaacgccctcagaactgttatacgtttccgaaggtaagaagccccaccacgaaagtgactttattttccccgactccacgaaagctgcggaa","[229087, 36217]","Abudefduf","Eukaryota","Chordata","Actinopteri",NA,"Pomacentridae","Abudefduf",NA,98.8,NA,NA,NA,NA,NA,NA,NA,NA,NA,"global",FALSE,98.8,"global","Abudefduf","Eukaryota","Chordata","Actinopteri",NA,"Pomacentridae","Abudefduf",NA,"Eukaryota","Chordata","Actinopteri",NA,"Pomacentridae","Abudefduf",NA,"genus","Abudefduf"
"MiFish_0001388",12,NA,"None",0,"aaccgcggttacacgtaatgcccaatccaaatgattcggtaaaaagatggccaccctaaatacagataaaaacccaatttttttcgagtcaaatcataaatctaaatataccataattatcaaaatttcccgccatgaaagctataac",NA,NA,NA,NA,NA,NA,NA,NA,NA,0,NA,NA,NA,NA,NA,NA,NA,NA,NA,"local",FALSE,NA,NA,NA,NA,NA,NA,NA,NA,NA,NA,NA,NA,NA,NA,NA,NA,NA,NA,NA
"MiFish_0001389",651,"['KX925517']","99346",1,"caccgcggttatacgagaggcccaagttgacaaactccggcgtaaagcgtggttaaggcacacccaaaaactaaagccgaatatcttcagagcagtcatacgcatccgaagacacgaagccccaccacgaaagtggctttatgacccctgaccccacgaaagctaggaca","[99346]","Scomberomorus sierra","Eukaryota","Chordata","Actinopteri","Scombriformes","Scombridae","Scomberomorus","Scomberomorus sierra",100,"d:Eukaryota,p:Chordata,c:Actinopteri,o:Scombriformes,f:Scombridae,g:Scomberomorus,s:Scomberomorus_concolor","Eukaryota","Chordata","Actinopteri","Scombriformes","Scombridae","Scomberomorus","Scomberomorus concolor",98.8,"global",TRUE,100,"global_lca_to_local","Scomberomorus","Eukaryota","Chordata","Actinopteri","Scombriformes","Scombridae","Scomberomorus",NA,"Eukaryota","Chordata","Actinopteri","Scombriformes","Scombridae","Scomberomorus",NA,"genus","Scomberomorus"
"MiFish_0001390",42,NA,"None",0,"gggacgataagacctataaaacttaactttaatagttattttttgattgtacaagtttaaatggggactttggagtataataataacttattgaccttatttttactatatttgtgaagcta",NA,NA,NA,NA,NA,NA,NA,NA,NA,0,NA,NA,NA,NA,NA,NA,NA,NA,NA,"local",FALSE,NA,NA,NA,NA,NA,NA,NA,NA,NA,NA,NA,NA,NA,NA,NA,NA,NA,NA,NA
"MiFish_0001391",13,NA,"None",0,"gggacgataagacctatagagctttaccttacatttgtataagttccaagttaaaggtttagttggggcaactagagagaagctaaaacctctcttttcttataagatccgctatcgcgaaaagtagaaaaagcta",NA,NA,NA,NA,NA,NA,NA,NA,NA,0,NA,NA,NA,NA,NA,NA,NA,NA,NA,"local",FALSE,NA,NA,NA,NA,NA,NA,NA,NA,NA,NA,NA,NA,NA,NA,NA,NA,NA,NA,NA
"MiFish_0001392",10,NA,"None",0,"gggacgataagccctataaaacttaactttaatagttattttttgattgtacaagtttaaatggggactttggagtataataataacttattgaccttatttttactatatttgtgaagcta",NA,NA,NA,NA,NA,NA,NA,NA,NA,0,NA,NA,NA,NA,NA,NA,NA,NA,NA,"local",FALSE,NA,NA,NA,NA,NA,NA,NA,NA,NA,NA,NA,NA,NA,NA,NA,NA,NA,NA,NA
"MiFish_0001393",18,NA,"None",0,"gggacgatagaccctataaaacttaactttaatagttattttttgattgtacaagtttaaatggggactttggagtataataataacttattgaccttatttttactatatttgtgaagcta",NA,NA,NA,NA,NA,NA,NA,NA,NA,0,NA,NA,NA,NA,NA,NA,NA,NA,NA,"local",FALSE,NA,NA,NA,NA,NA,NA,NA,NA,NA,NA,NA,NA,NA,NA,NA,NA,NA,NA,NA
"MiFish_0001394",138,NA,"None",0,"agccgcggtaagacggaggatgcaagtgttatccggaatcactgggcgtaaagcgtctgtaggtggtttaataagtcggctgttaaatcttgaggcttaacttcaaaactgcagtcgaaactattagactagagtatagtaggggtaaagggaatttccagtggagcggtgaaatgcgtagatattggaaagaacaccgatggcgaaggcactttactgggctattactgacactcagagacgaaagctagggtag",NA,NA,NA,NA,NA,NA,NA,NA,NA,0,NA,NA,NA,NA,NA,NA,NA,NA,NA,"local",FALSE,NA,NA,NA,NA,NA,NA,NA,NA,NA,NA,NA,NA,NA,NA,NA,NA,NA,NA,NA
"MiFish_0001395",163,NA,"None",0,"caccgcggttatacgagaggcccaagttgataatatccggcgtaaagtgtggttaaggaaccccaacaactagactaaagtcgaacgcccccaaagccgttatacgcacctggcggcatgaagcacaattacaaaagtagctttaacatcttcccgaacccacgaaatctaagaca",NA,NA,NA,NA,NA,NA,NA,NA,NA,0,NA,NA,NA,NA,NA,NA,NA,NA,NA,"local",FALSE,NA,NA,NA,NA,NA,NA,NA,NA,NA,NA,NA,NA,NA,NA,NA,NA,NA,NA,NA
"MiFish_0001396",55,NA,"None",0,"caccgcggttatacgagagactcaagctgacaatcaccggcgtaaagagtggttaatttaaccaaaaaataaagccgaacgcccccaaagttgtattacgcattcgggggtacgaagcccaatcacgaaagtggctttacactctttgaacccacgagagctagggaa",NA,NA,NA,NA,NA,NA,NA,NA,NA,0,NA,NA,NA,NA,NA,NA,NA,NA,NA,"local",FALSE,NA,NA,NA,NA,NA,NA,NA,NA,NA,NA,NA,NA,NA,NA,NA,NA,NA,NA,NA
"MiFish_0001397",16,NA,"None",0,"acccgcggtaatacgaagggggcaagtgttattcttcttgactgggcgtaaagtgtccgtaggctgttttttcggtttaaggaagcagtttcaggcctaaccggaaatttttttttatacgtaaaaacttagagtatcgtggaagttagtagaattcttaatatagggatggaatcctgttatattaagaggaatctcggtggtgaagacgactaactatttgatactgacgctcaggggctaaagcatgggtag",NA,NA,NA,NA,NA,NA,NA,NA,NA,0,NA,NA,NA,NA,NA,NA,NA,NA,NA,"local",FALSE,NA,NA,NA,NA,NA,NA,NA,NA,NA,NA,NA,NA,NA,NA,NA,NA,NA,NA,NA
"MiFish_0001398",697,NA,"None",0,"caccgcggttatacgagaggcccaagttgatatccatcggcgtaaagagtggttaaggccagatcaaaaataaagccgaacgccctcaagactgtcatacgtgttcgagggtaagaagttcaacaacgaaagtgactttattcccctgaacccacgaaagctatggta",NA,NA,NA,NA,NA,NA,NA,NA,NA,0,NA,NA,NA,NA,NA,NA,NA,NA,NA,"local",FALSE,NA,NA,NA,NA,NA,NA,NA,NA,NA,NA,NA,NA,NA,NA,NA,NA,NA,NA,NA
"MiFish_0001399",33,"['OP537881', 'OP537882', 'OP537883']","411572",0.982558139534884,"caccgcggttatacgagagaccctagttgataaaagcggcgtaaagagtggttatggacttttttcttaaagtggaaaacctctcaaactgttatacgcacccagaagttgaaaccccttacacgaaagtgactttatcttcgcccaccagaacccacgaaagctgggaca","[411572]","Anchoa hepsetus","Eukaryota","Chordata","Actinopteri","Clupeiformes","Engraulidae","Anchoa","Anchoa hepsetus",98.3,NA,NA,NA,NA,NA,NA,NA,NA,NA,"global",FALSE,98.3,"global","Anchoa hepsetus","Eukaryota","Chordata","Actinopteri","Clupeiformes","Engraulidae","Anchoa","Anchoa hepsetus","Eukaryota","Chordata","Actinopteri","Clupeiformes","Engraulidae","Anchoa",NA,"genus","Anchoa"
"MiFish_0001400",361,NA,"None",0,"caccgcggtcatacgattaacccaagctaacaggagtacggcgtaaaacgtgttaaagcaccataccaaatagggttaaattctaactaagctgtaaaaagccatgattaaaataaaaataaatgacgaaagtgaccctacaatagccgacgcactatagctaagacc",NA,NA,NA,NA,NA,NA,NA,NA,NA,0,NA,NA,NA,NA,NA,NA,NA,NA,NA,"local",FALSE,NA,NA,NA,NA,NA,NA,NA,NA,NA,NA,NA,NA,NA,NA,NA,NA,NA,NA,NA
"MiFish_0001401",21,NA,"None",0,"agccgcggtaacacgtagggaccgagcgttgtccggatttattgggcgtaaagagctcgtaggcggttctgtaagtcggatgtgaaaactcagggctcaaccctgagacgccatctgatactgcagtgactagagtccggtagaggaagatggaattcctggtgtagcggtggaatgcgcagatatcaggaggaacaccaatggcgaaggcagtcttctgggccggtactgacgctgaggagcgaaagcatggggag",NA,NA,NA,NA,NA,NA,NA,NA,NA,0,NA,NA,NA,NA,NA,NA,NA,NA,NA,"local",FALSE,NA,NA,NA,NA,NA,NA,NA,NA,NA,NA,NA,NA,NA,NA,NA,NA,NA,NA,NA
"MiFish_0001402",12,NA,"None",0,"agccgcggtaatacggagggtgcaagcgttaatcggaattactgggcgtaaagcgcgcgtaggcggttttttaagtcggatgtgaaagccccgggctcaacctgggaactgcatccgatactggatgactagaatgcgggagagggaggtagaattccatgtgtagcagtgaaatgcgtagatatatggaggaataccagtggcgaaggcggcctcctggctcgacattgacgctgaggtgcgaaagcgtggggaa",NA,NA,NA,NA,NA,NA,NA,NA,NA,0,NA,NA,NA,NA,NA,NA,NA,NA,NA,"local",FALSE,NA,NA,NA,NA,NA,NA,NA,NA,NA,NA,NA,NA,NA,NA,NA,NA,NA,NA,NA
"MiFish_0001403",67,"['KX925517']","99346",0.994117647058824,"caccgcggttatacgagaggcccaagttgacaaactccggcgtaaagcgtggttaaggtacacccaaaaactaaagccgaatatcttcagagcagtcatacgcatccgaagacacgaagccccaccacgaaagtggctttatgacccctgaccccacgaaagctaggaca","[99346]","Scomberomorus sierra","Eukaryota","Chordata","Actinopteri","Scombriformes","Scombridae","Scomberomorus","Scomberomorus sierra",99.4,"d:Eukaryota,p:Chordata,c:Actinopteri,o:Scombriformes,f:Scombridae,g:Scomberomorus,s:Scomberomorus_concolor","Eukaryota","Chordata","Actinopteri","Scombriformes","Scombridae","Scomberomorus","Scomberomorus concolor",98.2,"global",TRUE,99.4,"global_lca_to_local","Scomberomorus","Eukaryota","Chordata","Actinopteri","Scombriformes","Scombridae","Scomberomorus",NA,"Eukaryota","Chordata","Actinopteri","Scombriformes","Scombridae","Scomberomorus",NA,"genus","Scomberomorus"
"MiFish_0001404",94,NA,"None",0,"caccgcggttaaacgagaaagcccaagttgataatatacggcgcaaagggtggttaagagaaataaaaactaaagttgaactaactcattaccctgataagcccacatgaaaaaatgaagcccaaccacgaaagtgactttaattgatccgaacccacgaaagctaagaaa",NA,NA,NA,NA,NA,NA,NA,NA,NA,0,NA,NA,NA,NA,NA,NA,NA,NA,NA,"local",FALSE,NA,NA,NA,NA,NA,NA,NA,NA,NA,NA,NA,NA,NA,NA,NA,NA,NA,NA,NA
"MiFish_0001405",14,NA,"None",0,"agccgcggtaatacggagggtgcaaacgttgttcggaatcactgggcataaagagcacgtaggtggtctcgtcagtcaggtgtgaaagcccccggctcaaccggggaactgcatctgatactgcgagactcgagatcggtaggggtaagcggaactccaggtggagcggtgaaatgcgtagagatctggaggaacaccggtggcgaaagcggcttactggaccgattctgacactgaggtgcgaaagccaggggag",NA,NA,NA,NA,NA,NA,NA,NA,NA,0,NA,NA,NA,NA,NA,NA,NA,NA,NA,"local",FALSE,NA,NA,NA,NA,NA,NA,NA,NA,NA,NA,NA,NA,NA,NA,NA,NA,NA,NA,NA
"MiFish_0001406",13,NA,"None",0,"agccgcggtaatacggagggtccaagcgttatccggaatcattgggtttaaagggtccgtaggcgggctaataagtcagaggtgaaagtttgcagctcaactgtaaaattgcctttgatactgttagtcttgagttatagtgaagtggttagaataagtggtgtagcggtgaaatgcatagatatcacttagaataccgattgcgaaggcagatcactaactgtatactgacgctgagggacgaaagcatgggtag",NA,NA,NA,NA,NA,NA,NA,NA,NA,0,NA,NA,NA,NA,NA,NA,NA,NA,NA,"local",FALSE,NA,NA,NA,NA,NA,NA,NA,NA,NA,NA,NA,NA,NA,NA,NA,NA,NA,NA,NA
"MiFish_0001407",296,NA,"None",0,"caccgcggttatacgagaggctcaaattgatgacccacggcgtaaagcgtggctagagacaagaaatactaaagccgaacctcccctcaactgttatacgttcaagggaacatgaagccccacaacgaaagtggctttaacctaaagtcttgaccccacgaaagctaagaaa",NA,NA,NA,NA,NA,NA,NA,NA,NA,0,NA,NA,NA,NA,NA,NA,NA,NA,NA,"local",FALSE,NA,NA,NA,NA,NA,NA,NA,NA,NA,NA,NA,NA,NA,NA,NA,NA,NA,NA,NA
"MiFish_0001408",115,NA,"None",0,"taccgcggttatacgagaggctcaagttgacagaccccggcgtaaagagtggttaagaccacaaacccaaacactaaagccgaactacctcaaagctgttatacgcatccgaaagttagaagtacaactacgaaggtggctttaatttacctgaacccacgaaagcaaagaca",NA,NA,NA,NA,NA,NA,NA,NA,NA,0,NA,NA,NA,NA,NA,NA,NA,NA,NA,"local",FALSE,NA,NA,NA,NA,NA,NA,NA,NA,NA,NA,NA,NA,NA,NA,NA,NA,NA,NA,NA
"MiFish_0001409",223,NA,"None",0,"caccgcggttatacgatgaagcccaagttgttaatacacggcgtaaagggtggttaaggtatacaacaaactaaagtcgaacactcacaaagctgttatacgcaaccgagagtaagaagcccatccacgaaagtaactttacattatctgaatccacgtaagctaaggca",NA,NA,NA,NA,NA,NA,NA,NA,NA,0,NA,NA,NA,NA,NA,NA,NA,NA,NA,"local",FALSE,NA,NA,NA,NA,NA,NA,NA,NA,NA,NA,NA,NA,NA,NA,NA,NA,NA,NA,NA
"MiFish_0001410",20,"['KF374976']","48193",0.988304093567252,"caccgcggttatacgaaagacccaagctgatagatgccggcgtaaagagtggttaagtatcttgatagaactaaagccgaacgccctcaagaccgttatacgtttccgaaggtatgaagctcaactacgaaagtaactttaactatatctgattccacgaaagccgcgaaa","[48193]","Mugil cephalus","Eukaryota","Chordata","Actinopteri","Mugiliformes","Mugilidae","Mugil","Mugil cephalus",98.8,"d:Eukaryota,p:Chordata,c:Actinopteri,o:Mugiliformes,f:Mugilidae,g:Mugil,s:Mugil_cephalus","Eukaryota","Chordata","Actinopteri","Mugiliformes","Mugilidae","Mugil","Mugil cephalus",98.8,"local",FALSE,98.8,"local","Mugil cephalus","Eukaryota","Chordata","Actinopteri","Mugiliformes","Mugilidae","Mugil","Mugil cephalus","Eukaryota","Chordata","Actinopteri","Mugiliformes","Mugilidae","Mugil","Mugil cephalus","species","Mugil cephalus"
"MiFish_0001411",132,NA,"None",0,"caccgcggttatacgagagacccaagttgatagaccccggcgtaaagagtggttaagattttttttatacttaaagccgaacgccctcaaagcagttatacgcacccgagggtaagaagcccaatcacgaaagtggctttattacccctgactccacgaaagctaaggaa",NA,NA,NA,NA,NA,NA,NA,NA,NA,0,NA,NA,NA,NA,NA,NA,NA,NA,NA,"local",FALSE,NA,NA,NA,NA,NA,NA,NA,NA,NA,NA,NA,NA,NA,NA,NA,NA,NA,NA,NA
"MiFish_0001412",81,NA,"None",0,"caccgcggttatacgagaggcccaagttgacataacacggcgtaaagagtggttaatgaattccccactaaagtcgaacaccttccaggctgttatacgcacctgaaggcaggaagctctgccacgaaagtgactttaatttacatgaccccacgaaagctagggaa",NA,NA,NA,NA,NA,NA,NA,NA,NA,0,NA,NA,NA,NA,NA,NA,NA,NA,NA,"local",FALSE,NA,NA,NA,NA,NA,NA,NA,NA,NA,NA,NA,NA,NA,NA,NA,NA,NA,NA,NA
"MiFish_0001413",489,NA,"None",0,"caccgcggttatacgaggggcccaaatcgacgccccaccggcgtaaagtgtggttagaggaaacctcaaactggagccaaacagcccctatgctgtcatacgctaatggggccaacgaagaccaacaacgaaagtggctctataacccttgaactcacgacagccaggcca",NA,NA,NA,NA,NA,NA,NA,NA,NA,0,NA,NA,NA,NA,NA,NA,NA,NA,NA,"local",FALSE,NA,NA,NA,NA,NA,NA,NA,NA,NA,NA,NA,NA,NA,NA,NA,NA,NA,NA,NA
"MiFish_0001414",70,NA,"None",0,"caccgcggttatacgagaggcccaaatcgacgctccatcggcgtaaagtgtgattagagaaacttatagactaaagccaaaggttccttatgctgtcatacgctaatgggacgcacgaagcccaactacgaaagtggctttaagacacttgaactcacgacagctagacca",NA,NA,NA,NA,NA,NA,NA,NA,NA,0,NA,NA,NA,NA,NA,NA,NA,NA,NA,"local",FALSE,NA,NA,NA,NA,NA,NA,NA,NA,NA,NA,NA,NA,NA,NA,NA,NA,NA,NA,NA
"MiFish_0001415",850,NA,"None",0,"caccgcggttatacgaggggcccaaattgatactccatcggcgtaaagtgtgattaaagaaagttatatattaaagccgaatattccttatgctgtcatacgctaattggatacaagaagctcaactacgaaggtggctttatgacacttgaactcacgacagccagaaca",NA,NA,NA,NA,NA,NA,NA,NA,NA,0,NA,NA,NA,NA,NA,NA,NA,NA,NA,"local",FALSE,NA,NA,NA,NA,NA,NA,NA,NA,NA,NA,NA,NA,NA,NA,NA,NA,NA,NA,NA
"MiFish_0001416",59,NA,"None",0,"caccgcggttatacgagaggcccaagttgaccgacactcggcgtaaagagtggttaaaagaaccttaaactaaagccgaacgccctcactactgttatacgttttcgagggtaagaagccctactacgaaagtggctttactatcattgaccccacgaaagctgtgaaa",NA,NA,NA,NA,NA,NA,NA,NA,NA,0,NA,NA,NA,NA,NA,NA,NA,NA,NA,"local",FALSE,NA,NA,NA,NA,NA,NA,NA,NA,NA,NA,NA,NA,NA,NA,NA,NA,NA,NA,NA
"MiFish_0001417",454,NA,"None",0,"caccgcggttatacgaggggcccaaattgatactctatcggcgtaaagtgtgattaaagaaaattatatattaaagccgaatattccttatgctgtcatacgctaattggatccaagaagctcaactacgaaggtggctttataacacttgaactcacgacagccagaaca",NA,NA,NA,NA,NA,NA,NA,NA,NA,0,NA,NA,NA,NA,NA,NA,NA,NA,NA,"local",FALSE,NA,NA,NA,NA,NA,NA,NA,NA,NA,NA,NA,NA,NA,NA,NA,NA,NA,NA,NA
"MiFish_0001418",36,NA,"None",0,"caccgcggttatacgaggggcccaaattgatgctctatcggcgtaaagtgtgattaaagaaaattatatattaaagccgaatattccttatgctgtcatacgctaattggatccaagaagctcaactacgaaggtggctttataacacttgaactcacgacagccagaaca",NA,NA,NA,NA,NA,NA,NA,NA,NA,0,NA,NA,NA,NA,NA,NA,NA,NA,NA,"local",FALSE,NA,NA,NA,NA,NA,NA,NA,NA,NA,NA,NA,NA,NA,NA,NA,NA,NA,NA,NA
"MiFish_0001419",391,NA,"None",0,"caccgcggttatacgaggggcccaaattgatactctatcggcgtaaagtgtgattaaagaaaattatgtattaaagccgaatattccttatgctgtcatacgctaattggatccaagaagctcaactacgaaggtggctttataacacttgaactcacgacagccagaaca",NA,NA,NA,NA,NA,NA,NA,NA,NA,0,NA,NA,NA,NA,NA,NA,NA,NA,NA,"local",FALSE,NA,NA,NA,NA,NA,NA,NA,NA,NA,NA,NA,NA,NA,NA,NA,NA,NA,NA,NA
"MiFish_0001420",79,NA,"None",0,"caccgcggttatacgagagacccaaattgatggattaccggcgtaaagtgtgattaaaggtaaatttagactaaagccgaacgccccctatgctgtcatacgctaaggaggacacgaagcccaacaacgaaggtggctttaacagtctcgaactcacgacagctaagata",NA,NA,NA,NA,NA,NA,NA,NA,NA,0,NA,NA,NA,NA,NA,NA,NA,NA,NA,"local",FALSE,NA,NA,NA,NA,NA,NA,NA,NA,NA,NA,NA,NA,NA,NA,NA,NA,NA,NA,NA
"MiFish_0001421",166,NA,"None",0,"caccgcggttatacgagagacccaaattgatgaattaccggcgtaaagtgtgattaaaggtaaacttagactaaagccgaacgccccccatgctgtcatacgctaaggaggacacgaagcccagcaacgaaggtggctttaacagtctcgaactcacgacagctaagata",NA,NA,NA,NA,NA,NA,NA,NA,NA,0,NA,NA,NA,NA,NA,NA,NA,NA,NA,"local",FALSE,NA,NA,NA,NA,NA,NA,NA,NA,NA,NA,NA,NA,NA,NA,NA,NA,NA,NA,NA
"MiFish_0001422",96,NA,"None",0,"cactgtggccatacaatgaacccaagctatacaattaacccaagctaatagaactcagcgtaaagagtgtttaagatctgccctcaataaagctaaactccatttaagttgtaaaaaacttaggctgaaataaaacatactacgaatgtggctttaatatcctgaagacacgacagctaagatc",NA,NA,NA,NA,NA,NA,NA,NA,NA,0,NA,NA,NA,NA,NA,NA,NA,NA,NA,"local",FALSE,NA,NA,NA,NA,NA,NA,NA,NA,NA,NA,NA,NA,NA,NA,NA,NA,NA,NA,NA
"MiFish_0001423",11,"['JX242934']","1232744",0.982248520710059,"aaccgcggttatacgagaggcccaaattgacacaccacggcgtaaagtgtgattagaggtaaacaagaactagggccgaacgccccccatgctgtcatacgcaacggaggacacgaagcccaccaacgaaagtggccctataaaccttggactcacgacagctaaggta","[1232744]","Muraena lentiginosa","Eukaryota","Chordata","Actinopteri","Anguilliformes","Muraenidae","Muraena","Muraena lentiginosa",98.2,NA,NA,NA,NA,NA,NA,NA,NA,NA,"global",FALSE,98.2,"global","Muraena lentiginosa","Eukaryota","Chordata","Actinopteri","Anguilliformes","Muraenidae","Muraena","Muraena lentiginosa","Eukaryota","Chordata","Actinopteri","Anguilliformes","Muraenidae","Muraena","Muraena lentiginosa","species","Muraena lentiginosa"
"MiFish_0001424",82,NA,"None",0,"caccgcggttatacgagagacccaaattgatgaattaccggcgtaaagtgtgattaaaggtaaatttaaactaaagccgaacgccccctatgctgtcatacgctaaggaggacacgaagcccagcaacgaaggtggctttaacagtctcgaactcacgacagctaagata",NA,NA,NA,NA,NA,NA,NA,NA,NA,0,NA,NA,NA,NA,NA,NA,NA,NA,NA,"local",FALSE,NA,NA,NA,NA,NA,NA,NA,NA,NA,NA,NA,NA,NA,NA,NA,NA,NA,NA,NA
"MiFish_0001425",131,NA,"None",0,"caccgcggttatacgagagacccgaattgatggattaccggcgtaaagtgtgattaaaggtaaatttagactaaagccgaacgccccctatgctgtcatacgctaaggaggacacgaagcccaacaacgaaggtggctttaacagtcttgaactcacgacagctaagata",NA,NA,NA,NA,NA,NA,NA,NA,NA,0,NA,NA,NA,NA,NA,NA,NA,NA,NA,"local",FALSE,NA,NA,NA,NA,NA,NA,NA,NA,NA,NA,NA,NA,NA,NA,NA,NA,NA,NA,NA
"MiFish_0001426",46,"['OP035329', 'AY700239', 'KT600939', 'KT600966']","31024",0.994152046783626,"caccgcggttatacgagaggcccaagttgatagccaccggcgtaaagagtggttaagaaatttataacaaattagagtcgaacgctttcaaggctgttatacgcacccgaaagtaagaagcacgacaacgaaagtgactctattaattccgaacccacgaaagctaaggta","[303686, 882191]","Balistidae","Eukaryota","Chordata","Actinopteri","Tetraodontiformes","Balistidae",NA,NA,99.4,NA,NA,NA,NA,NA,NA,NA,NA,NA,"global",FALSE,99.4,"global","Balistidae","Eukaryota","Chordata","Actinopteri","Tetraodontiformes","Balistidae",NA,NA,"Eukaryota","Chordata","Actinopteri","Tetraodontiformes","Balistidae",NA,NA,"family","Balistidae"
"MiFish_0001427",33,NA,"None",0,"cgccgcggttacacgagaggctcacgttgataaccccggcgtaaagcgtggttaagaaatataatactaaagccgaacatcttcaaagctgtcatacgcactcgaagaaaagaagaccctcacgaaagtagctttaaaacctctgaacccacgaaaattaggata",NA,NA,NA,NA,NA,NA,NA,NA,NA,0,NA,NA,NA,NA,NA,NA,NA,NA,NA,"local",FALSE,NA,NA,NA,NA,NA,NA,NA,NA,NA,NA,NA,NA,NA,NA,NA,NA,NA,NA,NA
"MiFish_0001428",68,NA,"None",0,"caccgcggttatacgagagacccgaattgatgaattaccggcgtaaagtgtgattaaaggtaaatttagactaaagccgaacgccccctatgctgtcatacgctaaggaggacacgaagcccaacaacgaaggtggctttaacaatcttgaactcacgacagctaagata",NA,NA,NA,NA,NA,NA,NA,NA,NA,0,NA,NA,NA,NA,NA,NA,NA,NA,NA,"local",FALSE,NA,NA,NA,NA,NA,NA,NA,NA,NA,NA,NA,NA,NA,NA,NA,NA,NA,NA,NA
"MiFish_0001429",68,NA,"None",0,"caccgcggttatacgaggggcccaaatcgacgccccaccggcgtaaagtgtggttagaggaaacctcaaactggagccaaacagcccctatgctgtcatacgctaatgggaccaacgaagaccaacaacgaaagtggctctataacccttgaactcacgacagccaggcca",NA,NA,NA,NA,NA,NA,NA,NA,NA,0,NA,NA,NA,NA,NA,NA,NA,NA,NA,"local",FALSE,NA,NA,NA,NA,NA,NA,NA,NA,NA,NA,NA,NA,NA,NA,NA,NA,NA,NA,NA
"MiFish_0001430",166,NA,"None",0,"caccgcggttatacgagaggcccaagttgaccgacactcggcgtaaagagtggttaaaagaacctaaaactaaagccgaacgccctcactactgttatacgttttcgagggtaagaagccctactacgaaagtggctttattaacattgaccccacgaaagctgtgaaa",NA,NA,NA,NA,NA,NA,NA,NA,NA,0,NA,NA,NA,NA,NA,NA,NA,NA,NA,"local",FALSE,NA,NA,NA,NA,NA,NA,NA,NA,NA,NA,NA,NA,NA,NA,NA,NA,NA,NA,NA
"MiFish_0001431",32,NA,"None",0,"caccgcggttatacgagagactcaagctgataatcgtcggcgtaaagtgtggttaagatatatttacactagagctgaatgccctcaaagctgttacacgccctcgaaagtaagaaacccaactacgaaagtgactctgctatatccgattccacgaaagctagggca",NA,NA,NA,NA,NA,NA,NA,NA,NA,0,NA,NA,NA,NA,NA,NA,NA,NA,NA,"local",FALSE,NA,NA,NA,NA,NA,NA,NA,NA,NA,NA,NA,NA,NA,NA,NA,NA,NA,NA,NA
"MiFish_0001432",29,"['KF374976']","48193",0.988304093567252,"caccgcggttatacgaaagacccaagctgatagatgccggcgtaaagagtggttaagtatcttggtagaactaaagccgaacgccctcaagaccgttatacgtttccgaaggtatgaagctcaactacgaaagtaactttaactatatctgattccacgaaagctgcgaaa","[48193]","Mugil cephalus","Eukaryota","Chordata","Actinopteri","Mugiliformes","Mugilidae","Mugil","Mugil cephalus",98.8,"d:Eukaryota,p:Chordata,c:Actinopteri,o:Mugiliformes,f:Mugilidae,g:Mugil,s:Mugil_cephalus","Eukaryota","Chordata","Actinopteri","Mugiliformes","Mugilidae","Mugil","Mugil cephalus",98.8,"local",FALSE,98.8,"local","Mugil cephalus","Eukaryota","Chordata","Actinopteri","Mugiliformes","Mugilidae","Mugil","Mugil cephalus","Eukaryota","Chordata","Actinopteri","Mugiliformes","Mugilidae","Mugil","Mugil cephalus","species","Mugil cephalus"
"MiFish_0001433",17,NA,"None",0,"agccgcggtaatacgggaggggcaagcgttatctggaattattgggcgtaaagagtccgtaggctgtattataagttatttgttaaaacctaaaacctaattttagaaaagcaattaaaactattatactagagttttaaatagaaaagcagaatttcatgtcgaggattctctgtagacacatgaaggaatatcactagtgaagacagctttttaagaaaaactgacgctgagggacgaaagtgtaggtag",NA,NA,NA,NA,NA,NA,NA,NA,NA,0,NA,NA,NA,NA,NA,NA,NA,NA,NA,"local",FALSE,NA,NA,NA,NA,NA,NA,NA,NA,NA,NA,NA,NA,NA,NA,NA,NA,NA,NA,NA
"MiFish_0001434",16,"['OP035157']","482919",0.976331360946746,"caccgcggttatacgagaggcccaagctgataatcatcggcgtaaagggtggttagggttaattgaagactaaagccgaaagccctcacagctgttatacgcactcgagggtaagaagcccaactacgaaagtggctttacaatatccgaacccaagaaagctagggca","[482919]","Orthopristis chrysoptera","Eukaryota","Chordata","Actinopteri","Lutjaniformes","Haemulidae","Orthopristis","Orthopristis chrysoptera",97.6,NA,NA,NA,NA,NA,NA,NA,NA,NA,"global",FALSE,97.6,"global","Orthopristis chrysoptera","Eukaryota","Chordata","Actinopteri","Lutjaniformes","Haemulidae","Orthopristis","Orthopristis chrysoptera","Eukaryota","Chordata","Actinopteri","Lutjaniformes","Haemulidae","Orthopristis",NA,"genus","Orthopristis"
"MiFish_0001435",67,"['JX242934']","1232744",0.971098265895954,"aaccgcggttatacgagaggcccaaattgacacaccacggcgtaaagtgtgattagagataaacaagaactagggccgaacgccccccccccatgctgtcatacgcaacggaggacacgaagcccaccaacgaaagtggccctataaaccttgaactcacgacagctaaggta","[1232744]","Muraena lentiginosa","Eukaryota","Chordata","Actinopteri","Anguilliformes","Muraenidae","Muraena","Muraena lentiginosa",97.1,NA,NA,NA,NA,NA,NA,NA,NA,NA,"global",FALSE,97.1,"global","Muraena lentiginosa","Eukaryota","Chordata","Actinopteri","Anguilliformes","Muraenidae","Muraena","Muraena lentiginosa","Eukaryota","Chordata","Actinopteri","Anguilliformes","Muraenidae","Muraena","Muraena lentiginosa","species","Muraena lentiginosa"
"MiFish_0001436",14,NA,"None",0,"agccgcggtcatacgtaggatccaagcgttatccggaattactgggcgtaaagagttgcgtaggtggcatattaagtggagcgtgaaagcatgtggctcaaccatattgttgcgttccaaactgataagctagaggacgagagaggtcattggaattcccagtgtaggagtgaaatccgtagatattgggaggaacaccgatggcgtaggcagatgactggctcgttcctgacactgaggcacgaaagcgtgggtag",NA,NA,NA,NA,NA,NA,NA,NA,NA,0,NA,NA,NA,NA,NA,NA,NA,NA,NA,"local",FALSE,NA,NA,NA,NA,NA,NA,NA,NA,NA,NA,NA,NA,NA,NA,NA,NA,NA,NA,NA
"MiFish_0001437",17,NA,"None",0,"cactgtggccatacaatgaacccaagctatacaattaacccaagctaatagaactcagcgtaaagagtgtttaagatctgccctcaataaagctaaactccatttaagtcgtaaaaaacttaggctgaaataaaacatactacgaatgtggctttaatatcctgaagacacgacagctaagatc",NA,NA,NA,NA,NA,NA,NA,NA,NA,0,NA,NA,NA,NA,NA,NA,NA,NA,NA,"local",FALSE,NA,NA,NA,NA,NA,NA,NA,NA,NA,NA,NA,NA,NA,NA,NA,NA,NA,NA,NA
"MiFish_0001438",11,NA,"None",0,"agccgcggtaatacgagaggggcaagtgttattcggaatgactaggcgtaaagcgcacataggctgttttttaagttgaaatttaaagtaggaagcttaacttctaaattggtttcaatactaataaactagagtaagaatagaggatagtggaatttttaataaagagttgaaattcgtcgacattagaaggaaggccaatggcgaaggcaactatctaggtcttaactgacgctgttgtgcgaaagcatggggag",NA,NA,NA,NA,NA,NA,NA,NA,NA,0,NA,NA,NA,NA,NA,NA,NA,NA,NA,"local",FALSE,NA,NA,NA,NA,NA,NA,NA,NA,NA,NA,NA,NA,NA,NA,NA,NA,NA,NA,NA
