"ASV_id","domain","phylum","class","order","family","genus","species"
"row_1","Eukaryota","Chordata","Mammalia","Artiodactyla",NA,NA,NA
"row_2","Eukaryota","Chordata","Actinopteri","Pleuronectiformes","Cyclopsettidae","Citharichthys","Citharichthys sordidus"
"row_3","Eukaryota","Chordata","Mammalia","Artiodactyla","Delphinidae",NA,NA
"row_4","Eukaryota","Chordata","Actinopteri","Clupeiformes","Engraulidae","Engraulis","Engraulis mordax"
"row_5","Eukaryota","Chordata","Mammalia",NA,NA,NA,NA
"row_6","Eukaryota","Chordata","Actinopteri","Gadiformes","Merlucciidae","Merluccius","Merluccius productus"
"row_7","Eukaryota","Chordata","Actinopteri","Lophiiformes","Oneirodidae","Oneirodes",NA
"row_8","Eukaryota","Chordata","Actinopteri","Perciformes","Sebastidae","Sebastes",NA
"row_9","Eukaryota","Chordata","Actinopteri","Myctophiformes","Myctophidae","Symbolophorus","Symbolophorus californiensis"
"row_10","Eukaryota","Chordata","Actinopteri","Scombriformes","Tetragonuridae","Tetragonurus","Tetragonurus cuvieri"
"row_11",NA,NA,NA,NA,NA,NA,NA
"row_12","Eukaryota","Chordata","Actinopteri","Clupeiformes","Engraulidae","Engraulis","Engraulis mordax"
"row_13","Eukaryota","Chordata","Actinopteri","Myctophiformes","Myctophidae","Symbolophorus","Symbolophorus californiensis"
"row_14",NA,NA,NA,NA,NA,NA,NA
"row_15","Eukaryota","Chordata","Actinopteri","Pleuronectiformes","Cyclopsettidae","Citharichthys","Citharichthys sordidus"
"row_16","Eukaryota","Chordata","Actinopteri","Clupeiformes","Engraulidae","Engraulis","Engraulis mordax"
"row_17","Eukaryota","Chordata","Mammalia",NA,NA,NA,NA
"row_18","Eukaryota","Chordata","Actinopteri","Pleuronectiformes","Pleuronectidae",NA,NA
"row_19","Eukaryota","Chordata","Actinopteri","Perciformes","Sebastidae","Sebastes",NA
"row_20","Eukaryota","Chordata","Actinopteri","Syngnathiformes","Syngnathidae","Syngnathus",NA
"row_21","Eukaryota","Chordata","Actinopteri","Clupeiformes","Engraulidae","Engraulis","Engraulis mordax"
"row_22","Eukaryota",NA,NA,NA,NA,NA,NA
"row_23","Eukaryota","Chordata","Actinopteri","Pleuronectiformes","Cyclopsettidae","Citharichthys","Citharichthys sordidus"
"row_24","Eukaryota","Chordata","Actinopteri","Clupeiformes","Engraulidae","Engraulis","Engraulis mordax"
"row_25","Eukaryota","Chordata","Mammalia",NA,NA,NA,NA
"row_26","Eukaryota","Chordata","Actinopteri","Scombriformes","Centrolophidae","Icichthys","Icichthys lockingtoni"
"row_27","Eukaryota","Chordata","Actinopteri","Argentiniformes","Bathylagidae","Leuroglossus",NA
"row_28","Eukaryota","Chordata","Actinopteri","Stomiiformes","Phosichthyidae",NA,NA
"row_29","Eukaryota","Chordata","Actinopteri","Perciformes","Sebastidae","Sebastes",NA
"row_30","Eukaryota","Chordata","Actinopteri","Perciformes","Sebastidae","Sebastes","Sebastes pinniger"
"row_31","Eukaryota","Chordata","Actinopteri","Syngnathiformes","Syngnathidae","Syngnathus",NA
"row_32",NA,NA,NA,NA,NA,NA,NA
"row_33","Eukaryota",NA,NA,NA,NA,NA,NA
"row_34","Eukaryota","Chordata","Actinopteri","Argentiniformes","Bathylagidae","Bathylagoides","Bathylagoides wesethi"
"row_35","Eukaryota","Chordata","Actinopteri","Scombriformes","Chiasmodontidae",NA,NA
"row_36","Eukaryota","Chordata","Actinopteri","Pleuronectiformes","Cyclopsettidae","Citharichthys","Citharichthys sordidus"
"row_37","Eukaryota","Chordata","Mammalia","Artiodactyla","Delphinidae",NA,NA
"row_38","Eukaryota","Chordata","Actinopteri","Clupeiformes","Engraulidae","Engraulis","Engraulis mordax"
"row_39","Eukaryota","Chordata","Mammalia",NA,NA,NA,NA
"row_40","Eukaryota","Chordata","Actinopteri","Argentiniformes","Bathylagidae","Leuroglossus",NA
"row_41","Eukaryota","Chordata","Actinopteri","Perciformes","Sebastidae","Sebastes",NA
"row_42","Eukaryota","Chordata","Actinopteri","Perciformes","Sebastidae","Sebastes","Sebastes pinniger"
"row_43","Eukaryota","Chordata","Actinopteri","Stomiiformes","Stomiidae","Stomias","Stomias atriventer"
"row_44","Eukaryota",NA,NA,NA,NA,NA,NA
"row_45","Eukaryota","Chordata","Actinopteri","Syngnathiformes","Syngnathidae","Syngnathus",NA
"row_46","Eukaryota","Chordata","Actinopteri","Carangiformes","Carangidae","Trachurus","Trachurus symmetricus"
"row_47","Eukaryota","Chordata","Actinopteri","Myctophiformes","Myctophidae","Triphoturus","Triphoturus mexicanus"
"row_48",NA,NA,NA,NA,NA,NA,NA
"row_49","Eukaryota",NA,NA,NA,NA,NA,NA
"row_50","Eukaryota","Chordata","Actinopteri","Scombriformes","Chiasmodontidae",NA,NA
"row_51","Eukaryota","Chordata","Actinopteri","Pleuronectiformes","Cyclopsettidae","Citharichthys",NA
"row_52","Eukaryota","Chordata","Actinopteri","Pleuronectiformes","Cyclopsettidae","Citharichthys","Citharichthys sordidus"
"row_53","Eukaryota","Chordata","Actinopteri","Pleuronectiformes","Cyclopsettidae","Citharichthys","Citharichthys stigmaeus"
"row_54","Eukaryota","Chordata","Mammalia","Artiodactyla","Delphinidae",NA,NA
"row_55","Eukaryota","Chordata","Mammalia","Artiodactyla","Delphinidae","Delphinus",NA
"row_56","Eukaryota","Chordata","Actinopteri","Clupeiformes","Engraulidae","Engraulis","Engraulis mordax"
"row_57","Eukaryota",NA,NA,NA,NA,NA,NA
"row_58","Eukaryota","Chordata","Mammalia",NA,NA,NA,NA
"row_59","Eukaryota","Chordata","Actinopteri","Scombriformes","Centrolophidae","Icichthys","Icichthys lockingtoni"
"row_60","Eukaryota","Chordata","Actinopteri","Argentiniformes","Bathylagidae","Leuroglossus",NA
"row_61","Eukaryota",NA,NA,NA,NA,NA,NA
"row_62","Eukaryota","Chordata","Actinopteri","Gadiformes","Merlucciidae","Merluccius","Merluccius productus"
"row_63","Eukaryota","Chordata","Actinopteri","Tetraodontiformes","Molidae","Mola",NA
"row_64","Eukaryota",NA,NA,NA,NA,NA,NA
"row_65","Eukaryota",NA,NA,NA,NA,NA,NA
"row_66","Eukaryota",NA,NA,NA,NA,NA,NA
"row_67","Eukaryota","Chordata","Actinopteri","Scombriformes","Nomeidae","Psenes","Psenes pellucidus"
"row_68","Eukaryota","Chordata","Actinopteri","Perciformes","Sebastidae","Sebastes",NA
"row_69","Eukaryota","Chordata","Actinopteri","Perciformes","Sebastidae","Sebastes","Sebastes entomelas"
"row_70","Eukaryota",NA,NA,NA,NA,NA,NA
"row_71","Eukaryota","Chordata","Actinopteri","Myctophiformes","Myctophidae","Symbolophorus","Symbolophorus californiensis"
"row_72","Eukaryota","Chordata","Actinopteri","Syngnathiformes","Syngnathidae","Syngnathus",NA
"row_73","Eukaryota","Chordata","Actinopteri","Myctophiformes","Myctophidae","Triphoturus","Triphoturus mexicanus"
"row_74","Eukaryota","Chordata","Mammalia",NA,NA,NA,NA
"row_75",NA,NA,NA,NA,NA,NA,NA
"row_76","Eukaryota",NA,NA,NA,NA,NA,NA
"row_77","Eukaryota","Chordata","Actinopteri","Clupeiformes","Engraulidae","Engraulis","Engraulis mordax"
"row_78","Eukaryota","Chordata","Mammalia",NA,NA,NA,NA
"row_79","Eukaryota","Chordata","Actinopteri","Perciformes","Sebastidae","Sebastes",NA
"row_80",NA,NA,NA,NA,NA,NA,NA
"row_81","Eukaryota","Chordata","Chondrichthyes","Lamniformes","Alopiidae","Alopias","Alopias vulpinus"
"row_82","Eukaryota","Chordata","Actinopteri","Myctophiformes","Myctophidae","Ceratoscopelus",NA
"row_83","Eukaryota","Chordata","Actinopteri","Stomiiformes","Gonostomatidae","Cyclothone","Cyclothone signata"
"row_84","Eukaryota","Chordata","Mammalia","Artiodactyla","Delphinidae",NA,NA
"row_85","Eukaryota","Chordata","Actinopteri","Myctophiformes","Myctophidae","Diogenichthys","Diogenichthys atlanticus"
"row_86","Eukaryota","Chordata","Actinopteri","Myctophiformes","Myctophidae","Diogenichthys","Diogenichthys laternatus"
"row_87","Eukaryota","Chordata","Actinopteri","Clupeiformes","Engraulidae","Engraulis","Engraulis mordax"
"row_88","Eukaryota","Chordata","Mammalia",NA,NA,NA,NA
"row_89","Eukaryota","Chordata","Actinopteri","Myctophiformes","Myctophidae","Myctophum","Myctophum nitidulum"
"row_90","Eukaryota","Chordata","Actinopteri","Myctophiformes","Myctophidae","Notoscopelus",NA
"row_91","Eukaryota","Chordata","Actinopteri","Stomiiformes","Phosichthyidae",NA,NA
"row_92","Eukaryota","Chordata","Actinopteri","Scombriformes","Scombridae","Scomber","Scomber japonicus"
"row_93","Eukaryota","Chordata","Actinopteri","Perciformes","Sebastidae","Sebastes",NA
"row_94","Eukaryota","Chordata","Mammalia","Artiodactyla","Delphinidae","Stenella","Stenella coeruleoalba"
"row_95","Eukaryota","Chordata","Actinopteri","Stomiiformes","Stomiidae","Stomias",NA
"row_96","Eukaryota","Chordata","Actinopteri","Myctophiformes","Myctophidae","Symbolophorus","Symbolophorus californiensis"
"row_97","Eukaryota","Chordata","Actinopteri","Scombriformes","Tetragonuridae","Tetragonurus","Tetragonurus cuvieri"
"row_98","Eukaryota","Chordata","Actinopteri","Carangiformes","Carangidae","Trachurus","Trachurus symmetricus"
"row_99",NA,NA,NA,NA,NA,NA,NA
"row_100","Eukaryota",NA,NA,NA,NA,NA,NA
"row_101","Eukaryota",NA,NA,NA,NA,NA,NA
"row_102","Eukaryota","Chordata","Actinopteri","Myctophiformes","Myctophidae","Ceratoscopelus",NA
"row_103","Eukaryota","Chordata","Actinopteri","Stomiiformes","Gonostomatidae","Cyclothone","Cyclothone signata"
"row_104","Eukaryota","Chordata","Actinopteri","Clupeiformes","Engraulidae","Engraulis","Engraulis mordax"
"row_105","Eukaryota","Chordata","Actinopteri","Argentiniformes","Microstomatidae","Microstoma","Microstoma microstoma"
"row_106","Eukaryota","Chordata","Actinopteri","Stomiiformes","Phosichthyidae",NA,NA
"row_107","Eukaryota","Chordata","Actinopteri","Perciformes","Sebastidae","Sebastes",NA
"row_108","Eukaryota","Chordata","Actinopteri","Perciformes","Sebastidae","Sebastes","Sebastes pinniger"
"row_109","Eukaryota","Chordata","Actinopteri","Myctophiformes","Myctophidae","Symbolophorus","Symbolophorus californiensis"
"row_110","Eukaryota","Chordata","Actinopteri","Scombriformes","Tetragonuridae","Tetragonurus","Tetragonurus cuvieri"
"row_111","Eukaryota","Chordata","Actinopteri","Carangiformes","Carangidae","Trachurus","Trachurus symmetricus"
"row_112",NA,NA,NA,NA,NA,NA,NA
"row_113","Eukaryota","Chordata","Chondrichthyes","Lamniformes","Alopiidae","Alopias","Alopias vulpinus"
"row_114","Eukaryota","Chordata","Actinopteri","Myctophiformes","Myctophidae","Ceratoscopelus",NA
"row_115","Eukaryota","Chordata","Actinopteri","Scombriformes","Chiasmodontidae",NA,NA
"row_116","Eukaryota","Chordata","Actinopteri","Beloniformes","Belonidae","Cololabis","Cololabis saira"
"row_117","Eukaryota","Chordata","Actinopteri","Stomiiformes","Gonostomatidae","Cyclothone","Cyclothone signata"
"row_118",NA,NA,NA,NA,NA,NA,NA
"row_119","Eukaryota","Chordata","Mammalia","Artiodactyla","Delphinidae",NA,NA
"row_120","Eukaryota","Chordata","Actinopteri","Myctophiformes","Myctophidae","Diogenichthys","Diogenichthys laternatus"
"row_121","Eukaryota","Chordata","Actinopteri","Clupeiformes","Engraulidae","Engraulis","Engraulis mordax"
"row_122","Eukaryota","Chordata","Mammalia",NA,NA,NA,NA
"row_123","Eukaryota","Chordata","Chondrichthyes","Lamniformes","Lamnidae","Isurus","Isurus oxyrinchus"
"row_124","Eukaryota","Chordata","Actinopteri","Myctophiformes","Myctophidae","Lampanyctus","Lampanyctus tenuiformis"
"row_125","Eukaryota","Chordata","Actinopteri","Myctophiformes","Myctophidae","Myctophum","Myctophum nitidulum"
"row_126","Eukaryota",NA,NA,NA,NA,NA,NA
"row_127","Eukaryota","Chordata","Actinopteri","Stomiiformes","Phosichthyidae",NA,NA
"row_128","Eukaryota","Chordata","Actinopteri","Perciformes","Sebastidae","Sebastes",NA
"row_129","Eukaryota","Chordata","Mammalia","Artiodactyla","Delphinidae","Stenella","Stenella coeruleoalba"
"row_130","Eukaryota","Chordata","Actinopteri","Myctophiformes","Myctophidae","Symbolophorus","Symbolophorus californiensis"
"row_131","Eukaryota","Chordata","Actinopteri","Scombriformes","Tetragonuridae","Tetragonurus","Tetragonurus cuvieri"
"row_132","Eukaryota","Chordata","Actinopteri","Carangiformes","Carangidae","Trachurus","Trachurus symmetricus"
"row_133",NA,NA,NA,NA,NA,NA,NA
"row_134","Eukaryota","Chordata","Actinopteri","Myctophiformes","Myctophidae","Ceratoscopelus",NA
"row_135","Eukaryota","Chordata","Actinopteri","Beloniformes","Belonidae","Cololabis","Cololabis saira"
"row_136","Eukaryota","Chordata","Mammalia","Artiodactyla","Delphinidae",NA,NA
"row_137","Eukaryota","Chordata","Actinopteri","Myctophiformes","Myctophidae","Diogenichthys","Diogenichthys atlanticus"
"row_138","Eukaryota","Chordata","Actinopteri","Clupeiformes","Engraulidae","Engraulis","Engraulis mordax"
"row_139","Eukaryota","Chordata","Mammalia",NA,NA,NA,NA
"row_140","Eukaryota","Chordata","Actinopteri","Stomiiformes","Phosichthyidae",NA,NA
"row_141","Eukaryota","Chordata","Actinopteri","Perciformes","Sebastidae","Sebastes",NA
"row_142","Eukaryota","Chordata","Actinopteri","Stomiiformes","Stomiidae",NA,NA
"row_143","Eukaryota","Chordata","Actinopteri","Myctophiformes","Myctophidae","Symbolophorus","Symbolophorus californiensis"
"row_144","Eukaryota","Chordata","Actinopteri","Syngnathiformes","Syngnathidae","Syngnathus",NA
"row_145","Eukaryota","Chordata","Actinopteri","Scombriformes","Tetragonuridae","Tetragonurus","Tetragonurus cuvieri"
"row_146","Eukaryota","Chordata","Actinopteri","Carangiformes","Carangidae","Trachurus","Trachurus symmetricus"
"row_147",NA,NA,NA,NA,NA,NA,NA
"row_148","Eukaryota",NA,NA,NA,NA,NA,NA
"row_149","Eukaryota","Chordata","Actinopteri","Myctophiformes","Myctophidae","Ceratoscopelus",NA
"row_150","Eukaryota","Chordata","Mammalia","Artiodactyla","Delphinidae",NA,NA
"row_151","Eukaryota","Chordata","Actinopteri","Clupeiformes","Engraulidae","Engraulis","Engraulis mordax"
"row_152","Eukaryota","Chordata","Mammalia",NA,NA,NA,NA
"row_153","Eukaryota","Chordata","Actinopteri","Myctophiformes","Myctophidae","Myctophum","Myctophum nitidulum"
"row_154","Eukaryota","Chordata","Actinopteri","Stomiiformes","Phosichthyidae",NA,NA
"row_155","Eukaryota","Chordata","Chondrichthyes","Carcharhiniformes","Carcharhinidae","Prionace","Prionace glauca"
"row_156","Eukaryota","Chordata","Actinopteri","Scombriformes","Scombridae","Scomber","Scomber japonicus"
"row_157","Eukaryota","Chordata","Actinopteri","Perciformes","Sebastidae","Sebastes",NA
"row_158","Eukaryota","Chordata","Actinopteri","Stomiiformes","Stomiidae","Stomias","Stomias atriventer"
"row_159","Eukaryota","Chordata","Actinopteri","Myctophiformes","Myctophidae","Symbolophorus","Symbolophorus californiensis"
"row_160","Eukaryota","Chordata","Actinopteri","Scombriformes","Tetragonuridae","Tetragonurus","Tetragonurus cuvieri"
"row_161","Eukaryota","Chordata","Actinopteri","Carangiformes","Carangidae","Trachurus","Trachurus symmetricus"
"row_162",NA,NA,NA,NA,NA,NA,NA
"row_163","Eukaryota","Chordata","Actinopteri","Argentiniformes","Bathylagidae","Bathylagoides","Bathylagoides wesethi"
"row_164","Eukaryota","Chordata","Actinopteri","Myctophiformes","Myctophidae","Ceratoscopelus",NA
"row_165","Eukaryota","Chordata","Mammalia",NA,NA,NA,NA
"row_166","Eukaryota","Chordata","Chondrichthyes","Lamniformes","Lamnidae","Isurus","Isurus oxyrinchus"
"row_167","Eukaryota","Chordata","Actinopteri","Myctophiformes","Myctophidae","Myctophum","Myctophum nitidulum"
"row_168","Eukaryota","Chordata","Actinopteri","Stomiiformes","Phosichthyidae",NA,NA
"row_169","Eukaryota","Chordata","Chondrichthyes","Carcharhiniformes","Carcharhinidae","Prionace","Prionace glauca"
"row_170","Eukaryota","Chordata","Actinopteri","Perciformes","Sebastidae","Sebastes",NA
"row_171","Eukaryota","Chordata","Mammalia","Artiodactyla","Delphinidae","Stenella","Stenella coeruleoalba"
"row_172","Eukaryota","Chordata","Actinopteri","Myctophiformes","Myctophidae","Symbolophorus","Symbolophorus californiensis"
"row_173","Eukaryota","Chordata","Actinopteri","Scombriformes","Tetragonuridae","Tetragonurus","Tetragonurus cuvieri"
"row_174","Eukaryota","Chordata","Actinopteri","Carangiformes","Carangidae","Trachurus","Trachurus symmetricus"
"row_175",NA,NA,NA,NA,NA,NA,NA
"row_176","Eukaryota","Chordata","Chondrichthyes","Lamniformes","Alopiidae","Alopias","Alopias vulpinus"
"row_177","Eukaryota",NA,NA,NA,NA,NA,NA
"row_178","Eukaryota","Chordata","Actinopteri","Atheriniformes","Atherinopsidae","Atherinopsis","Atherinopsis californiensis"
"row_179","Eukaryota","Chordata","Actinopteri","Myctophiformes","Myctophidae","Ceratoscopelus",NA
"row_180","Eukaryota","Chordata","Actinopteri","Pleuronectiformes","Cyclopsettidae","Citharichthys",NA
"row_181","Eukaryota","Chordata","Actinopteri","Pleuronectiformes","Cyclopsettidae","Citharichthys","Citharichthys sordidus"
"row_182","Eukaryota","Chordata","Mammalia","Artiodactyla","Delphinidae",NA,NA
"row_183","Eukaryota","Chordata","Mammalia","Artiodactyla","Delphinidae","Delphinus",NA
"row_184","Eukaryota","Chordata","Actinopteri","Myctophiformes","Myctophidae","Diogenichthys","Diogenichthys laternatus"
"row_185","Eukaryota","Chordata","Actinopteri","Clupeiformes","Engraulidae","Engraulis","Engraulis mordax"
"row_186","Eukaryota","Chordata","Actinopteri","Lophiiformes","Gigantactinidae","Gigantactis","Gigantactis vanhoeffeni"
"row_187","Eukaryota","Chordata","Actinopteri","Perciformes","Cottidae","Hemilepidotus",NA
"row_188","Eukaryota","Chordata","Mammalia",NA,NA,NA,NA
"row_189","Eukaryota","Chordata","Actinopteri","Argentiniformes","Bathylagidae","Leuroglossus",NA
"row_190","Eukaryota","Chordata","Actinopteri","Gadiformes","Merlucciidae","Merluccius","Merluccius productus"
"row_191","Eukaryota","Chordata","Actinopteri","Myctophiformes","Myctophidae","Myctophum","Myctophum nitidulum"
"row_192","Eukaryota","Chordata","Actinopteri","Pleuronectiformes","Paralichthyidae","Paralichthys","Paralichthys californicus"
"row_193","Eukaryota","Chordata","Actinopteri","Stomiiformes","Phosichthyidae",NA,NA
"row_194","Eukaryota","Chordata","Actinopteri","Pleuronectiformes","Pleuronectidae",NA,NA
"row_195","Eukaryota","Chordata","Chondrichthyes","Carcharhiniformes","Carcharhinidae","Prionace","Prionace glauca"
"row_196","Eukaryota","Chordata","Actinopteri","Clupeiformes","Clupeidae","Sardinops","Sardinops sagax"
"row_197","Eukaryota","Chordata","Actinopteri","Perciformes","Sebastidae","Sebastes",NA
"row_198","Eukaryota","Chordata","Actinopteri","Stomiiformes","Stomiidae","Stomias","Stomias atriventer"
"row_199","Eukaryota","Chordata","Actinopteri","Stomiiformes","Stomiidae",NA,NA
"row_200","Eukaryota","Chordata","Actinopteri","Myctophiformes","Myctophidae","Symbolophorus","Symbolophorus californiensis"
"row_201","Eukaryota","Chordata","Actinopteri","Syngnathiformes","Syngnathidae","Syngnathus",NA
"row_202","Eukaryota","Chordata","Actinopteri","Scombriformes","Tetragonuridae","Tetragonurus","Tetragonurus cuvieri"
"row_203","Eukaryota","Chordata","Actinopteri","Carangiformes","Carangidae","Trachurus","Trachurus symmetricus"
"row_204","Eukaryota","Chordata","Mammalia",NA,NA,NA,NA
"row_205",NA,NA,NA,NA,NA,NA,NA
"row_206","Eukaryota","Chordata","Actinopteri","Myctophiformes","Myctophidae","Ceratoscopelus",NA
"row_207","Eukaryota","Chordata","Actinopteri","Clupeiformes","Engraulidae","Engraulis","Engraulis mordax"
"row_208","Eukaryota","Chordata","Chondrichthyes","Lamniformes","Lamnidae","Isurus","Isurus oxyrinchus"
"row_209","Eukaryota","Chordata","Actinopteri","Myctophiformes","Myctophidae","Myctophum","Myctophum nitidulum"
"row_210","Eukaryota","Chordata","Actinopteri","Stomiiformes","Phosichthyidae",NA,NA
"row_211","Eukaryota","Chordata","Actinopteri","Scombriformes","Scombridae","Scomber","Scomber japonicus"
"row_212","Eukaryota","Chordata","Actinopteri","Perciformes","Sebastidae","Sebastes",NA
"row_213","Eukaryota","Chordata","Actinopteri","Myctophiformes","Myctophidae","Symbolophorus","Symbolophorus californiensis"
"row_214","Eukaryota","Chordata","Actinopteri","Scombriformes","Tetragonuridae","Tetragonurus","Tetragonurus cuvieri"
"row_215","Eukaryota","Chordata","Actinopteri","Carangiformes","Carangidae","Trachurus","Trachurus symmetricus"
"row_216",NA,NA,NA,NA,NA,NA,NA
"row_217","Eukaryota","Chordata","Actinopteri","Myctophiformes","Myctophidae","Ceratoscopelus",NA
"row_218","Eukaryota","Chordata","Actinopteri","Beloniformes","Belonidae","Cololabis","Cololabis saira"
"row_219","Eukaryota","Chordata","Actinopteri","Clupeiformes","Engraulidae","Engraulis","Engraulis mordax"
"row_220","Eukaryota","Chordata","Mammalia",NA,NA,NA,NA
"row_221","Eukaryota","Chordata","Actinopteri","Myctophiformes","Myctophidae","Lampadena","Lampadena urophaos"
"row_222","Eukaryota",NA,NA,NA,NA,NA,NA
"row_223","Eukaryota","Chordata","Actinopteri","Stomiiformes","Phosichthyidae",NA,NA
"row_224","Eukaryota","Chordata","Actinopteri","Stomiiformes","Stomiidae","Stomias","Stomias atriventer"
"row_225","Eukaryota","Chordata","Actinopteri","Myctophiformes","Myctophidae","Symbolophorus","Symbolophorus californiensis"
"row_226","Eukaryota","Chordata","Actinopteri","Scombriformes","Tetragonuridae","Tetragonurus","Tetragonurus cuvieri"
"row_227","Eukaryota","Chordata","Actinopteri","Carangiformes","Carangidae","Trachurus","Trachurus symmetricus"
"row_228",NA,NA,NA,NA,NA,NA,NA
"row_229","Eukaryota","Chordata","Actinopteri","Myctophiformes","Myctophidae","Ceratoscopelus",NA
"row_230","Eukaryota","Chordata","Actinopteri","Beloniformes","Belonidae","Cololabis","Cololabis saira"
"row_231","Eukaryota","Chordata","Actinopteri","Clupeiformes","Engraulidae","Engraulis","Engraulis mordax"
"row_232","Eukaryota","Chordata","Mammalia",NA,NA,NA,NA
"row_233","Eukaryota","Chordata","Actinopteri","Myctophiformes","Myctophidae","Lampadena","Lampadena urophaos"
"row_234","Eukaryota","Chordata","Actinopteri","Myctophiformes","Myctophidae","Myctophum","Myctophum nitidulum"
"row_235","Eukaryota","Chordata","Actinopteri","Stomiiformes","Phosichthyidae",NA,NA
"row_236","Eukaryota","Chordata","Actinopteri","Stomiiformes","Stomiidae","Stomias","Stomias atriventer"
"row_237","Eukaryota","Chordata","Actinopteri","Myctophiformes","Myctophidae","Symbolophorus","Symbolophorus californiensis"
"row_238","Eukaryota","Chordata","Actinopteri","Carangiformes","Carangidae","Trachurus","Trachurus symmetricus"
"row_239","Eukaryota","Chordata","Actinopteri","Myctophiformes","Myctophidae","Triphoturus","Triphoturus mexicanus"
"row_240",NA,NA,NA,NA,NA,NA,NA
"row_241","Eukaryota","Chordata","Chondrichthyes","Lamniformes","Alopiidae","Alopias","Alopias vulpinus"
"row_242","Eukaryota","Chordata","Actinopteri","Myctophiformes","Myctophidae","Ceratoscopelus",NA
"row_243","Eukaryota","Chordata","Actinopteri","Clupeiformes","Engraulidae","Engraulis","Engraulis mordax"
"row_244","Eukaryota","Chordata","Actinopteri","Myctophiformes","Myctophidae","Lampadena","Lampadena urophaos"
"row_245","Eukaryota","Chordata","Actinopteri","Stomiiformes","Phosichthyidae",NA,NA
"row_246","Eukaryota","Chordata","Actinopteri","Stomiiformes","Stomiidae","Stomias","Stomias atriventer"
"row_247","Eukaryota","Chordata","Actinopteri","Myctophiformes","Myctophidae","Symbolophorus","Symbolophorus californiensis"
"row_248","Eukaryota","Chordata","Actinopteri","Scombriformes","Tetragonuridae","Tetragonurus","Tetragonurus cuvieri"
"row_249","Eukaryota","Chordata","Actinopteri","Carangiformes","Carangidae","Trachurus","Trachurus symmetricus"
"row_250",NA,NA,NA,NA,NA,NA,NA
"row_251","Eukaryota",NA,NA,NA,NA,NA,NA
"row_252","Eukaryota",NA,NA,NA,NA,NA,NA
"row_253","Eukaryota","Chordata","Actinopteri","Myctophiformes","Myctophidae","Ceratoscopelus",NA
"row_254","Eukaryota","Chordata","Actinopteri","Beloniformes","Belonidae","Cololabis","Cololabis saira"
"row_255","Eukaryota","Chordata","Mammalia","Artiodactyla","Delphinidae",NA,NA
"row_256","Eukaryota","Chordata","Actinopteri","Clupeiformes","Engraulidae","Engraulis","Engraulis mordax"
"row_257","Eukaryota","Chordata","Mammalia",NA,NA,NA,NA
"row_258","Eukaryota","Chordata","Actinopteri","Myctophiformes","Myctophidae","Lampadena","Lampadena urophaos"
"row_259","Eukaryota","Chordata","Actinopteri","Stomiiformes","Phosichthyidae",NA,NA
"row_260","Eukaryota","Chordata","Actinopteri","Clupeiformes","Clupeidae","Sardinops","Sardinops sagax"
"row_261","Eukaryota","Chordata","Actinopteri","Perciformes","Sebastidae","Sebastes",NA
"row_262","Eukaryota","Chordata","Actinopteri","Myctophiformes","Myctophidae","Symbolophorus","Symbolophorus californiensis"
"row_263","Eukaryota","Chordata","Actinopteri","Carangiformes","Carangidae","Trachurus","Trachurus symmetricus"
"row_264",NA,NA,NA,NA,NA,NA,NA
"row_265","Eukaryota","Chordata","Actinopteri","Myctophiformes","Myctophidae","Ceratoscopelus",NA
"row_266","Eukaryota","Chordata","Actinopteri","Myctophiformes","Myctophidae","Ceratoscopelus","Ceratoscopelus warmingii"
"row_267","Eukaryota","Chordata","Actinopteri","Beloniformes","Belonidae","Cololabis","Cololabis saira"
"row_268","Eukaryota","Chordata","Actinopteri","Stomiiformes","Gonostomatidae","Cyclothone","Cyclothone signata"
"row_269","Eukaryota","Chordata","Mammalia","Artiodactyla","Delphinidae",NA,NA
"row_270","Eukaryota","Chordata","Actinopteri","Myctophiformes","Myctophidae","Diogenichthys",NA
"row_271","Eukaryota","Chordata","Mammalia",NA,NA,NA,NA
"row_272","Eukaryota","Chordata","Actinopteri","Stomiiformes","Phosichthyidae",NA,NA
"row_273","Eukaryota","Chordata","Actinopteri","Perciformes","Sebastidae","Sebastes",NA
"row_274","Eukaryota","Chordata","Actinopteri","Myctophiformes","Myctophidae","Symbolophorus","Symbolophorus californiensis"
"row_275",NA,NA,NA,NA,NA,NA,NA
"row_276","Eukaryota","Chordata","Actinopteri","Myctophiformes","Myctophidae","Ceratoscopelus",NA
"row_277","Eukaryota","Chordata","Actinopteri","Beloniformes","Belonidae","Cololabis","Cololabis saira"
"row_278","Eukaryota","Chordata","Actinopteri","Stomiiformes","Gonostomatidae","Cyclothone","Cyclothone signata"
"row_279","Eukaryota","Chordata","Mammalia","Artiodactyla","Delphinidae",NA,NA
"row_280","Eukaryota","Chordata","Mammalia","Artiodactyla","Delphinidae","Delphinus",NA
"row_281","Eukaryota","Chordata","Actinopteri","Clupeiformes","Engraulidae","Engraulis","Engraulis mordax"
"row_282","Eukaryota","Chordata","Mammalia",NA,NA,NA,NA
"row_283","Eukaryota","Chordata","Actinopteri","Acanthuriformes","Luvaridae","Luvarus","Luvarus imperialis"
"row_284","Eukaryota","Chordata","Actinopteri","Myctophiformes","Myctophidae","Myctophum","Myctophum nitidulum"
"row_285","Eukaryota","Chordata","Actinopteri","Stomiiformes","Phosichthyidae",NA,NA
"row_286","Eukaryota","Chordata","Actinopteri","Myctophiformes","Myctophidae","Symbolophorus","Symbolophorus californiensis"
"row_287","Eukaryota","Chordata","Actinopteri","Carangiformes","Carangidae","Trachurus","Trachurus symmetricus"
"row_288",NA,NA,NA,NA,NA,NA,NA
"row_289","Eukaryota","Chordata","Actinopteri","Stomiiformes","Sternoptychidae","Argyropelecus","Argyropelecus affinis"
"row_290","Eukaryota",NA,NA,NA,NA,NA,NA
"row_291","Eukaryota","Chordata","Mammalia","Artiodactyla","Balaenopteridae","Balaenoptera","Balaenoptera physalus"
"row_292","Eukaryota","Chordata","Actinopteri","Argentiniformes","Bathylagidae","Bathylagoides","Bathylagoides wesethi"
"row_293","Eukaryota","Chordata","Mammalia","Artiodactyla",NA,NA,NA
"row_294","Eukaryota","Chordata","Actinopteri","Myctophiformes","Myctophidae","Ceratoscopelus",NA
"row_295","Eukaryota","Chordata","Actinopteri","Pleuronectiformes","Cyclopsettidae","Citharichthys",NA
"row_296","Eukaryota","Chordata","Actinopteri","Pleuronectiformes","Cyclopsettidae","Citharichthys","Citharichthys sordidus"
"row_297","Eukaryota","Chordata","Actinopteri","Stomiiformes","Gonostomatidae","Cyclothone","Cyclothone signata"
"row_298","Eukaryota","Chordata","Mammalia","Artiodactyla","Delphinidae",NA,NA
"row_299","Eukaryota","Chordata","Mammalia","Artiodactyla","Delphinidae","Delphinus",NA
"row_300","Eukaryota","Chordata","Actinopteri","Myctophiformes","Myctophidae","Diogenichthys","Diogenichthys atlanticus"
"row_301","Eukaryota","Chordata","Actinopteri","Clupeiformes","Engraulidae","Engraulis","Engraulis mordax"
"row_302","Eukaryota","Chordata","Actinopteri","Perciformes","Cottidae","Hemilepidotus",NA
"row_303","Eukaryota","Chordata","Mammalia",NA,NA,NA,NA
"row_304","Eukaryota","Chordata","Actinopteri","Blenniiformes","Blenniidae","Hypsoblennius","Hypsoblennius gilberti"
"row_305","Eukaryota","Chordata","Actinopteri","Argentiniformes","Bathylagidae","Leuroglossus",NA
"row_306","Eukaryota","Chordata","Actinopteri","Myctophiformes","Myctophidae","Myctophum","Myctophum nitidulum"
"row_307","Eukaryota","Chordata","Actinopteri","Lophiiformes","Oneirodidae","Oneirodes",NA
"row_308","Eukaryota","Chordata","Actinopteri","Pleuronectiformes","Paralichthyidae","Paralichthys","Paralichthys californicus"
"row_309","Eukaryota","Chordata","Actinopteri","Stomiiformes","Phosichthyidae",NA,NA
"row_310","Eukaryota","Chordata","Actinopteri","Pleuronectiformes","Pleuronectidae",NA,NA
"row_311","Eukaryota","Chordata","Chondrichthyes","Carcharhiniformes","Carcharhinidae","Prionace","Prionace glauca"
"row_312","Eukaryota","Chordata","Actinopteri","Clupeiformes","Clupeidae","Sardinops","Sardinops sagax"
"row_313","Eukaryota","Chordata","Actinopteri","Perciformes","Sebastidae","Sebastes",NA
"row_314","Eukaryota","Chordata","Actinopteri","Carangiformes","Carangidae","Seriola","Seriola lalandi"
"row_315","Eukaryota","Chordata","Mammalia","Artiodactyla",NA,NA,NA
"row_316","Eukaryota","Chordata","Actinopteri","Myctophiformes","Myctophidae","Symbolophorus","Symbolophorus californiensis"
"row_317","Eukaryota","Chordata","Actinopteri","Syngnathiformes","Syngnathidae","Syngnathus",NA
"row_318","Eukaryota","Chordata","Actinopteri","Scombriformes","Tetragonuridae","Tetragonurus","Tetragonurus cuvieri"
"row_319","Eukaryota","Chordata","Actinopteri","Carangiformes","Carangidae","Trachurus","Trachurus symmetricus"
"row_320","Eukaryota","Chordata","Mammalia",NA,NA,NA,NA
"row_321",NA,NA,NA,NA,NA,NA,NA
"row_322","Eukaryota","Chordata","Actinopteri","Myctophiformes","Myctophidae","Ceratoscopelus",NA
"row_323","Eukaryota","Chordata","Actinopteri","Clupeiformes","Engraulidae","Engraulis","Engraulis mordax"
"row_324","Eukaryota","Chordata","Mammalia",NA,NA,NA,NA
"row_325","Eukaryota","Chordata","Actinopteri","Myctophiformes","Myctophidae","Myctophum","Myctophum nitidulum"
"row_326","Eukaryota","Chordata","Actinopteri","Stomiiformes","Phosichthyidae",NA,NA
"row_327","Eukaryota","Chordata","Actinopteri","Myctophiformes","Myctophidae","Symbolophorus","Symbolophorus californiensis"
"row_328",NA,NA,NA,NA,NA,NA,NA
"row_329","Eukaryota","Chordata","Actinopteri","Myctophiformes","Myctophidae","Ceratoscopelus",NA
"row_330","Eukaryota","Chordata","Actinopteri","Stomiiformes","Gonostomatidae","Cyclothone","Cyclothone signata"
"row_331","Eukaryota","Chordata","Mammalia",NA,NA,NA,NA
"row_332","Eukaryota","Chordata","Actinopteri","Stomiiformes","Phosichthyidae",NA,NA
"row_333","Eukaryota","Chordata","Chondrichthyes","Carcharhiniformes","Carcharhinidae","Prionace","Prionace glauca"
"row_334","Eukaryota","Chordata","Actinopteri","Myctophiformes","Myctophidae","Symbolophorus","Symbolophorus californiensis"
"row_335","Eukaryota","Chordata","Actinopteri","Carangiformes","Carangidae","Trachurus","Trachurus symmetricus"
"row_336",NA,NA,NA,NA,NA,NA,NA
"row_337","Eukaryota","Chordata","Actinopteri","Myctophiformes","Myctophidae","Ceratoscopelus",NA
"row_338","Eukaryota","Chordata","Actinopteri","Stomiiformes","Gonostomatidae","Cyclothone","Cyclothone signata"
"row_339","Eukaryota","Chordata","Mammalia",NA,NA,NA,NA
"row_340","Eukaryota","Chordata","Actinopteri","Stomiiformes","Phosichthyidae",NA,NA
"row_341","Eukaryota","Chordata","Chondrichthyes","Carcharhiniformes","Carcharhinidae","Prionace","Prionace glauca"
"row_342","Eukaryota","Chordata","Actinopteri","Myctophiformes","Myctophidae","Symbolophorus","Symbolophorus californiensis"
"row_343",NA,NA,NA,NA,NA,NA,NA
"row_344","Eukaryota","Chordata","Actinopteri","Myctophiformes","Myctophidae","Ceratoscopelus",NA
"row_345","Eukaryota","Chordata","Mammalia","Artiodactyla","Delphinidae",NA,NA
"row_346","Eukaryota","Chordata","Actinopteri","Clupeiformes","Engraulidae","Engraulis","Engraulis mordax"
"row_347","Eukaryota","Chordata","Mammalia",NA,NA,NA,NA
"row_348","Eukaryota","Chordata","Actinopteri","Stomiiformes","Phosichthyidae",NA,NA
"row_349","Eukaryota","Chordata","Chondrichthyes","Carcharhiniformes","Carcharhinidae","Prionace","Prionace glauca"
"row_350","Eukaryota","Chordata","Actinopteri","Myctophiformes","Myctophidae","Symbolophorus","Symbolophorus californiensis"
"row_351",NA,NA,NA,NA,NA,NA,NA
"row_352","Eukaryota","Chordata","Actinopteri","Myctophiformes","Myctophidae","Ceratoscopelus",NA
"row_353","Eukaryota","Chordata","Actinopteri","Stomiiformes","Phosichthyidae",NA,NA
"row_354","Eukaryota","Chordata","Chondrichthyes","Carcharhiniformes","Carcharhinidae","Prionace","Prionace glauca"
"row_355","Eukaryota","Chordata","Actinopteri","Myctophiformes","Myctophidae","Symbolophorus","Symbolophorus californiensis"
"row_356","Eukaryota","Chordata","Mammalia","Artiodactyla","Delphinidae","Tursiops","Tursiops truncatus"
"row_357",NA,NA,NA,NA,NA,NA,NA
"row_358","Eukaryota","Chordata","Actinopteri","Myctophiformes","Myctophidae","Ceratoscopelus",NA
"row_359","Eukaryota","Chordata","Mammalia","Artiodactyla","Delphinidae",NA,NA
"row_360","Eukaryota","Chordata","Actinopteri","Clupeiformes","Engraulidae","Engraulis","Engraulis mordax"
"row_361","Eukaryota","Chordata","Actinopteri","Lophiiformes","Gigantactinidae","Gigantactis","Gigantactis vanhoeffeni"
"row_362","Eukaryota","Chordata","Mammalia",NA,NA,NA,NA
"row_363","Eukaryota","Chordata","Actinopteri","Myctophiformes","Myctophidae","Myctophum","Myctophum nitidulum"
"row_364","Eukaryota","Chordata","Actinopteri","Stomiiformes","Phosichthyidae",NA,NA
"row_365","Eukaryota","Chordata","Chondrichthyes","Carcharhiniformes","Carcharhinidae","Prionace","Prionace glauca"
"row_366","Eukaryota","Chordata","Actinopteri","Perciformes","Sebastidae","Sebastes",NA
"row_367","Eukaryota","Chordata","Actinopteri","Stomiiformes","Stomiidae",NA,NA
"row_368","Eukaryota","Chordata","Actinopteri","Myctophiformes","Myctophidae","Symbolophorus","Symbolophorus californiensis"
"row_369",NA,NA,NA,NA,NA,NA,NA
"row_370","Eukaryota","Chordata","Actinopteri","Scombriformes","Scombridae","Auxis","Auxis rochei"
"row_371","Eukaryota","Chordata","Actinopteri","Myctophiformes","Myctophidae","Ceratoscopelus",NA
"row_372","Eukaryota","Chordata","Actinopteri","Beloniformes","Belonidae","Cololabis","Cololabis saira"
"row_373","Eukaryota","Chordata","Actinopteri","Stomiiformes","Gonostomatidae","Cyclothone","Cyclothone acclinidens"
"row_374","Eukaryota","Chordata","Mammalia","Artiodactyla","Delphinidae",NA,NA
"row_375","Eukaryota","Chordata","Actinopteri","Myctophiformes","Myctophidae","Diogenichthys",NA
"row_376","Eukaryota","Chordata","Actinopteri","Clupeiformes","Engraulidae","Engraulis","Engraulis mordax"
"row_377","Eukaryota","Chordata","Actinopteri","Lophiiformes","Gigantactinidae","Gigantactis","Gigantactis vanhoeffeni"
"row_378","Eukaryota","Chordata","Mammalia",NA,NA,NA,NA
"row_379","Eukaryota","Chordata","Actinopteri","Myctophiformes","Myctophidae","Myctophum","Myctophum nitidulum"
"row_380","Eukaryota","Chordata","Actinopteri","Stomiiformes","Phosichthyidae",NA,NA
"row_381","Eukaryota","Chordata","Chondrichthyes","Carcharhiniformes","Carcharhinidae","Prionace","Prionace glauca"
"row_382","Eukaryota","Chordata","Actinopteri","Perciformes","Sebastidae","Sebastes",NA
"row_383","Eukaryota","Chordata","Mammalia","Artiodactyla","Delphinidae","Stenella","Stenella coeruleoalba"
"row_384","Eukaryota","Chordata","Actinopteri","Stomiiformes","Stomiidae",NA,NA
"row_385","Eukaryota","Chordata","Actinopteri","Myctophiformes","Myctophidae","Symbolophorus","Symbolophorus californiensis"
"row_386",NA,NA,NA,NA,NA,NA,NA
"row_387","Eukaryota","Chordata","Actinopteri","Myctophiformes","Myctophidae","Ceratoscopelus",NA
"row_388","Eukaryota","Chordata","Actinopteri","Beloniformes","Belonidae","Cololabis","Cololabis saira"
"row_389","Eukaryota","Chordata","Actinopteri","Stomiiformes","Gonostomatidae","Cyclothone","Cyclothone signata"
"row_390","Eukaryota","Chordata","Mammalia","Artiodactyla","Delphinidae",NA,NA
"row_391","Eukaryota","Chordata","Actinopteri","Clupeiformes","Engraulidae","Engraulis","Engraulis mordax"
"row_392","Eukaryota","Chordata","Actinopteri","Lophiiformes","Gigantactinidae","Gigantactis",NA
"row_393","Eukaryota","Chordata","Actinopteri","Lophiiformes","Gigantactinidae","Gigantactis","Gigantactis vanhoeffeni"
"row_394","Eukaryota","Chordata","Mammalia",NA,NA,NA,NA
"row_395","Eukaryota","Chordata","Actinopteri","Myctophiformes","Myctophidae","Lampadena","Lampadena urophaos"
"row_396","Eukaryota","Chordata","Actinopteri","Stomiiformes","Phosichthyidae",NA,NA
"row_397","Eukaryota","Chordata","Chondrichthyes","Carcharhiniformes","Carcharhinidae","Prionace","Prionace glauca"
"row_398","Eukaryota","Chordata","Actinopteri","Perciformes","Sebastidae","Sebastes",NA
"row_399","Eukaryota","Chordata","Actinopteri","Stomiiformes","Stomiidae",NA,NA
"row_400","Eukaryota","Chordata","Actinopteri","Myctophiformes","Myctophidae","Symbolophorus","Symbolophorus californiensis"
"row_401","Eukaryota","Chordata","Actinopteri","Syngnathiformes","Syngnathidae","Syngnathus",NA
"row_402",NA,NA,NA,NA,NA,NA,NA
"row_403","Eukaryota","Chordata","Actinopteri","Scombriformes","Bramidae","Brama",NA
"row_404","Eukaryota","Chordata","Actinopteri","Myctophiformes","Myctophidae","Ceratoscopelus",NA
"row_405","Eukaryota","Chordata","Actinopteri","Myctophiformes","Myctophidae","Diogenichthys",NA
"row_406","Eukaryota","Chordata","Actinopteri","Lophiiformes","Gigantactinidae","Gigantactis",NA
"row_407","Eukaryota","Chordata","Actinopteri","Lophiiformes","Gigantactinidae","Gigantactis","Gigantactis vanhoeffeni"
"row_408","Eukaryota","Chordata","Mammalia",NA,NA,NA,NA
"row_409","Eukaryota","Chordata","Actinopteri","Stomiiformes","Phosichthyidae",NA,NA
"row_410","Eukaryota","Chordata","Chondrichthyes","Carcharhiniformes","Carcharhinidae","Prionace","Prionace glauca"
"row_411","Eukaryota","Chordata","Actinopteri","Perciformes","Sebastidae","Sebastes",NA
"row_412","Eukaryota","Chordata","Mammalia","Artiodactyla","Delphinidae","Stenella","Stenella coeruleoalba"
"row_413","Eukaryota","Chordata","Actinopteri","Stomiiformes","Stomiidae",NA,NA
"row_414","Eukaryota","Chordata","Actinopteri","Myctophiformes","Myctophidae","Symbolophorus","Symbolophorus californiensis"
"row_415",NA,NA,NA,NA,NA,NA,NA
"row_416","Eukaryota","Chordata","Actinopteri","Myctophiformes","Myctophidae","Ceratoscopelus",NA
"row_417","Eukaryota","Chordata","Actinopteri","Stomiiformes","Gonostomatidae","Cyclothone","Cyclothone acclinidens"
"row_418","Eukaryota","Chordata","Mammalia","Artiodactyla","Delphinidae",NA,NA
"row_419","Eukaryota","Chordata","Actinopteri","Clupeiformes","Engraulidae","Engraulis","Engraulis mordax"
"row_420","Eukaryota","Chordata","Actinopteri","Lophiiformes","Gigantactinidae","Gigantactis","Gigantactis vanhoeffeni"
"row_421","Eukaryota","Chordata","Actinopteri","Stomiiformes","Phosichthyidae",NA,NA
"row_422","Eukaryota","Chordata","Actinopteri","Stomiiformes","Stomiidae",NA,NA
"row_423","Eukaryota","Chordata","Actinopteri","Myctophiformes","Myctophidae","Symbolophorus","Symbolophorus californiensis"
"row_424",NA,NA,NA,NA,NA,NA,NA
"row_425","Eukaryota","Chordata","Actinopteri","Myctophiformes","Myctophidae","Ceratoscopelus",NA
"row_426","Eukaryota","Chordata","Actinopteri","Beloniformes","Belonidae","Cololabis","Cololabis saira"
"row_427","Eukaryota","Chordata","Mammalia","Artiodactyla","Delphinidae",NA,NA
"row_428","Eukaryota","Chordata","Actinopteri","Clupeiformes","Engraulidae","Engraulis","Engraulis mordax"
"row_429","Eukaryota","Chordata","Actinopteri","Lophiiformes","Gigantactinidae","Gigantactis","Gigantactis vanhoeffeni"
"row_430","Eukaryota","Chordata","Mammalia",NA,NA,NA,NA
"row_431","Eukaryota","Chordata","Actinopteri","Stomiiformes","Phosichthyidae",NA,NA
"row_432","Eukaryota","Chordata","Actinopteri","Perciformes","Sebastidae","Sebastes",NA
"row_433","Eukaryota","Chordata","Actinopteri","Stomiiformes","Stomiidae",NA,NA
"row_434",NA,NA,NA,NA,NA,NA,NA
"row_435","Eukaryota","Chordata","Actinopteri","Myctophiformes","Myctophidae","Ceratoscopelus",NA
"row_436","Eukaryota","Chordata","Actinopteri","Clupeiformes","Engraulidae","Engraulis","Engraulis mordax"
"row_437","Eukaryota","Chordata","Actinopteri","Lophiiformes","Gigantactinidae","Gigantactis","Gigantactis vanhoeffeni"
"row_438","Eukaryota","Chordata","Mammalia",NA,NA,NA,NA
"row_439",NA,NA,NA,NA,NA,NA,NA
"row_440","Eukaryota","Chordata","Actinopteri","Myctophiformes","Myctophidae","Ceratoscopelus",NA
"row_441","Eukaryota","Chordata","Actinopteri","Beloniformes","Belonidae","Cololabis","Cololabis saira"
"row_442","Eukaryota","Chordata","Actinopteri","Clupeiformes","Engraulidae","Engraulis","Engraulis mordax"
"row_443","Eukaryota","Chordata","Actinopteri","Lophiiformes","Gigantactinidae","Gigantactis","Gigantactis vanhoeffeni"
"row_444","Eukaryota","Chordata","Mammalia",NA,NA,NA,NA
"row_445","Eukaryota","Chordata","Actinopteri","Stomiiformes","Stomiidae",NA,NA
"row_446","Eukaryota","Chordata","Actinopteri","Myctophiformes","Myctophidae","Symbolophorus","Symbolophorus californiensis"
"row_447",NA,NA,NA,NA,NA,NA,NA
"row_448","Eukaryota","Chordata","Actinopteri","Myctophiformes","Myctophidae","Ceratoscopelus",NA
"row_449","Eukaryota","Chordata","Actinopteri","Beloniformes","Belonidae","Cololabis","Cololabis saira"
"row_450","Eukaryota","Chordata","Actinopteri","Stomiiformes","Gonostomatidae","Cyclothone","Cyclothone signata"
"row_451","Eukaryota","Chordata","Mammalia","Artiodactyla","Delphinidae",NA,NA
"row_452","Eukaryota","Chordata","Actinopteri","Lophiiformes","Gigantactinidae","Gigantactis","Gigantactis vanhoeffeni"
"row_453","Eukaryota","Chordata","Actinopteri","Myctophiformes","Myctophidae","Lampanyctus","Lampanyctus tenuiformis"
"row_454","Eukaryota","Chordata","Actinopteri","Myctophiformes","Myctophidae","Myctophum","Myctophum nitidulum"
"row_455","Eukaryota","Chordata","Actinopteri","Myctophiformes","Myctophidae","Notoscopelus",NA
"row_456","Eukaryota","Chordata","Actinopteri","Stomiiformes","Phosichthyidae",NA,NA
"row_457","Eukaryota","Chordata","Actinopteri","Perciformes","Sebastidae","Sebastes",NA
"row_458","Eukaryota","Chordata","Mammalia","Artiodactyla","Delphinidae","Stenella","Stenella coeruleoalba"
"row_459","Eukaryota","Chordata","Actinopteri","Stomiiformes","Stomiidae",NA,NA
"row_460","Eukaryota","Chordata","Actinopteri","Myctophiformes","Myctophidae","Symbolophorus","Symbolophorus californiensis"
"row_461",NA,NA,NA,NA,NA,NA,NA
"row_462","Eukaryota",NA,NA,NA,NA,NA,NA
"row_463","Eukaryota",NA,NA,NA,NA,NA,NA
"row_464","Eukaryota","Chordata","Actinopteri","Myctophiformes","Myctophidae","Ceratoscopelus",NA
"row_465","Eukaryota","Chordata","Actinopteri","Stomiiformes","Gonostomatidae","Cyclothone","Cyclothone signata"
"row_466","Eukaryota","Chordata","Mammalia","Artiodactyla","Delphinidae",NA,NA
"row_467","Eukaryota","Chordata","Actinopteri","Clupeiformes","Engraulidae","Engraulis","Engraulis mordax"
"row_468","Eukaryota","Chordata","Actinopteri","Lophiiformes","Gigantactinidae","Gigantactis","Gigantactis vanhoeffeni"
"row_469","Eukaryota","Chordata","Actinopteri","Myctophiformes","Myctophidae","Lampanyctus","Lampanyctus reinhardti"
"row_470","Eukaryota","Chordata","Actinopteri","Myctophiformes","Myctophidae","Myctophum","Myctophum nitidulum"
"row_471","Eukaryota","Chordata","Actinopteri","Stomiiformes","Phosichthyidae",NA,NA
"row_472","Eukaryota","Chordata","Actinopteri","Myctophiformes","Myctophidae","Symbolophorus","Symbolophorus californiensis"
"row_473",NA,NA,NA,NA,NA,NA,NA
"row_474","Eukaryota","Chordata","Actinopteri","Myctophiformes","Myctophidae","Ceratoscopelus",NA
"row_475","Eukaryota","Chordata","Actinopteri","Stomiiformes","Gonostomatidae","Cyclothone","Cyclothone signata"
"row_476","Eukaryota","Chordata","Actinopteri","Clupeiformes","Engraulidae","Engraulis","Engraulis mordax"
"row_477","Eukaryota","Chordata","Actinopteri","Lophiiformes","Gigantactinidae","Gigantactis","Gigantactis vanhoeffeni"
"row_478","Eukaryota","Chordata","Mammalia","Artiodactyla","Delphinidae","Grampus","Grampus griseus"
"row_479","Eukaryota","Chordata","Mammalia",NA,NA,NA,NA
"row_480","Eukaryota","Chordata","Actinopteri","Myctophiformes","Myctophidae","Lampanyctus","Lampanyctus tenuiformis"
"row_481","Eukaryota","Chordata","Actinopteri","Myctophiformes","Myctophidae","Myctophum","Myctophum nitidulum"
"row_482","Eukaryota","Chordata","Actinopteri","Stomiiformes","Phosichthyidae",NA,NA
"row_483","Eukaryota","Chordata","Actinopteri","Perciformes","Sebastidae","Sebastes",NA
"row_484","Eukaryota","Chordata","Actinopteri","Myctophiformes","Myctophidae","Symbolophorus","Symbolophorus californiensis"
"row_485",NA,NA,NA,NA,NA,NA,NA
"row_486","Eukaryota","Chordata","Actinopteri","Myctophiformes","Myctophidae","Ceratoscopelus",NA
"row_487","Eukaryota","Chordata","Actinopteri","Beloniformes","Belonidae","Cololabis","Cololabis saira"
"row_488","Eukaryota","Chordata","Actinopteri","Stomiiformes","Gonostomatidae","Cyclothone","Cyclothone signata"
"row_489","Eukaryota","Chordata","Actinopteri","Myctophiformes","Myctophidae","Notolychnus","Notolychnus valdiviae"
"row_490","Eukaryota","Chordata","Actinopteri","Stomiiformes","Phosichthyidae",NA,NA
"row_491","Eukaryota","Chordata","Chondrichthyes","Carcharhiniformes","Carcharhinidae","Prionace","Prionace glauca"
"row_492","Eukaryota","Chordata","Mammalia","Artiodactyla","Delphinidae","Stenella","Stenella coeruleoalba"
"row_493","Eukaryota","Chordata","Actinopteri","Myctophiformes","Myctophidae","Symbolophorus","Symbolophorus californiensis"
"row_494",NA,NA,NA,NA,NA,NA,NA
"row_495","Eukaryota","Chordata","Actinopteri","Myctophiformes","Myctophidae","Ceratoscopelus",NA
"row_496","Eukaryota","Chordata","Actinopteri","Beloniformes","Belonidae","Cololabis","Cololabis saira"
"row_497","Eukaryota","Chordata","Actinopteri","Stomiiformes","Gonostomatidae","Cyclothone","Cyclothone signata"
"row_498","Eukaryota","Chordata","Actinopteri","Clupeiformes","Engraulidae","Engraulis","Engraulis mordax"
"row_499","Eukaryota","Chordata","Actinopteri","Myctophiformes","Myctophidae","Notoscopelus",NA
"row_500","Eukaryota","Chordata","Actinopteri","Stomiiformes","Phosichthyidae",NA,NA
"row_501","Eukaryota","Chordata","Actinopteri","Myctophiformes","Myctophidae","Symbolophorus","Symbolophorus californiensis"
"row_502",NA,NA,NA,NA,NA,NA,NA
"row_503","Eukaryota","Chordata","Actinopteri","Myctophiformes","Myctophidae","Ceratoscopelus",NA
"row_504","Eukaryota","Chordata","Actinopteri","Myctophiformes","Myctophidae","Ceratoscopelus","Ceratoscopelus warmingii"
"row_505","Eukaryota","Chordata","Actinopteri","Myctophiformes","Myctophidae","Diogenichthys","Diogenichthys atlanticus"
"row_506","Eukaryota","Chordata","Actinopteri","Clupeiformes","Engraulidae","Engraulis","Engraulis mordax"
"row_507","Eukaryota","Chordata","Mammalia",NA,NA,NA,NA
"row_508","Eukaryota","Chordata","Actinopteri","Myctophiformes","Myctophidae","Lampanyctus","Lampanyctus bristori"
"row_509","Eukaryota","Chordata","Actinopteri","Myctophiformes","Myctophidae","Notoscopelus",NA
"row_510","Eukaryota","Chordata","Actinopteri","Stomiiformes","Phosichthyidae",NA,NA
"row_511","Eukaryota","Chordata","Actinopteri","Perciformes","Sebastidae","Sebastes",NA
"row_512","Eukaryota","Chordata","Actinopteri","Myctophiformes","Myctophidae","Symbolophorus","Symbolophorus californiensis"
"row_513","Eukaryota","Chordata","Actinopteri","Carangiformes","Carangidae","Trachurus","Trachurus symmetricus"
"row_514",NA,NA,NA,NA,NA,NA,NA
"row_515","Eukaryota","Chordata","Actinopteri","Myctophiformes","Myctophidae","Ceratoscopelus",NA
"row_516","Eukaryota","Chordata","Actinopteri","Scombriformes","Chiasmodontidae",NA,NA
"row_517","Eukaryota","Chordata","Actinopteri","Myctophiformes","Myctophidae","Diogenichthys",NA
"row_518","Eukaryota","Chordata","Actinopteri","Myctophiformes","Myctophidae","Diogenichthys","Diogenichthys atlanticus"
"row_519","Eukaryota","Chordata","Actinopteri","Argentiniformes","Bathylagidae","Leuroglossus",NA
"row_520","Eukaryota","Chordata","Actinopteri","Myctophiformes","Myctophidae","Myctophum","Myctophum nitidulum"
"row_521","Eukaryota","Chordata","Actinopteri","Myctophiformes","Myctophidae","Notoscopelus",NA
"row_522","Eukaryota","Chordata","Actinopteri","Stomiiformes","Phosichthyidae",NA,NA
"row_523","Eukaryota","Chordata","Actinopteri","Perciformes","Sebastidae","Sebastes",NA
"row_524","Eukaryota","Chordata","Actinopteri","Stomiiformes","Stomiidae",NA,NA
"row_525","Eukaryota","Chordata","Actinopteri","Myctophiformes","Myctophidae","Symbolophorus","Symbolophorus californiensis"
"row_526",NA,NA,NA,NA,NA,NA,NA
"row_527","Eukaryota","Chordata","Actinopteri","Myctophiformes","Myctophidae","Ceratoscopelus",NA
"row_528","Eukaryota","Chordata","Actinopteri","Myctophiformes","Myctophidae","Ceratoscopelus","Ceratoscopelus warmingii"
"row_529","Eukaryota","Chordata","Actinopteri","Myctophiformes","Myctophidae","Diogenichthys","Diogenichthys atlanticus"
"row_530","Eukaryota","Chordata","Chondrichthyes","Lamniformes","Lamnidae","Isurus","Isurus oxyrinchus"
"row_531","Eukaryota","Chordata","Actinopteri","Stomiiformes","Phosichthyidae",NA,NA
"row_532","Eukaryota","Chordata","Actinopteri","Clupeiformes","Clupeidae","Sardinops","Sardinops sagax"
"row_533","Eukaryota","Chordata","Actinopteri","Stomiiformes","Stomiidae",NA,NA
"row_534","Eukaryota","Chordata","Actinopteri","Myctophiformes","Myctophidae","Symbolophorus","Symbolophorus californiensis"
"row_535",NA,NA,NA,NA,NA,NA,NA
"row_536","Eukaryota","Chordata","Actinopteri","Myctophiformes","Myctophidae","Ceratoscopelus",NA
"row_537","Eukaryota","Chordata","Actinopteri","Clupeiformes","Engraulidae","Engraulis","Engraulis mordax"
"row_538",NA,NA,NA,NA,NA,NA,NA
"row_539","Eukaryota","Chordata","Actinopteri","Myctophiformes","Myctophidae","Ceratoscopelus",NA
"row_540","Eukaryota","Chordata","Actinopteri","Myctophiformes","Myctophidae","Symbolophorus","Symbolophorus californiensis"
"row_541",NA,NA,NA,NA,NA,NA,NA
"row_542","Eukaryota",NA,NA,NA,NA,NA,NA
"row_543","Eukaryota","Chordata","Actinopteri","Atheriniformes","Atherinopsidae","Atherinopsis","Atherinopsis californiensis"
"row_544","Eukaryota","Chordata","Mammalia","Artiodactyla","Balaenopteridae","Balaenoptera","Balaenoptera physalus"
"row_545","Eukaryota","Chordata","Actinopteri","Argentiniformes","Bathylagidae","Bathylagoides","Bathylagoides wesethi"
"row_546","Eukaryota","Chordata","Mammalia","Artiodactyla",NA,NA,NA
"row_547","Eukaryota","Chordata","Actinopteri","Lutjaniformes","Haemulidae","Brachygenys","Brachygenys californiensis"
"row_548","Eukaryota","Chordata","Actinopteri","Myctophiformes","Myctophidae","Ceratoscopelus",NA
"row_549","Eukaryota","Chordata","Actinopteri","Pleuronectiformes","Cyclopsettidae","Citharichthys",NA
"row_550","Eukaryota","Chordata","Actinopteri","Pleuronectiformes","Cyclopsettidae","Citharichthys","Citharichthys sordidus"
"row_551","Eukaryota","Chordata","Actinopteri","Stomiiformes","Gonostomatidae","Cyclothone","Cyclothone signata"
"row_552","Eukaryota","Chordata","Mammalia","Artiodactyla","Delphinidae",NA,NA
"row_553","Eukaryota","Chordata","Mammalia","Artiodactyla","Delphinidae","Delphinus",NA
"row_554","Eukaryota","Chordata","Actinopteri","Myctophiformes","Myctophidae","Diogenichthys","Diogenichthys atlanticus"
"row_555","Eukaryota","Chordata","Actinopteri","Clupeiformes","Engraulidae","Engraulis","Engraulis mordax"
"row_556","Eukaryota","Chordata",NA,NA,NA,NA,NA
"row_557","Eukaryota","Chordata","Actinopteri","Perciformes","Cottidae","Hemilepidotus",NA
"row_558","Eukaryota","Chordata","Mammalia",NA,NA,NA,NA
"row_559","Eukaryota","Chordata","Actinopteri","Scombriformes","Centrolophidae","Icichthys","Icichthys lockingtoni"
"row_560","Eukaryota","Chordata","Chondrichthyes","Lamniformes","Lamnidae","Isurus","Isurus oxyrinchus"
"row_561","Eukaryota","Chordata","Actinopteri","Argentiniformes","Bathylagidae","Leuroglossus",NA
"row_562","Eukaryota","Chordata","Actinopteri","Acanthuriformes","Luvaridae","Luvarus","Luvarus imperialis"
"row_563","Eukaryota","Chordata","Actinopteri","Gadiformes","Merlucciidae","Merluccius","Merluccius productus"
"row_564","Eukaryota","Chordata","Actinopteri","Myctophiformes","Myctophidae","Myctophum","Myctophum nitidulum"
"row_565","Eukaryota","Chordata","Actinopteri","Lophiiformes","Oneirodidae","Oneirodes",NA
"row_566","Eukaryota","Chordata","Actinopteri","Pleuronectiformes","Paralichthyidae","Paralichthys","Paralichthys californicus"
"row_567","Eukaryota","Chordata","Actinopteri","Stomiiformes","Phosichthyidae",NA,NA
"row_568","Eukaryota","Chordata","Actinopteri","Pleuronectiformes","Pleuronectidae",NA,NA
"row_569","Eukaryota","Chordata","Chondrichthyes","Carcharhiniformes","Carcharhinidae","Prionace","Prionace glauca"
"row_570","Eukaryota","Chordata","Actinopteri","Clupeiformes","Clupeidae","Sardinops","Sardinops sagax"
"row_571","Eukaryota","Chordata","Actinopteri","Perciformes","Sebastidae","Sebastes",NA
"row_572","Eukaryota","Chordata","Actinopteri","Myctophiformes","Myctophidae","Stenobrachius","Stenobrachius leucopsarus"
"row_573","Eukaryota","Chordata","Actinopteri","Myctophiformes","Myctophidae","Symbolophorus","Symbolophorus californiensis"
"row_574","Eukaryota","Chordata","Actinopteri","Syngnathiformes","Syngnathidae","Syngnathus",NA
"row_575","Eukaryota","Chordata","Actinopteri","Scombriformes","Tetragonuridae","Tetragonurus","Tetragonurus cuvieri"
"row_576","Eukaryota","Chordata","Actinopteri","Carangiformes","Carangidae","Trachurus","Trachurus symmetricus"
"row_577","Eukaryota","Chordata",NA,NA,NA,NA,NA
"row_578","Eukaryota","Chordata","Mammalia",NA,NA,NA,NA
"row_579",NA,NA,NA,NA,NA,NA,NA
"row_580","Eukaryota","Chordata","Actinopteri","Myctophiformes","Myctophidae","Ceratoscopelus",NA
"row_581","Eukaryota","Chordata","Actinopteri","Clupeiformes","Engraulidae","Engraulis","Engraulis mordax"
"row_582","Eukaryota","Chordata","Mammalia",NA,NA,NA,NA
"row_583","Eukaryota","Chordata","Actinopteri","Argentiniformes","Microstomatidae","Nansenia",NA
"row_584","Eukaryota","Chordata","Actinopteri","Stomiiformes","Phosichthyidae",NA,NA
"row_585","Eukaryota","Chordata","Actinopteri","Stomiiformes","Stomiidae","Photonectes","Photonectes margarita"
"row_586",NA,NA,NA,NA,NA,NA,NA
"row_587","Eukaryota","Chordata","Actinopteri","Myctophiformes","Myctophidae","Ceratoscopelus",NA
"row_588","Eukaryota","Chordata","Actinopteri","Stomiiformes","Gonostomatidae","Cyclothone","Cyclothone signata"
"row_589","Eukaryota","Chordata","Mammalia","Artiodactyla","Delphinidae",NA,NA
"row_590","Eukaryota","Chordata","Actinopteri","Lophiiformes","Gigantactinidae","Gigantactis","Gigantactis vanhoeffeni"
"row_591","Eukaryota","Chordata","Actinopteri","Myctophiformes","Myctophidae","Lampadena","Lampadena urophaos"
"row_592","Eukaryota","Chordata","Actinopteri","Myctophiformes","Myctophidae","Myctophum","Myctophum nitidulum"
"row_593","Eukaryota","Chordata","Actinopteri","Stomiiformes","Phosichthyidae",NA,NA
"row_594","Eukaryota","Chordata","Mammalia","Artiodactyla","Delphinidae","Stenella","Stenella coeruleoalba"
"row_595","Eukaryota","Chordata","Actinopteri","Myctophiformes","Myctophidae","Symbolophorus","Symbolophorus californiensis"
"row_596","Eukaryota","Chordata","Mammalia","Artiodactyla","Delphinidae","Tursiops","Tursiops truncatus"
"row_597",NA,NA,NA,NA,NA,NA,NA
"row_598","Eukaryota","Chordata","Chondrichthyes","Lamniformes","Alopiidae","Alopias","Alopias superciliosus"
"row_599","Eukaryota","Chordata","Actinopteri","Myctophiformes","Myctophidae","Bolinichthys","Bolinichthys longipes"
"row_600","Eukaryota","Chordata","Actinopteri","Myctophiformes","Myctophidae","Ceratoscopelus",NA
"row_601","Eukaryota","Chordata","Actinopteri","Stomiiformes","Gonostomatidae","Cyclothone","Cyclothone signata"
"row_602","Eukaryota","Chordata","Actinopteri","Clupeiformes","Engraulidae","Engraulis","Engraulis mordax"
"row_603","Eukaryota","Chordata","Mammalia",NA,NA,NA,NA
"row_604","Eukaryota","Chordata","Actinopteri","Myctophiformes","Myctophidae","Myctophum","Myctophum nitidulum"
"row_605","Eukaryota","Chordata","Actinopteri","Stomiiformes","Phosichthyidae",NA,NA
"row_606","Eukaryota","Chordata","Actinopteri","Myctophiformes","Myctophidae","Symbolophorus","Symbolophorus californiensis"
"row_607","Eukaryota","Chordata","Actinopteri","Scombriformes","Tetragonuridae","Tetragonurus","Tetragonurus cuvieri"
"row_608",NA,NA,NA,NA,NA,NA,NA
"row_609","Eukaryota","Chordata","Actinopteri","Argentiniformes","Bathylagidae","Bathylagoides","Bathylagoides wesethi"
"row_610","Eukaryota","Chordata","Actinopteri","Myctophiformes","Myctophidae","Ceratoscopelus",NA
"row_611","Eukaryota","Chordata","Actinopteri","Stomiiformes","Gonostomatidae","Cyclothone","Cyclothone signata"
"row_612","Eukaryota","Chordata","Actinopteri","Clupeiformes","Engraulidae","Engraulis","Engraulis mordax"
"row_613","Eukaryota","Chordata","Actinopteri","Myctophiformes","Myctophidae","Lampanyctus","Lampanyctus tenuiformis"
"row_614","Eukaryota","Chordata","Actinopteri","Myctophiformes","Myctophidae","Myctophum","Myctophum nitidulum"
"row_615","Eukaryota","Chordata","Actinopteri","Stomiiformes","Phosichthyidae",NA,NA
"row_616","Eukaryota","Chordata","Mammalia","Artiodactyla","Delphinidae","Stenella","Stenella coeruleoalba"
"row_617","Eukaryota","Chordata","Actinopteri","Myctophiformes","Myctophidae","Symbolophorus","Symbolophorus californiensis"
"row_618","Eukaryota","Chordata","Actinopteri","Carangiformes","Carangidae","Trachurus","Trachurus symmetricus"
"row_619",NA,NA,NA,NA,NA,NA,NA
"row_620","Eukaryota","Chordata","Chondrichthyes","Lamniformes","Alopiidae","Alopias","Alopias superciliosus"
"row_621","Eukaryota","Chordata","Chondrichthyes","Lamniformes","Alopiidae","Alopias","Alopias vulpinus"
"row_622","Eukaryota","Chordata","Actinopteri","Myctophiformes","Myctophidae","Ceratoscopelus",NA
"row_623","Eukaryota","Chordata","Actinopteri","Stomiiformes","Gonostomatidae","Cyclothone","Cyclothone signata"
"row_624","Eukaryota","Chordata","Mammalia","Artiodactyla","Delphinidae",NA,NA
"row_625","Eukaryota","Chordata","Actinopteri","Lampriformes","Lampridae","Lampris",NA
"row_626","Eukaryota","Chordata","Actinopteri","Aulopiformes","Paralepididae","Lestidium",NA
"row_627","Eukaryota","Chordata","Mammalia","Artiodactyla","Ziphiidae","Mesoplodon",NA
"row_628","Eukaryota","Chordata","Actinopteri","Myctophiformes","Myctophidae","Myctophum","Myctophum nitidulum"
"row_629","Eukaryota","Chordata","Actinopteri","Stomiiformes","Phosichthyidae",NA,NA
"row_630","Eukaryota","Chordata","Actinopteri","Scombriformes","Scombridae","Scomber","Scomber japonicus"
"row_631","Eukaryota","Chordata","Mammalia","Artiodactyla","Delphinidae","Stenella","Stenella coeruleoalba"
"row_632","Eukaryota","Chordata","Actinopteri","Scombriformes","Tetragonuridae","Tetragonurus","Tetragonurus cuvieri"
"row_633","Eukaryota","Chordata","Actinopteri","Carangiformes","Carangidae","Trachurus","Trachurus symmetricus"
"row_634",NA,NA,NA,NA,NA,NA,NA
"row_635","Eukaryota","Chordata","Actinopteri","Myctophiformes","Myctophidae","Ceratoscopelus",NA
"row_636","Eukaryota","Chordata","Actinopteri","Beloniformes","Belonidae","Cololabis","Cololabis saira"
"row_637","Eukaryota","Chordata","Actinopteri","Stomiiformes","Gonostomatidae","Cyclothone","Cyclothone signata"
"row_638","Eukaryota","Chordata","Actinopteri","Clupeiformes","Engraulidae","Engraulis","Engraulis mordax"
"row_639","Eukaryota","Chordata","Mammalia",NA,NA,NA,NA
"row_640","Eukaryota","Chordata","Actinopteri","Myctophiformes","Myctophidae","Myctophum","Myctophum nitidulum"
"row_641","Eukaryota","Chordata","Actinopteri","Myctophiformes","Myctophidae","Notoscopelus",NA
"row_642","Eukaryota","Chordata","Actinopteri","Myctophiformes","Myctophidae","Notoscopelus","Notoscopelus resplendens"
"row_643","Eukaryota","Chordata","Actinopteri","Stomiiformes","Phosichthyidae",NA,NA
"row_644","Eukaryota","Chordata","Mammalia","Artiodactyla","Delphinidae","Stenella","Stenella coeruleoalba"
"row_645","Eukaryota","Chordata","Actinopteri","Myctophiformes","Myctophidae","Symbolophorus","Symbolophorus californiensis"
"row_646","Eukaryota","Chordata","Actinopteri","Scombriformes","Tetragonuridae","Tetragonurus","Tetragonurus cuvieri"
"row_647",NA,NA,NA,NA,NA,NA,NA
"row_648","Eukaryota","Chordata","Actinopteri","Myctophiformes","Myctophidae","Ceratoscopelus",NA
"row_649","Eukaryota","Chordata","Actinopteri","Stomiiformes","Gonostomatidae","Cyclothone","Cyclothone signata"
"row_650","Eukaryota","Chordata","Mammalia","Artiodactyla","Delphinidae",NA,NA
"row_651","Eukaryota","Chordata","Actinopteri","Clupeiformes","Engraulidae","Engraulis","Engraulis mordax"
"row_652","Eukaryota","Chordata","Mammalia",NA,NA,NA,NA
"row_653","Eukaryota","Chordata","Actinopteri","Myctophiformes","Myctophidae","Lampanyctus",NA
"row_654","Eukaryota","Chordata","Actinopteri","Myctophiformes","Myctophidae","Myctophum","Myctophum nitidulum"
"row_655","Eukaryota","Chordata","Actinopteri","Stomiiformes","Phosichthyidae",NA,NA
"row_656","Eukaryota","Chordata","Actinopteri","Myctophiformes","Myctophidae","Symbolophorus","Symbolophorus californiensis"
"row_657","Eukaryota","Chordata","Actinopteri","Carangiformes","Carangidae","Trachurus","Trachurus symmetricus"
"row_658",NA,NA,NA,NA,NA,NA,NA
"row_659","Eukaryota","Chordata","Actinopteri","Myctophiformes","Myctophidae","Ceratoscopelus",NA
"row_660","Eukaryota","Chordata","Actinopteri","Beloniformes","Belonidae","Cololabis","Cololabis saira"
"row_661","Eukaryota","Chordata","Actinopteri","Stomiiformes","Gonostomatidae","Cyclothone","Cyclothone signata"
"row_662","Eukaryota","Chordata","Actinopteri","Myctophiformes","Myctophidae","Diogenichthys","Diogenichthys atlanticus"
"row_663","Eukaryota","Chordata","Mammalia",NA,NA,NA,NA
"row_664","Eukaryota","Chordata","Chondrichthyes","Lamniformes","Lamnidae","Isurus","Isurus oxyrinchus"
"row_665","Eukaryota","Chordata","Actinopteri","Myctophiformes","Myctophidae","Myctophum","Myctophum nitidulum"
"row_666","Eukaryota","Chordata","Actinopteri","Stomiiformes","Phosichthyidae",NA,NA
"row_667","Eukaryota","Chordata","Actinopteri","Myctophiformes","Myctophidae","Symbolophorus","Symbolophorus californiensis"
"row_668","Eukaryota","Chordata","Actinopteri","Carangiformes","Carangidae","Trachurus","Trachurus symmetricus"
"row_669",NA,NA,NA,NA,NA,NA,NA
"row_670","Eukaryota","Chordata","Actinopteri","Myctophiformes","Myctophidae","Ceratoscopelus",NA
"row_671","Eukaryota","Chordata","Actinopteri","Stomiiformes","Gonostomatidae","Cyclothone","Cyclothone signata"
"row_672","Eukaryota","Chordata","Actinopteri","Myctophiformes","Myctophidae","Lampanyctus","Lampanyctus reinhardti"
"row_673","Eukaryota","Chordata","Actinopteri","Myctophiformes","Myctophidae","Myctophum","Myctophum nitidulum"
"row_674","Eukaryota","Chordata","Actinopteri","Stomiiformes","Phosichthyidae",NA,NA
"row_675","Eukaryota","Chordata","Actinopteri","Scombriformes","Scombridae","Scomber","Scomber japonicus"
"row_676","Eukaryota","Chordata","Mammalia","Artiodactyla","Delphinidae","Stenella","Stenella coeruleoalba"
"row_677","Eukaryota","Chordata","Actinopteri","Myctophiformes","Myctophidae","Symbolophorus","Symbolophorus californiensis"
"row_678",NA,NA,NA,NA,NA,NA,NA
"row_679","Eukaryota","Chordata","Chondrichthyes","Lamniformes","Alopiidae","Alopias","Alopias superciliosus"
"row_680","Eukaryota","Chordata","Actinopteri","Myctophiformes","Myctophidae","Ceratoscopelus",NA
"row_681","Eukaryota","Chordata","Actinopteri","Stomiiformes","Gonostomatidae","Cyclothone","Cyclothone signata"
"row_682","Eukaryota","Chordata","Actinopteri","Clupeiformes","Engraulidae","Engraulis","Engraulis mordax"
"row_683","Eukaryota","Chordata","Actinopteri","Stomiiformes","Phosichthyidae",NA,NA
"row_684","Eukaryota","Chordata","Actinopteri","Stomiiformes","Sternoptychidae","Sternoptyx","Sternoptyx diaphana"
"row_685",NA,NA,NA,NA,NA,NA,NA
"row_686","Eukaryota",NA,NA,NA,NA,NA,NA
"row_687","Eukaryota","Chordata","Actinopteri","Myctophiformes","Myctophidae","Ceratoscopelus",NA
"row_688","Eukaryota","Chordata","Actinopteri","Stomiiformes","Gonostomatidae","Cyclothone","Cyclothone signata"
"row_689","Eukaryota","Chordata","Mammalia",NA,NA,NA,NA
"row_690","Eukaryota","Chordata","Actinopteri","Myctophiformes","Myctophidae","Lampanyctus","Lampanyctus reinhardti"
"row_691","Eukaryota","Chordata","Actinopteri","Stomiiformes","Phosichthyidae",NA,NA
"row_692",NA,NA,NA,NA,NA,NA,NA
"row_693","Eukaryota","Chordata","Chondrichthyes","Lamniformes","Alopiidae","Alopias","Alopias superciliosus"
"row_694","Eukaryota","Chordata","Actinopteri","Myctophiformes","Myctophidae","Ceratoscopelus",NA
"row_695","Eukaryota","Chordata","Actinopteri","Pleuronectiformes","Cyclopsettidae","Citharichthys","Citharichthys sordidus"
"row_696","Eukaryota","Chordata","Actinopteri","Stomiiformes","Gonostomatidae","Cyclothone","Cyclothone signata"
"row_697","Eukaryota","Chordata","Actinopteri","Clupeiformes","Engraulidae","Engraulis","Engraulis mordax"
"row_698","Eukaryota","Chordata","Mammalia",NA,NA,NA,NA
"row_699","Eukaryota","Chordata","Actinopteri","Myctophiformes","Myctophidae","Myctophum","Myctophum nitidulum"
"row_700","Eukaryota","Chordata","Actinopteri","Myctophiformes","Myctophidae","Notoscopelus",NA
"row_701","Eukaryota","Chordata","Actinopteri","Stomiiformes","Phosichthyidae",NA,NA
"row_702","Eukaryota","Chordata","Actinopteri","Perciformes","Sebastidae","Sebastes",NA
"row_703",NA,NA,NA,NA,NA,NA,NA
"row_704","Eukaryota","Chordata","Actinopteri","Myctophiformes","Myctophidae","Ceratoscopelus",NA
"row_705","Eukaryota","Chordata","Actinopteri","Stomiiformes","Gonostomatidae","Cyclothone","Cyclothone signata"
"row_706","Eukaryota","Chordata","Mammalia","Artiodactyla","Delphinidae",NA,NA
"row_707","Eukaryota","Chordata","Actinopteri","Myctophiformes","Myctophidae","Lampanyctus","Lampanyctus reinhardti"
"row_708","Eukaryota","Chordata","Mammalia","Artiodactyla","Balaenopteridae","Megaptera","Megaptera novaeangliae"
"row_709","Eukaryota","Chordata","Actinopteri","Stomiiformes","Phosichthyidae",NA,NA
"row_710",NA,NA,NA,NA,NA,NA,NA
"row_711","Eukaryota",NA,NA,NA,NA,NA,NA
"row_712","Eukaryota","Chordata","Actinopteri","Pleuronectiformes","Cyclopsettidae","Citharichthys","Citharichthys sordidus"
"row_713","Eukaryota","Chordata","Mammalia","Artiodactyla","Delphinidae",NA,NA
"row_714","Eukaryota","Chordata","Mammalia","Artiodactyla","Delphinidae","Delphinus",NA
"row_715","Eukaryota","Chordata","Actinopteri","Myctophiformes","Myctophidae","Diaphus","Diaphus theta"
"row_716","Eukaryota","Chordata","Actinopteri","Clupeiformes","Engraulidae","Engraulis","Engraulis mordax"
"row_717","Eukaryota","Chordata","Mammalia",NA,NA,NA,NA
"row_718","Eukaryota","Chordata","Actinopteri","Argentiniformes","Bathylagidae","Leuroglossus",NA
"row_719","Eukaryota","Chordata","Actinopteri","Gadiformes","Merlucciidae","Merluccius","Merluccius productus"
"row_720","Eukaryota",NA,NA,NA,NA,NA,NA
"row_721","Eukaryota","Chordata","Actinopteri","Stomiiformes","Phosichthyidae",NA,NA
"row_722","Eukaryota","Chordata","Actinopteri","Perciformes","Sebastidae","Sebastes",NA
"row_723","Eukaryota","Chordata","Actinopteri","Perciformes","Sebastidae","Sebastes","Sebastes paucispinis"
"row_724",NA,NA,NA,NA,NA,NA,NA
"row_725","Eukaryota",NA,NA,NA,NA,NA,NA
"row_726","Eukaryota",NA,NA,NA,NA,NA,NA
"row_727","Eukaryota","Chordata","Actinopteri","Scombriformes","Chiasmodontidae",NA,NA
"row_728","Eukaryota","Chordata","Actinopteri","Pleuronectiformes","Cyclopsettidae","Citharichthys","Citharichthys sordidus"
"row_729","Eukaryota","Chordata","Mammalia","Artiodactyla","Delphinidae",NA,NA
"row_730","Eukaryota","Chordata","Mammalia","Artiodactyla","Delphinidae","Delphinus",NA
"row_731","Eukaryota","Chordata","Actinopteri","Clupeiformes","Engraulidae","Engraulis","Engraulis mordax"
"row_732","Eukaryota",NA,NA,NA,NA,NA,NA
"row_733","Eukaryota","Chordata","Mammalia",NA,NA,NA,NA
"row_734","Eukaryota","Chordata","Actinopteri","Scombriformes","Centrolophidae","Icichthys","Icichthys lockingtoni"
"row_735","Eukaryota","Chordata","Actinopteri","Myctophiformes","Myctophidae","Lampanyctus","Lampanyctus tenuiformis"
"row_736","Eukaryota","Chordata","Actinopteri","Gadiformes","Merlucciidae","Merluccius","Merluccius productus"
"row_737","Eukaryota",NA,NA,NA,NA,NA,NA
"row_738","Eukaryota","Chordata","Actinopteri","Stomiiformes","Phosichthyidae",NA,NA
"row_739","Eukaryota","Chordata","Chondrichthyes","Carcharhiniformes","Carcharhinidae","Prionace","Prionace glauca"
"row_740","Eukaryota","Chordata","Chondrichthyes","Myliobatiformes","Dasyatidae","Pteroplatytrygon","Pteroplatytrygon violacea"
"row_741","Eukaryota","Chordata","Actinopteri","Perciformes","Sebastidae","Sebastes",NA
"row_742","Eukaryota","Chordata","Actinopteri","Perciformes","Sebastidae","Sebastes","Sebastes mystinus"
"row_743","Eukaryota","Chordata","Actinopteri","Perciformes","Sebastidae","Sebastes","Sebastes pinniger"
"row_744","Eukaryota","Chordata","Actinopteri","Syngnathiformes","Syngnathidae","Syngnathus",NA
"row_745","Eukaryota","Chordata","Actinopteri","Carangiformes","Carangidae","Trachurus","Trachurus symmetricus"
"row_746","Eukaryota","Chordata","Actinopteri","Myctophiformes","Myctophidae","Triphoturus","Triphoturus mexicanus"
"row_747",NA,NA,NA,NA,NA,NA,NA
"row_748","Eukaryota",NA,NA,NA,NA,NA,NA
"row_749","Eukaryota",NA,NA,NA,NA,NA,NA
"row_750","Eukaryota","Chordata","Actinopteri","Pleuronectiformes","Cyclopsettidae","Citharichthys","Citharichthys sordidus"
"row_751","Eukaryota","Chordata","Mammalia","Artiodactyla","Delphinidae",NA,NA
"row_752","Eukaryota","Chordata","Mammalia","Artiodactyla","Delphinidae","Delphinus",NA
"row_753","Eukaryota","Chordata","Actinopteri","Clupeiformes","Engraulidae","Engraulis","Engraulis mordax"
"row_754","Eukaryota",NA,NA,NA,NA,NA,NA
"row_755","Eukaryota","Chordata","Mammalia",NA,NA,NA,NA
"row_756","Eukaryota","Chordata","Actinopteri","Scombriformes","Centrolophidae","Icichthys","Icichthys lockingtoni"
"row_757","Eukaryota","Chordata","Actinopteri","Argentiniformes","Bathylagidae","Leuroglossus",NA
"row_758","Eukaryota",NA,NA,NA,NA,NA,NA
"row_759","Eukaryota","Chordata","Actinopteri","Stomiiformes","Phosichthyidae",NA,NA
"row_760","Eukaryota","Chordata","Actinopteri","Perciformes","Sebastidae","Sebastes",NA
"row_761","Eukaryota",NA,NA,NA,NA,NA,NA
"row_762","Eukaryota","Chordata","Actinopteri","Myctophiformes","Myctophidae","Triphoturus","Triphoturus mexicanus"
"row_763",NA,NA,NA,NA,NA,NA,NA
"row_764","Eukaryota",NA,NA,NA,NA,NA,NA
"row_765","Eukaryota","Chordata","Actinopteri","Scombriformes","Chiasmodontidae",NA,NA
"row_766","Eukaryota","Chordata","Actinopteri","Pleuronectiformes","Cyclopsettidae","Citharichthys","Citharichthys sordidus"
"row_767","Eukaryota","Chordata","Mammalia","Artiodactyla","Delphinidae",NA,NA
"row_768","Eukaryota","Chordata","Mammalia","Artiodactyla","Delphinidae","Delphinus",NA
"row_769","Eukaryota","Chordata","Actinopteri","Clupeiformes","Engraulidae","Engraulis","Engraulis mordax"
"row_770","Eukaryota",NA,NA,NA,NA,NA,NA
"row_771","Eukaryota","Chordata","Mammalia",NA,NA,NA,NA
"row_772","Eukaryota","Chordata","Actinopteri","Scombriformes","Centrolophidae","Icichthys","Icichthys lockingtoni"
"row_773","Eukaryota","Chordata","Actinopteri","Myctophiformes","Myctophidae","Lampanyctus","Lampanyctus tenuiformis"
"row_774","Eukaryota","Chordata","Actinopteri","Argentiniformes","Bathylagidae","Leuroglossus",NA
"row_775","Eukaryota","Chordata","Actinopteri","Gadiformes","Merlucciidae","Merluccius",NA
"row_776","Eukaryota",NA,NA,NA,NA,NA,NA
"row_777","Eukaryota","Chordata","Actinopteri","Perciformes","Sebastidae","Sebastes",NA
"row_778","Eukaryota","Chordata","Actinopteri","Perciformes","Sebastidae","Sebastes","Sebastes pinniger"
"row_779","Eukaryota",NA,NA,NA,NA,NA,NA
"row_780","Eukaryota","Chordata","Actinopteri","Syngnathiformes","Syngnathidae","Syngnathus",NA
"row_781","Eukaryota","Chordata","Actinopteri","Myctophiformes","Myctophidae","Triphoturus","Triphoturus mexicanus"
"row_782","Eukaryota","Chordata","Mammalia","Artiodactyla","Delphinidae","Tursiops","Tursiops truncatus"
"row_783",NA,NA,NA,NA,NA,NA,NA
"row_784","Eukaryota",NA,NA,NA,NA,NA,NA
"row_785","Eukaryota","Chordata","Actinopteri","Myctophiformes","Myctophidae","Ceratoscopelus",NA
"row_786","Eukaryota","Chordata","Mammalia","Artiodactyla","Delphinidae",NA,NA
"row_787","Eukaryota","Chordata","Actinopteri","Clupeiformes","Engraulidae","Engraulis","Engraulis mordax"
"row_788","Eukaryota","Chordata","Mammalia",NA,NA,NA,NA
"row_789","Eukaryota","Chordata","Actinopteri","Scombriformes","Centrolophidae","Icichthys","Icichthys lockingtoni"
"row_790","Eukaryota","Chordata","Chondrichthyes","Lamniformes","Lamnidae","Isurus","Isurus oxyrinchus"
"row_791","Eukaryota","Chordata","Actinopteri","Myctophiformes","Myctophidae","Lampanyctus","Lampanyctus reinhardti"
"row_792","Eukaryota","Chordata","Actinopteri","Myctophiformes","Myctophidae","Notoscopelus",NA
"row_793","Eukaryota","Chordata","Actinopteri","Stomiiformes","Phosichthyidae",NA,NA
"row_794","Eukaryota","Chordata","Chondrichthyes","Carcharhiniformes","Carcharhinidae","Prionace","Prionace glauca"
"row_795","Eukaryota","Chordata","Mammalia","Artiodactyla",NA,NA,NA
"row_796","Eukaryota","Chordata","Actinopteri","Myctophiformes","Myctophidae","Symbolophorus","Symbolophorus californiensis"
"row_797","Eukaryota","Chordata","Actinopteri","Scombriformes","Tetragonuridae","Tetragonurus","Tetragonurus cuvieri"
"row_798","Eukaryota","Chordata","Actinopteri","Lampriformes","Trachipteridae","Trachipterus",NA
"row_799","Eukaryota","Chordata","Actinopteri","Carangiformes","Carangidae","Trachurus","Trachurus symmetricus"
"row_800",NA,NA,NA,NA,NA,NA,NA
"row_801","Eukaryota",NA,NA,NA,NA,NA,NA
"row_802","Eukaryota","Chordata","Actinopteri","Myctophiformes","Myctophidae","Ceratoscopelus",NA
"row_803","Eukaryota","Chordata","Actinopteri","Scombriformes","Chiasmodontidae",NA,NA
"row_804","Eukaryota","Chordata","Mammalia","Artiodactyla","Delphinidae",NA,NA
"row_805","Eukaryota","Chordata","Actinopteri","Myctophiformes","Myctophidae","Diaphus","Diaphus theta"
"row_806","Eukaryota","Chordata","Actinopteri","Myctophiformes","Myctophidae","Diogenichthys","Diogenichthys atlanticus"
"row_807","Eukaryota","Chordata","Actinopteri","Clupeiformes","Engraulidae","Engraulis","Engraulis mordax"
"row_808","Eukaryota","Chordata","Mammalia",NA,NA,NA,NA
"row_809","Eukaryota","Chordata","Actinopteri","Scombriformes","Centrolophidae","Icichthys","Icichthys lockingtoni"
"row_810","Eukaryota","Chordata","Chondrichthyes","Lamniformes","Lamnidae","Isurus","Isurus oxyrinchus"
"row_811","Eukaryota","Chordata","Actinopteri","Myctophiformes","Myctophidae","Notoscopelus",NA
"row_812","Eukaryota","Chordata","Actinopteri","Stomiiformes","Phosichthyidae",NA,NA
"row_813","Eukaryota","Chordata","Chondrichthyes","Carcharhiniformes","Carcharhinidae","Prionace","Prionace glauca"
"row_814","Eukaryota","Chordata","Actinopteri","Myctophiformes","Myctophidae","Symbolophorus","Symbolophorus californiensis"
"row_815","Eukaryota","Chordata","Actinopteri","Scombriformes","Tetragonuridae","Tetragonurus","Tetragonurus cuvieri"
"row_816","Eukaryota","Chordata","Actinopteri","Carangiformes","Carangidae","Trachurus","Trachurus symmetricus"
"row_817",NA,NA,NA,NA,NA,NA,NA
"row_818","Eukaryota","Chordata","Actinopteri","Myctophiformes","Myctophidae","Ceratoscopelus",NA
"row_819","Eukaryota","Chordata","Actinopteri","Scombriformes","Chiasmodontidae",NA,NA
"row_820","Eukaryota","Chordata","Actinopteri","Clupeiformes","Engraulidae","Engraulis","Engraulis mordax"
"row_821","Eukaryota","Chordata","Mammalia",NA,NA,NA,NA
"row_822","Eukaryota","Chordata","Actinopteri","Scombriformes","Centrolophidae","Icichthys","Icichthys lockingtoni"
"row_823","Eukaryota",NA,NA,NA,NA,NA,NA
"row_824","Eukaryota","Chordata","Actinopteri","Stomiiformes","Phosichthyidae",NA,NA
"row_825","Eukaryota","Chordata","Chondrichthyes","Carcharhiniformes","Carcharhinidae","Prionace","Prionace glauca"
"row_826","Eukaryota","Chordata","Actinopteri","Myctophiformes","Myctophidae","Symbolophorus","Symbolophorus californiensis"
"row_827","Eukaryota","Chordata","Actinopteri","Scombriformes","Tetragonuridae","Tetragonurus","Tetragonurus cuvieri"
"row_828","Eukaryota","Chordata","Actinopteri","Carangiformes","Carangidae","Trachurus","Trachurus symmetricus"
"row_829",NA,NA,NA,NA,NA,NA,NA
"row_830","Eukaryota","Chordata","Mammalia",NA,NA,NA,NA
"row_831","Eukaryota","Chordata","Actinopteri","Myctophiformes","Myctophidae","Symbolophorus","Symbolophorus californiensis"
"row_832","Eukaryota","Chordata","Actinopteri","Scombriformes","Tetragonuridae","Tetragonurus","Tetragonurus cuvieri"
"row_833",NA,NA,NA,NA,NA,NA,NA
"row_834","Eukaryota","Chordata","Mammalia",NA,NA,NA,NA
"row_835","Eukaryota","Chordata","Actinopteri","Argentiniformes","Bathylagidae","Bathylagoides","Bathylagoides wesethi"
"row_836","Eukaryota","Chordata","Actinopteri","Myctophiformes","Myctophidae","Ceratoscopelus",NA
"row_837","Eukaryota","Chordata","Actinopteri","Beloniformes","Belonidae","Cololabis","Cololabis saira"
"row_838","Eukaryota","Chordata","Mammalia","Artiodactyla","Delphinidae",NA,NA
"row_839","Eukaryota","Chordata","Actinopteri","Clupeiformes","Engraulidae","Engraulis","Engraulis mordax"
"row_840","Eukaryota","Chordata","Mammalia",NA,NA,NA,NA
"row_841","Eukaryota","Chordata","Actinopteri","Scombriformes","Centrolophidae","Icichthys","Icichthys lockingtoni"
"row_842","Eukaryota","Chordata","Actinopteri","Myctophiformes","Myctophidae","Lampanyctus","Lampanyctus tenuiformis"
"row_843","Eukaryota","Chordata","Actinopteri","Gadiformes","Merlucciidae","Merluccius","Merluccius productus"
"row_844","Eukaryota","Chordata","Actinopteri","Stomiiformes","Phosichthyidae",NA,NA
"row_845","Eukaryota","Chordata","Actinopteri","Myctophiformes","Myctophidae","Symbolophorus","Symbolophorus californiensis"
"row_846","Eukaryota","Chordata","Actinopteri","Scombriformes","Tetragonuridae","Tetragonurus","Tetragonurus cuvieri"
"row_847","Eukaryota","Chordata","Actinopteri","Carangiformes","Carangidae","Trachurus","Trachurus symmetricus"
"row_848",NA,NA,NA,NA,NA,NA,NA
"row_849","Eukaryota","Chordata","Actinopteri","Myctophiformes","Myctophidae","Ceratoscopelus",NA
"row_850","Eukaryota","Chordata","Mammalia","Artiodactyla","Delphinidae",NA,NA
"row_851","Eukaryota","Chordata","Actinopteri","Clupeiformes","Engraulidae","Engraulis","Engraulis mordax"
"row_852","Eukaryota","Chordata","Mammalia",NA,NA,NA,NA
"row_853","Eukaryota","Chordata","Actinopteri","Scombriformes","Centrolophidae","Icichthys","Icichthys lockingtoni"
"row_854","Eukaryota","Chordata","Actinopteri","Myctophiformes","Myctophidae","Lampanyctus",NA
"row_855","Eukaryota","Chordata","Actinopteri","Myctophiformes","Myctophidae","Lampanyctus","Lampanyctus tenuiformis"
"row_856","Eukaryota","Chordata","Actinopteri","Argentiniformes","Bathylagidae","Leuroglossus",NA
"row_857","Eukaryota","Chordata","Actinopteri","Argentiniformes","Bathylagidae","Lipolagus","Lipolagus ochotensis"
"row_858","Eukaryota","Chordata","Chondrichthyes","Carcharhiniformes","Carcharhinidae","Prionace","Prionace glauca"
"row_859","Eukaryota","Chordata","Actinopteri","Scombriformes","Scombridae","Scomber","Scomber japonicus"
"row_860","Eukaryota","Chordata","Actinopteri","Stomiiformes","Stomiidae","Stomias","Stomias atriventer"
"row_861","Eukaryota","Chordata","Actinopteri","Myctophiformes","Myctophidae","Symbolophorus","Symbolophorus californiensis"
"row_862","Eukaryota","Chordata","Actinopteri","Scombriformes","Tetragonuridae","Tetragonurus","Tetragonurus cuvieri"
"row_863","Eukaryota","Chordata","Actinopteri","Carangiformes","Carangidae","Trachurus","Trachurus symmetricus"
"row_864","Eukaryota","Chordata","Actinopteri","Myctophiformes","Myctophidae","Triphoturus","Triphoturus mexicanus"
"row_865",NA,NA,NA,NA,NA,NA,NA
"row_866","Eukaryota","Chordata","Actinopteri","Argentiniformes","Bathylagidae","Bathylagoides","Bathylagoides wesethi"
"row_867","Eukaryota","Chordata","Actinopteri","Myctophiformes","Myctophidae","Ceratoscopelus",NA
"row_868","Eukaryota","Chordata","Mammalia","Artiodactyla","Delphinidae",NA,NA
"row_869","Eukaryota","Chordata","Actinopteri","Clupeiformes","Engraulidae","Engraulis","Engraulis mordax"
"row_870","Eukaryota","Chordata",NA,NA,NA,NA,NA
"row_871","Eukaryota","Chordata","Mammalia",NA,NA,NA,NA
"row_872","Eukaryota","Chordata","Actinopteri","Scombriformes","Centrolophidae","Icichthys","Icichthys lockingtoni"
"row_873","Eukaryota","Chordata","Actinopteri","Argentiniformes","Bathylagidae","Leuroglossus",NA
"row_874","Eukaryota","Chordata","Actinopteri","Stomiiformes","Phosichthyidae",NA,NA
"row_875","Eukaryota","Chordata","Actinopteri","Stomiiformes","Stomiidae","Stomias","Stomias atriventer"
"row_876","Eukaryota","Chordata","Actinopteri","Myctophiformes","Myctophidae","Symbolophorus","Symbolophorus californiensis"
"row_877","Eukaryota","Chordata","Actinopteri","Scombriformes","Tetragonuridae","Tetragonurus","Tetragonurus cuvieri"
"row_878","Eukaryota","Chordata","Actinopteri","Carangiformes","Carangidae","Trachurus","Trachurus symmetricus"
"row_879",NA,NA,NA,NA,NA,NA,NA
"row_880","Eukaryota",NA,NA,NA,NA,NA,NA
"row_881","Eukaryota","Chordata","Actinopteri","Myctophiformes","Myctophidae","Ceratoscopelus",NA
"row_882","Eukaryota","Chordata","Actinopteri","Clupeiformes","Engraulidae","Engraulis","Engraulis mordax"
"row_883","Eukaryota","Chordata","Mammalia",NA,NA,NA,NA
"row_884","Eukaryota","Chordata","Actinopteri","Scombriformes","Centrolophidae","Icichthys","Icichthys lockingtoni"
"row_885","Eukaryota","Chordata","Actinopteri","Myctophiformes","Myctophidae","Lampanyctus","Lampanyctus tenuiformis"
"row_886","Eukaryota","Chordata","Actinopteri","Argentiniformes","Bathylagidae","Leuroglossus",NA
"row_887","Eukaryota","Chordata","Actinopteri","Argentiniformes","Bathylagidae","Lipolagus","Lipolagus ochotensis"
"row_888","Eukaryota","Chordata","Chondrichthyes","Carcharhiniformes","Carcharhinidae","Prionace","Prionace glauca"
"row_889","Eukaryota","Chordata","Actinopteri","Myctophiformes","Myctophidae","Symbolophorus","Symbolophorus californiensis"
"row_890","Eukaryota","Chordata","Actinopteri","Scombriformes","Tetragonuridae","Tetragonurus","Tetragonurus cuvieri"
"row_891","Eukaryota","Chordata","Actinopteri","Carangiformes","Carangidae","Trachurus","Trachurus symmetricus"
"row_892",NA,NA,NA,NA,NA,NA,NA
"row_893","Eukaryota",NA,NA,NA,NA,NA,NA
"row_894","Eukaryota","Chordata","Actinopteri","Myctophiformes","Myctophidae","Ceratoscopelus",NA
"row_895","Eukaryota","Chordata","Actinopteri","Scombriformes","Chiasmodontidae",NA,NA
"row_896","Eukaryota","Chordata","Actinopteri","Beloniformes","Belonidae","Cololabis","Cololabis saira"
"row_897","Eukaryota","Chordata","Mammalia","Artiodactyla","Delphinidae",NA,NA
"row_898","Eukaryota","Chordata","Actinopteri","Myctophiformes","Myctophidae","Diogenichthys","Diogenichthys laternatus"
"row_899","Eukaryota","Chordata","Actinopteri","Clupeiformes","Engraulidae","Engraulis","Engraulis mordax"
"row_900","Eukaryota","Chordata","Mammalia",NA,NA,NA,NA
"row_901","Eukaryota","Chordata","Actinopteri","Scombriformes","Centrolophidae","Icichthys","Icichthys lockingtoni"
"row_902","Eukaryota","Chordata","Actinopteri","Argentiniformes","Bathylagidae","Leuroglossus",NA
"row_903","Eukaryota",NA,NA,NA,NA,NA,NA
"row_904","Eukaryota","Chordata","Actinopteri","Stomiiformes","Phosichthyidae",NA,NA
"row_905","Eukaryota","Chordata","Actinopteri","Perciformes","Sebastidae","Sebastes",NA
"row_906","Eukaryota","Chordata","Actinopteri","Stomiiformes","Stomiidae","Stomias","Stomias atriventer"
"row_907","Eukaryota","Chordata","Actinopteri","Myctophiformes","Myctophidae","Symbolophorus","Symbolophorus californiensis"
"row_908","Eukaryota","Chordata","Actinopteri","Carangiformes","Carangidae","Trachurus","Trachurus symmetricus"
"row_909","Eukaryota","Chordata","Actinopteri","Myctophiformes","Myctophidae","Triphoturus","Triphoturus mexicanus"
"row_910",NA,NA,NA,NA,NA,NA,NA
"row_911","Eukaryota",NA,NA,NA,NA,NA,NA
"row_912","Eukaryota",NA,NA,NA,NA,NA,NA
"row_913","Eukaryota","Chordata","Actinopteri","Myctophiformes","Myctophidae","Ceratoscopelus",NA
"row_914","Eukaryota","Chordata","Actinopteri","Scombriformes","Chiasmodontidae",NA,NA
"row_915","Eukaryota","Chordata","Mammalia","Artiodactyla","Delphinidae",NA,NA
"row_916","Eukaryota","Chordata","Actinopteri","Clupeiformes","Engraulidae","Engraulis","Engraulis mordax"
"row_917","Eukaryota","Chordata","Mammalia",NA,NA,NA,NA
"row_918","Eukaryota","Chordata","Actinopteri","Scombriformes","Centrolophidae","Icichthys","Icichthys lockingtoni"
"row_919","Eukaryota","Chordata","Actinopteri","Gadiformes","Merlucciidae","Merluccius","Merluccius productus"
"row_920","Eukaryota","Chordata","Actinopteri","Myctophiformes","Myctophidae",NA,NA
"row_921","Eukaryota","Chordata","Chondrichthyes","Carcharhiniformes","Carcharhinidae","Prionace","Prionace glauca"
"row_922","Eukaryota","Chordata","Actinopteri","Perciformes","Sebastidae","Sebastes",NA
"row_923","Eukaryota",NA,NA,NA,NA,NA,NA
"row_924","Eukaryota","Chordata","Actinopteri","Myctophiformes","Myctophidae","Symbolophorus","Symbolophorus californiensis"
"row_925","Eukaryota","Chordata","Actinopteri","Carangiformes","Carangidae","Trachurus","Trachurus symmetricus"
"row_926",NA,NA,NA,NA,NA,NA,NA
"row_927","Eukaryota",NA,NA,NA,NA,NA,NA
"row_928","Eukaryota","Chordata","Mammalia","Artiodactyla","Delphinidae",NA,NA
"row_929","Eukaryota","Chordata","Actinopteri","Myctophiformes","Myctophidae","Diaphus","Diaphus theta"
"row_930","Eukaryota","Chordata","Actinopteri","Clupeiformes","Engraulidae","Engraulis","Engraulis mordax"
"row_931","Eukaryota","Chordata",NA,NA,NA,NA,NA
"row_932","Eukaryota","Chordata","Mammalia",NA,NA,NA,NA
"row_933","Eukaryota","Chordata","Actinopteri","Scombriformes","Centrolophidae","Icichthys","Icichthys lockingtoni"
"row_934","Eukaryota","Chordata","Actinopteri","Argentiniformes","Bathylagidae","Leuroglossus",NA
"row_935","Eukaryota","Chordata","Actinopteri","Stomiiformes","Phosichthyidae",NA,NA
"row_936","Eukaryota","Chordata","Chondrichthyes","Carcharhiniformes","Carcharhinidae","Prionace","Prionace glauca"
"row_937","Eukaryota","Chordata","Actinopteri","Perciformes","Sebastidae","Sebastes",NA
"row_938","Eukaryota","Chordata","Actinopteri","Myctophiformes","Myctophidae","Symbolophorus","Symbolophorus californiensis"
"row_939","Eukaryota","Chordata","Actinopteri","Scombriformes","Tetragonuridae","Tetragonurus","Tetragonurus cuvieri"
"row_940","Eukaryota","Chordata","Actinopteri","Carangiformes","Carangidae","Trachurus","Trachurus symmetricus"
"row_941","Eukaryota","Chordata","Actinopteri","Myctophiformes","Myctophidae","Triphoturus","Triphoturus mexicanus"
"row_942",NA,NA,NA,NA,NA,NA,NA
"row_943","Eukaryota","Chordata","Mammalia","Artiodactyla",NA,NA,NA
"row_944","Eukaryota",NA,NA,NA,NA,NA,NA
"row_945","Eukaryota","Chordata","Actinopteri","Myctophiformes","Myctophidae","Ceratoscopelus",NA
"row_946","Eukaryota","Chordata","Actinopteri","Beloniformes","Belonidae","Cololabis","Cololabis saira"
"row_947","Eukaryota","Chordata","Mammalia","Artiodactyla","Delphinidae",NA,NA
"row_948","Eukaryota","Chordata","Actinopteri","Myctophiformes","Myctophidae","Diaphus","Diaphus theta"
"row_949","Eukaryota","Chordata","Actinopteri","Clupeiformes","Engraulidae","Engraulis","Engraulis mordax"
"row_950","Eukaryota","Chordata","Mammalia",NA,NA,NA,NA
"row_951","Eukaryota","Chordata","Actinopteri","Scombriformes","Centrolophidae","Icichthys","Icichthys lockingtoni"
"row_952","Eukaryota","Chordata","Actinopteri","Argentiniformes","Bathylagidae","Leuroglossus",NA
"row_953","Eukaryota",NA,NA,NA,NA,NA,NA
"row_954","Eukaryota","Chordata","Chondrichthyes","Carcharhiniformes","Carcharhinidae","Prionace","Prionace glauca"
"row_955","Eukaryota","Chordata","Actinopteri","Perciformes","Sebastidae","Sebastes",NA
"row_956","Eukaryota","Chordata","Actinopteri","Myctophiformes","Myctophidae","Symbolophorus","Symbolophorus californiensis"
"row_957","Eukaryota","Chordata","Actinopteri","Carangiformes","Carangidae","Trachurus","Trachurus symmetricus"
"row_958",NA,NA,NA,NA,NA,NA,NA
"row_959","Eukaryota",NA,NA,NA,NA,NA,NA
"row_960","Eukaryota",NA,NA,NA,NA,NA,NA
"row_961","Eukaryota","Chordata","Actinopteri","Myctophiformes","Myctophidae","Ceratoscopelus",NA
"row_962","Eukaryota","Chordata","Actinopteri","Pleuronectiformes","Cyclopsettidae","Citharichthys","Citharichthys sordidus"
"row_963","Eukaryota","Chordata","Actinopteri","Pleuronectiformes","Cyclopsettidae","Citharichthys","Citharichthys stigmaeus"
"row_964","Eukaryota","Chordata","Mammalia","Artiodactyla","Delphinidae",NA,NA
"row_965","Eukaryota","Chordata","Actinopteri","Clupeiformes","Engraulidae","Engraulis","Engraulis mordax"
"row_966","Eukaryota",NA,NA,NA,NA,NA,NA
"row_967","Eukaryota","Chordata","Mammalia",NA,NA,NA,NA
"row_968","Eukaryota","Chordata","Actinopteri","Argentiniformes","Bathylagidae","Leuroglossus",NA
"row_969","Eukaryota",NA,NA,NA,NA,NA,NA
"row_970","Eukaryota","Chordata","Actinopteri","Perciformes","Sebastidae","Sebastes",NA
"row_971","Eukaryota","Chordata","Mammalia","Artiodactyla","Delphinidae","Stenella","Stenella coeruleoalba"
"row_972","Eukaryota",NA,NA,NA,NA,NA,NA
"row_973","Eukaryota","Chordata","Actinopteri","Myctophiformes","Myctophidae","Symbolophorus","Symbolophorus californiensis"
"row_974","Eukaryota","Chordata","Actinopteri","Lampriformes","Trachipteridae","Trachipterus",NA
"row_975",NA,NA,NA,NA,NA,NA,NA
"row_976","Eukaryota",NA,NA,NA,NA,NA,NA
"row_977","Eukaryota","Chordata","Mammalia","Artiodactyla","Balaenopteridae","Balaenoptera","Balaenoptera physalus"
"row_978","Eukaryota","Chordata","Actinopteri","Myctophiformes","Myctophidae","Ceratoscopelus",NA
"row_979","Eukaryota","Chordata","Actinopteri","Pleuronectiformes","Cyclopsettidae","Citharichthys","Citharichthys sordidus"
"row_980","Eukaryota","Chordata","Actinopteri","Clupeiformes","Engraulidae","Engraulis","Engraulis mordax"
"row_981","Eukaryota",NA,NA,NA,NA,NA,NA
"row_982","Eukaryota","Chordata","Mammalia",NA,NA,NA,NA
"row_983","Eukaryota","Chordata","Actinopteri","Argentiniformes","Bathylagidae","Lipolagus","Lipolagus ochotensis"
"row_984","Eukaryota",NA,NA,NA,NA,NA,NA
"row_985","Eukaryota","Chordata","Actinopteri","Perciformes","Sebastidae","Sebastes",NA
"row_986","Eukaryota","Chordata","Mammalia","Artiodactyla","Delphinidae","Stenella","Stenella coeruleoalba"
"row_987","Eukaryota",NA,NA,NA,NA,NA,NA
"row_988","Eukaryota","Chordata","Actinopteri","Myctophiformes","Myctophidae","Symbolophorus","Symbolophorus californiensis"
"row_989","Eukaryota","Chordata","Actinopteri","Lampriformes","Trachipteridae","Trachipterus",NA
"row_990",NA,NA,NA,NA,NA,NA,NA
"row_991","Eukaryota",NA,NA,NA,NA,NA,NA
"row_992","Eukaryota","Chordata","Actinopteri","Pleuronectiformes","Cyclopsettidae","Citharichthys","Citharichthys sordidus"
"row_993","Eukaryota","Chordata","Actinopteri","Pleuronectiformes","Cyclopsettidae","Citharichthys","Citharichthys stigmaeus"
"row_994","Eukaryota","Chordata","Actinopteri","Clupeiformes","Engraulidae","Engraulis","Engraulis mordax"
"row_995","Eukaryota",NA,NA,NA,NA,NA,NA
"row_996","Eukaryota","Chordata","Mammalia",NA,NA,NA,NA
"row_997","Eukaryota","Chordata","Actinopteri","Argentiniformes","Bathylagidae","Leuroglossus",NA
"row_998","Eukaryota",NA,NA,NA,NA,NA,NA
"row_999","Eukaryota",NA,NA,NA,NA,NA,NA
"row_1000","Eukaryota","Chordata","Actinopteri","Perciformes","Sebastidae","Sebastes",NA
"row_1001","Eukaryota","Chordata","Mammalia","Artiodactyla","Delphinidae","Stenella","Stenella coeruleoalba"
"row_1002","Eukaryota",NA,NA,NA,NA,NA,NA
"row_1003","Eukaryota","Chordata","Actinopteri","Myctophiformes","Myctophidae","Symbolophorus","Symbolophorus californiensis"
"row_1004","Eukaryota","Chordata","Actinopteri","Lampriformes","Trachipteridae","Trachipterus",NA
"row_1005",NA,NA,NA,NA,NA,NA,NA
"row_1006","Eukaryota",NA,NA,NA,NA,NA,NA
"row_1007","Eukaryota","Chordata","Actinopteri","Myctophiformes","Myctophidae","Ceratoscopelus",NA
"row_1008","Eukaryota","Chordata","Actinopteri","Pleuronectiformes","Cyclopsettidae","Citharichthys","Citharichthys sordidus"
"row_1009","Eukaryota","Chordata","Actinopteri","Pleuronectiformes","Cyclopsettidae","Citharichthys","Citharichthys stigmaeus"
"row_1010","Eukaryota","Chordata","Actinopteri","Beloniformes","Belonidae","Cololabis","Cololabis saira"
"row_1011","Eukaryota","Chordata","Actinopteri","Clupeiformes","Engraulidae","Engraulis","Engraulis mordax"
"row_1012","Eukaryota",NA,NA,NA,NA,NA,NA
"row_1013","Eukaryota","Chordata","Mammalia",NA,NA,NA,NA
"row_1014","Eukaryota","Chordata","Actinopteri","Argentiniformes","Bathylagidae","Leuroglossus",NA
"row_1015","Eukaryota",NA,NA,NA,NA,NA,NA
"row_1016","Eukaryota","Chordata","Actinopteri","Clupeiformes","Clupeidae","Sardinops","Sardinops sagax"
"row_1017","Eukaryota","Chordata","Actinopteri","Perciformes","Sebastidae","Sebastes",NA
"row_1018","Eukaryota",NA,NA,NA,NA,NA,NA
"row_1019","Eukaryota","Chordata","Actinopteri","Myctophiformes","Myctophidae","Symbolophorus","Symbolophorus californiensis"
"row_1020","Eukaryota","Chordata","Actinopteri","Lampriformes","Trachipteridae","Trachipterus",NA
"row_1021",NA,NA,NA,NA,NA,NA,NA
"row_1022","Eukaryota",NA,NA,NA,NA,NA,NA
"row_1023","Eukaryota","Chordata","Mammalia","Artiodactyla","Balaenopteridae","Balaenoptera","Balaenoptera physalus"
"row_1024","Eukaryota","Chordata","Actinopteri","Scombriformes","Chiasmodontidae",NA,NA
"row_1025","Eukaryota","Chordata","Actinopteri","Clupeiformes","Engraulidae","Engraulis","Engraulis mordax"
"row_1026","Eukaryota","Chordata","Mammalia",NA,NA,NA,NA
"row_1027","Eukaryota","Chordata","Actinopteri","Scombriformes","Centrolophidae","Icichthys","Icichthys lockingtoni"
"row_1028","Eukaryota",NA,NA,NA,NA,NA,NA
"row_1029","Eukaryota","Chordata","Actinopteri","Gadiformes","Merlucciidae","Merluccius","Merluccius productus"
"row_1030","Eukaryota","Chordata","Actinopteri","Tetraodontiformes","Molidae","Mola",NA
"row_1031","Eukaryota","Chordata","Actinopteri","Aulopiformes","Paralepididae",NA,NA
"row_1032","Eukaryota",NA,NA,NA,NA,NA,NA
"row_1033","Eukaryota","Chordata","Actinopteri","Stomiiformes","Phosichthyidae",NA,NA
"row_1034","Eukaryota",NA,NA,NA,NA,NA,NA
"row_1035","Eukaryota","Chordata","Chondrichthyes","Carcharhiniformes","Carcharhinidae","Prionace","Prionace glauca"
"row_1036","Eukaryota","Chordata","Actinopteri","Scombriformes","Scombridae","Scomber","Scomber japonicus"
"row_1037","Eukaryota","Chordata","Actinopteri","Perciformes","Sebastidae","Sebastes",NA
"row_1038","Eukaryota","Chordata","Actinopteri","Perciformes","Sebastidae","Sebastes","Sebastes pinniger"
"row_1039","Eukaryota","Chordata","Actinopteri","Stomiiformes","Stomiidae","Stomias","Stomias atriventer"
"row_1040","Eukaryota","Chordata","Actinopteri","Myctophiformes","Myctophidae","Symbolophorus","Symbolophorus californiensis"
"row_1041","Eukaryota","Chordata","Actinopteri","Scombriformes","Scombridae","Thunnus",NA
"row_1042","Eukaryota","Chordata","Actinopteri","Lampriformes","Trachipteridae","Trachipterus",NA
"row_1043",NA,NA,NA,NA,NA,NA,NA
"row_1044","Eukaryota",NA,NA,NA,NA,NA,NA
"row_1045","Eukaryota","Chordata","Actinopteri","Scombriformes","Chiasmodontidae",NA,NA
"row_1046","Eukaryota","Chordata","Actinopteri","Pleuronectiformes","Cyclopsettidae","Citharichthys","Citharichthys sordidus"
"row_1047","Eukaryota","Chordata","Actinopteri","Beloniformes","Belonidae","Cololabis","Cololabis saira"
"row_1048","Eukaryota","Chordata","Actinopteri","Clupeiformes","Engraulidae","Engraulis","Engraulis mordax"
"row_1049","Eukaryota","Chordata","Mammalia",NA,NA,NA,NA
"row_1050","Eukaryota","Chordata","Actinopteri","Scombriformes","Centrolophidae","Icichthys","Icichthys lockingtoni"
"row_1051","Eukaryota","Chordata","Mammalia","Artiodactyla","Delphinidae","Sagmatias","Sagmatias obliquidens"
"row_1052","Eukaryota","Chordata","Actinopteri","Argentiniformes","Bathylagidae","Leuroglossus",NA
"row_1053","Eukaryota","Chordata","Actinopteri","Gadiformes","Merlucciidae","Merluccius","Merluccius productus"
"row_1054","Eukaryota",NA,NA,NA,NA,NA,NA
"row_1055","Eukaryota","Chordata","Actinopteri","Aulopiformes","Paralepididae",NA,NA
"row_1056","Eukaryota",NA,NA,NA,NA,NA,NA
"row_1057","Eukaryota","Chordata","Actinopteri","Stomiiformes","Phosichthyidae",NA,NA
"row_1058","Eukaryota",NA,NA,NA,NA,NA,NA
"row_1059","Eukaryota","Chordata","Chondrichthyes","Carcharhiniformes","Carcharhinidae","Prionace","Prionace glauca"
"row_1060","Eukaryota","Chordata","Actinopteri","Aulopiformes","Scopelarchidae","Rosenblattichthys","Rosenblattichthys volucris"
"row_1061","Eukaryota","Chordata","Actinopteri","Perciformes","Sebastidae","Sebastes",NA
"row_1062","Eukaryota","Chordata","Actinopteri","Perciformes","Sebastidae","Sebastes","Sebastes pinniger"
"row_1063","Eukaryota","Chordata","Actinopteri","Stomiiformes","Stomiidae","Stomias","Stomias atriventer"
"row_1064","Eukaryota",NA,NA,NA,NA,NA,NA
"row_1065","Eukaryota","Chordata","Actinopteri","Myctophiformes","Myctophidae","Symbolophorus","Symbolophorus californiensis"
"row_1066","Eukaryota","Chordata","Actinopteri","Scombriformes","Scombridae","Thunnus",NA
"row_1067","Eukaryota","Chordata","Mammalia",NA,NA,NA,NA
"row_1068",NA,NA,NA,NA,NA,NA,NA
"row_1069","Eukaryota",NA,NA,NA,NA,NA,NA
"row_1070","Eukaryota","Chordata","Mammalia","Artiodactyla","Balaenopteridae","Balaenoptera","Balaenoptera physalus"
"row_1071","Eukaryota","Chordata","Actinopteri","Scombriformes","Chiasmodontidae",NA,NA
"row_1072","Eukaryota","Chordata","Actinopteri","Pleuronectiformes","Cyclopsettidae","Citharichthys","Citharichthys sordidus"
"row_1073","Eukaryota","Chordata","Actinopteri","Clupeiformes","Engraulidae","Engraulis","Engraulis mordax"
"row_1074","Eukaryota","Chordata","Mammalia",NA,NA,NA,NA
"row_1075","Eukaryota","Chordata","Actinopteri","Scombriformes","Centrolophidae","Icichthys","Icichthys lockingtoni"
"row_1076","Eukaryota","Chordata","Actinopteri","Argentiniformes","Bathylagidae","Leuroglossus",NA
"row_1077","Eukaryota","Chordata","Actinopteri","Aulopiformes","Paralepididae",NA,NA
"row_1078","Eukaryota",NA,NA,NA,NA,NA,NA
"row_1079","Eukaryota",NA,NA,NA,NA,NA,NA
"row_1080","Eukaryota","Chordata","Chondrichthyes","Carcharhiniformes","Carcharhinidae","Prionace","Prionace glauca"
"row_1081","Eukaryota","Chordata","Actinopteri","Perciformes","Sebastidae","Sebastes",NA
"row_1082","Eukaryota","Chordata","Actinopteri","Perciformes","Sebastidae","Sebastes","Sebastes pinniger"
"row_1083","Eukaryota","Chordata","Actinopteri","Stomiiformes","Stomiidae","Stomias","Stomias atriventer"
"row_1084","Eukaryota",NA,NA,NA,NA,NA,NA
"row_1085","Eukaryota","Chordata","Actinopteri","Scombriformes","Scombridae","Thunnus",NA
"row_1086",NA,NA,NA,NA,NA,NA,NA
"row_1087","Eukaryota",NA,NA,NA,NA,NA,NA
"row_1088","Eukaryota","Chordata","Mammalia","Artiodactyla","Balaenopteridae","Balaenoptera","Balaenoptera physalus"
"row_1089","Eukaryota","Chordata","Actinopteri","Scombriformes","Chiasmodontidae",NA,NA
"row_1090","Eukaryota","Chordata","Actinopteri","Pleuronectiformes","Cyclopsettidae","Citharichthys","Citharichthys sordidus"
"row_1091","Eukaryota","Chordata","Actinopteri","Pleuronectiformes","Cyclopsettidae","Citharichthys","Citharichthys stigmaeus"
"row_1092","Eukaryota","Chordata","Actinopteri","Beloniformes","Belonidae","Cololabis","Cololabis saira"
"row_1093","Eukaryota","Chordata","Actinopteri","Clupeiformes","Engraulidae","Engraulis","Engraulis mordax"
"row_1094","Eukaryota","Chordata","Mammalia",NA,NA,NA,NA
"row_1095","Eukaryota","Chordata","Actinopteri","Scombriformes","Centrolophidae","Icichthys","Icichthys lockingtoni"
"row_1096","Eukaryota","Chordata","Mammalia","Artiodactyla","Delphinidae","Sagmatias","Sagmatias obliquidens"
"row_1097","Eukaryota","Chordata","Actinopteri","Myctophiformes","Myctophidae","Lampanyctus","Lampanyctus tenuiformis"
"row_1098","Eukaryota","Chordata","Actinopteri","Argentiniformes","Bathylagidae","Leuroglossus",NA
"row_1099","Eukaryota","Chordata","Actinopteri","Gadiformes","Merlucciidae","Merluccius","Merluccius productus"
"row_1100","Eukaryota","Chordata","Actinopteri","Aulopiformes","Paralepididae",NA,NA
"row_1101","Eukaryota",NA,NA,NA,NA,NA,NA
"row_1102","Eukaryota","Chordata","Actinopteri","Stomiiformes","Phosichthyidae",NA,NA
"row_1103","Eukaryota",NA,NA,NA,NA,NA,NA
"row_1104","Eukaryota","Chordata","Actinopteri","Perciformes","Sebastidae","Sebastes",NA
"row_1105","Eukaryota","Chordata","Actinopteri","Perciformes","Sebastidae","Sebastes","Sebastes pinniger"
"row_1106","Eukaryota","Chordata","Mammalia","Artiodactyla","Delphinidae","Stenella","Stenella coeruleoalba"
"row_1107","Eukaryota","Chordata","Actinopteri","Myctophiformes","Myctophidae","Stenobrachius","Stenobrachius leucopsarus"
"row_1108","Eukaryota","Chordata","Actinopteri","Stomiiformes","Stomiidae","Stomias","Stomias atriventer"
"row_1109","Eukaryota",NA,NA,NA,NA,NA,NA
"row_1110","Eukaryota","Chordata","Actinopteri","Myctophiformes","Myctophidae","Symbolophorus","Symbolophorus californiensis"
"row_1111","Eukaryota","Chordata","Actinopteri","Scombriformes","Scombridae","Thunnus",NA
"row_1112",NA,NA,NA,NA,NA,NA,NA
"row_1113","Eukaryota",NA,NA,NA,NA,NA,NA
"row_1114","Eukaryota","Chordata","Mammalia","Artiodactyla","Balaenopteridae","Balaenoptera","Balaenoptera physalus"
"row_1115","Eukaryota","Chordata","Actinopteri","Clupeiformes","Engraulidae","Engraulis","Engraulis mordax"
"row_1116","Eukaryota","Chordata","Mammalia",NA,NA,NA,NA
"row_1117","Eukaryota","Chordata","Actinopteri","Gadiformes","Merlucciidae","Merluccius","Merluccius productus"
"row_1118","Eukaryota",NA,NA,NA,NA,NA,NA
"row_1119","Eukaryota","Chordata","Actinopteri","Stomiiformes","Phosichthyidae",NA,NA
"row_1120","Eukaryota","Chordata","Actinopteri","Perciformes","Sebastidae","Sebastes",NA
"row_1121","Eukaryota","Chordata","Actinopteri","Perciformes","Sebastidae","Sebastes","Sebastes pinniger"
"row_1122","Eukaryota",NA,NA,NA,NA,NA,NA
"row_1123","Eukaryota","Chordata","Actinopteri","Myctophiformes","Myctophidae","Symbolophorus","Symbolophorus californiensis"
"row_1124",NA,NA,NA,NA,NA,NA,NA
"row_1125","Eukaryota",NA,NA,NA,NA,NA,NA
"row_1126","Eukaryota","Chordata","Mammalia","Artiodactyla","Balaenopteridae","Balaenoptera","Balaenoptera physalus"
"row_1127","Eukaryota","Chordata","Mammalia","Artiodactyla","Delphinidae",NA,NA
"row_1128","Eukaryota","Chordata","Actinopteri","Clupeiformes","Engraulidae","Engraulis","Engraulis mordax"
"row_1129","Eukaryota","Chordata","Mammalia",NA,NA,NA,NA
"row_1130","Eukaryota","Chordata","Mammalia","Artiodactyla","Delphinidae","Sagmatias","Sagmatias obliquidens"
"row_1131","Eukaryota","Chordata","Actinopteri","Argentiniformes","Bathylagidae","Leuroglossus",NA
"row_1132","Eukaryota","Chordata","Actinopteri","Gadiformes","Merlucciidae","Merluccius","Merluccius productus"
"row_1133","Eukaryota",NA,NA,NA,NA,NA,NA
"row_1134","Eukaryota","Chordata","Actinopteri","Perciformes","Sebastidae","Sebastes",NA
"row_1135","Eukaryota","Chordata","Actinopteri","Perciformes","Sebastidae","Sebastes","Sebastes pinniger"
"row_1136","Eukaryota","Chordata","Actinopteri","Stomiiformes","Stomiidae","Stomias","Stomias atriventer"
"row_1137","Eukaryota",NA,NA,NA,NA,NA,NA
"row_1138","Eukaryota","Chordata","Actinopteri","Myctophiformes","Myctophidae","Symbolophorus","Symbolophorus californiensis"
"row_1139","Eukaryota","Chordata","Actinopteri","Scombriformes","Scombridae","Thunnus",NA
"row_1140",NA,NA,NA,NA,NA,NA,NA
"row_1141","Eukaryota",NA,NA,NA,NA,NA,NA
"row_1142","Eukaryota","Chordata","Mammalia","Artiodactyla","Balaenopteridae","Balaenoptera","Balaenoptera physalus"
"row_1143","Eukaryota",NA,NA,NA,NA,NA,NA
"row_1144","Eukaryota","Chordata","Mammalia","Artiodactyla","Delphinidae",NA,NA
"row_1145","Eukaryota","Chordata","Actinopteri","Clupeiformes","Engraulidae","Engraulis","Engraulis mordax"
"row_1146","Eukaryota","Chordata","Mammalia",NA,NA,NA,NA
"row_1147","Eukaryota","Chordata","Mammalia","Artiodactyla","Delphinidae","Sagmatias","Sagmatias obliquidens"
"row_1148","Eukaryota",NA,NA,NA,NA,NA,NA
"row_1149","Eukaryota","Chordata","Actinopteri","Stomiiformes","Phosichthyidae",NA,NA
"row_1150","Eukaryota","Chordata","Actinopteri","Perciformes","Sebastidae","Sebastes",NA
"row_1151","Eukaryota","Chordata","Actinopteri","Perciformes","Sebastidae","Sebastes","Sebastes pinniger"
"row_1152","Eukaryota",NA,NA,NA,NA,NA,NA
"row_1153","Eukaryota","Chordata","Actinopteri","Myctophiformes","Myctophidae","Symbolophorus","Symbolophorus californiensis"
"row_1154","Eukaryota","Chordata","Actinopteri","Lampriformes","Trachipteridae","Trachipterus",NA
"row_1155",NA,NA,NA,NA,NA,NA,NA
"row_1156","Eukaryota",NA,NA,NA,NA,NA,NA
"row_1157","Eukaryota","Chordata","Mammalia","Artiodactyla","Balaenopteridae","Balaenoptera","Balaenoptera physalus"
"row_1158","Eukaryota","Chordata","Actinopteri","Scombriformes","Chiasmodontidae",NA,NA
"row_1159","Eukaryota","Chordata","Actinopteri","Pleuronectiformes","Cyclopsettidae","Citharichthys","Citharichthys stigmaeus"
"row_1160","Eukaryota","Chordata","Actinopteri","Clupeiformes","Engraulidae","Engraulis","Engraulis mordax"
"row_1161","Eukaryota","Chordata","Mammalia",NA,NA,NA,NA
"row_1162","Eukaryota","Chordata","Chondrichthyes","Lamniformes","Lamnidae","Isurus","Isurus oxyrinchus"
"row_1163","Eukaryota",NA,NA,NA,NA,NA,NA
"row_1164","Eukaryota","Chordata","Actinopteri","Perciformes","Sebastidae","Sebastes",NA
"row_1165","Eukaryota","Chordata","Actinopteri","Perciformes","Sebastidae","Sebastes","Sebastes pinniger"
"row_1166","Eukaryota",NA,NA,NA,NA,NA,NA
"row_1167",NA,NA,NA,NA,NA,NA,NA
"row_1168","Eukaryota",NA,NA,NA,NA,NA,NA
"row_1169","Eukaryota","Chordata","Mammalia","Artiodactyla","Balaenopteridae","Balaenoptera","Balaenoptera physalus"
"row_1170","Eukaryota","Chordata","Actinopteri","Scombriformes","Chiasmodontidae",NA,NA
"row_1171","Eukaryota","Chordata","Actinopteri","Pleuronectiformes","Cyclopsettidae","Citharichthys","Citharichthys sordidus"
"row_1172","Eukaryota","Chordata","Actinopteri","Pleuronectiformes","Cyclopsettidae","Citharichthys","Citharichthys stigmaeus"
"row_1173","Eukaryota","Chordata","Mammalia","Artiodactyla","Delphinidae",NA,NA
"row_1174","Eukaryota","Chordata","Actinopteri","Clupeiformes","Engraulidae","Engraulis","Engraulis mordax"
"row_1175","Eukaryota",NA,NA,NA,NA,NA,NA
"row_1176","Eukaryota","Chordata","Actinopteri","Argentiniformes","Bathylagidae","Leuroglossus",NA
"row_1177","Eukaryota","Chordata","Actinopteri","Gadiformes","Merlucciidae","Merluccius","Merluccius productus"
"row_1178","Eukaryota","Chordata","Actinopteri","Tetraodontiformes","Molidae","Mola",NA
"row_1179","Eukaryota",NA,NA,NA,NA,NA,NA
"row_1180","Eukaryota","Chordata","Actinopteri","Stomiiformes","Phosichthyidae",NA,NA
"row_1181","Eukaryota",NA,NA,NA,NA,NA,NA
"row_1182","Eukaryota","Chordata","Chondrichthyes","Carcharhiniformes","Carcharhinidae","Prionace","Prionace glauca"
"row_1183","Eukaryota","Chordata","Actinopteri","Perciformes","Sebastidae","Sebastes",NA
"row_1184","Eukaryota","Chordata","Actinopteri","Perciformes","Sebastidae","Sebastes","Sebastes pinniger"
"row_1185","Eukaryota",NA,NA,NA,NA,NA,NA
"row_1186","Eukaryota","Chordata","Actinopteri","Myctophiformes","Myctophidae","Triphoturus","Triphoturus mexicanus"
"row_1187","Eukaryota","Chordata","Mammalia",NA,NA,NA,NA
"row_1188",NA,NA,NA,NA,NA,NA,NA
"row_1189","Eukaryota",NA,NA,NA,NA,NA,NA
"row_1190","Eukaryota","Chordata","Mammalia","Artiodactyla","Balaenopteridae","Balaenoptera","Balaenoptera physalus"
"row_1191","Eukaryota","Chordata","Actinopteri","Pleuronectiformes","Cyclopsettidae","Citharichthys","Citharichthys sordidus"
"row_1192","Eukaryota","Chordata","Actinopteri","Beloniformes","Belonidae","Cololabis","Cololabis saira"
"row_1193","Eukaryota","Chordata","Actinopteri","Stomiiformes","Gonostomatidae","Cyclothone","Cyclothone acclinidens"
"row_1194","Eukaryota","Chordata","Mammalia","Artiodactyla","Delphinidae","Delphinus",NA
"row_1195","Eukaryota","Chordata","Actinopteri","Clupeiformes","Engraulidae","Engraulis","Engraulis mordax"
"row_1196","Eukaryota",NA,NA,NA,NA,NA,NA
"row_1197","Eukaryota","Chordata","Mammalia",NA,NA,NA,NA
"row_1198","Eukaryota","Chordata","Actinopteri","Stomiiformes","Stomiidae","Idiacanthus","Idiacanthus antrostomus"
"row_1199","Eukaryota",NA,NA,NA,NA,NA,NA
"row_1200","Eukaryota",NA,NA,NA,NA,NA,NA
"row_1201","Eukaryota","Chordata","Actinopteri","Stomiiformes","Phosichthyidae",NA,NA
"row_1202","Eukaryota",NA,NA,NA,NA,NA,NA
"row_1203","Eukaryota","Chordata","Actinopteri","Perciformes","Sebastidae","Sebastes",NA
"row_1204","Eukaryota","Chordata","Actinopteri","Perciformes","Sebastidae","Sebastes","Sebastes pinniger"
"row_1205","Eukaryota",NA,NA,NA,NA,NA,NA
"row_1206","Eukaryota","Chordata","Actinopteri","Myctophiformes","Myctophidae","Symbolophorus","Symbolophorus californiensis"
"row_1207","Eukaryota","Chordata","Actinopteri","Myctophiformes","Myctophidae","Triphoturus","Triphoturus mexicanus"
"row_1208","Eukaryota","Chordata","Mammalia",NA,NA,NA,NA
"row_1209",NA,NA,NA,NA,NA,NA,NA
"row_1210","Eukaryota",NA,NA,NA,NA,NA,NA
"row_1211","Eukaryota","Chordata","Actinopteri","Myctophiformes","Myctophidae","Ceratoscopelus",NA
"row_1212","Eukaryota","Chordata","Actinopteri","Scombriformes","Chiasmodontidae",NA,NA
"row_1213","Eukaryota","Chordata","Actinopteri","Pleuronectiformes","Cyclopsettidae","Citharichthys","Citharichthys sordidus"
"row_1214","Eukaryota","Chordata","Mammalia","Artiodactyla","Delphinidae",NA,NA
"row_1215","Eukaryota","Chordata","Actinopteri","Clupeiformes","Engraulidae","Engraulis","Engraulis mordax"
"row_1216","Eukaryota",NA,NA,NA,NA,NA,NA
"row_1217","Eukaryota","Chordata","Mammalia",NA,NA,NA,NA
"row_1218","Eukaryota","Chordata","Actinopteri","Argentiniformes","Bathylagidae","Leuroglossus",NA
"row_1219","Eukaryota","Chordata","Actinopteri","Gadiformes","Merlucciidae","Merluccius","Merluccius productus"
"row_1220","Eukaryota","Chordata","Actinopteri","Tetraodontiformes","Molidae","Mola",NA
"row_1221","Eukaryota","Chordata","Actinopteri","Lophiiformes","Oneirodidae","Oneirodes",NA
"row_1222","Eukaryota",NA,NA,NA,NA,NA,NA
"row_1223","Eukaryota",NA,NA,NA,NA,NA,NA
"row_1224","Eukaryota","Chordata","Actinopteri","Scombriformes","Nomeidae","Psenes","Psenes pellucidus"
"row_1225","Eukaryota","Chordata","Actinopteri","Perciformes","Sebastidae","Sebastes",NA
"row_1226","Eukaryota",NA,NA,NA,NA,NA,NA
"row_1227","Eukaryota","Chordata","Actinopteri","Myctophiformes","Myctophidae","Symbolophorus","Symbolophorus californiensis"
"row_1228","Eukaryota","Chordata","Actinopteri","Syngnathiformes","Syngnathidae","Syngnathus",NA
"row_1229","Eukaryota","Chordata","Actinopteri","Myctophiformes","Myctophidae","Triphoturus","Triphoturus mexicanus"
"row_1230","Eukaryota","Chordata","Mammalia",NA,NA,NA,NA
"row_1231",NA,NA,NA,NA,NA,NA,NA
"row_1232","Eukaryota",NA,NA,NA,NA,NA,NA
"row_1233","Eukaryota","Chordata","Actinopteri","Pleuronectiformes","Cyclopsettidae","Citharichthys","Citharichthys sordidus"
"row_1234","Eukaryota","Chordata","Mammalia","Artiodactyla","Delphinidae",NA,NA
"row_1235","Eukaryota","Chordata","Actinopteri","Clupeiformes","Engraulidae","Engraulis","Engraulis mordax"
"row_1236","Eukaryota",NA,NA,NA,NA,NA,NA
"row_1237","Eukaryota","Chordata","Actinopteri","Argentiniformes","Bathylagidae","Leuroglossus",NA
"row_1238","Eukaryota","Chordata","Actinopteri","Tetraodontiformes","Molidae","Mola",NA
"row_1239","Eukaryota",NA,NA,NA,NA,NA,NA
"row_1240","Eukaryota",NA,NA,NA,NA,NA,NA
"row_1241","Eukaryota","Chordata","Actinopteri","Perciformes","Sebastidae","Sebastes",NA
"row_1242","Eukaryota","Chordata","Actinopteri","Perciformes","Sebastidae","Sebastes","Sebastes pinniger"
"row_1243","Eukaryota",NA,NA,NA,NA,NA,NA
"row_1244","Eukaryota","Chordata","Actinopteri","Myctophiformes","Myctophidae","Symbolophorus","Symbolophorus californiensis"
"row_1245","Eukaryota","Chordata","Actinopteri","Myctophiformes","Myctophidae","Triphoturus","Triphoturus mexicanus"
"row_1246",NA,NA,NA,NA,NA,NA,NA
"row_1247","Eukaryota",NA,NA,NA,NA,NA,NA
"row_1248","Eukaryota","Chordata","Actinopteri","Scombriformes","Chiasmodontidae",NA,NA
"row_1249","Eukaryota","Chordata","Actinopteri","Pleuronectiformes","Cyclopsettidae","Citharichthys","Citharichthys sordidus"
"row_1250","Eukaryota","Chordata","Mammalia","Artiodactyla","Delphinidae",NA,NA
"row_1251","Eukaryota","Chordata","Mammalia","Artiodactyla","Delphinidae","Delphinus",NA
"row_1252","Eukaryota","Chordata","Actinopteri","Clupeiformes","Engraulidae","Engraulis","Engraulis mordax"
"row_1253","Eukaryota","Chordata","Mammalia",NA,NA,NA,NA
"row_1254","Eukaryota","Chordata","Actinopteri","Gadiformes","Merlucciidae","Merluccius",NA
"row_1255","Eukaryota",NA,NA,NA,NA,NA,NA
"row_1256","Eukaryota","Chordata","Actinopteri","Perciformes","Sebastidae","Sebastes",NA
"row_1257","Eukaryota",NA,NA,NA,NA,NA,NA
"row_1258","Eukaryota","Chordata","Actinopteri","Syngnathiformes","Syngnathidae","Syngnathus",NA
"row_1259",NA,NA,NA,NA,NA,NA,NA
"row_1260","Eukaryota",NA,NA,NA,NA,NA,NA
"row_1261","Eukaryota","Chordata","Actinopteri","Scombriformes","Chiasmodontidae",NA,NA
"row_1262","Eukaryota","Chordata","Actinopteri","Pleuronectiformes","Cyclopsettidae","Citharichthys","Citharichthys sordidus"
"row_1263","Eukaryota","Chordata","Mammalia","Artiodactyla","Delphinidae",NA,NA
"row_1264","Eukaryota","Chordata","Mammalia","Artiodactyla","Delphinidae","Delphinus",NA
"row_1265","Eukaryota","Chordata","Actinopteri","Clupeiformes","Engraulidae","Engraulis","Engraulis mordax"
"row_1266","Eukaryota",NA,NA,NA,NA,NA,NA
"row_1267","Eukaryota","Chordata","Actinopteri","Perciformes","Sebastidae","Sebastes",NA
"row_1268","Eukaryota","Chordata","Actinopteri","Perciformes","Sebastidae","Sebastes","Sebastes pinniger"
"row_1269","Eukaryota","Chordata","Mammalia","Artiodactyla","Delphinidae","Stenella","Stenella coeruleoalba"
"row_1270","Eukaryota",NA,NA,NA,NA,NA,NA
"row_1271",NA,NA,NA,NA,NA,NA,NA
"row_1272","Eukaryota",NA,NA,NA,NA,NA,NA
"row_1273","Eukaryota","Chordata","Actinopteri","Scombriformes","Chiasmodontidae",NA,NA
"row_1274","Eukaryota","Chordata","Actinopteri","Pleuronectiformes","Cyclopsettidae","Citharichthys","Citharichthys sordidus"
"row_1275","Eukaryota","Chordata","Mammalia","Artiodactyla","Delphinidae",NA,NA
"row_1276","Eukaryota","Chordata","Actinopteri","Clupeiformes","Engraulidae","Engraulis","Engraulis mordax"
"row_1277","Eukaryota","Chordata","Mammalia",NA,NA,NA,NA
"row_1278","Eukaryota","Chordata","Mammalia",NA,NA,NA,NA
"row_1279","Eukaryota",NA,NA,NA,NA,NA,NA
"row_1280","Eukaryota","Chordata","Chondrichthyes","Myliobatiformes","Dasyatidae","Pteroplatytrygon","Pteroplatytrygon violacea"
"row_1281","Eukaryota","Chordata","Actinopteri","Perciformes","Sebastidae","Sebastes",NA
"row_1282","Eukaryota","Chordata","Mammalia","Artiodactyla","Delphinidae","Stenella","Stenella coeruleoalba"
"row_1283","Eukaryota",NA,NA,NA,NA,NA,NA
"row_1284",NA,NA,NA,NA,NA,NA,NA
"row_1285","Eukaryota",NA,NA,NA,NA,NA,NA
"row_1286","Eukaryota","Chordata","Actinopteri","Scombriformes","Chiasmodontidae",NA,NA
"row_1287","Eukaryota","Chordata","Actinopteri","Pleuronectiformes","Cyclopsettidae","Citharichthys","Citharichthys sordidus"
"row_1288","Eukaryota","Chordata","Mammalia","Artiodactyla","Delphinidae",NA,NA
"row_1289","Eukaryota","Chordata","Actinopteri","Clupeiformes","Engraulidae","Engraulis","Engraulis mordax"
"row_1290","Eukaryota",NA,NA,NA,NA,NA,NA
"row_1291","Eukaryota","Chordata","Chondrichthyes","Carcharhiniformes","Carcharhinidae","Prionace","Prionace glauca"
"row_1292","Eukaryota","Chordata","Actinopteri","Perciformes","Sebastidae","Sebastes",NA
"row_1293","Eukaryota",NA,NA,NA,NA,NA,NA
"row_1294",NA,NA,NA,NA,NA,NA,NA
"row_1295","Eukaryota",NA,NA,NA,NA,NA,NA
"row_1296","Eukaryota",NA,NA,NA,NA,NA,NA
"row_1297","Eukaryota","Chordata","Actinopteri","Pleuronectiformes","Cyclopsettidae","Citharichthys","Citharichthys sordidus"
"row_1298","Eukaryota","Chordata","Mammalia","Artiodactyla","Delphinidae",NA,NA
"row_1299","Eukaryota","Chordata","Mammalia","Artiodactyla","Delphinidae","Delphinus",NA
"row_1300","Eukaryota","Chordata","Actinopteri","Clupeiformes","Engraulidae","Engraulis","Engraulis mordax"
"row_1301","Eukaryota","Chordata",NA,NA,NA,NA,NA
"row_1302","Eukaryota","Chordata","Mammalia",NA,NA,NA,NA
"row_1303","Eukaryota",NA,NA,NA,NA,NA,NA
"row_1304","Eukaryota",NA,NA,NA,NA,NA,NA
"row_1305","Eukaryota","Chordata","Actinopteri","Perciformes","Sebastidae","Sebastes",NA
"row_1306","Eukaryota",NA,NA,NA,NA,NA,NA
"row_1307",NA,NA,NA,NA,NA,NA,NA
"row_1308","Eukaryota",NA,NA,NA,NA,NA,NA
"row_1309","Eukaryota","Chordata","Actinopteri","Pleuronectiformes","Cyclopsettidae","Citharichthys","Citharichthys sordidus"
"row_1310","Eukaryota","Chordata","Mammalia","Artiodactyla","Delphinidae",NA,NA
"row_1311","Eukaryota","Chordata","Actinopteri","Clupeiformes","Engraulidae","Engraulis","Engraulis mordax"
"row_1312","Eukaryota","Chordata","Mammalia",NA,NA,NA,NA
"row_1313","Eukaryota","Chordata","Actinopteri","Argentiniformes","Bathylagidae","Leuroglossus",NA
"row_1314","Eukaryota",NA,NA,NA,NA,NA,NA
"row_1315","Eukaryota",NA,NA,NA,NA,NA,NA
"row_1316","Eukaryota","Chordata","Actinopteri","Scombriformes","Stromateidae","Peprilus",NA
"row_1317","Eukaryota","Chordata","Actinopteri","Perciformes","Sebastidae","Sebastes",NA
"row_1318","Eukaryota",NA,NA,NA,NA,NA,NA
"row_1319",NA,NA,NA,NA,NA,NA,NA
"row_1320","Eukaryota",NA,NA,NA,NA,NA,NA
"row_1321","Eukaryota",NA,NA,NA,NA,NA,NA
"row_1322","Eukaryota","Chordata","Actinopteri","Myctophiformes","Myctophidae","Ceratoscopelus",NA
"row_1323","Eukaryota","Chordata","Actinopteri","Pleuronectiformes","Cyclopsettidae","Citharichthys","Citharichthys sordidus"
"row_1324","Eukaryota","Chordata","Mammalia","Artiodactyla","Delphinidae",NA,NA
"row_1325","Eukaryota","Chordata","Actinopteri","Clupeiformes","Engraulidae","Engraulis","Engraulis mordax"
"row_1326","Eukaryota","Chordata",NA,NA,NA,NA,NA
"row_1327","Eukaryota","Chordata","Mammalia",NA,NA,NA,NA
"row_1328","Eukaryota",NA,NA,NA,NA,NA,NA
"row_1329","Eukaryota","Chordata","Actinopteri","Tetraodontiformes","Molidae","Mola",NA
"row_1330","Eukaryota",NA,NA,NA,NA,NA,NA
"row_1331","Eukaryota","Chordata","Actinopteri","Perciformes","Sebastidae","Sebastes",NA
"row_1332","Eukaryota","Chordata","Actinopteri","Perciformes","Sebastidae","Sebastes","Sebastes zacentrus"
"row_1333","Eukaryota",NA,NA,NA,NA,NA,NA
"row_1334",NA,NA,NA,NA,NA,NA,NA
"row_1335","Eukaryota",NA,NA,NA,NA,NA,NA
"row_1336","Eukaryota","Chordata","Actinopteri","Pleuronectiformes","Cyclopsettidae","Citharichthys","Citharichthys sordidus"
"row_1337","Eukaryota","Chordata","Mammalia","Artiodactyla","Delphinidae",NA,NA
"row_1338","Eukaryota","Chordata","Mammalia","Artiodactyla","Delphinidae","Delphinus",NA
"row_1339","Eukaryota","Chordata","Actinopteri","Clupeiformes","Engraulidae","Engraulis","Engraulis mordax"
"row_1340","Eukaryota","Chordata",NA,NA,NA,NA,NA
"row_1341","Eukaryota","Chordata","Mammalia",NA,NA,NA,NA
"row_1342","Eukaryota",NA,NA,NA,NA,NA,NA
"row_1343","Eukaryota","Chordata","Actinopteri","Gadiformes","Merlucciidae","Merluccius",NA
"row_1344","Eukaryota",NA,NA,NA,NA,NA,NA
"row_1345","Eukaryota","Chordata","Actinopteri","Perciformes","Sebastidae","Sebastes",NA
"row_1346","Eukaryota",NA,NA,NA,NA,NA,NA
"row_1347","Eukaryota","Chordata","Actinopteri","Syngnathiformes","Syngnathidae","Syngnathus",NA
"row_1348",NA,NA,NA,NA,NA,NA,NA
"row_1349","Eukaryota",NA,NA,NA,NA,NA,NA
"row_1350","Eukaryota",NA,NA,NA,NA,NA,NA
"row_1351","Eukaryota","Chordata","Actinopteri","Pleuronectiformes","Cyclopsettidae","Citharichthys","Citharichthys sordidus"
"row_1352","Eukaryota","Chordata","Mammalia","Artiodactyla","Delphinidae",NA,NA
"row_1353","Eukaryota","Chordata","Actinopteri","Clupeiformes","Engraulidae","Engraulis","Engraulis mordax"
"row_1354","Eukaryota","Chordata","Mammalia",NA,NA,NA,NA
"row_1355","Eukaryota","Chordata","Actinopteri","Argentiniformes","Bathylagidae","Leuroglossus",NA
"row_1356","Eukaryota",NA,NA,NA,NA,NA,NA
"row_1357","Eukaryota","Chordata","Actinopteri","Lophiiformes","Oneirodidae","Oneirodes",NA
"row_1358","Eukaryota",NA,NA,NA,NA,NA,NA
"row_1359","Eukaryota","Chordata","Actinopteri","Perciformes","Sebastidae","Sebastes",NA
"row_1360","Eukaryota",NA,NA,NA,NA,NA,NA
"row_1361",NA,NA,NA,NA,NA,NA,NA
"row_1362","Eukaryota",NA,NA,NA,NA,NA,NA
"row_1363","Eukaryota","Chordata","Actinopteri","Pleuronectiformes","Cyclopsettidae","Citharichthys","Citharichthys sordidus"
"row_1364","Eukaryota","Chordata","Mammalia","Artiodactyla","Delphinidae",NA,NA
"row_1365","Eukaryota","Chordata","Actinopteri","Clupeiformes","Engraulidae","Engraulis","Engraulis mordax"
"row_1366","Eukaryota","Chordata","Mammalia",NA,NA,NA,NA
"row_1367","Eukaryota",NA,NA,NA,NA,NA,NA
"row_1368","Eukaryota",NA,NA,NA,NA,NA,NA
"row_1369","Eukaryota","Chordata","Actinopteri","Perciformes","Sebastidae","Sebastes",NA
"row_1370","Eukaryota",NA,NA,NA,NA,NA,NA
"row_1371",NA,NA,NA,NA,NA,NA,NA
"row_1372","Eukaryota",NA,NA,NA,NA,NA,NA
"row_1373","Eukaryota","Chordata","Actinopteri","Pleuronectiformes","Cyclopsettidae","Citharichthys","Citharichthys sordidus"
"row_1374","Eukaryota","Chordata","Mammalia","Artiodactyla","Delphinidae",NA,NA
"row_1375","Eukaryota","Chordata","Mammalia","Artiodactyla","Delphinidae","Delphinus",NA
"row_1376","Eukaryota","Chordata","Actinopteri","Clupeiformes","Engraulidae","Engraulis","Engraulis mordax"
"row_1377","Eukaryota","Chordata","Mammalia",NA,NA,NA,NA
"row_1378","Eukaryota",NA,NA,NA,NA,NA,NA
"row_1379","Eukaryota",NA,NA,NA,NA,NA,NA
"row_1380","Eukaryota","Chordata","Actinopteri","Perciformes","Sebastidae","Sebastes",NA
"row_1381","Eukaryota","Chordata","Mammalia","Artiodactyla","Delphinidae","Stenella","Stenella coeruleoalba"
"row_1382","Eukaryota",NA,NA,NA,NA,NA,NA
"row_1383","Eukaryota","Chordata","Actinopteri","Myctophiformes","Myctophidae","Symbolophorus","Symbolophorus californiensis"
"row_1384",NA,NA,NA,NA,NA,NA,NA
"row_1385","Eukaryota",NA,NA,NA,NA,NA,NA
"row_1386","Eukaryota",NA,NA,NA,NA,NA,NA
"row_1387","Eukaryota","Chordata","Actinopteri","Pleuronectiformes","Cyclopsettidae","Citharichthys","Citharichthys sordidus"
"row_1388","Eukaryota","Chordata","Mammalia","Artiodactyla","Delphinidae",NA,NA
"row_1389","Eukaryota","Chordata","Actinopteri","Clupeiformes","Engraulidae","Engraulis","Engraulis mordax"
"row_1390","Eukaryota","Chordata","Mammalia",NA,NA,NA,NA
"row_1391","Eukaryota",NA,NA,NA,NA,NA,NA
"row_1392","Eukaryota","Chordata","Actinopteri","Perciformes","Sebastidae","Sebastes",NA
"row_1393","Eukaryota","Chordata","Mammalia","Artiodactyla","Delphinidae","Stenella","Stenella coeruleoalba"
"row_1394","Eukaryota",NA,NA,NA,NA,NA,NA
"row_1395","Eukaryota","Chordata","Mammalia",NA,NA,NA,NA
"row_1396",NA,NA,NA,NA,NA,NA,NA
"row_1397","Eukaryota",NA,NA,NA,NA,NA,NA
"row_1398","Eukaryota","Chordata","Actinopteri","Atheriniformes","Atherinopsidae","Atherinopsis","Atherinopsis californiensis"
"row_1399","Eukaryota","Chordata","Actinopteri","Pleuronectiformes","Cyclopsettidae","Citharichthys","Citharichthys sordidus"
"row_1400","Eukaryota","Chordata","Mammalia","Artiodactyla","Delphinidae",NA,NA
"row_1401","Eukaryota","Chordata","Mammalia","Artiodactyla","Delphinidae","Delphinus",NA
"row_1402","Eukaryota","Chordata","Actinopteri","Clupeiformes","Engraulidae","Engraulis","Engraulis mordax"
"row_1403","Eukaryota","Chordata","Mammalia",NA,NA,NA,NA
"row_1404","Eukaryota",NA,NA,NA,NA,NA,NA
"row_1405","Eukaryota","Chordata",NA,NA,NA,NA,NA
"row_1406","Eukaryota","Chordata","Actinopteri","Clupeiformes","Clupeidae","Sardinops","Sardinops sagax"
"row_1407","Eukaryota","Chordata","Actinopteri","Scombriformes","Scombridae","Scomber","Scomber japonicus"
"row_1408","Eukaryota","Chordata","Actinopteri","Perciformes","Sebastidae","Sebastes",NA
"row_1409","Eukaryota",NA,NA,NA,NA,NA,NA
"row_1410","Eukaryota","Chordata","Mammalia","Artiodactyla","Delphinidae","Tursiops","Tursiops truncatus"
"row_1411",NA,NA,NA,NA,NA,NA,NA
"row_1412","Eukaryota",NA,NA,NA,NA,NA,NA
"row_1413","Eukaryota","Chordata","Actinopteri","Pleuronectiformes","Cyclopsettidae","Citharichthys","Citharichthys sordidus"
"row_1414","Eukaryota","Chordata","Mammalia","Artiodactyla","Delphinidae",NA,NA
"row_1415","Eukaryota","Chordata","Mammalia","Artiodactyla","Delphinidae","Delphinus",NA
"row_1416","Eukaryota","Chordata","Actinopteri","Clupeiformes","Engraulidae","Engraulis","Engraulis mordax"
"row_1417","Eukaryota",NA,NA,NA,NA,NA,NA
"row_1418","Eukaryota","Chordata","Mammalia",NA,NA,NA,NA
"row_1419","Eukaryota",NA,NA,NA,NA,NA,NA
"row_1420","Eukaryota","Chordata",NA,NA,NA,NA,NA
"row_1421","Eukaryota","Chordata","Actinopteri","Clupeiformes","Clupeidae","Sardinops","Sardinops sagax"
"row_1422","Eukaryota","Chordata","Actinopteri","Scombriformes","Scombridae","Scomber","Scomber japonicus"
"row_1423","Eukaryota","Chordata","Actinopteri","Perciformes","Sebastidae","Sebastes",NA
"row_1424",NA,NA,NA,NA,NA,NA,NA
"row_1425","Eukaryota",NA,NA,NA,NA,NA,NA
"row_1426","Eukaryota","Chordata","Actinopteri","Atheriniformes","Atherinopsidae","Atherinopsis","Atherinopsis californiensis"
"row_1427","Eukaryota","Chordata","Actinopteri","Pleuronectiformes","Cyclopsettidae","Citharichthys","Citharichthys sordidus"
"row_1428","Eukaryota","Chordata","Mammalia","Artiodactyla","Delphinidae",NA,NA
"row_1429","Eukaryota","Chordata","Mammalia","Artiodactyla","Delphinidae","Delphinus",NA
"row_1430","Eukaryota","Chordata","Actinopteri","Clupeiformes","Engraulidae","Engraulis","Engraulis mordax"
"row_1431","Eukaryota",NA,NA,NA,NA,NA,NA
"row_1432","Eukaryota","Chordata","Mammalia",NA,NA,NA,NA
"row_1433","Eukaryota","Chordata","Actinopteri","Atheriniformes","Atherinopsidae","Leuresthes","Leuresthes tenuis"
"row_1434","Eukaryota","Chordata","Actinopteri","Gadiformes","Merlucciidae","Merluccius","Merluccius productus"
"row_1435","Eukaryota",NA,NA,NA,NA,NA,NA
"row_1436","Eukaryota","Chordata",NA,NA,NA,NA,NA
"row_1437","Eukaryota","Chordata","Actinopteri","Clupeiformes","Clupeidae","Sardinops","Sardinops sagax"
"row_1438","Eukaryota","Chordata","Actinopteri","Scombriformes","Scombridae","Scomber","Scomber japonicus"
"row_1439","Eukaryota","Chordata","Actinopteri","Perciformes","Sebastidae","Sebastes",NA
"row_1440","Eukaryota","Chordata","Actinopteri","Scombriformes","Tetragonuridae","Tetragonurus","Tetragonurus cuvieri"
"row_1441","Eukaryota","Chordata","Actinopteri","Myctophiformes","Myctophidae","Triphoturus","Triphoturus mexicanus"
"row_1442","Eukaryota","Chordata","Mammalia",NA,NA,NA,NA
"row_1443",NA,NA,NA,NA,NA,NA,NA
"row_1444","Eukaryota",NA,NA,NA,NA,NA,NA
"row_1445","Eukaryota","Chordata","Actinopteri","Atheriniformes","Atherinopsidae","Atherinopsis","Atherinopsis californiensis"
"row_1446","Eukaryota","Chordata","Actinopteri","Pleuronectiformes","Cyclopsettidae","Citharichthys","Citharichthys sordidus"
"row_1447","Eukaryota","Chordata","Actinopteri","Clupeiformes","Engraulidae","Engraulis","Engraulis mordax"
"row_1448","Eukaryota","Chordata","Mammalia",NA,NA,NA,NA
"row_1449","Eukaryota",NA,NA,NA,NA,NA,NA
"row_1450","Eukaryota","Chordata",NA,NA,NA,NA,NA
"row_1451","Eukaryota","Chordata","Actinopteri","Clupeiformes","Clupeidae","Sardinops","Sardinops sagax"
"row_1452","Eukaryota","Chordata","Actinopteri","Scombriformes","Scombridae","Scomber","Scomber japonicus"
"row_1453","Eukaryota","Chordata","Actinopteri","Perciformes","Sebastidae","Sebastes","Sebastes pinniger"
"row_1454",NA,NA,NA,NA,NA,NA,NA
"row_1455","Eukaryota",NA,NA,NA,NA,NA,NA
"row_1456","Eukaryota","Chordata","Actinopteri","Scombriformes","Chiasmodontidae",NA,NA
"row_1457","Eukaryota","Chordata","Actinopteri","Pleuronectiformes","Cyclopsettidae","Citharichthys",NA
"row_1458","Eukaryota","Chordata","Actinopteri","Pleuronectiformes","Cyclopsettidae","Citharichthys","Citharichthys sordidus"
"row_1459","Eukaryota","Chordata","Mammalia","Artiodactyla","Delphinidae",NA,NA
"row_1460","Eukaryota","Chordata","Mammalia","Artiodactyla","Delphinidae","Delphinus",NA
"row_1461","Eukaryota","Chordata","Actinopteri","Clupeiformes","Engraulidae","Engraulis","Engraulis mordax"
"row_1462","Eukaryota",NA,NA,NA,NA,NA,NA
"row_1463","Eukaryota","Chordata","Mammalia",NA,NA,NA,NA
"row_1464","Eukaryota","Chordata",NA,NA,NA,NA,NA
"row_1465","Eukaryota","Chordata","Actinopteri","Gadiformes","Merlucciidae","Merluccius","Merluccius productus"
"row_1466","Eukaryota","Chordata","Actinopteri","Perciformes","Scorpaenidae","Scorpaena","Scorpaena guttata"
"row_1467","Eukaryota","Chordata","Actinopteri","Perciformes","Sebastidae","Sebastes",NA
"row_1468","Eukaryota","Chordata","Mammalia","Artiodactyla","Delphinidae","Tursiops","Tursiops truncatus"
"row_1469","Eukaryota","Chordata","Mammalia",NA,NA,NA,NA
"row_1470",NA,NA,NA,NA,NA,NA,NA
"row_1471","Eukaryota",NA,NA,NA,NA,NA,NA
"row_1472","Eukaryota","Chordata","Actinopteri","Myctophiformes","Myctophidae","Ceratoscopelus",NA
"row_1473","Eukaryota","Chordata","Actinopteri","Pleuronectiformes","Cyclopsettidae","Citharichthys",NA
"row_1474","Eukaryota","Chordata","Actinopteri","Pleuronectiformes","Cyclopsettidae","Citharichthys","Citharichthys sordidus"
"row_1475","Eukaryota","Chordata","Mammalia","Artiodactyla","Delphinidae",NA,NA
"row_1476","Eukaryota","Chordata","Mammalia","Artiodactyla","Delphinidae","Delphinus",NA
"row_1477","Eukaryota","Chordata","Actinopteri","Clupeiformes","Engraulidae","Engraulis","Engraulis mordax"
"row_1478","Eukaryota",NA,NA,NA,NA,NA,NA
"row_1479","Eukaryota","Chordata","Mammalia",NA,NA,NA,NA
"row_1480","Eukaryota","Chordata","Actinopteri","Argentiniformes","Bathylagidae","Leuroglossus",NA
"row_1481","Eukaryota","Chordata","Actinopteri","Gadiformes","Merlucciidae","Merluccius","Merluccius productus"
"row_1482","Eukaryota","Chordata","Actinopteri","Perciformes","Sebastidae","Sebastes",NA
"row_1483","Eukaryota",NA,NA,NA,NA,NA,NA
"row_1484","Eukaryota","Chordata","Mammalia","Artiodactyla",NA,NA,NA
"row_1485","Eukaryota","Chordata","Mammalia",NA,NA,NA,NA
"row_1486",NA,NA,NA,NA,NA,NA,NA
"row_1487","Eukaryota",NA,NA,NA,NA,NA,NA
"row_1488","Eukaryota","Chordata","Mammalia","Artiodactyla",NA,NA,NA
"row_1489","Eukaryota","Chordata","Actinopteri","Pleuronectiformes","Cyclopsettidae","Citharichthys",NA
"row_1490","Eukaryota","Chordata","Actinopteri","Pleuronectiformes","Cyclopsettidae","Citharichthys","Citharichthys sordidus"
"row_1491","Eukaryota","Chordata","Actinopteri","Beloniformes","Belonidae","Cololabis","Cololabis saira"
"row_1492","Eukaryota","Chordata","Mammalia","Artiodactyla","Delphinidae",NA,NA
"row_1493","Eukaryota","Chordata","Mammalia","Artiodactyla","Delphinidae","Delphinus",NA
"row_1494","Eukaryota","Chordata","Actinopteri","Clupeiformes","Engraulidae","Engraulis","Engraulis mordax"
"row_1495","Eukaryota",NA,NA,NA,NA,NA,NA
"row_1496","Eukaryota","Chordata","Mammalia",NA,NA,NA,NA
"row_1497","Eukaryota","Chordata","Actinopteri","Argentiniformes","Bathylagidae","Leuroglossus",NA
"row_1498","Eukaryota","Chordata","Actinopteri","Lophiiformes","Oneirodidae","Oneirodes",NA
"row_1499","Eukaryota","Chordata","Actinopteri","Stomiiformes","Phosichthyidae",NA,NA
"row_1500","Eukaryota","Chordata","Actinopteri","Pleuronectiformes","Pleuronectidae",NA,NA
"row_1501","Eukaryota","Chordata","Chondrichthyes","Carcharhiniformes","Carcharhinidae","Prionace","Prionace glauca"
"row_1502","Eukaryota","Chordata","Actinopteri","Perciformes","Sebastidae","Sebastes",NA
"row_1503","Eukaryota","Chordata","Actinopteri","Myctophiformes","Myctophidae","Symbolophorus","Symbolophorus californiensis"
"row_1504","Eukaryota","Chordata","Actinopteri","Syngnathiformes","Syngnathidae","Syngnathus",NA
"row_1505","Eukaryota","Chordata","Actinopteri","Scombriformes","Tetragonuridae","Tetragonurus","Tetragonurus cuvieri"
"row_1506","Eukaryota","Chordata","Actinopteri","Carangiformes","Carangidae","Trachurus","Trachurus symmetricus"
"row_1507","Eukaryota","Chordata","Mammalia",NA,NA,NA,NA
"row_1508",NA,NA,NA,NA,NA,NA,NA
"row_1509","Eukaryota","Chordata","Mammalia","Artiodactyla",NA,NA,NA
"row_1510","Eukaryota",NA,NA,NA,NA,NA,NA
"row_1511","Eukaryota",NA,NA,NA,NA,NA,NA
"row_1512","Eukaryota","Chordata","Actinopteri","Pleuronectiformes","Cyclopsettidae","Citharichthys",NA
"row_1513","Eukaryota","Chordata","Actinopteri","Pleuronectiformes","Cyclopsettidae","Citharichthys","Citharichthys sordidus"
"row_1514","Eukaryota","Chordata","Mammalia","Artiodactyla","Delphinidae",NA,NA
"row_1515","Eukaryota","Chordata","Mammalia","Artiodactyla","Delphinidae","Delphinus",NA
"row_1516","Eukaryota","Chordata","Actinopteri","Clupeiformes","Engraulidae","Engraulis","Engraulis mordax"
"row_1517","Eukaryota",NA,NA,NA,NA,NA,NA
"row_1518","Eukaryota","Chordata","Mammalia",NA,NA,NA,NA
"row_1519","Eukaryota","Chordata","Actinopteri","Perciformes","Serranidae","Paralabrax","Paralabrax clathratus"
"row_1520","Eukaryota","Chordata","Actinopteri","Scombriformes","Scombridae","Sarda",NA
"row_1521","Eukaryota","Chordata","Actinopteri","Perciformes","Sebastidae","Sebastes",NA
"row_1522","Eukaryota",NA,NA,NA,NA,NA,NA
"row_1523","Eukaryota","Chordata","Actinopteri","Myctophiformes","Myctophidae","Symbolophorus","Symbolophorus californiensis"
"row_1524","Eukaryota","Chordata","Mammalia","Artiodactyla","Delphinidae","Tursiops","Tursiops truncatus"
"row_1525","Eukaryota","Chordata","Mammalia",NA,NA,NA,NA
"row_1526",NA,NA,NA,NA,NA,NA,NA
"row_1527","Eukaryota",NA,NA,NA,NA,NA,NA
"row_1528","Eukaryota","Chordata","Actinopteri","Pleuronectiformes","Cyclopsettidae","Citharichthys","Citharichthys sordidus"
"row_1529","Eukaryota","Chordata","Mammalia","Artiodactyla","Delphinidae",NA,NA
"row_1530","Eukaryota","Chordata","Actinopteri","Clupeiformes","Engraulidae","Engraulis","Engraulis mordax"
"row_1531","Eukaryota",NA,NA,NA,NA,NA,NA
"row_1532","Eukaryota","Chordata","Chondrichthyes","Myliobatiformes","Myliobatidae","Myliobatis","Myliobatis californica"
"row_1533","Eukaryota","Chordata","Actinopteri","Perciformes","Sebastidae","Sebastes",NA
"row_1534","Eukaryota",NA,NA,NA,NA,NA,NA
"row_1535",NA,NA,NA,NA,NA,NA,NA
"row_1536","Eukaryota",NA,NA,NA,NA,NA,NA
"row_1537","Eukaryota","Chordata","Actinopteri","Pleuronectiformes","Cyclopsettidae","Citharichthys","Citharichthys sordidus"
"row_1538","Eukaryota","Chordata","Actinopteri","Clupeiformes","Engraulidae","Engraulis","Engraulis mordax"
"row_1539","Eukaryota","Chordata","Mammalia",NA,NA,NA,NA
"row_1540","Eukaryota","Chordata","Actinopteri","Gadiformes","Merlucciidae","Merluccius","Merluccius productus"
"row_1541","Eukaryota","Chordata","Actinopteri","Perciformes","Sebastidae","Sebastes",NA
"row_1542",NA,NA,NA,NA,NA,NA,NA
"row_1543","Eukaryota",NA,NA,NA,NA,NA,NA
"row_1544","Eukaryota","Chordata","Actinopteri","Pleuronectiformes","Cyclopsettidae","Citharichthys","Citharichthys sordidus"
"row_1545","Eukaryota","Chordata","Actinopteri","Clupeiformes","Engraulidae","Engraulis","Engraulis mordax"
"row_1546","Eukaryota",NA,NA,NA,NA,NA,NA
"row_1547","Eukaryota","Chordata","Actinopteri","Perciformes","Sebastidae","Sebastes",NA
"row_1548",NA,NA,NA,NA,NA,NA,NA
"row_1549","Eukaryota",NA,NA,NA,NA,NA,NA
"row_1550","Eukaryota","Chordata","Actinopteri","Pleuronectiformes","Cyclopsettidae","Citharichthys","Citharichthys sordidus"
"row_1551","Eukaryota","Chordata","Actinopteri","Clupeiformes","Engraulidae","Engraulis","Engraulis mordax"
"row_1552","Eukaryota",NA,NA,NA,NA,NA,NA
"row_1553","Eukaryota","Chordata","Mammalia",NA,NA,NA,NA
"row_1554","Eukaryota","Chordata","Actinopteri","Scombriformes","Scombridae","Sarda",NA
"row_1555",NA,NA,NA,NA,NA,NA,NA
"row_1556","Eukaryota",NA,NA,NA,NA,NA,NA
"row_1557","Eukaryota","Chordata","Actinopteri","Pleuronectiformes","Cyclopsettidae","Citharichthys","Citharichthys stigmaeus"
"row_1558","Eukaryota","Chordata","Mammalia","Artiodactyla","Delphinidae",NA,NA
"row_1559","Eukaryota","Chordata","Actinopteri","Clupeiformes","Engraulidae","Engraulis","Engraulis mordax"
"row_1560","Eukaryota","Chordata",NA,NA,NA,NA,NA
"row_1561","Eukaryota","Chordata","Actinopteri","Myctophiformes","Myctophidae","Lampanyctus","Lampanyctus tenuiformis"
"row_1562","Eukaryota","Chordata","Actinopteri","Argentiniformes","Bathylagidae","Leuroglossus",NA
"row_1563","Eukaryota","Chordata","Actinopteri","Gadiformes","Merlucciidae","Merluccius",NA
"row_1564","Eukaryota","Chordata","Actinopteri","Gadiformes","Merlucciidae","Merluccius","Merluccius productus"
"row_1565","Eukaryota","Chordata","Actinopteri","Pleuronectiformes","Paralichthyidae","Paralichthys","Paralichthys californicus"
"row_1566","Eukaryota",NA,NA,NA,NA,NA,NA
"row_1567","Eukaryota","Chordata","Chondrichthyes","Carcharhiniformes","Carcharhinidae","Prionace","Prionace glauca"
"row_1568","Eukaryota","Chordata","Actinopteri","Perciformes","Sebastidae","Sebastes",NA
"row_1569","Eukaryota",NA,NA,NA,NA,NA,NA
"row_1570","Eukaryota","Chordata","Actinopteri","Syngnathiformes","Syngnathidae","Syngnathus",NA
"row_1571",NA,NA,NA,NA,NA,NA,NA
"row_1572","Eukaryota",NA,NA,NA,NA,NA,NA
"row_1573","Eukaryota","Chordata","Actinopteri","Pleuronectiformes","Cyclopsettidae","Citharichthys","Citharichthys stigmaeus"
"row_1574","Eukaryota","Chordata","Mammalia","Artiodactyla","Delphinidae",NA,NA
"row_1575","Eukaryota","Chordata","Mammalia","Artiodactyla","Delphinidae","Delphinus",NA
"row_1576","Eukaryota","Chordata","Actinopteri","Clupeiformes","Engraulidae","Engraulis","Engraulis mordax"
"row_1577","Eukaryota","Chordata","Actinopteri","Myctophiformes","Myctophidae","Lampanyctus","Lampanyctus tenuiformis"
"row_1578","Eukaryota","Chordata","Actinopteri","Gadiformes","Merlucciidae","Merluccius","Merluccius productus"
"row_1579","Eukaryota","Chordata","Actinopteri","Pleuronectiformes","Paralichthyidae","Paralichthys","Paralichthys californicus"
"row_1580","Eukaryota",NA,NA,NA,NA,NA,NA
"row_1581","Eukaryota",NA,NA,NA,NA,NA,NA
"row_1582","Eukaryota","Chordata","Actinopteri","Syngnathiformes","Syngnathidae","Syngnathus",NA
"row_1583",NA,NA,NA,NA,NA,NA,NA
"row_1584","Eukaryota",NA,NA,NA,NA,NA,NA
"row_1585","Eukaryota","Chordata","Actinopteri","Atheriniformes","Atherinopsidae","Atherinopsis","Atherinopsis californiensis"
"row_1586","Eukaryota","Chordata","Actinopteri","Pleuronectiformes","Cyclopsettidae","Citharichthys",NA
"row_1587","Eukaryota","Chordata","Actinopteri","Pleuronectiformes","Cyclopsettidae","Citharichthys","Citharichthys sordidus"
"row_1588","Eukaryota","Chordata","Actinopteri","Pleuronectiformes","Cyclopsettidae","Citharichthys","Citharichthys stigmaeus"
"row_1589","Eukaryota","Chordata","Mammalia","Artiodactyla","Delphinidae",NA,NA
"row_1590","Eukaryota","Chordata","Mammalia","Artiodactyla","Delphinidae","Delphinus",NA
"row_1591","Eukaryota","Chordata","Actinopteri","Clupeiformes","Engraulidae","Engraulis","Engraulis mordax"
"row_1592","Eukaryota","Chordata",NA,NA,NA,NA,NA
"row_1593","Eukaryota","Chordata","Actinopteri","Myctophiformes","Myctophidae","Lampanyctus","Lampanyctus tenuiformis"
"row_1594","Eukaryota",NA,NA,NA,NA,NA,NA
"row_1595","Eukaryota","Chordata","Actinopteri","Gadiformes","Merlucciidae","Merluccius","Merluccius productus"
"row_1596","Eukaryota","Chordata","Actinopteri","Pleuronectiformes","Paralichthyidae","Paralichthys","Paralichthys californicus"
"row_1597","Eukaryota",NA,NA,NA,NA,NA,NA
"row_1598","Eukaryota","Chordata","Actinopteri","Perciformes","Sebastidae","Sebastes",NA
"row_1599","Eukaryota",NA,NA,NA,NA,NA,NA
"row_1600","Eukaryota","Chordata","Actinopteri","Myctophiformes","Myctophidae","Symbolophorus","Symbolophorus californiensis"
"row_1601","Eukaryota","Chordata","Actinopteri","Syngnathiformes","Syngnathidae","Syngnathus",NA
"row_1602","Eukaryota","Chordata","Mammalia","Artiodactyla","Delphinidae","Tursiops","Tursiops truncatus"
"row_1603","Eukaryota","Chordata","Mammalia",NA,NA,NA,NA
"row_1604",NA,NA,NA,NA,NA,NA,NA
"row_1605","Eukaryota",NA,NA,NA,NA,NA,NA
"row_1606","Eukaryota",NA,NA,NA,NA,NA,NA
"row_1607","Eukaryota","Chordata","Actinopteri","Pleuronectiformes","Cyclopsettidae","Citharichthys","Citharichthys stigmaeus"
"row_1608","Eukaryota","Chordata","Mammalia","Artiodactyla","Delphinidae","Delphinus",NA
"row_1609","Eukaryota","Chordata","Actinopteri","Clupeiformes","Engraulidae","Engraulis","Engraulis mordax"
"row_1610","Eukaryota","Chordata",NA,NA,NA,NA,NA
"row_1611","Eukaryota","Chordata","Mammalia",NA,NA,NA,NA
"row_1612","Eukaryota","Chordata","Actinopteri","Gadiformes","Merlucciidae","Merluccius",NA
"row_1613","Eukaryota","Chordata","Actinopteri","Gadiformes","Merlucciidae","Merluccius","Merluccius productus"
"row_1614","Eukaryota","Chordata","Actinopteri","Pleuronectiformes","Paralichthyidae","Paralichthys","Paralichthys californicus"
"row_1615","Eukaryota",NA,NA,NA,NA,NA,NA
"row_1616","Eukaryota","Chordata","Actinopteri","Stomiiformes","Phosichthyidae",NA,NA
"row_1617","Eukaryota","Chordata","Actinopteri","Perciformes","Sebastidae","Sebastes",NA
"row_1618","Eukaryota",NA,NA,NA,NA,NA,NA
"row_1619","Eukaryota","Chordata","Actinopteri","Syngnathiformes","Syngnathidae","Syngnathus",NA
"row_1620",NA,NA,NA,NA,NA,NA,NA
"row_1621","Eukaryota","Chordata","Mammalia","Artiodactyla",NA,NA,NA
"row_1622","Eukaryota",NA,NA,NA,NA,NA,NA
"row_1623","Eukaryota","Chordata","Actinopteri","Atheriniformes","Atherinopsidae","Atherinops","Atherinops affinis"
"row_1624","Eukaryota","Chordata","Actinopteri","Perciformes","Aulorhynchidae","Aulorhynchus","Aulorhynchus flavidus"
"row_1625","Eukaryota",NA,NA,NA,NA,NA,NA
"row_1626","Eukaryota","Chordata","Actinopteri","Pleuronectiformes","Cyclopsettidae","Citharichthys",NA
"row_1627","Eukaryota","Chordata","Actinopteri","Pleuronectiformes","Cyclopsettidae","Citharichthys","Citharichthys sordidus"
"row_1628","Eukaryota","Chordata","Actinopteri","Pleuronectiformes","Cyclopsettidae","Citharichthys","Citharichthys stigmaeus"
"row_1629","Eukaryota","Chordata","Mammalia","Artiodactyla","Delphinidae",NA,NA
"row_1630","Eukaryota","Chordata","Actinopteri","Clupeiformes","Engraulidae","Engraulis","Engraulis mordax"
"row_1631","Eukaryota",NA,NA,NA,NA,NA,NA
"row_1632","Eukaryota",NA,NA,NA,NA,NA,NA
"row_1633","Eukaryota","Chordata","Actinopteri","Gadiformes","Merlucciidae","Merluccius","Merluccius productus"
"row_1634","Eukaryota",NA,NA,NA,NA,NA,NA
"row_1635","Eukaryota",NA,NA,NA,NA,NA,NA
"row_1636","Eukaryota","Chordata","Actinopteri","Perciformes","Sebastidae","Sebastes",NA
"row_1637","Eukaryota",NA,NA,NA,NA,NA,NA
"row_1638","Eukaryota","Chordata","Actinopteri","Syngnathiformes","Syngnathidae","Syngnathus",NA
"row_1639","Eukaryota","Chordata","Mammalia","Artiodactyla","Delphinidae","Tursiops","Tursiops truncatus"
"row_1640","Eukaryota","Chordata","Mammalia",NA,NA,NA,NA
"row_1641",NA,NA,NA,NA,NA,NA,NA
"row_1642","Eukaryota",NA,NA,NA,NA,NA,NA
"row_1643","Eukaryota",NA,NA,NA,NA,NA,NA
"row_1644","Eukaryota","Chordata","Actinopteri","Pleuronectiformes","Cyclopsettidae","Citharichthys",NA
"row_1645","Eukaryota","Chordata","Actinopteri","Pleuronectiformes","Cyclopsettidae","Citharichthys","Citharichthys sordidus"
"row_1646","Eukaryota","Chordata","Actinopteri","Pleuronectiformes","Cyclopsettidae","Citharichthys","Citharichthys stigmaeus"
"row_1647","Eukaryota","Chordata","Actinopteri","Clupeiformes","Engraulidae","Engraulis","Engraulis mordax"
"row_1648","Eukaryota",NA,NA,NA,NA,NA,NA
"row_1649","Eukaryota","Chordata","Mammalia","Artiodactyla","Delphinidae","Grampus","Grampus griseus"
"row_1650","Eukaryota","Chordata","Mammalia",NA,NA,NA,NA
"row_1651","Eukaryota","Chordata","Actinopteri","Scombriformes","Centrolophidae","Icichthys","Icichthys lockingtoni"
"row_1652","Eukaryota","Chordata","Actinopteri","Gadiformes","Merlucciidae","Merluccius","Merluccius productus"
"row_1653","Eukaryota",NA,NA,NA,NA,NA,NA
"row_1654","Eukaryota",NA,NA,NA,NA,NA,NA
"row_1655","Eukaryota",NA,NA,NA,NA,NA,NA
"row_1656","Eukaryota","Chordata","Actinopteri","Clupeiformes","Clupeidae","Sardinops","Sardinops sagax"
"row_1657","Eukaryota","Chordata","Actinopteri","Perciformes","Sebastidae","Sebastes",NA
"row_1658","Eukaryota","Chordata","Actinopteri","Perciformes","Sebastidae","Sebastes","Sebastes pinniger"
"row_1659","Eukaryota",NA,NA,NA,NA,NA,NA
"row_1660","Eukaryota","Chordata","Actinopteri","Syngnathiformes","Syngnathidae","Syngnathus",NA
"row_1661","Eukaryota","Chordata","Actinopteri","Carangiformes","Carangidae","Trachurus","Trachurus symmetricus"
"row_1662","Eukaryota","Chordata","Mammalia",NA,NA,NA,NA
"row_1663",NA,NA,NA,NA,NA,NA,NA
"row_1664","Eukaryota",NA,NA,NA,NA,NA,NA
"row_1665","Eukaryota","Chordata","Actinopteri","Myctophiformes","Myctophidae","Ceratoscopelus",NA
"row_1666","Eukaryota","Chordata","Actinopteri","Scombriformes","Chiasmodontidae",NA,NA
"row_1667","Eukaryota","Chordata","Actinopteri","Pleuronectiformes","Cyclopsettidae","Citharichthys",NA
"row_1668","Eukaryota","Chordata","Actinopteri","Pleuronectiformes","Cyclopsettidae","Citharichthys","Citharichthys sordidus"
"row_1669","Eukaryota","Chordata","Actinopteri","Pleuronectiformes","Cyclopsettidae","Citharichthys","Citharichthys stigmaeus"
"row_1670","Eukaryota","Chordata","Mammalia","Artiodactyla","Delphinidae",NA,NA
"row_1671","Eukaryota","Chordata","Mammalia","Artiodactyla","Delphinidae","Delphinus",NA
"row_1672","Eukaryota","Chordata","Actinopteri","Clupeiformes","Engraulidae","Engraulis","Engraulis mordax"
"row_1673","Eukaryota",NA,NA,NA,NA,NA,NA
"row_1674","Eukaryota","Chordata","Actinopteri","Argentiniformes","Bathylagidae","Leuroglossus",NA
"row_1675","Eukaryota",NA,NA,NA,NA,NA,NA
"row_1676","Eukaryota","Chordata","Actinopteri","Gadiformes","Merlucciidae","Merluccius","Merluccius productus"
"row_1677","Eukaryota","Chordata","Actinopteri","Tetraodontiformes","Molidae","Mola",NA
"row_1678","Eukaryota",NA,NA,NA,NA,NA,NA
"row_1679","Eukaryota",NA,NA,NA,NA,NA,NA
"row_1680","Eukaryota","Chordata","Actinopteri","Scombriformes","Nomeidae","Psenes","Psenes pellucidus"
"row_1681","Eukaryota","Chordata","Actinopteri","Perciformes","Sebastidae","Sebastes",NA
"row_1682","Eukaryota",NA,NA,NA,NA,NA,NA
"row_1683","Eukaryota","Chordata","Actinopteri","Myctophiformes","Myctophidae","Symbolophorus","Symbolophorus californiensis"
"row_1684","Eukaryota","Chordata","Actinopteri","Syngnathiformes","Syngnathidae","Syngnathus",NA
"row_1685","Eukaryota","Chordata","Actinopteri","Myctophiformes","Myctophidae","Triphoturus","Triphoturus mexicanus"
"row_1686","Eukaryota","Chordata","Mammalia",NA,NA,NA,NA
"row_1687",NA,NA,NA,NA,NA,NA,NA
"row_1688","Eukaryota",NA,NA,NA,NA,NA,NA
"row_1689","Eukaryota","Chordata","Actinopteri","Pleuronectiformes","Cyclopsettidae","Citharichthys",NA
"row_1690","Eukaryota","Chordata","Actinopteri","Pleuronectiformes","Cyclopsettidae","Citharichthys","Citharichthys sordidus"
"row_1691","Eukaryota","Chordata","Actinopteri","Pleuronectiformes","Cyclopsettidae","Citharichthys","Citharichthys stigmaeus"
"row_1692","Eukaryota","Chordata","Mammalia","Artiodactyla","Delphinidae",NA,NA
"row_1693","Eukaryota","Chordata","Actinopteri","Clupeiformes","Engraulidae","Engraulis","Engraulis mordax"
"row_1694","Eukaryota",NA,NA,NA,NA,NA,NA
"row_1695","Eukaryota","Chordata","Mammalia",NA,NA,NA,NA
"row_1696","Eukaryota",NA,NA,NA,NA,NA,NA
"row_1697","Eukaryota","Chordata","Actinopteri","Gadiformes","Merlucciidae","Merluccius","Merluccius productus"
"row_1698","Eukaryota",NA,NA,NA,NA,NA,NA
"row_1699","Eukaryota",NA,NA,NA,NA,NA,NA
"row_1700","Eukaryota",NA,NA,NA,NA,NA,NA
"row_1701","Eukaryota","Chordata","Actinopteri","Syngnathiformes","Syngnathidae","Syngnathus",NA
"row_1702","Eukaryota","Chordata","Chondrichthyes","Carcharhiniformes","Triakidae","Triakis","Triakis semifasciata"
"row_1703","Eukaryota","Chordata","Mammalia",NA,NA,NA,NA
"row_1704",NA,NA,NA,NA,NA,NA,NA
"row_1705","Eukaryota",NA,NA,NA,NA,NA,NA
"row_1706","Eukaryota","Chordata","Actinopteri","Pleuronectiformes","Cyclopsettidae","Citharichthys","Citharichthys sordidus"
"row_1707","Eukaryota","Chordata","Actinopteri","Beloniformes","Belonidae","Cololabis","Cololabis saira"
"row_1708","Eukaryota","Chordata","Mammalia","Artiodactyla","Delphinidae",NA,NA
"row_1709","Eukaryota","Chordata","Actinopteri","Clupeiformes","Engraulidae","Engraulis","Engraulis mordax"
"row_1710","Eukaryota","Chordata","Mammalia","Artiodactyla","Delphinidae","Grampus","Grampus griseus"
"row_1711","Eukaryota","Chordata","Mammalia",NA,NA,NA,NA
"row_1712","Eukaryota","Chordata","Actinopteri","Gadiformes","Merlucciidae","Merluccius","Merluccius productus"
"row_1713","Eukaryota",NA,NA,NA,NA,NA,NA
"row_1714","Eukaryota",NA,NA,NA,NA,NA,NA
"row_1715","Eukaryota","Chordata","Actinopteri","Perciformes","Sebastidae","Sebastes",NA
"row_1716","Eukaryota","Chordata","Mammalia","Artiodactyla","Delphinidae","Stenella","Stenella coeruleoalba"
"row_1717","Eukaryota",NA,NA,NA,NA,NA,NA
"row_1718","Eukaryota","Chordata","Actinopteri","Myctophiformes","Myctophidae","Symbolophorus",NA
"row_1719","Eukaryota","Chordata","Actinopteri","Myctophiformes","Myctophidae","Symbolophorus","Symbolophorus californiensis"
"row_1720","Eukaryota","Chordata","Actinopteri","Syngnathiformes","Syngnathidae","Syngnathus",NA
"row_1721","Eukaryota","Chordata","Mammalia","Artiodactyla","Delphinidae","Tursiops","Tursiops truncatus"
"row_1722","Eukaryota","Chordata","Mammalia",NA,NA,NA,NA
"row_1723",NA,NA,NA,NA,NA,NA,NA
"row_1724","Eukaryota",NA,NA,NA,NA,NA,NA
"row_1725","Eukaryota","Chordata","Mammalia","Artiodactyla","Delphinidae",NA,NA
"row_1726","Eukaryota","Chordata","Actinopteri","Clupeiformes","Engraulidae","Engraulis","Engraulis mordax"
"row_1727","Eukaryota","Chordata","Mammalia","Artiodactyla","Delphinidae","Grampus","Grampus griseus"
"row_1728","Eukaryota","Chordata","Mammalia",NA,NA,NA,NA
"row_1729","Eukaryota","Chordata","Mammalia","Artiodactyla","Delphinidae","Sagmatias","Sagmatias obliquidens"
"row_1730","Eukaryota","Chordata","Actinopteri","Gadiformes","Merlucciidae","Merluccius","Merluccius productus"
"row_1731","Eukaryota",NA,NA,NA,NA,NA,NA
"row_1732","Eukaryota","Chordata",NA,NA,NA,NA,NA
"row_1733","Eukaryota","Chordata","Actinopteri","Perciformes","Sebastidae","Sebastes",NA
"row_1734","Eukaryota",NA,NA,NA,NA,NA,NA
"row_1735","Eukaryota","Chordata","Actinopteri","Lampriformes","Trachipteridae","Trachipterus",NA
"row_1736","Eukaryota","Chordata","Mammalia","Artiodactyla","Delphinidae","Tursiops","Tursiops truncatus"
"row_1737","Eukaryota","Chordata","Mammalia",NA,NA,NA,NA
"row_1738",NA,NA,NA,NA,NA,NA,NA
"row_1739","Eukaryota",NA,NA,NA,NA,NA,NA
"row_1740","Eukaryota",NA,NA,NA,NA,NA,NA
"row_1741","Eukaryota","Chordata","Actinopteri","Pleuronectiformes","Cyclopsettidae","Citharichthys","Citharichthys sordidus"
"row_1742","Eukaryota","Chordata","Mammalia","Artiodactyla","Delphinidae",NA,NA
"row_1743","Eukaryota","Chordata","Actinopteri","Myctophiformes","Myctophidae","Diaphus","Diaphus theta"
"row_1744","Eukaryota","Chordata","Actinopteri","Clupeiformes","Engraulidae","Engraulis","Engraulis mordax"
"row_1745","Eukaryota","Chordata","Actinopteri","Gadiformes","Merlucciidae","Merluccius","Merluccius productus"
"row_1746","Eukaryota",NA,NA,NA,NA,NA,NA
"row_1747","Eukaryota","Chordata","Actinopteri","Perciformes","Sebastidae","Sebastes",NA
"row_1748","Eukaryota",NA,NA,NA,NA,NA,NA
"row_1749","Eukaryota","Chordata","Actinopteri","Syngnathiformes","Syngnathidae","Syngnathus",NA
"row_1750","Eukaryota","Chordata","Mammalia","Artiodactyla","Delphinidae","Tursiops","Tursiops truncatus"
"row_1751","Eukaryota","Chordata","Mammalia",NA,NA,NA,NA
"row_1752",NA,NA,NA,NA,NA,NA,NA
"row_1753","Eukaryota",NA,NA,NA,NA,NA,NA
"row_1754","Eukaryota",NA,NA,NA,NA,NA,NA
"row_1755","Eukaryota","Chordata","Actinopteri","Pleuronectiformes","Cyclopsettidae","Citharichthys","Citharichthys sordidus"
"row_1756","Eukaryota","Chordata","Mammalia","Artiodactyla","Delphinidae",NA,NA
"row_1757","Eukaryota","Chordata","Actinopteri","Clupeiformes","Engraulidae","Engraulis","Engraulis mordax"
"row_1758","Eukaryota","Chordata","Mammalia",NA,NA,NA,NA
"row_1759","Eukaryota","Chordata","Actinopteri","Gadiformes","Merlucciidae","Merluccius","Merluccius productus"
"row_1760","Eukaryota",NA,NA,NA,NA,NA,NA
"row_1761","Eukaryota",NA,NA,NA,NA,NA,NA
"row_1762","Eukaryota","Chordata","Actinopteri","Perciformes","Sebastidae","Sebastes",NA
"row_1763","Eukaryota","Chordata","Actinopteri","Perciformes","Sebastidae","Sebastes","Sebastes pinniger"
"row_1764","Eukaryota",NA,NA,NA,NA,NA,NA
"row_1765","Eukaryota","Chordata","Actinopteri","Syngnathiformes","Syngnathidae","Syngnathus",NA
"row_1766","Eukaryota","Chordata","Mammalia","Artiodactyla","Delphinidae","Tursiops","Tursiops truncatus"
"row_1767","Eukaryota","Chordata","Mammalia",NA,NA,NA,NA
"row_1768",NA,NA,NA,NA,NA,NA,NA
"row_1769","Eukaryota","Chordata","Actinopteri","Pleuronectiformes","Cyclopsettidae","Citharichthys","Citharichthys sordidus"
"row_1770","Eukaryota","Chordata","Actinopteri","Clupeiformes","Engraulidae","Engraulis","Engraulis mordax"
"row_1771","Eukaryota","Chordata","Mammalia",NA,NA,NA,NA
"row_1772","Eukaryota","Chordata","Actinopteri","Gadiformes","Merlucciidae","Merluccius","Merluccius productus"
"row_1773","Eukaryota","Chordata","Actinopteri","Perciformes","Sebastidae","Sebastes",NA
"row_1774","Eukaryota","Chordata","Actinopteri","Perciformes","Sebastidae","Sebastes","Sebastes pinniger"
"row_1775","Eukaryota","Chordata","Actinopteri","Syngnathiformes","Syngnathidae","Syngnathus",NA
"row_1776",NA,NA,NA,NA,NA,NA,NA
"row_1777","Eukaryota",NA,NA,NA,NA,NA,NA
"row_1778","Eukaryota","Chordata","Actinopteri","Clupeiformes","Engraulidae","Engraulis","Engraulis mordax"
"row_1779","Eukaryota","Chordata","Mammalia",NA,NA,NA,NA
"row_1780","Eukaryota","Chordata","Actinopteri","Perciformes","Sebastidae","Sebastes",NA
"row_1781","Eukaryota","Chordata","Actinopteri","Perciformes","Sebastidae","Sebastes","Sebastes pinniger"
"row_1782",NA,NA,NA,NA,NA,NA,NA
"row_1783","Eukaryota","Chordata","Actinopteri","Pleuronectiformes","Cyclopsettidae","Citharichthys","Citharichthys sordidus"
"row_1784","Eukaryota","Chordata","Actinopteri","Clupeiformes","Engraulidae","Engraulis","Engraulis mordax"
"row_1785","Eukaryota","Chordata","Mammalia",NA,NA,NA,NA
"row_1786","Eukaryota","Chordata","Actinopteri","Perciformes","Sebastidae","Sebastes",NA
"row_1787","Eukaryota","Chordata","Mammalia","Artiodactyla","Delphinidae","Stenella","Stenella coeruleoalba"
"row_1788",NA,NA,NA,NA,NA,NA,NA
"row_1789","Eukaryota",NA,NA,NA,NA,NA,NA
"row_1790","Eukaryota","Chordata","Actinopteri","Clupeiformes","Engraulidae","Engraulis","Engraulis mordax"
"row_1791","Eukaryota","Chordata","Mammalia",NA,NA,NA,NA
"row_1792","Eukaryota","Chordata","Actinopteri","Perciformes","Sebastidae","Sebastes",NA
"row_1793",NA,NA,NA,NA,NA,NA,NA
"row_1794","Eukaryota",NA,NA,NA,NA,NA,NA
"row_1795","Eukaryota","Chordata","Actinopteri","Clupeiformes","Engraulidae","Engraulis","Engraulis mordax"
"row_1796","Eukaryota",NA,NA,NA,NA,NA,NA
"row_1797","Eukaryota","Chordata","Mammalia",NA,NA,NA,NA
"row_1798","Eukaryota","Chordata","Mammalia","Artiodactyla","Balaenopteridae","Megaptera","Megaptera novaeangliae"
"row_1799","Eukaryota","Chordata","Actinopteri","Gadiformes","Merlucciidae","Merluccius","Merluccius productus"
"row_1800","Eukaryota",NA,NA,NA,NA,NA,NA
"row_1801","Eukaryota","Chordata","Actinopteri","Clupeiformes","Clupeidae","Sardinops","Sardinops sagax"
"row_1802","Eukaryota","Chordata","Actinopteri","Perciformes","Sebastidae","Sebastes",NA
"row_1803","Eukaryota","Chordata","Actinopteri","Perciformes","Sebastidae","Sebastes","Sebastes pinniger"
"row_1804","Eukaryota","Chordata","Mammalia","Artiodactyla","Delphinidae","Stenella","Stenella coeruleoalba"
"row_1805","Eukaryota",NA,NA,NA,NA,NA,NA
"row_1806","Eukaryota","Chordata","Actinopteri","Carangiformes","Carangidae","Trachurus","Trachurus symmetricus"
"row_1807",NA,NA,NA,NA,NA,NA,NA
"row_1808","Eukaryota",NA,NA,NA,NA,NA,NA
"row_1809","Eukaryota","Chordata","Actinopteri","Clupeiformes","Engraulidae","Engraulis","Engraulis mordax"
"row_1810","Eukaryota",NA,NA,NA,NA,NA,NA
"row_1811","Eukaryota","Chordata","Mammalia",NA,NA,NA,NA
"row_1812","Eukaryota",NA,NA,NA,NA,NA,NA
"row_1813","Eukaryota","Chordata","Actinopteri","Clupeiformes","Clupeidae","Sardinops","Sardinops sagax"
"row_1814","Eukaryota","Chordata","Actinopteri","Perciformes","Sebastidae","Sebastes",NA
"row_1815","Eukaryota","Chordata","Actinopteri","Perciformes","Sebastidae","Sebastes","Sebastes pinniger"
"row_1816","Eukaryota",NA,NA,NA,NA,NA,NA
"row_1817","Eukaryota","Chordata","Actinopteri","Carangiformes","Carangidae","Trachurus","Trachurus symmetricus"
"row_1818","Eukaryota","Chordata","Mammalia",NA,NA,NA,NA
"row_1819",NA,NA,NA,NA,NA,NA,NA
"row_1820","Eukaryota",NA,NA,NA,NA,NA,NA
"row_1821","Eukaryota","Chordata","Actinopteri","Pleuronectiformes","Cyclopsettidae","Citharichthys","Citharichthys sordidus"
"row_1822","Eukaryota","Chordata","Actinopteri","Clupeiformes","Engraulidae","Engraulis","Engraulis mordax"
"row_1823","Eukaryota",NA,NA,NA,NA,NA,NA
"row_1824","Eukaryota","Chordata","Mammalia",NA,NA,NA,NA
"row_1825","Eukaryota","Chordata","Actinopteri","Gadiformes","Merlucciidae","Merluccius","Merluccius productus"
"row_1826","Eukaryota",NA,NA,NA,NA,NA,NA
"row_1827","Eukaryota","Chordata","Actinopteri","Clupeiformes","Clupeidae","Sardinops","Sardinops sagax"
"row_1828","Eukaryota","Chordata","Actinopteri","Scombriformes","Scombridae","Scomber","Scomber japonicus"
"row_1829","Eukaryota","Chordata","Actinopteri","Perciformes","Sebastidae","Sebastes",NA
"row_1830","Eukaryota","Chordata","Actinopteri","Perciformes","Sebastidae","Sebastes","Sebastes pinniger"
"row_1831","Eukaryota","Chordata","Actinopteri","Scombriformes","Scombridae","Thunnus",NA
"row_1832","Eukaryota","Chordata","Actinopteri","Carangiformes","Carangidae","Trachurus","Trachurus symmetricus"
"row_1833",NA,NA,NA,NA,NA,NA,NA
"row_1834","Eukaryota",NA,NA,NA,NA,NA,NA
"row_1835","Eukaryota","Chordata","Actinopteri","Clupeiformes","Engraulidae","Engraulis","Engraulis mordax"
"row_1836","Eukaryota",NA,NA,NA,NA,NA,NA
"row_1837","Eukaryota","Chordata","Mammalia",NA,NA,NA,NA
"row_1838","Eukaryota","Chordata","Actinopteri","Gadiformes","Merlucciidae","Merluccius","Merluccius productus"
"row_1839","Eukaryota",NA,NA,NA,NA,NA,NA
"row_1840","Eukaryota","Chordata","Chondrichthyes","Carcharhiniformes","Carcharhinidae","Prionace","Prionace glauca"
"row_1841","Eukaryota","Chordata","Actinopteri","Perciformes","Sebastidae","Sebastes",NA
"row_1842","Eukaryota","Chordata","Actinopteri","Perciformes","Sebastidae","Sebastes","Sebastes pinniger"
"row_1843","Eukaryota","Chordata","Mammalia","Artiodactyla","Delphinidae","Stenella","Stenella coeruleoalba"
"row_1844","Eukaryota","Chordata","Actinopteri","Scombriformes","Scombridae","Thunnus",NA
"row_1845",NA,NA,NA,NA,NA,NA,NA
"row_1846","Eukaryota",NA,NA,NA,NA,NA,NA
"row_1847","Eukaryota","Chordata","Actinopteri","Myctophiformes","Myctophidae","Ceratoscopelus",NA
"row_1848","Eukaryota","Chordata","Mammalia","Artiodactyla","Delphinidae",NA,NA
"row_1849","Eukaryota","Chordata","Actinopteri","Myctophiformes","Myctophidae","Diaphus","Diaphus theta"
"row_1850","Eukaryota","Chordata","Actinopteri","Clupeiformes","Engraulidae","Engraulis","Engraulis mordax"
"row_1851","Eukaryota","Chordata","Mammalia",NA,NA,NA,NA
"row_1852","Eukaryota","Chordata","Actinopteri","Perciformes","Sebastidae","Sebastes",NA
"row_1853","Eukaryota","Chordata","Actinopteri","Myctophiformes","Myctophidae","Symbolophorus","Symbolophorus californiensis"
"row_1854","Eukaryota","Chordata","Actinopteri","Myctophiformes","Myctophidae","Tarletonbeania","Tarletonbeania crenularis"
"row_1855",NA,NA,NA,NA,NA,NA,NA
"row_1856","Eukaryota",NA,NA,NA,NA,NA,NA
"row_1857","Eukaryota","Chordata","Actinopteri","Myctophiformes","Myctophidae","Ceratoscopelus",NA
"row_1858","Eukaryota","Chordata","Mammalia","Artiodactyla","Delphinidae",NA,NA
"row_1859","Eukaryota","Chordata","Actinopteri","Clupeiformes","Engraulidae","Engraulis","Engraulis mordax"
"row_1860","Eukaryota","Chordata","Mammalia",NA,NA,NA,NA
"row_1861","Eukaryota","Chordata","Chondrichthyes","Carcharhiniformes","Carcharhinidae","Prionace","Prionace glauca"
"row_1862","Eukaryota","Chordata","Actinopteri","Clupeiformes","Clupeidae","Sardinops","Sardinops sagax"
"row_1863","Eukaryota","Chordata","Actinopteri","Perciformes","Sebastidae","Sebastes",NA
"row_1864","Eukaryota","Chordata","Actinopteri","Myctophiformes","Myctophidae","Symbolophorus","Symbolophorus californiensis"
"row_1865",NA,NA,NA,NA,NA,NA,NA
"row_1866","Eukaryota",NA,NA,NA,NA,NA,NA
"row_1867","Eukaryota","Chordata","Actinopteri","Pleuronectiformes","Cyclopsettidae","Citharichthys","Citharichthys stigmaeus"
"row_1868","Eukaryota","Chordata","Mammalia","Artiodactyla","Delphinidae",NA,NA
"row_1869","Eukaryota","Chordata","Actinopteri","Clupeiformes","Engraulidae","Engraulis","Engraulis mordax"
"row_1870","Eukaryota",NA,NA,NA,NA,NA,NA
"row_1871","Eukaryota","Chordata","Mammalia",NA,NA,NA,NA
"row_1872","Eukaryota","Chordata","Actinopteri","Perciformes","Sebastidae","Sebastes",NA
"row_1873","Eukaryota","Chordata","Actinopteri","Myctophiformes","Myctophidae","Symbolophorus","Symbolophorus californiensis"
"row_1874","Eukaryota","Chordata","Actinopteri","Syngnathiformes","Syngnathidae","Syngnathus",NA
"row_1875","Eukaryota","Chordata","Actinopteri","Lampriformes","Trachipteridae","Trachipterus",NA
"row_1876",NA,NA,NA,NA,NA,NA,NA
"row_1877","Eukaryota",NA,NA,NA,NA,NA,NA
"row_1878","Eukaryota","Chordata","Mammalia","Artiodactyla","Delphinidae",NA,NA
"row_1879","Eukaryota","Chordata","Actinopteri","Clupeiformes","Engraulidae","Engraulis","Engraulis mordax"
"row_1880","Eukaryota","Chordata","Actinopteri","Perciformes","Sebastidae","Sebastes",NA
"row_1881","Eukaryota","Chordata","Actinopteri","Myctophiformes","Myctophidae","Symbolophorus","Symbolophorus californiensis"
"row_1882",NA,NA,NA,NA,NA,NA,NA
"row_1883","Eukaryota",NA,NA,NA,NA,NA,NA
"row_1884","Eukaryota",NA,NA,NA,NA,NA,NA
"row_1885","Eukaryota","Chordata","Actinopteri","Myctophiformes","Myctophidae","Ceratoscopelus",NA
"row_1886","Eukaryota","Chordata","Actinopteri","Beloniformes","Belonidae","Cololabis","Cololabis saira"
"row_1887","Eukaryota","Chordata","Mammalia","Artiodactyla","Delphinidae",NA,NA
"row_1888","Eukaryota","Chordata","Actinopteri","Clupeiformes","Engraulidae","Engraulis","Engraulis mordax"
"row_1889","Eukaryota","Chordata","Mammalia",NA,NA,NA,NA
"row_1890","Eukaryota","Chordata","Actinopteri","Stomiiformes","Phosichthyidae",NA,NA
"row_1891","Eukaryota","Chordata","Actinopteri","Scombriformes","Scombridae","Scomber","Scomber japonicus"
"row_1892","Eukaryota","Chordata","Actinopteri","Perciformes","Sebastidae","Sebastes",NA
"row_1893","Eukaryota","Chordata","Actinopteri","Myctophiformes","Myctophidae","Symbolophorus","Symbolophorus californiensis"
"row_1894","Eukaryota","Chordata","Actinopteri","Scombriformes","Tetragonuridae","Tetragonurus","Tetragonurus cuvieri"
"row_1895","Eukaryota","Chordata","Actinopteri","Carangiformes","Carangidae","Trachurus","Trachurus symmetricus"
"row_1896",NA,NA,NA,NA,NA,NA,NA
"row_1897","Eukaryota",NA,NA,NA,NA,NA,NA
"row_1898","Eukaryota","Chordata","Actinopteri","Myctophiformes","Myctophidae","Ceratoscopelus",NA
"row_1899","Eukaryota","Chordata","Actinopteri","Beloniformes","Belonidae","Cololabis","Cololabis saira"
"row_1900","Eukaryota","Chordata","Mammalia","Artiodactyla","Delphinidae",NA,NA
"row_1901","Eukaryota","Chordata","Actinopteri","Clupeiformes","Engraulidae","Engraulis","Engraulis mordax"
"row_1902","Eukaryota","Chordata","Mammalia","Artiodactyla","Delphinidae","Grampus","Grampus griseus"
"row_1903","Eukaryota","Chordata","Mammalia",NA,NA,NA,NA
"row_1904","Eukaryota","Chordata","Actinopteri","Tetraodontiformes","Molidae","Mola",NA
"row_1905","Eukaryota","Chordata","Actinopteri","Stomiiformes","Phosichthyidae",NA,NA
"row_1906","Eukaryota","Chordata","Actinopteri","Scombriformes","Tetragonuridae","Tetragonurus","Tetragonurus cuvieri"
"row_1907","Eukaryota","Chordata","Actinopteri","Carangiformes","Carangidae","Trachurus","Trachurus symmetricus"
"row_1908",NA,NA,NA,NA,NA,NA,NA
"row_1909","Eukaryota",NA,NA,NA,NA,NA,NA
"row_1910","Eukaryota","Chordata","Actinopteri","Myctophiformes","Myctophidae","Ceratoscopelus",NA
"row_1911","Eukaryota","Chordata","Actinopteri","Beloniformes","Belonidae","Cololabis","Cololabis saira"
"row_1912","Eukaryota","Chordata","Mammalia","Artiodactyla","Delphinidae",NA,NA
"row_1913","Eukaryota","Chordata","Actinopteri","Clupeiformes","Engraulidae","Engraulis","Engraulis mordax"
"row_1914","Eukaryota","Chordata","Mammalia",NA,NA,NA,NA
"row_1915","Eukaryota","Chordata","Actinopteri","Myctophiformes","Myctophidae",NA,NA
"row_1916","Eukaryota","Chordata","Actinopteri","Myctophiformes","Myctophidae","Myctophum","Myctophum nitidulum"
"row_1917","Eukaryota","Chordata","Actinopteri","Stomiiformes","Phosichthyidae",NA,NA
"row_1918","Eukaryota","Chordata","Mammalia","Artiodactyla","Delphinidae","Stenella","Stenella coeruleoalba"
"row_1919","Eukaryota","Chordata","Actinopteri","Myctophiformes","Myctophidae","Symbolophorus","Symbolophorus californiensis"
"row_1920","Eukaryota","Chordata","Actinopteri","Scombriformes","Tetragonuridae","Tetragonurus","Tetragonurus cuvieri"
"row_1921","Eukaryota","Chordata","Actinopteri","Carangiformes","Carangidae","Trachurus",NA
"row_1922","Eukaryota","Chordata","Actinopteri","Carangiformes","Carangidae","Trachurus","Trachurus symmetricus"
"row_1923",NA,NA,NA,NA,NA,NA,NA
"row_1924","Eukaryota",NA,NA,NA,NA,NA,NA
"row_1925","Eukaryota","Chordata","Actinopteri","Myctophiformes","Myctophidae","Ceratoscopelus",NA
"row_1926","Eukaryota","Chordata","Mammalia","Artiodactyla","Delphinidae",NA,NA
"row_1927","Eukaryota","Chordata","Actinopteri","Clupeiformes","Engraulidae","Engraulis","Engraulis mordax"
"row_1928","Eukaryota","Chordata","Mammalia",NA,NA,NA,NA
"row_1929","Eukaryota","Chordata","Actinopteri","Tetraodontiformes","Molidae","Mola",NA
"row_1930","Eukaryota","Chordata","Actinopteri","Myctophiformes","Myctophidae","Myctophum","Myctophum nitidulum"
"row_1931","Eukaryota","Chordata","Actinopteri","Stomiiformes","Phosichthyidae",NA,NA
"row_1932","Eukaryota","Chordata","Mammalia","Artiodactyla","Delphinidae","Stenella","Stenella coeruleoalba"
"row_1933","Eukaryota","Chordata","Actinopteri","Myctophiformes","Myctophidae","Symbolophorus","Symbolophorus californiensis"
"row_1934",NA,NA,NA,NA,NA,NA,NA
"row_1935","Eukaryota",NA,NA,NA,NA,NA,NA
"row_1936","Eukaryota",NA,NA,NA,NA,NA,NA
"row_1937","Eukaryota","Chordata","Chondrichthyes","Carcharhiniformes","Carcharhinidae",NA,NA
"row_1938","Eukaryota","Chordata","Actinopteri","Myctophiformes","Myctophidae","Ceratoscopelus",NA
"row_1939","Eukaryota","Chordata","Actinopteri","Pleuronectiformes","Cyclopsettidae","Citharichthys","Citharichthys sordidus"
"row_1940","Eukaryota","Chordata","Actinopteri","Pleuronectiformes","Cyclopsettidae","Citharichthys","Citharichthys stigmaeus"
"row_1941","Eukaryota","Chordata","Mammalia","Artiodactyla","Delphinidae",NA,NA
"row_1942","Eukaryota","Chordata","Actinopteri","Clupeiformes","Engraulidae","Engraulis","Engraulis mordax"
"row_1943","Eukaryota","Chordata",NA,NA,NA,NA,NA
"row_1944","Eukaryota","Chordata","Mammalia",NA,NA,NA,NA
"row_1945","Eukaryota","Chordata","Actinopteri","Scombriformes","Centrolophidae","Icichthys","Icichthys lockingtoni"
"row_1946","Eukaryota","Chordata","Actinopteri","Myctophiformes","Myctophidae","Lampanyctus","Lampanyctus tenuiformis"
"row_1947","Eukaryota","Chordata","Actinopteri","Stomiiformes","Phosichthyidae",NA,NA
"row_1948","Eukaryota","Chordata","Actinopteri","Scombriformes","Scombridae","Sarda",NA
"row_1949","Eukaryota","Chordata","Actinopteri","Clupeiformes","Clupeidae","Sardinops","Sardinops sagax"
"row_1950","Eukaryota","Chordata","Actinopteri","Perciformes","Sebastidae","Sebastes",NA
"row_1951","Eukaryota","Chordata","Actinopteri","Myctophiformes","Myctophidae","Symbolophorus","Symbolophorus californiensis"
"row_1952","Eukaryota","Chordata","Actinopteri","Scombriformes","Tetragonuridae","Tetragonurus","Tetragonurus cuvieri"
"row_1953","Eukaryota","Chordata","Actinopteri","Lampriformes","Trachipteridae","Trachipterus",NA
"row_1954","Eukaryota","Chordata","Mammalia",NA,NA,NA,NA
"row_1955",NA,NA,NA,NA,NA,NA,NA
"row_1956","Eukaryota",NA,NA,NA,NA,NA,NA
"row_1957","Eukaryota",NA,NA,NA,NA,NA,NA
"row_1958","Eukaryota","Chordata","Actinopteri","Myctophiformes","Myctophidae","Ceratoscopelus",NA
"row_1959","Eukaryota","Chordata","Actinopteri","Beloniformes","Belonidae","Cololabis","Cololabis saira"
"row_1960","Eukaryota","Chordata","Mammalia","Artiodactyla","Delphinidae",NA,NA
"row_1961","Eukaryota","Chordata","Mammalia",NA,NA,NA,NA
"row_1962","Eukaryota","Chordata","Actinopteri","Scombriformes","Centrolophidae","Icichthys","Icichthys lockingtoni"
"row_1963","Eukaryota","Chordata","Chondrichthyes","Lamniformes","Lamnidae","Lamna","Lamna ditropis"
"row_1964","Eukaryota","Chordata","Chondrichthyes","Carcharhiniformes","Carcharhinidae","Prionace","Prionace glauca"
"row_1965","Eukaryota","Chordata","Actinopteri","Myctophiformes","Myctophidae","Symbolophorus","Symbolophorus californiensis"
"row_1966","Eukaryota","Chordata","Actinopteri","Scombriformes","Tetragonuridae","Tetragonurus","Tetragonurus cuvieri"
"row_1967","Eukaryota","Chordata","Actinopteri","Lampriformes","Trachipteridae","Trachipterus",NA
"row_1968",NA,NA,NA,NA,NA,NA,NA
"row_1969","Eukaryota",NA,NA,NA,NA,NA,NA
"row_1970","Eukaryota","Chordata","Actinopteri","Myctophiformes","Myctophidae","Ceratoscopelus",NA
"row_1971","Eukaryota","Chordata","Actinopteri","Beloniformes","Belonidae","Cololabis","Cololabis saira"
"row_1972","Eukaryota","Chordata","Mammalia","Artiodactyla","Delphinidae",NA,NA
"row_1973","Eukaryota","Chordata","Mammalia",NA,NA,NA,NA
"row_1974","Eukaryota","Chordata","Actinopteri","Scombriformes","Centrolophidae","Icichthys","Icichthys lockingtoni"
"row_1975","Eukaryota","Chordata","Actinopteri","Myctophiformes","Myctophidae","Lampanyctus","Lampanyctus tenuiformis"
"row_1976","Eukaryota","Chordata","Chondrichthyes","Carcharhiniformes","Carcharhinidae","Prionace","Prionace glauca"
"row_1977","Eukaryota","Chordata","Actinopteri","Myctophiformes","Myctophidae","Symbolophorus","Symbolophorus californiensis"
"row_1978","Eukaryota","Chordata","Actinopteri","Myctophiformes","Myctophidae","Tarletonbeania","Tarletonbeania crenularis"
"row_1979","Eukaryota","Chordata","Actinopteri","Lampriformes","Trachipteridae","Trachipterus",NA
"row_1980",NA,NA,NA,NA,NA,NA,NA
"row_1981","Eukaryota",NA,NA,NA,NA,NA,NA
"row_1982","Eukaryota","Chordata","Mammalia","Artiodactyla","Balaenopteridae","Balaenoptera","Balaenoptera acutorostrata"
"row_1983","Eukaryota",NA,NA,NA,NA,NA,NA
"row_1984","Eukaryota","Chordata","Actinopteri","Myctophiformes","Myctophidae","Ceratoscopelus",NA
"row_1985","Eukaryota","Chordata","Actinopteri","Pleuronectiformes","Cyclopsettidae","Citharichthys","Citharichthys sordidus"
"row_1986","Eukaryota","Chordata","Actinopteri","Pleuronectiformes","Cyclopsettidae","Citharichthys","Citharichthys stigmaeus"
"row_1987","Eukaryota","Chordata","Mammalia","Artiodactyla","Delphinidae",NA,NA
"row_1988","Eukaryota","Chordata","Actinopteri","Clupeiformes","Engraulidae","Engraulis","Engraulis mordax"
"row_1989","Eukaryota",NA,NA,NA,NA,NA,NA
"row_1990","Eukaryota","Chordata",NA,NA,NA,NA,NA
"row_1991","Eukaryota","Chordata","Mammalia",NA,NA,NA,NA
"row_1992","Eukaryota","Chordata","Actinopteri","Scombriformes","Centrolophidae","Icichthys","Icichthys lockingtoni"
"row_1993","Eukaryota","Chordata","Actinopteri","Stomiiformes","Phosichthyidae",NA,NA
"row_1994","Eukaryota","Chordata","Chondrichthyes","Carcharhiniformes","Carcharhinidae","Prionace","Prionace glauca"
"row_1995","Eukaryota","Chordata","Actinopteri","Scombriformes","Scombridae","Sarda",NA
"row_1996","Eukaryota","Chordata","Actinopteri","Clupeiformes","Clupeidae","Sardinops","Sardinops sagax"
"row_1997","Eukaryota","Chordata","Actinopteri","Perciformes","Sebastidae","Sebastes",NA
"row_1998","Eukaryota","Chordata","Chondrichthyes","Squaliformes","Squalidae","Squalus",NA
"row_1999","Eukaryota","Chordata","Actinopteri","Myctophiformes","Myctophidae","Symbolophorus","Symbolophorus californiensis"
"row_2000","Eukaryota","Chordata","Actinopteri","Syngnathiformes","Syngnathidae","Syngnathus",NA
"row_2001","Eukaryota","Chordata","Actinopteri","Scombriformes","Tetragonuridae","Tetragonurus","Tetragonurus cuvieri"
"row_2002","Eukaryota","Chordata","Actinopteri","Lampriformes","Trachipteridae","Trachipterus",NA
"row_2003","Eukaryota","Chordata","Mammalia",NA,NA,NA,NA
"row_2004",NA,NA,NA,NA,NA,NA,NA
"row_2005","Eukaryota",NA,NA,NA,NA,NA,NA
"row_2006","Eukaryota","Chordata","Actinopteri","Pleuronectiformes","Cyclopsettidae","Citharichthys","Citharichthys sordidus"
"row_2007","Eukaryota","Chordata","Actinopteri","Clupeiformes","Engraulidae","Engraulis","Engraulis mordax"
"row_2008","Eukaryota",NA,NA,NA,NA,NA,NA
"row_2009","Eukaryota","Chordata","Actinopteri","Gadiformes","Merlucciidae","Merluccius","Merluccius productus"
"row_2010","Eukaryota","Chordata","Mammalia","Artiodactyla","Delphinidae","Orcinus","Orcinus orca"
"row_2011","Eukaryota",NA,NA,NA,NA,NA,NA
"row_2012","Eukaryota",NA,NA,NA,NA,NA,NA
"row_2013","Eukaryota","Chordata","Actinopteri","Perciformes","Sebastidae","Sebastes",NA
"row_2014","Eukaryota",NA,NA,NA,NA,NA,NA
"row_2015",NA,NA,NA,NA,NA,NA,NA
"row_2016","Eukaryota",NA,NA,NA,NA,NA,NA
"row_2017","Eukaryota","Chordata","Actinopteri","Pleuronectiformes","Cyclopsettidae","Citharichthys","Citharichthys sordidus"
"row_2018","Eukaryota","Chordata","Mammalia","Artiodactyla","Delphinidae",NA,NA
"row_2019","Eukaryota","Chordata","Actinopteri","Clupeiformes","Engraulidae","Engraulis","Engraulis mordax"
"row_2020","Eukaryota",NA,NA,NA,NA,NA,NA
"row_2021","Eukaryota","Chordata","Mammalia",NA,NA,NA,NA
"row_2022","Eukaryota","Chordata","Actinopteri","Argentiniformes","Bathylagidae","Leuroglossus",NA
"row_2023","Eukaryota","Chordata","Actinopteri","Gadiformes","Merlucciidae","Merluccius","Merluccius productus"
"row_2024","Eukaryota","Chordata","Mammalia","Artiodactyla","Delphinidae","Orcinus","Orcinus orca"
"row_2025","Eukaryota",NA,NA,NA,NA,NA,NA
"row_2026","Eukaryota","Chordata",NA,NA,NA,NA,NA
"row_2027","Eukaryota","Chordata","Actinopteri","Scombriformes","Stromateidae","Peprilus",NA
"row_2028","Eukaryota",NA,NA,NA,NA,NA,NA
"row_2029","Eukaryota","Chordata","Chondrichthyes","Carcharhiniformes","Carcharhinidae","Prionace","Prionace glauca"
"row_2030","Eukaryota","Chordata","Actinopteri","Perciformes","Sebastidae","Sebastes",NA
"row_2031","Eukaryota","Chordata","Actinopteri","Perciformes","Sebastidae","Sebastes","Sebastes pinniger"
"row_2032","Eukaryota",NA,NA,NA,NA,NA,NA
"row_2033",NA,NA,NA,NA,NA,NA,NA
"row_2034","Eukaryota",NA,NA,NA,NA,NA,NA
"row_2035","Eukaryota","Chordata","Actinopteri","Pleuronectiformes","Cyclopsettidae","Citharichthys","Citharichthys sordidus"
"row_2036","Eukaryota","Chordata","Actinopteri","Clupeiformes","Engraulidae","Engraulis","Engraulis mordax"
"row_2037","Eukaryota","Chordata","Actinopteri","Gadiformes","Merlucciidae","Merluccius","Merluccius productus"
"row_2038","Eukaryota","Chordata","Mammalia","Artiodactyla","Delphinidae","Orcinus","Orcinus orca"
"row_2039","Eukaryota",NA,NA,NA,NA,NA,NA
"row_2040","Eukaryota","Chordata","Actinopteri","Perciformes","Sebastidae","Sebastes",NA
"row_2041","Eukaryota",NA,NA,NA,NA,NA,NA
"row_2042","Eukaryota","Chordata","Mammalia",NA,NA,NA,NA
"row_2043",NA,NA,NA,NA,NA,NA,NA
"row_2044","Eukaryota",NA,NA,NA,NA,NA,NA
"row_2045","Eukaryota","Chordata","Actinopteri","Pleuronectiformes","Cyclopsettidae","Citharichthys","Citharichthys sordidus"
"row_2046","Eukaryota","Chordata","Actinopteri","Clupeiformes","Engraulidae","Engraulis","Engraulis mordax"
"row_2047","Eukaryota",NA,NA,NA,NA,NA,NA
"row_2048","Eukaryota","Chordata","Actinopteri","Argentiniformes","Bathylagidae","Leuroglossus",NA
"row_2049","Eukaryota","Chordata","Actinopteri","Gadiformes","Merlucciidae","Merluccius","Merluccius angustimanus"
"row_2050","Eukaryota","Chordata","Actinopteri","Gadiformes","Merlucciidae","Merluccius","Merluccius productus"
"row_2051","Eukaryota",NA,NA,NA,NA,NA,NA
"row_2052","Eukaryota",NA,NA,NA,NA,NA,NA
"row_2053","Eukaryota","Chordata","Actinopteri","Perciformes","Sebastidae","Sebastes",NA
"row_2054","Eukaryota",NA,NA,NA,NA,NA,NA
"row_2055",NA,NA,NA,NA,NA,NA,NA
"row_2056","Eukaryota",NA,NA,NA,NA,NA,NA
"row_2057","Eukaryota",NA,NA,NA,NA,NA,NA
"row_2058","Eukaryota","Chordata","Actinopteri","Pleuronectiformes","Cyclopsettidae","Citharichthys","Citharichthys sordidus"
"row_2059","Eukaryota","Chordata","Actinopteri","Clupeiformes","Engraulidae","Engraulis","Engraulis mordax"
"row_2060","Eukaryota",NA,NA,NA,NA,NA,NA
"row_2061","Eukaryota","Chordata","Mammalia",NA,NA,NA,NA
"row_2062","Eukaryota","Chordata","Actinopteri","Clupeiformes","Clupeidae","Sardinops","Sardinops sagax"
"row_2063",NA,NA,NA,NA,NA,NA,NA
"row_2064","Eukaryota",NA,NA,NA,NA,NA,NA
"row_2065","Eukaryota",NA,NA,NA,NA,NA,NA
"row_2066","Eukaryota","Chordata","Actinopteri","Pleuronectiformes","Cyclopsettidae","Citharichthys","Citharichthys sordidus"
"row_2067","Eukaryota","Chordata","Mammalia","Artiodactyla","Delphinidae",NA,NA
"row_2068","Eukaryota","Chordata","Actinopteri","Clupeiformes","Engraulidae","Engraulis","Engraulis mordax"
"row_2069","Eukaryota",NA,NA,NA,NA,NA,NA
"row_2070","Eukaryota","Chordata","Mammalia",NA,NA,NA,NA
"row_2071","Eukaryota",NA,NA,NA,NA,NA,NA
"row_2072","Eukaryota","Chordata","Actinopteri","Perciformes","Sebastidae","Sebastes",NA
"row_2073",NA,NA,NA,NA,NA,NA,NA
"row_2074","Eukaryota",NA,NA,NA,NA,NA,NA
"row_2075","Eukaryota",NA,NA,NA,NA,NA,NA
"row_2076","Eukaryota","Chordata","Mammalia","Artiodactyla",NA,NA,NA
"row_2077","Eukaryota","Chordata","Chondrichthyes","Carcharhiniformes","Carcharhinidae","Carcharhinus",NA
"row_2078","Eukaryota","Chordata","Actinopteri","Pleuronectiformes","Cyclopsettidae","Citharichthys","Citharichthys sordidus"
"row_2079","Eukaryota","Chordata","Actinopteri","Clupeiformes","Engraulidae","Engraulis","Engraulis mordax"
"row_2080","Eukaryota",NA,NA,NA,NA,NA,NA
"row_2081","Eukaryota","Chordata","Mammalia",NA,NA,NA,NA
"row_2082","Eukaryota","Chordata","Actinopteri","Scombriformes","Scombridae",NA,NA
"row_2083","Eukaryota","Chordata","Actinopteri","Perciformes","Sebastidae","Sebastes",NA
"row_2084","Eukaryota","Chordata","Mammalia","Artiodactyla",NA,NA,NA
"row_2085",NA,NA,NA,NA,NA,NA,NA
"row_2086","Eukaryota",NA,NA,NA,NA,NA,NA
"row_2087","Eukaryota","Chordata","Actinopteri","Pleuronectiformes","Cyclopsettidae","Citharichthys","Citharichthys sordidus"
"row_2088","Eukaryota","Chordata","Actinopteri","Pleuronectiformes","Cyclopsettidae","Citharichthys","Citharichthys stigmaeus"
"row_2089","Eukaryota","Chordata","Mammalia","Artiodactyla","Delphinidae",NA,NA
"row_2090","Eukaryota","Chordata","Actinopteri","Clupeiformes","Engraulidae","Engraulis","Engraulis mordax"
"row_2091","Eukaryota",NA,NA,NA,NA,NA,NA
"row_2092","Eukaryota","Chordata",NA,NA,NA,NA,NA
"row_2093","Eukaryota","Chordata","Mammalia",NA,NA,NA,NA
"row_2094","Eukaryota",NA,NA,NA,NA,NA,NA
"row_2095","Eukaryota",NA,NA,NA,NA,NA,NA
"row_2096","Eukaryota","Chordata","Actinopteri","Scombriformes","Scombridae","Sarda",NA
"row_2097","Eukaryota","Chordata","Actinopteri","Clupeiformes","Clupeidae","Sardinops","Sardinops sagax"
"row_2098","Eukaryota","Chordata","Actinopteri","Scombriformes","Scombridae",NA,NA
"row_2099","Eukaryota","Chordata","Actinopteri","Perciformes","Sebastidae","Sebastes",NA
"row_2100","Eukaryota","Chordata","Chondrichthyes","Squaliformes","Squalidae","Squalus",NA
"row_2101","Eukaryota","Chordata","Mammalia",NA,NA,NA,NA
"row_2102",NA,NA,NA,NA,NA,NA,NA
"row_2103","Eukaryota",NA,NA,NA,NA,NA,NA
"row_2104","Eukaryota","Chordata","Chondrichthyes","Carcharhiniformes","Carcharhinidae",NA,NA
"row_2105","Eukaryota","Chordata","Mammalia","Artiodactyla","Delphinidae",NA,NA
"row_2106","Eukaryota","Chordata","Actinopteri","Clupeiformes","Engraulidae","Engraulis","Engraulis mordax"
"row_2107","Eukaryota","Chordata",NA,NA,NA,NA,NA
"row_2108","Eukaryota","Chordata",NA,NA,NA,NA,NA
"row_2109","Eukaryota","Chordata","Mammalia",NA,NA,NA,NA
"row_2110","Eukaryota",NA,NA,NA,NA,NA,NA
"row_2111","Eukaryota","Chordata","Actinopteri","Scombriformes","Scombridae","Sarda",NA
"row_2112","Eukaryota","Chordata","Actinopteri","Clupeiformes","Clupeidae","Sardinops","Sardinops sagax"
"row_2113","Eukaryota","Chordata","Actinopteri","Scombriformes","Scombridae",NA,NA
"row_2114","Eukaryota","Chordata","Actinopteri","Perciformes","Sebastidae","Sebastes",NA
"row_2115",NA,NA,NA,NA,NA,NA,NA
"row_2116","Eukaryota",NA,NA,NA,NA,NA,NA
"row_2117","Eukaryota",NA,NA,NA,NA,NA,NA
"row_2118","Eukaryota","Chordata","Mammalia","Artiodactyla","Delphinidae",NA,NA
"row_2119","Eukaryota","Chordata","Actinopteri","Clupeiformes","Engraulidae","Engraulis","Engraulis mordax"
"row_2120","Eukaryota",NA,NA,NA,NA,NA,NA
"row_2121","Eukaryota","Chordata","Mammalia",NA,NA,NA,NA
"row_2122","Eukaryota",NA,NA,NA,NA,NA,NA
"row_2123","Eukaryota","Chordata","Actinopteri","Clupeiformes","Clupeidae","Sardinops","Sardinops sagax"
"row_2124",NA,NA,NA,NA,NA,NA,NA
"row_2125","Eukaryota",NA,NA,NA,NA,NA,NA
"row_2126","Eukaryota","Chordata","Actinopteri","Atheriniformes","Atherinopsidae","Atherinops","Atherinops affinis"
"row_2127","Eukaryota","Chordata","Mammalia","Artiodactyla","Balaenopteridae","Balaenoptera","Balaenoptera physalus"
"row_2128","Eukaryota",NA,NA,NA,NA,NA,NA
"row_2129","Eukaryota","Chordata","Actinopteri","Argentiniformes","Bathylagidae","Bathylagoides","Bathylagoides wesethi"
"row_2130","Eukaryota","Chordata","Mammalia","Artiodactyla",NA,NA,NA
"row_2131","Eukaryota","Chordata","Actinopteri","Lutjaniformes","Haemulidae","Brachygenys","Brachygenys californiensis"
"row_2132","Eukaryota","Chordata","Chondrichthyes","Carcharhiniformes","Carcharhinidae","Carcharhinus",NA
"row_2133","Eukaryota","Chordata","Actinopteri","Myctophiformes","Myctophidae","Ceratoscopelus",NA
"row_2134","Eukaryota","Chordata","Actinopteri","Pleuronectiformes","Cyclopsettidae","Citharichthys","Citharichthys sordidus"
"row_2135","Eukaryota","Chordata","Actinopteri","Stomiiformes","Gonostomatidae","Cyclothone","Cyclothone signata"
"row_2136","Eukaryota","Chordata","Mammalia","Artiodactyla","Delphinidae",NA,NA
"row_2137","Eukaryota","Chordata","Actinopteri","Clupeiformes","Engraulidae","Engraulis","Engraulis mordax"
"row_2138","Eukaryota",NA,NA,NA,NA,NA,NA
"row_2139","Eukaryota","Chordata",NA,NA,NA,NA,NA
"row_2140","Eukaryota","Chordata","Actinopteri","Perciformes","Cottidae","Hemilepidotus",NA
"row_2141","Eukaryota","Chordata","Mammalia",NA,NA,NA,NA
"row_2142","Eukaryota","Chordata","Actinopteri","Scombriformes","Centrolophidae","Icichthys","Icichthys lockingtoni"
"row_2143","Eukaryota","Chordata","Chondrichthyes","Lamniformes","Lamnidae","Isurus","Isurus oxyrinchus"
"row_2144","Eukaryota","Chordata","Mammalia","Artiodactyla","Delphinidae","Sagmatias","Sagmatias obliquidens"
"row_2145","Eukaryota","Chordata","Actinopteri","Gadiformes","Merlucciidae","Merluccius","Merluccius productus"
"row_2146","Eukaryota","Chordata","Actinopteri","Lophiiformes","Oneirodidae","Oneirodes",NA
"row_2147","Eukaryota","Chordata","Actinopteri","Pleuronectiformes","Paralichthyidae","Paralichthys","Paralichthys californicus"
"row_2148","Eukaryota",NA,NA,NA,NA,NA,NA
"row_2149","Eukaryota","Chordata",NA,NA,NA,NA,NA
"row_2150","Eukaryota","Chordata","Actinopteri","Stomiiformes","Phosichthyidae",NA,NA
"row_2151","Eukaryota","Chordata","Actinopteri","Pleuronectiformes","Pleuronectidae",NA,NA
"row_2152","Eukaryota","Chordata","Actinopteri","Clupeiformes","Clupeidae","Sardinops","Sardinops sagax"
"row_2153","Eukaryota","Chordata","Actinopteri","Scombriformes","Scombridae",NA,NA
"row_2154","Eukaryota","Chordata","Actinopteri","Perciformes","Sebastidae","Sebastes",NA
"row_2155","Eukaryota","Chordata","Actinopteri","Perciformes","Sebastidae","Sebastes","Sebastes pinniger"
"row_2156","Eukaryota","Chordata","Actinopteri","Carangiformes","Carangidae","Seriola","Seriola lalandi"
"row_2157","Eukaryota","Chordata","Actinopteri","Myctophiformes","Myctophidae","Stenobrachius","Stenobrachius leucopsarus"
"row_2158","Eukaryota",NA,NA,NA,NA,NA,NA
"row_2159","Eukaryota","Chordata","Mammalia","Artiodactyla",NA,NA,NA
"row_2160","Eukaryota","Chordata","Actinopteri","Myctophiformes","Myctophidae","Symbolophorus","Symbolophorus californiensis"
"row_2161","Eukaryota","Chordata","Actinopteri","Syngnathiformes","Syngnathidae","Syngnathus",NA
"row_2162","Eukaryota","Chordata","Actinopteri","Scombriformes","Tetragonuridae","Tetragonurus","Tetragonurus cuvieri"
"row_2163","Eukaryota","Chordata","Actinopteri","Lampriformes","Trachipteridae","Trachipterus",NA
"row_2164","Eukaryota","Chordata","Actinopteri","Carangiformes","Carangidae","Trachurus","Trachurus symmetricus"
"row_2165","Eukaryota","Chordata","Mammalia",NA,NA,NA,NA
"row_2166",NA,NA,NA,NA,NA,NA,NA
"row_2167","Eukaryota",NA,NA,NA,NA,NA,NA
"row_2168","Eukaryota","Chordata","Mammalia","Artiodactyla","Balaenopteridae","Balaenoptera","Balaenoptera acutorostrata"
"row_2169","Eukaryota",NA,NA,NA,NA,NA,NA
"row_2170","Eukaryota","Chordata","Actinopteri","Pleuronectiformes","Cyclopsettidae","Citharichthys","Citharichthys sordidus"
"row_2171","Eukaryota","Chordata","Actinopteri","Pleuronectiformes","Cyclopsettidae","Citharichthys","Citharichthys stigmaeus"
"row_2172","Eukaryota","Chordata","Mammalia","Artiodactyla","Delphinidae",NA,NA
"row_2173","Eukaryota","Chordata","Mammalia","Artiodactyla","Delphinidae","Delphinus",NA
"row_2174","Eukaryota","Chordata","Actinopteri","Clupeiformes","Engraulidae","Engraulis","Engraulis mordax"
"row_2175","Eukaryota",NA,NA,NA,NA,NA,NA
"row_2176","Eukaryota","Chordata",NA,NA,NA,NA,NA
"row_2177","Eukaryota","Chordata",NA,NA,NA,NA,NA
"row_2178","Eukaryota","Chordata",NA,NA,NA,NA,NA
"row_2179","Eukaryota","Chordata","Mammalia",NA,NA,NA,NA
"row_2180","Eukaryota","Chordata","Actinopteri","Scombriformes","Centrolophidae","Icichthys","Icichthys lockingtoni"
"row_2181","Eukaryota","Chordata","Actinopteri","Gadiformes","Merlucciidae","Merluccius","Merluccius productus"
"row_2182","Eukaryota",NA,NA,NA,NA,NA,NA
"row_2183","Eukaryota","Chordata","Actinopteri","Pleuronectiformes","Paralichthyidae","Paralichthys","Paralichthys californicus"
"row_2184","Eukaryota",NA,NA,NA,NA,NA,NA
"row_2185","Eukaryota","Chordata","Actinopteri","Scombriformes","Scombridae","Sarda",NA
"row_2186","Eukaryota","Chordata","Actinopteri","Clupeiformes","Clupeidae","Sardinops","Sardinops sagax"
"row_2187","Eukaryota","Chordata","Actinopteri","Scombriformes","Scombridae",NA,NA
"row_2188","Eukaryota","Chordata","Actinopteri","Perciformes","Sebastidae","Sebastes",NA
"row_2189","Eukaryota","Chordata","Chondrichthyes","Squaliformes","Squalidae","Squalus",NA
"row_2190","Eukaryota","Chordata","Actinopteri","Syngnathiformes","Syngnathidae","Syngnathus",NA
"row_2191","Eukaryota","Chordata","Actinopteri","Lampriformes","Trachipteridae","Trachipterus",NA
"row_2192","Eukaryota","Chordata","Mammalia",NA,NA,NA,NA
"row_2193",NA,NA,NA,NA,NA,NA,NA
"row_2194","Eukaryota",NA,NA,NA,NA,NA,NA
"row_2195","Eukaryota","Chordata","Actinopteri","Myctophiformes","Myctophidae","Ceratoscopelus",NA
"row_2196","Eukaryota","Chordata","Actinopteri","Beloniformes","Belonidae","Cololabis","Cololabis saira"
"row_2197","Eukaryota","Chordata","Mammalia","Artiodactyla","Delphinidae",NA,NA
"row_2198","Eukaryota","Chordata","Actinopteri","Clupeiformes","Engraulidae","Engraulis","Engraulis mordax"
"row_2199","Eukaryota",NA,NA,NA,NA,NA,NA
"row_2200","Eukaryota","Chordata","Mammalia",NA,NA,NA,NA
"row_2201","Eukaryota","Chordata","Mammalia",NA,NA,NA,NA
"row_2202","Eukaryota","Chordata","Chondrichthyes","Lamniformes","Lamnidae","Lamna","Lamna ditropis"
"row_2203","Eukaryota","Chordata","Actinopteri","Argentiniformes","Bathylagidae","Leuroglossus",NA
"row_2204","Eukaryota","Chordata","Actinopteri","Centrarchiformes","Kyphosidae","Medialuna","Medialuna californiensis"
"row_2205","Eukaryota","Chordata","Actinopteri","Lophiiformes","Oneirodidae","Oneirodes",NA
"row_2206","Eukaryota",NA,NA,NA,NA,NA,NA
"row_2207","Eukaryota","Chordata","Actinopteri","Scombriformes","Stromateidae","Peprilus",NA
"row_2208","Eukaryota","Chordata",NA,NA,NA,NA,NA
"row_2209","Eukaryota","Chordata","Actinopteri","Clupeiformes","Clupeidae","Sardinops","Sardinops sagax"
"row_2210","Eukaryota","Chordata","Actinopteri","Scombriformes","Scombridae","Scomber","Scomber japonicus"
"row_2211","Eukaryota","Chordata","Actinopteri","Perciformes","Sebastidae","Sebastes",NA
"row_2212","Eukaryota","Chordata","Actinopteri","Carangiformes","Carangidae","Seriola","Seriola lalandi"
"row_2213","Eukaryota",NA,NA,NA,NA,NA,NA
"row_2214","Eukaryota","Chordata","Actinopteri","Myctophiformes","Myctophidae","Symbolophorus","Symbolophorus californiensis"
"row_2215","Eukaryota","Chordata","Actinopteri","Syngnathiformes","Syngnathidae","Syngnathus",NA
"row_2216",NA,NA,NA,NA,NA,NA,NA
"row_2217","Eukaryota","Chordata","Mammalia","Artiodactyla",NA,NA,NA
"row_2218","Eukaryota","Chordata","Actinopteri","Myctophiformes","Myctophidae","Ceratoscopelus",NA
"row_2219","Eukaryota","Chordata","Actinopteri","Beloniformes","Belonidae","Cololabis","Cololabis saira"
"row_2220","Eukaryota","Chordata","Mammalia","Artiodactyla","Delphinidae",NA,NA
"row_2221","Eukaryota","Chordata","Actinopteri","Clupeiformes","Engraulidae","Engraulis","Engraulis mordax"
"row_2222","Eukaryota","Chordata","Mammalia",NA,NA,NA,NA
"row_2223","Eukaryota","Chordata",NA,NA,NA,NA,NA
"row_2224","Eukaryota","Chordata","Actinopteri","Perciformes","Sebastidae","Sebastes",NA
"row_2225","Eukaryota","Chordata","Mammalia","Artiodactyla","Delphinidae","Stenella","Stenella coeruleoalba"
"row_2226",NA,NA,NA,NA,NA,NA,NA
"row_2227","Eukaryota","Chordata","Actinopteri","Myctophiformes","Myctophidae","Ceratoscopelus",NA
"row_2228","Eukaryota","Chordata","Actinopteri","Beloniformes","Belonidae","Cololabis","Cololabis saira"
"row_2229","Eukaryota","Chordata","Mammalia","Artiodactyla","Delphinidae",NA,NA
"row_2230","Eukaryota","Chordata","Actinopteri","Clupeiformes","Engraulidae","Engraulis","Engraulis mordax"
"row_2231","Eukaryota","Chordata","Mammalia",NA,NA,NA,NA
"row_2232","Eukaryota","Chordata","Actinopteri","Gadiformes","Merlucciidae","Merluccius","Merluccius productus"
"row_2233","Eukaryota","Chordata","Actinopteri","Myctophiformes","Myctophidae","Notoscopelus",NA
"row_2234","Eukaryota","Chordata","Actinopteri","Pleuronectiformes","Pleuronectidae",NA,NA
"row_2235","Eukaryota","Chordata","Actinopteri","Perciformes","Sebastidae","Sebastes",NA
"row_2236","Eukaryota","Chordata","Actinopteri","Scombriformes","Tetragonuridae","Tetragonurus","Tetragonurus cuvieri"
"row_2237","Eukaryota","Chordata","Actinopteri","Carangiformes","Carangidae","Trachurus","Trachurus symmetricus"
"row_2238",NA,NA,NA,NA,NA,NA,NA
"row_2239","Eukaryota",NA,NA,NA,NA,NA,NA
"row_2240","Eukaryota",NA,NA,NA,NA,NA,NA
"row_2241","Eukaryota","Chordata","Actinopteri","Clupeiformes","Engraulidae","Engraulis","Engraulis mordax"
"row_2242","Eukaryota","Chordata","Mammalia",NA,NA,NA,NA
"row_2243","Eukaryota",NA,NA,NA,NA,NA,NA
"row_2244","Eukaryota","Chordata","Actinopteri","Perciformes","Serranidae","Paralabrax","Paralabrax clathratus"
"row_2245","Eukaryota","Chordata",NA,NA,NA,NA,NA
"row_2246","Eukaryota","Chordata","Actinopteri","Clupeiformes","Clupeidae","Sardinops","Sardinops sagax"
"row_2247","Eukaryota","Chordata","Actinopteri","Perciformes","Sebastidae","Sebastes",NA
"row_2248","Eukaryota","Chordata","Actinopteri","Carangiformes","Carangidae","Seriola","Seriola lalandi"
"row_2249","Eukaryota","Chordata","Actinopteri","Myctophiformes","Myctophidae","Symbolophorus","Symbolophorus californiensis"
"row_2250","Eukaryota","Chordata","Actinopteri","Syngnathiformes","Syngnathidae","Syngnathus",NA
"row_2251",NA,NA,NA,NA,NA,NA,NA
"row_2252","Eukaryota",NA,NA,NA,NA,NA,NA
"row_2253","Eukaryota","Chordata","Mammalia","Artiodactyla","Balaenopteridae","Balaenoptera","Balaenoptera physalus"
"row_2254","Eukaryota","Chordata","Actinopteri","Myctophiformes","Myctophidae","Ceratoscopelus",NA
"row_2255","Eukaryota","Chordata","Actinopteri","Beloniformes","Belonidae","Cololabis","Cololabis saira"
"row_2256","Eukaryota","Chordata","Mammalia","Artiodactyla","Delphinidae",NA,NA
"row_2257","Eukaryota","Chordata","Actinopteri","Clupeiformes","Engraulidae","Engraulis","Engraulis mordax"
"row_2258","Eukaryota",NA,NA,NA,NA,NA,NA
"row_2259","Eukaryota","Chordata","Mammalia",NA,NA,NA,NA
"row_2260","Eukaryota","Chordata","Mammalia",NA,NA,NA,NA
"row_2261","Eukaryota","Chordata","Chondrichthyes","Lamniformes","Lamnidae","Lamna","Lamna ditropis"
"row_2262","Eukaryota","Chordata","Actinopteri","Argentiniformes","Bathylagidae","Leuroglossus",NA
"row_2263","Eukaryota","Chordata","Actinopteri","Argentiniformes","Bathylagidae","Lipolagus","Lipolagus ochotensis"
"row_2264","Eukaryota","Chordata","Actinopteri","Centrarchiformes","Kyphosidae","Medialuna","Medialuna californiensis"
"row_2265","Eukaryota","Chordata","Actinopteri","Lophiiformes","Oneirodidae","Oneirodes",NA
"row_2266","Eukaryota","Chordata","Mammalia","Artiodactyla",NA,NA,NA
"row_2267","Eukaryota",NA,NA,NA,NA,NA,NA
"row_2268","Eukaryota","Chordata","Actinopteri","Scombriformes","Stromateidae","Peprilus",NA
"row_2269","Eukaryota",NA,NA,NA,NA,NA,NA
"row_2270","Eukaryota","Chordata",NA,NA,NA,NA,NA
"row_2271","Eukaryota","Chordata","Mammalia","Artiodactyla","Delphinidae","Sagmatias",NA
"row_2272","Eukaryota","Chordata","Actinopteri","Clupeiformes","Clupeidae","Sardinops","Sardinops sagax"
"row_2273","Eukaryota","Chordata","Actinopteri","Scombriformes","Scombridae","Scomber","Scomber japonicus"
"row_2274","Eukaryota","Chordata","Actinopteri","Perciformes","Sebastidae","Sebastes",NA
"row_2275","Eukaryota","Chordata","Actinopteri","Perciformes","Sebastidae","Sebastes","Sebastes mystinus"
"row_2276","Eukaryota","Chordata","Actinopteri","Carangiformes","Carangidae","Seriola","Seriola lalandi"
"row_2277","Eukaryota",NA,NA,NA,NA,NA,NA
"row_2278","Eukaryota","Chordata","Actinopteri","Myctophiformes","Myctophidae","Symbolophorus","Symbolophorus californiensis"
"row_2279","Eukaryota","Chordata","Actinopteri","Syngnathiformes","Syngnathidae","Syngnathus",NA
"row_2280","Eukaryota","Chordata","Actinopteri","Myctophiformes","Myctophidae","Tarletonbeania","Tarletonbeania crenularis"
"row_2281",NA,NA,NA,NA,NA,NA,NA
"row_2282","Eukaryota",NA,NA,NA,NA,NA,NA
"row_2283","Eukaryota",NA,NA,NA,NA,NA,NA
"row_2284","Eukaryota",NA,NA,NA,NA,NA,NA
"row_2285","Eukaryota","Chordata","Actinopteri","Beloniformes","Belonidae","Cololabis","Cololabis saira"
"row_2286","Eukaryota","Chordata","Mammalia",NA,NA,NA,NA
"row_2287","Eukaryota","Chordata","Chondrichthyes","Carcharhiniformes","Carcharhinidae","Prionace","Prionace glauca"
"row_2288",NA,NA,NA,NA,NA,NA,NA
"row_2289","Eukaryota",NA,NA,NA,NA,NA,NA
"row_2290","Eukaryota","Chordata","Actinopteri","Myctophiformes","Myctophidae","Ceratoscopelus",NA
"row_2291","Eukaryota","Chordata","Actinopteri","Beloniformes","Belonidae","Cololabis","Cololabis saira"
"row_2292","Eukaryota","Chordata","Actinopteri","Clupeiformes","Engraulidae","Engraulis","Engraulis mordax"
"row_2293","Eukaryota","Chordata","Mammalia",NA,NA,NA,NA
"row_2294","Eukaryota","Chordata","Chondrichthyes","Lamniformes","Lamnidae","Lamna","Lamna ditropis"
"row_2295","Eukaryota","Chordata","Chondrichthyes","Carcharhiniformes","Carcharhinidae","Prionace","Prionace glauca"
"row_2296","Eukaryota","Chordata","Actinopteri","Perciformes","Sebastidae","Sebastes",NA
"row_2297",NA,NA,NA,NA,NA,NA,NA
"row_2298","Eukaryota",NA,NA,NA,NA,NA,NA
"row_2299","Eukaryota",NA,NA,NA,NA,NA,NA
"row_2300","Eukaryota","Chordata","Actinopteri","Beloniformes","Belonidae","Cololabis","Cololabis saira"
"row_2301","Eukaryota","Chordata","Actinopteri","Clupeiformes","Engraulidae","Engraulis","Engraulis mordax"
"row_2302","Eukaryota","Chordata","Mammalia",NA,NA,NA,NA
"row_2303","Eukaryota","Chordata","Chondrichthyes","Carcharhiniformes","Carcharhinidae","Prionace","Prionace glauca"
"row_2304",NA,NA,NA,NA,NA,NA,NA
"row_2305","Eukaryota",NA,NA,NA,NA,NA,NA
"row_2306","Eukaryota","Chordata","Mammalia","Artiodactyla","Balaenopteridae","Balaenoptera","Balaenoptera physalus"
"row_2307","Eukaryota","Chordata","Chondrichthyes","Rajiformes","Rajidae","Caliraja","Caliraja inornata"
"row_2308","Eukaryota","Chordata","Mammalia",NA,NA,NA,NA
"row_2309","Eukaryota","Chordata","Actinopteri","Myctophiformes","Myctophidae","Ceratoscopelus",NA
"row_2310","Eukaryota","Chordata","Actinopteri","Pleuronectiformes","Cyclopsettidae","Citharichthys","Citharichthys sordidus"
"row_2311","Eukaryota","Chordata","Actinopteri","Beloniformes","Belonidae","Cololabis","Cololabis saira"
"row_2312","Eukaryota","Chordata","Mammalia","Artiodactyla","Delphinidae",NA,NA
"row_2313","Eukaryota","Chordata","Actinopteri","Myctophiformes","Myctophidae","Diaphus","Diaphus theta"
"row_2314","Eukaryota","Chordata","Actinopteri","Clupeiformes","Engraulidae","Engraulis","Engraulis mordax"
"row_2315","Eukaryota","Chordata","Mammalia","Artiodactyla","Eschrichtiidae","Eschrichtius","Eschrichtius robustus"
"row_2316","Eukaryota",NA,NA,NA,NA,NA,NA
"row_2317","Eukaryota","Chordata",NA,NA,NA,NA,NA
"row_2318","Eukaryota","Chordata","Mammalia",NA,NA,NA,NA
"row_2319","Eukaryota","Chordata","Mammalia",NA,NA,NA,NA
"row_2320","Eukaryota","Chordata","Actinopteri","Scombriformes","Centrolophidae","Icichthys","Icichthys lockingtoni"
"row_2321","Eukaryota","Chordata","Mammalia","Artiodactyla","Delphinidae","Sagmatias","Sagmatias obliquidens"
"row_2322","Eukaryota","Chordata","Chondrichthyes","Lamniformes","Lamnidae","Lamna","Lamna ditropis"
"row_2323","Eukaryota","Chordata","Actinopteri","Argentiniformes","Bathylagidae","Leuroglossus",NA
"row_2324","Eukaryota",NA,NA,NA,NA,NA,NA
"row_2325","Eukaryota","Chordata","Actinopteri","Centrarchiformes","Kyphosidae","Medialuna","Medialuna californiensis"
"row_2326","Eukaryota","Chordata","Mammalia","Artiodactyla","Balaenopteridae","Megaptera","Megaptera novaeangliae"
"row_2327","Eukaryota","Chordata","Actinopteri","Gadiformes","Merlucciidae","Merluccius","Merluccius productus"
"row_2328","Eukaryota","Chordata","Actinopteri","Lophiiformes","Oneirodidae","Oneirodes",NA
"row_2329","Eukaryota","Chordata","Mammalia","Artiodactyla","Delphinidae","Orcinus","Orcinus orca"
"row_2330","Eukaryota","Chordata","Mammalia","Artiodactyla",NA,NA,NA
"row_2331","Eukaryota",NA,NA,NA,NA,NA,NA
"row_2332","Eukaryota","Chordata","Actinopteri","Scombriformes","Stromateidae","Peprilus",NA
"row_2333","Eukaryota",NA,NA,NA,NA,NA,NA
"row_2334","Eukaryota","Chordata",NA,NA,NA,NA,NA
"row_2335","Eukaryota","Chordata","Mammalia","Artiodactyla","Delphinidae","Sagmatias",NA
"row_2336","Eukaryota","Chordata","Actinopteri","Scombriformes","Scombridae","Sarda",NA
"row_2337","Eukaryota","Chordata","Actinopteri","Clupeiformes","Clupeidae","Sardinops","Sardinops sagax"
"row_2338","Eukaryota","Chordata","Actinopteri","Scombriformes","Scombridae","Scomber","Scomber japonicus"
"row_2339","Eukaryota","Chordata","Actinopteri","Perciformes","Sebastidae","Sebastes",NA
"row_2340","Eukaryota","Chordata","Actinopteri","Perciformes","Sebastidae","Sebastes","Sebastes mystinus"
"row_2341","Eukaryota","Chordata","Actinopteri","Carangiformes","Carangidae","Seriola","Seriola lalandi"
"row_2342","Eukaryota","Chordata","Mammalia","Artiodactyla","Delphinidae","Stenella","Stenella coeruleoalba"
"row_2343","Eukaryota","Chordata","Actinopteri","Myctophiformes","Myctophidae","Stenobrachius","Stenobrachius leucopsarus"
"row_2344","Eukaryota",NA,NA,NA,NA,NA,NA
"row_2345","Eukaryota","Chordata","Mammalia","Artiodactyla",NA,NA,NA
"row_2346","Eukaryota","Chordata","Actinopteri","Myctophiformes","Myctophidae","Symbolophorus","Symbolophorus californiensis"
"row_2347","Eukaryota","Chordata","Actinopteri","Syngnathiformes","Syngnathidae","Syngnathus",NA
"row_2348","Eukaryota","Chordata","Actinopteri","Myctophiformes","Myctophidae","Tarletonbeania","Tarletonbeania crenularis"
"row_2349","Eukaryota","Chordata","Actinopteri","Lampriformes","Trachipteridae","Trachipterus",NA
"row_2350","Eukaryota","Chordata",NA,NA,NA,NA,NA
"row_2351",NA,NA,NA,NA,NA,NA,NA
"row_2352","Eukaryota","Chordata","Mammalia","Artiodactyla",NA,NA,NA
"row_2353","Eukaryota",NA,NA,NA,NA,NA,NA
"row_2354","Eukaryota","Chordata","Actinopteri","Myctophiformes","Myctophidae","Ceratoscopelus",NA
"row_2355","Eukaryota","Chordata","Actinopteri","Myctophiformes","Myctophidae","Diaphus","Diaphus theta"
"row_2356","Eukaryota","Chordata","Actinopteri","Clupeiformes","Engraulidae","Engraulis","Engraulis mordax"
"row_2357","Eukaryota",NA,NA,NA,NA,NA,NA
"row_2358","Eukaryota","Chordata","Mammalia",NA,NA,NA,NA
"row_2359","Eukaryota","Chordata","Actinopteri","Blenniiformes","Blenniidae","Hypsoblennius","Hypsoblennius jenkinsi"
"row_2360","Eukaryota","Chordata","Actinopteri","Scombriformes","Centrolophidae","Icichthys","Icichthys lockingtoni"
"row_2361","Eukaryota","Chordata","Actinopteri","Argentiniformes","Bathylagidae","Leuroglossus",NA
"row_2362","Eukaryota",NA,NA,NA,NA,NA,NA
"row_2363","Eukaryota","Chordata","Actinopteri","Lophiiformes","Oneirodidae","Oneirodes",NA
"row_2364","Eukaryota",NA,NA,NA,NA,NA,NA
"row_2365","Eukaryota",NA,NA,NA,NA,NA,NA
"row_2366","Eukaryota","Chordata",NA,NA,NA,NA,NA
"row_2367","Eukaryota","Chordata","Actinopteri","Clupeiformes","Clupeidae","Sardinops","Sardinops sagax"
"row_2368","Eukaryota","Chordata","Actinopteri","Scombriformes","Scombridae","Scomber","Scomber japonicus"
"row_2369","Eukaryota","Chordata","Actinopteri","Carangiformes","Carangidae","Seriola","Seriola lalandi"
"row_2370","Eukaryota",NA,NA,NA,NA,NA,NA
"row_2371","Eukaryota","Chordata","Actinopteri","Myctophiformes","Myctophidae","Symbolophorus","Symbolophorus californiensis"
"row_2372","Eukaryota","Chordata","Actinopteri","Syngnathiformes","Syngnathidae","Syngnathus",NA
"row_2373",NA,NA,NA,NA,NA,NA,NA
"row_2374","Eukaryota",NA,NA,NA,NA,NA,NA
"row_2375","Eukaryota","Chordata","Actinopteri","Beloniformes","Belonidae","Cololabis","Cololabis saira"
"row_2376","Eukaryota","Chordata","Actinopteri","Myctophiformes","Myctophidae","Diaphus","Diaphus theta"
"row_2377","Eukaryota","Chordata","Actinopteri","Clupeiformes","Engraulidae","Engraulis","Engraulis mordax"
"row_2378","Eukaryota","Chordata","Mammalia",NA,NA,NA,NA
"row_2379","Eukaryota","Chordata","Actinopteri","Scombriformes","Centrolophidae","Icichthys","Icichthys lockingtoni"
"row_2380","Eukaryota","Chordata","Mammalia","Artiodactyla","Delphinidae","Sagmatias","Sagmatias obliquidens"
"row_2381","Eukaryota",NA,NA,NA,NA,NA,NA
"row_2382","Eukaryota","Chordata","Actinopteri","Gadiformes","Merlucciidae","Merluccius","Merluccius productus"
"row_2383","Eukaryota","Chordata","Actinopteri","Myctophiformes","Myctophidae",NA,NA
"row_2384","Eukaryota",NA,NA,NA,NA,NA,NA
"row_2385","Eukaryota",NA,NA,NA,NA,NA,NA
"row_2386","Eukaryota","Chordata","Mammalia","Artiodactyla","Delphinidae","Stenella","Stenella coeruleoalba"
"row_2387","Eukaryota",NA,NA,NA,NA,NA,NA
"row_2388","Eukaryota","Chordata","Actinopteri","Myctophiformes","Myctophidae","Symbolophorus","Symbolophorus californiensis"
"row_2389",NA,NA,NA,NA,NA,NA,NA
"row_2390","Eukaryota",NA,NA,NA,NA,NA,NA
"row_2391","Eukaryota","Chordata","Actinopteri","Myctophiformes","Myctophidae","Ceratoscopelus",NA
"row_2392","Eukaryota","Chordata","Actinopteri","Clupeiformes","Engraulidae","Engraulis","Engraulis mordax"
"row_2393","Eukaryota","Chordata","Mammalia",NA,NA,NA,NA
"row_2394","Eukaryota","Chordata","Actinopteri","Scombriformes","Centrolophidae","Icichthys","Icichthys lockingtoni"
"row_2395","Eukaryota",NA,NA,NA,NA,NA,NA
"row_2396","Eukaryota","Chordata","Mammalia","Artiodactyla","Balaenopteridae","Megaptera","Megaptera novaeangliae"
"row_2397","Eukaryota","Chordata","Actinopteri","Lophiiformes","Oneirodidae","Oneirodes",NA
"row_2398","Eukaryota",NA,NA,NA,NA,NA,NA
"row_2399","Eukaryota",NA,NA,NA,NA,NA,NA
"row_2400","Eukaryota","Chordata","Chondrichthyes","Carcharhiniformes","Carcharhinidae","Prionace","Prionace glauca"
"row_2401","Eukaryota","Chordata","Actinopteri","Carangiformes","Carangidae","Seriola","Seriola lalandi"
"row_2402","Eukaryota","Chordata","Mammalia","Artiodactyla","Delphinidae","Stenella","Stenella coeruleoalba"
"row_2403","Eukaryota",NA,NA,NA,NA,NA,NA
"row_2404","Eukaryota","Chordata","Actinopteri","Myctophiformes","Myctophidae","Symbolophorus","Symbolophorus californiensis"
"row_2405","Eukaryota","Chordata","Actinopteri","Syngnathiformes","Syngnathidae","Syngnathus",NA
"row_2406","Eukaryota","Chordata","Actinopteri","Myctophiformes","Myctophidae","Tarletonbeania","Tarletonbeania crenularis"
"row_2407","Eukaryota","Chordata","Actinopteri","Lampriformes","Trachipteridae","Trachipterus",NA
"row_2408","Eukaryota","Chordata","Actinopteri","Myctophiformes","Myctophidae","Triphoturus","Triphoturus mexicanus"
"row_2409",NA,NA,NA,NA,NA,NA,NA
"row_2410","Eukaryota",NA,NA,NA,NA,NA,NA
"row_2411","Eukaryota","Chordata","Mammalia","Artiodactyla","Balaenopteridae","Balaenoptera","Balaenoptera physalus"
"row_2412","Eukaryota","Chordata","Mammalia",NA,NA,NA,NA
"row_2413","Eukaryota","Chordata","Actinopteri","Myctophiformes","Myctophidae","Ceratoscopelus",NA
"row_2414","Eukaryota","Chordata","Actinopteri","Pleuronectiformes","Cyclopsettidae","Citharichthys","Citharichthys sordidus"
"row_2415","Eukaryota","Chordata","Actinopteri","Beloniformes","Belonidae","Cololabis","Cololabis saira"
"row_2416","Eukaryota","Chordata","Mammalia","Artiodactyla","Delphinidae",NA,NA
"row_2417","Eukaryota","Chordata","Actinopteri","Myctophiformes","Myctophidae","Diaphus","Diaphus theta"
"row_2418","Eukaryota","Chordata","Actinopteri","Clupeiformes","Engraulidae","Engraulis","Engraulis mordax"
"row_2419","Eukaryota","Chordata","Mammalia","Artiodactyla","Eschrichtiidae","Eschrichtius","Eschrichtius robustus"
"row_2420","Eukaryota","Chordata",NA,NA,NA,NA,NA
"row_2421","Eukaryota","Chordata","Mammalia",NA,NA,NA,NA
"row_2422","Eukaryota","Chordata","Mammalia",NA,NA,NA,NA
"row_2423","Eukaryota","Chordata","Actinopteri","Scombriformes","Centrolophidae","Icichthys","Icichthys lockingtoni"
"row_2424","Eukaryota","Chordata","Mammalia","Artiodactyla","Delphinidae","Sagmatias","Sagmatias obliquidens"
"row_2425","Eukaryota","Chordata","Chondrichthyes","Lamniformes","Lamnidae","Lamna","Lamna ditropis"
"row_2426","Eukaryota","Chordata","Actinopteri","Argentiniformes","Bathylagidae","Leuroglossus",NA
"row_2427","Eukaryota","Chordata","Actinopteri","Argentiniformes","Bathylagidae","Lipolagus","Lipolagus ochotensis"
"row_2428","Eukaryota",NA,NA,NA,NA,NA,NA
"row_2429","Eukaryota","Chordata","Actinopteri","Centrarchiformes","Kyphosidae","Medialuna","Medialuna californiensis"
"row_2430","Eukaryota","Chordata","Mammalia","Artiodactyla","Balaenopteridae","Megaptera","Megaptera novaeangliae"
"row_2431","Eukaryota","Chordata","Actinopteri","Gadiformes","Merlucciidae","Merluccius","Merluccius productus"
"row_2432","Eukaryota","Chordata","Actinopteri","Lophiiformes","Oneirodidae","Oneirodes",NA
"row_2433","Eukaryota","Chordata","Mammalia","Artiodactyla","Delphinidae","Orcinus","Orcinus orca"
"row_2434","Eukaryota","Chordata","Mammalia","Artiodactyla",NA,NA,NA
"row_2435","Eukaryota",NA,NA,NA,NA,NA,NA
"row_2436","Eukaryota","Chordata","Actinopteri","Scombriformes","Stromateidae","Peprilus",NA
"row_2437","Eukaryota",NA,NA,NA,NA,NA,NA
"row_2438","Eukaryota","Chordata","Chondrichthyes","Carcharhiniformes","Carcharhinidae","Prionace","Prionace glauca"
"row_2439","Eukaryota","Chordata",NA,NA,NA,NA,NA
"row_2440","Eukaryota","Chordata","Mammalia","Artiodactyla","Delphinidae","Sagmatias",NA
"row_2441","Eukaryota","Chordata","Actinopteri","Scombriformes","Scombridae","Sarda",NA
"row_2442","Eukaryota","Chordata","Actinopteri","Clupeiformes","Clupeidae","Sardinops","Sardinops sagax"
"row_2443","Eukaryota","Chordata","Actinopteri","Scombriformes","Scombridae","Scomber","Scomber japonicus"
"row_2444","Eukaryota","Chordata","Actinopteri","Perciformes","Sebastidae","Sebastes",NA
"row_2445","Eukaryota","Chordata","Actinopteri","Perciformes","Sebastidae","Sebastes","Sebastes mystinus"
"row_2446","Eukaryota","Chordata","Actinopteri","Carangiformes","Carangidae","Seriola","Seriola lalandi"
"row_2447","Eukaryota","Chordata","Mammalia","Artiodactyla","Delphinidae","Stenella","Stenella coeruleoalba"
"row_2448","Eukaryota","Chordata","Actinopteri","Myctophiformes","Myctophidae","Stenobrachius","Stenobrachius leucopsarus"
"row_2449","Eukaryota",NA,NA,NA,NA,NA,NA
"row_2450","Eukaryota","Chordata","Mammalia","Artiodactyla",NA,NA,NA
"row_2451","Eukaryota","Chordata","Actinopteri","Myctophiformes","Myctophidae","Symbolophorus","Symbolophorus californiensis"
"row_2452","Eukaryota","Chordata","Actinopteri","Syngnathiformes","Syngnathidae","Syngnathus",NA
"row_2453","Eukaryota","Chordata","Actinopteri","Myctophiformes","Myctophidae","Tarletonbeania","Tarletonbeania crenularis"
"row_2454","Eukaryota","Chordata","Actinopteri","Lampriformes","Trachipteridae","Trachipterus",NA
"row_2455","Eukaryota","Chordata","Mammalia",NA,NA,NA,NA
"row_2456",NA,NA,NA,NA,NA,NA,NA
"row_2457","Eukaryota",NA,NA,NA,NA,NA,NA
"row_2458","Eukaryota","Chordata","Actinopteri","Clupeiformes","Engraulidae","Engraulis","Engraulis mordax"
"row_2459","Eukaryota","Chordata","Mammalia",NA,NA,NA,NA
"row_2460","Eukaryota","Chordata","Mammalia","Artiodactyla","Delphinidae","Sagmatias","Sagmatias obliquidens"
"row_2461","Eukaryota","Chordata","Mammalia","Artiodactyla","Balaenopteridae","Megaptera","Megaptera novaeangliae"
"row_2462","Eukaryota",NA,NA,NA,NA,NA,NA
"row_2463","Eukaryota",NA,NA,NA,NA,NA,NA
"row_2464","Eukaryota",NA,NA,NA,NA,NA,NA
"row_2465","Eukaryota","Chordata","Actinopteri","Myctophiformes","Myctophidae","Symbolophorus","Symbolophorus californiensis"
"row_2466","Eukaryota","Chordata","Actinopteri","Syngnathiformes","Syngnathidae","Syngnathus",NA
"row_2467",NA,NA,NA,NA,NA,NA,NA
"row_2468","Eukaryota",NA,NA,NA,NA,NA,NA
"row_2469","Eukaryota","Chordata","Actinopteri","Myctophiformes","Myctophidae","Ceratoscopelus",NA
"row_2470","Eukaryota","Chordata","Mammalia","Artiodactyla","Delphinidae",NA,NA
"row_2471","Eukaryota","Chordata","Actinopteri","Myctophiformes","Myctophidae","Diaphus","Diaphus theta"
"row_2472","Eukaryota","Chordata","Actinopteri","Myctophiformes","Myctophidae","Diogenichthys","Diogenichthys atlanticus"
"row_2473","Eukaryota","Chordata","Actinopteri","Clupeiformes","Engraulidae","Engraulis","Engraulis mordax"
"row_2474","Eukaryota","Chordata","Mammalia",NA,NA,NA,NA
"row_2475","Eukaryota","Chordata","Mammalia","Artiodactyla","Delphinidae","Sagmatias","Sagmatias obliquidens"
"row_2476","Eukaryota","Chordata","Actinopteri","Myctophiformes","Myctophidae","Lampanyctus","Lampanyctus bristori"
"row_2477","Eukaryota","Chordata","Actinopteri","Centrarchiformes","Kyphosidae","Medialuna","Medialuna californiensis"
"row_2478","Eukaryota",NA,NA,NA,NA,NA,NA
"row_2479","Eukaryota","Chordata","Actinopteri","Stomiiformes","Phosichthyidae",NA,NA
"row_2480","Eukaryota","Chordata","Actinopteri","Perciformes","Sebastidae","Sebastes",NA
"row_2481","Eukaryota","Chordata","Mammalia","Artiodactyla","Delphinidae","Stenella","Stenella coeruleoalba"
"row_2482","Eukaryota",NA,NA,NA,NA,NA,NA
"row_2483","Eukaryota","Chordata","Actinopteri","Syngnathiformes","Syngnathidae","Syngnathus",NA
"row_2484",NA,NA,NA,NA,NA,NA,NA
"row_2485","Eukaryota",NA,NA,NA,NA,NA,NA
"row_2486","Eukaryota","Chordata","Actinopteri","Clupeiformes","Engraulidae","Engraulis","Engraulis mordax"
"row_2487","Eukaryota","Chordata","Mammalia","Artiodactyla","Delphinidae","Sagmatias","Sagmatias obliquidens"
"row_2488","Eukaryota",NA,NA,NA,NA,NA,NA
"row_2489","Eukaryota","Chordata","Mammalia","Artiodactyla","Balaenopteridae","Megaptera","Megaptera novaeangliae"
"row_2490","Eukaryota",NA,NA,NA,NA,NA,NA
"row_2491","Eukaryota","Chordata","Actinopteri","Perciformes","Sebastidae","Sebastes",NA
"row_2492","Eukaryota","Chordata","Mammalia","Artiodactyla","Delphinidae","Stenella","Stenella coeruleoalba"
"row_2493","Eukaryota","Chordata","Actinopteri","Syngnathiformes","Syngnathidae","Syngnathus",NA
"row_2494","Eukaryota","Chordata","Actinopteri","Myctophiformes","Myctophidae","Tarletonbeania","Tarletonbeania crenularis"
"row_2495","Eukaryota","Chordata","Actinopteri","Lampriformes","Trachipteridae","Trachipterus",NA
"row_2496",NA,NA,NA,NA,NA,NA,NA
"row_2497","Eukaryota",NA,NA,NA,NA,NA,NA
"row_2498","Eukaryota","Chordata","Actinopteri","Clupeiformes","Engraulidae","Engraulis","Engraulis mordax"
"row_2499","Eukaryota",NA,NA,NA,NA,NA,NA
"row_2500","Eukaryota",NA,NA,NA,NA,NA,NA
"row_2501","Eukaryota",NA,NA,NA,NA,NA,NA
"row_2502","Eukaryota","Chordata","Actinopteri","Perciformes","Sebastidae","Sebastes",NA
"row_2503","Eukaryota","Chordata","Actinopteri","Myctophiformes","Myctophidae","Symbolophorus","Symbolophorus californiensis"
"row_2504","Eukaryota","Chordata","Actinopteri","Syngnathiformes","Syngnathidae","Syngnathus",NA
"row_2505","Eukaryota","Chordata","Mammalia",NA,NA,NA,NA
"row_2506",NA,NA,NA,NA,NA,NA,NA
"row_2507","Eukaryota",NA,NA,NA,NA,NA,NA
"row_2508","Eukaryota","Chordata","Mammalia","Artiodactyla","Balaenopteridae","Balaenoptera","Balaenoptera physalus"
"row_2509","Eukaryota","Chordata","Actinopteri","Myctophiformes","Myctophidae","Ceratoscopelus",NA
"row_2510","Eukaryota","Chordata","Actinopteri","Clupeiformes","Engraulidae","Engraulis","Engraulis mordax"
"row_2511","Eukaryota","Chordata","Mammalia",NA,NA,NA,NA
"row_2512","Eukaryota",NA,NA,NA,NA,NA,NA
"row_2513","Eukaryota","Chordata","Actinopteri","Gadiformes","Merlucciidae","Merluccius","Merluccius productus"
"row_2514","Eukaryota",NA,NA,NA,NA,NA,NA
"row_2515","Eukaryota",NA,NA,NA,NA,NA,NA
"row_2516","Eukaryota","Chordata","Actinopteri","Perciformes","Sebastidae","Sebastes",NA
"row_2517","Eukaryota","Chordata","Actinopteri","Myctophiformes","Myctophidae","Symbolophorus","Symbolophorus californiensis"
"row_2518","Eukaryota","Chordata","Actinopteri","Syngnathiformes","Syngnathidae","Syngnathus",NA
"row_2519",NA,NA,NA,NA,NA,NA,NA
"row_2520","Eukaryota",NA,NA,NA,NA,NA,NA
"row_2521","Eukaryota","Chordata","Mammalia","Artiodactyla",NA,NA,NA
"row_2522","Eukaryota","Chordata","Actinopteri","Myctophiformes","Myctophidae","Ceratoscopelus",NA
"row_2523","Eukaryota","Chordata","Actinopteri","Pleuronectiformes","Cyclopsettidae","Citharichthys",NA
"row_2524","Eukaryota","Chordata","Actinopteri","Pleuronectiformes","Cyclopsettidae","Citharichthys","Citharichthys sordidus"
"row_2525","Eukaryota","Chordata","Actinopteri","Stomiiformes","Gonostomatidae","Cyclothone","Cyclothone signata"
"row_2526","Eukaryota","Chordata","Mammalia","Artiodactyla","Delphinidae",NA,NA
"row_2527","Eukaryota","Chordata","Mammalia","Artiodactyla","Delphinidae","Delphinus",NA
"row_2528","Eukaryota","Chordata","Actinopteri","Clupeiformes","Engraulidae","Engraulis","Engraulis mordax"
"row_2529","Eukaryota","Chordata","Mammalia",NA,NA,NA,NA
"row_2530","Eukaryota","Chordata","Actinopteri","Blenniiformes","Blenniidae","Hypsoblennius","Hypsoblennius jenkinsi"
"row_2531","Eukaryota","Chordata","Actinopteri","Scombriformes","Centrolophidae","Icichthys","Icichthys lockingtoni"
"row_2532","Eukaryota","Chordata","Actinopteri","Argentiniformes","Bathylagidae","Leuroglossus",NA
"row_2533","Eukaryota",NA,NA,NA,NA,NA,NA
"row_2534","Eukaryota","Chordata","Actinopteri","Gadiformes","Merlucciidae","Merluccius","Merluccius productus"
"row_2535","Eukaryota","Chordata","Actinopteri","Tetraodontiformes","Molidae","Mola",NA
"row_2536","Eukaryota","Chordata","Actinopteri","Lophiiformes","Oneirodidae","Oneirodes",NA
"row_2537","Eukaryota","Chordata","Actinopteri","Pleuronectiformes","Paralichthyidae","Paralichthys","Paralichthys californicus"
"row_2538","Eukaryota",NA,NA,NA,NA,NA,NA
"row_2539","Eukaryota","Chordata",NA,NA,NA,NA,NA
"row_2540","Eukaryota","Chordata","Actinopteri","Stomiiformes","Phosichthyidae",NA,NA
"row_2541","Eukaryota","Chordata","Actinopteri","Pleuronectiformes","Pleuronectidae",NA,NA
"row_2542","Eukaryota","Chordata","Chondrichthyes","Carcharhiniformes","Carcharhinidae","Prionace","Prionace glauca"
"row_2543","Eukaryota","Chordata","Actinopteri","Perciformes","Sebastidae","Sebastes",NA
"row_2544","Eukaryota","Chordata","Actinopteri","Carangiformes","Carangidae","Seriola","Seriola lalandi"
"row_2545","Eukaryota","Chordata","Actinopteri","Myctophiformes","Myctophidae","Stenobrachius",NA
"row_2546","Eukaryota","Chordata","Actinopteri","Myctophiformes","Myctophidae","Symbolophorus","Symbolophorus californiensis"
"row_2547","Eukaryota","Chordata","Actinopteri","Syngnathiformes","Syngnathidae","Syngnathus",NA
"row_2548","Eukaryota","Chordata","Actinopteri","Myctophiformes","Myctophidae","Tarletonbeania","Tarletonbeania crenularis"
"row_2549","Eukaryota","Chordata","Actinopteri","Scombriformes","Tetragonuridae","Tetragonurus","Tetragonurus cuvieri"
"row_2550","Eukaryota","Chordata","Actinopteri","Carangiformes","Carangidae","Trachurus","Trachurus symmetricus"
"row_2551","Eukaryota","Chordata","Mammalia",NA,NA,NA,NA
"row_2552",NA,NA,NA,NA,NA,NA,NA
"row_2553","Eukaryota",NA,NA,NA,NA,NA,NA
"row_2554","Eukaryota","Chordata","Actinopteri","Clupeiformes","Engraulidae","Engraulis","Engraulis mordax"
"row_2555","Eukaryota","Chordata","Mammalia",NA,NA,NA,NA
"row_2556","Eukaryota","Chordata","Actinopteri","Argentiniformes","Bathylagidae","Leuroglossus",NA
"row_2557","Eukaryota",NA,NA,NA,NA,NA,NA
"row_2558","Eukaryota","Chordata","Actinopteri","Perciformes","Sebastidae","Sebastes",NA
"row_2559","Eukaryota","Chordata","Actinopteri","Myctophiformes","Myctophidae","Symbolophorus","Symbolophorus californiensis"
"row_2560","Eukaryota","Chordata","Actinopteri","Syngnathiformes","Syngnathidae","Syngnathus",NA
"row_2561",NA,NA,NA,NA,NA,NA,NA
"row_2562","Eukaryota",NA,NA,NA,NA,NA,NA
"row_2563","Eukaryota","Chordata","Chondrichthyes","Rajiformes","Rajidae","Beringraja","Beringraja binoculata"
"row_2564","Eukaryota","Chordata","Actinopteri","Clupeiformes","Engraulidae","Engraulis","Engraulis mordax"
"row_2565","Eukaryota",NA,NA,NA,NA,NA,NA
"row_2566","Eukaryota","Chordata","Mammalia",NA,NA,NA,NA
"row_2567","Eukaryota",NA,NA,NA,NA,NA,NA
"row_2568","Eukaryota","Chordata","Actinopteri","Gadiformes","Merlucciidae","Merluccius","Merluccius productus"
"row_2569","Eukaryota",NA,NA,NA,NA,NA,NA
"row_2570","Eukaryota","Chordata","Actinopteri","Perciformes","Sebastidae","Sebastes",NA
"row_2571","Eukaryota",NA,NA,NA,NA,NA,NA
"row_2572","Eukaryota","Chordata","Actinopteri","Myctophiformes","Myctophidae","Symbolophorus","Symbolophorus californiensis"
"row_2573",NA,NA,NA,NA,NA,NA,NA
"row_2574","Eukaryota",NA,NA,NA,NA,NA,NA
"row_2575","Eukaryota","Chordata","Mammalia","Artiodactyla","Balaenopteridae","Balaenoptera","Balaenoptera physalus"
"row_2576","Eukaryota","Chordata","Actinopteri","Myctophiformes","Myctophidae","Ceratoscopelus",NA
"row_2577","Eukaryota","Chordata","Actinopteri","Clupeiformes","Engraulidae","Engraulis","Engraulis mordax"
"row_2578","Eukaryota","Chordata","Mammalia",NA,NA,NA,NA
"row_2579","Eukaryota","Chordata","Mammalia","Artiodactyla","Delphinidae","Sagmatias","Sagmatias obliquidens"
"row_2580","Eukaryota",NA,NA,NA,NA,NA,NA
"row_2581","Eukaryota","Chordata","Actinopteri","Gadiformes","Merlucciidae","Merluccius","Merluccius productus"
"row_2582","Eukaryota","Chordata","Chondrichthyes","Carcharhiniformes","Carcharhinidae","Prionace","Prionace glauca"
"row_2583","Eukaryota","Chordata","Actinopteri","Perciformes","Sebastidae","Sebastes",NA
"row_2584","Eukaryota",NA,NA,NA,NA,NA,NA
"row_2585","Eukaryota","Chordata","Actinopteri","Myctophiformes","Myctophidae","Symbolophorus","Symbolophorus californiensis"
"row_2586","Eukaryota","Chordata","Actinopteri","Syngnathiformes","Syngnathidae","Syngnathus",NA
"row_2587",NA,NA,NA,NA,NA,NA,NA
"row_2588","Eukaryota",NA,NA,NA,NA,NA,NA
"row_2589","Eukaryota","Chordata","Mammalia","Artiodactyla","Balaenopteridae","Balaenoptera","Balaenoptera physalus"
"row_2590","Eukaryota","Chordata","Actinopteri","Pleuronectiformes","Cyclopsettidae","Citharichthys","Citharichthys sordidus"
"row_2591","Eukaryota","Chordata","Actinopteri","Pleuronectiformes","Cyclopsettidae","Citharichthys","Citharichthys stigmaeus"
"row_2592","Eukaryota","Chordata","Mammalia","Artiodactyla","Delphinidae",NA,NA
"row_2593","Eukaryota","Chordata","Actinopteri","Clupeiformes","Engraulidae","Engraulis","Engraulis mordax"
"row_2594","Eukaryota",NA,NA,NA,NA,NA,NA
"row_2595","Eukaryota","Chordata","Mammalia",NA,NA,NA,NA
"row_2596","Eukaryota",NA,NA,NA,NA,NA,NA
"row_2597","Eukaryota",NA,NA,NA,NA,NA,NA
"row_2598","Eukaryota",NA,NA,NA,NA,NA,NA
"row_2599","Eukaryota","Chordata","Actinopteri","Scombriformes","Stromateidae","Peprilus",NA
"row_2600","Eukaryota",NA,NA,NA,NA,NA,NA
"row_2601","Eukaryota","Chordata","Chondrichthyes","Carcharhiniformes","Carcharhinidae","Prionace","Prionace glauca"
"row_2602","Eukaryota","Chordata","Actinopteri","Perciformes","Sebastidae","Sebastes",NA
"row_2603","Eukaryota","Chordata","Mammalia","Artiodactyla","Delphinidae","Stenella","Stenella coeruleoalba"
"row_2604","Eukaryota",NA,NA,NA,NA,NA,NA
"row_2605","Eukaryota","Chordata","Actinopteri","Myctophiformes","Myctophidae","Symbolophorus","Symbolophorus californiensis"
"row_2606","Eukaryota","Chordata","Actinopteri","Syngnathiformes","Syngnathidae","Syngnathus",NA
"row_2607","Eukaryota","Chordata","Actinopteri","Myctophiformes","Myctophidae","Tarletonbeania","Tarletonbeania crenularis"
"row_2608",NA,NA,NA,NA,NA,NA,NA
"row_2609","Eukaryota",NA,NA,NA,NA,NA,NA
"row_2610","Eukaryota","Chordata","Actinopteri","Clupeiformes","Engraulidae","Engraulis","Engraulis mordax"
"row_2611","Eukaryota","Chordata","Mammalia",NA,NA,NA,NA
"row_2612","Eukaryota",NA,NA,NA,NA,NA,NA
"row_2613","Eukaryota","Chordata","Actinopteri","Scombriformes","Stromateidae","Peprilus",NA
"row_2614","Eukaryota",NA,NA,NA,NA,NA,NA
"row_2615","Eukaryota","Chordata","Actinopteri","Myctophiformes","Myctophidae","Symbolophorus","Symbolophorus californiensis"
"row_2616",NA,NA,NA,NA,NA,NA,NA
"row_2617","Eukaryota",NA,NA,NA,NA,NA,NA
"row_2618","Eukaryota","Chordata","Mammalia","Artiodactyla","Balaenopteridae","Balaenoptera","Balaenoptera physalus"
"row_2619","Eukaryota","Chordata","Mammalia","Artiodactyla","Delphinidae",NA,NA
"row_2620","Eukaryota","Chordata","Actinopteri","Myctophiformes","Myctophidae","Diaphus","Diaphus theta"
"row_2621","Eukaryota","Chordata","Actinopteri","Clupeiformes","Engraulidae","Engraulis","Engraulis mordax"
"row_2622","Eukaryota",NA,NA,NA,NA,NA,NA
"row_2623","Eukaryota","Chordata","Mammalia",NA,NA,NA,NA
"row_2624","Eukaryota","Chordata","Actinopteri","Argentiniformes","Bathylagidae","Lipolagus","Lipolagus ochotensis"
"row_2625","Eukaryota",NA,NA,NA,NA,NA,NA
"row_2626","Eukaryota","Chordata","Actinopteri","Lophiiformes","Oneirodidae","Oneirodes",NA
"row_2627","Eukaryota",NA,NA,NA,NA,NA,NA
"row_2628","Eukaryota","Chordata","Actinopteri","Scombriformes","Stromateidae","Peprilus",NA
"row_2629","Eukaryota",NA,NA,NA,NA,NA,NA
"row_2630","Eukaryota","Chordata","Actinopteri","Clupeiformes","Clupeidae","Sardinops","Sardinops sagax"
"row_2631","Eukaryota","Chordata","Actinopteri","Perciformes","Sebastidae","Sebastes",NA
"row_2632","Eukaryota","Chordata","Actinopteri","Carangiformes","Carangidae","Seriola","Seriola lalandi"
"row_2633","Eukaryota",NA,NA,NA,NA,NA,NA
"row_2634","Eukaryota","Chordata","Actinopteri","Syngnathiformes","Syngnathidae","Syngnathus",NA
"row_2635","Eukaryota","Chordata","Actinopteri","Myctophiformes","Myctophidae","Tarletonbeania","Tarletonbeania crenularis"
"row_2636",NA,NA,NA,NA,NA,NA,NA
"row_2637","Eukaryota",NA,NA,NA,NA,NA,NA
"row_2638","Eukaryota","Chordata","Actinopteri","Pleuronectiformes","Cyclopsettidae","Citharichthys","Citharichthys sordidus"
"row_2639","Eukaryota","Chordata","Actinopteri","Pleuronectiformes","Cyclopsettidae","Citharichthys","Citharichthys xanthostigma"
"row_2640","Eukaryota","Chordata","Mammalia","Artiodactyla","Delphinidae",NA,NA
"row_2641","Eukaryota","Chordata","Actinopteri","Clupeiformes","Engraulidae","Engraulis","Engraulis mordax"
"row_2642","Eukaryota",NA,NA,NA,NA,NA,NA
"row_2643","Eukaryota","Chordata","Mammalia",NA,NA,NA,NA
"row_2644","Eukaryota",NA,NA,NA,NA,NA,NA
"row_2645","Eukaryota","Chordata","Actinopteri","Scombriformes","Stromateidae","Peprilus",NA
"row_2646","Eukaryota",NA,NA,NA,NA,NA,NA
"row_2647","Eukaryota","Chordata","Actinopteri","Perciformes","Sebastidae","Sebastes",NA
"row_2648","Eukaryota",NA,NA,NA,NA,NA,NA
"row_2649",NA,NA,NA,NA,NA,NA,NA
"row_2650","Eukaryota",NA,NA,NA,NA,NA,NA
"row_2651","Eukaryota","Chordata","Mammalia","Artiodactyla","Balaenopteridae","Balaenoptera","Balaenoptera physalus"
"row_2652","Eukaryota","Chordata","Actinopteri","Pleuronectiformes","Cyclopsettidae","Citharichthys","Citharichthys sordidus"
"row_2653","Eukaryota","Chordata","Actinopteri","Pleuronectiformes","Cyclopsettidae","Citharichthys","Citharichthys stigmaeus"
"row_2654","Eukaryota","Chordata","Mammalia","Artiodactyla","Delphinidae",NA,NA
"row_2655","Eukaryota","Chordata","Actinopteri","Clupeiformes","Engraulidae","Engraulis","Engraulis mordax"
"row_2656","Eukaryota",NA,NA,NA,NA,NA,NA
"row_2657","Eukaryota","Chordata","Mammalia",NA,NA,NA,NA
"row_2658","Eukaryota",NA,NA,NA,NA,NA,NA
"row_2659","Eukaryota",NA,NA,NA,NA,NA,NA
"row_2660","Eukaryota",NA,NA,NA,NA,NA,NA
"row_2661","Eukaryota","Chordata","Actinopteri","Scombriformes","Stromateidae","Peprilus",NA
"row_2662","Eukaryota",NA,NA,NA,NA,NA,NA
"row_2663","Eukaryota","Chordata","Chondrichthyes","Carcharhiniformes","Carcharhinidae","Prionace","Prionace glauca"
"row_2664","Eukaryota","Chordata","Actinopteri","Perciformes","Sebastidae","Sebastes",NA
"row_2665","Eukaryota","Chordata","Actinopteri","Perciformes","Sebastidae","Sebastes","Sebastes paucispinis"
"row_2666","Eukaryota","Chordata","Mammalia","Artiodactyla","Delphinidae","Stenella","Stenella coeruleoalba"
"row_2667","Eukaryota",NA,NA,NA,NA,NA,NA
"row_2668","Eukaryota","Chordata","Actinopteri","Myctophiformes","Myctophidae","Symbolophorus","Symbolophorus californiensis"
"row_2669","Eukaryota","Chordata","Actinopteri","Syngnathiformes","Syngnathidae","Syngnathus",NA
"row_2670","Eukaryota","Chordata","Actinopteri","Myctophiformes","Myctophidae","Tarletonbeania","Tarletonbeania crenularis"
"row_2671",NA,NA,NA,NA,NA,NA,NA
"row_2672","Eukaryota",NA,NA,NA,NA,NA,NA
"row_2673","Eukaryota","Chordata","Actinopteri","Pleuronectiformes","Cyclopsettidae","Citharichthys","Citharichthys sordidus"
"row_2674","Eukaryota","Chordata","Mammalia","Artiodactyla","Delphinidae",NA,NA
"row_2675","Eukaryota","Chordata","Actinopteri","Clupeiformes","Engraulidae","Engraulis","Engraulis mordax"
"row_2676","Eukaryota",NA,NA,NA,NA,NA,NA
"row_2677","Eukaryota","Chordata","Mammalia",NA,NA,NA,NA
"row_2678","Eukaryota",NA,NA,NA,NA,NA,NA
"row_2679","Eukaryota",NA,NA,NA,NA,NA,NA
"row_2680","Eukaryota","Chordata","Actinopteri","Perciformes","Sebastidae","Sebastes",NA
"row_2681","Eukaryota",NA,NA,NA,NA,NA,NA
"row_2682","Eukaryota","Chordata","Actinopteri","Syngnathiformes","Syngnathidae","Syngnathus",NA
"row_2683",NA,NA,NA,NA,NA,NA,NA
"row_2684","Eukaryota",NA,NA,NA,NA,NA,NA
"row_2685","Eukaryota","Chordata","Mammalia","Artiodactyla","Balaenopteridae","Balaenoptera","Balaenoptera physalus"
"row_2686","Eukaryota","Chordata","Mammalia","Artiodactyla","Delphinidae",NA,NA
"row_2687","Eukaryota","Chordata","Actinopteri","Myctophiformes","Myctophidae","Diaphus","Diaphus theta"
"row_2688","Eukaryota","Chordata","Actinopteri","Clupeiformes","Engraulidae","Engraulis","Engraulis mordax"
"row_2689","Eukaryota",NA,NA,NA,NA,NA,NA
"row_2690","Eukaryota","Chordata","Mammalia",NA,NA,NA,NA
"row_2691","Eukaryota","Chordata","Mammalia",NA,NA,NA,NA
"row_2692","Eukaryota","Chordata","Actinopteri","Argentiniformes","Bathylagidae","Lipolagus","Lipolagus ochotensis"
"row_2693","Eukaryota","Chordata","Actinopteri","Lophiiformes","Oneirodidae","Oneirodes",NA
"row_2694","Eukaryota","Chordata","Actinopteri","Scombriformes","Stromateidae","Peprilus",NA
"row_2695","Eukaryota","Chordata","Actinopteri","Perciformes","Sebastidae","Sebastes",NA
"row_2696","Eukaryota",NA,NA,NA,NA,NA,NA
"row_2697","Eukaryota","Chordata","Actinopteri","Myctophiformes","Myctophidae","Symbolophorus","Symbolophorus californiensis"
"row_2698","Eukaryota","Chordata","Actinopteri","Syngnathiformes","Syngnathidae","Syngnathus",NA
"row_2699","Eukaryota","Chordata","Actinopteri","Myctophiformes","Myctophidae","Tarletonbeania","Tarletonbeania crenularis"
"row_2700",NA,NA,NA,NA,NA,NA,NA
"row_2701","Eukaryota",NA,NA,NA,NA,NA,NA
"row_2702","Eukaryota","Chordata","Actinopteri","Pleuronectiformes","Cyclopsettidae","Citharichthys","Citharichthys sordidus"
"row_2703","Eukaryota","Chordata","Mammalia","Artiodactyla","Delphinidae",NA,NA
"row_2704","Eukaryota","Chordata","Actinopteri","Clupeiformes","Engraulidae","Engraulis","Engraulis mordax"
"row_2705","Eukaryota",NA,NA,NA,NA,NA,NA
"row_2706","Eukaryota","Chordata","Mammalia",NA,NA,NA,NA
"row_2707","Eukaryota","Chordata","Actinopteri","Perciformes","Sebastidae","Sebastes",NA
"row_2708","Eukaryota",NA,NA,NA,NA,NA,NA
"row_2709","Eukaryota","Chordata","Actinopteri","Myctophiformes","Myctophidae","Symbolophorus","Symbolophorus californiensis"
"row_2710",NA,NA,NA,NA,NA,NA,NA
"row_2711","Eukaryota",NA,NA,NA,NA,NA,NA
"row_2712","Eukaryota","Chordata","Mammalia","Artiodactyla","Balaenopteridae","Balaenoptera","Balaenoptera physalus"
"row_2713","Eukaryota","Chordata","Actinopteri","Pleuronectiformes","Cyclopsettidae","Citharichthys","Citharichthys sordidus"
"row_2714","Eukaryota","Chordata","Actinopteri","Pleuronectiformes","Cyclopsettidae","Citharichthys","Citharichthys stigmaeus"
"row_2715","Eukaryota","Chordata","Mammalia","Artiodactyla","Delphinidae",NA,NA
"row_2716","Eukaryota","Chordata","Actinopteri","Clupeiformes","Engraulidae","Engraulis","Engraulis mordax"
"row_2717","Eukaryota",NA,NA,NA,NA,NA,NA
"row_2718","Eukaryota","Chordata","Mammalia",NA,NA,NA,NA
"row_2719","Eukaryota",NA,NA,NA,NA,NA,NA
"row_2720","Eukaryota",NA,NA,NA,NA,NA,NA
"row_2721","Eukaryota","Chordata","Actinopteri","Scombriformes","Stromateidae","Peprilus",NA
"row_2722","Eukaryota","Chordata","Actinopteri","Perciformes","Sebastidae","Sebastes",NA
"row_2723","Eukaryota",NA,NA,NA,NA,NA,NA
"row_2724","Eukaryota","Chordata","Actinopteri","Myctophiformes","Myctophidae","Symbolophorus","Symbolophorus californiensis"
"row_2725","Eukaryota","Chordata","Actinopteri","Syngnathiformes","Syngnathidae","Syngnathus",NA
"row_2726","Eukaryota","Chordata","Actinopteri","Myctophiformes","Myctophidae","Tarletonbeania","Tarletonbeania crenularis"
"row_2727",NA,NA,NA,NA,NA,NA,NA
"row_2728","Eukaryota",NA,NA,NA,NA,NA,NA
"row_2729","Eukaryota","Chordata","Actinopteri","Clupeiformes","Engraulidae","Engraulis","Engraulis mordax"
"row_2730","Eukaryota",NA,NA,NA,NA,NA,NA
"row_2731","Eukaryota","Chordata","Mammalia",NA,NA,NA,NA
"row_2732","Eukaryota",NA,NA,NA,NA,NA,NA
"row_2733","Eukaryota","Chordata","Actinopteri","Perciformes","Serranidae","Paralabrax","Paralabrax clathratus"
"row_2734","Eukaryota","Chordata","Actinopteri","Perciformes","Sebastidae","Sebastes",NA
"row_2735","Eukaryota","Chordata","Actinopteri","Carangiformes","Carangidae","Seriola","Seriola lalandi"
"row_2736","Eukaryota",NA,NA,NA,NA,NA,NA
"row_2737","Eukaryota","Chordata","Actinopteri","Myctophiformes","Myctophidae","Symbolophorus","Symbolophorus californiensis"
"row_2738","Eukaryota","Chordata","Actinopteri","Syngnathiformes","Syngnathidae","Syngnathus",NA
"row_2739",NA,NA,NA,NA,NA,NA,NA
"row_2740","Eukaryota",NA,NA,NA,NA,NA,NA
"row_2741","Eukaryota","Chordata","Actinopteri","Beloniformes","Belonidae","Cololabis","Cololabis saira"
"row_2742","Eukaryota","Chordata","Mammalia","Artiodactyla","Delphinidae",NA,NA
"row_2743","Eukaryota","Chordata","Actinopteri","Myctophiformes","Myctophidae","Diaphus","Diaphus theta"
"row_2744","Eukaryota","Chordata","Actinopteri","Clupeiformes","Engraulidae","Engraulis","Engraulis mordax"
"row_2745","Eukaryota",NA,NA,NA,NA,NA,NA
"row_2746","Eukaryota","Chordata","Mammalia",NA,NA,NA,NA
"row_2747","Eukaryota","Chordata","Mammalia",NA,NA,NA,NA
"row_2748","Eukaryota","Chordata","Actinopteri","Scombriformes","Centrolophidae","Icichthys","Icichthys lockingtoni"
"row_2749","Eukaryota","Chordata","Chondrichthyes","Lamniformes","Lamnidae","Lamna","Lamna ditropis"
"row_2750","Eukaryota","Chordata","Actinopteri","Argentiniformes","Bathylagidae","Leuroglossus",NA
"row_2751","Eukaryota","Chordata","Actinopteri","Centrarchiformes","Kyphosidae","Medialuna","Medialuna californiensis"
"row_2752","Eukaryota","Chordata","Actinopteri","Gadiformes","Merlucciidae","Merluccius","Merluccius productus"
"row_2753","Eukaryota","Chordata","Actinopteri","Lophiiformes","Oneirodidae","Oneirodes",NA
"row_2754","Eukaryota","Chordata","Actinopteri","Scombriformes","Stromateidae","Peprilus",NA
"row_2755","Eukaryota",NA,NA,NA,NA,NA,NA
"row_2756","Eukaryota",NA,NA,NA,NA,NA,NA
"row_2757","Eukaryota","Chordata",NA,NA,NA,NA,NA
"row_2758","Eukaryota","Chordata","Mammalia","Artiodactyla","Delphinidae","Sagmatias",NA
"row_2759","Eukaryota","Chordata","Actinopteri","Clupeiformes","Clupeidae","Sardinops","Sardinops sagax"
"row_2760","Eukaryota","Chordata","Actinopteri","Scombriformes","Scombridae","Scomber","Scomber japonicus"
"row_2761","Eukaryota","Chordata","Actinopteri","Perciformes","Sebastidae","Sebastes",NA
"row_2762","Eukaryota","Chordata","Actinopteri","Perciformes","Sebastidae","Sebastes","Sebastes mystinus"
"row_2763","Eukaryota","Chordata","Actinopteri","Carangiformes","Carangidae","Seriola","Seriola lalandi"
"row_2764","Eukaryota","Chordata","Mammalia","Artiodactyla","Delphinidae","Stenella","Stenella coeruleoalba"
"row_2765","Eukaryota",NA,NA,NA,NA,NA,NA
"row_2766","Eukaryota","Chordata","Actinopteri","Myctophiformes","Myctophidae","Symbolophorus","Symbolophorus californiensis"
"row_2767","Eukaryota","Chordata","Actinopteri","Syngnathiformes","Syngnathidae","Syngnathus",NA
"row_2768",NA,NA,NA,NA,NA,NA,NA
"row_2769","Eukaryota",NA,NA,NA,NA,NA,NA
"row_2770","Eukaryota","Chordata","Actinopteri","Clupeiformes","Engraulidae","Engraulis","Engraulis mordax"
"row_2771","Eukaryota","Chordata",NA,NA,NA,NA,NA
"row_2772","Eukaryota","Chordata","Mammalia",NA,NA,NA,NA
"row_2773","Eukaryota","Chordata","Mammalia","Artiodactyla",NA,NA,NA
"row_2774","Eukaryota","Chordata","Actinopteri","Clupeiformes","Clupeidae","Sardinops","Sardinops sagax"
"row_2775","Eukaryota","Chordata","Actinopteri","Perciformes","Sebastidae","Sebastes",NA
"row_2776","Eukaryota","Chordata","Actinopteri","Perciformes","Sebastidae","Sebastes","Sebastes mystinus"
"row_2777","Eukaryota","Chordata","Mammalia","Artiodactyla","Delphinidae","Stenella","Stenella coeruleoalba"
"row_2778","Eukaryota",NA,NA,NA,NA,NA,NA
"row_2779","Eukaryota","Chordata","Actinopteri","Syngnathiformes","Syngnathidae","Syngnathus",NA
"row_2780",NA,NA,NA,NA,NA,NA,NA
"row_2781","Eukaryota",NA,NA,NA,NA,NA,NA
"row_2782","Eukaryota","Chordata","Actinopteri","Myctophiformes","Myctophidae","Diaphus","Diaphus theta"
"row_2783","Eukaryota","Chordata","Actinopteri","Clupeiformes","Engraulidae","Engraulis","Engraulis mordax"
"row_2784","Eukaryota","Chordata","Mammalia","Artiodactyla","Eschrichtiidae","Eschrichtius","Eschrichtius robustus"
"row_2785","Eukaryota","Chordata","Mammalia",NA,NA,NA,NA
"row_2786","Eukaryota","Chordata","Actinopteri","Tetraodontiformes","Molidae","Mola",NA
"row_2787","Eukaryota","Chordata","Mammalia","Artiodactyla",NA,NA,NA
"row_2788","Eukaryota","Chordata","Actinopteri","Clupeiformes","Clupeidae","Sardinops","Sardinops sagax"
"row_2789","Eukaryota","Chordata","Actinopteri","Perciformes","Cottidae","Scorpaenichthys","Scorpaenichthys marmoratus"
"row_2790","Eukaryota","Chordata","Actinopteri","Perciformes","Sebastidae","Sebastes",NA
"row_2791","Eukaryota","Chordata","Actinopteri","Perciformes","Sebastidae","Sebastes","Sebastes mystinus"
"row_2792","Eukaryota","Chordata","Mammalia","Artiodactyla","Delphinidae","Stenella","Stenella coeruleoalba"
"row_2793","Eukaryota","Chordata","Actinopteri","Myctophiformes","Myctophidae","Stenobrachius","Stenobrachius nannochir"
"row_2794","Eukaryota",NA,NA,NA,NA,NA,NA
"row_2795","Eukaryota","Chordata","Actinopteri","Myctophiformes","Myctophidae","Symbolophorus","Symbolophorus californiensis"
"row_2796","Eukaryota","Chordata","Actinopteri","Myctophiformes","Myctophidae","Tarletonbeania","Tarletonbeania crenularis"
"row_2797","Eukaryota","Chordata",NA,NA,NA,NA,NA
"row_2798",NA,NA,NA,NA,NA,NA,NA
"row_2799","Eukaryota",NA,NA,NA,NA,NA,NA
"row_2800","Eukaryota",NA,NA,NA,NA,NA,NA
"row_2801","Eukaryota","Chordata","Actinopteri","Clupeiformes","Engraulidae","Engraulis","Engraulis mordax"
"row_2802","Eukaryota","Chordata",NA,NA,NA,NA,NA
"row_2803","Eukaryota",NA,NA,NA,NA,NA,NA
"row_2804","Eukaryota","Chordata","Actinopteri","Clupeiformes","Clupeidae","Sardinops","Sardinops sagax"
"row_2805","Eukaryota","Chordata","Actinopteri","Perciformes","Sebastidae","Sebastes",NA
"row_2806","Eukaryota","Chordata","Actinopteri","Perciformes","Sebastidae","Sebastes","Sebastes mystinus"
"row_2807",NA,NA,NA,NA,NA,NA,NA
"row_2808","Eukaryota",NA,NA,NA,NA,NA,NA
"row_2809","Eukaryota","Chordata","Actinopteri","Myctophiformes","Myctophidae","Diaphus","Diaphus theta"
"row_2810","Eukaryota","Chordata","Actinopteri","Clupeiformes","Engraulidae","Engraulis","Engraulis mordax"
"row_2811","Eukaryota","Chordata","Mammalia",NA,NA,NA,NA
"row_2812","Eukaryota","Chordata","Actinopteri","Scombriformes","Centrolophidae","Icichthys","Icichthys lockingtoni"
"row_2813","Eukaryota","Chordata","Actinopteri","Centrarchiformes","Kyphosidae","Medialuna","Medialuna californiensis"
"row_2814","Eukaryota","Chordata","Actinopteri","Gadiformes","Merlucciidae","Merluccius","Merluccius productus"
"row_2815","Eukaryota","Chordata","Actinopteri","Lophiiformes","Oneirodidae","Oneirodes",NA
"row_2816","Eukaryota",NA,NA,NA,NA,NA,NA
"row_2817","Eukaryota",NA,NA,NA,NA,NA,NA
"row_2818","Eukaryota",NA,NA,NA,NA,NA,NA
"row_2819","Eukaryota","Chordata","Actinopteri","Perciformes","Sebastidae","Sebastes",NA
"row_2820","Eukaryota","Chordata","Actinopteri","Carangiformes","Carangidae","Seriola","Seriola lalandi"
"row_2821","Eukaryota",NA,NA,NA,NA,NA,NA
"row_2822","Eukaryota","Chordata","Actinopteri","Myctophiformes","Myctophidae","Symbolophorus","Symbolophorus californiensis"
"row_2823","Eukaryota","Chordata","Actinopteri","Syngnathiformes","Syngnathidae","Syngnathus",NA
"row_2824",NA,NA,NA,NA,NA,NA,NA
"row_2825","Eukaryota",NA,NA,NA,NA,NA,NA
"row_2826","Eukaryota","Chordata","Actinopteri","Pleuronectiformes","Cyclopsettidae","Citharichthys","Citharichthys sordidus"
"row_2827","Eukaryota","Chordata","Actinopteri","Myctophiformes","Myctophidae","Diaphus","Diaphus theta"
"row_2828","Eukaryota","Chordata","Actinopteri","Clupeiformes","Engraulidae","Engraulis","Engraulis mordax"
"row_2829","Eukaryota","Chordata","Mammalia","Artiodactyla","Eschrichtiidae","Eschrichtius","Eschrichtius robustus"
"row_2830","Eukaryota","Chordata",NA,NA,NA,NA,NA
"row_2831","Eukaryota","Chordata","Mammalia",NA,NA,NA,NA
"row_2832","Eukaryota","Chordata","Mammalia","Artiodactyla",NA,NA,NA
"row_2833","Eukaryota","Chordata","Mammalia","Artiodactyla","Phocoenidae","Phocoenoides","Phocoenoides dalli"
"row_2834","Eukaryota",NA,NA,NA,NA,NA,NA
"row_2835","Eukaryota",NA,NA,NA,NA,NA,NA
"row_2836","Eukaryota","Chordata","Actinopteri","Clupeiformes","Clupeidae","Sardinops","Sardinops sagax"
"row_2837","Eukaryota","Chordata","Actinopteri","Perciformes","Sebastidae","Sebastes",NA
"row_2838","Eukaryota","Chordata","Actinopteri","Perciformes","Sebastidae","Sebastes","Sebastes mystinus"
"row_2839","Eukaryota","Chordata","Mammalia","Artiodactyla","Delphinidae","Stenella","Stenella coeruleoalba"
"row_2840","Eukaryota",NA,NA,NA,NA,NA,NA
"row_2841","Eukaryota","Chordata","Actinopteri","Myctophiformes","Myctophidae","Symbolophorus","Symbolophorus californiensis"
"row_2842","Eukaryota","Chordata","Actinopteri","Syngnathiformes","Syngnathidae","Syngnathus",NA
"row_2843","Eukaryota","Chordata",NA,NA,NA,NA,NA
"row_2844",NA,NA,NA,NA,NA,NA,NA
"row_2845","Eukaryota","Chordata","Actinopteri","Clupeiformes","Clupeidae","Alosa",NA
"row_2846","Eukaryota",NA,NA,NA,NA,NA,NA
"row_2847","Eukaryota","Chordata","Mammalia","Artiodactyla","Balaenopteridae","Balaenoptera","Balaenoptera physalus"
"row_2848","Eukaryota","Chordata","Actinopteri","Clupeiformes","Clupeidae","Clupea","Clupea pallasii"
"row_2849","Eukaryota","Chordata","Actinopteri","Myctophiformes","Myctophidae","Diaphus","Diaphus theta"
"row_2850","Eukaryota","Chordata","Actinopteri","Clupeiformes","Engraulidae","Engraulis","Engraulis mordax"
"row_2851","Eukaryota","Chordata","Mammalia",NA,NA,NA,NA
"row_2852","Eukaryota","Chordata","Mammalia",NA,NA,NA,NA
"row_2853","Eukaryota",NA,NA,NA,NA,NA,NA
"row_2854","Eukaryota","Chordata","Actinopteri","Tetraodontiformes","Molidae","Mola",NA
"row_2855","Eukaryota","Chordata","Mammalia","Artiodactyla",NA,NA,NA
"row_2856","Eukaryota","Chordata","Actinopteri","Pleuronectiformes","Paralichthyidae","Paralichthys","Paralichthys californicus"
"row_2857","Eukaryota",NA,NA,NA,NA,NA,NA
"row_2858","Eukaryota","Chordata","Actinopteri","Clupeiformes","Clupeidae","Sardinops","Sardinops sagax"
"row_2859","Eukaryota","Chordata","Actinopteri","Perciformes","Sebastidae","Sebastes",NA
"row_2860","Eukaryota","Chordata","Actinopteri","Perciformes","Sebastidae","Sebastes","Sebastes mystinus"
"row_2861","Eukaryota","Chordata","Mammalia","Artiodactyla","Delphinidae","Stenella","Stenella coeruleoalba"
"row_2862","Eukaryota",NA,NA,NA,NA,NA,NA
"row_2863","Eukaryota","Chordata","Actinopteri","Myctophiformes","Myctophidae","Symbolophorus","Symbolophorus californiensis"
"row_2864","Eukaryota","Chordata","Actinopteri","Myctophiformes","Myctophidae","Tarletonbeania","Tarletonbeania crenularis"
"row_2865",NA,NA,NA,NA,NA,NA,NA
"row_2866","Eukaryota",NA,NA,NA,NA,NA,NA
"row_2867","Eukaryota","Chordata","Actinopteri","Myctophiformes","Myctophidae","Ceratoscopelus",NA
"row_2868","Eukaryota","Chordata","Actinopteri","Beloniformes","Belonidae","Cololabis","Cololabis saira"
"row_2869","Eukaryota","Chordata","Actinopteri","Myctophiformes","Myctophidae","Diaphus","Diaphus theta"
"row_2870","Eukaryota","Chordata","Actinopteri","Clupeiformes","Engraulidae","Engraulis","Engraulis mordax"
"row_2871","Eukaryota","Chordata","Mammalia",NA,NA,NA,NA
"row_2872","Eukaryota","Chordata","Actinopteri","Perciformes","Sebastidae","Sebastes",NA
"row_2873","Eukaryota",NA,NA,NA,NA,NA,NA
"row_2874","Eukaryota","Chordata","Actinopteri","Myctophiformes","Myctophidae","Symbolophorus","Symbolophorus californiensis"
"row_2875",NA,NA,NA,NA,NA,NA,NA
"row_2876","Eukaryota",NA,NA,NA,NA,NA,NA
"row_2877","Eukaryota","Chordata","Mammalia","Artiodactyla","Balaenopteridae","Balaenoptera","Balaenoptera physalus"
"row_2878","Eukaryota","Chordata","Mammalia",NA,NA,NA,NA
"row_2879","Eukaryota","Chordata","Actinopteri","Beloniformes","Belonidae","Cololabis","Cololabis saira"
"row_2880","Eukaryota","Chordata","Mammalia","Artiodactyla","Delphinidae",NA,NA
"row_2881","Eukaryota","Chordata","Actinopteri","Myctophiformes","Myctophidae","Diaphus","Diaphus theta"
"row_2882","Eukaryota","Chordata","Actinopteri","Clupeiformes","Engraulidae","Engraulis","Engraulis mordax"
"row_2883","Eukaryota","Chordata",NA,NA,NA,NA,NA
"row_2884","Eukaryota","Chordata","Mammalia",NA,NA,NA,NA
"row_2885","Eukaryota","Chordata","Actinopteri","Scombriformes","Centrolophidae","Icichthys","Icichthys lockingtoni"
"row_2886","Eukaryota","Chordata","Mammalia","Artiodactyla","Delphinidae","Sagmatias","Sagmatias obliquidens"
"row_2887","Eukaryota","Chordata","Mammalia","Artiodactyla","Balaenopteridae","Megaptera","Megaptera novaeangliae"
"row_2888","Eukaryota","Chordata","Actinopteri","Gadiformes","Merlucciidae","Merluccius","Merluccius productus"
"row_2889","Eukaryota","Chordata","Actinopteri","Lophiiformes","Oneirodidae","Oneirodes",NA
"row_2890","Eukaryota","Chordata","Mammalia","Artiodactyla","Delphinidae","Orcinus","Orcinus orca"
"row_2891","Eukaryota",NA,NA,NA,NA,NA,NA
"row_2892","Eukaryota",NA,NA,NA,NA,NA,NA
"row_2893","Eukaryota","Chordata","Actinopteri","Perciformes","Sebastidae","Sebastes",NA
"row_2894","Eukaryota","Chordata","Actinopteri","Perciformes","Sebastidae","Sebastes","Sebastes mystinus"
"row_2895","Eukaryota","Chordata","Actinopteri","Carangiformes","Carangidae","Seriola","Seriola lalandi"
"row_2896","Eukaryota","Chordata","Mammalia","Artiodactyla","Delphinidae","Stenella","Stenella coeruleoalba"
"row_2897","Eukaryota","Chordata","Actinopteri","Myctophiformes","Myctophidae","Stenobrachius","Stenobrachius leucopsarus"
"row_2898","Eukaryota",NA,NA,NA,NA,NA,NA
"row_2899","Eukaryota","Chordata","Actinopteri","Myctophiformes","Myctophidae","Symbolophorus","Symbolophorus californiensis"
"row_2900","Eukaryota","Chordata","Actinopteri","Syngnathiformes","Syngnathidae","Syngnathus",NA
"row_2901","Eukaryota","Chordata","Actinopteri","Myctophiformes","Myctophidae","Tarletonbeania","Tarletonbeania crenularis"
"row_2902","Eukaryota","Chordata","Actinopteri","Lampriformes","Trachipteridae","Trachipterus",NA
"row_2903",NA,NA,NA,NA,NA,NA,NA
"row_2904","Eukaryota",NA,NA,NA,NA,NA,NA
"row_2905","Eukaryota","Chordata","Actinopteri","Myctophiformes","Myctophidae","Diaphus","Diaphus theta"
"row_2906","Eukaryota","Chordata","Actinopteri","Clupeiformes","Engraulidae","Engraulis","Engraulis mordax"
"row_2907","Eukaryota","Chordata","Mammalia",NA,NA,NA,NA
"row_2908","Eukaryota","Chordata","Actinopteri","Scombriformes","Centrolophidae","Icichthys","Icichthys lockingtoni"
"row_2909","Eukaryota","Chordata","Actinopteri","Perciformes","Sebastidae","Sebastes",NA
"row_2910","Eukaryota","Chordata","Mammalia","Artiodactyla","Delphinidae","Stenella","Stenella coeruleoalba"
"row_2911","Eukaryota",NA,NA,NA,NA,NA,NA
"row_2912","Eukaryota","Chordata","Actinopteri","Myctophiformes","Myctophidae","Symbolophorus","Symbolophorus californiensis"
"row_2913","Eukaryota","Chordata","Actinopteri","Myctophiformes","Myctophidae","Tarletonbeania","Tarletonbeania crenularis"
"row_2914","Eukaryota","Chordata","Actinopteri","Carangiformes","Carangidae","Trachurus","Trachurus symmetricus"
"row_2915",NA,NA,NA,NA,NA,NA,NA
"row_2916","Eukaryota",NA,NA,NA,NA,NA,NA
"row_2917","Eukaryota",NA,NA,NA,NA,NA,NA
"row_2918","Eukaryota","Chordata","Actinopteri","Clupeiformes","Engraulidae","Engraulis","Engraulis mordax"
"row_2919","Eukaryota","Chordata","Mammalia",NA,NA,NA,NA
"row_2920","Eukaryota",NA,NA,NA,NA,NA,NA
"row_2921","Eukaryota","Chordata","Actinopteri","Perciformes","Sebastidae","Sebastes",NA
"row_2922","Eukaryota","Chordata","Mammalia","Artiodactyla","Delphinidae","Stenella","Stenella coeruleoalba"
"row_2923","Eukaryota",NA,NA,NA,NA,NA,NA
"row_2924","Eukaryota","Chordata","Actinopteri","Myctophiformes","Myctophidae","Symbolophorus","Symbolophorus californiensis"
"row_2925","Eukaryota","Chordata","Actinopteri","Myctophiformes","Myctophidae","Tarletonbeania","Tarletonbeania crenularis"
"row_2926",NA,NA,NA,NA,NA,NA,NA
"row_2927","Eukaryota",NA,NA,NA,NA,NA,NA
"row_2928","Eukaryota","Chordata","Actinopteri","Myctophiformes","Myctophidae","Ceratoscopelus",NA
"row_2929","Eukaryota","Chordata","Actinopteri","Beloniformes","Belonidae","Cololabis","Cololabis saira"
"row_2930","Eukaryota","Chordata","Mammalia","Artiodactyla","Delphinidae",NA,NA
"row_2931","Eukaryota","Chordata","Actinopteri","Myctophiformes","Myctophidae","Diaphus","Diaphus theta"
"row_2932","Eukaryota","Chordata","Actinopteri","Clupeiformes","Engraulidae","Engraulis","Engraulis mordax"
"row_2933","Eukaryota","Chordata","Mammalia",NA,NA,NA,NA
"row_2934","Eukaryota","Chordata","Mammalia",NA,NA,NA,NA
"row_2935","Eukaryota","Chordata","Actinopteri","Pleuronectiformes","Paralichthyidae","Paralichthys","Paralichthys californicus"
"row_2936","Eukaryota",NA,NA,NA,NA,NA,NA
"row_2937","Eukaryota","Chordata","Actinopteri","Perciformes","Sebastidae","Sebastes",NA
"row_2938","Eukaryota","Chordata","Mammalia","Artiodactyla","Delphinidae","Stenella","Stenella coeruleoalba"
"row_2939","Eukaryota",NA,NA,NA,NA,NA,NA
"row_2940","Eukaryota","Chordata","Actinopteri","Myctophiformes","Myctophidae","Symbolophorus","Symbolophorus californiensis"
"row_2941","Eukaryota","Chordata","Actinopteri","Syngnathiformes","Syngnathidae","Syngnathus",NA
"row_2942","Eukaryota","Chordata","Actinopteri","Myctophiformes","Myctophidae","Tarletonbeania","Tarletonbeania crenularis"
"row_2943","Eukaryota","Chordata","Actinopteri","Carangiformes","Carangidae","Trachurus","Trachurus symmetricus"
"row_2944",NA,NA,NA,NA,NA,NA,NA
"row_2945","Eukaryota",NA,NA,NA,NA,NA,NA
"row_2946","Eukaryota","Chordata","Actinopteri","Myctophiformes","Myctophidae","Diaphus","Diaphus theta"
"row_2947","Eukaryota","Chordata","Actinopteri","Clupeiformes","Engraulidae","Engraulis","Engraulis mordax"
"row_2948","Eukaryota","Chordata","Mammalia",NA,NA,NA,NA
"row_2949","Eukaryota","Chordata","Chondrichthyes","Lamniformes","Lamnidae","Lamna","Lamna ditropis"
"row_2950","Eukaryota","Chordata","Actinopteri","Argentiniformes","Bathylagidae","Lipolagus","Lipolagus ochotensis"
"row_2951","Eukaryota","Chordata","Actinopteri","Tetraodontiformes","Molidae","Mola",NA
"row_2952","Eukaryota","Chordata","Chondrichthyes","Carcharhiniformes","Carcharhinidae","Prionace","Prionace glauca"
"row_2953","Eukaryota","Chordata","Actinopteri","Perciformes","Sebastidae","Sebastes","Sebastes paucispinis"
"row_2954","Eukaryota","Chordata","Mammalia","Artiodactyla","Delphinidae","Stenella","Stenella coeruleoalba"
"row_2955","Eukaryota",NA,NA,NA,NA,NA,NA
"row_2956","Eukaryota","Chordata","Actinopteri","Myctophiformes","Myctophidae","Symbolophorus","Symbolophorus californiensis"
"row_2957","Eukaryota","Chordata","Actinopteri","Syngnathiformes","Syngnathidae","Syngnathus",NA
"row_2958","Eukaryota","Chordata","Actinopteri","Myctophiformes","Myctophidae","Tarletonbeania",NA
"row_2959","Eukaryota","Chordata","Actinopteri","Myctophiformes","Myctophidae","Tarletonbeania","Tarletonbeania crenularis"
"row_2960",NA,NA,NA,NA,NA,NA,NA
"row_2961","Eukaryota","Chordata","Actinopteri","Myctophiformes","Myctophidae","Ceratoscopelus",NA
"row_2962","Eukaryota","Chordata","Actinopteri","Myctophiformes","Myctophidae","Diaphus","Diaphus theta"
"row_2963","Eukaryota","Chordata","Actinopteri","Clupeiformes","Engraulidae","Engraulis","Engraulis mordax"
"row_2964","Eukaryota","Chordata","Mammalia",NA,NA,NA,NA
"row_2965","Eukaryota","Chordata","Actinopteri","Argentiniformes","Bathylagidae","Lipolagus","Lipolagus ochotensis"
"row_2966","Eukaryota","Chordata","Mammalia","Artiodactyla","Delphinidae","Stenella","Stenella coeruleoalba"
"row_2967","Eukaryota","Chordata","Actinopteri","Myctophiformes","Myctophidae","Stenobrachius","Stenobrachius leucopsarus"
"row_2968","Eukaryota",NA,NA,NA,NA,NA,NA
"row_2969","Eukaryota","Chordata","Actinopteri","Myctophiformes","Myctophidae","Symbolophorus","Symbolophorus californiensis"
"row_2970","Eukaryota","Chordata","Actinopteri","Syngnathiformes","Syngnathidae","Syngnathus",NA
"row_2971","Eukaryota","Chordata","Actinopteri","Myctophiformes","Myctophidae","Tarletonbeania",NA
"row_2972","Eukaryota","Chordata","Actinopteri","Myctophiformes","Myctophidae","Tarletonbeania","Tarletonbeania crenularis"
"row_2973","Eukaryota","Chordata","Actinopteri","Myctophiformes","Myctophidae","Triphoturus","Triphoturus mexicanus"
"row_2974",NA,NA,NA,NA,NA,NA,NA
"row_2975","Eukaryota",NA,NA,NA,NA,NA,NA
"row_2976","Eukaryota","Chordata","Actinopteri","Myctophiformes","Myctophidae","Diaphus","Diaphus theta"
"row_2977","Eukaryota","Chordata","Actinopteri","Clupeiformes","Engraulidae","Engraulis","Engraulis mordax"
"row_2978","Eukaryota","Chordata","Mammalia",NA,NA,NA,NA
"row_2979","Eukaryota","Chordata","Actinopteri","Scombriformes","Centrolophidae","Icichthys","Icichthys lockingtoni"
"row_2980","Eukaryota","Chordata","Actinopteri","Myctophiformes","Myctophidae","Lampanyctus","Lampanyctus tenuiformis"
"row_2981","Eukaryota","Chordata","Actinopteri","Perciformes","Sebastidae","Sebastes","Sebastes paucispinis"
"row_2982","Eukaryota","Chordata","Mammalia","Artiodactyla","Delphinidae","Stenella","Stenella coeruleoalba"
"row_2983","Eukaryota","Chordata","Actinopteri","Myctophiformes","Myctophidae","Stenobrachius","Stenobrachius leucopsarus"
"row_2984","Eukaryota",NA,NA,NA,NA,NA,NA
"row_2985","Eukaryota","Chordata","Actinopteri","Myctophiformes","Myctophidae","Symbolophorus","Symbolophorus californiensis"
"row_2986","Eukaryota","Chordata","Actinopteri","Syngnathiformes","Syngnathidae","Syngnathus",NA
"row_2987","Eukaryota","Chordata","Actinopteri","Myctophiformes","Myctophidae","Tarletonbeania","Tarletonbeania crenularis"
"row_2988",NA,NA,NA,NA,NA,NA,NA
"row_2989","Eukaryota",NA,NA,NA,NA,NA,NA
"row_2990","Eukaryota","Chordata","Actinopteri","Clupeiformes","Engraulidae","Engraulis","Engraulis mordax"
"row_2991","Eukaryota","Chordata","Mammalia",NA,NA,NA,NA
"row_2992","Eukaryota","Chordata","Actinopteri","Argentiniformes","Bathylagidae","Leuroglossus",NA
"row_2993","Eukaryota","Chordata","Actinopteri","Argentiniformes","Bathylagidae","Lipolagus","Lipolagus ochotensis"
"row_2994","Eukaryota","Chordata","Mammalia","Artiodactyla","Delphinidae","Stenella","Stenella coeruleoalba"
"row_2995","Eukaryota",NA,NA,NA,NA,NA,NA
"row_2996","Eukaryota","Chordata","Actinopteri","Myctophiformes","Myctophidae","Symbolophorus","Symbolophorus californiensis"
"row_2997","Eukaryota","Chordata","Actinopteri","Syngnathiformes","Syngnathidae","Syngnathus",NA
"row_2998","Eukaryota","Chordata","Actinopteri","Myctophiformes","Myctophidae","Tarletonbeania","Tarletonbeania crenularis"
"row_2999",NA,NA,NA,NA,NA,NA,NA
"row_3000","Eukaryota",NA,NA,NA,NA,NA,NA
"row_3001","Eukaryota","Chordata","Mammalia","Artiodactyla","Balaenopteridae","Balaenoptera","Balaenoptera physalus"
"row_3002","Eukaryota","Chordata","Actinopteri","Myctophiformes","Myctophidae","Diaphus","Diaphus theta"
"row_3003","Eukaryota","Chordata","Actinopteri","Clupeiformes","Engraulidae","Engraulis","Engraulis mordax"
"row_3004","Eukaryota","Chordata","Mammalia",NA,NA,NA,NA
"row_3005","Eukaryota","Chordata","Actinopteri","Argentiniformes","Bathylagidae","Lipolagus","Lipolagus ochotensis"
"row_3006","Eukaryota","Chordata","Chondrichthyes","Carcharhiniformes","Carcharhinidae","Prionace","Prionace glauca"
"row_3007","Eukaryota","Chordata","Mammalia","Artiodactyla","Delphinidae","Stenella","Stenella coeruleoalba"
"row_3008","Eukaryota",NA,NA,NA,NA,NA,NA
"row_3009","Eukaryota","Chordata","Actinopteri","Myctophiformes","Myctophidae","Symbolophorus","Symbolophorus californiensis"
"row_3010","Eukaryota","Chordata","Actinopteri","Syngnathiformes","Syngnathidae","Syngnathus",NA
"row_3011","Eukaryota","Chordata","Actinopteri","Myctophiformes","Myctophidae","Tarletonbeania","Tarletonbeania crenularis"
"row_3012",NA,NA,NA,NA,NA,NA,NA
"row_3013","Eukaryota",NA,NA,NA,NA,NA,NA
"row_3014","Eukaryota","Chordata","Mammalia","Artiodactyla","Balaenopteridae","Balaenoptera","Balaenoptera physalus"
"row_3015","Eukaryota","Chordata","Actinopteri","Myctophiformes","Myctophidae","Diaphus","Diaphus theta"
"row_3016","Eukaryota","Chordata","Actinopteri","Clupeiformes","Engraulidae","Engraulis","Engraulis mordax"
"row_3017","Eukaryota","Chordata","Mammalia",NA,NA,NA,NA
"row_3018","Eukaryota","Chordata","Actinopteri","Argentiniformes","Bathylagidae","Lipolagus","Lipolagus ochotensis"
"row_3019","Eukaryota","Chordata","Chondrichthyes","Carcharhiniformes","Carcharhinidae","Prionace","Prionace glauca"
"row_3020","Eukaryota","Chordata","Mammalia","Artiodactyla","Delphinidae","Stenella","Stenella coeruleoalba"
"row_3021","Eukaryota",NA,NA,NA,NA,NA,NA
"row_3022","Eukaryota","Chordata","Actinopteri","Myctophiformes","Myctophidae","Symbolophorus","Symbolophorus californiensis"
"row_3023","Eukaryota","Chordata","Actinopteri","Syngnathiformes","Syngnathidae","Syngnathus",NA
"row_3024","Eukaryota","Chordata","Actinopteri","Myctophiformes","Myctophidae","Tarletonbeania","Tarletonbeania crenularis"
"row_3025","Eukaryota","Chordata","Actinopteri","Scombriformes","Tetragonuridae","Tetragonurus","Tetragonurus cuvieri"
"row_3026",NA,NA,NA,NA,NA,NA,NA
"row_3027","Eukaryota","Chordata","Mammalia","Artiodactyla","Balaenopteridae","Balaenoptera","Balaenoptera physalus"
"row_3028","Eukaryota","Chordata","Mammalia","Artiodactyla","Delphinidae",NA,NA
"row_3029","Eukaryota","Chordata","Actinopteri","Clupeiformes","Engraulidae","Engraulis","Engraulis mordax"
"row_3030","Eukaryota","Chordata","Mammalia",NA,NA,NA,NA
"row_3031","Eukaryota",NA,NA,NA,NA,NA,NA
"row_3032","Eukaryota","Chordata","Chondrichthyes","Carcharhiniformes","Carcharhinidae","Prionace","Prionace glauca"
"row_3033","Eukaryota","Chordata","Actinopteri","Perciformes","Sebastidae","Sebastes",NA
"row_3034","Eukaryota","Chordata","Actinopteri","Perciformes","Sebastidae","Sebastes","Sebastes paucispinis"
"row_3035","Eukaryota","Chordata","Mammalia","Artiodactyla","Delphinidae","Stenella","Stenella coeruleoalba"
"row_3036","Eukaryota",NA,NA,NA,NA,NA,NA
"row_3037","Eukaryota","Chordata","Actinopteri","Myctophiformes","Myctophidae","Symbolophorus","Symbolophorus californiensis"
"row_3038","Eukaryota","Chordata","Actinopteri","Syngnathiformes","Syngnathidae","Syngnathus",NA
"row_3039","Eukaryota","Chordata","Actinopteri","Myctophiformes","Myctophidae","Tarletonbeania","Tarletonbeania crenularis"
"row_3040",NA,NA,NA,NA,NA,NA,NA
"row_3041","Eukaryota",NA,NA,NA,NA,NA,NA
"row_3042","Eukaryota","Chordata","Mammalia","Artiodactyla","Balaenopteridae","Balaenoptera","Balaenoptera physalus"
"row_3043","Eukaryota","Chordata","Actinopteri","Clupeiformes","Engraulidae","Engraulis","Engraulis mordax"
"row_3044","Eukaryota","Chordata","Mammalia",NA,NA,NA,NA
"row_3045","Eukaryota",NA,NA,NA,NA,NA,NA
"row_3046","Eukaryota","Chordata","Chondrichthyes","Carcharhiniformes","Carcharhinidae","Prionace","Prionace glauca"
"row_3047","Eukaryota","Chordata","Actinopteri","Perciformes","Sebastidae","Sebastes","Sebastes paucispinis"
"row_3048","Eukaryota",NA,NA,NA,NA,NA,NA
"row_3049","Eukaryota","Chordata","Actinopteri","Myctophiformes","Myctophidae","Symbolophorus","Symbolophorus californiensis"
"row_3050","Eukaryota","Chordata","Actinopteri","Syngnathiformes","Syngnathidae","Syngnathus",NA
"row_3051","Eukaryota","Chordata","Actinopteri","Myctophiformes","Myctophidae","Tarletonbeania","Tarletonbeania crenularis"
"row_3052",NA,NA,NA,NA,NA,NA,NA
"row_3053","Eukaryota",NA,NA,NA,NA,NA,NA
"row_3054","Eukaryota","Chordata","Chondrichthyes","Rajiformes","Rajidae","Caliraja","Caliraja inornata"
"row_3055","Eukaryota","Chordata","Actinopteri","Clupeiformes","Engraulidae","Engraulis","Engraulis mordax"
"row_3056","Eukaryota","Chordata","Mammalia","Artiodactyla","Eschrichtiidae","Eschrichtius","Eschrichtius robustus"
"row_3057","Eukaryota","Chordata","Mammalia",NA,NA,NA,NA
"row_3058","Eukaryota","Chordata","Actinopteri","Gadiformes","Merlucciidae","Merluccius",NA
"row_3059","Eukaryota","Chordata","Mammalia","Artiodactyla",NA,NA,NA
"row_3060","Eukaryota","Chordata","Mammalia","Artiodactyla",NA,NA,NA
"row_3061","Eukaryota","Chordata","Actinopteri","Perciformes","Sebastidae","Sebastes",NA
"row_3062","Eukaryota","Chordata","Actinopteri","Perciformes","Sebastidae","Sebastes","Sebastes mystinus"
"row_3063","Eukaryota","Chordata","Actinopteri","Perciformes","Sebastidae","Sebastes","Sebastes paucispinis"
"row_3064","Eukaryota","Chordata","Actinopteri","Myctophiformes","Myctophidae","Stenobrachius","Stenobrachius leucopsarus"
"row_3065","Eukaryota",NA,NA,NA,NA,NA,NA
"row_3066","Eukaryota","Chordata",NA,NA,NA,NA,NA
"row_3067",NA,NA,NA,NA,NA,NA,NA
"row_3068","Eukaryota",NA,NA,NA,NA,NA,NA
"row_3069","Eukaryota","Chordata","Actinopteri","Pleuronectiformes","Cyclopsettidae","Citharichthys","Citharichthys sordidus"
"row_3070","Eukaryota","Chordata","Actinopteri","Clupeiformes","Engraulidae","Engraulis","Engraulis mordax"
"row_3071","Eukaryota","Chordata","Mammalia","Artiodactyla","Eschrichtiidae","Eschrichtius","Eschrichtius robustus"
"row_3072","Eukaryota","Chordata",NA,NA,NA,NA,NA
"row_3073","Eukaryota","Chordata","Mammalia",NA,NA,NA,NA
"row_3074","Eukaryota",NA,NA,NA,NA,NA,NA
"row_3075","Eukaryota","Chordata","Mammalia","Artiodactyla",NA,NA,NA
"row_3076","Eukaryota","Chordata","Mammalia","Artiodactyla",NA,NA,NA
"row_3077","Eukaryota",NA,NA,NA,NA,NA,NA
"row_3078","Eukaryota","Chordata","Actinopteri","Clupeiformes","Clupeidae","Sardinops","Sardinops sagax"
"row_3079","Eukaryota","Chordata","Actinopteri","Perciformes","Sebastidae","Sebastes",NA
"row_3080","Eukaryota","Chordata","Actinopteri","Perciformes","Sebastidae","Sebastes","Sebastes mystinus"
"row_3081","Eukaryota","Chordata","Actinopteri","Syngnathiformes","Syngnathidae","Syngnathus",NA
"row_3082","Eukaryota","Chordata",NA,NA,NA,NA,NA
"row_3083",NA,NA,NA,NA,NA,NA,NA
"row_3084","Eukaryota",NA,NA,NA,NA,NA,NA
"row_3085","Eukaryota","Chordata","Actinopteri","Clupeiformes","Engraulidae","Engraulis","Engraulis mordax"
"row_3086","Eukaryota","Chordata","Mammalia","Artiodactyla","Eschrichtiidae","Eschrichtius","Eschrichtius robustus"
"row_3087","Eukaryota","Chordata","Mammalia",NA,NA,NA,NA
"row_3088","Eukaryota","Chordata","Mammalia","Artiodactyla","Delphinidae","Sagmatias","Sagmatias obliquidens"
"row_3089","Eukaryota","Chordata","Actinopteri","Tetraodontiformes","Molidae","Mola",NA
"row_3090","Eukaryota","Chordata","Mammalia","Artiodactyla",NA,NA,NA
"row_3091","Eukaryota",NA,NA,NA,NA,NA,NA
"row_3092","Eukaryota","Chordata","Actinopteri","Clupeiformes","Clupeidae","Sardinops","Sardinops sagax"
"row_3093","Eukaryota","Chordata","Actinopteri","Perciformes","Cottidae","Scorpaenichthys","Scorpaenichthys marmoratus"
"row_3094","Eukaryota","Chordata","Actinopteri","Perciformes","Sebastidae","Sebastes",NA
"row_3095","Eukaryota","Chordata","Actinopteri","Perciformes","Sebastidae","Sebastes","Sebastes paucispinis"
"row_3096","Eukaryota","Chordata","Actinopteri","Perciformes","Sebastidae","Sebastes","Sebastes pinniger"
"row_3097","Eukaryota","Chordata","Actinopteri","Myctophiformes","Myctophidae","Stenobrachius","Stenobrachius nannochir"
"row_3098","Eukaryota",NA,NA,NA,NA,NA,NA
"row_3099","Eukaryota","Chordata","Actinopteri","Myctophiformes","Myctophidae","Tarletonbeania","Tarletonbeania crenularis"
"row_3100","Eukaryota","Chordata",NA,NA,NA,NA,NA
"row_3101",NA,NA,NA,NA,NA,NA,NA
"row_3102","Eukaryota",NA,NA,NA,NA,NA,NA
"row_3103","Eukaryota","Chordata","Mammalia",NA,NA,NA,NA
"row_3104","Eukaryota",NA,NA,NA,NA,NA,NA
"row_3105","Eukaryota","Chordata","Actinopteri","Gadiformes","Merlucciidae","Merluccius","Merluccius productus"
"row_3106","Eukaryota","Chordata","Mammalia","Artiodactyla",NA,NA,NA
"row_3107","Eukaryota",NA,NA,NA,NA,NA,NA
"row_3108","Eukaryota","Chordata","Actinopteri","Perciformes","Sebastidae","Sebastes",NA
"row_3109","Eukaryota","Chordata","Actinopteri","Perciformes","Sebastidae","Sebastes","Sebastes mystinus"
"row_3110","Eukaryota",NA,NA,NA,NA,NA,NA
"row_3111","Eukaryota","Chordata","Actinopteri","Syngnathiformes","Syngnathidae","Syngnathus",NA
"row_3112",NA,NA,NA,NA,NA,NA,NA
"row_3113","Eukaryota",NA,NA,NA,NA,NA,NA
"row_3114","Eukaryota","Chordata","Actinopteri","Clupeiformes","Engraulidae","Engraulis","Engraulis mordax"
"row_3115","Eukaryota","Chordata","Mammalia",NA,NA,NA,NA
"row_3116","Eukaryota","Chordata","Mammalia",NA,NA,NA,NA
"row_3117","Eukaryota",NA,NA,NA,NA,NA,NA
"row_3118","Eukaryota","Chordata","Actinopteri","Gadiformes","Merlucciidae","Merluccius","Merluccius productus"
"row_3119","Eukaryota","Chordata","Actinopteri","Pleuronectiformes","Paralichthyidae","Paralichthys","Paralichthys californicus"
"row_3120","Eukaryota",NA,NA,NA,NA,NA,NA
"row_3121","Eukaryota","Chordata","Actinopteri","Perciformes","Sebastidae","Sebastes",NA
"row_3122","Eukaryota","Chordata","Actinopteri","Perciformes","Sebastidae","Sebastes","Sebastes mystinus"
"row_3123","Eukaryota",NA,NA,NA,NA,NA,NA
"row_3124","Eukaryota","Chordata","Actinopteri","Syngnathiformes","Syngnathidae","Syngnathus",NA
"row_3125",NA,NA,NA,NA,NA,NA,NA
"row_3126","Eukaryota",NA,NA,NA,NA,NA,NA
"row_3127","Eukaryota","Chordata","Actinopteri","Pleuronectiformes","Cyclopsettidae","Citharichthys","Citharichthys sordidus"
"row_3128","Eukaryota","Chordata","Mammalia","Artiodactyla","Delphinidae",NA,NA
"row_3129","Eukaryota","Chordata","Actinopteri","Myctophiformes","Myctophidae","Diaphus","Diaphus theta"
"row_3130","Eukaryota","Chordata","Actinopteri","Clupeiformes","Engraulidae","Engraulis","Engraulis mordax"
"row_3131","Eukaryota","Chordata","Mammalia",NA,NA,NA,NA
"row_3132","Eukaryota","Chordata","Mammalia",NA,NA,NA,NA
"row_3133","Eukaryota","Chordata","Mammalia","Artiodactyla",NA,NA,NA
"row_3134","Eukaryota","Chordata","Actinopteri","Pleuronectiformes","Paralichthyidae","Paralichthys","Paralichthys californicus"
"row_3135","Eukaryota",NA,NA,NA,NA,NA,NA
"row_3136","Eukaryota","Chordata","Actinopteri","Pleuronectiformes","Pleuronectidae",NA,NA
"row_3137","Eukaryota","Chordata","Actinopteri","Perciformes","Sebastidae","Sebastes",NA
"row_3138","Eukaryota","Chordata","Actinopteri","Perciformes","Sebastidae","Sebastes","Sebastes mystinus"
"row_3139","Eukaryota","Chordata","Actinopteri","Perciformes","Sebastidae",NA,NA
"row_3140","Eukaryota",NA,NA,NA,NA,NA,NA
"row_3141","Eukaryota","Chordata","Actinopteri","Myctophiformes","Myctophidae","Symbolophorus","Symbolophorus californiensis"
"row_3142","Eukaryota","Chordata","Actinopteri","Syngnathiformes","Syngnathidae","Syngnathus",NA
"row_3143",NA,NA,NA,NA,NA,NA,NA
"row_3144","Eukaryota","Chordata","Actinopteri","Clupeiformes","Clupeidae","Alosa",NA
"row_3145","Eukaryota",NA,NA,NA,NA,NA,NA
"row_3146","Eukaryota","Chordata","Mammalia","Artiodactyla","Balaenopteridae","Balaenoptera","Balaenoptera physalus"
"row_3147","Eukaryota","Chordata","Actinopteri","Clupeiformes","Clupeidae","Clupea","Clupea pallasii"
"row_3148","Eukaryota","Chordata","Actinopteri","Myctophiformes","Myctophidae","Diaphus","Diaphus theta"
"row_3149","Eukaryota","Chordata","Actinopteri","Clupeiformes","Engraulidae","Engraulis","Engraulis mordax"
"row_3150","Eukaryota","Chordata","Mammalia",NA,NA,NA,NA
"row_3151","Eukaryota","Chordata","Mammalia",NA,NA,NA,NA
"row_3152","Eukaryota","Chordata","Actinopteri","Tetraodontiformes","Molidae","Mola",NA
"row_3153","Eukaryota","Chordata","Actinopteri","Pleuronectiformes","Paralichthyidae","Paralichthys","Paralichthys californicus"
"row_3154","Eukaryota",NA,NA,NA,NA,NA,NA
"row_3155","Eukaryota","Chordata","Actinopteri","Perciformes","Sebastidae","Sebastes",NA
"row_3156","Eukaryota","Chordata","Actinopteri","Perciformes","Sebastidae","Sebastes","Sebastes mystinus"
"row_3157","Eukaryota",NA,NA,NA,NA,NA,NA
"row_3158","Eukaryota","Chordata","Actinopteri","Myctophiformes","Myctophidae","Symbolophorus","Symbolophorus californiensis"
"row_3159","Eukaryota","Chordata","Actinopteri","Syngnathiformes","Syngnathidae","Syngnathus",NA
"row_3160","Eukaryota","Chordata","Actinopteri","Myctophiformes","Myctophidae","Tarletonbeania","Tarletonbeania crenularis"
"row_3161",NA,NA,NA,NA,NA,NA,NA
"row_3162","Eukaryota",NA,NA,NA,NA,NA,NA
"row_3163","Eukaryota","Chordata","Actinopteri","Clupeiformes","Engraulidae","Engraulis","Engraulis mordax"
"row_3164","Eukaryota",NA,NA,NA,NA,NA,NA
"row_3165","Eukaryota","Chordata","Mammalia",NA,NA,NA,NA
"row_3166","Eukaryota","Chordata","Mammalia",NA,NA,NA,NA
"row_3167","Eukaryota",NA,NA,NA,NA,NA,NA
"row_3168","Eukaryota","Chordata","Actinopteri","Pleuronectiformes","Paralichthyidae","Paralichthys","Paralichthys californicus"
"row_3169","Eukaryota","Chordata","Actinopteri","Perciformes","Sebastidae","Sebastes",NA
"row_3170","Eukaryota","Chordata","Actinopteri","Perciformes","Sebastidae","Sebastes","Sebastes mystinus"
"row_3171","Eukaryota",NA,NA,NA,NA,NA,NA
"row_3172",NA,NA,NA,NA,NA,NA,NA
"row_3173","Eukaryota",NA,NA,NA,NA,NA,NA
"row_3174","Eukaryota","Chordata","Mammalia",NA,NA,NA,NA
"row_3175","Eukaryota","Chordata","Actinopteri","Myctophiformes","Myctophidae","Diaphus","Diaphus theta"
"row_3176","Eukaryota","Chordata","Actinopteri","Clupeiformes","Engraulidae","Engraulis","Engraulis mordax"
"row_3177","Eukaryota","Chordata","Mammalia",NA,NA,NA,NA
"row_3178","Eukaryota","Chordata","Actinopteri","Scombriformes","Centrolophidae","Icichthys","Icichthys lockingtoni"
"row_3179","Eukaryota",NA,NA,NA,NA,NA,NA
"row_3180","Eukaryota","Chordata","Actinopteri","Gadiformes","Merlucciidae","Merluccius","Merluccius productus"
"row_3181","Eukaryota","Chordata","Actinopteri","Perciformes","Sebastidae","Sebastes",NA
"row_3182","Eukaryota","Chordata","Actinopteri","Perciformes","Sebastidae","Sebastes","Sebastes mystinus"
"row_3183","Eukaryota","Chordata","Actinopteri","Myctophiformes","Myctophidae","Stenobrachius","Stenobrachius leucopsarus"
"row_3184","Eukaryota",NA,NA,NA,NA,NA,NA
"row_3185","Eukaryota","Chordata","Actinopteri","Myctophiformes","Myctophidae","Symbolophorus","Symbolophorus californiensis"
"row_3186",NA,NA,NA,NA,NA,NA,NA
"row_3187","Eukaryota",NA,NA,NA,NA,NA,NA
"row_3188","Eukaryota","Chordata","Mammalia","Artiodactyla","Balaenopteridae","Balaenoptera","Balaenoptera physalus"
"row_3189","Eukaryota","Chordata","Mammalia",NA,NA,NA,NA
"row_3190","Eukaryota","Chordata","Actinopteri","Myctophiformes","Myctophidae","Diaphus","Diaphus theta"
"row_3191","Eukaryota","Chordata","Actinopteri","Clupeiformes","Engraulidae","Engraulis","Engraulis mordax"
"row_3192","Eukaryota","Chordata","Mammalia",NA,NA,NA,NA
"row_3193","Eukaryota",NA,NA,NA,NA,NA,NA
"row_3194","Eukaryota","Chordata","Actinopteri","Gadiformes","Merlucciidae","Merluccius","Merluccius productus"
"row_3195","Eukaryota","Chordata","Actinopteri","Perciformes","Sebastidae","Sebastes",NA
"row_3196","Eukaryota","Chordata","Actinopteri","Perciformes","Sebastidae","Sebastes","Sebastes mystinus"
"row_3197","Eukaryota","Chordata","Mammalia","Artiodactyla","Delphinidae","Stenella","Stenella coeruleoalba"
"row_3198","Eukaryota","Chordata","Actinopteri","Myctophiformes","Myctophidae","Stenobrachius","Stenobrachius leucopsarus"
"row_3199","Eukaryota",NA,NA,NA,NA,NA,NA
"row_3200","Eukaryota","Chordata","Actinopteri","Myctophiformes","Myctophidae","Symbolophorus","Symbolophorus californiensis"
"row_3201","Eukaryota","Chordata","Actinopteri","Syngnathiformes","Syngnathidae","Syngnathus",NA
"row_3202","Eukaryota","Chordata","Actinopteri","Myctophiformes","Myctophidae","Tarletonbeania","Tarletonbeania crenularis"
"row_3203",NA,NA,NA,NA,NA,NA,NA
"row_3204","Eukaryota",NA,NA,NA,NA,NA,NA
"row_3205","Eukaryota","Chordata","Mammalia",NA,NA,NA,NA
"row_3206","Eukaryota","Chordata","Actinopteri","Beloniformes","Belonidae","Cololabis","Cololabis saira"
"row_3207","Eukaryota","Chordata","Actinopteri","Clupeiformes","Engraulidae","Engraulis","Engraulis mordax"
"row_3208","Eukaryota",NA,NA,NA,NA,NA,NA
"row_3209","Eukaryota","Chordata","Mammalia",NA,NA,NA,NA
"row_3210","Eukaryota","Chordata","Actinopteri","Scombriformes","Centrolophidae","Icichthys","Icichthys lockingtoni"
"row_3211","Eukaryota","Chordata","Actinopteri","Gadiformes","Merlucciidae","Merluccius","Merluccius productus"
"row_3212","Eukaryota",NA,NA,NA,NA,NA,NA
"row_3213","Eukaryota","Chordata","Actinopteri","Perciformes","Sebastidae","Sebastes",NA
"row_3214","Eukaryota","Chordata","Actinopteri","Perciformes","Sebastidae","Sebastes","Sebastes mystinus"
"row_3215","Eukaryota","Chordata","Actinopteri","Myctophiformes","Myctophidae","Stenobrachius","Stenobrachius leucopsarus"
"row_3216","Eukaryota",NA,NA,NA,NA,NA,NA
"row_3217","Eukaryota","Chordata","Actinopteri","Myctophiformes","Myctophidae","Symbolophorus","Symbolophorus californiensis"
"row_3218",NA,NA,NA,NA,NA,NA,NA
"row_3219","Eukaryota",NA,NA,NA,NA,NA,NA
"row_3220","Eukaryota","Chordata","Mammalia",NA,NA,NA,NA
"row_3221","Eukaryota","Chordata","Actinopteri","Myctophiformes","Myctophidae","Ceratoscopelus",NA
"row_3222","Eukaryota","Chordata","Actinopteri","Beloniformes","Belonidae","Cololabis","Cololabis saira"
"row_3223","Eukaryota","Chordata","Mammalia","Artiodactyla","Delphinidae",NA,NA
"row_3224","Eukaryota","Chordata","Actinopteri","Clupeiformes","Engraulidae","Engraulis","Engraulis mordax"
"row_3225","Eukaryota","Chordata","Mammalia",NA,NA,NA,NA
"row_3226","Eukaryota","Chordata","Mammalia",NA,NA,NA,NA
"row_3227","Eukaryota","Chordata","Actinopteri","Perciformes","Sebastidae","Sebastes",NA
"row_3228","Eukaryota","Chordata","Actinopteri","Perciformes","Sebastidae","Sebastes","Sebastes mystinus"
"row_3229","Eukaryota",NA,NA,NA,NA,NA,NA
"row_3230","Eukaryota","Chordata","Actinopteri","Myctophiformes","Myctophidae","Symbolophorus","Symbolophorus californiensis"
"row_3231","Eukaryota","Chordata","Actinopteri","Myctophiformes","Myctophidae","Tarletonbeania","Tarletonbeania crenularis"
"row_3232","Eukaryota","Chordata","Actinopteri","Carangiformes","Carangidae","Trachurus","Trachurus symmetricus"
"row_3233",NA,NA,NA,NA,NA,NA,NA
"row_3234","Eukaryota",NA,NA,NA,NA,NA,NA
"row_3235","Eukaryota","Chordata","Mammalia","Artiodactyla",NA,NA,NA
"row_3236","Eukaryota","Chordata","Mammalia","Artiodactyla",NA,NA,NA
"row_3237","Eukaryota","Chordata","Actinopteri","Beloniformes","Belonidae","Cololabis","Cololabis saira"
"row_3238","Eukaryota","Chordata","Mammalia",NA,NA,NA,NA
"row_3239","Eukaryota","Chordata","Actinopteri","Perciformes","Sebastidae","Sebastes",NA
"row_3240","Eukaryota","Chordata","Actinopteri","Myctophiformes","Myctophidae","Symbolophorus","Symbolophorus californiensis"
"row_3241","Eukaryota","Chordata","Actinopteri","Syngnathiformes","Syngnathidae","Syngnathus",NA
"row_3242",NA,NA,NA,NA,NA,NA,NA
"row_3243","Eukaryota",NA,NA,NA,NA,NA,NA
"row_3244","Eukaryota","Chordata","Mammalia","Artiodactyla",NA,NA,NA
"row_3245","Eukaryota","Chordata","Actinopteri","Myctophiformes","Myctophidae","Ceratoscopelus",NA
"row_3246","Eukaryota","Chordata","Actinopteri","Pleuronectiformes","Cyclopsettidae","Citharichthys","Citharichthys sordidus"
"row_3247","Eukaryota","Chordata","Mammalia",NA,NA,NA,NA
"row_3248","Eukaryota","Chordata","Mammalia",NA,NA,NA,NA
"row_3249","Eukaryota","Chordata","Actinopteri","Scombriformes","Centrolophidae","Icichthys","Icichthys lockingtoni"
"row_3250","Eukaryota","Chordata","Actinopteri","Perciformes","Sebastidae","Sebastes",NA
"row_3251","Eukaryota","Chordata","Mammalia","Artiodactyla","Delphinidae","Stenella","Stenella coeruleoalba"
"row_3252","Eukaryota","Chordata","Actinopteri","Myctophiformes","Myctophidae","Symbolophorus","Symbolophorus californiensis"
"row_3253","Eukaryota","Chordata","Actinopteri","Syngnathiformes","Syngnathidae","Syngnathus",NA
"row_3254",NA,NA,NA,NA,NA,NA,NA
"row_3255","Eukaryota",NA,NA,NA,NA,NA,NA
"row_3256","Eukaryota",NA,NA,NA,NA,NA,NA
"row_3257","Eukaryota","Chordata","Mammalia","Artiodactyla",NA,NA,NA
"row_3258","Eukaryota","Chordata","Actinopteri","Pleuronectiformes","Cyclopsettidae","Citharichthys","Citharichthys sordidus"
"row_3259","Eukaryota","Chordata",NA,NA,NA,NA,NA
"row_3260","Eukaryota","Chordata","Mammalia",NA,NA,NA,NA
"row_3261","Eukaryota","Chordata","Actinopteri","Perciformes","Sebastidae","Sebastes",NA
"row_3262","Eukaryota","Chordata","Actinopteri","Perciformes","Sebastidae","Sebastes","Sebastes paucispinis"
"row_3263","Eukaryota","Chordata","Mammalia","Artiodactyla","Delphinidae","Stenella","Stenella coeruleoalba"
"row_3264","Eukaryota","Chordata","Actinopteri","Myctophiformes","Myctophidae","Symbolophorus","Symbolophorus californiensis"
"row_3265","Eukaryota","Chordata","Actinopteri","Syngnathiformes","Syngnathidae","Syngnathus",NA
"row_3266","Eukaryota","Chordata","Actinopteri","Scombriformes","Tetragonuridae","Tetragonurus","Tetragonurus cuvieri"
"row_3267",NA,NA,NA,NA,NA,NA,NA
"row_3268","Eukaryota",NA,NA,NA,NA,NA,NA
"row_3269","Eukaryota","Chordata","Mammalia","Artiodactyla",NA,NA,NA
"row_3270","Eukaryota","Chordata","Actinopteri","Pleuronectiformes","Cyclopsettidae","Citharichthys","Citharichthys sordidus"
"row_3271","Eukaryota","Chordata","Mammalia",NA,NA,NA,NA
"row_3272","Eukaryota","Chordata","Actinopteri","Perciformes","Sebastidae","Sebastes",NA
"row_3273","Eukaryota",NA,NA,NA,NA,NA,NA
"row_3274","Eukaryota","Chordata","Actinopteri","Myctophiformes","Myctophidae","Symbolophorus","Symbolophorus californiensis"
"row_3275","Eukaryota","Chordata","Actinopteri","Syngnathiformes","Syngnathidae","Syngnathus",NA
"row_3276","Eukaryota","Chordata","Actinopteri","Scombriformes","Tetragonuridae","Tetragonurus","Tetragonurus cuvieri"
"row_3277",NA,NA,NA,NA,NA,NA,NA
"row_3278","Eukaryota",NA,NA,NA,NA,NA,NA
"row_3279","Eukaryota","Chordata","Mammalia","Artiodactyla","Balaenopteridae","Balaenoptera","Balaenoptera physalus"
"row_3280","Eukaryota",NA,NA,NA,NA,NA,NA
"row_3281","Eukaryota","Chordata","Actinopteri","Beloniformes","Belonidae","Cololabis","Cololabis saira"
"row_3282","Eukaryota","Chordata","Actinopteri","Myctophiformes","Myctophidae","Diaphus","Diaphus theta"
"row_3283","Eukaryota","Chordata","Mammalia",NA,NA,NA,NA
"row_3284","Eukaryota","Chordata","Chondrichthyes","Lamniformes","Lamnidae","Lamna","Lamna ditropis"
"row_3285","Eukaryota","Chordata","Actinopteri","Argentiniformes","Bathylagidae","Lipolagus","Lipolagus ochotensis"
"row_3286","Eukaryota","Chordata","Actinopteri","Gadiformes","Merlucciidae","Merluccius","Merluccius angustimanus"
"row_3287","Eukaryota","Chordata","Actinopteri","Gadiformes","Merlucciidae","Merluccius","Merluccius productus"
"row_3288","Eukaryota","Chordata","Actinopteri","Perciformes","Sebastidae","Sebastes",NA
"row_3289","Eukaryota","Chordata","Actinopteri","Perciformes","Sebastidae","Sebastes","Sebastes paucispinis"
"row_3290","Eukaryota","Chordata","Actinopteri","Perciformes","Sebastidae","Sebastes","Sebastes pinniger"
"row_3291","Eukaryota",NA,NA,NA,NA,NA,NA
"row_3292","Eukaryota","Chordata","Actinopteri","Myctophiformes","Myctophidae","Symbolophorus","Symbolophorus californiensis"
"row_3293","Eukaryota","Chordata","Actinopteri","Syngnathiformes","Syngnathidae","Syngnathus",NA
"row_3294",NA,NA,NA,NA,NA,NA,NA
"row_3295","Eukaryota",NA,NA,NA,NA,NA,NA
"row_3296","Eukaryota","Chordata","Mammalia",NA,NA,NA,NA
"row_3297","Eukaryota","Chordata","Actinopteri","Argentiniformes","Bathylagidae","Lipolagus","Lipolagus ochotensis"
"row_3298","Eukaryota","Chordata","Actinopteri","Gadiformes","Merlucciidae","Merluccius","Merluccius angustimanus"
"row_3299","Eukaryota","Chordata","Actinopteri","Gadiformes","Merlucciidae","Merluccius","Merluccius productus"
"row_3300","Eukaryota","Chordata","Actinopteri","Perciformes","Sebastidae","Sebastes",NA
"row_3301","Eukaryota",NA,NA,NA,NA,NA,NA
"row_3302","Eukaryota","Chordata","Actinopteri","Myctophiformes","Myctophidae","Symbolophorus","Symbolophorus californiensis"
"row_3303",NA,NA,NA,NA,NA,NA,NA
"row_3304","Eukaryota",NA,NA,NA,NA,NA,NA
"row_3305","Eukaryota","Chordata","Actinopteri","Myctophiformes","Myctophidae","Ceratoscopelus",NA
"row_3306","Eukaryota","Chordata","Actinopteri","Myctophiformes","Myctophidae","Diaphus","Diaphus theta"
"row_3307","Eukaryota","Chordata","Mammalia",NA,NA,NA,NA
"row_3308","Eukaryota","Chordata","Actinopteri","Gadiformes","Merlucciidae","Merluccius",NA
"row_3309","Eukaryota","Chordata","Actinopteri","Gadiformes","Merlucciidae","Merluccius","Merluccius angustimanus"
"row_3310","Eukaryota","Chordata","Actinopteri","Gadiformes","Merlucciidae","Merluccius","Merluccius productus"
"row_3311","Eukaryota","Chordata","Actinopteri","Perciformes","Sebastidae","Sebastes",NA
"row_3312","Eukaryota","Chordata","Actinopteri","Perciformes","Sebastidae","Sebastes","Sebastes paucispinis"
"row_3313","Eukaryota","Chordata","Actinopteri","Perciformes","Sebastidae","Sebastes","Sebastes pinniger"
"row_3314","Eukaryota","Chordata","Mammalia","Artiodactyla","Delphinidae","Stenella","Stenella coeruleoalba"
"row_3315","Eukaryota",NA,NA,NA,NA,NA,NA
"row_3316","Eukaryota","Chordata","Actinopteri","Myctophiformes","Myctophidae","Symbolophorus","Symbolophorus californiensis"
"row_3317","Eukaryota","Chordata","Actinopteri","Syngnathiformes","Syngnathidae","Syngnathus",NA
"row_3318","Eukaryota","Chordata","Actinopteri","Myctophiformes","Myctophidae","Tarletonbeania","Tarletonbeania crenularis"
"row_3319",NA,NA,NA,NA,NA,NA,NA
"row_3320","Eukaryota",NA,NA,NA,NA,NA,NA
"row_3321","Eukaryota",NA,NA,NA,NA,NA,NA
"row_3322","Eukaryota",NA,NA,NA,NA,NA,NA
"row_3323","Eukaryota","Chordata","Actinopteri","Pleuronectiformes","Cyclopsettidae","Citharichthys","Citharichthys sordidus"
"row_3324","Eukaryota","Chordata","Actinopteri","Myctophiformes","Myctophidae","Diaphus","Diaphus theta"
"row_3325","Eukaryota","Chordata","Mammalia",NA,NA,NA,NA
"row_3326","Eukaryota","Chordata","Actinopteri","Myctophiformes","Myctophidae","Lampanyctus","Lampanyctus tenuiformis"
"row_3327","Eukaryota","Chordata","Actinopteri","Gadiformes","Merlucciidae","Merluccius","Merluccius angustimanus"
"row_3328","Eukaryota","Chordata","Actinopteri","Gadiformes","Merlucciidae","Merluccius","Merluccius productus"
"row_3329","Eukaryota","Chordata","Actinopteri","Perciformes","Sebastidae","Sebastes",NA
"row_3330","Eukaryota",NA,NA,NA,NA,NA,NA
"row_3331","Eukaryota","Chordata","Actinopteri","Myctophiformes","Myctophidae","Symbolophorus","Symbolophorus californiensis"
"row_3332","Eukaryota","Chordata","Actinopteri","Syngnathiformes","Syngnathidae","Syngnathus",NA
"row_3333",NA,NA,NA,NA,NA,NA,NA
"row_3334","Eukaryota",NA,NA,NA,NA,NA,NA
"row_3335","Eukaryota",NA,NA,NA,NA,NA,NA
"row_3336","Eukaryota","Chordata","Mammalia",NA,NA,NA,NA
"row_3337","Eukaryota","Chordata","Actinopteri","Gadiformes","Merlucciidae","Merluccius","Merluccius productus"
"row_3338","Eukaryota","Chordata","Actinopteri","Perciformes","Sebastidae","Sebastes",NA
"row_3339","Eukaryota","Chordata","Actinopteri","Perciformes","Sebastidae","Sebastes","Sebastes entomelas"
"row_3340","Eukaryota","Chordata","Actinopteri","Perciformes","Sebastidae","Sebastes","Sebastes mystinus"
"row_3341","Eukaryota",NA,NA,NA,NA,NA,NA
"row_3342",NA,NA,NA,NA,NA,NA,NA
"row_3343","Eukaryota",NA,NA,NA,NA,NA,NA
"row_3344","Eukaryota","Chordata","Mammalia",NA,NA,NA,NA
"row_3345","Eukaryota","Chordata","Actinopteri","Argentiniformes","Bathylagidae","Lipolagus","Lipolagus ochotensis"
"row_3346","Eukaryota","Chordata","Actinopteri","Gadiformes","Merlucciidae","Merluccius","Merluccius productus"
"row_3347","Eukaryota","Chordata","Actinopteri","Perciformes","Sebastidae","Sebastes",NA
"row_3348","Eukaryota","Chordata","Actinopteri","Myctophiformes","Myctophidae","Symbolophorus","Symbolophorus californiensis"
"row_3349","Eukaryota","Chordata","Actinopteri","Carangiformes","Carangidae","Trachurus",NA
"row_3350","Eukaryota","Chordata","Actinopteri","Carangiformes","Carangidae","Trachurus","Trachurus symmetricus"
"row_3351",NA,NA,NA,NA,NA,NA,NA
"row_3352","Eukaryota",NA,NA,NA,NA,NA,NA
"row_3353","Eukaryota","Chordata","Actinopteri","Scombriformes","Chiasmodontidae",NA,NA
"row_3354","Eukaryota","Chordata","Actinopteri","Pleuronectiformes","Cyclopsettidae","Citharichthys","Citharichthys sordidus"
"row_3355","Eukaryota","Chordata","Actinopteri","Pleuronectiformes","Cyclopsettidae","Citharichthys","Citharichthys stigmaeus"
"row_3356","Eukaryota","Chordata","Mammalia","Artiodactyla","Delphinidae",NA,NA
"row_3357","Eukaryota","Chordata","Actinopteri","Clupeiformes","Engraulidae","Engraulis","Engraulis mordax"
"row_3358","Eukaryota","Chordata","Mammalia",NA,NA,NA,NA
"row_3359","Eukaryota","Chordata","Actinopteri","Scombriformes","Centrolophidae","Icichthys","Icichthys lockingtoni"
"row_3360","Eukaryota","Chordata","Actinopteri","Argentiniformes","Bathylagidae","Leuroglossus",NA
"row_3361","Eukaryota",NA,NA,NA,NA,NA,NA
"row_3362","Eukaryota","Chordata","Actinopteri","Gadiformes","Merlucciidae","Merluccius","Merluccius productus"
"row_3363","Eukaryota","Chordata","Actinopteri","Tetraodontiformes","Molidae","Mola",NA
"row_3364","Eukaryota",NA,NA,NA,NA,NA,NA
"row_3365","Eukaryota","Chordata","Actinopteri","Scombriformes","Nomeidae","Psenes","Psenes pellucidus"
"row_3366","Eukaryota","Chordata","Actinopteri","Perciformes","Sebastidae","Sebastes",NA
"row_3367","Eukaryota","Chordata","Actinopteri","Perciformes","Sebastidae","Sebastes","Sebastes entomelas"
"row_3368","Eukaryota","Chordata","Actinopteri","Perciformes","Sebastidae",NA,NA
"row_3369","Eukaryota",NA,NA,NA,NA,NA,NA
"row_3370","Eukaryota","Chordata","Actinopteri","Syngnathiformes","Syngnathidae","Syngnathus",NA
"row_3371","Eukaryota","Chordata","Actinopteri","Myctophiformes","Myctophidae","Triphoturus","Triphoturus mexicanus"
"row_3372","Eukaryota","Chordata","Mammalia",NA,NA,NA,NA
"row_3373",NA,NA,NA,NA,NA,NA,NA
"row_3374","Eukaryota",NA,NA,NA,NA,NA,NA
"row_3375","Eukaryota","Chordata","Mammalia",NA,NA,NA,NA
"row_3376","Eukaryota","Chordata","Actinopteri","Gadiformes","Merlucciidae","Merluccius","Merluccius productus"
"row_3377","Eukaryota",NA,NA,NA,NA,NA,NA
"row_3378","Eukaryota","Chordata","Actinopteri","Perciformes","Sebastidae","Sebastes",NA
"row_3379","Eukaryota","Chordata","Actinopteri","Perciformes","Sebastidae","Sebastes","Sebastes mystinus"
"row_3380","Eukaryota","Chordata","Actinopteri","Carangiformes","Carangidae","Trachurus","Trachurus symmetricus"
"row_3381",NA,NA,NA,NA,NA,NA,NA
"row_3382","Eukaryota","Chordata","Actinopteri","Uranoscopiformes","Ammodytidae",NA,NA
"row_3383","Eukaryota","Chordata","Mammalia","Artiodactyla","Balaenopteridae","Balaenoptera","Balaenoptera musculus"
"row_3384","Eukaryota","Chordata","Actinopteri","Pleuronectiformes","Cyclopsettidae","Citharichthys","Citharichthys sordidus"
"row_3385","Eukaryota","Chordata","Mammalia","Artiodactyla","Delphinidae",NA,NA
"row_3386","Eukaryota","Chordata","Mammalia","Artiodactyla","Delphinidae","Delphinus",NA
"row_3387","Eukaryota","Chordata","Actinopteri","Clupeiformes","Engraulidae","Engraulis","Engraulis mordax"
"row_3388","Eukaryota","Chordata","Mammalia",NA,NA,NA,NA
"row_3389","Eukaryota","Chordata","Actinopteri","Argentiniformes","Bathylagidae","Leuroglossus",NA
"row_3390","Eukaryota","Chordata","Actinopteri","Lophiiformes","Oneirodidae","Oneirodes",NA
"row_3391","Eukaryota","Chordata","Actinopteri","Perciformes","Hexagrammidae","Oxylebius","Oxylebius pictus"
"row_3392","Eukaryota","Chordata","Actinopteri","Pleuronectiformes","Paralichthyidae","Paralichthys","Paralichthys californicus"
"row_3393","Eukaryota",NA,NA,NA,NA,NA,NA
"row_3394","Eukaryota","Chordata","Actinopteri","Stomiiformes","Phosichthyidae",NA,NA
"row_3395","Eukaryota","Chordata","Actinopteri","Perciformes","Sebastidae","Sebastes",NA
"row_3396","Eukaryota","Chordata","Actinopteri","Myctophiformes","Myctophidae","Symbolophorus","Symbolophorus californiensis"
"row_3397","Eukaryota","Chordata","Actinopteri","Syngnathiformes","Syngnathidae","Syngnathus",NA
"row_3398","Eukaryota","Chordata","Actinopteri","Scombriformes","Tetragonuridae","Tetragonurus","Tetragonurus cuvieri"
"row_3399","Eukaryota","Chordata",NA,NA,NA,NA,NA
"row_3400","Eukaryota","Chordata","Mammalia",NA,NA,NA,NA
"row_3401",NA,NA,NA,NA,NA,NA,NA
"row_3402","Eukaryota","Chordata","Actinopteri","Uranoscopiformes","Ammodytidae",NA,NA
"row_3403","Eukaryota",NA,NA,NA,NA,NA,NA
"row_3404","Eukaryota","Chordata","Actinopteri","Myctophiformes","Myctophidae","Ceratoscopelus",NA
"row_3405","Eukaryota","Chordata","Actinopteri","Pleuronectiformes","Cyclopsettidae","Citharichthys","Citharichthys sordidus"
"row_3406","Eukaryota","Chordata","Actinopteri","Beloniformes","Belonidae","Cololabis","Cololabis saira"
"row_3407","Eukaryota","Chordata","Actinopteri","Stomiiformes","Gonostomatidae","Cyclothone","Cyclothone signata"
"row_3408","Eukaryota","Chordata","Mammalia","Artiodactyla","Delphinidae",NA,NA
"row_3409","Eukaryota","Chordata","Actinopteri","Clupeiformes","Engraulidae","Engraulis","Engraulis mordax"
"row_3410","Eukaryota","Chordata",NA,NA,NA,NA,NA
"row_3411","Eukaryota","Chordata","Mammalia",NA,NA,NA,NA
"row_3412","Eukaryota","Chordata","Actinopteri","Scombriformes","Centrolophidae","Icichthys","Icichthys lockingtoni"
"row_3413","Eukaryota","Chordata","Actinopteri","Lophiiformes","Oneirodidae","Oneirodes",NA
"row_3414","Eukaryota","Chordata","Actinopteri","Pleuronectiformes","Paralichthyidae","Paralichthys","Paralichthys californicus"
"row_3415","Eukaryota","Chordata","Actinopteri","Scombriformes","Stromateidae","Peprilus",NA
"row_3416","Eukaryota","Chordata","Actinopteri","Pleuronectiformes","Pleuronectidae",NA,NA
"row_3417","Eukaryota","Chordata","Actinopteri","Perciformes","Sebastidae","Sebastes",NA
"row_3418","Eukaryota","Chordata","Actinopteri","Carangiformes","Carangidae","Seriola","Seriola lalandi"
"row_3419","Eukaryota","Chordata","Actinopteri","Myctophiformes","Myctophidae","Symbolophorus","Symbolophorus californiensis"
"row_3420","Eukaryota","Chordata","Actinopteri","Syngnathiformes","Syngnathidae","Syngnathus",NA
"row_3421","Eukaryota","Chordata","Actinopteri","Carangiformes","Carangidae","Trachurus","Trachurus symmetricus"
"row_3422","Eukaryota","Chordata",NA,NA,NA,NA,NA
"row_3423",NA,NA,NA,NA,NA,NA,NA
"row_3424","Eukaryota","Chordata","Actinopteri","Uranoscopiformes","Ammodytidae",NA,NA
"row_3425","Eukaryota",NA,NA,NA,NA,NA,NA
"row_3426","Eukaryota","Chordata","Actinopteri","Atheriniformes","Atherinopsidae","Atherinopsis","Atherinopsis californiensis"
"row_3427","Eukaryota","Chordata","Actinopteri","Myctophiformes","Myctophidae","Ceratoscopelus",NA
"row_3428","Eukaryota","Chordata","Actinopteri","Pleuronectiformes","Cyclopsettidae","Citharichthys","Citharichthys sordidus"
"row_3429","Eukaryota","Chordata","Actinopteri","Pleuronectiformes","Cyclopsettidae","Citharichthys","Citharichthys stigmaeus"
"row_3430","Eukaryota","Chordata","Mammalia","Artiodactyla","Delphinidae",NA,NA
"row_3431","Eukaryota","Chordata","Actinopteri","Clupeiformes","Engraulidae","Engraulis","Engraulis mordax"
"row_3432","Eukaryota","Chordata","Actinopteri","Perciformes","Cottidae","Hemilepidotus",NA
"row_3433","Eukaryota","Chordata","Mammalia",NA,NA,NA,NA
"row_3434","Eukaryota","Chordata","Actinopteri","Blenniiformes","Blenniidae","Hypsoblennius","Hypsoblennius jenkinsi"
"row_3435","Eukaryota","Chordata","Actinopteri","Scombriformes","Centrolophidae","Icichthys","Icichthys lockingtoni"
"row_3436","Eukaryota","Chordata","Actinopteri","Argentiniformes","Bathylagidae","Leuroglossus",NA
"row_3437","Eukaryota","Chordata",NA,NA,NA,NA,NA
"row_3438","Eukaryota","Chordata","Actinopteri","Tetraodontiformes","Molidae","Mola",NA
"row_3439","Eukaryota","Chordata","Actinopteri","Lophiiformes","Oneirodidae","Oneirodes",NA
"row_3440","Eukaryota",NA,NA,NA,NA,NA,NA
"row_3441","Eukaryota","Chordata","Actinopteri","Pleuronectiformes","Paralichthyidae","Paralichthys","Paralichthys californicus"
"row_3442","Eukaryota",NA,NA,NA,NA,NA,NA
"row_3443","Eukaryota","Chordata","Actinopteri","Stomiiformes","Phosichthyidae",NA,NA
"row_3444","Eukaryota","Chordata","Actinopteri","Pleuronectiformes","Pleuronectidae",NA,NA
"row_3445","Eukaryota","Chordata","Actinopteri","Perciformes","Sebastidae","Sebastes",NA
"row_3446","Eukaryota","Chordata","Actinopteri","Perciformes","Sebastidae","Sebastes","Sebastes pinniger"
"row_3447","Eukaryota","Chordata","Actinopteri","Carangiformes","Carangidae","Seriola","Seriola lalandi"
"row_3448","Eukaryota","Chordata","Actinopteri","Myctophiformes","Myctophidae","Symbolophorus","Symbolophorus californiensis"
"row_3449","Eukaryota","Chordata","Actinopteri","Syngnathiformes","Syngnathidae","Syngnathus",NA
"row_3450","Eukaryota","Chordata","Actinopteri","Myctophiformes","Myctophidae","Tarletonbeania","Tarletonbeania crenularis"
"row_3451","Eukaryota","Chordata","Actinopteri","Scombriformes","Tetragonuridae","Tetragonurus","Tetragonurus cuvieri"
"row_3452","Eukaryota","Chordata","Actinopteri","Carangiformes","Carangidae","Trachurus","Trachurus symmetricus"
"row_3453","Eukaryota","Chordata",NA,NA,NA,NA,NA
"row_3454","Eukaryota","Chordata","Mammalia",NA,NA,NA,NA
"row_3455",NA,NA,NA,NA,NA,NA,NA
"row_3456","Eukaryota","Chordata","Actinopteri","Uranoscopiformes","Ammodytidae",NA,NA
"row_3457","Eukaryota",NA,NA,NA,NA,NA,NA
"row_3458","Eukaryota","Chordata","Actinopteri","Atheriniformes","Atherinopsidae","Atherinopsis","Atherinopsis californiensis"
"row_3459","Eukaryota","Chordata","Actinopteri","Beloniformes","Belonidae","Cololabis","Cololabis saira"
"row_3460","Eukaryota","Chordata","Mammalia","Artiodactyla","Delphinidae",NA,NA
"row_3461","Eukaryota","Chordata","Actinopteri","Clupeiformes","Engraulidae","Engraulis","Engraulis mordax"
"row_3462","Eukaryota","Chordata","Mammalia",NA,NA,NA,NA
"row_3463","Eukaryota","Chordata","Actinopteri","Perciformes","Sebastidae","Sebastes",NA
"row_3464",NA,NA,NA,NA,NA,NA,NA
"row_3465","Eukaryota","Chordata","Mammalia","Artiodactyla",NA,NA,NA
"row_3466","Eukaryota",NA,NA,NA,NA,NA,NA
"row_3467","Eukaryota","Chordata","Mammalia","Artiodactyla","Delphinidae",NA,NA
"row_3468","Eukaryota","Chordata","Mammalia","Artiodactyla","Delphinidae","Delphinus",NA
"row_3469","Eukaryota","Chordata","Actinopteri","Clupeiformes","Engraulidae","Engraulis","Engraulis mordax"
"row_3470","Eukaryota",NA,NA,NA,NA,NA,NA
"row_3471","Eukaryota","Chordata","Actinopteri","Myctophiformes","Myctophidae","Symbolophorus","Symbolophorus californiensis"
"row_3472","Eukaryota","Chordata","Actinopteri","Syngnathiformes","Syngnathidae","Syngnathus",NA
"row_3473","Eukaryota","Chordata","Actinopteri","Myctophiformes","Myctophidae","Triphoturus","Triphoturus mexicanus"
"row_3474",NA,NA,NA,NA,NA,NA,NA
"row_3475","Eukaryota","Chordata","Mammalia","Artiodactyla",NA,NA,NA
"row_3476","Eukaryota",NA,NA,NA,NA,NA,NA
"row_3477","Eukaryota","Chordata","Actinopteri","Beloniformes","Belonidae","Cololabis","Cololabis saira"
"row_3478","Eukaryota","Chordata","Mammalia","Artiodactyla","Delphinidae",NA,NA
"row_3479","Eukaryota","Chordata","Actinopteri","Clupeiformes","Engraulidae","Engraulis","Engraulis mordax"
"row_3480","Eukaryota",NA,NA,NA,NA,NA,NA
"row_3481","Eukaryota","Chordata","Actinopteri","Syngnathiformes","Syngnathidae","Syngnathus",NA
"row_3482",NA,NA,NA,NA,NA,NA,NA
"row_3483","Eukaryota",NA,NA,NA,NA,NA,NA
"row_3484","Eukaryota","Chordata","Mammalia","Artiodactyla","Delphinidae",NA,NA
"row_3485","Eukaryota","Chordata","Mammalia","Artiodactyla","Delphinidae","Delphinus",NA
"row_3486","Eukaryota","Chordata","Actinopteri","Clupeiformes","Engraulidae","Engraulis","Engraulis mordax"
"row_3487","Eukaryota",NA,NA,NA,NA,NA,NA
"row_3488","Eukaryota","Chordata","Mammalia",NA,NA,NA,NA
"row_3489","Eukaryota","Chordata","Actinopteri","Syngnathiformes","Syngnathidae","Syngnathus",NA
"row_3490","Eukaryota","Chordata","Mammalia",NA,NA,NA,NA
"row_3491",NA,NA,NA,NA,NA,NA,NA
"row_3492","Eukaryota",NA,NA,NA,NA,NA,NA
"row_3493","Eukaryota","Chordata","Actinopteri","Beloniformes","Belonidae","Cololabis","Cololabis saira"
"row_3494","Eukaryota","Chordata","Mammalia","Artiodactyla","Delphinidae",NA,NA
"row_3495","Eukaryota","Chordata","Actinopteri","Clupeiformes","Engraulidae","Engraulis","Engraulis mordax"
"row_3496","Eukaryota",NA,NA,NA,NA,NA,NA
"row_3497","Eukaryota","Chordata","Mammalia","Artiodactyla","Delphinidae","Stenella","Stenella coeruleoalba"
"row_3498","Eukaryota","Chordata","Actinopteri","Myctophiformes","Myctophidae","Symbolophorus","Symbolophorus californiensis"
"row_3499","Eukaryota","Chordata","Actinopteri","Syngnathiformes","Syngnathidae","Syngnathus",NA
"row_3500",NA,NA,NA,NA,NA,NA,NA
"row_3501","Eukaryota",NA,NA,NA,NA,NA,NA
"row_3502","Eukaryota","Chordata","Actinopteri","Beloniformes","Belonidae","Cololabis","Cololabis saira"
"row_3503","Eukaryota","Chordata","Mammalia","Artiodactyla","Delphinidae",NA,NA
"row_3504","Eukaryota","Chordata","Mammalia","Artiodactyla","Delphinidae","Delphinus",NA
"row_3505","Eukaryota","Chordata","Actinopteri","Clupeiformes","Engraulidae","Engraulis","Engraulis mordax"
"row_3506","Eukaryota",NA,NA,NA,NA,NA,NA
"row_3507","Eukaryota","Chordata","Actinopteri","Myctophiformes","Myctophidae","Symbolophorus","Symbolophorus californiensis"
"row_3508","Eukaryota","Chordata","Actinopteri","Syngnathiformes","Syngnathidae","Syngnathus",NA
"row_3509","Eukaryota","Chordata","Actinopteri","Myctophiformes","Myctophidae","Triphoturus","Triphoturus mexicanus"
"row_3510",NA,NA,NA,NA,NA,NA,NA
"row_3511","Eukaryota",NA,NA,NA,NA,NA,NA
"row_3512","Eukaryota","Chordata","Actinopteri","Beloniformes","Belonidae","Cololabis","Cololabis saira"
"row_3513","Eukaryota","Chordata","Mammalia","Artiodactyla","Delphinidae",NA,NA
"row_3514","Eukaryota","Chordata","Mammalia","Artiodactyla","Delphinidae","Delphinus",NA
"row_3515","Eukaryota","Chordata","Actinopteri","Clupeiformes","Engraulidae","Engraulis","Engraulis mordax"
"row_3516","Eukaryota",NA,NA,NA,NA,NA,NA
"row_3517","Eukaryota","Chordata","Mammalia",NA,NA,NA,NA
"row_3518","Eukaryota","Chordata","Actinopteri","Argentiniformes","Bathylagidae","Lipolagus","Lipolagus ochotensis"
"row_3519","Eukaryota","Chordata","Actinopteri","Centrarchiformes","Kyphosidae","Medialuna","Medialuna californiensis"
"row_3520","Eukaryota","Chordata","Actinopteri","Gadiformes","Merlucciidae","Merluccius","Merluccius productus"
"row_3521","Eukaryota","Chordata","Actinopteri","Perciformes","Sebastidae","Sebastes",NA
"row_3522","Eukaryota","Chordata","Actinopteri","Myctophiformes","Myctophidae","Symbolophorus","Symbolophorus californiensis"
"row_3523","Eukaryota","Chordata","Actinopteri","Syngnathiformes","Syngnathidae","Syngnathus",NA
"row_3524","Eukaryota","Chordata","Actinopteri","Carangiformes","Carangidae","Trachurus","Trachurus symmetricus"
"row_3525",NA,NA,NA,NA,NA,NA,NA
"row_3526","Eukaryota","Chordata","Mammalia","Artiodactyla",NA,NA,NA
"row_3527","Eukaryota",NA,NA,NA,NA,NA,NA
"row_3528","Eukaryota","Chordata","Actinopteri","Beloniformes","Belonidae","Cololabis","Cololabis saira"
"row_3529","Eukaryota","Chordata","Mammalia","Artiodactyla","Delphinidae",NA,NA
"row_3530","Eukaryota","Chordata","Mammalia","Artiodactyla","Delphinidae","Delphinus",NA
"row_3531","Eukaryota","Chordata","Actinopteri","Clupeiformes","Engraulidae","Engraulis","Engraulis mordax"
"row_3532","Eukaryota",NA,NA,NA,NA,NA,NA
"row_3533","Eukaryota","Chordata","Actinopteri","Syngnathiformes","Syngnathidae","Syngnathus",NA
"row_3534",NA,NA,NA,NA,NA,NA,NA
"row_3535","Eukaryota",NA,NA,NA,NA,NA,NA
"row_3536","Eukaryota",NA,NA,NA,NA,NA,NA
"row_3537","Eukaryota",NA,NA,NA,NA,NA,NA
"row_3538","Eukaryota","Chordata","Mammalia","Artiodactyla","Delphinidae",NA,NA
"row_3539","Eukaryota","Chordata","Mammalia","Artiodactyla","Delphinidae","Delphinus",NA
"row_3540","Eukaryota","Chordata","Actinopteri","Clupeiformes","Engraulidae","Engraulis","Engraulis mordax"
"row_3541","Eukaryota",NA,NA,NA,NA,NA,NA
"row_3542","Eukaryota","Chordata","Mammalia",NA,NA,NA,NA
"row_3543","Eukaryota","Chordata","Actinopteri","Syngnathiformes","Syngnathidae","Syngnathus",NA
"row_3544","Eukaryota","Chordata","Actinopteri","Carangiformes","Carangidae","Trachurus","Trachurus symmetricus"
"row_3545",NA,NA,NA,NA,NA,NA,NA
"row_3546","Eukaryota",NA,NA,NA,NA,NA,NA
"row_3547","Eukaryota","Chordata","Actinopteri","Beloniformes","Belonidae","Cololabis","Cololabis saira"
"row_3548","Eukaryota","Chordata","Mammalia","Artiodactyla","Delphinidae",NA,NA
"row_3549","Eukaryota","Chordata","Actinopteri","Clupeiformes","Engraulidae","Engraulis","Engraulis mordax"
"row_3550","Eukaryota",NA,NA,NA,NA,NA,NA
"row_3551","Eukaryota","Chordata","Mammalia",NA,NA,NA,NA
"row_3552","Eukaryota","Chordata","Actinopteri","Tetraodontiformes","Molidae","Mola",NA
"row_3553","Eukaryota","Chordata","Actinopteri","Myctophiformes","Myctophidae","Symbolophorus","Symbolophorus californiensis"
"row_3554",NA,NA,NA,NA,NA,NA,NA
"row_3555","Eukaryota","Chordata","Actinopteri","Beloniformes","Belonidae","Cololabis","Cololabis saira"
"row_3556","Eukaryota","Chordata","Mammalia","Artiodactyla","Delphinidae",NA,NA
"row_3557","Eukaryota","Chordata","Actinopteri","Clupeiformes","Engraulidae","Engraulis","Engraulis mordax"
"row_3558","Eukaryota",NA,NA,NA,NA,NA,NA
"row_3559","Eukaryota","Chordata","Mammalia",NA,NA,NA,NA
"row_3560","Eukaryota","Chordata","Actinopteri","Perciformes","Sebastidae","Sebastes",NA
"row_3561","Eukaryota","Chordata","Actinopteri","Scombriformes","Tetragonuridae","Tetragonurus","Tetragonurus cuvieri"
"row_3562","Eukaryota","Chordata","Actinopteri","Carangiformes","Carangidae","Trachurus","Trachurus symmetricus"
"row_3563",NA,NA,NA,NA,NA,NA,NA
"row_3564","Eukaryota",NA,NA,NA,NA,NA,NA
"row_3565","Eukaryota","Chordata","Actinopteri","Beloniformes","Belonidae","Cololabis","Cololabis saira"
"row_3566","Eukaryota","Chordata","Mammalia","Artiodactyla","Delphinidae",NA,NA
"row_3567","Eukaryota","Chordata","Actinopteri","Clupeiformes","Engraulidae","Engraulis","Engraulis mordax"
"row_3568","Eukaryota",NA,NA,NA,NA,NA,NA
"row_3569","Eukaryota","Chordata","Mammalia",NA,NA,NA,NA
"row_3570","Eukaryota","Chordata","Actinopteri","Syngnathiformes","Syngnathidae","Syngnathus",NA
"row_3571","Eukaryota","Chordata","Actinopteri","Myctophiformes","Myctophidae","Triphoturus","Triphoturus mexicanus"
"row_3572",NA,NA,NA,NA,NA,NA,NA
"row_3573","Eukaryota",NA,NA,NA,NA,NA,NA
"row_3574","Eukaryota","Chordata","Actinopteri","Beloniformes","Belonidae","Cololabis","Cololabis saira"
"row_3575","Eukaryota","Chordata","Mammalia","Artiodactyla","Delphinidae",NA,NA
"row_3576","Eukaryota","Chordata","Actinopteri","Clupeiformes","Engraulidae","Engraulis","Engraulis mordax"
"row_3577","Eukaryota",NA,NA,NA,NA,NA,NA
"row_3578","Eukaryota","Chordata","Mammalia",NA,NA,NA,NA
"row_3579",NA,NA,NA,NA,NA,NA,NA
"row_3580","Eukaryota",NA,NA,NA,NA,NA,NA
"row_3581","Eukaryota","Chordata","Actinopteri","Pleuronectiformes","Cyclopsettidae","Citharichthys","Citharichthys sordidus"
"row_3582","Eukaryota","Chordata","Actinopteri","Beloniformes","Belonidae","Cololabis","Cololabis saira"
"row_3583","Eukaryota","Chordata","Mammalia","Artiodactyla","Delphinidae",NA,NA
"row_3584","Eukaryota","Chordata","Mammalia","Artiodactyla","Delphinidae","Delphinus",NA
"row_3585","Eukaryota","Chordata","Actinopteri","Clupeiformes","Engraulidae","Engraulis","Engraulis mordax"
"row_3586","Eukaryota",NA,NA,NA,NA,NA,NA
"row_3587","Eukaryota","Chordata","Actinopteri","Tetraodontiformes","Molidae","Mola",NA
"row_3588","Eukaryota","Chordata","Actinopteri","Lophiiformes","Oneirodidae","Oneirodes",NA
"row_3589","Eukaryota","Chordata","Actinopteri","Syngnathiformes","Syngnathidae","Syngnathus",NA
"row_3590",NA,NA,NA,NA,NA,NA,NA
"row_3591","Eukaryota",NA,NA,NA,NA,NA,NA
"row_3592","Eukaryota","Chordata","Mammalia","Artiodactyla","Delphinidae",NA,NA
"row_3593","Eukaryota","Chordata","Actinopteri","Clupeiformes","Engraulidae","Engraulis","Engraulis mordax"
"row_3594","Eukaryota",NA,NA,NA,NA,NA,NA
"row_3595","Eukaryota",NA,NA,NA,NA,NA,NA
"row_3596","Eukaryota","Chordata","Mammalia","Artiodactyla","Delphinidae","Stenella","Stenella coeruleoalba"
"row_3597","Eukaryota","Chordata","Actinopteri","Syngnathiformes","Syngnathidae","Syngnathus",NA
"row_3598",NA,NA,NA,NA,NA,NA,NA
"row_3599","Eukaryota",NA,NA,NA,NA,NA,NA
"row_3600","Eukaryota",NA,NA,NA,NA,NA,NA
"row_3601","Eukaryota","Chordata","Actinopteri","Beloniformes","Belonidae","Cololabis","Cololabis saira"
"row_3602","Eukaryota","Chordata","Mammalia","Artiodactyla","Delphinidae",NA,NA
"row_3603","Eukaryota","Chordata","Actinopteri","Clupeiformes","Engraulidae","Engraulis","Engraulis mordax"
"row_3604","Eukaryota","Chordata","Mammalia","Artiodactyla","Eschrichtiidae","Eschrichtius","Eschrichtius robustus"
"row_3605","Eukaryota",NA,NA,NA,NA,NA,NA
"row_3606","Eukaryota","Chordata","Mammalia",NA,NA,NA,NA
"row_3607","Eukaryota","Chordata","Mammalia","Artiodactyla","Delphinidae","Sagmatias","Sagmatias obliquidens"
"row_3608","Eukaryota","Chordata","Actinopteri","Myctophiformes","Myctophidae","Lampanyctus","Lampanyctus tenuiformis"
"row_3609","Eukaryota","Chordata","Actinopteri","Tetraodontiformes","Molidae","Mola",NA
"row_3610","Eukaryota","Chordata","Mammalia","Artiodactyla",NA,NA,NA
"row_3611","Eukaryota","Chordata","Actinopteri","Perciformes","Cottidae","Scorpaenichthys","Scorpaenichthys marmoratus"
"row_3612","Eukaryota","Chordata","Actinopteri","Perciformes","Sebastidae","Sebastes",NA
"row_3613","Eukaryota","Chordata","Actinopteri","Myctophiformes","Myctophidae","Stenobrachius","Stenobrachius nannochir"
"row_3614","Eukaryota",NA,NA,NA,NA,NA,NA
"row_3615","Eukaryota","Chordata","Actinopteri","Myctophiformes","Myctophidae","Symbolophorus","Symbolophorus californiensis"
"row_3616","Eukaryota","Chordata","Actinopteri","Myctophiformes","Myctophidae","Tarletonbeania","Tarletonbeania crenularis"
"row_3617","Eukaryota","Chordata","Actinopteri","Myctophiformes","Myctophidae","Triphoturus","Triphoturus mexicanus"
"row_3618","Eukaryota","Chordata",NA,NA,NA,NA,NA
"row_3619",NA,NA,NA,NA,NA,NA,NA
"row_3620","Eukaryota",NA,NA,NA,NA,NA,NA
"row_3621","Eukaryota","Chordata","Mammalia","Artiodactyla","Delphinidae",NA,NA
"row_3622","Eukaryota","Chordata","Actinopteri","Clupeiformes","Engraulidae","Engraulis","Engraulis mordax"
"row_3623","Eukaryota",NA,NA,NA,NA,NA,NA
"row_3624",NA,NA,NA,NA,NA,NA,NA
"row_3625","Eukaryota",NA,NA,NA,NA,NA,NA
"row_3626","Eukaryota","Chordata","Actinopteri","Beloniformes","Belonidae","Cololabis","Cololabis saira"
"row_3627","Eukaryota","Chordata","Mammalia","Artiodactyla","Delphinidae",NA,NA
"row_3628","Eukaryota","Chordata","Mammalia","Artiodactyla","Delphinidae","Delphinus",NA
"row_3629","Eukaryota","Chordata","Actinopteri","Clupeiformes","Engraulidae","Engraulis","Engraulis mordax"
"row_3630","Eukaryota",NA,NA,NA,NA,NA,NA
"row_3631","Eukaryota","Chordata","Actinopteri","Tetraodontiformes","Molidae","Mola",NA
"row_3632","Eukaryota","Chordata","Actinopteri","Syngnathiformes","Syngnathidae","Syngnathus",NA
"row_3633",NA,NA,NA,NA,NA,NA,NA
"row_3634","Eukaryota",NA,NA,NA,NA,NA,NA
"row_3635","Eukaryota","Chordata","Mammalia","Artiodactyla","Balaenopteridae","Balaenoptera","Balaenoptera physalus"
"row_3636","Eukaryota","Chordata","Mammalia","Artiodactyla","Delphinidae",NA,NA
"row_3637","Eukaryota","Chordata","Actinopteri","Clupeiformes","Engraulidae","Engraulis","Engraulis mordax"
"row_3638","Eukaryota","Chordata","Mammalia",NA,NA,NA,NA
"row_3639","Eukaryota","Chordata","Actinopteri","Argentiniformes","Bathylagidae","Leuroglossus",NA
"row_3640","Eukaryota",NA,NA,NA,NA,NA,NA
"row_3641","Eukaryota","Chordata","Actinopteri","Myctophiformes","Myctophidae","Triphoturus","Triphoturus mexicanus"
"row_3642",NA,NA,NA,NA,NA,NA,NA
"row_3643","Eukaryota",NA,NA,NA,NA,NA,NA
"row_3644","Eukaryota","Chordata","Mammalia","Artiodactyla","Delphinidae",NA,NA
"row_3645","Eukaryota","Chordata","Mammalia","Artiodactyla","Delphinidae","Delphinus",NA
"row_3646","Eukaryota","Chordata","Actinopteri","Clupeiformes","Engraulidae","Engraulis","Engraulis mordax"
"row_3647","Eukaryota","Chordata","Chondrichthyes","Carcharhiniformes","Carcharhinidae","Prionace","Prionace glauca"
"row_3648","Eukaryota","Chordata","Actinopteri","Myctophiformes","Myctophidae","Triphoturus","Triphoturus mexicanus"
"row_3649",NA,NA,NA,NA,NA,NA,NA
"row_3650","Eukaryota","Chordata","Mammalia","Artiodactyla",NA,NA,NA
"row_3651","Eukaryota",NA,NA,NA,NA,NA,NA
"row_3652","Eukaryota","Chordata","Actinopteri","Pleuronectiformes","Cyclopsettidae","Citharichthys","Citharichthys sordidus"
"row_3653","Eukaryota","Chordata","Actinopteri","Beloniformes","Belonidae","Cololabis","Cololabis saira"
"row_3654","Eukaryota","Chordata","Mammalia","Artiodactyla","Delphinidae",NA,NA
"row_3655","Eukaryota","Chordata","Actinopteri","Clupeiformes","Engraulidae","Engraulis","Engraulis mordax"
"row_3656","Eukaryota",NA,NA,NA,NA,NA,NA
"row_3657","Eukaryota","Chordata","Mammalia",NA,NA,NA,NA
"row_3658","Eukaryota","Chordata","Actinopteri","Tetraodontiformes","Molidae","Mola",NA
"row_3659","Eukaryota","Chordata","Actinopteri","Myctophiformes","Myctophidae","Symbolophorus","Symbolophorus californiensis"
"row_3660","Eukaryota","Chordata","Actinopteri","Syngnathiformes","Syngnathidae","Syngnathus",NA
"row_3661","Eukaryota","Chordata","Actinopteri","Myctophiformes","Myctophidae","Triphoturus","Triphoturus mexicanus"
"row_3662",NA,NA,NA,NA,NA,NA,NA
"row_3663","Eukaryota",NA,NA,NA,NA,NA,NA
"row_3664","Eukaryota","Chordata","Actinopteri","Beloniformes","Belonidae","Cololabis","Cololabis saira"
"row_3665","Eukaryota","Chordata","Mammalia","Artiodactyla","Delphinidae",NA,NA
"row_3666","Eukaryota","Chordata","Actinopteri","Clupeiformes","Engraulidae","Engraulis","Engraulis mordax"
"row_3667","Eukaryota","Chordata","Mammalia",NA,NA,NA,NA
"row_3668","Eukaryota","Chordata","Actinopteri","Argentiniformes","Bathylagidae","Lipolagus","Lipolagus ochotensis"
"row_3669","Eukaryota","Chordata","Actinopteri","Myctophiformes","Myctophidae","Triphoturus","Triphoturus mexicanus"
"row_3670",NA,NA,NA,NA,NA,NA,NA
"row_3671","Eukaryota",NA,NA,NA,NA,NA,NA
"row_3672","Eukaryota","Chordata","Mammalia","Artiodactyla","Delphinidae",NA,NA
"row_3673","Eukaryota","Chordata","Actinopteri","Clupeiformes","Engraulidae","Engraulis","Engraulis mordax"
"row_3674","Eukaryota","Chordata","Mammalia",NA,NA,NA,NA
"row_3675","Eukaryota","Chordata","Actinopteri","Perciformes","Sebastidae","Sebastes",NA
"row_3676",NA,NA,NA,NA,NA,NA,NA
"row_3677","Eukaryota",NA,NA,NA,NA,NA,NA
"row_3678","Eukaryota","Chordata","Actinopteri","Beloniformes","Belonidae","Cololabis","Cololabis saira"
"row_3679","Eukaryota","Chordata","Mammalia","Artiodactyla","Delphinidae",NA,NA
"row_3680","Eukaryota","Chordata","Actinopteri","Clupeiformes","Engraulidae","Engraulis","Engraulis mordax"
"row_3681","Eukaryota","Chordata","Actinopteri","Syngnathiformes","Syngnathidae","Syngnathus",NA
"row_3682",NA,NA,NA,NA,NA,NA,NA
"row_3683","Eukaryota",NA,NA,NA,NA,NA,NA
"row_3684","Eukaryota","Chordata","Actinopteri","Beloniformes","Belonidae","Cololabis","Cololabis saira"
"row_3685","Eukaryota","Chordata","Mammalia","Artiodactyla","Delphinidae",NA,NA
"row_3686","Eukaryota","Chordata","Actinopteri","Clupeiformes","Engraulidae","Engraulis","Engraulis mordax"
"row_3687","Eukaryota","Chordata","Mammalia",NA,NA,NA,NA
"row_3688",NA,NA,NA,NA,NA,NA,NA
"row_3689","Eukaryota",NA,NA,NA,NA,NA,NA
"row_3690","Eukaryota","Chordata","Mammalia","Artiodactyla","Delphinidae",NA,NA
"row_3691","Eukaryota","Chordata","Actinopteri","Clupeiformes","Engraulidae","Engraulis","Engraulis mordax"
"row_3692","Eukaryota","Chordata","Mammalia",NA,NA,NA,NA
"row_3693","Eukaryota","Chordata","Actinopteri","Tetraodontiformes","Molidae","Mola",NA
"row_3694","Eukaryota","Chordata","Actinopteri","Perciformes","Sebastidae","Sebastes",NA
"row_3695","Eukaryota","Chordata","Actinopteri","Syngnathiformes","Syngnathidae","Syngnathus",NA
"row_3696","Eukaryota","Chordata","Actinopteri","Myctophiformes","Myctophidae","Triphoturus","Triphoturus mexicanus"
"row_3697",NA,NA,NA,NA,NA,NA,NA
"row_3698","Eukaryota",NA,NA,NA,NA,NA,NA
"row_3699","Eukaryota","Chordata","Mammalia","Artiodactyla","Balaenopteridae","Balaenoptera","Balaenoptera physalus"
"row_3700","Eukaryota","Chordata","Mammalia","Artiodactyla","Delphinidae",NA,NA
"row_3701","Eukaryota","Chordata","Mammalia","Artiodactyla","Delphinidae","Delphinus",NA
"row_3702","Eukaryota","Chordata","Actinopteri","Myctophiformes","Myctophidae","Diaphus","Diaphus theta"
"row_3703","Eukaryota","Chordata","Actinopteri","Myctophiformes","Myctophidae","Diogenichthys","Diogenichthys atlanticus"
"row_3704","Eukaryota","Chordata","Actinopteri","Clupeiformes","Engraulidae","Engraulis","Engraulis mordax"
"row_3705","Eukaryota","Chordata","Mammalia",NA,NA,NA,NA
"row_3706","Eukaryota",NA,NA,NA,NA,NA,NA
"row_3707","Eukaryota",NA,NA,NA,NA,NA,NA
"row_3708","Eukaryota","Chordata","Actinopteri","Myctophiformes","Myctophidae","Triphoturus","Triphoturus mexicanus"
"row_3709",NA,NA,NA,NA,NA,NA,NA
"row_3710","Eukaryota",NA,NA,NA,NA,NA,NA
"row_3711","Eukaryota","Chordata","Mammalia","Artiodactyla","Delphinidae",NA,NA
"row_3712","Eukaryota","Chordata","Mammalia","Artiodactyla","Delphinidae","Delphinus",NA
"row_3713","Eukaryota","Chordata","Actinopteri","Clupeiformes","Engraulidae","Engraulis","Engraulis mordax"
"row_3714","Eukaryota",NA,NA,NA,NA,NA,NA
"row_3715","Eukaryota","Chordata","Chondrichthyes","Carcharhiniformes","Carcharhinidae","Prionace","Prionace glauca"
"row_3716",NA,NA,NA,NA,NA,NA,NA
"row_3717","Eukaryota",NA,NA,NA,NA,NA,NA
"row_3718","Eukaryota","Chordata","Mammalia","Artiodactyla","Delphinidae",NA,NA
"row_3719","Eukaryota","Chordata","Actinopteri","Myctophiformes","Myctophidae","Diogenichthys","Diogenichthys atlanticus"
"row_3720","Eukaryota","Chordata","Actinopteri","Clupeiformes","Engraulidae","Engraulis","Engraulis mordax"
"row_3721","Eukaryota","Chordata","Mammalia",NA,NA,NA,NA
"row_3722","Eukaryota",NA,NA,NA,NA,NA,NA
"row_3723","Eukaryota","Chordata","Actinopteri","Myctophiformes","Myctophidae","Triphoturus","Triphoturus mexicanus"
"row_3724",NA,NA,NA,NA,NA,NA,NA
"row_3725","Eukaryota",NA,NA,NA,NA,NA,NA
"row_3726","Eukaryota","Chordata","Actinopteri","Beloniformes","Belonidae","Cololabis","Cololabis saira"
"row_3727","Eukaryota","Chordata","Mammalia","Artiodactyla","Delphinidae",NA,NA
"row_3728","Eukaryota","Chordata","Actinopteri","Clupeiformes","Engraulidae","Engraulis","Engraulis mordax"
"row_3729","Eukaryota","Chordata","Mammalia",NA,NA,NA,NA
"row_3730","Eukaryota","Chordata","Mammalia","Artiodactyla","Balaenopteridae","Megaptera","Megaptera novaeangliae"
"row_3731","Eukaryota","Chordata","Actinopteri","Tetraodontiformes","Molidae","Mola",NA
"row_3732","Eukaryota",NA,NA,NA,NA,NA,NA
"row_3733","Eukaryota","Chordata","Actinopteri","Perciformes","Sebastidae","Sebastes",NA
"row_3734","Eukaryota","Chordata","Actinopteri","Perciformes","Sebastidae","Sebastes","Sebastes pinniger"
"row_3735","Eukaryota","Chordata","Actinopteri","Syngnathiformes","Syngnathidae","Syngnathus",NA
"row_3736","Eukaryota","Chordata","Actinopteri","Myctophiformes","Myctophidae","Triphoturus","Triphoturus mexicanus"
"row_3737",NA,NA,NA,NA,NA,NA,NA
"row_3738","Eukaryota",NA,NA,NA,NA,NA,NA
"row_3739","Eukaryota","Chordata","Mammalia","Artiodactyla","Balaenopteridae","Balaenoptera",NA
"row_3740","Eukaryota","Chordata","Mammalia","Artiodactyla","Delphinidae",NA,NA
"row_3741","Eukaryota","Chordata","Actinopteri","Clupeiformes","Engraulidae","Engraulis","Engraulis mordax"
"row_3742","Eukaryota","Chordata","Mammalia",NA,NA,NA,NA
"row_3743","Eukaryota","Chordata","Actinopteri","Tetraodontiformes","Molidae","Mola",NA
"row_3744","Eukaryota",NA,NA,NA,NA,NA,NA
"row_3745","Eukaryota",NA,NA,NA,NA,NA,NA
"row_3746","Eukaryota","Chordata","Actinopteri","Perciformes","Sebastidae","Sebastes",NA
"row_3747","Eukaryota","Chordata","Actinopteri","Perciformes","Sebastidae","Sebastes","Sebastes pinniger"
"row_3748","Eukaryota",NA,NA,NA,NA,NA,NA
"row_3749","Eukaryota","Chordata","Actinopteri","Myctophiformes","Myctophidae","Symbolophorus","Symbolophorus californiensis"
"row_3750","Eukaryota","Chordata","Actinopteri","Syngnathiformes","Syngnathidae","Syngnathus",NA
"row_3751",NA,NA,NA,NA,NA,NA,NA
"row_3752","Eukaryota",NA,NA,NA,NA,NA,NA
"row_3753","Eukaryota","Chordata","Mammalia","Artiodactyla","Delphinidae",NA,NA
"row_3754","Eukaryota","Chordata","Actinopteri","Clupeiformes","Engraulidae","Engraulis","Engraulis mordax"
"row_3755","Eukaryota","Chordata","Mammalia",NA,NA,NA,NA
"row_3756","Eukaryota","Chordata","Actinopteri","Gadiformes","Merlucciidae","Merluccius","Merluccius productus"
"row_3757","Eukaryota","Chordata","Actinopteri","Tetraodontiformes","Molidae","Mola",NA
"row_3758","Eukaryota",NA,NA,NA,NA,NA,NA
"row_3759","Eukaryota",NA,NA,NA,NA,NA,NA
"row_3760","Eukaryota","Chordata","Actinopteri","Perciformes","Sebastidae","Sebastes",NA
"row_3761","Eukaryota","Chordata","Actinopteri","Perciformes","Sebastidae","Sebastes","Sebastes pinniger"
"row_3762","Eukaryota","Chordata","Actinopteri","Syngnathiformes","Syngnathidae","Syngnathus",NA
"row_3763",NA,NA,NA,NA,NA,NA,NA
"row_3764","Eukaryota",NA,NA,NA,NA,NA,NA
"row_3765","Eukaryota","Chordata","Mammalia","Artiodactyla","Delphinidae",NA,NA
"row_3766","Eukaryota","Chordata","Mammalia","Artiodactyla","Delphinidae","Delphinus",NA
"row_3767","Eukaryota","Chordata","Actinopteri","Clupeiformes","Engraulidae","Engraulis","Engraulis mordax"
"row_3768","Eukaryota","Chordata","Mammalia",NA,NA,NA,NA
"row_3769","Eukaryota","Chordata","Actinopteri","Gadiformes","Merlucciidae","Merluccius","Merluccius productus"
"row_3770","Eukaryota","Chordata","Actinopteri","Tetraodontiformes","Molidae","Mola",NA
"row_3771","Eukaryota",NA,NA,NA,NA,NA,NA
"row_3772","Eukaryota","Chordata","Actinopteri","Perciformes","Sebastidae","Sebastes",NA
"row_3773","Eukaryota","Chordata","Actinopteri","Perciformes","Sebastidae","Sebastes","Sebastes pinniger"
"row_3774","Eukaryota","Chordata","Actinopteri","Syngnathiformes","Syngnathidae","Syngnathus",NA
"row_3775","Eukaryota","Chordata","Actinopteri","Carangiformes","Carangidae","Trachurus","Trachurus symmetricus"
"row_3776","Eukaryota","Chordata","Actinopteri","Myctophiformes","Myctophidae","Triphoturus","Triphoturus mexicanus"
"row_3777",NA,NA,NA,NA,NA,NA,NA
"row_3778","Eukaryota","Chordata","Mammalia","Artiodactyla",NA,NA,NA
"row_3779","Eukaryota",NA,NA,NA,NA,NA,NA
"row_3780","Eukaryota","Chordata","Actinopteri","Beloniformes","Belonidae","Cololabis","Cololabis saira"
"row_3781","Eukaryota","Chordata","Mammalia","Artiodactyla","Delphinidae",NA,NA
"row_3782","Eukaryota","Chordata","Actinopteri","Clupeiformes","Engraulidae","Engraulis","Engraulis mordax"
"row_3783","Eukaryota","Chordata","Mammalia",NA,NA,NA,NA
"row_3784","Eukaryota","Chordata","Actinopteri","Argentiniformes","Bathylagidae","Leuroglossus",NA
"row_3785","Eukaryota","Chordata","Actinopteri","Tetraodontiformes","Molidae","Mola",NA
"row_3786","Eukaryota",NA,NA,NA,NA,NA,NA
"row_3787","Eukaryota","Chordata","Actinopteri","Perciformes","Sebastidae","Sebastes",NA
"row_3788","Eukaryota","Chordata","Actinopteri","Perciformes","Sebastidae","Sebastes","Sebastes pinniger"
"row_3789","Eukaryota",NA,NA,NA,NA,NA,NA
"row_3790","Eukaryota","Chordata","Actinopteri","Syngnathiformes","Syngnathidae","Syngnathus",NA
"row_3791","Eukaryota","Chordata","Actinopteri","Myctophiformes","Myctophidae","Triphoturus","Triphoturus mexicanus"
"row_3792",NA,NA,NA,NA,NA,NA,NA
"row_3793","Eukaryota",NA,NA,NA,NA,NA,NA
"row_3794","Eukaryota","Chordata","Actinopteri","Beloniformes","Belonidae","Cololabis","Cololabis saira"
"row_3795","Eukaryota","Chordata","Mammalia","Artiodactyla","Delphinidae",NA,NA
"row_3796","Eukaryota","Chordata","Actinopteri","Clupeiformes","Engraulidae","Engraulis","Engraulis mordax"
"row_3797","Eukaryota",NA,NA,NA,NA,NA,NA
"row_3798","Eukaryota",NA,NA,NA,NA,NA,NA
"row_3799","Eukaryota",NA,NA,NA,NA,NA,NA
"row_3800","Eukaryota","Chordata","Actinopteri","Perciformes","Sebastidae","Sebastes",NA
"row_3801","Eukaryota","Chordata","Actinopteri","Perciformes","Sebastidae","Sebastes","Sebastes pinniger"
"row_3802","Eukaryota","Chordata","Actinopteri","Syngnathiformes","Syngnathidae","Syngnathus",NA
"row_3803",NA,NA,NA,NA,NA,NA,NA
"row_3804","Eukaryota",NA,NA,NA,NA,NA,NA
"row_3805","Eukaryota","Chordata","Mammalia","Artiodactyla","Balaenopteridae","Balaenoptera","Balaenoptera physalus"
"row_3806","Eukaryota","Chordata","Actinopteri","Beloniformes","Belonidae","Cololabis","Cololabis saira"
"row_3807","Eukaryota","Chordata","Mammalia","Artiodactyla","Delphinidae",NA,NA
"row_3808","Eukaryota","Chordata","Actinopteri","Clupeiformes","Engraulidae","Engraulis","Engraulis mordax"
"row_3809","Eukaryota","Chordata","Mammalia",NA,NA,NA,NA
"row_3810","Eukaryota",NA,NA,NA,NA,NA,NA
"row_3811","Eukaryota",NA,NA,NA,NA,NA,NA
"row_3812","Eukaryota","Chordata","Actinopteri","Perciformes","Sebastidae","Sebastes",NA
"row_3813","Eukaryota","Chordata","Actinopteri","Perciformes","Sebastidae","Sebastes","Sebastes pinniger"
"row_3814","Eukaryota","Chordata","Actinopteri","Syngnathiformes","Syngnathidae","Syngnathus",NA
"row_3815",NA,NA,NA,NA,NA,NA,NA
"row_3816","Eukaryota",NA,NA,NA,NA,NA,NA
"row_3817","Eukaryota","Chordata","Mammalia","Artiodactyla","Delphinidae","Delphinus",NA
"row_3818","Eukaryota","Chordata","Actinopteri","Myctophiformes","Myctophidae","Diaphus","Diaphus theta"
"row_3819","Eukaryota","Chordata","Actinopteri","Clupeiformes","Engraulidae","Engraulis","Engraulis mordax"
"row_3820","Eukaryota",NA,NA,NA,NA,NA,NA
"row_3821","Eukaryota",NA,NA,NA,NA,NA,NA
"row_3822","Eukaryota",NA,NA,NA,NA,NA,NA
"row_3823","Eukaryota","Chordata","Actinopteri","Perciformes","Sebastidae","Sebastes",NA
"row_3824","Eukaryota","Chordata","Actinopteri","Perciformes","Sebastidae","Sebastes","Sebastes pinniger"
"row_3825","Eukaryota","Chordata","Actinopteri","Syngnathiformes","Syngnathidae","Syngnathus",NA
"row_3826","Eukaryota","Chordata","Actinopteri","Myctophiformes","Myctophidae","Triphoturus","Triphoturus mexicanus"
"row_3827",NA,NA,NA,NA,NA,NA,NA
"row_3828","Eukaryota",NA,NA,NA,NA,NA,NA
"row_3829","Eukaryota","Chordata","Actinopteri","Myctophiformes","Myctophidae","Ceratoscopelus",NA
"row_3830","Eukaryota","Chordata","Actinopteri","Pleuronectiformes","Cyclopsettidae","Citharichthys","Citharichthys sordidus"
"row_3831","Eukaryota","Chordata","Actinopteri","Beloniformes","Belonidae","Cololabis","Cololabis saira"
"row_3832","Eukaryota","Chordata","Mammalia","Artiodactyla","Delphinidae",NA,NA
"row_3833","Eukaryota","Chordata","Actinopteri","Clupeiformes","Engraulidae","Engraulis","Engraulis mordax"
"row_3834","Eukaryota","Chordata","Mammalia",NA,NA,NA,NA
"row_3835","Eukaryota","Chordata",NA,NA,NA,NA,NA
"row_3836","Eukaryota","Chordata","Actinopteri","Clupeiformes","Clupeidae","Sardinops","Sardinops sagax"
"row_3837","Eukaryota","Chordata","Mammalia","Artiodactyla",NA,NA,NA
"row_3838","Eukaryota","Chordata","Actinopteri","Syngnathiformes","Syngnathidae","Syngnathus",NA
"row_3839",NA,NA,NA,NA,NA,NA,NA
"row_3840","Eukaryota",NA,NA,NA,NA,NA,NA
"row_3841","Eukaryota","Chordata","Mammalia","Artiodactyla","Balaenopteridae","Balaenoptera","Balaenoptera physalus"
"row_3842","Eukaryota","Chordata","Actinopteri","Myctophiformes","Myctophidae","Ceratoscopelus",NA
"row_3843","Eukaryota","Chordata","Actinopteri","Clupeiformes","Engraulidae","Engraulis","Engraulis mordax"
"row_3844","Eukaryota","Chordata","Mammalia",NA,NA,NA,NA
"row_3845","Eukaryota","Chordata","Chondrichthyes","Carcharhiniformes","Carcharhinidae","Prionace","Prionace glauca"
"row_3846","Eukaryota","Chordata","Actinopteri","Perciformes","Sebastidae","Sebastes",NA
"row_3847","Eukaryota","Chordata","Actinopteri","Myctophiformes","Myctophidae","Symbolophorus","Symbolophorus californiensis"
"row_3848","Eukaryota","Chordata","Actinopteri","Syngnathiformes","Syngnathidae","Syngnathus",NA
"row_3849",NA,NA,NA,NA,NA,NA,NA
"row_3850","Eukaryota",NA,NA,NA,NA,NA,NA
"row_3851","Eukaryota","Chordata","Mammalia","Artiodactyla","Balaenopteridae","Balaenoptera","Balaenoptera physalus"
"row_3852","Eukaryota","Chordata","Actinopteri","Pleuronectiformes","Cyclopsettidae","Citharichthys","Citharichthys sordidus"
"row_3853","Eukaryota","Chordata","Actinopteri","Pleuronectiformes","Cyclopsettidae","Citharichthys","Citharichthys stigmaeus"
"row_3854","Eukaryota","Chordata","Actinopteri","Beloniformes","Belonidae","Cololabis","Cololabis saira"
"row_3855","Eukaryota","Chordata","Actinopteri","Stomiiformes","Gonostomatidae","Cyclothone","Cyclothone signata"
"row_3856","Eukaryota","Chordata","Mammalia","Artiodactyla","Delphinidae",NA,NA
"row_3857","Eukaryota","Chordata","Actinopteri","Clupeiformes","Engraulidae","Engraulis","Engraulis mordax"
"row_3858","Eukaryota",NA,NA,NA,NA,NA,NA
"row_3859","Eukaryota","Chordata","Mammalia",NA,NA,NA,NA
"row_3860","Eukaryota",NA,NA,NA,NA,NA,NA
"row_3861","Eukaryota",NA,NA,NA,NA,NA,NA
"row_3862","Eukaryota",NA,NA,NA,NA,NA,NA
"row_3863","Eukaryota","Chordata","Actinopteri","Scombriformes","Stromateidae","Peprilus",NA
"row_3864","Eukaryota",NA,NA,NA,NA,NA,NA
"row_3865","Eukaryota","Chordata","Chondrichthyes","Carcharhiniformes","Carcharhinidae","Prionace","Prionace glauca"
"row_3866","Eukaryota","Chordata","Actinopteri","Perciformes","Sebastidae","Sebastes",NA
"row_3867","Eukaryota","Chordata","Actinopteri","Perciformes","Sebastidae","Sebastes","Sebastes paucispinis"
"row_3868","Eukaryota","Chordata","Mammalia","Artiodactyla","Delphinidae","Stenella","Stenella coeruleoalba"
"row_3869","Eukaryota",NA,NA,NA,NA,NA,NA
"row_3870","Eukaryota","Chordata","Actinopteri","Myctophiformes","Myctophidae","Symbolophorus","Symbolophorus californiensis"
"row_3871","Eukaryota","Chordata","Actinopteri","Syngnathiformes","Syngnathidae","Syngnathus",NA
"row_3872","Eukaryota","Chordata","Actinopteri","Myctophiformes","Myctophidae","Tarletonbeania","Tarletonbeania crenularis"
"row_3873","Eukaryota","Chordata","Actinopteri","Lampriformes","Trachipteridae","Trachipterus",NA
"row_3874",NA,NA,NA,NA,NA,NA,NA
"row_3875","Eukaryota",NA,NA,NA,NA,NA,NA
"row_3876","Eukaryota","Chordata","Mammalia","Artiodactyla","Delphinidae",NA,NA
"row_3877","Eukaryota","Chordata","Actinopteri","Clupeiformes","Engraulidae","Engraulis","Engraulis mordax"
"row_3878","Eukaryota","Chordata",NA,NA,NA,NA,NA
"row_3879","Eukaryota","Chordata","Mammalia",NA,NA,NA,NA
"row_3880","Eukaryota","Chordata","Actinopteri","Argentiniformes","Bathylagidae","Leuroglossus",NA
"row_3881","Eukaryota","Chordata","Actinopteri","Tetraodontiformes","Molidae","Mola",NA
"row_3882","Eukaryota","Chordata","Actinopteri","Clupeiformes","Clupeidae","Sardinops","Sardinops sagax"
"row_3883","Eukaryota","Chordata","Actinopteri","Perciformes","Sebastidae","Sebastes",NA
"row_3884","Eukaryota","Chordata","Actinopteri","Carangiformes","Carangidae","Seriola","Seriola lalandi"
"row_3885","Eukaryota","Chordata","Actinopteri","Myctophiformes","Myctophidae","Symbolophorus","Symbolophorus californiensis"
"row_3886","Eukaryota","Chordata","Actinopteri","Syngnathiformes","Syngnathidae","Syngnathus",NA
"row_3887","Eukaryota","Chordata","Mammalia",NA,NA,NA,NA
"row_3888",NA,NA,NA,NA,NA,NA,NA
"row_3889","Eukaryota",NA,NA,NA,NA,NA,NA
"row_3890","Eukaryota","Chordata","Actinopteri","Myctophiformes","Myctophidae","Ceratoscopelus",NA
"row_3891","Eukaryota","Chordata","Actinopteri","Myctophiformes","Myctophidae","Diaphus","Diaphus fulgens"
"row_3892","Eukaryota","Chordata","Actinopteri","Clupeiformes","Engraulidae","Engraulis","Engraulis mordax"
"row_3893","Eukaryota","Chordata","Mammalia",NA,NA,NA,NA
"row_3894","Eukaryota","Chordata","Actinopteri","Scombriformes","Scombridae","Scomber","Scomber japonicus"
"row_3895","Eukaryota","Chordata","Actinopteri","Perciformes","Sebastidae","Sebastes",NA
"row_3896","Eukaryota","Chordata","Actinopteri","Perciformes","Sebastidae","Sebastes","Sebastes pinniger"
"row_3897","Eukaryota","Chordata","Actinopteri","Stomiiformes","Stomiidae","Stomias","Stomias atriventer"
"row_3898","Eukaryota","Chordata","Actinopteri","Stomiiformes","Stomiidae",NA,NA
"row_3899","Eukaryota","Chordata","Actinopteri","Myctophiformes","Myctophidae","Symbolophorus","Symbolophorus californiensis"
"row_3900","Eukaryota","Chordata","Actinopteri","Syngnathiformes","Syngnathidae","Syngnathus",NA
"row_3901","Eukaryota","Chordata","Actinopteri","Scombriformes","Tetragonuridae","Tetragonurus","Tetragonurus cuvieri"
"row_3902","Eukaryota","Chordata","Actinopteri","Carangiformes","Carangidae","Trachurus","Trachurus symmetricus"
"row_3903","Eukaryota","Chordata","Actinopteri","Myctophiformes","Myctophidae","Triphoturus","Triphoturus mexicanus"
"row_3904",NA,NA,NA,NA,NA,NA,NA
"row_3905","Eukaryota",NA,NA,NA,NA,NA,NA
"row_3906","Eukaryota","Chordata","Actinopteri","Myctophiformes","Myctophidae","Ceratoscopelus",NA
"row_3907","Eukaryota","Chordata","Mammalia","Artiodactyla","Delphinidae",NA,NA
"row_3908","Eukaryota","Chordata","Mammalia","Artiodactyla","Delphinidae","Delphinus",NA
"row_3909","Eukaryota","Chordata","Actinopteri","Clupeiformes","Engraulidae","Engraulis","Engraulis mordax"
"row_3910","Eukaryota","Chordata","Mammalia",NA,NA,NA,NA
"row_3911","Eukaryota","Chordata","Actinopteri","Scombriformes","Scombridae","Scomber","Scomber japonicus"
"row_3912","Eukaryota","Chordata","Actinopteri","Perciformes","Sebastidae","Sebastes",NA
"row_3913","Eukaryota","Chordata","Actinopteri","Myctophiformes","Myctophidae","Symbolophorus","Symbolophorus californiensis"
"row_3914","Eukaryota","Chordata","Actinopteri","Carangiformes","Carangidae","Trachurus","Trachurus symmetricus"
"row_3915",NA,NA,NA,NA,NA,NA,NA
"row_3916","Eukaryota",NA,NA,NA,NA,NA,NA
"row_3917","Eukaryota","Chordata","Actinopteri","Argentiniformes","Bathylagidae","Bathylagoides","Bathylagoides wesethi"
"row_3918","Eukaryota","Chordata","Actinopteri","Myctophiformes","Myctophidae","Ceratoscopelus",NA
"row_3919","Eukaryota","Chordata","Actinopteri","Scombriformes","Chiasmodontidae",NA,NA
"row_3920","Eukaryota","Chordata","Actinopteri","Pleuronectiformes","Cyclopsettidae","Citharichthys","Citharichthys sordidus"
"row_3921","Eukaryota","Chordata","Actinopteri","Stomiiformes","Gonostomatidae","Cyclothone","Cyclothone signata"
"row_3922","Eukaryota","Chordata","Mammalia","Artiodactyla","Delphinidae",NA,NA
"row_3923","Eukaryota","Chordata","Mammalia","Artiodactyla","Delphinidae","Delphinus",NA
"row_3924","Eukaryota","Chordata","Actinopteri","Clupeiformes","Engraulidae","Engraulis","Engraulis mordax"
"row_3925","Eukaryota","Chordata","Mammalia",NA,NA,NA,NA
"row_3926","Eukaryota","Chordata","Actinopteri","Blenniiformes","Blenniidae","Hypsoblennius","Hypsoblennius jenkinsi"
"row_3927","Eukaryota","Chordata","Actinopteri","Scombriformes","Centrolophidae","Icichthys","Icichthys lockingtoni"
"row_3928","Eukaryota","Chordata","Actinopteri","Acanthuriformes","Luvaridae","Luvarus","Luvarus imperialis"
"row_3929","Eukaryota","Chordata","Actinopteri","Lophiiformes","Oneirodidae","Oneirodes",NA
"row_3930","Eukaryota","Chordata","Actinopteri","Stomiiformes","Phosichthyidae",NA,NA
"row_3931","Eukaryota","Chordata","Chondrichthyes","Carcharhiniformes","Carcharhinidae","Prionace","Prionace glauca"
"row_3932","Eukaryota","Chordata","Actinopteri","Perciformes","Sebastidae","Sebastes",NA
"row_3933","Eukaryota","Chordata","Actinopteri","Myctophiformes","Myctophidae","Stenobrachius","Stenobrachius leucopsarus"
"row_3934","Eukaryota","Chordata","Actinopteri","Stomiiformes","Stomiidae",NA,NA
"row_3935","Eukaryota","Chordata","Actinopteri","Myctophiformes","Myctophidae","Symbolophorus","Symbolophorus californiensis"
"row_3936","Eukaryota","Chordata","Actinopteri","Syngnathiformes","Syngnathidae","Syngnathus",NA
"row_3937","Eukaryota","Chordata","Actinopteri","Scombriformes","Tetragonuridae","Tetragonurus","Tetragonurus cuvieri"
"row_3938","Eukaryota","Chordata","Actinopteri","Carangiformes","Carangidae","Trachurus","Trachurus symmetricus"
"row_3939","Eukaryota","Chordata","Mammalia",NA,NA,NA,NA
"row_3940",NA,NA,NA,NA,NA,NA,NA
"row_3941","Eukaryota","Chordata","Actinopteri","Myctophiformes","Myctophidae","Ceratoscopelus",NA
"row_3942","Eukaryota",NA,NA,NA,NA,NA,NA
"row_3943","Eukaryota","Chordata","Actinopteri","Clupeiformes","Engraulidae","Engraulis","Engraulis mordax"
"row_3944","Eukaryota","Chordata","Mammalia",NA,NA,NA,NA
"row_3945","Eukaryota","Chordata","Actinopteri","Perciformes","Sebastidae","Sebastes",NA
"row_3946","Eukaryota","Chordata","Actinopteri","Myctophiformes","Myctophidae","Symbolophorus","Symbolophorus californiensis"
"row_3947","Eukaryota","Chordata","Actinopteri","Carangiformes","Carangidae","Trachurus","Trachurus symmetricus"
"row_3948",NA,NA,NA,NA,NA,NA,NA
