"","Domain","Kingdom","Phylum or Division","Class","Order","Suborder","Superfamily","Family","Subfamily","Tribe or Section","Genus","Species","Infraspecific Epithet","Author","Origin","Suborigin","IUCN Status","Taxon Status","Darwin","Española","Fernandina","Floreana","Genovesa","Isabela","Marchena","Pinta","Pinzón","San Cristóbal","Santa Cruz","Santa Fé","Santiago","Unknown Island","Wolf","Elizabeth Bay/Bahía Elizabeth","Far-northern/Lejano Norte","Northern/Norte","South-eastern/Centro Sur","Unknown Bioregion","Western/Oeste","TaxonID","English Common Name","Spanish Common Name","Local Name","Taxonomic Comments","Distribution Comments","Spanish Distribution Comments","English Comments","Spanish Comments","English Description","Spanish Description"
"1","Eukaryota","Animalia","Chordata","Actinopterygii","Albuliformes","",NA,"Albulidae","Albulinae",NA,"Albula","esuncula","","(Garman, 1899)","Na","Id","NE",1,"","","","",NA,"",NA,NA,NA,"","True","","","",NA,"","",NA,"True","","",12970,"","","","","Eastern Pacific","","Tropical:Reef-associated; brackish; marine .","","",""
"2","Eukaryota","Animalia","Chordata","Actinopterygii","Anguilliformes","",NA,"Anguillidae","",NA,"Anguilla","marmorata","","Quoy & Gaimard, 1824","Na","Va","NE",1,"","","","",NA,"",NA,NA,NA,"","True","","","",NA,"","",NA,"True","","",12972,"Giant mottled eel","anguilla moteada gigante","anguilla moteada gigante","Syn.: Anguilla hildebrandti Peters, 1881, Anguilla johannae Günther, 1867, Anguilla marmolata Quoy & Gaimard, 1824 (misspelling), Anguilla mauritiana Bennett, 1831, Muraena manillensis Bleeker, 1864, fide Appeltans et al. (2010)","Indo-West Pacific from East Africa tp the Society Islands, up north to southern Japan, Galapagos","","Tropical;catadromous (Ref. 51243); freshwater; brackish; marine; depth range 1 - 400 m (Ref. 6898),Demersal","","Distinguished from all other species by the mottled color and the long dorsal fin, which begins closer to the gill opening than to the anus (Ref. 9828).Adults have a brownish to black marbling on their back on a greyish yellow background. This coloration can fade away. White belly. Younger specimens are greyish to orange and the marbling is less visible (Ref. 48622). Body color brown speckles scattered on back, sides and fins; yellow between speckles and edge of pectoral fin; belly white or pale blue (Ref. 45563). Head rounded; snout depressed; lower jaw protruded; gill openings small; scales matted-like under skin; pectoral fin rounded; pelvic fin absent (Ref. 45563).",""
"3","Eukaryota","Animalia","Chordata","Actinopterygii","Anguilliformes","",NA,"Chlopsidae","",NA,"Chlopsis","bicollaris","","(Myers & Wade, 1941)","Na","En","NE",1,"","","","",NA,"",NA,NA,NA,"","True","","","",NA,"","",NA,"True","","",12973,"Bicolor false moray","morena falso de dos colores","","","Galapagos Islands.Southeast Pacific.","","Tropical;Demersal; marine.","","","size> Largest  known  individual measures 19.5 cm."
"4","Eukaryota","Animalia","Chordata","Actinopterygii","Anguilliformes","",NA,"Congridae","",NA,"Paraconger","californiensis","","Kanazawa, 1961","Na","Id","",1,"","","","",NA,"",NA,NA,NA,"","True","","","",NA,"","",NA,"True","","",13015,"Blackfin conger","","","","Eastern Pacific, Gulf of California to Peru, Cocos, Galapagos","","Habitat: Shallow water between","","Length about 40 cm",""
"5","Eukaryota","Animalia","Chordata","Actinopterygii","Anguilliformes","",NA,"Muraenidae","",NA,"Anarchias","galapagensis","","(Seale, 1940)","Na","Id","",1,"","","","",NA,"",NA,NA,NA,"","True","","","",NA,"","",NA,"True","","",11737,"Minute moray","morena menuda","morena","Syn.: Uropterygius galapagensis Seale, 1940, fide Appeltans et al. (2010)","Eastern Pacific, Central Gulf of California, Panama, Galapagos","","","","Length of 12.5 cm",""
"6","Eukaryota","Animalia","Chordata","Actinopterygii","Anguilliformes","",NA,"Muraenidae","",NA,"Enchelycore","lichenosa","","(Jordan & Snyder, 1901)","Na","Va","NE",1,"","","","",NA,"",NA,NA,NA,"","True","","","",NA,"","",NA,"True","","",7634,"Reticulate hookjaw moray, mosaic moray","morena boca de gancho, morena mosaico","morena mosaico","Syn.: Aemasia lichenosa Jordan & Snyder, 1901, fide Appeltans et al. (2010)","Indo-Pacific, Japan and Ecuador,Galápagos Islands only.","","Habitat: Rocky coasts","","Background color brown to dark brown and black. Lengths of 90 TL",""
"7","Eukaryota","Animalia","Chordata","Actinopterygii","Anguilliformes","",NA,"Muraenidae","",NA,"Enchelycore","octaviana","","(Myers & Wade, 1941)","Na","Id","NE",1,"","","","",NA,"",NA,NA,NA,"","True","","","",NA,"","",NA,"True","","",7635,"Slenderjaw moray","morena quijada delgada, morena kuijada esbelto","morena kuijada esbelta","Syn.: Enchelycore octavianus (Myers & Wade, 1941), Gymnothorax octavianus Myers & Wade, 1941, fide Appeltans et al. (2010)","Eastern Pacific; from the Gulf of California to Colombia, and Isla de Cano, Revillagigedos and Ecuador, Galapagos, and Central Mexico to Peru, and Cocos Islands","","Habitat: Rocky, boulder strewn areas and walls; nocturnal.","","Shades of brown. Numerous exposed fang-like teeth. Slender body. Lengths of 93 cm.",""
"8","Eukaryota","Animalia","Chordata","Actinopterygii","Anguilliformes","",NA,"Muraenidae","",NA,"Gymnomuraena","zebra","","(Shaw, 1797)","Na","Id","NE",1,"","","","",NA,"",NA,NA,NA,"","True","","","",NA,"","",NA,"True","","",7636,"Zebra moray","morena cebra","morena cebra","Syn.: Echidna zebra (Shaw, 1797), Gymnomuraena fasciata Kaup, 1856, 1797, Muraena molendinaris Bennett, 1833, Muraena zebra (Shaw, 1797), Poecilophis zebra (Shaw, 1797), fide Appeltans et al. (2010)","Indo- West Pacific, Gulf of California to Panama, Southwest Gulf of California to Ecuador, in Galpagos and all the oceanic islands of the Eastern Pacific.","","Habitat: Around reef crevices","","Black to dark brown and purplish brown. Blunt head; pair of tubular nostrils above mouth. Lengths of at least 88.5 cm",""
"9","Eukaryota","Animalia","Chordata","Actinopterygii","Anguilliformes","",NA,"Muraenidae","",NA,"Gymnothorax","buroensis","","(Bleeker, 1857)","Na","Id","",1,"","","","",NA,"",NA,NA,NA,"","True","","","",NA,"","",NA,"True","","",12979,"Vagrant moray","morena errante","morena enrejado","Syn.: Lycodontis buroensis (Bleeker, 1857), Muraena buroensis Bleeker, 1857, fide Appeltans et al. (2010)","Indo-West Pacific (vagrant?), Hawaii, Clipperton, Panama, Coco and Galapagos","","","","Length ten to 46 cm",""
"10","Eukaryota","Animalia","Chordata","Actinopterygii","Anguilliformes","",NA,"Muraenidae","",NA,"Gymnothorax","dovii","","(Günther, 1870)","Na","Id","NE",1,"","","","True",NA,"",NA,NA,NA,"","True","","","",NA,"","",NA,"True","","",7638,"Speckled moray, fine spotted moray","morena pintita, morena punto fino","morena punto fino","Syn.: Muraena dovii Günther, 1870, fide Appeltans et al. (2010)","Eastern Pacific from the Gulf of California to Ecuador including Galapagos, also Clipperton and Cocos. Revillegigedos, Malpelo","","Habitat: Rocky, boulder strewn areas and walls. Lurk in holes, crevices and dark recesses.","Hábitat: roca, zonas de roca esparcidas y las paredes. Se esconden en agujeros, grietas y huecos oscuros.","Occasionally have fine white to yellow spots or flecks on rear body and dorsal fin. Up to 1.1 m.","Tamaño: de 1.1 m."
"11","Eukaryota","Animalia","Chordata","Actinopterygii","Anguilliformes","",NA,"Muraenidae","",NA,"Gymnothorax","flavimarginatus","","(Rüppell, 1830)","Na","Id","NE",1,"","","","",NA,"",NA,NA,NA,"","True","","","",NA,"","",NA,"True","","",7639,"Yellowedge moray","morena de borde amarillo","morena de borde amarillo","Syn.: Gymnothorax mauritianus (Kaup, 1856), Gymnothorax viridipinnnis Bliss, 1883, Lycodontis flavimarginatus (Rüppell, 1830), Lycodontis lemayi Smith, 1949, Muraena flavimarginata Rüppell, 1830, Muraena mauritiana Kaup, 1856, Muraena viridipinnna Seale, 1917, fide Appeltans et al. (2010)","Indo-West Pacific and Hawaii (vagrant?), in the eastern Pacific only known from Isla del Cano (off southern Costa Rica) and the Gulf of Chiriqui, Panama, and Clipperton, Cocos and Ecuador in Galapagos, Indo-Pacifico from East Africa to the Americas","","Habitat: Rocky substrate, corals and reef flats to depths of 150m","","Dorsal and anal fins covered with skin, but clearly evident; dorsal fin origin above level of gill opening; color yellowish, densely mottled with darck brown; aprominent black blotch covering gill opening. Lengths of 120 cm",""
"12","Eukaryota","Animalia","Chordata","Actinopterygii","Anguilliformes","",NA,"Muraenidae","",NA,"Gymnothorax","meleagris","","(Shaw, 1795)","Na","Va","NE",1,"","","","True",NA,"",NA,NA,NA,"","True","","","",NA,"","",NA,"True","","",7640,"White mouth Moray","morena boca blanca","morena boca blanca","Syn.: Gymnothorax chlorostigma (Kaup, 1856), Lycodontis meleagris (Shaw, 1795), Muraena chlorostigma (Kaup, 1856), Muraena meleagris Shaw, 1795, Thyrsoidea chlorostigma Kaup, 1856, fide Appeltans et al. (2010)","widespread in the Indo-West Pacific and Hawaii; in the eastern Pacific only know from Ecuador in Galapagos,  Vagrant in Ecuador,Galápagos and Cocos.","","Habitat: Rocky substrate.","Hábitat: sustrato de roca.","Shades of dark brown to reddish brown. Pair of nostrils above mouth and additional set between eyes. Lenghts of 100 cm.","Tamaño: Longitud de 100 cm."
"13","Eukaryota","Animalia","Chordata","Actinopterygii","Anguilliformes","",NA,"Muraenidae","",NA,"Muraena","argus","","(Steindachner, 1870)","Na","Id","NE",1,"","","","",NA,"",NA,NA,NA,"","True","","","",NA,"","",NA,"True","","",7641,"White spotted morray, starry morray","morena pecas blancas","morena pecas blancas","Syn.: Gymnothorax argus Steindachner, 1870, fide Appeltans et al. (2010)","Baja California to southern Mexico. Ecuador to northern Peru. Ecuador in the Galápagos Islands, Cocos and Malpelo Islands","","Habitat: Deep, rocky, boulder strewn areas and walls. Lurk in holes, crevices and dark recesses.","","Shades of brown; back darker with distintive light blotches. Eyes golden with black pupil.Pair of tubular nostrils above mouth and another set between eyes. Lenghts of at least 1 m",""
"14","Eukaryota","Animalia","Chordata","Actinopterygii","Anguilliformes","",NA,"Muraenidae","",NA,"Muraena","clepsydra","","Gilbert, 1898","Na","Id","NE",1,"","","","",NA,"",NA,NA,NA,"","True","","","",NA,"","",NA,"True","","",7642,"Hourglass moray","morena de piedra, morena clepsidra","morena clepsidra, morena de ocelo","","Eastern Pacific; ranging from Cabo San Lucas, Baja California to Peru, and Ecuador in the Galapagos Islands, Malpelo","","Habitat: Rocky, boulder strewn areas and walls. Lurk in holes, crevices and dark recesses","","Shades of gray to brown, somewhat mottled, and speckled with irregular light and dark spots on head, body and fins. Pair of tubular nostrils above mouth and another set between eyes. Total lengths of 97 cm",""
"15","Eukaryota","Animalia","Chordata","Actinopterygii","Anguilliformes","",NA,"Muraenidae","",NA,"Muraena","lentiginosa","","Jenyns, 1842","Na","Id","NE",1,"","","","True",NA,"",NA,NA,NA,"","True","","","",NA,"","",NA,"True","","",7643,"Lentil moray, jewel moray","morena lentejuela, morena pinta","morena pinta","","Eastern Pacific, from the central Gulf of California to Peru, and Malpelo, Revillagigedos and Ecuador in the Galapagos Islands, Cocos.","","Habitat: Reef areas and benthic regions where rocks and crevices predominate.","Hábitat: áreas de coral y las regiones bentónicas donde predominan las rocas y grietas.","Brown to light brown and yellowish tan; often with darkish markings and mottling. A pair of large tubular nostrils between eyes and set above mouth; dorsal fin starts immediately behind head.Total lenghts of about 60 cm.","Tamaño: Longitud total de 60 cm."
"16","Eukaryota","Animalia","Chordata","Actinopterygii","Anguilliformes","",NA,"Myrocongridae","",NA,"Myroconger","nigrodentatus","","Castle & Béarez, 1995","Na","Id","NE",1,"","","","",NA,"",NA,NA,NA,"","True","","","",NA,"","",NA,"True","","",12974,"","","","","Eastern Pacific","","Tropical,marine; depth range 50 - 250 m (Ref. 57763),Demersal.","","body rather robust, relatively short snout, teeth on intermaxillary, maxilla and dentary prominent and sharp, many with dark brown to black internal pigment; a single row of small teeth on vomer; a moderately large, almost horizontal slit-like branchial aperture; precaudal vertebrae 50.Dorsal soft rays (total): 298 - 298; Anal soft rays: 213; Vertebrae: 123.",""
"17","Eukaryota","Animalia","Chordata","Actinopterygii","Anguilliformes","",NA,"Nettastomatidae","",NA,"Facciolella","equatorialis","","(Gilbert, 1891)","Na","Id","",1,"","","","",NA,"",NA,NA,NA,"","True","","","",NA,"","",NA,"True","","",13019,"Dogface witch eel","anguila bruja, serpentina bruja","","","Eastern Pacific","","Size> Known  to reach total lengths of 90 cm, at which they weigh only a few grams.","","",""
"18","Eukaryota","Animalia","Chordata","Actinopterygii","Anguilliformes","",NA,"Ophichthidae","",NA,"Ophichtus","triserialis","","(Kaup, 1856)","Na","Id","",6,"","","","",NA,"",NA,NA,NA,"","","","","True",NA,"","",NA,"","True","",15517,"Pacific snake eel","tieso moteado","","J. McCosker: O. triserialis is the mainland species, O. rugifer is its Galapagos sister species; Syn.: Muraenopsis triserialis Kaup, 1856, Ophichthys grandimaculata Kner & Steindachner, 1867, Ophisurus californiensis Garrett, 1863, fide Appeltans et al. (2010)","Californis to Peru, Galapagos","","","","Length up to 1.1 meters",""
"19","Eukaryota","Animalia","Chordata","Actinopterygii","Anguilliformes","Anguilloidei",NA,"Congridae","",NA,"Ariosoma","gilberti","","(Ogilby, 1898)","Na","Id","NE",1,"","","","",NA,"",NA,NA,NA,"","True","","","",NA,"","",NA,"True","","",7630,"Snake conger, Panamic conger eel","congrio culebra, aguila congrio panamica","anguila congrio panámica","Syn.: Congrellus gilberti Ogilby, 1898, fide Appeltans et al. (2010)","Eastern Pacific only ; from Baja California to Peru and Southern Baja Ecuador in Galápagos Islands, and Cocos.","","Habitat: Sand flats, often in protected bays and coves. Often bury during day and forage in open during night.","","Dark to light to brown, may show some iridescence. Fins transparent to translucent. Size: 15-23 cm",""
"20","Eukaryota","Animalia","Chordata","Actinopterygii","Anguilliformes","Anguilloidei",NA,"Congridae","",NA,"Bathycongrus","sp.","","","Na","En","",3,"","","","",NA,"",NA,NA,NA,"","True","","","",NA,"","",NA,"True","","",13005,"","","","","","","","","",""
"21","Eukaryota","Animalia","Chordata","Actinopterygii","Anguilliformes","Anguilloidei",NA,"Congridae","",NA,"Gnathophis","cinctus","","(Garman, 1899)","Na","Id","",1,"","","","",NA,"",NA,NA,NA,"","True","","","",NA,"","",NA,"True","","",13010,"hardtail conger","congrio de cola tiesa","","","Eastern Pacific","","","","",""
"22","Eukaryota","Animalia","Chordata","Actinopterygii","Anguilliformes","Anguilloidei",NA,"Congridae","",NA,"Heteroconger","klausewitzi","","(Eibl-Eibesfeldt & Köster, 1983)","Na","Id","NE",1,"","True","","True",NA,"",NA,NA,NA,"","True","True","True","",NA,"","",NA,"True","","",7644,"Galápagos garden eel","anguila jardín de Galápagos","anguila jardín de Galápagos","Syn.: Taenioconger klausewitzi Eibl-Eibesfeldt & Köster, 1983, fide Appeltans et al. (2010)","Cocos and Ecuador in the Galapagos Islands","","Habitat: Inhabit permanent burrows in sand, broken shell, and volcanic gravel, where relatively strong currents flow. At night they remain deeps inside their burrows","","Body very elongate and cylindrical; snout very short; eye large; longer than snout; pectoral fins very tiny, much smaller than pupil of eyes; dorsal and anal fins low, confluente around tip of tail; light to darck brown; several white blotches on head and on body below lateral line; anterior pores of lateral line surround by white-pores of lateral line sorrunded by withe pigmented areas. At least 44 cm",""
"23","Eukaryota","Animalia","Chordata","Actinopterygii","Anguilliformes","Anguilloidei",NA,"Congridae","",NA,"Paraconger","similis","","(Wade, 1946)","Na","Id","",1,"","","","",NA,"",NA,NA,NA,"","True","","","",NA,"","",NA,"True","","",13016,"Shorttail conger","congrio colicorta, congrio de coda corta, congrio de cola corta","","","Eastern Pacific","","","","",""
"24","Eukaryota","Animalia","Chordata","Actinopterygii","Anguilliformes","Anguilloidei",NA,"Congridae","Bathymyrinae",NA,"Chiloconger","dentatus","","(Garman, 1899)","Na","Id","",1,"","","","",NA,"",NA,NA,NA,"","True","","","",NA,"","",NA,"True","","",13008,"Shortsnout conger","congrio de corta nareza, congrio de labio grueso, congrio labioso","","","Eastern Pacific","","","","",""
"25","Eukaryota","Animalia","Chordata","Actinopterygii","Anguilliformes","Anguilloidei",NA,"Congridae","Bathymyrinae",NA,"Ophisoma","sp.","","","NoData","NoData","",3,"","","","",NA,"",NA,NA,NA,"","True","","","",NA,"","",NA,"True","","",13014,"","","","","","","","","",""
"26","Eukaryota","Animalia","Chordata","Actinopterygii","Anguilliformes","Anguilloidei",NA,"Congridae","Congrinae",NA,"Xenomystax","atrarius","","Gilbert, 1891","Na","Id","",1,"","","","",NA,"",NA,NA,NA,"","True","","","",NA,"","",NA,"True","","",13018,"","","","","Eastern Pacific","","","","",""
"27","Eukaryota","Animalia","Chordata","Actinopterygii","Anguilliformes","Congroidei",NA,"Ophichthidae","",NA,"Apterichtus","equatorialis","","(Myers & Wade, 1941)","Na","Id","",1,"","","","",NA,"",NA,NA,NA,"","True","","","",NA,"","",NA,"True","","",12988,"Finless eel","Tieso ecuatorial, Tieso sin aletas","","","Eastern Pacific","","","","",""
"28","Eukaryota","Animalia","Chordata","Actinopterygii","Anguilliformes","Congroidei",NA,"Ophichthidae","",NA,"Callechelys","galapagensis","","McCosker & Rosenblatt, 1972","Na","En","",1,"","","","",NA,"",NA,NA,NA,"","True","","","",NA,"","",NA,"True","","",11756,"Galapagos snake eel","anguila de Galapagos","","","","","Endemic  to the Galapagos.","","",""
"29","Eukaryota","Animalia","Chordata","Actinopterygii","Anguilliformes","Congroidei",NA,"Ophichthidae","",NA,"Herpetoichthys","fossatus","","(Myers & Wade, 1941)","Na","Id","",1,"","","","",NA,"",NA,NA,NA,"","True","","","",NA,"","",NA,"True","","",12991,"Mustachioed snake-eel","tieso bigotón, tieso de Afuera","","","","","","","",""
"30","Eukaryota","Animalia","Chordata","Actinopterygii","Anguilliformes","Congroidei",NA,"Ophichthidae","",NA,"Ichthyapus","selachops","","(Jordan & Gilbert, 1882)","Na","Id","",1,"","","","",NA,"",NA,NA,NA,"","True","","","",NA,"","",NA,"True","","",12992,"Smiling snake eel","tieso sonriente","","","Eastern Pacific","","","","",""
"31","Eukaryota","Animalia","Chordata","Actinopterygii","Anguilliformes","Congroidei",NA,"Ophichthidae","",NA,"Myrichthys","maculosus","","(Cuvier, 1816)","NoData","NoData","NE",6,"","","","",NA,"",NA,NA,NA,"","True","","","",NA,"","",NA,"True","","",7633,"Tiger snake eel, spotted snake eel","","","J. McCosker: This is an Indo-Pacific species; erroneously reported from Galapagos.","","","","","",""
"32","Eukaryota","Animalia","Chordata","Actinopterygii","Anguilliformes","Congroidei",NA,"Ophichthidae","",NA,"Myrichthys","tigrinus","","Girard, 1859","Na","Id","NE",8,"","","","",NA,"",NA,NA,NA,"","True","","","",NA,"","",NA,"True","","",7631,"Tiger snake eel","safio tigre, anquila tigre","anguila tigre","J. McCosker: This name is problematic and M. xysturus has used instead to refer to this taxon.","Trans-Pacific, known from numerous oceanic islands including Hawaii, Guam, New Guinea; in the eastern Pacific from the Gulf of California to Panama, and at Clipperton, Cocos, Revillagigedos and Ecuador (Galapagos). Maybe in Malpelo.","","Habitat: Nocturnal; inhabit sand flats and rocky areaswith boulders and gravel rubble","","Tan, often with whitish, reddish or grayish tinting; border of dorsal fin dusky. Golden iris surrounds dark pupil. Tubular nostrils and small pectoral fins. Size: 20-37 cm",""
"33","Eukaryota","Animalia","Chordata","Actinopterygii","Anguilliformes","Congroidei",NA,"Ophichthidae","",NA,"Myrichthys","xysturus","","(Jordan & Gilbert, 1882)","Na","Id","",1,"","","","",NA,"",NA,NA,NA,"","True","","","",NA,"","",NA,"True","","",12993,"","","","J. McCosker: also reported as Myrichthys tigrinus  Girard, 1859, a problematic taxon name.","Eastern Pacific","","","","",""
"34","Eukaryota","Animalia","Chordata","Actinopterygii","Anguilliformes","Congroidei",NA,"Ophichthidae","",NA,"Ophichthus","arneutes","","McCosker & Rosenblatt, 1998","Na","En","",1,"","","","",NA,"",NA,NA,NA,"","True","","","",NA,"","",NA,"True","","",12994,"","","","","","","","","",""
"35","Eukaryota","Animalia","Chordata","Actinopterygii","Anguilliformes","Congroidei",NA,"Ophichthidae","",NA,"Ophichthus","rugifer","","Jordan & Bollman, 1890","Na","Id","",1,"","","","",NA,"",NA,NA,NA,"","True","","","",NA,"","",NA,"True","","",12999,"","","","","Galapagos and Cocos Islands","","","","",""
"36","Eukaryota","Animalia","Chordata","Actinopterygii","Anguilliformes","Congroidei",NA,"Ophichthidae","",NA,"Phaenomonas","pinnata","","Myers & Wade, 1941","Na","Id","",1,"","","","",NA,"",NA,NA,NA,"","True","","","",NA,"","",NA,"True","","",13001,"","","","","Eastern Pacific","","","","",""
"37","Eukaryota","Animalia","Chordata","Actinopterygii","Anguilliformes","Congroidei",NA,"Ophichthidae","",NA,"Quassiremus","evionthas","","(Jordan & Bollman, 1890)","Na","Id","NE",1,"","","","",NA,"",NA,NA,NA,"","True","","","",NA,"","",NA,"True","","",7632,"Smallfin snake eel, Galápagos snake eel","anguila de aleta chica","Anguila de Galápagos","Syn.: Opichthus evionthas Jordan & Bollman, 1890, fide Appeltans et al. (2010); McCosker & Rosenblatt (2010) consider Leptocephalus alternatus Fowler 1938: 21 (from Tagus Cove, with 152 myomeres) to be a junior synonym of Quassiremus evionthas, which has 149-153 vertebrae.","Cocos and Galapagos Islands","","Habitat: Sand flats and rocky areas mixed with boulders, gravel rubble and sand.","","Size: 20-37 cm, White, occasionally with some grayish tinting. Golden eye with dark pupil. Tubular nostrils and small pectoral fins.",""
"38","Eukaryota","Animalia","Chordata","Actinopterygii","Anguilliformes","Congroidei",NA,"Ophichthidae","Ophichthinae",NA,"Paraletharchus","opercularis","","(Myers & Wade, 1941)","Na","Id","",1,"","","","",NA,"",NA,NA,NA,"","True","","","",NA,"","",NA,"True","","",12996,"Pouch snake eel","anguila bolsona","","","Galapagos, Cocos, and Revillagigedos Islands","","Size> To lengths of 47 cm.","","",""
"39","Eukaryota","Animalia","Chordata","Actinopterygii","Anguilliformes","Congroidei",NA,"Ophichthidae","Ophichthinae",NA,"Scytalichthys","miurus","","(Jordan & Gilbert, 1882)","Na","Id","",1,"","","","",NA,"",NA,NA,NA,"","True","","","",NA,"","",NA,"True","","",13003,"Short tailed viper eel","tieso vibora, tieso vípora","","","Eastern Pacific","","","","",""
"40","Eukaryota","Animalia","Chordata","Actinopterygii","Anguilliformes","Muraenoidei",NA,"Muraenidae","",NA,"Echidna","nebulosa","","(Ahl, 1789)","Na","Id","",1,"","","","",NA,"",NA,NA,NA,"","True","","","",NA,"","",NA,"True","","",12975,"Snowflake moray","morena estrellada, morena estriada, kal","","","","","","","",""
"41","Eukaryota","Animalia","Chordata","Actinopterygii","Anguilliformes","Muraenoidei",NA,"Muraenidae","",NA,"Echidna","nocturna","","(Cope, 1872)","Na","Id","NE",1,"","","","True",NA,"",NA,NA,NA,"","True","","","",NA,"","",NA,"True","","",11582,"Freckled moray, palenose moray","morena pecosa","morena pecosa","Syn.: Poecilophis nocturnus Cope, 1872, fide Appeltans et al. (2010)","Eastern Pacific; from central Gulf of California to Peru, and Cocos and Galapagos","","Habitat: Rocky areas, caves and coral reefs.","Hábitat: Areas rocosas, cuevas, y arrecifes de corales.","Size: At least 56.5 cm TL.","Tamaño: por lo menos de 56.5 cm TL."
"42","Eukaryota","Animalia","Chordata","Actinopterygii","Anguilliformes","Muraenoidei",NA,"Muraenidae","",NA,"Scuticaria","tigrina","","(Lesson, 1828)","Na","Id","",1,"","","","",NA,"",NA,NA,NA,"","True","","","",NA,"","",NA,"True","","",12983,"Tiger reef-eel","morena atigrada de arrecifes","","","Indo-Pacific","","","","",""
"43","Eukaryota","Animalia","Chordata","Actinopterygii","Anguilliformes","Muraenoidei",NA,"Muraenidae","",NA,"Uropterygius","macrocephalus","","(Bleeker, 1864)","Na","Id","NE",1,"","","","",NA,"",NA,NA,NA,"","True","","","",NA,"","",NA,"True","","",11586,"Longhead moray, largehead moray","morena cabeza grande","morena cabezona","Syn.: Anarchias knighti Jordan & Starck, 1906, Gymnomuraena macrocephalus Bleeker, 1864, Gymnomuraena nectura Jordan & Gilbert, 1882, Uropterygius knighti (Jordan & Starck, 1906), Uropterygius necturus (Jordan & Gilbert, 1882), Uropterygius reidi Schultz, 1943, fide Appeltans et al. (2010)","Widespread in the weastern and central Pacific, in the eastern Pacific from the Gulf of California to Panama, also Cocos, Isla del Cano, Revillagigedos, Tres Marias and Galapagos","","Habitat: Among rocks and crevices and in reefs habitats. Common in shallow waters, usually in depths less then 10 m.","","Size: Rarely exceeds lengths of 40 cm.",""
"44","Eukaryota","Animalia","Chordata","Actinopterygii","Anguilliformes","Muraenoidei",NA,"Muraenidae","",NA,"Uropterygius","polystictus","","Myers & Wade, 1941","Na","Id","",1,"","","","",NA,"",NA,NA,NA,"","True","","","",NA,"","",NA,"True","","",12985,"","","","","Eastern Pacific","","","","",""
"45","Eukaryota","Animalia","Chordata","Actinopterygii","Anguilliformes","Muraenoidei",NA,"Muraenidae","",NA,"Uropterygius","versutus","","Bussing, 1991","Na","Id","",1,"","","","",NA,"",NA,NA,NA,"","True","","","",NA,"","",NA,"True","","",12986,"","","","","Eastern Pacific","","","","",""
"46","Eukaryota","Animalia","Chordata","Actinopterygii","Anguilliformes","Muraenoidei",NA,"Muraenidae","Muraeninae",NA,"Gymnothorax","angusticeps","","(Hildebrand & Barton, 1949)","Na","Id","",1,"","","","",NA,"",NA,NA,NA,"","True","","","",NA,"","",NA,"True","","",12976,"Moray","morena","","","Eastern Pacific","","","","",""
"47","Eukaryota","Animalia","Chordata","Actinopterygii","Anguilliformes","Muraenoidei",NA,"Muraenidae","Muraeninae",NA,"Gymnothorax","castaneus","","(Jordan & Gilbert, 1883)","Na","Id","NE",1,"","","","",NA,"",NA,NA,NA,"","True","","","",NA,"","",NA,"True","","",7637,"Chestnut moray, Panamic green moray","morena verde panamica","Morena verde, Morena verde panamica","Syn.: Sidera castanea Jordan & Gilbert, 1883, fide Appeltans et al. (2010)","Eastern Pacific, from the central part of the Gulf of California to Panama, Cocos, Malpelo and Ecuador, Galapagos, Revillagigedos.","","Habitat: Typically, they lie quietly on the bottom among rocks both day and night, although some individuals can be observed moving about the reef areas or shallow rocky bottom at night. Solitary.","","Occasionally have fine white to yellow spots or flecks on rear body and dorsal fin. Length exceeding 1.2 m",""
"48","Eukaryota","Animalia","Chordata","Actinopterygii","Anguilliformes","Muraenoidei",NA,"Muraenidae","Muraeninae",NA,"Gymnothorax","javanicus","","(Bleeker, 1859)","Na","Va","",1,"","","","",NA,"",NA,NA,NA,"","True","","","",NA,"","",NA,"True","","",12977,"giant moray","","","","Eastern Pacific","","","","",""
"49","Eukaryota","Animalia","Chordata","Actinopterygii","Anguilliformes","Muraenoidei",NA,"Muraenidae","Muraeninae",NA,"Gymnothorax","panamensis","","(Steindachner, 1876)","Na","Id","NE",1,"","","","",NA,"",NA,NA,NA,"","True","","","",NA,"","",NA,"True","","",11579,"Masked moray","morena ojo negro","morena ojo negro","Syn.: Muraena panamensis Steindachner, 1876, fide Appeltans et al. (2010)","Eastern Pacific; from Gulf of California to Colombia, and Clipperton, Cocos, Galapagos, Guadalupe (off central Baja California), Revillagigedos and Tres Marias","","Habitat: Rocky, crevice-rich and reef habitats. Common in shallow waters, usually in depths less than 5 m.","","Size: To about 70 cm",""
"50","Eukaryota","Animalia","Chordata","Actinopterygii","Anguilliformes","Muraenoidei",NA,"Muraenidae","Muraeninae",NA,"Gymnothorax","pictus","","(Ahl, 1789)","Na","Id","",1,"","","","",NA,"",NA,NA,NA,"","True","","","",NA,"","",NA,"True","","",12981,"Peppered moray","morena pimienta","morena pecas pintura","","Indo-Pacific (vagrant?)","","","","",""
"51","Eukaryota","Animalia","Chordata","Actinopterygii","Ateleopodiformes","",NA,"Ateleopodidae","",NA,"Guentherus","altivela","","Osório, 1917","Na","Id","",1,"","","","",NA,"",NA,NA,NA,"","True","","","",NA,"","",NA,"True","","",13044,"","","","","Eastern Pacific and Atlantic","","","","",""
"52","Eukaryota","Animalia","Chordata","Actinopterygii","Atheriniformes","",NA,"Atherinopsidae","Menidiinae",NA,"Atherinella","nesiotes","","(Myers & Wade, 1942)","Na","Id","",1,"","","","",NA,"",NA,NA,NA,"","True","","","",NA,"","",NA,"True","","",13158,"Broadstripe silverside","plateado rayado","","","Eastern Pacific from Mazatlan, Mexico and  Galapagos.","","A schooling fish that lives in coastal waters and  feeds on plankton  and small neckton.","","Size> To about  10 cm.",""
"53","Eukaryota","Animalia","Chordata","Actinopterygii","Atheriniformes","",NA,"Atherinopsidae","Menidiinae",NA,"Melanorhinus","cyanellus","","(Meek & Hildebrand, 1923)","Na","Id","",1,"","","","",NA,"",NA,NA,NA,"","True","","","",NA,"","",NA,"True","","",13159,"Blackback silverside","pejerrey azulado","","","Eastern Pacific","","","","",""
"54","Eukaryota","Animalia","Chordata","Actinopterygii","Aulopiformes","",NA,"Alepisauridae","",NA,"Alepisaurus","cf. ferox","","Lowe, 1833","Na","Id","",4,"","","True","",NA,"True",NA,NA,NA,"","","","","",NA,"","",NA,"","","True",17487,"Longnose lancetfish, lancetfish","conejo, conejo de lo alto, lanzón, lanzón nariz larga, lanzón picudo","","R. Calderón: Identification of this taxon remains doubtful because only two specimens of these species have been deposited in MCCDRS, both specimens found by local fishermen and the identification of these specimens has not ye been revised by a specialist.","Greenland southward to the Caribbean Sea and Gulf of Mexico; Georges and LaHave Banks, need to be confirmed de records in Galapagos.","","","","Habitat to epi-and mesopelagic, from near the surface to below 1000m, known from seamounts and knolls, sometimes approaching inshore waters. External fertilization, oviparous, planktonic larvae. Size: 215 cm TL, common 150cm TL, Weight 9,000g.",""
"55","Eukaryota","Animalia","Chordata","Actinopterygii","Aulopiformes","",NA,"Aulopidae","",NA,"Aulopus","bajacali","","Parin & Kotlyar, 1984","NG","NG","",6,"","","","",NA,"",NA,NA,NA,"","True","","","",NA,"","",NA,"True","","",14709,"","","","According to McCosker & Rosenblatt (2010) Thompson (1998) initially recognized Galapagos and Cocos specimens as this taxon, but subsequently determined that they were a distinct species. In 1999 he designated CAS Galapagos specimens as the holotype and paratypes but his description was never published.","","","","","",""
"56","Eukaryota","Animalia","Chordata","Actinopterygii","Aulopiformes","",NA,"Aulopidae","",NA,"Aulopus","sp.","","","Na","Id","",3,"","","","",NA,"",NA,NA,NA,"","True","","","",NA,"","",NA,"True","","",13048,"","","","","Galápagos and Cocos Islands","","","","",""
"57","Eukaryota","Animalia","Chordata","Actinopterygii","Aulopiformes","",NA,"Chlorophthalmidae","",NA,"Chlorophthalmus","mento","","Garman, 1899","Na","Id","",1,"","","","",NA,"",NA,NA,NA,"","True","","","",NA,"","",NA,"True","","",13051,"","","","","Eastern Pacific","","","","",""
"58","Eukaryota","Animalia","Chordata","Actinopterygii","Aulopiformes","",NA,"Ipnopidae","",NA,"Bathypterois","atricolor","","Alcock, 1896","Na","Id","",1,"","","","",NA,"",NA,NA,NA,"","True","","","",NA,"","",NA,"True","","",13049,"Attenuated spider fish","","","","Eastern Pacific","","","","",""
"59","Eukaryota","Animalia","Chordata","Actinopterygii","Aulopiformes","",NA,"Ipnopidae","",NA,"Ipnops","agassizii","","Garman, 1899","Na","Id","",1,"","","","",NA,"",NA,NA,NA,"","True","","","",NA,"","",NA,"True","","",13046,"","","","","Indo-Pacific","","","","",""
"60","Eukaryota","Animalia","Chordata","Actinopterygii","Aulopiformes","",NA,"Synodontidae","",NA,"Synodus","lacertinus","","Gilbert, 1890","Na","Id","NE",1,"","","","",NA,"",NA,NA,NA,"","True","","","",NA,"","",NA,"True","","",7645,"Banded lizardfish, calico lizardfish","pez iguana marina","chile lagarto","","Eastern Pacific, from Mexico to Panama, and Cocos and Galapagos. Southern California to Chile. Galápagos, Cocos and Malpelo Islands.","","Habitat: Sandy habitats. Larvae and Juveniles are attracted to the surface by night lights.","","Size: to lengths of 15cm, Cylindrical, elongate body with pointed head.Color and patterns extremely variable, shades of red to brown overall, or white with five red to brown bars formed by diamond-shaped blotches. Can change color and patterns rapidly.",""
"61","Eukaryota","Animalia","Chordata","Actinopterygii","Aulopiformes","",NA,"Synodontidae","",NA,"Synodus","lucioceps","","Ayres, 1855","NoData","NoData","NE",6,"","","","",NA,"",NA,NA,NA,"","True","","","",NA,"","",NA,"True","","",7646,"California lizardfish","garrobo lucio","Garrobo lucio","J. McCosker: this is an Ecuadorian mainland Eastern Pacific species; erroneously reported from Galapagos.","","","","","Temperate Northeast Pacific. Gulf of California.",""
"62","Eukaryota","Animalia","Chordata","Actinopterygii","Aulopiformes","",NA,"Synodontidae","",NA,"Synodus","scituliceps","","Jordan & Gilbert, 1882","Na","Id","NE",1,"","","","",NA,"",NA,NA,NA,"","True","","","",NA,"","",NA,"True","","",7647,"Lance lizardfish","garrobo liguiso","garrobo liguiso","","Eastern Pacific Mexico to Peru, Colombia, Galapagos. Lower baja California to Peru. The Galápagos Islands.","","","","Length about 4.5 cm. Gray to brown-olive, white below; scales on back with pale specks or dash-like markings, a few rows of scales below lateral line with numerous black dost; pigment on hed variable, either plain or marbled; jaw without marki.",""
"63","Eukaryota","Animalia","Chordata","Actinopterygii","Batrachoidiformes","",NA,"Batrachoididae","",NA,"Porichthys","margaritatus","","(Richardson, 1844)","Na","Id","",1,"","","","",NA,"",NA,NA,NA,"","True","","","",NA,"","",NA,"True","","",13131,"Daisy midshipman, blotched  midshipman","bruja, pez fraile luminoso, sapo margarita, sapo luminoso","","","Restricted to the eastern Pacific, from Cabo San Lucas, Baja California (Gorda Bank), but usually from the Gulf of Tehuantepec to the Gulf  of Guayaquil, Peru, and Galapagos.","","","","Size> To a maximum length of 17 cm.",""
"64","Eukaryota","Animalia","Chordata","Actinopterygii","Beloniformes","",NA,"Belonidae","",NA,"Ablennes","hians","","(Valenciennes, 1846)","Na","Id","",1,"","","","",NA,"",NA,NA,NA,"","True","","","",NA,"","",NA,"True","","",13181,"Flat needlefish","aguja americana, aguja corbata, agujón sable","","","circumtropical","","These fishes are encountered in the open sea around the  islands. During the warm season, from January through  May, they are often seen on the  surface of bays and  coves in large numbers, Academy  Bay, Santa Cruz.","","Size> To about 1m.",""
"65","Eukaryota","Animalia","Chordata","Actinopterygii","Beloniformes","",NA,"Belonidae","",NA,"Platybelone","argalus","pterura","(Osburn & Nichols, 1916)","Na","Id","",1,"","","","",NA,"",NA,NA,NA,"","True","","","",NA,"","",NA,"True","","",13182,"","","","","Eastern Pacific","","","","",""
"66","Eukaryota","Animalia","Chordata","Actinopterygii","Beloniformes","",NA,"Belonidae","",NA,"Strongylura","exilis","","(Girard, 1854)","Na","Id","",1,"","","","",NA,"",NA,NA,NA,"","True","","","",NA,"","",NA,"True","","",13183,"Californian needlefish","aguja brava, lápiz aguja, agujón californiano, pez aguja","","Syn.: Belone exilis Girard, 1854, Belone stolzmanni Steindachner, 1878, Strongylura peruana Fowler, 1919, Strongylura stolzmanni (Steindachner, 1878), Strongylura tahitiensis Fowler & Bean, 1923, Tylosurus sierrita Jordan & Gilbert, 1882, fide Appeltans et al. (2010)","Eastern Pacific","","","","",""
"67","Eukaryota","Animalia","Chordata","Actinopterygii","Beloniformes","",NA,"Belonidae","",NA,"Tylosurus","crocodilus","","(Péron & Lesueur, 1821)","Na","Id","",1,"","","","",NA,"",NA,NA,NA,"","True","","","",NA,"","",NA,"True","","",13184,"hound needlefish","aguja, agujón crocodrilo, marao lisero","","","Eastern Pacific","","","","",""
"68","Eukaryota","Animalia","Chordata","Actinopterygii","Beloniformes","",NA,"Belonidae","",NA,"Tylosurus","pacificus","","(Steindachner, 1876)","Na","Id","",1,"","","","",NA,"",NA,NA,NA,"","True","","","",NA,"","",NA,"True","","",13185,"Pacific agujon needlefish","aguja, agujón del Pacífico, marao ojón","","","Eastern Pacific","","","","",""
"69","Eukaryota","Animalia","Chordata","Actinopterygii","Beloniformes","",NA,"Exocoetidae","",NA,"Cheilopogon","atrisignis","","(Jenkins, 1903)","Na","Id","NE",1,"","","","",NA,"",NA,NA,NA,"","True","","","",NA,"","",NA,"True","","",11759,"Glider flyingfish, Jenkin's flying fish, Greater spotted flyingfish","Pez volador, Volador planeador","","Syn.: Cypsilurus atrisignis galapagensis Fowler, 1944 , fide Appeltans et al. (2010)","Indo-Pacific","","","","",""
"70","Eukaryota","Animalia","Chordata","Actinopterygii","Beloniformes","",NA,"Exocoetidae","",NA,"Cheilopogon","dorsomacula","","(Fowler, 1944)","Na","Id","",1,"","","","",NA,"",NA,NA,NA,"","True","","","",NA,"","",NA,"True","","",13160,"Backspot flyingfish","volador dorso manchado, Volador lomo manchado","","Syn.: Cypsilurus furcatus dorsomacula Fowler, 1944, fide Appeltans et al. (2010)","Indo-West Pacific in Ecuador (Galapagos Islands)","","","","",""
"71","Eukaryota","Animalia","Chordata","Actinopterygii","Beloniformes","",NA,"Exocoetidae","",NA,"Cheilopogon","furcatus","","(Mitchill, 1815)","Na","Id","",1,"","","","",NA,"",NA,NA,NA,"","True","","","",NA,"","",NA,"True","","",13161,"Spotfin flyingfish","pez volador, volador ala manchada, volador de alas punteadas","","","circumtropical","","","","",""
"72","Eukaryota","Animalia","Chordata","Actinopterygii","Beloniformes","",NA,"Exocoetidae","",NA,"Cheilopogon","spilonotopterus","","(Bleeker, 1865)","Na","Id","",1,"","","","",NA,"",NA,NA,NA,"","True","","","",NA,"","",NA,"True","","",13162,"Stained flyingfish","pez volador, volador jaspeado","","","Indo-Pacific","","","","",""
"73","Eukaryota","Animalia","Chordata","Actinopterygii","Beloniformes","",NA,"Exocoetidae","",NA,"Cheilopogon","xenopterus","","(Gilbert, 1890)","Na","Id","",1,"","","","",NA,"",NA,NA,NA,"","True","","","",NA,"","",NA,"True","","",13163,"Whitetip flyingfish","pez volador, volador de puntas blancas","","","Eastern Pacific","","","","",""
"74","Eukaryota","Animalia","Chordata","Actinopterygii","Beloniformes","",NA,"Exocoetidae","",NA,"Cypselurus","callopterus","","(Günther, 1866)","Na","Id","",1,"","","","",NA,"",NA,NA,NA,"","True","","","",NA,"","",NA,"True","","",13164,"Ornamented flyingfish","pez volador, volador alimanchado, volador bonito, volador pequeño","","","Eastern Pacific","","","","",""
"75","Eukaryota","Animalia","Chordata","Actinopterygii","Beloniformes","",NA,"Exocoetidae","",NA,"Exocoetus","monocirrhus","","Richardson, 1846","Na","Id","",1,"","","","",NA,"True",NA,NA,NA,"True","True","","","",NA,"","",NA,"True","","",13165,"Barbel flyingfish","pez volador, volador barbón, volador barbudo","","Syn.: Exocaetus monocirrhus Richardson, 1846, Exocoetus georgianus Valenciennes, 1847, Exocoetus melanopus Günther, 1868, Exocoetus monocirrous Richardson, 1846 (misspelling), Halacypselurus borodini Nichols & Breder, 1932 (misspelling), Halocypselus borodini Nichols & Breder, 1932, Halocypselus borodoni Nichols & Breder, 1932 (misspelling), fide Appeltans et al. (2010)","Indo-West Pacific in Ecuador (Galapagos Islands)","","","","",""
"76","Eukaryota","Animalia","Chordata","Actinopterygii","Beloniformes","",NA,"Exocoetidae","",NA,"Exocoetus","volitans","","Linnaeus, 1758","Na","Id","",1,"","","","",NA,"",NA,NA,NA,"","True","","","",NA,"","",NA,"True","","",13167,"Tropical two-wing flyingfish","pez volador, lisa voladora, volador","","","Widespread in tropical and subtropical waters, in the Pacific found throughout the Indo-Pacific region, Japan, Australia, and Hawaii, and Galapagos.","","Habitat in Galapagos: Surface waters surrounding the Archipelago; most collections made  at night with dip nets under bright lights.","","Size> To about 18 cm.",""
"77","Eukaryota","Animalia","Chordata","Actinopterygii","Beloniformes","",NA,"Exocoetidae","",NA,"Hirundichthys","marginatus","","(Nichols & Breder, 1928)","Na","Id","",1,"","","","",NA,"",NA,NA,NA,"","True","","","",NA,"","",NA,"True","","",13169,"Banded flyingfish","pez volador, volador de banda","","","Eastern Pacific","","","","",""
"78","Eukaryota","Animalia","Chordata","Actinopterygii","Beloniformes","",NA,"Exocoetidae","",NA,"Hirundichthys","rondeletii","","(Valenciennes, 1847)","Na","Id","",1,"","","","",NA,"",NA,NA,NA,"","True","","","",NA,"","",NA,"True","","",13170,"black wing flyingfish","pez volador, volador aleta negra, golondrina del mar","","","circumtropical","","","","",""
"79","Eukaryota","Animalia","Chordata","Actinopterygii","Beloniformes","",NA,"Exocoetidae","",NA,"Hirundichthys","speculiger","","(Valenciennes, 1847)","Na","Id","",1,"","","","",NA,"",NA,NA,NA,"","True","","","",NA,"","",NA,"True","","",13171,"mirrorwing flyingfish","pez volador, volador espejo","","","circumtropical","","","","",""
"80","Eukaryota","Animalia","Chordata","Actinopterygii","Beloniformes","",NA,"Exocoetidae","",NA,"Oxyporhamphus","micropterus","micropterus","(Valenciennes, 1847)","Na","Id","",1,"","","","",NA,"",NA,NA,NA,"","True","","","",NA,"","",NA,"True","","",13179,"Bigwing halfbeak","agujeta de aleta larga, pajarito de aleta larga, volador alita","","","circumtropical","","","","",""
"81","Eukaryota","Animalia","Chordata","Actinopterygii","Beloniformes","",NA,"Exocoetidae","",NA,"Prognichthys","sealei","","Abe, 1955","Na","Id","",1,"","","","",NA,"",NA,NA,NA,"","True","","","",NA,"","",NA,"True","","",13173,"Flyingfish","Pez volador","","","Indo-West Pacific in Ecuador (Galapagos Islands)","","","","",""
"82","Eukaryota","Animalia","Chordata","Actinopterygii","Beloniformes","",NA,"Exocoetidae","",NA,"Prognichthys","tringa","","Breder, 1928","Na","Id","",1,"","","","",NA,"True",NA,NA,NA,"True","True","","","",NA,"","",NA,"True","","",13175,"","","","","Indo-Pacific","","","","",""
"83","Eukaryota","Animalia","Chordata","Actinopterygii","Beloniformes","",NA,"Hemiramphidae","",NA,"Euleptorhamphus","viridis","","(van Hasselt, 1823)","Na","Id","",1,"","","","",NA,"",NA,NA,NA,"","True","","","",NA,"","",NA,"True","","",13176,"Ribbon halfbeak","silio, pajarito, aujeta alargada, agujeta alargada","","","Indo-Pacific","","","","",""
"84","Eukaryota","Animalia","Chordata","Actinopterygii","Beloniformes","",NA,"Hemiramphidae","",NA,"Hemiramphus","saltator","","Gilbert & Starks, 1904","Na","Id","NE",1,"","","","",NA,"True",NA,NA,NA,"True","True","","","",NA,"","",NA,"True","","",7808,"Longfin halfbeak","agujeta pajarito","pajarito saltador","Syn.: Hemirhamphus saltator Gilbert & Starks, 1904, fide Appeltans et al. (2010)","Eastern Pacific, from Mexico to Panama and Ecudor in the Galapagos Islands, Gulf of California to Peru","","Habitat: Schooling species","","Bright bluish silver, Body elongate (generally more slender than other species of halfbeaks) with deeply forked tail. Scales form ribbed pattern on body. Length to 44cm",""
"85","Eukaryota","Animalia","Chordata","Actinopterygii","Beloniformes","",NA,"Hemiramphidae","",NA,"Hyporhamphus","gilli","","Meek & Hildebrand, 1923","Na","Id","",1,"","","","",NA,"",NA,NA,NA,"","True","","","",NA,"","",NA,"True","","",13177,"","","","","Eastern Pacific","","","","",""
"86","Eukaryota","Animalia","Chordata","Actinopterygii","Beloniformes","",NA,"Hemiramphidae","",NA,"Hyporhamphus","naos","","Banford & Collette, 2001","Na","Id","NE",1,"","","","",NA,"",NA,NA,NA,"","True","","","",NA,"","",NA,"True","","",7649,"","","","","Eastern Pacific","","","","",""
"87","Eukaryota","Animalia","Chordata","Actinopterygii","Beloniformes","",NA,"Hemiramphidae","",NA,"Hyporhamphus","snyderi","","Meek & Hildebrand, 1923","Na","Id","",1,"","","","",NA,"",NA,NA,NA,"","True","","","",NA,"","",NA,"True","","",13178,"","","","","Eastern Pacific","","","","",""
"88","Eukaryota","Animalia","Chordata","Actinopterygii","Beloniformes","",NA,"Hemiramphidae","",NA,"Hyporhamphus","unifasciatus","","(Ranzni, 1842)","Na","Id","NE",1,"","","","",NA,"",NA,NA,NA,"","True","","","",NA,"","",NA,"True","","",7648,"Common Halfbeak","picuda, choquita, agujeta blanca","Picuda","Syn.: Hemiramphus richardi Valenciennes, 1847, Hemiramphus unifasciatus Ranzani, 1841, Hemirhamphus unifasciatus Ranzani, 1841 (misspelling), Hyporamphus unifasciatus (Ranzani, 1841) (misspelling), Hyporhamphus richardi (Valenciennes, 1847), Hyporhamphus tricuspidatus Gill, 1859, fide Appeltans et al. (2010)","Restricted  to the equatorial eastern  Pacific from the Gulf of California, Mazatlan, Guaymas, to northern Peru, and  Ecuador in the Galapagos Islands.","","An inhabitant of superficial coastal waters where  they are known  to aggregate and school in large numbers near the  surface. These are omnivorous fishes that feed on algae, plankton, and  small nekton.","","Dark translucent green to gray dorsally, three narrow dark streaks along middle of back, silver or pale ventrally; a well-defined silver stripe with black borders extends along sides, narrower than width of eye, about as b. Grows to at least 27 cm TL, specimens 20-cm TL are common.",""
"89","Eukaryota","Animalia","Chordata","Actinopterygii","Beryciformes","",NA,"Holocentridae","",NA,"Myripristis","berndti","","Jordan & Evermann, 1903","Na","Id","NE",1,"","","","",NA,"",NA,NA,NA,"","True","","","",NA,"","",NA,"True","","",7651,"Bigscale soldierfish","candil escama grande, soldado escama grande","soldado escama grande","","Indo-West Pacific; Tropical Indo-Pacific. Tip of Baja. Costa Rica to Ecuador and all the offshore islands of the eastern pacific.","","Habitat: In depths between 1 and 50 m","","Red; yellow to orange outer half of foredorsal fin; thin, white leading edges on rear dorsal, ventral, anal tail fins. Large obvious scales. Maximum length of 24 cm.",""
"90","Eukaryota","Animalia","Chordata","Actinopterygii","Beryciformes","",NA,"Holocentridae","",NA,"Myripristis","leiognathus","","Valenciennes, 1846","Na","Id","NE",1,"True","","","",NA,"",NA,NA,NA,"","True","","","",NA,"","True",NA,"True","","",7652,"Crimson soldierfish, Panamic soldierfish","candil púrpura, soldado panamico","soldado panamico","Syn.: Myripristis leiognathos Valenciennes, 1846 (misspelling), fide Appeltans et al. (2010)","Eastern Pacific, from Baja California to Ecuador including Galapagos; also Cocos, Malpelo and Revillagigedos","","Habitat: Retiring during daylight hours beneath rock ledges or in caves in shallow water (3-15 m), sometimes in sheltered crevices of coral reef areas. At night often in loose aggregations in open water near the bottom.","","Dark pupil surrounded by a bridht red iris. To lengths of 17.9 cm, probably never exceeds 20 cm.",""
"91","Eukaryota","Animalia","Chordata","Actinopterygii","Beryciformes","",NA,"Trachichthyidae","",NA,"Hoplostethus","pacificus","","Garman, 1899","Na","En","",1,"","","","",NA,"",NA,NA,NA,"","True","","","",NA,"","",NA,"True","","",13186,"","","","","","","","","",""
"92","Eukaryota","Animalia","Chordata","Actinopterygii","Beryciformes","Holocentroidei",NA,"Holocentridae","Holocentrinae",NA,"Sargocentron","suborbitalis","","(Gill, 1863)","Na","Id","NE",1,"","","","",NA,"",NA,NA,NA,"","True","","","",NA,"","",NA,"True","","",7650,"Sun squirrelfish, tinsel squirrelfish","candil sol","candil","Syn.: Holocentrum suborbitale Gill, 1863, fide Appeltans et al. (2010), Adioryx suborbitalis fide McCoscker (pers. com.).","Eastern Pacific, from the central Gulf of California to the Ecuador including Galapagos, also Clipperton, Cocos, Malpelo and Revillagigedos, Central Gulf of California to Ecuador. All offshore islands of the Eastern Pacific","","Habitat: Nocturnal predator that feed among rocks and corals.","","Size: To lengths of 24.5 cm, but probably not much larger. Prominent spines on gill plate and long second anal fin spine.",""
"93","Eukaryota","Animalia","Chordata","Actinopterygii","Clupeiformes","",NA,"Clupeidae","",NA,"Etrumeus","teres","","(DeKay, 1842)","Na","Id","",1,"","","","",NA,"",NA,NA,NA,"","True","","","",NA,"","",NA,"True","","",13024,"Red-eye round herring,  Round herring","sardina peruana o redonda, sardina redonda, sardineta canalera, Sardina canalera, Sardina japonesa","","","circumtropical","","","","","Size> To maximum lengths of 26 cm."
"94","Eukaryota","Animalia","Chordata","Actinopterygii","Clupeiformes","",NA,"Clupeidae","",NA,"Lile","stolifera","","(Jordan & Gilbert, 1882)","Na","Id","",1,"","","","",NA,"",NA,NA,NA,"","True","","","",NA,"","",NA,"True","","",13025,"Pacific piquitinga","pelada, sardina rayada, sardineta piquitinga pelada","","","Eastern Pacific","","","","","Size> To lengths of 13 cm."
"95","Eukaryota","Animalia","Chordata","Actinopterygii","Clupeiformes","",NA,"Clupeidae","",NA,"Opisthonema","berlangai","","Berry & Barrett, 1963","Na","En","",1,"","","","",NA,"True",NA,NA,NA,"True","True","","","",NA,"","",NA,"True","","",13026,"Galapagos thread herring","Machuelo hebra de Galapagos.","","","Ecuador in Galapagos Islands","","","","Length 16 cm",""
"96","Eukaryota","Animalia","Chordata","Actinopterygii","Clupeiformes","",NA,"Clupeidae","",NA,"Opisthonema","libertate","","Günther, 1867","Na","Id","NE",1,"","","","",NA,"",NA,NA,NA,"","True","","","",NA,"","",NA,"True","","",7654,"Pacific thread herring","sardina-gallera común","Sardina-gallera común","","Eastern Pacific, Gulf of California and Central Baja california to Peru. The Galápagos.","","","","Silver, darker dorsally and overlain with blue-green and golden iridescence dorsolaterally; clusters of black spots of varying sizes scattered across sides of body; in adults, the presence of these spots and the absence of.",""
"97","Eukaryota","Animalia","Chordata","Actinopterygii","Clupeiformes","",NA,"Clupeidae","",NA,"Sardinops","sagax","","(Jenyns, 1842)","Na","Id","",1,"","","","",NA,"",NA,NA,NA,"","True","","","",NA,"","",NA,"True","","",13213,"Peruvian pacific sardine","sardina peruana","","Syn.: Alausa californica Gill, 1862, Alosa musica Girard, 1855, Arengus sagax (Jenyns, 1842), Clupanodon caeruleus (Girard, 1854), Clupea advena Philippi, 1879, Clupea caerulea Mitchill, 1815, Clupea lata Richardson & Gray, 1843, Clupea melanosticta Temminck & Schlegel, 1846, Clupea neopilchardus Steindachner, 1879, Clupea ocellata Pappe, 1853, Clupea sagax Jenyns, 1842, Meletta caerulea Girard, 1854, Sardina caerulea (Mitchill, 1815), Sardina neopilchardus (Steindachner, 1879), Sardinops caerulea (Girard, 1854), Sardinops caeruleus (Girard, 1854), Sardinops melanosticta (Temminck & Schlegel, 1846) (misspelling), Sardinops melanostictus (Temminck & Schlegel, 1846). Sardinops neopilchardus (Steindachner, 1879), Sardinops ocellata (Pappe, 1853), Sardinops ocellatus (Pappe, 1853), Sardinops sagax caeruleus (Girard, 1854), Sardinops sagax melanosticta (Temminck & Schlegel, 1846), Sardinops sagax musica (Girard, 1855), Sardinops sagax neopilchardus (Steindachner, 1879), Sardinops sagax sagax (Jenyns, 1842), Sardinopus melanostictus (Temminck & Schlegel, 1846) (misspelling), fide Appeltans et al. (2010) <br>McCosker & Rosenblatt (2010) consider Sardinops sagax sagax a distinct taxon.","Colombia to Peru, Galapagos","","Habitat: Juveniles school around beach areas and adults in open waters","","",""
"98","Eukaryota","Animalia","Chordata","Actinopterygii","Clupeiformes","",NA,"Engraulidae","",NA,"Anchoa","ischana","","(Jordan & Gilbert, 1882)","Na","Id","",1,"","","","",NA,"",NA,NA,NA,"","True","","","",NA,"","",NA,"True","","",13020,"Slender anchovy","chicotera, chumumo, anchoa chicotera","","","Eastern Pacific","","Size> Largest known fish  is a female measuring  120 mm,which was taken off Guaymas, Mexico.","","",""
"99","Eukaryota","Animalia","Chordata","Actinopterygii","Clupeiformes","",NA,"Engraulidae","",NA,"Cetengraulis","mysticetus","","(Günther, 1867)","Na","Id","NE",1,"","","","",NA,"",NA,NA,NA,"","True","","","",NA,"","",NA,"True","","",13022,"Pacific anchoveta","anchoveta, carduma, chuchueco, chuhueco ojito, esmeraldas, ojito, sardina","","","Eastern Pacific","","","","",""
"100","Eukaryota","Animalia","Chordata","Actinopterygii","Clupeiformes","",NA,"Engraulidae","",NA,"Engraulis","ringens","","Jenyns, 1842","Na","Id","",1,"","","","",NA,"",NA,NA,NA,"","True","","","",NA,"","",NA,"True","","",13023,"Anchoveta","anchoveta, anchoa, anchoveta peruana, atunera, Chicora, Sardina bocona","","","Peru-Chilean faunistic element","","","","",""
"101","Eukaryota","Animalia","Chordata","Actinopterygii","Elopiformes","",NA,"Elopidae","",NA,"Elops","affinis","","Regan, 1909","Na","Id","DD",1,"","","","",NA,"",NA,NA,NA,"","True","","","",NA,"","",NA,"True","","",7655,"Pacific Machete, ladyfish","chiro, diabla","Chiro","","South California to Peru, Ecuador, Galapagos Eastern Pacific.","","Subtropical;Pelagic-neritic; oceanodromous (Ref. 51243); brackish; marine; depth range 0 - 8 m (Ref. 5227)","","Body long and slender, somewhat oval section ; mouth at from or low jaw projecting with bony plate between lower jaws. back dark blue-green to light brown; flanks silvery with slight yellow highlights; fins slightly yellowish(ref. 55763). Caudal rays: principal (10+8-9), procurrent (upper:8, lower: 8) Branchiostegal rays: 23-35,Dorsal spines(total): 0; Dorsal soft rays(total): 20 - 27; Anal  spines: 0; Anal  soft rays: 12 - 18; Vertebrae: 78 - 82. Body slender and elongate; mouth large and terminal; bony plate present between branches of lower jaw; branchiostegal rays very numerous (25 to 35); fins lacking spines; lower branch of first gill arch with 16 to 20 gill rakers; scales very small, 100 to 120 in the lateral line.",""
"102","Eukaryota","Animalia","Chordata","Actinopterygii","Gadiformes","",NA,"Bregmacerotidae","",NA,"Bregmaceros","mcclellandi","","Thompson, 1840","Na","Id","",1,"","","","",NA,"",NA,NA,NA,"","True","","","",NA,"","",NA,"True","","",13053,"Unicorn cod, Silver codlet.","bregmacero manchado, bregmacero, bacalaito plateado.","","","Circumtropical","","Found throughout  the Archipelago in oceanic waters between 200 and 300 m over great depths, individuals occasionally rising to  the surface.","","Size> To lengths of 120 mm,and weights of 3 grams.",""
"103","Eukaryota","Animalia","Chordata","Actinopterygii","Gadiformes","",NA,"Macrouridae","",NA,"Mataeocephalus","tenuicauda","","(Garman, 1899)","Na","Id","",1,"","","","",NA,"",NA,NA,NA,"","True","","","",NA,"","",NA,"True","","",13065,"Slendertail grenadier","granadero de cola fina","","","Eastern Pacific","","","","",""
"104","Eukaryota","Animalia","Chordata","Actinopterygii","Gadiformes","",NA,"Macrouridae","",NA,"Nezumia","convergens","","(Garman, 1899)","Na","Id","",1,"","","","",NA,"",NA,NA,NA,"","True","","","",NA,"","",NA,"True","","",13067,"Peruvian grenadier","granadero peruano","","","Eastern Pacific","","","","",""
"105","Eukaryota","Animalia","Chordata","Actinopterygii","Gadiformes","",NA,"Macrouridae","",NA,"Nezumia","stelgidolepis","","(Gilbert, 1890)","Na","Id","",1,"","","","",NA,"",NA,NA,NA,"","True","","","",NA,"","",NA,"True","","",13068,"California grenadier","granadero californiano","","","Eastern Pacific","","","","",""
"106","Eukaryota","Animalia","Chordata","Actinopterygii","Gadiformes","",NA,"Macrouridae","",NA,"Nezumia","ventralis","","Iwamoto, 1979","Na","En","",1,"","","","",NA,"",NA,NA,NA,"","True","","","",NA,"","",NA,"True","","",13070,"Grenadiers","granaderos","","","","","","","",""
"107","Eukaryota","Animalia","Chordata","Actinopterygii","Gadiformes","",NA,"Macrouridae","",NA,"Trachyrincus","helolepis","","Gilbert, 1892","Na","Id","",1,"","","","",NA,"",NA,NA,NA,"","True","","","",NA,"","",NA,"True","","",13073,"","","","","Peru-Chilean faunistic element","","","","",""
"108","Eukaryota","Animalia","Chordata","Actinopterygii","Gadiformes","",NA,"Macrouridae","Coryphaenoides",NA,"Coryphaenoides","anguliceps","","(Garman, 1899)","Na","Id","",1,"","","","",NA,"",NA,NA,NA,"","True","","","",NA,"","",NA,"True","","",13055,"Loosescale grenadier","Granadero anguloso","","","Eastern Pacific","","","","",""
"109","Eukaryota","Animalia","Chordata","Actinopterygii","Gadiformes","",NA,"Macrouridae","Coryphaenoides",NA,"Coryphaenoides","armatus","","(Hector, 1875)","Na","Id","",1,"","","","",NA,"",NA,NA,NA,"","True","","","",NA,"","",NA,"True","","",13056,"Abyssal grenadier","granadero abisal, granadero máximo","","","Eastern Pacific","","","","",""
"110","Eukaryota","Animalia","Chordata","Actinopterygii","Gadiformes","",NA,"Macrouridae","Coryphaenoides",NA,"Coryphaenoides","boops","","(Garman, 1899)","Na","Id","",1,"","","","",NA,"",NA,NA,NA,"","True","","","",NA,"","",NA,"True","","",13057,"Shortsnout grenadier","granadero trompacorta","","","Eastern Pacific","","","","",""
"111","Eukaryota","Animalia","Chordata","Actinopterygii","Gadiformes","",NA,"Macrouridae","Coryphaenoides",NA,"Coryphaenoides","bucephalus","","(Garman, 1899)","Na","Id","",1,"","","","",NA,"",NA,NA,NA,"","True","","","",NA,"","",NA,"True","","",13058,"Narrowsnout grenadier","granadero de hocico angosto","","","Peru-Chilean faunistic element","","","","",""
"112","Eukaryota","Animalia","Chordata","Actinopterygii","Gadiformes","",NA,"Macrouridae","Coryphaenoides",NA,"Coryphaenoides","bulbiceps","","(Garman, 1899)","Na","Id","",1,"","","","",NA,"",NA,NA,NA,"","True","","","",NA,"","",NA,"True","","",13059,"Large-eye grenadier","Granadero ojón","","","Eastern Pacific","","","","",""
"113","Eukaryota","Animalia","Chordata","Actinopterygii","Gadiformes","",NA,"Macrouridae","Coryphaenoides",NA,"Coryphaenoides","delsolari","","Chirichigno F. & Iwamoto, 1977","Na","Id","",1,"","","","",NA,"",NA,NA,NA,"","True","","","",NA,"","",NA,"True","","",13060,"Trident grenadier","Peje-rata, Ratón","","","Peru-Chilean faunistic element","","","","",""
"114","Eukaryota","Animalia","Chordata","Actinopterygii","Gadiformes","",NA,"Macrouridae","Coryphaenoides",NA,"Coryphaenoides","gypsochilus","","Iwamoto & McCosker, 2001","Na","En","",1,"","","","",NA,"",NA,NA,NA,"","True","","","",NA,"","",NA,"True","","",13061,"Shortsnout grenadier","granadero trompacorta","","","","","","","",""
"115","Eukaryota","Animalia","Chordata","Actinopterygii","Gadiformes","",NA,"Macrouridae","Coryphaenoides",NA,"Coryphaenoides","myersi","","Iwamoto & Sazonov, 1988","Na","En","",1,"","","","",NA,"",NA,NA,NA,"","True","","","",NA,"","",NA,"True","","",13062,"Myers' grenadier","granadero de Myers","","","","","","","",""
"116","Eukaryota","Animalia","Chordata","Actinopterygii","Gadiformes","",NA,"Macrouridae","Macrourinae",NA,"Coelorinchus","canus","","(Garman, 1899)","Na","Id","",1,"","","","",NA,"",NA,NA,NA,"","True","","","",NA,"","",NA,"True","","",13054,"Clearsnout grenadier","pez rata, granadero cano","","","Eastern Pacific","","","","",""
"117","Eukaryota","Animalia","Chordata","Actinopterygii","Gadiformes","",NA,"Merlucciidae","Merlucciinae",NA,"Merluccius","gayi","","(Guichenot, 1848)","Na","Id","",1,"","","","",NA,"",NA,NA,NA,"","True","","","",NA,"","",NA,"True","","",13084,"South Pacific hake","merluza, merluza del Pacífico sur, merluza chilena, peje palo, pescada, merluza maltona","","","Peru-Chilean faunistic element","","Uncommonly  seen because  they prefer  deeper waters to depths of several hundred meters. Larvae may be taken in surface waters.","","Size> Females grow faster than do males, and they attain larger sizes (females, 115.4 cm; males, 67.9 cm).",""
"118","Eukaryota","Animalia","Chordata","Actinopterygii","Gadiformes","",NA,"Moridae","",NA,"Antimora","rostrata","","(Günther, 1878)","Na","Id","",1,"","","","",NA,"",NA,NA,NA,"","True","","","",NA,"","",NA,"True","","",13075,"Blue antimora","brótola azul, mollera azul","","No Galapagos specimens exist but photographed at numerous Galapagos localities from the submersible (McCosker & Rosenblatt, 2010).","Circumtropical","","","","",""
"119","Eukaryota","Animalia","Chordata","Actinopterygii","Gadiformes","",NA,"Moridae","",NA,"Gadella","filifer","","(Garman, 1899)","Na","Id","",1,"","","","",NA,"",NA,NA,NA,"","True","","","",NA,"","",NA,"True","","",13076,"","","","","Peru-Chilean faunistic element","","","","",""
"120","Eukaryota","Animalia","Chordata","Actinopterygii","Gadiformes","",NA,"Moridae","",NA,"Gadella","thysthlon","","Long & McCosker, 1998","Na","En","",1,"","","","",NA,"",NA,NA,NA,"","True","","","",NA,"","",NA,"True","","",13078,"","","","","","","","","",""
"121","Eukaryota","Animalia","Chordata","Actinopterygii","Gadiformes","",NA,"Moridae","",NA,"Laemonema","gracillipes","","Garman, 1899","Na","Id","",1,"","","","",NA,"",NA,NA,NA,"","True","","","",NA,"","",NA,"True","","",13080,"","","","","Eastern Pacific","","","","",""
"122","Eukaryota","Animalia","Chordata","Actinopterygii","Gadiformes","",NA,"Moridae","",NA,"Physiculus","nematopus","","Gilbert, 1890","Na","Id","",1,"","","","",NA,"",NA,NA,NA,"","True","","","",NA,"","",NA,"True","","",13082,"Charcoal mora","carbonero de fango","","","Eastern Pacific","","Occur  in depths of 100 m and greater, taken in open waters at   3°33' S, 80° 43' W.","","","Size> To lengths of 170 mm."
"123","Eukaryota","Animalia","Chordata","Actinopterygii","Gasterosteiformes","",NA,"Fistulariidae","",NA,"Fistularia","corneta","","Gilbert & Starks, 1904","Na","Id","",1,"","","","",NA,"",NA,NA,NA,"","True","","","",NA,"","",NA,"True","","",13189,"Pacific cornetfish","corneta, trompeta lisa, pez corneta, corneta flautera","","","Eastern Pacific","","","","",""
"124","Eukaryota","Animalia","Chordata","Actinopterygii","Gonorynchiformes","Chanoidei",NA,"Chanidae","",NA,"Chanos","chanos","","(Forsskål, 1775)","Na","Id","NE",1,"","","","",NA,"",NA,NA,NA,"","True","","","",NA,"","",NA,"True","","",7660,"Milkfish","diabla","diabla","Syn.: Butirinus argenteus Jerdon, 1849, Chanos arabicus Lacepède, 1803, Chanos chloropterus Valenciennes, 1847, Chanos cyprinella Valenciennes, 1847, Chanos indicus (van Hasselt, 1823), Chanos lubina Valenciennes, 1847, Chanos mento Valenciennes, 1847, Chanos mossambicus (Peters, 1852), Chanos nuchalis Valenciennes, 1847, Chanos orientalis Valenciennes, 1847, Chanos salmoneus (Forster, 1801), Chanos salmonoides Günther, 1879, Cyprinus palah (Cuvier, 1829), Leuciscus palah Cuvier, 1829, Leuciscus salmoneus (Forster, 1801), Lutodeira chanos (Forsskål, 1775), Lutodeira chloropterus (Valenciennes, 1847), Lutodeira indica van Hasselt, 1823, Lutodeira mossambicus Peters, 1852, Lutodeira salmonea (Forster, 1801), Mugil chanos Forsskål, 1775, Mugil salmoneus Forster, 1801, Mugile chani Forsskål, 1775, fide Appeltans et al. (2010)","Tropical and subtropical eastern Pacific, from southern California to Peru and Ecuador in the Galapagos Islands and  Indo-Pacific. Clipperton, Cocos, Malpello","","Habitat: Young fish in shallow inshore and estuarine waters; adults often form heterotypic aggregations with other species","","Silvery with large noticeable scales. To maximum length of 1.8 m",""
"125","Eukaryota","Animalia","Chordata","Actinopterygii","Lampriformes","",NA,"Trachipteridae","",NA,"Zu","cristatus","","(Bonelli, 1819)","Na","Id","",1,"","","","",NA,"",NA,NA,NA,"","True","","","",NA,"","",NA,"True","","",13052,"scalloped ribbonfish","cardenal, cinta, flema, flemma, listoncillo festón","","","Circumtropical","","","","",""
"126","Eukaryota","Animalia","Chordata","Actinopterygii","Lophiiformes","",NA,"Antennariidae","",NA,"Antennarius","sanguineus","","Gill, 1863","Na","Id","NE",1,"","","","",NA,"True",NA,NA,NA,"","True","","","",NA,"","",NA,"True","","True",7662,"Sanguine frogfish, bloody frogfish","Pejerana bandeado","ranisapo sanguinero","Syn.: Antennatus sanguineus (Gill, 1863), fide Appeltans et al. (2010)","Eastern Pacific, from the Gulf of California to Peru, and Clipperton, Cocos, Revillagigedos (Clarion, Socorro), Sal Felix (Chile), and Galapagos","","Habitat: Inhabit small recesses on rocky reefs and along walls","","Size: To a maximum length of about 90mm",""
"127","Eukaryota","Animalia","Chordata","Actinopterygii","Lophiiformes","",NA,"Antennariidae","",NA,"Antennatus","strigatus","","(Gill, 1863)","Na","Id","NE",1,"","","","",NA,"",NA,NA,NA,"","True","","","",NA,"","",NA,"True","","",7661,"Bandtail frogfish","pejerana bocon, pez sapo cola de banda.","ranisapo de rabo listado, pez sapo cola de banda.","Syn.: Antennarius strigatus Gill, 1863, fide Appeltans et al. (2010)","Eastern Pacific; Central Gulf of California to Colombia, and at Clipperton and Ecuador in Galápagos, all the oceanic islands.","","Habitat: Small recesses on rocky reefs and along wall","","Stout, lumpy body and head with upturned mouth. Long, translucent filament, called a lure, on central fore head. Variety of line markings, blotched and mottled color phases incluide yellow, orange, red, violet, lavender, brown. Up to 8cm",""
"128","Eukaryota","Animalia","Chordata","Actinopterygii","Lophiiformes","",NA,"Lophiidae","",NA,"Lophiodes","caulinaris","","(Garman, 1899)","NG","NG","",6,"","","","",NA,"",NA,NA,NA,"","True","","","",NA,"","",NA,"True","","",14710,"Whitespotted goosefish","ganso manchado","","Garman's SU 1859 ""Albatross"" specimen was labeled Galapagos, and was published as Lophiomus setigerus (Vahl, 1797) by Gilbert 1891: 454. It however is from the Gulfof Panama and not Galapagos.","Eastern Pacific  at a number of disjunct  localities, including Morro Ba, central California, midrift and mouth of the Gulf of California, off Central  America and northern South  America to Peru, and Cocos (LACM 32263-4) and  Galapagos.","","","","Size> To lengths of 24 cm.",""
"129","Eukaryota","Animalia","Chordata","Actinopterygii","Lophiiformes","",NA,"Lophiidae","",NA,"Lophiodes","spilurus","","(Garman, 1899)","Na","Id","",1,"","","","",NA,"",NA,NA,NA,"","True","","","",NA,"","",NA,"True","","",14608,"Threadfin angler, threadfin goosefish","pez sapo, bocón barbudo, rape de hebra, rape de rabo delgado","","In McCosker & Rosenblatt (2010) as Lophiodon spilurus (Garman, 1899), a spelling error.","","","","","",""
"130","Eukaryota","Animalia","Chordata","Actinopterygii","Lophiiformes","",NA,"Lophiidae","",NA,"Lophiodon","spilurus","","(Garman, 1899)","Na","Id","",6,"","","","",NA,"",NA,NA,NA,"","True","","","",NA,"","",NA,"True","","",14607,"","","","Probably spelling error of Lophiodes spilurus (Garman, 1899)","Eastern Pacific","","","","",""
"131","Eukaryota","Animalia","Chordata","Actinopterygii","Lophiiformes","",NA,"Lophiidae","",NA,"Lophiomus","setigerus","","(Vahl, 1797)","NG","NG","",6,"","","","",NA,"",NA,NA,NA,"","True","","","",NA,"","",NA,"True","","",14711,"","","","Garman's SU 1859 ""Albatross"" specimen was labeled Galapagos, and was published as Lophiomus setigerus (Vahl, 1797) by Gilbert 1891: 454. It however is from the Gulfof Panama and not Galapagos.","","","","","",""
"132","Eukaryota","Animalia","Chordata","Actinopterygii","Lophiiformes","",NA,"Ogcocephalidae","",NA,"Ogcocephalus","darwini","","Hubbs, 1958","Na","Id","NE",1,"","","","",NA,"",NA,NA,NA,"","True","","","",NA,"","",NA,"True","","",7663,"Redmouth batfish, red-lipped batfish","Murciélago boca colorado, pez murciélago labio rojo","pez murciélago labio rojo","","Peru-Chilean faunistic element, Galápagos and one record in Ecuador.","","Habitat: Sand and volcanic substrata, in depths between 3.5 and 73.5 m.","","Disk-shaped body with pectoral and ventral fins appearing more as legs; circular gill opening behind pectoral fins. Brown to tan or gray upper body; underside cream to whhte. Size: To about 18 cm",""
"133","Eukaryota","Animalia","Chordata","Actinopterygii","Lophiiformes","Antennarioidei",NA,"Antennariidae","Antennariinae",NA,"Antennarius","avalonis","","Jordan & Starks, 1907","Na","Id","NE",1,"","","","",NA,"",NA,NA,NA,"","True","","","",NA,"","",NA,"True","","",11517,"Roughjaw frogfish","Pejerana colorado","ranisapo ocelado","","Eastern Pacific, southern California to Peru, and Galapagos","","Habitat: Hide under ledgres and in crevices on the reef, adults ranging into deeper waters (about 110m).","","Size: Up to 33 cm",""
"134","Eukaryota","Animalia","Chordata","Actinopterygii","Lophiiformes","Antennarioidei",NA,"Antennariidae","Antennariinae",NA,"Antennarius","coccineus","","(Lesson, 1831)","Na","Id","",1,"","","","",NA,"",NA,NA,NA,"","True","","","",NA,"","",NA,"True","","",13132,"Scarlet frogfish","ranisapo escarlata","","","Indo-Pacific","","","","",""
"135","Eukaryota","Animalia","Chordata","Actinopterygii","Lophiiformes","Antennarioidei",NA,"Antennariidae","Antennariinae",NA,"Antennarius","commerson","","(Latreille, 1804)","NoData","NoData","NE",7,"","","","",NA,"",NA,NA,NA,"","True","","","",NA,"","",NA,"True","","",11519,"Giant frogfish","ranisapo de Commerson","Ranisapo de Commerson","J. McCoscker: There have been reported sightings but no specimen exists. Syn.: Antennarius bivertex Commerson, 1798, Antennarius caudimaculatus (Rüppell, 1838), Antennarius commersonii (Cuvier, 1817), Antennarius goramensis Bleeker, 1865, Antennarius lateralis Tanaka, 1917, Antennarius lutescens Seale, 1906, Antennarius moluccensis Bleeker, 1855, Antennarius rubrofuscus (Garrett, 1863), Chironectes caudimaculatus Rüppell, 1838, Chironectes commersonii Cuvier, 1817, Chironectes rubrofuscus Garrett, 1863, Lophiocharon goramensis (Bleeker, 1865), Lophius commerson Latreille, 1804, Lophius commersonii Shaw, 1804, fide Appeltans et al. (2010)","Indo-Pacific to Central America including Cocos, Panama and Columbia, also Galapagos","","Habitat: Sand, rubble and rocky bottoms; camouflage","","Size: 13-25 cm",""
"136","Eukaryota","Animalia","Chordata","Actinopterygii","Lophiiformes","Ogcocephalioidei",NA,"Ogcocephalidae","",NA,"Dibranchus","cracens","","Bradbury, McCosker & Long, 1999","Na","En","",1,"","","","",NA,"",NA,NA,NA,"","True","","","",NA,"","",NA,"True","","",13133,"Batfish","pez murcielago","","","","","","","",""
"137","Eukaryota","Animalia","Chordata","Actinopterygii","Lophiiformes","Ogcocephalioidei",NA,"Ogcocephalidae","",NA,"Dibranchus","discors","","Bradbury, McCosker & Long, 1999","Na","En","",1,"","","","",NA,"",NA,NA,NA,"","True","","","",NA,"","",NA,"True","","",13134,"Batfish","pez murcielago","","","","","","","",""
"138","Eukaryota","Animalia","Chordata","Actinopterygii","Lophiiformes","Ogcocephalioidei",NA,"Ogcocephalidae","",NA,"Dibranchus","erinaceus","","(Garman, 1899)","Na","Id","",1,"","","","",NA,"",NA,NA,NA,"","True","","","",NA,"","",NA,"True","","",13135,"Batfish","pez murcielago","","","Cocos and Galápagos Islands","","","","",""
"139","Eukaryota","Animalia","Chordata","Actinopterygii","Lophiiformes","Ogcocephalioidei",NA,"Ogcocephalidae","",NA,"Dibranchus","hystrix","","Garman, 1899","Na","Id","",1,"","","","",NA,"",NA,NA,NA,"","True","","","",NA,"","",NA,"True","","",13136,"Batfish","pez murcielago","","","Eastern Pacific","","","","",""
"140","Eukaryota","Animalia","Chordata","Actinopterygii","Lophiiformes","Ogcocephalioidei",NA,"Ogcocephalidae","",NA,"Halieutopsis","tumifrons","","Garman, 1899","Na","En","",1,"","","","",NA,"",NA,NA,NA,"","True","","","",NA,"","",NA,"True","","",13137,"Batfish","pez murcielago","pez murcielago","","","","","","",""
"141","Eukaryota","Animalia","Chordata","Actinopterygii","Mugiliformes","",NA,"Mugilidae","",NA,"Agonostomus","monticola","","(Bancroft, 1834)","Na","Id","",1,"","","","",NA,"",NA,NA,NA,"","True","","","",NA,"","",NA,"True","","",13138,"Mountain mullet","lisa de rio","lisa de rio","","Eastern Pacific, from the  Gulf  of  California  to the  Galapagos; recorded  from many lakes and streams in Central America, often far from the  sea. Pre-juveniles have been dipnetted in the open sea off the Central  American coast.","","Habitat: The  only  specimens that  we have examined from the Galapagos  were collected in freshwater streams on San Cristobal and Floreana.","","Size>  The largest  specimen recorded in the  Galapagos was the first one ever collected, measuring 343 mm TL. On floreana, size rarely exceeds  100 mm TL.",""
"142","Eukaryota","Animalia","Chordata","Actinopterygii","Mugiliformes","",NA,"Mugilidae","",NA,"Chaenomugil","proboscideus","","(Günther, 1861)","Na","Id","NE",1,"","","","",NA,"",NA,NA,NA,"","True","","","",NA,"","",NA,"True","","",13139,"Snouted mullet","lisa, lisa hocicona","lisa  hocinoca","","Eastern Pacific, in Baja California at Magdalena Bay, and the Gulf of California to Talara, Peru, and Revillagigedos, and  Galapagos.","","Habitat: Uncommon, records  only from San  Cristobal and  Tagus  Cove, Isabela. Likely to  be  found inshore along lava coastlines, sand beaches, and  mangrove lagoons.","","Size>  This is the smallest mullet in the islands, with  no records  exceeding  19 cm.",""
"143","Eukaryota","Animalia","Chordata","Actinopterygii","Mugiliformes","",NA,"Mugilidae","",NA,"Mugil","cephalus","","Linnaeus, 1758","Na","Id","NE",1,"","","","",NA,"",NA,NA,NA,"","","","","True",NA,"","",NA,"","True","",16932,"Galápagos mullet","lisa de Galápagos","lisa de Galápagos","Syn.: Mugil galapagensis  Ebeling, 1961 fide J. McCosker (pers. com.); ; Jean-Dominique Durand (2012): Phylogenetic reconstruction indicates that Mugil galapagensis belongs to the Mugil cephalus species complex, with a close phylogenetic relationship with the Mugil ""cephalus"" sp. observed in Chile.","","","","","",""
"144","Eukaryota","Animalia","Chordata","Actinopterygii","Mugiliformes","",NA,"Mugilidae","",NA,"Mugil","curema","","Valenciennes, 1836","Na","Id","NE",1,"","","","",NA,"",NA,NA,NA,"","True","","","",NA,"","",NA,"True","","",7674,"White mullet","lisa criolla","Lisa criolla","Syn.: Liza curema (Valenciennes, 1836), Mugil metzelaari Chabanaud, 1926, Mugil petrosus Valenciennes, 1836, Myxus harengus Günther, 1861, fide Appeltans et al. (2010)","Eastern Pacific and Atlantic","","Habitat: Coastal, near surface in schools","","Size: 30cm, maximum about 45cm",""
"145","Eukaryota","Animalia","Chordata","Actinopterygii","Mugiliformes","",NA,"Mugilidae","",NA,"Mugil","rammelsbergi","","Tschudi, 1846","Na","Id","LC",1,"","","","",NA,"",NA,NA,NA,"","True","","","",NA,"","",NA,"True","","",7673,"Yellowtail mullet, striped mullet","lisa rabo amarillo, lisa pardete","Lisa rabo amarillo, lisa pardete","Syn.: Mugil cephalus rammelsbergi Tschudi, 1846, fide Appeltans et al. (2010)","Circumtropical, in the eastern Pacific from California to Chile, Circumglobal in tropical and temperate seas; Southern California to the Gulf of California to Peru and Ecuador in Galápagos in our region","","Habitat: Schooling fish found in open waters and near shore areas","","Silvery elongate body. Pectoral, rear dorsal and anal fins yellowish. Size: 60-91 cm TL",""
"146","Eukaryota","Animalia","Chordata","Actinopterygii","Mugiliformes","",NA,"Mugilidae","",NA,"Xenomugil","thoburni","","(Jordan & Starks, 1896)","Na","Id","",1,"","","","",NA,"",NA,NA,NA,"","True","","","",NA,"","",NA,"True","","",14612,"Orange-eyed mullet","lisa agugu","lisa agugu","Syn.: Mugil thoburni Jordan & Starks, 1896, fide Appeltans et al. (2010)","Baja California to Chile, from panama  to  peru, and  Galápagos","","In schools near coast, abundant, found throughout  the shallow seas of the Galapagos, most commonly in areas  of mangrove development  and shallow embayments. known  from sites off Baltra,Bartolome,  Fernandina, Floreana, Hood, Tagus  Cove, Isabela, Wreck bay, San  Cristobal, Santa  Cruz, Cartago Bay, Santiago and Darwin.","","Size> To at least  268 mm.",""
"147","Eukaryota","Animalia","Chordata","Actinopterygii","Myctophiformes","",NA,"Myctophidae","",NA,"Diogenichthys","laternatus","","(Garman, 1899)","NoData","NoData","",6,"","","","",NA,"",NA,NA,NA,"","True","","","",NA,"","",NA,"True","","",12914,"Diogenes lanternfish","pejecito linterna, linterna de Diógenes","","J. McCosker: not included in McCosker (2010) this because of its distance offshore.","","","","","",""
"148","Eukaryota","Animalia","Chordata","Actinopterygii","Myctophiformes","",NA,"Myctophidae","",NA,"Lampanyctus","omostigma","","Gilbert, 1908","NoData","NoData","",6,"","","","",NA,"",NA,NA,NA,"","True","","","",NA,"","",NA,"True","","",12918,"","","","J. McCosker: not included in McCosker (2010) this because of its distance offshore.","","","","","",""
"149","Eukaryota","Animalia","Chordata","Actinopterygii","Myctophiformes","",NA,"Myctophidae","",NA,"Myctophum","aurolaternatum","","Garman, 1899","NoData","NoData","",1,"","","","",NA,"",NA,NA,NA,"","True","","","",NA,"","",NA,"True","","",12930,"golden lanternfish","linternilla, pez linterna","","J. McCosker: not included in McCosker (2010) this because of its distance offshore; species of the genus Myctophum are midwater species.","","","","","",""
"150","Eukaryota","Animalia","Chordata","Actinopterygii","Myctophiformes","",NA,"Myctophidae","",NA,"Myctophum","nitidulum","","Garman, 1899","NoData","NoData","",1,"","","","",NA,"True",NA,NA,NA,"True","True","","","",NA,"","",NA,"True","","",12925,"Pearly lanternfish","linternilla, pez linterna","","J. McCosker: not included in McCosker (2010) this because of its distance offshore; species of the genus Myctophum are midwater species.","","","","","",""
"151","Eukaryota","Animalia","Chordata","Actinopterygii","Notacanthiformes","",NA,"Halosauridae","",NA,"Halosaurus","attenuatus","","Garman, 1899","Na","En","",1,"","","","",NA,"",NA,NA,NA,"","True","","","",NA,"","",NA,"True","","",12971,"","","","","Gulf of Guinea. Eastern Pacific: off the Galapagos Islands (Ref. 4448). Also Eastern Central Pacific","","Deep-water;  Bathypelagic; marine; depth range 2300 - 2500 m (Ref. 4448)","","",""
"152","Eukaryota","Animalia","Chordata","Actinopterygii","Ophidiiformes","",NA,"Bythitidae","",NA,"Cataetyx","simus","","Garman, 1899","Na","Id","",1,"","","","",NA,"",NA,NA,NA,"","True","","","",NA,"","",NA,"True","","",13094,"Brotulas","brótulas viviparas","","","Eastern Pacific","","","","",""
"153","Eukaryota","Animalia","Chordata","Actinopterygii","Ophidiiformes","",NA,"Bythitidae","",NA,"Diplacanthopoma","jordani","","Garman, 1899","Na","Id","",1,"","","","",NA,"",NA,NA,NA,"","True","","","",NA,"","",NA,"True","","",13127,"Brotulas","brótulas vivíparas","","","Eastern Pacific","","","","",""
"154","Eukaryota","Animalia","Chordata","Actinopterygii","Ophidiiformes","",NA,"Bythitidae","",NA,"Grammonus","diagrammus","","(Heller & Snodgrass, 1903)","Na","Id","",1,"","","","",NA,"",NA,NA,NA,"","True","","","",NA,"","",NA,"True","","",13128,"Purple brotula","brótula, brótula púrpura","","Syn.: Oligopus diagrammus (Heller & Snodgrass, 1903), fide Appeltans et al. (2010).","Eastern Pacific","","","","",""
"155","Eukaryota","Animalia","Chordata","Actinopterygii","Ophidiiformes","",NA,"Bythitidae","Brosmophycinae",NA,"Lucifuga","inopinata","","Cohen & McCosker, 1998","Na","En","",1,"","","","",NA,"",NA,NA,NA,"True","","","","",NA,"","",NA,"True","","",12737,"","","","","","","","","",""
"156","Eukaryota","Animalia","Chordata","Actinopterygii","Ophidiiformes","",NA,"Bythitidae","Brosmophycinae",NA,"Ogilbia","deroyi","","(Poll & van Mol, 1966)","Na","En","",1,"","","","",NA,"",NA,NA,NA,"","True","","","",NA,"","",NA,"True","","",13129,"Deroy's cuskeel, Orange brotula.","brotula naranja.","","","","","Found  beneath  loose  rocks and  boulders in shallow intertidal waters; thus far  known only  from Santa  Cruz and Santa  Fe.","Endemico en Galapagos.","Size> To maximum length of 60mm.",""
"157","Eukaryota","Animalia","Chordata","Actinopterygii","Ophidiiformes","",NA,"Bythitidae","Brosmophycinae",NA,"Ogilbia","galapagosensis","","(Poll & LeLeup, 1965)","Na","En","",1,"","","","",NA,"",NA,NA,NA,"","True","","","",NA,"","",NA,"True","","",11754,"Galapagos cuskeel, Pink brotula","brotula rosada.","","Syn.: Caecogilbia galapagosensis Poll & LeLeup, 1965, fide Appeltans et al. (2010)","","","fish living in brachish water in caves","","",""
"158","Eukaryota","Animalia","Chordata","Actinopterygii","Ophidiiformes","",NA,"Bythitidae","Bythitinae",NA,"Calamopteryx","jeb","","Cohen, 1973","Na","En","",1,"","","","",NA,"",NA,NA,NA,"","True","","","",NA,"","",NA,"True","","",13105,"Tailspot brotula","brotula colimanchada.","","","","","Found throughout the Archipelago in rocky substrata, coral reefs, surge zones,and  intertidal pools,  known to depths of 25m.","","Size> To lengths of 5.5 cm, all species of the genus Calamopteryx are small, and do not reach  great lengths.",""
"159","Eukaryota","Animalia","Chordata","Actinopterygii","Ophidiiformes","",NA,"Bythitidae","Bythitinae",NA,"Pseudonus","acutus","","Garman, 1899","Na","En","",1,"","","","",NA,"",NA,NA,NA,"","True","","","",NA,"","",NA,"True","","",13130,"Brotulas","brótulas vivíparas","brótulas vivíparas","","","","","","",""
"160","Eukaryota","Animalia","Chordata","Actinopterygii","Ophidiiformes","",NA,"Carapidae","",NA,"Carapus","dubius","","(Putnam, 1874)","Na","Id","",1,"","","","",NA,"",NA,NA,NA,"","True","","","",NA,"","",NA,"True","","",13089,"Pacific pearlfish","pez perla, culebrilla, perlero del pacifico","","","Eastern Pacific","","","","",""
"161","Eukaryota","Animalia","Chordata","Actinopterygii","Ophidiiformes","",NA,"Carapidae","",NA,"Echiodon","exsilium","","Rosenblatt, 1961","Na","Id","",1,"","","","",NA,"",NA,NA,NA,"","True","","","",NA,"","",NA,"True","","",13085,"Nocturnal pearlfish","perlero nocturno, pez perla","","","Eastern Pacific","","","","",""
"162","Eukaryota","Animalia","Chordata","Actinopterygii","Ophidiiformes","",NA,"Carapidae","",NA,"Encheliophis","vermicularis","","Müller, 1842","Na","Id","",1,"","","","",NA,"",NA,NA,NA,"","True","","","",NA,"","",NA,"True","","",13087,"Worm pearlfish, Finless pearlfish","perlero mocho, pez perla sin aletas","","","Indo-Pacific","","Rarely seen in the Archipelago, probably because they only  leave  their host at night.","","Size> Reaches a length of at least 130 mm TL.",""
"163","Eukaryota","Animalia","Chordata","Actinopterygii","Ophidiiformes","",NA,"Ophidiidae","",NA,"Bathyonus","caudalis","","(Garman, 1899)","Na","Id","",1,"","","","",NA,"",NA,NA,NA,"","True","","","",NA,"","",NA,"True","","",13091,"Brotulas","brótulas","","","Indo-Pacific","","","","",""
"164","Eukaryota","Animalia","Chordata","Actinopterygii","Ophidiiformes","",NA,"Ophidiidae","",NA,"Brotula","ordwayi","","Hildebrand & Barton, 1949","Na","Id","NE",1,"","","","",NA,"",NA,NA,NA,"","True","","","",NA,"","",NA,"True","","",11541,"Spotted brotula","brotula pintada","brotula pintada","","Peru-Chilean faunistic element; known from off Talara, Peru and Galapagos","","Habitat: Smooth low-profile substrate like sand or hard-packed mud.","","Size: To lengths of 37.5 cm",""
"165","Eukaryota","Animalia","Chordata","Actinopterygii","Ophidiiformes","",NA,"Ophidiidae","",NA,"Monomitopus","malispinosus","","(Garman, 1899)","Na","Id","",1,"","","","",NA,"",NA,NA,NA,"","True","","","",NA,"","",NA,"True","","",13098,"Brotulas","brótulas","","","Eastern Pacific","","","","",""
"166","Eukaryota","Animalia","Chordata","Actinopterygii","Ophidiiformes","",NA,"Ophidiidae","",NA,"Ophidion","sp.","","","NoData","NoData","NE",3,"","","","",NA,"",NA,NA,NA,"","True","","","",NA,"","",NA,"True","","",11542,"Galapagos cusk-eel","lengua de  Galápagos","lengua de Galapagos","","Distribution restricted to the Galapagos Islands","","Habitat: Sandy areas; nocturnal.","","Size: 8-13 cm",""
"167","Eukaryota","Animalia","Chordata","Actinopterygii","Ophidiiformes","",NA,"Ophidiidae","",NA,"Otophidium","indefatigabile","","Jordan & Bollman, 1890","Na","En","",1,"","","","",NA,"",NA,NA,NA,"","True","","","",NA,"","",NA,"True","","",13101,"Brownspot cush-eel","congriperla mancha café","","","Eastern Pacific","","Within the Archipelago, known only from around Santa  Cruz.","","Size> To maximum lengths of 117 mm.",""
"168","Eukaryota","Animalia","Chordata","Actinopterygii","Ophidiiformes","",NA,"Ophidiidae","Neobythitinae",NA,"Dicrolene","nigra","","Garman, 1899","Na","Id","",1,"","","","",NA,"",NA,NA,NA,"","True","","","",NA,"","",NA,"True","","",13096,"brotula","brótula","","","Peru-Chilean faunistic element","","","","",""
"169","Eukaryota","Animalia","Chordata","Actinopterygii","Ophidiiformes","",NA,"Ophidiidae","Neobythitinae",NA,"Eretmichthys","pinnatus","","Garman, 1899","Na","Id","",1,"","","","",NA,"",NA,NA,NA,"","True","","","",NA,"","",NA,"True","","",13012,"","","","","Indo-Pacifico","","","","",""
"170","Eukaryota","Animalia","Chordata","Actinopterygii","Ophidiiformes","",NA,"Ophidiidae","Neobythitinae",NA,"Petrotyx","hopkinsi","","Heller & Snodgrass, 1903","Na","Id","",1,"","","","",NA,"",NA,NA,NA,"","True","","","",NA,"","",NA,"True","","",13103,"Velvetnose brotula","brotula hocico velludillo","","","Eastern Pacific","","Known from Fernandina, Pinta, Marchena, North Plazas, Santa Cruz and  Santa Fe.","","Size> To maximum lengths of 226 mm TL.",""
"171","Eukaryota","Animalia","Chordata","Actinopterygii","Osmeriformes","",NA,"Alepocephalidae","",NA,"Bathytroctes","macrolepis","","Günther, 1887","Na","Id","",1,"","","","",NA,"",NA,NA,NA,"","True","","","",NA,"","",NA,"True","","",13045,"Koefoed's smooth-head","","","","Circumtropical","","","","",""
"172","Eukaryota","Animalia","Chordata","Actinopterygii","Osmeriformes","",NA,"Alepocephalidae","",NA,"Narcetes","erimelas","","Alcock, 1890","Na","Id","",1,"","","","",NA,"",NA,NA,NA,"","True","","","",NA,"","",NA,"True","","",13047,"","","","","Circumtropical","","","","",""
"173","Eukaryota","Animalia","Chordata","Actinopterygii","Osmeriformes","",NA,"Argentinidae","",NA,"Argentina","aliceae","","Cohen & Atsaides, 1969","Na","Id","",1,"","","","",NA,"",NA,NA,NA,"","True","","","",NA,"","",NA,"True","","",13043,"Alice argentina","argentina alicia","","","Eastern Pacific","","","","",""
"174","Eukaryota","Animalia","Chordata","Actinopterygii","Perciformes","",NA,"Acanthuridae","",NA,"Acanthurus","triostegus","","(Linnaeus, 1758)","Na","Id","NE",1,"","","","",NA,"",NA,NA,NA,"","True","","","",NA,"","",NA,"True","","",7677,"Convict surgeonfish","cirujano convicto, lancero convicto.","cirujano reo, lancero convicto.","Syn.: Acanthurus hirudo Bennett, 1829, Acanthurus pentazona Bleeker, 1850, Acanthurus subarmatus Bennett, 1840, Acanthurus triostegus marquesensis Schultz & Woods, 1948, Acanthurus triostegus sandvicensis Streets, 1877, Acanthurus triostegus triostegus (Linnaeus, 1758), Acanthurus zebra Lacepède, 1802, Chaetodon couaga Lacepède, 1802, Chaetodon triostegus Linnaeus, 1758, Harpurus fasciatus Forster, 1801, Hepatus sandvicensis (Streets, 1877), Hepatus triostegus (Linnaeus, 1758), Rhombotides pentazona (Bleeker, 1850), Rhombotides triostegus (Linnaeus, 1758), Teuthis australis Gray, 1827, Teuthis elegans Garman, 1899, Teuthis sandvicensis (Streets, 1877), Teuthis triostegus (Linnaeus, 1758), Teuthis troughtoni Whitley, 1928, fide Appeltans et al. (2010)","Indo-Pacific; off mainland Costa Rica, and at Clipperton, Cocos, Revillegigedos and Ecuador in Galápagos islands.Tropical Indo-Pacific from East Africa to the Americas, mouth of the Gulf of California to Ecuador, all the oceanic islands of the Eastern Pacifc.","","Habitat: Hard substrat in lagoons or coral reefs up to depths of 90 m","","Yellowish cream to white or silvery. Single retractile spine at base at base of tail. Up to 13 cm",""
"175","Eukaryota","Animalia","Chordata","Actinopterygii","Perciformes","",NA,"Acanthuridae","Prionurinae",NA,"Prionurus","laticlavius","","(Valenciennes, 1846)","Na","Id","NE",1,"","","","",NA,"True",NA,NA,NA,"","True","True","","",NA,"","",NA,"True","","True",7679,"Yellowtail surgeonfish, razor surgeonfish","pez cirujano","cochinito barbero","Syn.: Naseus laticlavius Valenciennes, 1846, fide Appeltans et al. (2010)","From Costa Rica to La Plata Island, Ecuador and Cocos, Revillagigedos and Galapagos, Costa Rica to Ecuador. Cocos, Malpelo, Revillagigedos and Galápagos Islands","","Habitat: Shallow water <br>can occur in lagoons, but prefer seaward reefs up to a depth of 90 m","","Size: to about 46 cm, Gray to brown. Row of three spines on base of tail. Many have a few black spots near base of tail.",""
"176","Eukaryota","Animalia","Chordata","Actinopterygii","Perciformes","",NA,"Ammodytidae","",NA,"Ammodytoides","gilli","","(Bean, 1895)","Na","Id","",1,"","","","",NA,"",NA,NA,NA,"","True","","","",NA,"","",NA,"True","","",13992,"Gill's sand lance, silver sand lance","peón panámico, lanceta de arena plateado.","lanceta de arena plateado","","Restricted to the eastern tropical Pacific; disjunct populations known from Cabo San Luis, Baja  California, and Galapagos.","","Habitat: Rare in the Archipelago, restricted to sandy beaches; Punta  Espinoza and  Floreana","","Size> Reaches  maximum lengths of 10 cm",""
"177","Eukaryota","Animalia","Chordata","Actinopterygii","Perciformes","",NA,"Apogonidae","",NA,"Apogon","atradorsatus","","Heller & Snodgrass, 1903","Na","Id","NE",1,"","","","",NA,"",NA,NA,NA,"","True","","","",NA,"","",NA,"True","","",7728,"Blacktip cardinalfish","cardenal punta negra","cardenal punta negra","","Insular endemic, restricted to eastern Pacific oceanic islands of Cocos, Malpelo and Ecuador in Galápagos Islands.","","Habitat: Along rocky shores and reef areas. Nocturnal, feeding solitarily or in loose aggregations.","","Red to copper and pink: tips of forked tail often dusky or black. Large dark eye. Size: 10-13 cm",""
"178","Eukaryota","Animalia","Chordata","Actinopterygii","Perciformes","",NA,"Apogonidae","",NA,"Apogon","dovii","","Günther, 1862","Na","Id","NE",1,"","","True","",NA,"",NA,NA,NA,"","True","","True","",NA,"","",NA,"True","","True",7729,"Tailspot cardinalfish","cardenal pintado","cardenal pintado","","Mexico to Peru, Cocos, Malpelo, Ecuador in Galápagos islands. Eastern Pacific only. Southern Gulf of California to Peru.","","In rocky, caves, under rocky ledges to depths of three to fivemeters","","Red-orange, with a spot in center of caudal peduncle; lacks both the spot in membrane of second dorsal fin and the mid-body bar beneath second dorsal fin. Usually the unpaired fins are only sightly dusky. Length up to 7.5 cm",""
"179","Eukaryota","Animalia","Chordata","Actinopterygii","Perciformes","",NA,"Apogonidae","",NA,"Apogon","pacificus","","(Herre, 1935)","Na","Id","NE",1,"","","","",NA,"",NA,NA,NA,"","True","","","",NA,"","",NA,"True","","",7730,"Pink cardinalfish","cardenal rosado, cardenal morro listado","cardenal rosado","Syn.: Apogon pacifici (Herre, 1935), Apogon parri Breder, 1936, Mionorus pacificus Herre, 1935, fide Appeltans et al. (2010)","Eastern tropical Pacific, from the Gulf of California, Costa Rica, Peru and Cocos, Revillagigedos and Galapagos","","Habitat: During day under ledge overhangs and others shaded, protected areas on rocky reefs and slopes. Feed in open water at night.","","Size: 4-5 cm",""
"180","Eukaryota","Animalia","Chordata","Actinopterygii","Perciformes","",NA,"Blenniidae","",NA,"Ophioblennius","steindachneri","","Jordan & Evermann, 1898","Na","Id","NE",1,"","","","",NA,"",NA,NA,NA,"","True","","","",NA,"","",NA,"True","","",7685,"Panamic fanged blenny, large-banded blenny","trambollito negro, borracho mono","borracho mono","","Eastern Pacific, from Baja California to Cabo San Lucas and from the upper Gulf of California to Peru, also Clipperton, Cocos, Revillagigedos and Ecuador in Galapagos Islands. Central Baja California and Central Gulf of California to Northern Peru. All the oceanic islands of the Eastern Pacific","","Habitat: Solitary fishes found along rocky coastlines; prefer surge zones or ledges near deep water","","Olive to brown; reddish circle around eye.Two narrow bars from upper lip run to eye. Blunt head with large lips and obvious cirri. Juveniles lack bar markings. Grows to 18 cm",""
"181","Eukaryota","Animalia","Chordata","Actinopterygii","Perciformes","",NA,"Blenniidae","",NA,"Plagiotremus","azaleus","","(Jordan & Bollman, 1890)","Na","Id","NE",1,"","","","True",NA,"",NA,NA,NA,"","True","","","",NA,"","",NA,"True","","",7731,"Sabertooth blenny","trambollito diente sable","diente sable","Syn.: Runula azalea Jordan & Bollman, 1890, Plagiotremus azalea (Jordan & Bollman, 1890) (misspelling), fide Appeltans et al. (2010)","Eastern Pacific, from the central Gulf of California to Peru, also Cocos, Malpelo, Revillagigedos and Galapagos, Tip of Baja California to Northern Peru and all the offshore islands of the Eastern Pacific except Clipperton.","","Habitat: Areas, where coral or densely encrusted rocks can be found.","Hábitat: Zonas, donde las rocas con incrustaciones de coral o de alta densidad se pueden encontrar.","Size: To 10.2 cm. Undersidewhite to cream; tail whitish to translucent.","Tamaño: de 10.2 cm."
"182","Eukaryota","Animalia","Chordata","Actinopterygii","Perciformes","",NA,"Bramidae","",NA,"Brama","dussumieri","","Cuvier, 1831","Na","Id","",1,"","","","",NA,"",NA,NA,NA,"","True","","","",NA,"","",NA,"True","","",13551,"Lesser bream","japuta menuda, japuta  comun","japuta  comun","","circumtropical; in the eastern Pacific, restricted to offshore tropical waters.","","Habitat in Galapagos:  A high- seas, open-water species.","","Size> Largest  known individual 190 mm.",""
"183","Eukaryota","Animalia","Chordata","Actinopterygii","Perciformes","",NA,"Bramidae","",NA,"Taractes","rubescens","","(Jordan & Evermann, 1887)","Na","Id","",1,"","","","",NA,"",NA,NA,NA,"","True","","","",NA,"","",NA,"True","","",13552,"Pomfret","chancho piraña, japuta negra, palometa negra, tristón coliquillada","","","Pacific and Atlantic","","","","",""
"184","Eukaryota","Animalia","Chordata","Actinopterygii","Perciformes","",NA,"Callionymidae","",NA,"Synchiropus","atrilabiatus","","(Garman, 1899)","Na","Id","",1,"","","","",NA,"",NA,NA,NA,"","True","","","",NA,"","",NA,"True","","",14003,"antler dragonet, blacklip dragonet","dragonito  de asta","dragonito de asta","","Eastern tropical  Pacific from Costa Rica to  Talara, Peru, and Cocos and  Galapagos, a  disjunct population at Gorda Banks, off Cabo San Lucas, Baja California.","","Habitat: Known  from a single small specimen, taken off Black Beach, Floreana, in 1938 by  the Hancock expedition.","","Size> To lengths of 12 cm.",""
"185","Eukaryota","Animalia","Chordata","Actinopterygii","Perciformes","",NA,"Carangidae","",NA,"Alectis","ciliaris","","(Bloch, 1787)","Na","Id","NE",1,"","","","",NA,"",NA,NA,NA,"","True","","","",NA,"","",NA,"True","","",7732,"African pompano","pámpano africano","pámpano africano","Syn.: Alectis breviventralis Wakiya, 1924, Alectis crinitus (Mitchill, 1826), Alectis indica (Cuvier, 1833), Alectis temmincki Wakiya, 1924, Blepharichthys crinitus (Mitchill, 1826), Blepharis ciliaris (Bloch, 1787), Blepharis crinitus (Mitchill, 1826), Blepharis fasciatus Rüppell, 1830, Blepharis indicus Cuvier, 1833, Blepharis major Cuvier, 1833, Blepharis sutor Cuvier, 1833, , Carangoides ajax Snyder, 1904, Gallus virescens Lacepède, 1802, Hynnis cubensis Poey, 1860, Hynnis hopkinsi Jordan & Starks, 1895, Scyris analis Poey, 1868, Zeus ciliaris Bloch, 1787, Zeus crinitus Mitchill, 1826, Zeus gallus Linnaeus, 1758 (synonym), fide Appeltans et al. (2010)","Indo-Pacific; in the eastern Pacific from the region of Mazatlan, Mexico to Panama and Ecuador in Galápagos. Circumtropical, Southern Baja to Ecuador, Revillegados, Galápagos, Cocos and Malpello.","","Habitat: Young fish are pelagic, adults usually solitary, near the bottom to depths of at least 60m.","","Silvery, often with bluish or greenish tints: scales not obvious. Compressed body, deeply forked tail. Diamond-shaped juveniles trail long thread-like filaments from dorsal and anal fins: mature, filaments usually become progr Up to 1.25m",""
"186","Eukaryota","Animalia","Chordata","Actinopterygii","Perciformes","",NA,"Carangidae","",NA,"Carangoides","orthogrammus","","(Jordan & Gilbert, 1882)","Na","Id","",1,"","","","",NA,"",NA,NA,NA,"","True","","","",NA,"","",NA,"True","","",14613,"Gold-spotted jack","","","Syn.: Caranx orthogrammus Jordan & Gilbert, 1882, Carangoides ferdau jordani Nichols, 1922, Carangoides gymnostethoides evermanni Nichols, 1921, Carangoides jordani Nichols, 1922, Carangoides nitidus Smith, 1972, fide Appeltans et al. (2010)","Tropical Indo-Pacific, Hawai, Revillagigedos, Galápagos","","","","Length 60 cm",""
"187","Eukaryota","Animalia","Chordata","Actinopterygii","Perciformes","",NA,"Carangidae","",NA,"Caranx","caballus","","Günther, 1868","Na","Id","NE",1,"","","","",NA,"",NA,NA,NA,"","True","","","",NA,"","",NA,"True","","",7733,"Green jack","cocinero dorado, jurel verde","jurel verde","Syn.: Caranx girardi Steindachner, 1870, fide Appeltans et al. (2010)","Indo-Pacific; Southern California to northern Peru. Ecuador in the Galápagos Islands, Cocos, Malpelo and Revillagigedos. Maybe Hawaii","","Habitat: Open water","","Silvery. Body more slender than other members of genus. Often show thin, dusky, rib-like bars. Size: To 38 cm<br><br><br><br><br><br><br><br><br><br><br><br><br><br><br>Size: To 38 cm TL",""
"188","Eukaryota","Animalia","Chordata","Actinopterygii","Perciformes","",NA,"Carangidae","",NA,"Caranx","caninus","","Günther, 1867","Na","Id","NE",1,"","","","",NA,"",NA,NA,NA,"","True","","","",NA,"","",NA,"True","","",11329,"Pacific crevalle jack","jurel común","jurel común","Syn.: Caranx hippos caninus Günther, 1867, fide Appeltans et al. (2010)","Eastern Pacific from San Diego to Colombia and Galapagos","","Habitat:  Large individuals are often solitary in deeper waters but generally this is a schooling  species found near rocky  shores.","","Size: Grows to at least 76 cm",""
"189","Eukaryota","Animalia","Chordata","Actinopterygii","Perciformes","",NA,"Carangidae","",NA,"Caranx","ignobilis","","(Forsskål, 1775)","NoData","NoData","NE",1,"True","","","",NA,"",NA,NA,NA,"","","","","",NA,"","True",NA,"","","",17409,"Jacks","pámpanos, jurel, carángido","jurel","Carangus hippoides Jenkins, 1903, Caranx ekala Cuvier, 1833, Caranx lessonii Lesson, 1831, Scomber ignobilis Forsskål, 1775, fide Appeltans et al. 2012","Indo Pacific in Red Sea and east of Africa to Hawwaiian and Marquesan islands, Japan and Ogasawara islands, south to northen Australia.","","Firts sighting and photographic record of this species was 2011 (Acuña, D). Confirmaed identification by McCoosker & Randall 2012.","Primer avistamiento y registro fotográfico de esta especie fue reportado en el 2011 (Acuña, D.). Identificación confirmada por McCoosker & Randall 2012.","9 Dorsal spines, 17-22 dorsal soft rays, 3 anal spine, 15-17 anal soft rays. Head and Body dusky golden dorsally, silver ventrally; fins usually pingmented grey to black.","9 espinas dorsales, 17-22 rayas suavizadas en el dorso, 3 espinas anales, 15-17 rayas suaviazas posteriores. Cabeza y cuerpo oscuro dorsalmente dorado, ventralmente plateado; usualmente aletas pigmentadas de gris a negro."
"190","Eukaryota","Animalia","Chordata","Actinopterygii","Perciformes","",NA,"Carangidae","",NA,"Caranx","latus","","Agassiz, 1831","Na","Id","",6,"","","","",NA,"",NA,NA,NA,"","True","","","",NA,"","",NA,"True","","",15493,"Horse eye jack","","","J. McCosker: This is an Atlantic species, erroneously reported from Galapagos; Syn.: Carangus aureus Poey, 1875, Caranx fallax Cuvier, 1833, Caranx lepturus Agassiz, 1831, Caranx richardi Holbrook, 1855, Xurel lata Agassiz, 1831, fide Appeltans et al. (2010)","Gulf  of Mexico, Caribbean, Galapagos","","Habitat: Found in schools","","Length 65 cm",""
"191","Eukaryota","Animalia","Chordata","Actinopterygii","Perciformes","",NA,"Carangidae","",NA,"Caranx","lugubris","","Poey, 1860","Na","Id","NE",1,"","","","",NA,"",NA,NA,NA,"","True","","","",NA,"","",NA,"True","","",7734,"Black jack","jurel negro","jurel negro","Syn.: Caranx ascensionis Cuvier, 1833, Caranx frontalis Poey, 1860, Caranx ishikawai Wakiya, 1924, Caranx tenebrosus Jordan, Evermann & Wakiya, 1927, fide Appeltans et al. (2010)","Tropical and subtropical waters around oceanic islands, in the eastern Pacific from the Revillagigedos to Ecuador in the Galápagos Islands. Southern Baja Califronia to Panama.","","Habitat: deep, clear waters (usually between 20 and 60 m); near submarine walls or coral;most abundant around  Wolf and  Darwin. Curious  about divers, often seen in small groups.","","Forehead (nape) steep. Dorsal and anal fins long. Size: To  at least 99 cm TL; Weight: 7 kg",""
"192","Eukaryota","Animalia","Chordata","Actinopterygii","Perciformes","",NA,"Carangidae","",NA,"Caranx","melampygus","","Cuvier, 1833","Na","Id","NE",1,"","","","",NA,"",NA,NA,NA,"","True","","","",NA,"","",NA,"True","","",7735,"Bluefin jack, bluefin trevalle","jurel de aleta azul","Jurel de aleta azul","Syn.: Carangichthys melampygus (Cuvier, 1833), Carangus melampygus (Cuvier, 1833), Caranx medusicola Jordan & Starks, 1895, Caranx stellatus Eydoux & Souleyet, 1850, Caranx valenciennei Castelnau, 1873, Carynx melampygus (Cuvier, 1833) (misspelling), fide Appeltans et al. (2010)","Indo-Pacific; in the eastern Pacific from Mazatlan, Mexico to Panama and Cocos, Revillagigedos Indo-Pacific. Tip of Baja to Ecuador in Galápagos Islands and all offshore islands of the Eastern Pacific","","Habitat: juveniles are occasionally seen in shallow reef areas, whereas adults prefer deep water adjacent to lave drop-offs","","Silvery; neon blue, gold and black spots and speckles; blue dorsal, anal and tail fins. Length: Up to 80 cm TL; Weight: 6.8 kg",""
"193","Eukaryota","Animalia","Chordata","Actinopterygii","Perciformes","",NA,"Carangidae","",NA,"Caranx","tille","","Cuvier, 1833","Na","Id","",6,"","","","",NA,"",NA,NA,NA,"","True","","","",NA,"","",NA,"True","","",15550,"Tille jack","","","J. McCosker: This is an  western Pacific species, erroneously reported from Galapagos; Syn.: Caranx cynodon Bleeker, 1851, Caranx tile Cuvier, 1833 (misspelling), fide Appeltans et al. (2010)","Indo-Pacific, Galápagos","","Habitat: A rare species, seen at gordon rocks","","Length up to 80 centimeter",""
"194","Eukaryota","Animalia","Chordata","Actinopterygii","Perciformes","",NA,"Carangidae","",NA,"Decapterus","macrosoma","","Bleeker, 1851","Na","Id","",1,"","","","",NA,"",NA,NA,NA,"","True","","","",NA,"","",NA,"True","","",13524,"Shortfin scad","jurel, jurel alicorta, jurel fino, macarela alicorta, macarela fina","","Syn.: Decapterus afuerae Hildebrand, 1946, Decapterus macrosorna Bleeker, 1851 (misspelling), fide Appeltans et al. (2010)","Eastern-Pacific, Gulf of California to peru, Galapagos","","","","Elongate, up to 30 cm",""
"195","Eukaryota","Animalia","Chordata","Actinopterygii","Perciformes","",NA,"Carangidae","",NA,"Decapterus","muroadsi","","(Temminck & Schlegel, 1844)","Na","Id","NE",1,"","","","",NA,"",NA,NA,NA,"","True","","","",NA,"","",NA,"True","","",7668,"Mexican scad, amberstripe scad","Macarela mexicana","Macarela platano","Syn.: Caranx muroadsi Temminck & Schlegel, 1844, Decapterus hypodus Gill, 1862, Decapterus leptosomus Ogilby, 1898, Decapterus maru-adsi (Temminck & Schlegel, 1844) (misspelling), Decapterus moruadsi (Temminck & Schlegel, 1844) (misspelling), Decapterus muruadsi (Temminck & Schlegel, 1844) (misspelling), fide Appeltans et al. (2010)","Eastern Pacific from central California to Ecuador and Galapagos.","","Habitat: Large schools","","Bluish silver to greenish silver. Often black spot on upper edge of gill cover. Upper margin of upper jaw straight. Size: Maximum length of about 46 cm TL",""
"196","Eukaryota","Animalia","Chordata","Actinopterygii","Perciformes","",NA,"Carangidae","",NA,"Elagatis","bipinnulata","","(Quoy & Gaimard, 1825)","Na","Id","NE",1,"","","","",NA,"",NA,NA,NA,"","True","","","",NA,"","",NA,"True","","",7737,"Rainbow runner","macarela salmón, macarela arco iris","macarela arco iris","Syn.: Elegatis bipinnulatus (Quoy & Gaimard, 1825), Irex indicus Valenciennes, 1862, Micropteryx bipinnulatus (Quoy & Gaimard, 1825), Seriola bipinnulata Quoy & Gaimard, 1825, Seriolichthys bipinnulatus (Quoy & Gaimard, 1825), fide Appeltans et al. (2010)","circumtropical; Eastern Pacific from Cabo San Lucas, Mexico to Panama and Clippterton, Cocos, Revillagigedos and Ecuador in Galapagos Islands. Mouth of the Gulf of California to Ecuador and all the oceanic islands.","","Habitat: Pelagic","","Silvery to gray; back dark, belly light. Rear dorsal and anal fins have serrate edges; a single finlet before tail. Size: lengths 107 cm FL",""
"197","Eukaryota","Animalia","Chordata","Actinopterygii","Perciformes","",NA,"Carangidae","",NA,"Selar","crumenophthalmus","","(Bloch, 1793)","Na","Id","NE",1,"","","","",NA,"True",NA,NA,NA,"True","True","","","",NA,"","",NA,"True","","",7739,"Bigeye scad","chicharro ojón","jurelito ojo grande","Syn.: Caranx blochii Cuvier, 1833, Caranx crumenophtalmus (Bloch, 1793), Caranx crumenophthalmus (Bloch, 1793), Caranx daubentonii Lacepède, 1801, Caranx macrophthalmus Rüppell, 1830, Caranx mauritianus Quoy & Gaimard, 1825, Caranx plumieri (Bloch, 1793), Caranx torvus Jenyns, 1841, Scomber balantiophthalmus Bloch & Schneider, 1801, Scomber crumenophthalmus Bloch, 1793, Scomber plumieri Bloch, 1793, Trachurops brachychirus Gill, 1862, Trachurops crumenophthalmus (Bloch, 1793), Trachurops crumenophthalmus crockeri Nichols, 1935, Trachurus crumenophthalmus (Bloch, 1793), fide Appeltans et al. (2010)","Tropical and subtropical waters; in the eastern Pacific from Cabo San Lucas, Mexico and the Gulf of California to Panama and oceanic offshore islands and Galapagos. Circumtropical. Gulf of California to Ecuador and all the offshore islands of the Eastern Pacific.","","Habitat: Large schools, often over reefs, shallow bays and along walls","","Size: Up to 27cm. Bright, reflective silver. Rib pattern on body; scutes on rear lateral line and forked tail.",""
"198","Eukaryota","Animalia","Chordata","Actinopterygii","Perciformes","",NA,"Carangidae","",NA,"Selene","peruviana","","(Guichenot, 1866)","Na","Id","",1,"","","","",NA,"",NA,NA,NA,"","True","","","",NA,"","",NA,"True","","",13544,"Peruvian moonfish, Pacific  moonfish","carita celosa, carita común, espejo, chancleta, jorobado  espejo","jorobado  espejo","Syn.: Selene peruvianus (Guichenot, 1866) (misspelling), Selene puruvianus (Guichenot, 1866) (misspelling), Vomer declivifrons Meek & Hildebrand, 1925, Vomer peruvianus Guichenot, 1866, fide Appeltans et al. (2010)","Eastern Pacific from  Redondo  Beach, California to Peru, and many oceanic offshore  islands and Galapagos.","","Habitat in Galapagos: A rare, inshore, schooling  species, of which there are only a few records.","","Size> To about  29 cm TL.",""
"199","Eukaryota","Animalia","Chordata","Actinopterygii","Perciformes","",NA,"Carangidae","",NA,"Seriola","lalandi","","Valenciennes, 1833","Na","Id","",1,"","","","",NA,"",NA,NA,NA,"","True","","","",NA,"","",NA,"True","","",13545,"Yellow tail amberjack","","","Syn.: Halatractus dorsalis Gill, 1863, Lichia pappei Bleeker, 1860, Seriola aureovittata Temminck & Schlegel, 1845, Seriola banisteri Smith, 1959, Seriola dorsalis (Gill, 1863), Seriola foncki Delfin, 1903, Seriola fonki Delfin, 1903 (misspelling), Seriola grandis Castelnau, 1872, Seriola lalandei Valenciennes, 1833 (synonym), Seriola lalandei dorsalis (Gill, 1863), Seriola lalandii Valenciennes, 1833 (misspelling), Seriola mazatlana Steindachner, 1876, Seriola pappei (Bleeker, 1860), fide Appeltans et al. (2010)","circumtropical, british Columbia to Chile, Galapagos","","Near surface around reefs","","Length up to one meter",""
"200","Eukaryota","Animalia","Chordata","Actinopterygii","Perciformes","",NA,"Carangidae","",NA,"Seriola","rivoliana","","Valenciennes, 1833","Na","Id","NE",1,"","","","",NA,"",NA,NA,NA,"","True","","","",NA,"","",NA,"True","","",7740,"Almaco jack","palometa, huayaipé","huayaipé","Syn.: Seriola bonariensis Valenciennes, 1833, Seriola bovinoculata Smith, 1959, Seriola colburni Evermann & Clark, 1928, Seriola coronata Poey, 1860, Seriola declivis Poey, 1860, Seriola dubia Lowe, 1839, Seriola falcata Valenciennes, 1833, Seriola ligulata Poey, 1860, Seriola proxima Poey, 1860, Seriola songoro Smith, 1959, fide Appeltans et al. (2010)","circumtropical, in the eastern Pacific from Oceanside, California to Peru and Galapagos. Southern California to Peru and all the oceanic islands of the Eastern Pacific. Circumtropical.","","Habitat: Open water or near escarpemts","","Size: Averaging length of 0.6-0.9 m and weigths of 4.6 to 15.7 kg. Silvery to gray.",""
"201","Eukaryota","Animalia","Chordata","Actinopterygii","Perciformes","",NA,"Carangidae","",NA,"Trachinotus","paitensis","","Cuvier, 1832","Na","Id","",1,"","","","",NA,"",NA,NA,NA,"","True","","","",NA,"","",NA,"True","","",13546,"Paloma Pompano","paloma pompano","paloma pompano","Syn.: Trachinotus paloma Jordan & Starks, 1895, fide Appeltans et al. (2010)","Eastern Pacific, Baja California to Chile, Galapagos","","Habitat: Found in small numbers around shallow sandy areas.","","Length 15 cm",""
"202","Eukaryota","Animalia","Chordata","Actinopterygii","Perciformes","",NA,"Carangidae","",NA,"Trachinotus","rhodopus","","Gill, 1863","Na","Id","",1,"","","","",NA,"",NA,NA,NA,"","True","","","",NA,"","",NA,"True","","",13547,"Gafftopsail pompano","pampano filo","pampano filo","Syn.: Trachynotus rhodopus Gill, 1863, fide Appeltans et al. (2010)","An eastern Pacific  species, ranging from Zuma Beach, California to Peru, and several offshore oceanic islands and  Galapagos.","","Habitat: In schools around reefs, prefers  sandy areas, rare.","","Grows to at least 50 cm TL.",""
"203","Eukaryota","Animalia","Chordata","Actinopterygii","Perciformes","",NA,"Carangidae","",NA,"Trachinotus","stilbe","","(Jordan & Mcgregor, 1898)","Na","Id","NE",1,"","","","",NA,"",NA,NA,NA,"","True","","","",NA,"","",NA,"True","","",7741,"Steel pompano","pámpano acerado","pámpano acerado","Syn.: Zalocys stilbe Jordan & McGregor, 1898, fide Appeltans et al. (2010)","Eastern Pacific, Mexico to Peru, Revillagigedos, Coco, Eastern Pacific and Western Panama and Ecuador in Galapagos.","","Habitat: Large schools near the surface of open water close to shore.","","Silvery to gray. Deep body; thin, deeply forked tail. Dusky rib pattern often shows on body. Size: to at least 30 cm TL.",""
"204","Eukaryota","Animalia","Chordata","Actinopterygii","Perciformes","",NA,"Centrolophidae","",NA,"Seriolella","violacea","","Guichenot, 1848","Na","Id","",1,"","","","",NA,"",NA,NA,NA,"","True","","","",NA,"","",NA,"True","","",14063,"Palm ruff","cojinoba palmera","cojinoba palmera","","Restricted to the southeastern Pacific, from central Chile to central Peru, and Galapagos.","","Habitat: Uncommon in the  Archipelago, perhaps restricted  to the southern areas of cooler  waters.","","Size> Reaches lengths not greater than 1 meter.",""
"205","Eukaryota","Animalia","Chordata","Actinopterygii","Perciformes","",NA,"Centropomidae","",NA,"Centropomus","viridis","","Lockington, 1877","Na","Id","NE",1,"","","","",NA,"",NA,NA,NA,"","True","","","",NA,"","",NA,"True","","",13254,"White snook","robalo, robalo plateado, robalo blanco.","","","Restricted  to the  eastern Pacific from  Asuncion Island on the  outer  coast of Baja California and the Gulf of  California to Peru, and Galapagos.","","Natural History:  Snook are  considered  an excellent  food fish among the  Galapagos. Caught  on hand- casted lines with  silverside or thread  herring  bait, the  catch  is  relatively  low and  of no  commercial  significance.","","Size> To length 1.5 m.",""
"206","Eukaryota","Animalia","Chordata","Actinopterygii","Perciformes","",NA,"Chaetodontidae","",NA,"Chaetodon","humeralis","","Günther, 1860","Na","Id","NE",1,"","","","",NA,"",NA,NA,NA,"","True","","","",NA,"","",NA,"True","","",7743,"Three-banded butterflyfish","mariposa de tres bandas","mariposa de tres bandas","","Eastern Pacific; Baja from California to Peru including Ecuador and Galapagos Islands and Cocos, Malpelo","","Habitat: Rocky bottom and regions of coral development","","Silver-gray. Black border on rear dorsal and anal fins. Three black bands on tail. Size: to about 25 cm, uncommon over 15 cm","Talla: hasta ± 25 cm, no común más que 15 cm"
"207","Eukaryota","Animalia","Chordata","Actinopterygii","Perciformes","",NA,"Cichlidae","",NA,"Oreochromis","niloticus","","(Linnaeus, 1758)","In","Ac","NE",1,"","","","",NA,"",NA,NA,NA,"","True","","","",NA,"","",NA,"True","","",5020,"Black tilapia, Nile tilapia","tilapia negra","","","Restricted to El Junco, San Cristóbal Island","","The Nile Tilapia is a freshwater fish, commonly farmed for food, but which has also escaped and naturalized in the wild. It has a spiny dorsal fin and dark vertical bands and can grow up to 5 kg. It is an omnivore, grows quickly, and breeds in the first year. Both parents tend the eggs and young in their mouth.","","The Black Tilapia is a freshwater fish, commonly farmed for food, but which has also escaped and naturalized in the wild. It has a spiny dorsal fin and dark vertical bands and can grow up to 5 kg.","La tilapia del Nilo es un pez de agua dulce, comúnmente cultivada para la alimentación, la cual se ha escapado y naturalizado. Tiene una aleta dorsal espinosa y bandas verticales oscuras y puede crecer hasta 5 kg. Se trata de un omnívoro, crece rápidamente y se reproduce en el primer año. Ambos padres cuidan de los huevos y crías en su boca."
"208","Eukaryota","Animalia","Chordata","Actinopterygii","Perciformes","",NA,"Cirrhitidae","",NA,"Cirrhitichthys","oxycephalus","","(Bleeker, 1855)","Na","Id","NE",1,"","","","",NA,"",NA,NA,NA,"","True","","","",NA,"","",NA,"True","","",7750,"Coral hawkfish","halcón de coral","halcón de coral","Syn.: Cirrhites grandimaculatus Liénard, 1891, Cirrhites murrayi Regan, 1909, Cirrhites oxycephalus Bleeker, 1855, Cirrhitichthys corallicola Tee-Van, 1940, Cirrhitychthys oxycephalus (Bleeker, 1855) (misspelling)<br>Cirritichthys oxycephalus (Bleeker, 1855) (misspelling), fide Appeltans et al. (2010)","Tropical and subtropical waters; in the eastern Pacific from the central Gulf of California to Colombia, and Clipperton, Cocos, Malpelo, Revillagigedos and Ecuador in the Galapagos Islands.","","Habitat: Regions of coral development, lava, and rocky shores; to depths of 40 m.","","Short pointed snout. Tassels on tips of dorsal fin spines. Size: To 10 cm.",""
"209","Eukaryota","Animalia","Chordata","Actinopterygii","Perciformes","",NA,"Cirrhitidae","",NA,"Cirrhitus","rivulatus","","Valenciennes, 1846","Na","Id","NE",1,"","","","",NA,"",NA,NA,NA,"","True","","","",NA,"","",NA,"True","","",7751,"Hieroglyphic hawkfish, giant hawkfish","carabalí, mero chino","carabalí","Syn.: Cirrhites rivulatus Valenciennes, 1846 (misspelling), fide Appeltans et al. (2010)","Eastern Pacific, from upper Gulf of California to Colombia, and Clipperton, Cocos, Malpelo, Revillagigedos and Galapagos. Unknown from the mainland of Ecuador.","","Habitat: Solitary, bottom-living; found in shallow waters along the rocky shorelines and in reef areas.","","Medium to light olive to brown. Large, fat lips; tassels on tips of dorsal fin spines. Juvenile - Orange scrawled markings on top of head and red first dorsal fin. Lengths of at least 43 cm.",""
"210","Eukaryota","Animalia","Chordata","Actinopterygii","Perciformes","",NA,"Cirrhitidae","",NA,"Oxycirrhites","typus","","Bleeker, 1857","Na","Id","NE",1,"","","","",NA,"",NA,NA,NA,"","True","","","",NA,"","",NA,"True","","",7752,"Longnose hawkfish","halcón narizón","halcón narizón","Syn.: Oxycirrhitus typus Bleeker, 1857 (misspelling), fide Appeltans et al. (2010)","Tropical Pacific, ranging in the eastern Pacific from Baja California to Panama, and Galapagos.Wide spread in tropical indo pacific. Central eastern Gulf of California to northern Ecuador. Galápagos and Malpelo.","","Habitat: Deepwater species, most common at 23-46m","","Size: Lengths of 8.5 cm, Tassels on tips of dorsal fin spines.",""
"211","Eukaryota","Animalia","Chordata","Actinopterygii","Perciformes","",NA,"Coryphaenidae","",NA,"Coryphaena","equiselis","","Linnaeus, 1758","Na","Id","",1,"","","","",NA,"",NA,NA,NA,"","True","","","",NA,"","",NA,"True","","",13498,"Pompano dolphinfish","dorado, dorado chato","","","circumtropical","","","","",""
"212","Eukaryota","Animalia","Chordata","Actinopterygii","Perciformes","",NA,"Coryphaenidae","",NA,"Coryphaena","hippurus","","Linnaeus, 1758","Na","Id","NE",1,"","","","",NA,"",NA,NA,NA,"","True","","","",NA,"","",NA,"True","","",11578,"Common dolphinfish","dorado comun","dorado","Syn.: Coryphaena argyrurus Valenciennes, 1833, Coryphaena chrysurus Lacepède, 1801, Coryphaena dolfyn Valenciennes, 1833, Coryphaena dorado Valenciennes, 1833, Coryphaena fasciolata Pallas, 1770, Coryphaena immaculata Agassiz, 1831, Coryphaena imperialis Rafinesque, 1810, Coryphaena japonica Temminck & Schlegel, 1845, Coryphaena margravii Valenciennes, 1833, Coryphaena nortoniana Lowe, 1839, Coryphaena scomberoides Valenciennes, 1833, Coryphaena suerii Valenciennes, 1833, Coryphaena virgata Valenciennes, 1833, Coryphaena vlamingii Valenciennes, 1833, Lampugus siculus Valenciennes, 1833, Lepimphis hippuroides Rafinesque, 1810, Scomber pelagicus Linnaeus, 1758, fide Appeltans et al. (2010)","Throughout tropical waters, in the eastern Pacific from Washington to Chile and Galapagos","","Habitat: Open surface waters.","","Size: To 200cm, most common to 100cm.",""
"213","Eukaryota","Animalia","Chordata","Actinopterygii","Perciformes","",NA,"Dactyloscopidae","",NA,"Dactyloscopus","lacteus","","(Myers & Wade, 1946)","Na","En","",1,"","","","",NA,"",NA,NA,NA,"","True","","","",NA,"","",NA,"True","","",13993,"Milky sand stargazer","mirador de estrellas blanco","mirador de estrellas blanco","","Endemic to the Galapagos.","","Habitat:  Common, known from tidepools and shallow coastal regions between 2 and 9 m. It inhabits black volcanic sand and coarse, white coral sand.","","Size> This species ranges in size from 28 mm, at metamorphosis, to  50 mm.",""
"214","Eukaryota","Animalia","Chordata","Actinopterygii","Perciformes","",NA,"Dactyloscopidae","",NA,"Gillellus","semicinctus","","Gilbert, 1890","Na","Id","",1,"","","","",NA,"",NA,NA,NA,"","True","","","",NA,"","",NA,"True","","",13994,"","","","","Eastern Pacific","","","","",""
"215","Eukaryota","Animalia","Chordata","Actinopterygii","Perciformes","",NA,"Dactyloscopidae","",NA,"Myxodagnus","sagitta","","Myers & Wade, 1946","Na","En","",1,"","","","",NA,"",NA,NA,NA,"","True","","","",NA,"","",NA,"True","","",13997,"Arrow stargazer.","mirador de estrellas flecha.","mirador de estrellas flecha.","","Endemic to  the Galapagos.","","Habitat:  Found in sandy substrata throughout the  Archipelago. The original Galapagos specimen was dredged in deep water 18-46 m.","","Size> Grows to lengths of 61 mm. The smallest  metamorphosed male measured 34 mm.",""
"216","Eukaryota","Animalia","Chordata","Actinopterygii","Perciformes","",NA,"Dactyloscopidae","",NA,"Platygillellus","rubellulus","","(Kendall & Radcliffe, 1912)","Na","En","",1,"","","","",NA,"",NA,NA,NA,"","True","","","",NA,"","",NA,"True","","",13211,"Shortfin sand stargazer","mirador de estrellas aletita.","mirador de estrellas aletita.","","Endemic  to  the  Galapagos","","Habitat: Found in a variety of sandy habitats, including  patches of volcanic and coral sand among rocks, in rocky crevices, and on beaches.","","Size> Grow  to lengths of 62 mm. Males mature at 41 mm, and females mature at 44 mm.",""
"217","Eukaryota","Animalia","Chordata","Actinopterygii","Perciformes","",NA,"Echeneidae","",NA,"Echeneis","naucrates","","Linnaeus, 1758","Na","Id","",1,"","","","",NA,"",NA,NA,NA,"","True","","","",NA,"","",NA,"True","","",13505,"Live sharksucker","Rémora, Pega, Pegatimon, Pegador","","Syn.: Echeneis chiromacer Duméril, 1858, Echeneis fasciata Gronow, 1854, Echeneis fusca Gronow, 1854, Echeneis guaican Poey, 1860, Echeneis lunata Bancroft, 1831, Echeneis metallica Poey, 1860, Echeneis naucratus Linnaeus, 1758 (misspelling), Echeneis neucrates Linnaeus, 1758 (misspelling), Echeneis scaphecrates Duméril, 1858, Echeneis vittata Rüppell, 1838, Echensis naucrates Linnaeus, 1758 (misspelling), Echneis naucrates Linnaeus, 1758 (misspelling), Leptecheneis flaviventris Seale, 1906, Leptecheneis naucrates (Linnaeus, 1758), fide Appeltans et al. (2010)","circumtropical","","","","",""
"218","Eukaryota","Animalia","Chordata","Actinopterygii","Perciformes","",NA,"Eleotridae","",NA,"Dormitator","latifrons","","(Richardson, 1844)","Na","Id","",1,"","","","",NA,"",NA,NA,NA,"","True","","","",NA,"","",NA,"True","","",13212,"Pacific fat sleeper","chalaco, chame, porroco, poyoco, dormilón, camote del Pacífico","","","Eastern Pacific","","","","",""
"219","Eukaryota","Animalia","Chordata","Actinopterygii","Perciformes","",NA,"Eleotridae","",NA,"Eleotris","picta","","Kner, 1863","Na","Id","",1,"","","","",NA,"",NA,NA,NA,"","True","","","",NA,"","",NA,"True","","",14004,"Spotted sleeper","guavina machada, mongolo, vieja, dormilon manchado","dormilon manchado","","Eastern Pacific, from Mexico, to Gorgona island and Port  Utria, Colombia, and  Galapagos.","","Habitat: Known from only one  specimen collected in a  freshwater  stream naer Playa  negra, Floreana.","","Size> To  lengths of at least  21 cm.",""
"220","Eukaryota","Animalia","Chordata","Actinopterygii","Perciformes","",NA,"Eleotridae","Eleotrinae",NA,"Gobiomorus","maculatus","","(Günther, 1859)","Na","Id","",1,"","","","",NA,"",NA,NA,NA,"","True","","","",NA,"","",NA,"True","","",14005,"Pacific sleeper","cawa","","","Eastern Pacific","","","","",""
"221","Eukaryota","Animalia","Chordata","Actinopterygii","Perciformes","",NA,"Embiotocidae","",NA,"Cymatogaster","aggregata","","Gibbons, 1854","Na","Id","",1,"","","","",NA,"",NA,NA,NA,"","True","","","",NA,"","",NA,"True","","",15546,"Shiner perch","","","Syn.: Cymatogaster aggregatus Gibbons, 1854, Cymatogaster gracilis Tarp, 1952, Metrogaster lineolatus Agassiz, 1861, fide Appeltans et al. (2010)","Baja Califronia","","Habitat: In bays around piers, sandy bottoms and mangrove areas","","Length 25 centimeter",""
"222","Eukaryota","Animalia","Chordata","Actinopterygii","Perciformes","",NA,"Epigonidae","",NA,"Epigonus","merleni","","McCosker & Long, 1997","Na","En","",1,"","","","",NA,"",NA,NA,NA,"","True","","","",NA,"","",NA,"True","","",13489,"","","","","","","","","",""
"223","Eukaryota","Animalia","Chordata","Actinopterygii","Perciformes","",NA,"Gempylidae","",NA,"Gempylus","serpens","","Cuvier, 1829","Na","Id","",1,"","","","",NA,"",NA,NA,NA,"","True","","","",NA,"","",NA,"True","","",14032,"Snake mackerel","escolar  de  canal","escolar de  canal","","Known  in all tropical  seas of  the  world; in the eastern Pacific they range from San Pedro, California, to central Chile.","","Habitat: Uncommon, because these fishes occur in depths greater than 150 meters during the  day.","","Size> Probably  reach  lengths of at least 2 meters.",""
"224","Eukaryota","Animalia","Chordata","Actinopterygii","Perciformes","",NA,"Gempylidae","",NA,"Lepidocybium","flavobrunneum","","(Smith, 1843)","Na","Id","",1,"","","","",NA,"",NA,NA,NA,"","True","","","",NA,"","",NA,"True","","",14029,"escolar","escolar negro, mírame lindo","mírame lindo","","circumtropical","","","","",""
"225","Eukaryota","Animalia","Chordata","Actinopterygii","Perciformes","",NA,"Gempylidae","",NA,"Nealotus","tripes","","Johnson, 1865","Na","Id","",1,"","","","",NA,"",NA,NA,NA,"","True","","","",NA,"","",NA,"True","","",14031,"","","","","circumtropical","","","","",""
"226","Eukaryota","Animalia","Chordata","Actinopterygii","Perciformes","",NA,"Gempylidae","",NA,"Ruvettus","pretiosus","","Cocco, 1833","Na","Id","",1,"","","","",NA,"",NA,NA,NA,"","True","","","",NA,"","",NA,"True","","",14033,"Oilfish","escolar","","","circumtropical","","","","",""
"227","Eukaryota","Animalia","Chordata","Actinopterygii","Perciformes","",NA,"Gerreidae","",NA,"Diapterus","peruvianus","","(Cuvier, 1830)","Na","Id","",1,"","","","",NA,"",NA,NA,NA,"","True","","","",NA,"","",NA,"True","","",13554,"Peruvian mojarra, shortsnout mojarra","mojarra, mojarra pedorra, mojarra aletas amarillas, periche, mojarra cortiaguda","mojarra cortiaguda","","Eastern Pacific, from  Baja  California  and the lower Gulf  of California  to northern Peru, and Galapagos. Known  to enter tidal streams.","","Habitat:  Shallow water  over sandy substrata, and on mud flats in mangrove lagoons.","","Size> Reaches  lengths of 210 mm.",""
"228","Eukaryota","Animalia","Chordata","Actinopterygii","Perciformes","",NA,"Gerreidae","",NA,"Eucinostomus","argenteus","","Baird & Girard, 1855","Na","Id","NE",1,"","","","",NA,"",NA,NA,NA,"","True","","","",NA,"","",NA,"True","","",7807,"Silver mojarra","mojarra, Española plateada, mojarra plateada","","","Eastern Pacific and Atlantic, Baja California to Peru, Galapagos","","Sandy shores to mangrove areas","","Length 15 cm",""
"229","Eukaryota","Animalia","Chordata","Actinopterygii","Perciformes","",NA,"Gerreidae","",NA,"Eucinostomus","californiensis","","(Gill, 1862)","NoData","NoData","",6,"","","","",NA,"",NA,NA,NA,"","","","","True",NA,"","",NA,"","True","",15547,"Blue porcupinefish","","","J. McCosker: E. californiensis is a valid Eastern Pacific species erroneouly reported from Galapagos","","","","","",""
"230","Eukaryota","Animalia","Chordata","Actinopterygii","Perciformes","",NA,"Gerreidae","",NA,"Eucinostomus","currani","","Zahuranec, 1980","Na","Id","",1,"","","","",NA,"",NA,NA,NA,"","True","","","",NA,"","",NA,"True","","",13555,"Pacific flagfin mojarra","mojarra tricolor, mojarra tricolor, mojarrita bandera, palmito bandera, leiro","","","Eastern Pacific","","","","",""
"231","Eukaryota","Animalia","Chordata","Actinopterygii","Perciformes","",NA,"Gerreidae","",NA,"Eucinostomus","dowii","","(Gill, 1863)","Na","Id","NE",1,"","","","",NA,"",NA,NA,NA,"","True","","","",NA,"","",NA,"True","","",7670,"Silver mojarra, Pacific spotfin mojarra","mojarilla plateada","Mojarra plateada","Syn.: Diapterus dowii Gill, 1863, fide Appeltans et al. (2010)","Eastern Pacific, from southern California to Peru and Ecuador in the Galapagos Islands (no other oceanic islands)","","Habitat: Young fish inhabit mangrove lagoons, adults move into deeper water over sand bottoms","","Dorsal fin dusky. Protusible mouth and deeply forked tail. Length of 19 cm",""
"232","Eukaryota","Animalia","Chordata","Actinopterygii","Perciformes","",NA,"Gerreidae","",NA,"Eucinostomus","gracilis","","(Gill, 1862)","Na","Id","",1,"","","","",NA,"",NA,NA,NA,"","True","","","",NA,"","",NA,"True","","",13556,"Graceful mojarra","Mojarra, Mojarra charrita, Mojarra leiro, Palometa","","","Eastern Pacific","","","","",""
"233","Eukaryota","Animalia","Chordata","Actinopterygii","Perciformes","",NA,"Gerreidae","",NA,"Eugerres","lineatus","","(Humboldt, 1821)","Na","Id","",1,"","","","",NA,"",NA,NA,NA,"","True","","","",NA,"","",NA,"True","","",13557,"Streaked mojarra","mojarra, palometa, mojarra china","","","Eastern Pacific","","","","",""
"234","Eukaryota","Animalia","Chordata","Actinopterygii","Perciformes","",NA,"Gerreidae","",NA,"Gerres","cinereus","","(Walbaum, 1792)","Na","Id","",1,"","","","",NA,"",NA,NA,NA,"","True","","","",NA,"","",NA,"True","","",13558,"Yellowfin  mojarra","mojarra rayada, mojarra blanca","mojarra blanca","Syn.: Mugil cinereus Walbaum, 1792, fide Appeltans et al. (2010)","Eastern Pacific and Atlantic, from Cape San Juan and the Gulf of California to Peru, and Galapagos.","","Beaches and sandy areas, including regions of coral development.<br>Large  adults have  been observed  in deeper water  and adjacent reef areas, and  juveniles  have been collected  from Beagle  Crater, Lake, Isabela.","","Size> This is the largest Galapagos mojarra, reaching  lengths of at least 38 cm.",""
"235","Eukaryota","Animalia","Chordata","Actinopterygii","Perciformes","",NA,"Gerreidae","",NA,"Gerres","sp.","","","NoData","NoData","",3,"","","","",NA,"",NA,NA,NA,"","True","","","",NA,"","",NA,"True","","",13214,"","","","","","","","","",""
"236","Eukaryota","Animalia","Chordata","Actinopterygii","Perciformes","",NA,"Gobiidae","",NA,"Lythrypnus","gilberti","","(Heller & Snodgrass, 1903)","Na","En","NE",1,"","","","True",NA,"",NA,NA,NA,"","True","","","",NA,"","",NA,"True","","",7698,"Galápagos bluebanded goby","gobio bonito de Galápagos, Gobio de bandas azules de Galápagos","gobio barbero de bandas azules, Gobio de bandas azules de Galápagos","Syn.: Gobius gilberti Heller & Snodgrass, 1903, fide Appeltans et al. (2010)","Endemic to Ecuador in the Galapagos Islands.","","Habitat: Inhabit small reeses on rocky reefs, slopes and walls.","","Often body behind head gradates from red to dark maroon. Blue markings on head; translucent fins. First spine of dorsal fin long. Size: To about 6.4 cm.",""
"237","Eukaryota","Animalia","Chordata","Actinopterygii","Perciformes","",NA,"Haemulidae","",NA,"Haemulon","sexfasciatum","","Gill, 1862","Na","Id","NE",1,"","","","",NA,"",NA,NA,NA,"","True","","","",NA,"","",NA,"True","","",7758,"Greybar grunt, graybar grunt","ronco almejero, roncador almejero","burro almejero, burro","Syn.: Haemulon sexfasciatus Gill, 1862, fide Appeltans et al. (2010)","Eastern Pacific, from California to Panama. Gulf of California and Baja California to Ecuador in the Galápagos and Malpelo Islands.","","Habitat: Schooliing species, mostly common over sandy areas","","Silvery gray with darkish scale markings; Dusky spots on snout and gill cover; occasionally yellowish back. Scales less obvious and more lightly marked than those of Burrito Grunt and Mojarra Grunt. Length of 48cm",""
"238","Eukaryota","Animalia","Chordata","Actinopterygii","Perciformes","",NA,"Haemulidae","",NA,"Orthopristis","chalceus","","Günther, 1864","Na","Id","NE",1,"","","","",NA,"",NA,NA,NA,"","True","","","",NA,"","",NA,"True","","",7776,"Brassy grunt","corcovado zapata","corcovado zapata","Syn.: Pristipoma chalceum Günther, 1864, fide Appeltans et al. (2010)","Southern Baja and central Gulf of California to Northern Peru and Ecuador in Galápagos islands.","","Found over sand botton and on rock walls","","Silver-gray with wavy, brass-colored lines that angle across back and sides above lateral line; iris yellow gold; fins blue-black except the pectorals, which are pale. Body is rather deep, with an elevated back.",""
"239","Eukaryota","Animalia","Chordata","Actinopterygii","Perciformes","",NA,"Haemulidae","",NA,"Xenichthys","agassizii","","Steindachner, 1876","Na","En","NE",1,"","","","",NA,"",NA,NA,NA,"","","","","True",NA,"","",NA,"","True","",17966,"White salema","ojón blanca","ojón blanca","Syn.: Xenichthys agassizi Steindachner, 1876 (misspelling) fide Appeltans et al. (2013)","Endemic to Ecuador in Galapagos Islands,","","Habitat: Schools over sandy areas.","","Elongate, relatively thin body compared to other grunts. Back bright silver-gray fading to silvery white belly. Length of 22 cm",""
"240","Eukaryota","Animalia","Chordata","Actinopterygii","Perciformes","",NA,"Haemulidae","",NA,"Xenocys","jessiae","","Jordan & Bollman, 1890","Na","En","NE",1,"","","","",NA,"",NA,NA,NA,"","True","","","",NA,"","",NA,"True","","",7762,"Black-striped salema","ojón rayado, ojon","ojón","","Endemic to Ecuador in Galapagos islands","","Habitat: Dense schools in shallow waters","","Elongate, relatively thin body compared to other grunts. Back dark silver-gray, often with yellowish green, yellowish blue or blue-green tints, fading to lighter silver sides and silvery white belly. Length of 30cm",""
"241","Eukaryota","Animalia","Chordata","Actinopterygii","Perciformes","",NA,"Haemulidae","Haemulinae",NA,"Orthopristis","forbesi","","Jordan & Starks, 1897","Na","En","NE",1,"","","","",NA,"",NA,NA,NA,"","True","","","",NA,"","",NA,"True","","",7760,"Forbes grunt, Galápagos grunt","roncador de Forbes","roncador de Galápagos","","Endemic to Ecuador in Galapagos Islands.","","Habitat: Schooling species; above reefs and hard substrate with good water movement","","Silvery gray with darkish scales markings forming wavy lines that angle across back. Scales less obvious and more lightly marked than those of the Mojarra Grunt [below] and Burrito Grunts. Size: 15-25cm",""
"242","Eukaryota","Animalia","Chordata","Actinopterygii","Perciformes","",NA,"Istiophoridae","",NA,"Istiophorus","platypterus","","(Shaw, 1792)","Na","Id","",1,"","","","",NA,"",NA,NA,NA,"","True","","","",NA,"","",NA,"True","","",14057,"Pacific sailfish","picudo banderón, pez vela del Indo-Pacífico, volador","picudo","Syn.: Histiophorus dubius Bleeker, 1873 (misspelling), Histiophorus gladius (Bloch, 1793), Histiophorus immaculatus Rüppell, 1830, Histiophorus indicus Cuvier, 1832, Histiophorus orientalis Temminck & Schlegel, 1844, Istiophorus amarui Curtiss, 1944, Istiophorus brookei Fowler, 1933, Istiophorus dubius Bleeker, 1873, Istiophorus eriquius Jordan & Ball, 1926, Istiophorus gladifer Lacepède, 1801, Istiophorus gladius (Bloch, 1793), Istiophorus gladius greyi Jordan & Evermann, 1926, Istiophorus gladus (Bloch, 1793) (misspelling), Istiophorus greyi Jordan & Evermann, 1926, Istiophorus greyii Jordan & Evermann, 1926, Istiophorus immaculatus (Rüppell, 1830), Istiophorus japonicus Jordan & Thompson, 1914, Istiophorus ludibundus Whitley, 1933, Istiophorus orientalis (Temminck & Schlegel, 1844), Istiophorus triactis Klunzinger, 1871, Scomber gladius Bloch, 1793, Xiphias platypterus Shaw, 1792, Xiphias velifer Bloch & Schneider, 1801 (synonym), fide Appeltans et al. (2010)","Tropical and subtropical, California to Chile, in the eastern Pacific, and  all oceanic islands.","","Habitat: An open-ocean  fish that lives  near the  surface, usually above the thermocline. They frequently approach the coast, islands, and  reefs. Sailfish and  black marlin are known to migrate into nearshore  waters where they compete for food and  space.","","Size> Reaches a maximum length of 340 cm and a weight of 100 kg.",""
"243","Eukaryota","Animalia","Chordata","Actinopterygii","Perciformes","",NA,"Istiophoridae","",NA,"Makaira","indica","","(Cuvier, 1832)","Na","Id","",1,"","","","",NA,"",NA,NA,NA,"","True","","","",NA,"","",NA,"True","","",14058,"Black marlin","merlín negro, picudo negro, aguja negra","","Syn.: Histiophorus brevirostris Playfair, 1867, Istiomax indicus (Cuvier, 1832), Istiompax australis Whitley, 1931, Istiompax brevirostris (Playfair, 1867), Istiompax dombraini Whitley, 1954, Istiompax indicus (Cuvier, 1832), Istiompax marlina (Jordan & Hill, 1926), Maikaira indica (Cuvier, 1832) (misspelling), Makaira ampla marlina Jordan & Hill, 1926, Makaira ampla tahitiensis Nichols & LaMonte, 1935, Makaira australis (MacLeay, 1854), Makaira brevirostris Playfair, 1867, Makaira indicus (Cuvier, 1832) (misspelling), Makaira malina Jordan & Hill, 1926 (misspelling), Makaira marhina Jordan & Hill, 1926 (misspelling), Makaira marlina Jordan & Hill, 1926, Makaira marlina marlina Jordan & Hill, 1926, Makaira marlina tahitiensis Nichols & LaMonte, 1935, Makaira mazara tahitiensis Nichols & LaMonte, 1935, Makaira nigricans marlina Jordan & Hill, 1926, Makaira nigricans tahitiensis Nichols & LaMonte, 1935, Makaira xantholineata Deraniyagala, 1956, Malina malina (Jordan & Hill, 1926) (misspelling), Marlina marlina (Jordan & Hill, 1926), Tetrapturus australis Macleay, 1854, Tetrapturus brevirostris (Playfair, 1867), Tetrapturus indicus Cuvier, 1832, fide Appeltans et al. (2010)","Western Pacific, northeast Australia, Polynesia, Central America to Peru, Chile, Ecuador, Galapagos","","","","",""
"244","Eukaryota","Animalia","Chordata","Actinopterygii","Perciformes","",NA,"Istiophoridae","",NA,"Makaira","mazara","","(Jordan & Snyder, 1901)","Na","Id","",1,"","","","",NA,"",NA,NA,NA,"","True","","","",NA,"","",NA,"True","","",14060,"Indo-Pacific blue marlin","merlín rayado, picudo blanco, picudo rollizo, aguja azul del Indo-Pacífico","","Syn.: Eumakaira nigra Hirasaka & Nakamura, 1947, Istiompax howardi Whitley, 1954, Istiompax mazara (Jordan & Snyder, 1901), Makaira ampla mazara (Jordan & Schneider, 1901), Makaira nigra (Hirasaka & Nakamura, 1947), Makaira nigricans mazara (Jordan & Snyder, 1901), Tetrapturus mazara Jordan & Snyder, 1901, fide Appeltans et al. (2010)","Indian and Pacific oceans, Japan, Philippines, Hawaii, California to Chile, Galapagos","","","","Length up to 4.5 meters",""
"245","Eukaryota","Animalia","Chordata","Actinopterygii","Perciformes","",NA,"Kyphosidae","",NA,"Kyphosus","analogus","","(Gill, 1862)","Na","Id","NE",1,"","","","",NA,"",NA,NA,NA,"","True","","","",NA,"","",NA,"True","","",7764,"Blue-bronze sea chub, Striped sea-chub","chopa gris, chopa rayada","chopa rayada","Syn.: Pimelepterus analogus Gill, 1862, fide Appeltans et al. (2010)","Eastern Pacific, from Oceanside,  California to Panama and Ecuador in Galapagos, Southern California to Peru and all the offshore islands of the eastern pacific.","","Habitat: Reefs and coastal inshore water","","Dusky to yellow-bronze pinstripes run length of body; tail dusky. Can display silvery white spots pattern over entire body. If an imaginary line extended upward along rear edge of the anal fin it would extend into upper tail f Size: Up to 35 cm",""
"246","Eukaryota","Animalia","Chordata","Actinopterygii","Perciformes","",NA,"Kyphosidae","",NA,"Kyphosus","elegans","","(Peters, 1869)","Na","En","NE",1,"","","","",NA,"",NA,NA,NA,"","True","","","",NA,"","",NA,"True","","",7765,"Cortez sea chub","chopa Cortés","chopa Cortés","Syn.: Pimelepterus elegans Peters, 1869, fide Appeltans et al. (2010)","Eastern Pacific, from  Baja California and Gulf, along the western coast  of Mexico,  to Costa  Rica  to Panama, also Revillagigedos, Clipperton, Cocos and Ecuador in Galapagos Islands, and Peru.","","Habitat: Close to shore in shallow waters.","","Thin, dark stripes run length of body; tail dusky. Can display silvery white spot pattern over entire body. If an imaginary line extended upward along rear edge of the anal fin, it would pass in front of upper tail fin lobe.  Size: To about 38 cm",""
"247","Eukaryota","Animalia","Chordata","Actinopterygii","Perciformes","",NA,"Kyphosidae","Girellinae",NA,"Girella","fremenvillei","","(Valenciennes, 1846)","Na","En","",1,"","","","",NA,"",NA,NA,NA,"","True","","","",NA,"","",NA,"True","","",14621,"dusky sea chub, dusky chub","chopa negra,  chopa penumbre","chopa negra, chopa penumbre","According to Appeltans et al. (2010) mispelling of Girella freminvillii (Valenciennes, 1846).","Endemic to the Galapagos.","","Habitat: Abundant  in shallow waters in small to large aggregations, where encrusting algae are abundant. They  form small schools and probably  range  throughout the Archipelago, although they  have  not been recorded  from  the northernmost  islands. Juveniles are common in tidepools. Individuals have  been  recorded  from  fernandina, Floreana, Isabela, North Seymour, Pinzon, San Cristobal, and  Santiago.","","Somewhat silvery gray to brown body. Body heavy compared to other members of family. Rarely  exceeding lengths of 46 cm.",""
"248","Eukaryota","Animalia","Chordata","Actinopterygii","Perciformes","",NA,"Kyphosidae","Kyphosinae",NA,"Sectator","ocyurus","","(Jordan & Gilbert, 1882)","Na","Id","NE",1,"","","","",NA,"",NA,NA,NA,"","True","","","",NA,"","",NA,"True","","",7766,"Bluestriped chub","chopa salema","chopa salema","Syn.: Pimelepterus ocyurus Jordan & Gilbert, 1882, fide Appeltans et al. (2010)","Eastern Pacific, from Mexico to Panama and Galapagos. Southern California to Peru and all the offshore islands of the Eastern Pacific. Hawaii, Tahiti and the Marquesas Islands of Polynesia.","","Habitat: Pelagic species, schooling high above reef; individuals are common around oceanic islands and drifting flotsum","","Size: Up to 38 cm, Bluish silver with yellowish dorsal, anal and tail fins. Tail deeply forked. Body more elongate than other membrers of family.",""
"249","Eukaryota","Animalia","Chordata","Actinopterygii","Perciformes","",NA,"Labridae","",NA,"Bodianus","diplotaenia","","(Gill, 1862)","Na","Id","NE",1,"","","","",NA,"",NA,NA,NA,"","True","","","",NA,"","",NA,"True","","",7699,"Mexican hogfish","vieja de piedra, Vieja ribeteada","vieja mexicana, Vieja ribeteada","Syn.: Harpe diplotaenia Gill, 1862, fide Appeltans et al. (2010)","Eastern Pacific, from Baja California and the Gulf of California to Iquique, Chile. Furthermore Clipperton, Cocos, Revillagigedos and Ecuador in Galápagos Islands.","","Habitat: Groups of up to ten individuals inhabit grass beds, coral reefs and rocky bottom. Large male are territorial","","Terminal phase is gray, tinted red to reddish brown or green to blue-green. Large bulbous bump develops on head with age. Young terminal phase lack bump and have pointed snout.. Common to length of 31 cm; maximum record 76 cm.",""
"250","Eukaryota","Animalia","Chordata","Actinopterygii","Perciformes","",NA,"Labridae","",NA,"Bodianus","eclancheri","","(Valenciennes, 1846)","Na","Id","NE",1,"","","","",NA,"",NA,NA,NA,"","True","","","",NA,"","",NA,"True","","",7700,"Harlequin wrasse","vieja mulata, vieja arlequín","vieja arlequín","Syn.: Cossyphus eclancheri Valenciennes, 1846, fide Appeltans et al. (2010)","Eastern Pacific, from Peru to Chile and Ecuador in the Galápagos Islands. Ecuador to Central Chile.","","Habitat: Prefer cold water, inhabit rocky reefs, slopes and areas of boulders and sand.","","Terminal phase often have distinctive bump on forehead. Males and females not distinguished by color, patterns or physical appearance. Juvenile phase is reddish brown to gray with pointed snout. To about 50 cm",""
"251","Eukaryota","Animalia","Chordata","Actinopterygii","Perciformes","",NA,"Labridae","",NA,"Halichoeres","dispilus","","(Günther, 1864)","Na","Id","NE",1,"","","","",NA,"",NA,NA,NA,"","True","","","",NA,"","",NA,"True","","",7702,"Chameleon wrasse","doncella san pedrano, vieja camaleón","vieja camaleón","Syn.: Platyglossus dispilus Günther, 1864, fide Appeltans et al. (2010)","Eastern Pacific, from Puerto Peñasco in the  Gulf of California to Peru, also Cocos and Galápagos","","Habitat: Most common on sand bottom","","Terminal phase can change colors rapidly and dramatically. Head shades of salmon changing to shades of blue-green on body; bright bluish line markings on head often continue as thin stripes on body. Initial phase light reddish. To about 25 cm.",""
"252","Eukaryota","Animalia","Chordata","Actinopterygii","Perciformes","",NA,"Labridae","",NA,"Halichoeres","nicholsi","","(Jordan & Gilbert, 1882)","Na","Id","NE",1,"","","","",NA,"",NA,NA,NA,"","True","","","",NA,"","",NA,"True","","",7703,"Spinster wrasse","doncella solterona, vieja soltera","vieja soltera","Syn.: Platyglossus nicholsi Jordan & Gilbert, 1882, fide Appeltans et al. (2010)","Eastern Pacific, from the Gulf of California to Panama, and Revillagigedos and Ecuador in the Galapagos Islands, Cocos and Malpelo","","Habitat: Shallow water, sand or coral-rubble bottom near areas of coral-reef development in depths between 3 and 27 m.","","TP - Green to blue-green; belly lighter; dorsal and tail fins have rows of small blue spots. Males about 38 cm, females about 25 cm.",""
"253","Eukaryota","Animalia","Chordata","Actinopterygii","Perciformes","",NA,"Labridae","",NA,"Semicossyphus","darwini","","(Jenyns, 1842)","Na","Id","NE",1,"","","","",NA,"",NA,NA,NA,"","True","","","",NA,"","",NA,"True","","",7705,"Pacific red sheepshead, goldspot sheephead","vieja","vieja mancha dorada","Syn.: Cossyphus darwini Jenyns, 1842, Dentex maculatus Perez Canto, 1886, Labrus aper Valenciennes, 1846, Pimelometopon darwini (Jenyns, 1842), Semicossyphus maculatus (Perez Canto, 1886), fide Appeltans et al. (2010)","Eastern Pacific, from Ecuador including Galapagos to Taltal, Chile. Ecuador to central Peru and Galápagos Islands.","","Habitat:  Most abundant in the central and southern regions of the Archipelago, where they prefer deeper  waters, the only region  where they are seen with any frequency by scuba divers in less than 30m is on the west side  of  the Archipelago.","","Size: Common to 46 cm TL (with records to 61 cm at Galapagos). TP - Purplish gray. IP - Maroon to red-brown. TP & IP White chin.",""
"254","Eukaryota","Animalia","Chordata","Actinopterygii","Perciformes","",NA,"Labridae","",NA,"Thalassoma","grammaticum","","Gilbert, 1890","Na","Id","NE",1,"","","","",NA,"",NA,NA,NA,"","True","","","",NA,"","",NA,"True","","",7707,"Green wrasse","Vieja verde","señorita crepusculo","","Indo-Pacific; From Cape San Lucas and the Gulf of Calilfornia to Panama, also Cocos, Revillagigedos and Galapagos","","Habitat: Shallow, exposed reefs and sand-rubble substrata; occur in depths to 65 m.","","Size: Up to 20 cm. Southern Baja California to Columbia and all the offshore islands of the Tropical Eastern Pacific.",""
"255","Eukaryota","Animalia","Chordata","Actinopterygii","Perciformes","",NA,"Labridae","",NA,"Thalassoma","lucasanum","","(Gill, 1862)","Na","Id","NE",1,"","","","True",NA,"",NA,NA,NA,"","True","","","",NA,"","",NA,"True","","",7708,"Cortez rainbow wrasse, rainbow wrasse","arco iris de Cortez, arco iris","arco iris","Syn.: Julis lucasanus Gill, 1862, fide Appeltans et al. (2010)","Eastern Pacific, from Puerto Lobos in the central  Gulf of California to Panama, and Cocos, Malpelo and Ecuador in Galapagos Islands, and all the offshore islands except Clipperton.","","Habitat: Common in shallow water throughout the islands, except on the western side of the Archipelago, where  they may be entirely absent.","","Terminal phase body varies from violet to reddish green; blue dorsal, anal and tail fins. Size: To about 13 cm, terminal-phase males or supermales slightly larger.",""
"256","Eukaryota","Animalia","Chordata","Actinopterygii","Perciformes","",NA,"Labridae","",NA,"Xyrichtys","victory","","Wellington, 1992","Na","En","NE",1,"","","","",NA,"",NA,NA,NA,"","True","","","",NA,"","",NA,"True","","",7709,"Peacock razorfish","viejita pavo real","Viejita pavo real","","Cocos and Ecuador in Galapagos Islands, Central Baja to Columbia. Revillagigedos, Cocos, and Malpelo Islands","","","","Light blue or gray with dusky speckles and three obscure dark bars on sides; juveniles may be uniformly dark brown, mottled, or banded.",""
"257","Eukaryota","Animalia","Chordata","Actinopterygii","Perciformes","",NA,"Lutjanidae","",NA,"Lutjanus","aratus","","(Günther, 1864)","Na","Id","NE",1,"","","","",NA,"",NA,NA,NA,"","True","","","",NA,"","",NA,"True","","",7768,"Mullet snapper","pargo raicero","pargo lisa","Syn.: Mesoprion aratus Günther, 1864, Prionodes macropus Fowler, 1944, fide Appeltans et al. (2010)","Central Gulf of California and Central Baja to Ecuador. Cocos, Malpelo and Ecuador (Galápagos Islands).","","Habitat: Schooling species, can be found in reef habitats, associated to sandy substrata or in estuarine areas.","","Elongate body compared to other snappers. Body silver,with dark to faint bars on back; fins often dusky to black. Maximum length 55cm",""
"258","Eukaryota","Animalia","Chordata","Actinopterygii","Perciformes","",NA,"Lutjanidae","",NA,"Lutjanus","argentiventris","","(Peters, 1869)","Na","Id","NE",1,"","","","",NA,"",NA,NA,NA,"","True","","","",NA,"","",NA,"True","","",7769,"Yellow snappe","pargo amarillo","pargo amarillo","Syn.: Hypoplectrus lamprurus (Jordan & Gilbert, 1882), Mesoprion argentiventris Peters, 1869, Serranus lamprurus Jordan & Gilbert, 1882, fide Appeltans et al. (2010)","Eastern Pacific, from California to Peru, and Ecuador in Galapagos, Gulf of California and Baja California to northern Peru. All oceanic islands of the Eastern Pacific except Clipperton.","","Habitat: Adults are common in rocky areas, where cave and crevices are used for shelter. Juveniles inhabit tidepools, mangrove lagoons, estuarine areas and shallow bays.","","Silver forebody changing to yellow toward rear; rear fins yellow to pale yellow.",""
"259","Eukaryota","Animalia","Chordata","Actinopterygii","Perciformes","",NA,"Lutjanidae","",NA,"Lutjanus","inermis","","(Peters, 1869)","Na","Id","",6,"","","","",NA,"",NA,NA,NA,"","True","","","",NA,"","",NA,"True","","",15479,"Spindle snapper","","","J. McCosker: records doubtful since no specimens known from Galapagos; Syn.: Mesoprion inermis Peters, 1869, Rabirubia inermis (Peters, 1869), fide Appeltan et al. (2010)","","","","","",""
"260","Eukaryota","Animalia","Chordata","Actinopterygii","Perciformes","",NA,"Lutjanidae","",NA,"Lutjanus","jordani","","(Gilbert, 1898)","Na","Id","NE",1,"","","","",NA,"",NA,NA,NA,"","True","","","",NA,"","",NA,"True","","",7770,"Jordan's Snapper, whipper snapper","huachinango, pargo colmillon","huachinango, pargo colmillon","Syn.: Neomaensis jordani Gilbert, 1898, fide Appeltans et al. (2010)","Eastern Pacific, from southern Mexico to nothern Peru, and Cocos, Malpelo and Galapagos","","Habitat: Schooling species, congregating in protected lees of large boulders and recesses in cliffs","","Variable; gray to silver to reddish silver to marron. Maximum length is about 55cm",""
"261","Eukaryota","Animalia","Chordata","Actinopterygii","Perciformes","",NA,"Lutjanidae","",NA,"Lutjanus","novemfasciatus","","Gill, 1862","Na","Id","NE",1,"","","","",NA,"",NA,NA,NA,"","True","","","",NA,"","",NA,"True","","",7771,"Pacific dog snapper","pargo negro, pargo prieto","pargo prieto","Syn.: Jordanichthys holei Evermann & Clark, 1928, Lutjanus prieto Jordan & Gilbert, 1882, Mesoprion pacificus Bocourt, 1868, fide Appeltans et al. (2010)","Eastern Pacific, from California to Peru, and Galapagos","","Habitat: Solitary as adults, nocturnal predators, often seen near reefs and rocky areas to depths of 30m. Juveniles are most common in shallow waters of bays, estuaries and the mouth of freshwater streams.","","Silver to reddish silver. Two protruding canine teeth often visible. Fins silver, reddish silver or yellowish silver. Largest snapper in region. Maximum length of 65cm and weigths of 36kg",""
"262","Eukaryota","Animalia","Chordata","Actinopterygii","Perciformes","",NA,"Lutjanidae","",NA,"Lutjanus","viridis","","(Valenciennes, 1846)","Na","Id","NE",1,"","","","",NA,"",NA,NA,NA,"","True","","","",NA,"","",NA,"True","","",7772,"Blue and gold snapper","pargo azul, pargo azul-dorado","pargo azul, pargo rayado","Syn.: Diacope viridis Valenciennes, 1846, fide Appeltans et al. (2010)","Eastern Pacific; from California to Euador including Galapagos; also Cocos, Malpelo, Revillagigedos and Tres Marias","","Habitat: Large schools, usually near reefs or rocky bottoms","","Golden yellow to yellow body and fins; white belly. Length of 30cm",""
"263","Eukaryota","Animalia","Chordata","Actinopterygii","Perciformes","",NA,"Luvaridae","",NA,"Luvarus","imperialis","","Rafinesque, 1810","Na","Id","",1,"","","","",NA,"",NA,NA,NA,"","True","","","",NA,"","",NA,"True","","",14011,"louvar, luvar","","","","circumtropical","","","","",""
"264","Eukaryota","Animalia","Chordata","Actinopterygii","Perciformes","",NA,"Malacanthidae","",NA,"Caulolatilus","princeps","","(Jenyns, 1840)","Na","Id","NE",1,"","","","",NA,"",NA,NA,NA,"","True","","","",NA,"","",NA,"True","","",7773,"Ocean whitefish","cabezudo, blanquillo","blanquillo","Syn.: Caulolatilus affinis Hildebrand, 1946, Dekaya anomala Cooper, 1863, Latilus princeps Jenyns, 1840, fide Appeltans et al. (2010)","Eastern Pacific; Southern California to Peru and Ecuador in the Galápagos Islands. Indo-Pacific. Brittish Columbia to Peru and all oceanic islands of the Eastern Pacific except Clipperton","","Habitat: Soft sand and mud bottoms; dig in bottom or food. Solitary.","","Elongate, heavy body with smallish mouth. Back silvery light gray to brown; belly white; may have some bluish tinting. Fins often yellowish and may have bluish stripes. Size: At least 50 cm",""
"265","Eukaryota","Animalia","Chordata","Actinopterygii","Perciformes","",NA,"Microdesmidae","",NA,"Clarkichthys","bilineatus","","(Clark, 1936)","Na","Id","",1,"","","","",NA,"",NA,NA,NA,"","True","","","",NA,"","",NA,"True","","",14009,"Flagtail wormfish","Pez gusano colibandera","","","Eastern Pacific","","","","",""
"266","Eukaryota","Animalia","Chordata","Actinopterygii","Perciformes","",NA,"Microdesmidae","",NA,"Microdesmus","dipus","","Günther, 1864","Na","Id","",1,"","","","",NA,"",NA,NA,NA,"","True","","","",NA,"","",NA,"True","","",14010,"Translucent  wormfish","pez  gusano  transparente","pez  gusano  transparente","","Widespread  in the eastern Tropical  Pacific in the Gulf of California, off Jalisco, Mexico, and  Costa Rica, and  Galápagos.","","It was taken in a small, shallow tidepool in Darwin Bay","","Size> To lengths of at least 88mm.",""
"267","Eukaryota","Animalia","Chordata","Actinopterygii","Perciformes","",NA,"Mullidae","",NA,"Mulloidichthys","dentatus","","(Gill, 1862)","Na","Id","NE",1,"","","","",NA,"",NA,NA,NA,"","True","","","",NA,"","",NA,"True","","",7774,"Mexican goatfish, Yellow-tailed goatfish","salmonete barbón,salmonete barbón cola amarillo","salmonete barbón, chivo","Syn.: Upeneus dentatus Gill, 1862, fide Appeltans et al. (2010)","Eastern Pacific, from southern California and the central Gulf of California to Peru and Ecuador in Galapagos","","Habitat: Sand substrate to moderate depths; nocturnal.","","White head and body, often with some bluish tinting. Lengths of 30 cm",""
"268","Eukaryota","Animalia","Chordata","Actinopterygii","Perciformes","",NA,"Nematistiidae","",NA,"Nematistius","pectoralis","","Gill, 1862","Na","Id","",1,"","","","",NA,"",NA,NA,NA,"","True","","","",NA,"","",NA,"True","","",13501,"Roosterfish","papagallo","papagallo","","Eastern Pacific, from San Clemente, California, to Peru, and Galapagos.","","Habitat in Galapagos: A rare  pelagic  species;  occasionally  found in shallow waters  near  reefs and particularly  along  sandy  beaches. Young  fish may occur  in tide pools.","","Size> Lengths  of at least  122 cm, and  45 kg; most are less than 90 cm.",""
"269","Eukaryota","Animalia","Chordata","Actinopterygii","Perciformes","",NA,"Opistognathidae","",NA,"Opistognathus","galapagensis","","Allen & Robertson, 1991","Na","En","NE",1,"","","","",NA,"",NA,NA,NA,"","True","","","",NA,"","",NA,"True","","",7777,"Galápagos jawfish","bocón grande de Galápagos","boca grande de Galápagos","","Ecuador in Galapagos Islands","","Habitat: Areas of sand and mixed rubble.","","Size: 8-13 cm",""
"270","Eukaryota","Animalia","Chordata","Actinopterygii","Perciformes","",NA,"Percichthyidae","",NA,"Howella","pammelas","","(Heller & Snodgrass, 1903)","Na","Id","",1,"","","","",NA,"",NA,NA,NA,"","True","","","",NA,"","",NA,"True","","",13488,"","","","","Eastern Pacific","","","","",""
"271","Eukaryota","Animalia","Chordata","Actinopterygii","Perciformes","",NA,"Polynemidae","",NA,"Polydactylus","approximans","","(Lay & Bennett, 1839)","Na","Id","",1,"","","","",NA,"",NA,NA,NA,"","True","","","",NA,"","",NA,"True","","",13562,"Blue bobo","aguapuro, guapuro azul, barbudo azul, barbudo seis barbas","barbudo seis barbas.","","Restricted  to the eastern  Pacific, from Monterey Bay, California, to Callao, Peru,and  Galapagos.","","A  single small specimen. No  specific lacality was given. Probably rare in the Archipelago.","","Size> Up to 36 cm, and  weighed  about 2 kg.",""
"272","Eukaryota","Animalia","Chordata","Actinopterygii","Perciformes","",NA,"Pomacanthidae","",NA,"Holacanthus","passer","","Valenciennes, 1846","Na","Id","NE",1,"","","","",NA,"",NA,NA,NA,"","True","","","",NA,"","",NA,"True","","",7779,"King angelfish","pez bandera","pez bandera","","Eastern Pacific; from California to Ecuador and Cocos and Ecuador in Galapagos Islands, Malpelo<br>From California to Ecuador, Cocos and Galapagos","","Habitat: shallow-water areas near coral development.","","Dark blue body. Yellow to orange markings on dorsal and anal fins. Round area, ""crown"" of light blue spots on forehead. Ventral fin of females yellow, males white. Juvenile body yellow to orange with bright blue bands. Size: To about 30 cm, females somewhat   smaller  than  males.",""
"273","Eukaryota","Animalia","Chordata","Actinopterygii","Perciformes","",NA,"Pomacanthidae","",NA,"Pomacanthus","zonipectus","","(Gill, 1862)","Na","Id","",1,"","","","",NA,"",NA,NA,NA,"","True","","","",NA,"","",NA,"True","","",13598,"Cortez angelfish","machín, machín lechuza, angel de Cortés, pez ángel","","","Eastern Pacific","","","","",""
"274","Eukaryota","Animalia","Chordata","Actinopterygii","Perciformes","",NA,"Pomacentridae","",NA,"Abudefduf","concolor","","(Gill, 1852)","Na","Id","NE",1,"","","","",NA,"",NA,NA,NA,"","True","","","",NA,"","",NA,"True","","",7714,"Sergeant majors","sargento mayor","","Syn.: Euschistodus concolor Gill, 1862, Pomacentrus robustus Günther, 1862, fide Appeltans et al. (2010)","Eastern Pacific, El Salvador to Perú and Ecuador in Galápagos","","Habitat: Agitated areas of the rocky shore along the lava coast","","Color gray with 4-5 relatively narrow whitish bars; most of body scales with narrow dark outline; wedge-shaped black mark on pectoral fin base; lips whitish. Length about 20 centimeters",""
"275","Eukaryota","Animalia","Chordata","Actinopterygii","Perciformes","",NA,"Pomacentridae","",NA,"Abudefduf","troschelii","","(Gill, 1862)","Na","Id","NE",1,"","","","",NA,"",NA,NA,NA,"","True","","","",NA,"","",NA,"True","","",7715,"Panamic sergeant major","sargento mayor, petaca banderita","banderita, sargento mayor","Syn.: Glyphidodon troschelii Gill, 1862, fide Appeltans et al. (2010)","Eastern Pacific, from California to southern Peru, also Cocos, Revillagigedos and Ecuador in Galápagos","","Habitat: Shallow waters; small aggregations near coral and rocky reefs. Known from  sites off Bartolome, Punta Espinosa, Fernandina, Cormorant  Bay, Floreana, Hood, Tagus  Cove, Isabela, Santa Cruz, Sullivan Bay, Santiago, and South Seymour.","","Elongated, disk-shaped. Usually yellow back and silver to white head and belly: oftten with bluish and blue-green tints. Breeding males hange color to blue. Lengths of  18 cm.",""
"276","Eukaryota","Animalia","Chordata","Actinopterygii","Perciformes","",NA,"Pomacentridae","",NA,"Azurina","eupalama","","Heller & Snodgrass, 1903","Na","En","",1,"","","","",NA,"",NA,NA,NA,"","True","","","",NA,"","",NA,"True","","",13668,"Galapagos damsel","castañuela punta negro","castañuela punta negro","","Insular  endemic, restricted to Cocos and Galápagos, in different sites off Floreana, Gardiner Bay, Hood, Tagus  Cove, Isabela, Marchena, James Bay and  Sullivan Bay, Santiago, Wreck Bay, San  Cristobal, Academy Bay, Sanya Cruz and Santa  Fe.","","Rocky shores, coral areas and dropoffs, Seems to prefer open  water near  drop-offs, although individuals  are found in a variety  of inshore habitat to  depths  of 30 m.","","Size> To about 15 cm.",""
"277","Eukaryota","Animalia","Chordata","Actinopterygii","Perciformes","",NA,"Pomacentridae","",NA,"Chromis","alta","","Greenfield & Woods, 1980","Na","Id","NE",1,"","","","",NA,"",NA,NA,NA,"","True","","","",NA,"","",NA,"True","","",7712,"Silverstripe chromis","castañeta de aqua profunda, chromis dorso plateado","chromis dorso plateado","","Eastern Pacific, from Thesis Bank on the outer coast of Baja California into the Gulf of California and Ecuador in the Galapagos, Southern Baja California to Southern Mexico and all the offshore Islands","","Habitat: The mexican population appear to occur only in deep water (25 m or greater), but at Galapagos the fish occur in shallow waters (1 to 2 m)","","Elongate, disk-shaped body. Grayish brown to dark charcoal; often some iridescent blue markings. Juvenile is brilliant iridescent blue markings on head and body that fade with maturity. Size: 8-10 cm<br><br><br><br><br><br>Size: 6-10cm",""
"278","Eukaryota","Animalia","Chordata","Actinopterygii","Perciformes","",NA,"Pomacentridae","",NA,"Chromis","atrilobata","","Gill, 1862","Na","Id","NE",1,"","","","",NA,"True",NA,NA,NA,"True","True","","","",NA,"","",NA,"True","","",7713,"Scissortail damselfish, scissortail chromis, white-spot chromis","castañeta conguita, castañeta cola de tijera","castañeta cola de tijera","","Eastern Pacific, from California and Baja California, Mexico, to Peru, also Cocos, Revillagigedos and Ecuador in the Galapagos Islands. All offshore islands except Clipperton","","Habitat: Water column in nearshore waters, near rock ledges or over sand bottom where refuge is readily available.","","Greenish brown to brown and gray; belly lighter shade to white. Size: To about 13 cm.",""
"279","Eukaryota","Animalia","Chordata","Actinopterygii","Perciformes","",NA,"Pomacentridae","",NA,"Microspathodon","bairdii","","(Gill, 1862)","Na","Id","NE",1,"","","","",NA,"",NA,NA,NA,"","True","","","",NA,"","",NA,"True","","",7716,"Sheepshead mickey, bumphead damselfish","jaqueta vistosa, damisela cabeza chichón","damisela cabeza chichón","Syn.: Pomacentrus bairdii Gill, 1862, fide Appeltans et al. (2010)","Eastern Pacific, from California to Ecuador including Galapagos; also Cocos and Revillagigedos, All the offshore islands except Clipperton.","","Habitat: Prefers  surf zones  and  regions of strong  current  where there are lava boulders  among which they can  hide. As adults they are solitary or occur in pairs; nowhere found  in great numbers, and rare on the western side <br>of the  Archipelago. Known from Floreana, North Plazas, and San Cristobal.","","Large, somewhat elongate, disk-shaped. Usually dark brown, occasionally orangish brown or grayish; can pale or darken areas of body (such as head only) or entire body. Juvenile - Blue back with orange to yellow belly. Size: To 31 cm.",""
"280","Eukaryota","Animalia","Chordata","Actinopterygii","Perciformes","",NA,"Pomacentridae","",NA,"Microspathodon","dorsalis","","(Gill, 1862)","Na","Id","NE",1,"","","","",NA,"",NA,NA,NA,"","True","","","",NA,"","",NA,"True","","",7717,"Giant damselfish","jaqueta gigante, damisela gigante","damisela gigante","Syn.: Hypsypops dorsalis Gill, 1862, Microspathodon azurissimus Jordan & Starks, 1895, Microspathodon cinereus Gilbert, 1890, Pomacentrus quadrigutta Gill, 1862, fide Appeltans et al. (2010)","Eastern Pacific, California to Colombia, and Cocos, Revillegigedos and Ecuador in the Galapagos Islands. Southern Baja and lower Gulf of California to Ecuador. All the oceanic islands except Clipperton.","","Habitat: Rocky areas in surge zones and regions of stronge current in shallow waters; adults usually in pairs.","","Large, somewhat elongate, disk-shaped body. Bluish gray; can rapidly pale or darken. Forebodies of breeding males' often silvery gray [bellow]. Juvenile-Bright blue with brilliant iridescent blue spots. Usually to about 25cm, occasionally reaching 31 cm",""
"281","Eukaryota","Animalia","Chordata","Actinopterygii","Perciformes","",NA,"Pomacentridae","",NA,"Stegastes","acapulcoensis","","Fowler, 1944","Na","Id","NE",1,"","","","",NA,"",NA,NA,NA,"","True","","","",NA,"","",NA,"True","","",7719,"Acapulco Gregory, Acapulco damselfish","castañeta indiga","Castañeta indiga","Syn.: Pomacentrus acapulcoensis Fowler, 1944, fide Appeltans et al. (2010)","Eastern Pacific, Lower Gulf of California, to Peru","","Habitat: On rocky substrates in shallow depths","","Length up to 15 centimeter. Drak gray overall, except for a patch of white in the axil of the pectoral fin, visible only when the fish swimming. During season, adult Stegastes acapulcoensis become pale on the anterior half of body.",""
"282","Eukaryota","Animalia","Chordata","Actinopterygii","Perciformes","",NA,"Pomacentridae","",NA,"Stegastes","arcifrons","","(Heller & Snodgrass, 1903)","Na","Id","NE",1,"","","","",NA,"",NA,NA,NA,"","True","","","",NA,"","",NA,"True","","",7720,"Yellowtail damselfish","jaqueto amarillo","damisela cola amarilla","Syn.: Eupomacentrus arcifrons (Heller & Snodgrass, 1903), Pomacentrus arcifrons Heller & Snodgrass, 1903, fide Appeltans et al. (2010)","Eastern Pacific; mainland of Costa Rica (Isla del Caño) and several oceanic islands: Cocos, Malpelo and Ecuador in Galapagos","","Habitat: Rocky areas and regions where coral reefs predominate; common in depths from 10 to 20 m.","","Size: To 16 cm. Elongate disk-shaped body. Grayish brown to dark charcoal; often lighter color on nape. Eyes blue. Juvenile - Dark brown with bright blue edges on dorsal, ventral and anal fins, and blue tint on body.",""
"283","Eukaryota","Animalia","Chordata","Actinopterygii","Perciformes","",NA,"Pomacentridae","",NA,"Stegastes","beebei","","(Nichols, 1924)","Na","Id","NE",1,"","","","True",NA,"",NA,NA,NA,"","True","","","",NA,"","",NA,"True","","",11434,"Galapagos ringtail damselfish","jaqueta rabo blanco","jaquea rabo blanco","Syn.: Eupomacentrus beebei Nichols, 1924, Stegastes leucorus beebei (Nichols, 1924), fide Appeltans et al. (2010)","Eastern tropical Pacific off Panama, also Cocos, Malpelo and Galapagos","","Habitat: Rocky regions and coral reef areas; adults usually in pairs, territorial","","Size: To about 15cm",""
"284","Eukaryota","Animalia","Chordata","Actinopterygii","Perciformes","",NA,"Pomacentridae","",NA,"Stegastes","flavilatus","","(Gill, 1862)","Na","Id","NE",1,"","","","",NA,"",NA,NA,NA,"","True","","","",NA,"","",NA,"True","","",7721,"Beaubremmel gregory","castañeta azul dorado","Castañeta azul dorado","","Eastern Pacific. Central Gulf of California to Peru. Revillagigedos, Cocos and Galápagos Islands.","","","","Light brown to brown, with prominent dark margins on scales, pale bellow; fins dusky brown to yellow.",""
"285","Eukaryota","Animalia","Chordata","Actinopterygii","Perciformes","",NA,"Pomacentridae","Pomacentrinae",NA,"Nexilosus","latifrons","","Tschudi, 1846","Na","Id","NE",1,"","","","",NA,"",NA,NA,NA,"","True","","","",NA,"","",NA,"True","","",7718,"Rusty damselfish, Coquito damselfish","damisela achiotada, damisela coquito.","damisela achiotada, damisela coquito.","Syn.: Nexilosus albemarleus Heller & Snodgrass, 1903, Pomacentrus latifrons Tschudi, 1846, fide Appeltans et al. (2010)","Restricted  to the eastern south  Pacific, from Lobos de Afera, Peru, Chile and the west  side of  the  Archipelago. Ecuador including Galapagos to northern Chile.","","Habitat: restricted  to the lava shores along the west coast of Isabela and  around Fernandina. Usually  near  the  bottom  in pairs, and  never  far from shelter.","","Dark brown; belly and sides of head light brown ; a prominent rust-colored bar on side, directly obove anus; rusty-orange markings on head, black obove with blue iridescence,  the  dorsal and anal fins with bright blue spo. Size: To about  26 cm.",""
"286","Eukaryota","Animalia","Chordata","Actinopterygii","Perciformes","",NA,"Scaridae","",NA,"Scarus","perrico","","Jordan & Gilbert, 1882","Na","Id","NE",1,"","","","",NA,"",NA,NA,NA,"","True","","","",NA,"","",NA,"True","","",7725,"Bumphead parrotfish","loro jorobado, loro guacamayo","loro jorobado","","Eastern Pacific, from the Gulf of California and western coast of Mexico to Peru, and Cocos and Galapagos. Southern Gulf of California to northern Peru. Galápagos and Malpelo Islands","","Habitat: Most abundant in regions of coral development; usually seen  in schools of five to ten individuals.","","Size: To about 76 cm. TP - Grren to blue-green; fins generally more bluish; blue markings radiate from eye; blue bands around mouth. Only parrotfish with no substantial difference in color or markings between IP and TP. Size of bump on head increas.",""
"287","Eukaryota","Animalia","Chordata","Actinopterygii","Perciformes","",NA,"Scaridae","Scarinae",NA,"Scarus","ghobban","","Forsskål, 1775","Na","Id","NE",1,"","","","True",NA,"",NA,NA,NA,"","True","","","",NA,"","",NA,"True","","",7724,"Bluechin parrotfish","loro barbazul","loro barba azul","Syn.: Callyodon apridentatus Smith, 1956, Callyodon dussumieri (Valenciennes, 1840), Callyodon fuscocuneus Fowler, 1935, Callyodon ghobban (Forsskål, 1775), Callyodon guttatus (Bloch & Schneider, 1801), Callyodon speigleri Smith, 1956, Hemistoma reticulata Swainson, 1839, Pseudoscarus californiensis Pellegrin, 1901, Pseudoscarus cantori Bleeker, 1861, Pseudoscarus flavipinnis De Vis, 1885, Pseudoscarus garretti Günther, 1909, Pseudoscarus natalensis Gilchrist & Thompson, 1909, Pseudoscarus nudirostris Alleyne & Macleay, 1877, Pseudoscarus papuensis Macleay, 1883, Scarus apridentatus Smith, Scarus azureus Meek & Hildebrand, 1928, Scarus dussumieri Valenciennes, 1840, Scarus fehlmanni Schultz, 1969, Scarus guttatus Bloch & Schneider, 1801, Scarus haridoides Bleeker, 1855, Scarus lacerta Valenciennes, 1840, Scarus maculosus Lacepède, 1802, Scarus magrathii Bennett, 1841, Scarus noyesi Heller & Snodgrass, 1903, Scarus pepo Bennett, 1830, Scarus pyrrostethus Richardson, 1846, Scarus pyrrostethus australianus Paradice, 1927, Scarus scabriusculus Valenciennes, 1840, Scarus toshi Whitley, 1933, fide Appeltans et al. (2010)","widespread Indo-Pacific species; in the eastern Pacific from the lower Gulf of California to Panama and Galapagos, Widespread in Tropical Indo-Pacific. Southwest Gulf of California to Ecuador. Galápagos, Cocos and Malpelo Islands.","","Habitat: Shallow water, most abundant in regions of coral development.","se encuentran en las regiones de corales.","Size: Common to 46 cm. TP - Green to blue-green; pink central stripe on dorsal and anal fins; blue markings around pectoral fin and underside often yellowish to pinkish.","Tamaño: comunmente de 46 cm."
"288","Eukaryota","Animalia","Chordata","Actinopterygii","Perciformes","",NA,"Sciaenidae","",NA,"Odontoscion","eurymesops","","(Heller & Snodgrass, 1903)","Na","En","NE",1,"","","","",NA,"",NA,NA,NA,"","True","","","",NA,"","",NA,"True","","",7782,"Wide-eye croaker, bronze croaker","bombache ojon, corvina bronce.","corvina bronce","Syn.: Corvula eurymesops Heller & Snodgrass, 1903, fide Appeltans et al. (2010)","An insular endemic; known  only from  Cocos  and Ecuador in Galapagos Islands.","","Habitat: Rocky coastal areas, where they occasionally school in the water column. Also Inshore waters over sandy or muddy substrate.","","Silvery bronze to brown; head darker; fins dusky gray. Blunt snout; squared-off tail. Lenghts of at least 25 cm",""
"289","Eukaryota","Animalia","Chordata","Actinopterygii","Perciformes","",NA,"Sciaenidae","",NA,"Pareques","perissa","","(Heller & Snodgrass, 1903)","Na","En","NE",1,"","","","",NA,"",NA,NA,NA,"","True","","","",NA,"","",NA,"True","","",7783,"Galápagos Rock croaker, Galápagos drum","corvinilla camiseta, Gungo de Galápagos","gungo de Galápagos","Syn.: Sciaena perissa Heller & Snodgrass, 1903, fide Appeltans et al. (2010)","Endemic to the Galapagos Islands.","","Habitat: Shallow inshore waters; known from Fernandina,Floreana, Hood, Isabela, North Seymour, and San Cristobal.","","Size: a small  fish,probably not longer than 23 cm. Drab, dark gray to brown with numerous thin, indistinct stripes. Intermediate - White with three wide stripes alternating with thin stripes and squarish black markings on fins. Juvenile - Yellow to gold with several squarish b",""
"290","Eukaryota","Animalia","Chordata","Actinopterygii","Perciformes","",NA,"Sciaenidae","",NA,"Umbrina","galapagorum","","Steindachner, 1878","Na","En","",1,"","","","",NA,"",NA,NA,NA,"","True","","","",NA,"","",NA,"True","","",13572,"Galapagos croaker","verrugato de  Galápagos","verrugato de Galapagos","","Endemic  to the  Galapagos.","","Habitat: Shallow water above algae covered rock or near sandy beaches. Known from Fernandina, Floreana, Isabela, San Cristobal, and  Santiago.","","Size>  Reach Lengths of at least  41 cm.",""
"291","Eukaryota","Animalia","Chordata","Actinopterygii","Perciformes","",NA,"Scombridae","",NA,"Acanthocybium","solandri","","(Cuvier, 1832)","Na","Id","NE",1,"","","","",NA,"",NA,NA,NA,"","True","","","",NA,"","",NA,"True","","",7800,"Wahoo","peto, guaho","guaho","Syn.: Acanthocybium forbesi Seale, 1912, Acanthocybium petus (Poey, 1860), Acanthocybium sara (Lay & Bennett, 1839), Cybium petus Poey, 1860, Cybium sara Lay & Bennett, 1839, Cybium solandri Cuvier, 1832, Cybium verany Döderlein, 1872, Scomber amarui Curtiss, 1938, fide Appeltans et al. (2010)","Tropical and subtropical waters; in the eastern Pacific from southern Mexico to Peru including all oceanic islands.","","Habitat: oceanic surface-dwelling species; migratory","","Bright silver to dark gray. May display numerous dark bars, especially when stressed. Nine dorsal finlets and widely forked tail. Length to 2.1m FL, weigths of 83kg",""
"292","Eukaryota","Animalia","Chordata","Actinopterygii","Perciformes","",NA,"Scombridae","",NA,"Euthynnus","lineatus","","Kishinouye, 1920","Na","Id","NE",1,"","","","",NA,"",NA,NA,NA,"","True","","","",NA,"","",NA,"True","","",7801,"Black skipjack, Black skipjack tuna","barrilete negro","barrilete negro","","Eastern Pacific, from California to nothern Peru including all oceanic islands","","Habitat: Open-ocean and nearshore, form large schools","","Dark, silver-blue back; silvery to white sides and belly. May have a few faint stripes on belly behind spots.  Up to 99 cm TL.",""
"293","Eukaryota","Animalia","Chordata","Actinopterygii","Perciformes","",NA,"Scombridae","",NA,"Katsuwonus","pelamis","","(Linnaeus, 1758)","Na","Id","",1,"","","","",NA,"",NA,NA,NA,"","True","","","",NA,"","",NA,"True","","",14051,"Skipjack tuna, oceanic bonito","listado","","Syn.: Euthynnus pelamis (Linnaeus, 1758) (Subsequent combination), Euthynnus pelamys (Linnaeus, 1758) (misspelling), Gymnosarda pelamis (Linnaeus, 1758), Gymnosarda pelamys (Linnaeus, 1758) (misspelling), Katsowonus pelamis (Linnaeus, 1758) (misspelling), Katsuwinus pelamis (Linnaeus, 1758) (misspelling), Katsuwonnus pelamis (Linnaeus, 1758) (misspelling), Katsuwonus pelamys (Linnaeus, 1758) (misspelling), Orcynus pelamis (Linnaeus, 1758), Orcynus pelamys (Linnaeus, 1758), Scomber pelamides Lacepède, 1801, Scomber pelamis Linnaeus, 1758, Scomber pelamys Linnaeus, 1758 (misspelling), Thinnus pelamis (Linnaeus, 1758), Thunnus pelamys (Linnaeus, 1758) (synonym), Thynnus pelamis (Linnaeus, 1758), Thynnus pelamys (Linnaeus, 1758) (misspelling), Thynnus vagans Lesson, 1829, fide Appeltans et al. (2010)","British Columbia to Peru, Galapagos<br><br><br><br><br>British Columbia to Peru, Galapagos","","Habitat: Schooling fish in tropical and subtropical open seas","","Length up to one meter",""
"294","Eukaryota","Animalia","Chordata","Actinopterygii","Perciformes","",NA,"Scombridae","",NA,"Sarda","orientalis","","(Temminck & Schlegel, 1844)","Na","Id","NE",1,"","","","",NA,"",NA,NA,NA,"","True","","","",NA,"","",NA,"True","","",7802,"Striped bonito, Indo-Pacific bonito","bonito mono","Bonito","Syn.: Pelamys orientalis Temminck & Schlegel, 1844, Sarda orientalis serventyi Whitley, 1945, Sarda velox Meek & Hildebrand, 1923, fide Appeltans et al. (2010)","Tropical and subtropical Pacific; in the eastern Pacific from Cabo San Lucas, Baja California to the Gulf of Guayaquil, Ecuador and Revillagigedos and Galapagos. Indo-Pacific. Mouth of the Gulf of California to northern Peru. All the offshore islands of the tropical eastern pacific","","Habitat: Pelagic, near-shore","","Length: max. 1.1m; Weigth max. 11kg. Dark, silver-blue back; silvery to white sides and belly. Widely forked tail.",""
"295","Eukaryota","Animalia","Chordata","Actinopterygii","Perciformes","",NA,"Scombridae","",NA,"Scomber","japonicus","","Houttuyn, 1782","Na","Id","",1,"","","","",NA,"True",NA,NA,NA,"","","","","",NA,"","",NA,"","","True",9872,"Chub mackerel","estornino","","Syn.: Pneumatophorus diego (Ayres, 1856), Pneumatophorus japonicus (Houttuyn, 1782), Pneumatophorus japonicus japonicus (Houttuyn, 1782), Pneumatophorus peruanus Jordan & Hubbs, 1925, Scomber capensis Cuvier, 1832 (synonym), Scomber diego Ayres, 1856, Scomber gigas Fowler, 1935 (synonym), Scomber janesaba Bleeker, 1854, Scomber japonicus japonicus Houttuyn, 1782, Scomber japonicus marplatensis (Lopez, 1955), Scomber japonicus peruanus (Jordan & Hubbs, 1925), Scomber joanesaba Bleeker, 1854 (misspelling), Scomber peruanus (Jordan & Hubbs, 1925), Scomber pneumatophorus japonicus Temminck & Schlegel, 1844 (synonym), Scomber saba Bleeker, 1854, Scomber scombrus japonicus Temminck & Schlegel, 1844, fide Appeltans et al. (2010)","Alaska to Chile, Galapagos","","Habitat: Usually found in schools, pelagic","","Length up to 65 cm",""
"296","Eukaryota","Animalia","Chordata","Actinopterygii","Perciformes","",NA,"Scombridae","",NA,"Scomberomorus","sierra","","Jordan & Starks, 1895","Na","Id","NE",1,"","","","",NA,"",NA,NA,NA,"","True","","","",NA,"","",NA,"True","","",7803,"Pacific sierra","carite sierra","sierra del pacifico","","Eastern Pacific from California to Chile, including Galapagos. Southern California to Peru. Galápagos, Cocos and Malpelo Islands.","","Habitat: Neashore schooling fish, and a coastal spawner","","Size: Length of 97cm FL and weight of 5.4kg. Dark, silver-blue back; silvery to white sides and belly. Long, widely forked tail lobes.",""
"297","Eukaryota","Animalia","Chordata","Actinopterygii","Perciformes","",NA,"Scombridae","",NA,"Thunnus","alalunga","","(Bonnaterre, 1788)","Na","Id","",1,"","","","",NA,"",NA,NA,NA,"","True","","","",NA,"","",NA,"True","","",14053,"long-fin tuna","atún blanco","","Syn.: Albacora alalonga (Bonnaterre, 1788) (misspelling), Germo alalonga (Bonnaterre, 1788) (misspelling), Germo alalunga (Bonnaterre, 1788), Germo germo (Lacepède, 1801), Germo germon (Lacepède, 1800), Germo germon steadi Whitley, 1933, Orcynus alalonga (Bonnaterre, 1788) (misspelling), Orcynus alatunga (Gmelin, 1789), Orcynus germo (Lacepède, 1801), Orcynus germon (Lacepède, 1800), Orcynus pacificus Cooper, 1863, Scomber alalunga Cetti, 1777, Scomber alalunga Bonnaterre, 1788, Scomber alatunga Gmelin, 1789, Scomber albicans Walbaum, 1792, Scomber germo Lacepède, 1801, Scomber germo Bennett, 1840, Scomber germon Lacepède, 1800, Thunnus alalonga (Bonnaterre, 1788) (misspelling), Thunnus alalunga (Cetti, 1777) (synonym), Thunnus germo (Lacepède, 1801), Thunnus pacificus (Cuvier, 1832), Thynnus alalonga (Bonnaterre, 1788) (misspelling), Thynnus alalunga (Bonnaterre, 1788), Thynnus pacificus Cuvier, 1832, fide Appeltans et al. (2010)","circumtropical and suntropical Pacific, seasonal in Galapagos during the cool periods","","Habitat: Found in schools on surface in open waters","","Length up to 1.37 meters",""
"298","Eukaryota","Animalia","Chordata","Actinopterygii","Perciformes","",NA,"Scombridae","",NA,"Thunnus","albacares","","(Bonnaterre, 1788)","Na","Id","LC",1,"","","","",NA,"",NA,NA,NA,"","True","","","",NA,"","",NA,"True","","",7804,"Yellowfin tuna","atún de aleta amarilla","atún de aleta amarilla, albacora","Syn.: Germo albacares (Bonnaterre, 1788), Germo albacora (Lowe, 1839), Germo allisoni (Mowbray, 1920), Germo argentivittatus (Cuvier, 1832), Germo itosibi (Jordan & Evermann, 1926), Germo macropterus (Temminck & Schlegel, 1844), Kishinoella zacalles Jordan & Evermann, 1926, Neothunnus albacares (Bonnaterre, 1788), Neothunnus albacora (Lowe, 1839), Neothunnus albacora brevipinna Bellón & Bardán de Bellón, 1949, Neothunnus albacora longipinna Bellón & Bardán de Bellón, 1949, Neothunnus albacora macropterus (Temminck & Schlegel, 1844), Neothunnus allisoni (Mowbray, 1920), Neothunnus argentivittatus (Cuvier, 1832), Neothunnus brevipinna Bellón & Bàrdan de Bellón, 1949, Neothunnus catalinae Jordan & Evermann, 1926, Neothunnus itosibi Jordan & Evermann, 1926, Neothunnus macropterus (Temminck & Schlegel, 1844), Neothunnus macropterus itosibi Jordan & Evermann, 1926, Neothunnus macropterus macropterus (Temminck & Schlegel, 1844), Orcynus albacora (Lowe, 1839), Orcynus macropterus (Temminck & Schlegel, 1844), Orcynus subulatus Poey, 1875, Scomber albacares Bonnaterre, 1788, Scomber albacorus Lacepède, 1800, Scomber sloanei Cuvier, 1832, Semathunnus guildi Fowler, 1933, Semathunnus itosibi (Jordan & Evermann, 1926), Thunnus albacares macropterus (Temminck & Schlegel, 1844), Thunnus albacora (Lowe, 1839), Thunnus allisoni Mowbray, 1920, Thunnus argentivittatus (Cuvier, 1832), Thunnus catalinae (Jordan & Evermann, 1926), Thunnus itosibi (Jordan & Evermann, 1926), Thunnus macropterus (Temminck & Schlegel, 1844), Thunnus zacalles (Jordan & Evermann, 1926), Thynnus albacora Lowe, 1839, Thynnus argentivittatus Cuvier, 1832, Thynnus macropterus Temminck & Schlegel, 1844, fide Appeltans et al. (2010)","Tropical and suptropical waters; in the eastern Pacific from California to nothern Chile, including all oceanic islands, Southern California to Peru and all the oceanic islands. Circumtropical.","","Habitat: Pelagic, schooling fishes","","Silvery, often with often with iridescent bluish tints. Widely forked tail; pectoral fin extends to base of anal fin. Reaches maximum length slightly greater than 2m and weigths of at least 176kg<br>Size: Reaches maximum lengths slightly greater than 2m and weights of at least 176kg",""
"299","Eukaryota","Animalia","Chordata","Actinopterygii","Perciformes","",NA,"Scombridae","",NA,"Thunnus","obesus","","(Lowe, 1839)","Na","Id","",1,"","","","",NA,"",NA,NA,NA,"","True","","","",NA,"","",NA,"True","","",14054,"Bigeye tuna","patudo","","Syn.: Germo obesus (Lowe, 1839), Germo sibi (Temminck & Schlegel, 1844), Neothunnus obesus (Lowe, 1839), Orcynus sibi (Temminck & Schlegel, 1844), Parathunnus mebachi (Kishinouye, 1915), Parathunnus obesus (Lowe, 1839), Parathunnus obesus mebachi (Kishinouye, 1915), Parathunnus sibi (Temminck & Schlegel, 1844), Thunnus abesus (Lowe, 1839) (misspelling), Thunnus mebachi Kishinouye, 1915, Thunnus obesus mebachi Kishinouye, 1915, Thunnus obesus sibi (Temminck & Schlegel, 1844), Thunnus sibi (Temminck & Schlegel, 1844), Thunus obesus (Lowe, 1839) (misspelling), Thynnus obesus Lowe, 1839, Thynnus sibi Temminck & Schlegel, 1844, fide Appeltans et al. (2010)","Tropical and subtropical","","Habitat: Pelagic and oceanic","","Length up to 2.3 meters",""
"300","Eukaryota","Animalia","Chordata","Actinopterygii","Perciformes","",NA,"Serranidae","",NA,"Epinephelus","analogus","","Gill, 1863","Na","Id","LC",1,"","","","",NA,"",NA,NA,NA,"","True","","","",NA,"","",NA,"True","","",7786,"Spotted cabrilla grouper, Spotted cabrilla","mero orillero","mero orillero","Syn.: Serranus courtadei Bocourt, 1868, fide Appeltans et al. (2010)","Eastern Pacific, from California to Peru and at Malpelo, Revillagigedos and Ecuador, Galapagos","","Habitat: Solitary, bottom living, generally on rocky substrate. Juveniles in tidepools or over sandy and rocky bottoms; adults prefer deeper water.","","Green to red-brown to gray, often display five dusky bars on back.Size: To length of about 46 cm",""
"301","Eukaryota","Animalia","Chordata","Actinopterygii","Perciformes","",NA,"Serranidae","",NA,"Liopropoma","fasciatum","","Bussing, 1980","Na","Id","NE",1,"","","","",NA,"",NA,NA,NA,"","True","","","",NA,"","",NA,"True","","",7789,"rainbow basslet, Wrasse ass bass","Merito Arco Iris","Merito Arco Iris","","Eastern Pacific, baja California to Mexico, Ecuador (Galapagos Islands), Central Gulf of California to Peru. Clipperton, Cocos","","Habitat: Steep slopes, deepwater reefs, sany areas beneath overhanging ledges, and submarine canyons.","","Bright red-brown stripe forehead to upper tail border; dark red-brown stripe mid-body; red-brown of belly extends to lower tail border; yellow-gold markings on head. Size: 10-16 cm",""
"302","Eukaryota","Animalia","Chordata","Actinopterygii","Perciformes","",NA,"Serranidae","",NA,"Mycteroperca","olfax","","(Jenyns, 1840)","Na","En","VU",1,"","","","",NA,"",NA,NA,NA,"","True","","","",NA,"","",NA,"True","","",7790,"Galápagos grouper, golden grouper, Bacalao","bacalao","bacalao, bacalao rey","Syn.: Mycteroperca olfax ruberrima Jordan & Bollman, 1890, Serranus olfax Jenyns, 1840, fide Appeltans et al. (2010)","Eastern tropical Pacific from Peru, and Cocos, Malpelo and Ecuador (Galapagos).","","Habitat: Open waters near the bottom or near vertical walls. The numbers  of Bacalao  have  been  dramatically  reduced over recent years,  we attribute this  to local  fishing pressure.","","Gray phase often displays about 10 faint body bars; belly lighter shade. Up to 1m total length.",""
"303","Eukaryota","Animalia","Chordata","Actinopterygii","Perciformes","",NA,"Serranidae","Epinephelinae",NA,"Paranthias","colonus","","(Valenciennes, 1846)","Na","Id","LC",1,"","","","True",NA,"",NA,NA,NA,"","True","","","",NA,"","",NA,"True","","",7791,"Creolefish","gringo","gringo","Syn.: Paranthias pinguis Walford, 1936, Serranus colonus Valenciennes, 1846, fide Appeltans et al. (2010)","Eastern Pacific, from the central Gulf of California to Peru, and Cocos, Revillagigedos, Malpelo and Galapagos, Baja and Gulf of California to northern Ecuador and all the oceanic islands of the Eastern Pacific.","","Habitat: During day this species feed in schools in the water column; at night they disperse near the bottom to rest.","Hábitat: Durante el día esta especies se alimentan en las escuelas de la columna de agua, de noche se dispersan en la parte inferior para descansar.","Size> Grows  to lengths of at least 356 mm. Olive to gray or brownish red back; salmon belly. Reddish forked tail. Juveniles - Yelow with blue markings under eye and spot ringed in blue on pectoral fin. Intermediate - Salmon with dark spot ringed in blue on pe toral fin","Tamaño: Longitud por lo menos de 35.6 cm."
"304","Eukaryota","Animalia","Chordata","Actinopterygii","Perciformes","",NA,"Serranidae","Grammistinae",NA,"Rypticus","bicolor","","Valenciennes, 1846","Na","Id","LC",1,"","","","",NA,"",NA,NA,NA,"","True","","","",NA,"","",NA,"True","","",7792,"Cortez soapfish, mottled soapfish","jabonero de Cortés, jabonero moteado","jabonero de Cortés","Syn.: Rypticus xanti Gill, 1862, fide Appeltans et al. (2010)","Eastern Pacific, from the Gulf of California to Peru, and Cocos and Galapagos, Gulf of California and Southern Baja California to Northern Peru. Galápagos, Clipperton, Malpelo and Cocos Islands.","","Habitat: Nocturnal, during the day they seek out and hide in deep crevices. Usually found in shallow water, not deeper than 70 m; known  from Baltra ,Bartolome, Darwin, Gardner, Isabela, Marchena ,Pinta, Santiago, Santa Cruz, and  Wolf.","","Size: Maximum length of 193 mm. Somewhat flattened body with distinctly rounded ends on dorsal, anal and tail fins. Mottled shades of tan to brown. Small cream, often yellowish, blotches often join to form patches and extend onto dorsal and tail fins",""
"305","Eukaryota","Animalia","Chordata","Actinopterygii","Perciformes","",NA,"Serranidae","Grammistinae",NA,"Rypticus","nigripinnis","","Gill, 1861","Na","Id","LC",1,"","","","True",NA,"",NA,NA,NA,"","True","","","",NA,"","",NA,"True","","",7793,"Black soapfish, twice-spotted soapfish","jabonero negro, jabonero doble punteado","Jabonero negro","Syn.: Promicropterus decoratus Gill, 1863, Rhypticus maculatus Gill, 1862, Rhypticus nigripinnis Gill, 1861 (misspelling), fide Appeltans et al. (2010)","From the Gulf of California to the Gulf of Guayaquil, Ecuador including Galapagos, Gulf of California and Southern Baja California to Northern Peru. Malpelo and Galápagos Islands.","","Habitat: Hidden in dark recesses on rocky reefs and alongs walls during day; nocturnal, preying on small fishes.","Hábitat: Escondido en rincones oscuros en los arrecifes rocosos y paredes durante el día; nocturna, se aprovechan de peces pequeños.","Size: 13-17 cm. Somewhat flattened body with distinctly rounded ends on dorsal, anal and tail fins. Mattled shades of dark brown to black (Mottled Soapfish generally lighter color). Pale, often yellowish, blotches extend on fins and cheeks. L","Tamaño: 13-17 cm."
"306","Eukaryota","Animalia","Chordata","Actinopterygii","Perciformes","",NA,"Serranidae","Serraninae",NA,"Cratinus","agassizii","","Steindachner, 1878","Na","Id","NE",1,"","","","",NA,"",NA,NA,NA,"","True","","","",NA,"","",NA,"True","","",7794,"Grey threadfin seabass","mero cabeza de zorro, plumero","plumero","","Eastern Pacific from coastal regions of Peru and nother Chile and Ecuador, Galapagos","","Habitat: Mangrove areas and shallow bays; rarely seen near reef building corals.","","Dark gray to silvery gray and brownish gray with faint dark bar markings; rear of tail fin dark; pectoral fins yellowish. To length of 56 cm at least",""
"307","Eukaryota","Animalia","Chordata","Actinopterygii","Perciformes","",NA,"Serranidae","Serraninae",NA,"Paralabrax","albomaculatus","","(Jenyns, 1840)","Na","En","NE",1,"","","","",NA,"",NA,NA,NA,"","True","","","",NA,"","",NA,"True","","",7795,"Whitspotted sand bass","camotillo","camotillo","Syn.: Gracila albomaculata (Jenyns, 1840), Serranus albomaculatus Jenyns, 1840, fide Appeltans et al. (2010)","Endemic to the Galapagos Islands","","Habitat: Cold, productive waters. From January to June they are found only in depths greater than 10 m, the rest of the year, however, they may be found along the shore in near surface waters.","","Size: Length of at least 45 cm. Dark yellow-brown to black upper body and forward half of tail; white belly; gold to yellow-brown head, dorsal fin, and rear half of tail fin.",""
"308","Eukaryota","Animalia","Chordata","Actinopterygii","Perciformes","",NA,"Sparidae","",NA,"Archosargus","pourtalesii","","(Steindachner, 1881)","Na","En","NE",1,"","","","",NA,"",NA,NA,NA,"","True","","","",NA,"","",NA,"True","","",7797,"Galapagos seabream, Blackspot porgy","sargo camiseta, camiseta rayada","camiseta rayada, sargo camiseta","Syn.: Sargus pourtalesii Steindachner, 1881, Archosargus pourtalesi (Steindachner, 1881) (misspelling), Sargus pourtalesii Steindachner, 1881, fide Appeltans et al. (2010)","Endemic to Ecuador in the Galapagos Islands","","Habitat:  Prefers  protected areas and bays; locally  abundant  at the harbor on Baltra, at Elizabeth and Cartago  Bays on Isabela, and  periodically off Punta  Espinoza, Fernandina. Probably  ranges  throughout the Archipelago wherever  such habitats are  found.","","Oval body. Back bluish silver, belly silver to whitish silver. To length of 30 cm",""
"309","Eukaryota","Animalia","Chordata","Actinopterygii","Perciformes","",NA,"Sparidae","",NA,"Calamus","brachysomus","","(Lockington, 1880)","Na","Id","NE",1,"","","","",NA,"",NA,NA,NA,"","True","","","",NA,"","",NA,"True","","",7798,"Pacific porgy","pluma marotilla","pluma pacifica","Syn.: Sparus brachysomus Lockington, 1880, fide Appeltans et al. (2010)","Eastern Pacific, from California to Peru and Ecuador in the Galápagos Islands and Malpelo Islands","","Habitat:  Found  throughout  the  islands in shallow to moderate depths over sand bottoms, also mangrove lagoons.","","Silvery gray. Steep snout, smooth convex dorsal outline. Large lips. Scales relatively large and obvious. Small dark spot on base of pectoral fin. Reaches lengths of 38.5 cm, probably not larger  than 40 cm.",""
"310","Eukaryota","Animalia","Chordata","Actinopterygii","Perciformes","",NA,"Sparidae","",NA,"Calamus","taurinus","","(Jenyns, 1840)","Na","Id","NE",1,"","","","",NA,"",NA,NA,NA,"","True","","","",NA,"","",NA,"True","","",7799,"Galápagos porgy","pluma palma, pluma de Galápagos","pluma de Galápagos","Syn.: Chrysophrys taurina Jenyns, 1840, fide Appeltans et al. (2010)","Eastern Pacific, Peru and Ecuador including Galapagos, tropical,subtropical, and temperate regions of the world, in marine, brackish, and fresh waters.","","Habitat: Prefers sand and silt bottoms in deep waters (>30m); known  from Floreana, Hood, Isabela, North Seymour, and San  Cristobal. Juveniles  may be  found in shallow  waters.","","Silver back with whitish silver belly. Steep forehead (nape) and snout, smooth convex dorsal outline and highly arched mid-line. Large lips. Scales relatively large and obvious. Small dark spot on base of pectoral fin. Snout. Up to length of 35.5 cm",""
"311","Eukaryota","Animalia","Chordata","Actinopterygii","Perciformes","",NA,"Sphyraenidae","",NA,"Sphyraena","idiastes","","Heller & Snodgrass, 1903","Na","Id","NE",1,"","","","",NA,"",NA,NA,NA,"","True","","","",NA,"","",NA,"True","","",7805,"Pelican barracuda","picuda pelícano","barracuda pelicano","","Eastern Pacific. Colombia to Peru. Galápagos, Cocos and Malpelo Islands","","Habitat: Schmall schools; smaller fish are coastal, larger fish inhabit deeper waters","","Size: Up to 0.9m. Often have darkish bars on back.",""
"312","Eukaryota","Animalia","Chordata","Actinopterygii","Perciformes","",NA,"Stromateidae","",NA,"Peprilus","medius","","(Peters, 1869)","Na","Id","",1,"","","","",NA,"",NA,NA,NA,"","True","","","",NA,"","",NA,"True","","",14070,"Pacific harvestfish","gallinazo, pámpano, palometa cometrapo, palometa del Pacífico","","","Eastern Pacific","","","","",""
"313","Eukaryota","Animalia","Chordata","Actinopterygii","Perciformes","",NA,"Trichiuridae","",NA,"Aphanopus","capricornis","","Parin, 1994","Na","Id","",1,"","","","",NA,"",NA,NA,NA,"","True","","","",NA,"","",NA,"True","","",14039,"","","","","Indo-Pacific","","","","",""
"314","Eukaryota","Animalia","Chordata","Actinopterygii","Perciformes","",NA,"Trichiuridae","",NA,"Benthodesmus","tenuis","","(Günther, 1877)","Na","Id","",1,"","","","",NA,"",NA,NA,NA,"","True","","","",NA,"","",NA,"True","","",14040,"smalleye frostfish, Slender frostfish","cintilla","","","circumtropical","","","","",""
"315","Eukaryota","Animalia","Chordata","Actinopterygii","Perciformes","",NA,"Trichiuridae","",NA,"Lepidopus","manis","","Rosenblatt & Wilson, 1987","Na","En","",1,"","","","",NA,"",NA,NA,NA,"","True","","","",NA,"","",NA,"True","","",14042,"","","","","","","","","",""
"316","Eukaryota","Animalia","Chordata","Actinopterygii","Perciformes","",NA,"Tripterygiidae","",NA,"Lepidonectes","corallicola","","(Kendall & Radcliffe, 1912)","Na","En","NE",1,"","","","",NA,"",NA,NA,NA,"","True","","","",NA,"","",NA,"True","","",7692,"Galapagos triplefin blenny","blennio de aleta triple, trambollito triple aleta de Galápagos","trambollito triple aleta de Galápagos","Syn.: Enneapterygius corallicola Kendall & Radcliffe, 1912, fide Appeltans et al. (2010)","Endemic to Ecuador in the Galapagos Islands","","Habitat: Rocky intertidal areas and adjacent shallow waters.","","Dark midbody stripe formed by four sets of paried spots. Dusky bars extend obove and below spots. Reddish brown overall. First dorsal fin of breeding males have two pale spots [opposite] and females have reddish markings and/o. Grows to lengths of at least 61 mm",""
"317","Eukaryota","Animalia","Chordata","Actinopterygii","Perciformes","",NA,"Uranoscopidae","",NA,"Kathetostoma","averruncus","","Jordan & Bollman, 1890","Na","Id","",1,"","","","",NA,"",NA,NA,NA,"","True","","","",NA,"","",NA,"True","","",13991,"Smooth stargazer","miracielo buldog","miracielo  buldog","","Restricted to the Eastern Pacific, from Piedras Blancas, California, to Panama, and Galápagos. Rarely taken  north of Magdalena Bay, Baja  California.","","Habitat: Only recently recorded  from the Archipelago, known from a single  fish  taken at a depth of 600 m.","","Size> To  about  31cm and a little less than 1 kg.",""
"318","Eukaryota","Animalia","Chordata","Actinopterygii","Perciformes","",NA,"Xiphiidae","",NA,"Xiphias","gladius","","Linnaeus, 1758","Na","Id","",1,"","","","",NA,"",NA,NA,NA,"","True","","","",NA,"","",NA,"True","","",14055,"Swordfish","pez espada","pez espada","Syn.: Phaethonichthys tuberculatus Nichols, 1923, Tetrapterus imperator (Bloch & Schneider, 1801), Xiphasia gladius (Linnaeus, 1758) (misspelling), Xiphias estara Phillipps, 1932, Xiphias gladius estara Phillipps, 1932, Xiphias imperator Bloch & Schneider, 1801, Xiphias rondeletti Leach, 1818, Xiphias thermaicus Serbetis, 1951, fide Appeltans et al. (2010)","Tropical and  subtropical waters; in the eastern Pacific, from Oregon to Talcahuano, Chile, and  Galapagos.","","Habitat: Open-ocean fish, often seen swimming lazily at surface.","","Size> Grows to lengths of at least 5 m.",""
"319","Eukaryota","Animalia","Chordata","Actinopterygii","Perciformes","",NA,"Zoarcidae","",NA,"Lycodapus","australis","","Norman, 1937","Na","Id","",1,"","","","",NA,"",NA,NA,NA,"","True","","","",NA,"","",NA,"True","","",13988,"","","","","","","","","",""
"320","Eukaryota","Animalia","Chordata","Actinopterygii","Perciformes","",NA,"Zoarcidae","",NA,"Melanostigma","bathium","","Bussing, 1965","Na","Id","",1,"","","","",NA,"",NA,NA,NA,"","True","","","",NA,"","",NA,"True","","",13989,"","","","","Eastern Pacific","","","","",""
"321","Eukaryota","Animalia","Chordata","Actinopterygii","Perciformes","",NA,"Zoarcidae","",NA,"Thermarces","cerberus","","Rosenblatt & Cohen, 1986","Na","Id","",1,"","","","",NA,"",NA,NA,NA,"","True","","","",NA,"","",NA,"True","","",13990,"","","","","Eastern Pacific","","","","",""
"322","Eukaryota","Animalia","Chordata","Actinopterygii","Perciformes","Acanthuroidei",NA,"Acanthuridae","",NA,"Acanthurus","nigricans","","(Linnaeus, 1758)","Na","Id","NE",1,"","","","",NA,"",NA,NA,NA,"","True","","","",NA,"","",NA,"True","","",7676,"Gold rimmed surgeonfish, goldrim surgeonfish","cirujano de borde dorado, cirugano cariblanco.","cirujano cariblanco, pez cirugano de filo amarillo.","Syn.: Acanthurus aliala Lesson, 1831, Acanthurus glaucopareius Cuvier, 1829, Chaetodon nigricans Linnaeus, 1758, fide Appeltans et al. (2010)","Indo-Pacific; From California and Ecuador also tropical Pacific. Eastern Indian Ocean and the tropical Pacific, mainly at Islands, tip of Baja California to SW Gulf of California, Southern Mexico, Costa Rica to Ecuador in Galápagos islands and all the offshore islands","","Habitat: hard substrata in protected and seaward reefs","","Dark blue; white tail. White blotch below eye. Single yellow spine on base of tail. Length: up to 14 cm","Longitud: hasta 14 cm"
"323","Eukaryota","Animalia","Chordata","Actinopterygii","Perciformes","Acanthuroidei",NA,"Acanthuridae","",NA,"Acanthurus","xanthopterus","","Valenciennes, 1835","Na","Id","NE",1,"","","","",NA,"",NA,NA,NA,"","True","","","",NA,"","",NA,"True","","",7678,"Purple surgeonfish, yellowfin surgeonfish","navajón lancero, pez cirugano púrpura","cirujano aleta amarilla, pez cirugano púrpura.","Syn.: Acanthurus crestonis (Jordan & Starks, 1895), Acanthurus rasi Valenciennes, 1835, Acanthurus reticulatus Shen & Lim, 1973, Hepatus aquilinus Jordan & Seale, 1906, Hepatus guntheri (Jenkins, 1903) (misspelling), Hepatus crestonis (Jordan & Starks, 1895), Hepatus xanthopterus (Valenciennes, 1835), Teuthis crestonis Jordan & Starks, 1895, Teuthis guentheri Bamber, 1915, Teuthis guentheri Jenkins, 1903, Teuthis güntheri Jenkins, 1903 (misspelling) , Teuthis xanthopterus (Valenciennes, 1835), fide Appeltans et al. (2010)","Indo-Pacific; Haiwai, mainland of Costa Rica, Cocos and Ecuador in Galápagos.Indo-Pacific only, mouth of the Gulf of California to Ecuador, all oceanic islands of Eastern Pacific except Revillagigedos.","","Habitat: Lagoons and seaward reefs up to a depth of 90 m","","Light blue to dark purple. Narrow, light blue to yellow stripe along base of dorsal and anal fins: thin, light stripes on dorsal, anal and tail fins: often whitish blotch on base of tail. Retractile spine at base of tail. Length: 61 TL",""
"324","Eukaryota","Animalia","Chordata","Actinopterygii","Perciformes","Acanthuroidei",NA,"Acanthuridae","Nasinae",NA,"Naso","annulatus","","(Quoy & Gaimard, 1825)","NoData","NoData","NE",1,"True","","","",NA,"",NA,NA,NA,"","","","","",NA,"","True",NA,"","","",17410,"Short-horned unicornfish","pez unicornio","","Syn.: Naso herrei Smith, 1966, Priodon annulatus Quoy & Gaimard, 1825, fide Appeltans et al. 2012","Indo Pacific","","","El primer y unico registro fotografiado fue en septiembre 2011(Acuña, D). Identificación confirmado por McCoosker & Randall 2012","",""
"325","Eukaryota","Animalia","Chordata","Actinopterygii","Perciformes","Acanthuroidei",NA,"Acanthuridae","Nasinae",NA,"Naso","brevirostris","","(Cuvier, 1829)","Na","Va","NE",1,"","","","",NA,"",NA,NA,NA,"","True","","","",NA,"","",NA,"True","","",11277,"Spottet unicornfish","pez unicornio manchado","Pez Unicornio Manchado","Syn.: Cyphomycter coryphaenoides Smith, 1955, Naseus brevirostris Cuvier, 1829, Naseus brevirostris Valenciennes, 1835, Naso brevirostris (Valenciennes, 1835), fide Appeltans et al. (2010)","Indo-Pacific and rarely at Galapagos (Wolf)","","Habitat: Open water near rocky slopes","","Size: 25 - 38 cm",""
"326","Eukaryota","Animalia","Chordata","Actinopterygii","Perciformes","Acanthuroidei",NA,"Acanthuridae","Nasinae",NA,"Naso","hexacanthus","","Bleeker, 1855","NoData","NoData","NE",1,"","","","",NA,"",NA,NA,NA,"","True","","","",NA,"","",NA,"True","","",7680,"Sleek unicornfish","pez unicornio liso","pez unicornio liso","J. McCosker: This is an Indo-Pacific species; erroneously reported from Galapagos.","Indo-Pacific species. Vagrant at Clipperton and Cocos.","","","","Body elongate, oval, strongly compressed; no horn on forehead, upper and lower body profiles symmetrically convex; teeth small, conical, with tips slightly depressed, smooth or with slight denticulati",""
"327","Eukaryota","Animalia","Chordata","Actinopterygii","Perciformes","Acanthuroidei",NA,"Acanthuridae","Nasinae",NA,"Naso","vlamingii","","(Valenciennes, 1835)","Na","Va","NE",1,"","","","",NA,"",NA,NA,NA,"","True","","","",NA,"","",NA,"True","","",7681,"Vlamings bignose unicornfish","pez unicornio de nariz grande","pez unicornio de nariz grande","Syn.: Naseus vlamingii Valenciennes, 1835, fide Appeltans et al. (2010)","Tropical Indo-Pacific, rarely at  Ecuador in the Galapagos Islands (Wolf)","","Habitat: Mid-water along rocky slopes","","Brownish head. Body blue-gary, occasionally bi-colored; can rapididly pale or darken colors. Large adults develop long filaments on tail lobes, and yellow border on tail. Size: 25 cm - 35 cm",""
"328","Eukaryota","Animalia","Chordata","Actinopterygii","Perciformes","Acanthuroidei",NA,"Acanthuridae","Prionurinae",NA,"Prionurus","punctatus","","Gill, 1862","NoData","NoData","NE",6,"","","","",NA,"",NA,NA,NA,"","True","","","",NA,"","",NA,"True","","",7682,"Spotted yellow-tailed surgeonfish","cochinito puntada","Cochinito puntada","J. McCosker: this is an Ecuadorian mainland Eastern Pacific species; erroneously reported from Galapagos.","Rare, Northern Gulf of California to El Salvador and the Revillagigedos Islands.","","","","Overall gray with numerous small black spots covering head and body; caudal fin bright yellow; a dark-edged, whitish bar on head behind eye.",""
"329","Eukaryota","Animalia","Chordata","Actinopterygii","Perciformes","Acanthuroidei",NA,"Zanclidae","",NA,"Zanclus","cornutus","","(Linnaeus, 1758)","Na","Id","NE",1,"","","","",NA,"",NA,NA,NA,"","True","","","",NA,"","",NA,"True","","",7683,"Moorish idol","idolo moro","idolo moro","Syn.: Chaetodon canescens Linnaeus, 1758, Chaetodon cornutus Linnaeus, 1758, Zanclus canescens (Linnaeus, 1758), fide Appeltans et al. (2010)","Indo-Pacific; Indo-West Pacific and from California to Panama and Clipperton, Cocos, Revillagigedo and Ecuador in Galapagos Islands. Mouth of the Gulf of California to Peru and all the offshore islands of the eastern pacific.","","Habitat: Near regions of coral development","","White with yellowish areas. Orange saddle outlined in black on snout. Short horns or spines over eyes; no spines at base of tail. Size: To about 18 cm",""
"330","Eukaryota","Animalia","Chordata","Actinopterygii","Perciformes","Blennioidei",NA,"Blenniidae","",NA,"Entomacrodus","chiostictus","","(Jordan & Gilbert, 1882)","Na","Id","",1,"","","","",NA,"",NA,NA,NA,"","True","","","",NA,"","",NA,"True","","",13998,"Rock blenny","borracho aleta mocha, trambollo aleta mocha","","","Eastern Pacific","","","","",""
"331","Eukaryota","Animalia","Chordata","Actinopterygii","Perciformes","Blennioidei",NA,"Blenniidae","",NA,"Hypsoblennius","brevipinnis","","(Günther, 1861)","Na","Id","NE",1,"","","","",NA,"",NA,NA,NA,"","True","","","",NA,"","",NA,"True","","",7684,"Barnaclebill blenny, Red-spotted barnacle blenny","trambollito pico de lapa, borraco vacilo","borraco vacilo","Syn.: Blenniolus brevipinnis (Günther, 1861), Blennius brevipinnis Günther, 1861, fide Appeltans et al. (2010)","Eastern Pacific, from Baja California to Ecuador including Ecuador in Galapagos Islands   Central Gulf of California to northern Peru. Cocos, Malpelo","","Habitat: Inhabit empty barnacle shells.","","Red-brown; row of large white spots with darkish centers down back and another along midbody. Head blunt with large lips and large ""google"" eyes with unbranched cirri above. Size: 2.5-5 cm",""
"332","Eukaryota","Animalia","Chordata","Actinopterygii","Perciformes","Blennioidei",NA,"Chaenopsidae","",NA,"Ekemblemaria","sp.","","","Na","En","",3,"","","","",NA,"",NA,NA,NA,"","True","","","",NA,"","",NA,"True","","",14001,"","","","According to McCosker & Rosenblatt (2010) still an uncollected species, seen and photographed at Plazas Island (McCosker et al. 1978).","","","","","",""
"333","Eukaryota","Animalia","Chordata","Actinopterygii","Perciformes","Blennioidei",NA,"Chaenopsidae","Chaenopsinae",NA,"Acanthemblemaria","castroi","","Stephens & Hobson, 1966","Na","En","NE",1,"","","","",NA,"",NA,NA,NA,"","True","","","",NA,"","",NA,"True","","",7686,"Castro's tube blenny, Galápagos barnacle blenny","trombollito de Castro, trombollito percebes de Galápagos","trambollito percebes de Galápagos","Syn.: Acanthemblemaria (Metzelaar, 1919), fide Appeltans et al. (2010)","Endemic to the Galapagos Islands","","Habitat: Shallow inshore waters over rocky substrata between 2 and 5 m.","","Head blunt with large lips and unbranched cirri above eyes. Fine blue spots on upper head: yellow spots on throat. Olive to brown body: row of large white spots down back and another along midbody. At least 51.8 cm",""
"334","Eukaryota","Animalia","Chordata","Actinopterygii","Perciformes","Blennioidei",NA,"Chaenopsidae","Chaenopsinae",NA,"Chaenopsis","schmitti","","Böhlke, 1957","Na","En","NE",1,"","","","",NA,"",NA,NA,NA,"","True","","","",NA,"","",NA,"True","","",7653,"Galápagos pikeblenny, Yellow-mouth pikeblenny","Trambollito de Galápagos","Trambollito de Galápagos","","Endemic to the Ecuador in Galapagos Islands","","Habitat: Shallow water less than 5 m.","","Elongate body with tall foredorsal fin. Tan to dirty white; can pale, darken and/or change color rapidly to blend with background. Occasionally a few white to bluish spots and streaks and dusky blotches. Maximum size of 75mm.",""
"335","Eukaryota","Animalia","Chordata","Actinopterygii","Perciformes","Blennioidei",NA,"Labrisomidae","",NA,"Cottoclinus","canops","","Stephens & Rosenblatt, 2003","Na","En","",1,"","","","",NA,"",NA,NA,NA,"","True","","","",NA,"","",NA,"True","","",13999,"","","","","","","","","",""
"336","Eukaryota","Animalia","Chordata","Actinopterygii","Perciformes","Blennioidei",NA,"Labrisomidae","",NA,"Dialommus","fuscus","","Gilbert, 1891","Na","Id","NE",1,"","","","",NA,"",NA,NA,NA,"","True","","","",NA,"","",NA,"True","","",11490,"Galapagos four-eyed blenny, Galápagos foureye blenny","chupa piedra","chupa piedra","","Endemic to the eastern tropical Pacific oceanic  islands, Cocos and Galapagos.","","Habitat: Along lava shorelines at the water's edge or in tidepools","","Size: Uncommon over 120 mm TL",""
"337","Eukaryota","Animalia","Chordata","Actinopterygii","Perciformes","Blennioidei",NA,"Labrisomidae","",NA,"Labrisomus","dendriticus","","(Reid, 1935)","Na","Id","NE",1,"","","","",NA,"",NA,NA,NA,"","True","","","",NA,"","",NA,"True","","",7687,"Cheekspot labrisomid, Bravo clinid","trambollo bravo","trambollo bravo","Syn.: Odontoclinus dendriticus Reid, 1935, fide Appeltans et al. (2010)","Restricted to Malpelo and Ecuador (Galapagos Islands)","","Habitat: Rocky areas bordered by sand or silt in waters less than 10 m","","Several dark bars on back. Color highly variable with full range of earthtones to white; large spot and markings on head may blend with body color or stand out in bright shades of green, red or yellow, Can pale, darken and/or. Size: To at least 12 cm",""
"338","Eukaryota","Animalia","Chordata","Actinopterygii","Perciformes","Blennioidei",NA,"Labrisomidae","",NA,"Labrisomus","jenkinsi","","Heller & Snodgrass, 1903","Na","En","NE",1,"","","","",NA,"",NA,NA,NA,"","True","","","",NA,"","",NA,"True","","",7688,"Jenkins' Blenny","trambollo de Jenkins","trambollo de Jenkins","","Endemic  to Ecuador in  Galapagos Islands.","","Habitat: Uncommon prefers  sand  substrata where rocks and boulders are abundant. Collections of this species have been made at scattered localities throughout the Archipelago, except among the northern islands.","","Brown with dark mottling, with eight black bars extending onto dorsal fin, the ventral surface of body and head lighter, almost white; cheeks and operculum streaked; pectoral fins freckled in both sexes, those of females d. Size: Reaches lengths of at least 80 mm.",""
"339","Eukaryota","Animalia","Chordata","Actinopterygii","Perciformes","Blennioidei",NA,"Labrisomidae","",NA,"Labrisomus","multiporosus","","Hubbs, 1953","Na","Id","",1,"","","","",NA,"",NA,NA,NA,"","True","","","",NA,"","",NA,"True","","",14000,"","","","","Eastern Pacific","","","","",""
"340","Eukaryota","Animalia","Chordata","Actinopterygii","Perciformes","Blennioidei",NA,"Labrisomidae","",NA,"Malacoctenus","tetranemus","","(Cope, 1877)","Na","Id","NE",1,"","","","True",NA,"",NA,NA,NA,"","True","","","",NA,"","",NA,"True","","",7689,"Speckled clinid, throatspotted blenny","trambollo moteado, trambollo pintado","Trambollo pintado","Syn.: Blennius tetranemus Cope, 1877, Labrisomus afuerae Hildebrand, 1946, Malacoctenus afuerae (Hildebrand, 1946), fide Appeltans et al. (2010)","Eastern Pacific, from the Gulf of California to Costa Rica, Panama, Ecuador including Galapagos, Peru and Chile","","Habitat: Shallow waters; inhabit rocky, boulder strewn areas and walls.","Hábitat: aguas poco profundas, habitan en roca, áreas esparcidas de piedras y paredes.","Color highly variable earthtones. Numerous dark spots on underside of head; rows of dark spots on translucent fins. Can pale, darken and/or change color rapidly. Reaches lenghts to 56 mm.","Tamaño: alcanza a longitudes de 56 mm."
"341","Eukaryota","Animalia","Chordata","Actinopterygii","Perciformes","Blennioidei",NA,"Labrisomidae","",NA,"Malacoctenus","zonogaster","","Heller & Snodgrass, 1903","Na","En","NE",1,"","","","",NA,"",NA,NA,NA,"","True","","","",NA,"","",NA,"True","","",7690,"Spotbelly  blenny, Belted blenny","trombollo panzimanchado","trombollo panzimanchado","","Endemic to Ecuador in the Galapagos Islands.","","Habitat: Occurs throughout the Archipelago,along the rocky shores to depths of at least 10m, most commonly just below the intertidal zone.","","Color pattern varies with sex. Males have transparent or dusky dorsal, anal and pectoral fins with few spots, but the caudal may be spotted. Six irregular, but uniformly dark, bars on body (these rather poorly defined on s. Lengths of 75 mm.",""
"342","Eukaryota","Animalia","Chordata","Actinopterygii","Perciformes","Blennioidei",NA,"Labrisomidae","",NA,"Starksia","galapagensis","","Rosenblatt & Taylor, 1971","Na","En","NE",1,"","","","",NA,"",NA,NA,NA,"","True","","","",NA,"","",NA,"True","","",7691,"Galapagos blenny","trambollo de  Galápagos","trambollo de Galapagos.","","Endemic  to the  Galapagos.","","Habitat:  Found throughout the Archipelago between depths of 3 and 25 m.","","Size> Reaches lengths of about 40 mm.",""
"343","Eukaryota","Animalia","Chordata","Actinopterygii","Perciformes","Gobiesocoidei",NA,"Gobiesocidae","",NA,"Tomicodon","chilensis","","Brisout de Barneville, 1846","Na","Id","",1,"","","","",NA,"",NA,NA,NA,"","True","","","",NA,"","",NA,"True","","",14002,"Smallsucker clingfish","peje sapito","","","Restricted to the eastern Pacific,from Valparaiso, Chile, to Lobos de Afuera, Peru, and Galapagos.","","Common throughout  the Archipelago  in shallow  marine   waters: known from Baltra, Eden, Floreana, Fernandina, Tagus Cove, Isabela, Pinzon, San Cristobal, Santiang, and  Tower.","","Size> To lengths of 5 cm.",""
"344","Eukaryota","Animalia","Chordata","Actinopterygii","Perciformes","Gobiesocoidei",NA,"Gobiesocidae","",NA,"Tomicodon","petersii","","(Garman, 1875)","Na","Id","",1,"","","","",NA,"",NA,NA,NA,"","True","","","",NA,"","",NA,"True","","",13206,"","","","Syn.: Tomicodon petersi (Garman, 1875), fide Appeltans et al. (2010)","Eastern Pacific","","","","",""
"345","Eukaryota","Animalia","Chordata","Actinopterygii","Perciformes","Gobiesocoidei",NA,"Gobiesocidae","Gobiesocinae",NA,"Arcos","poecilophthalmos","","(Jenyns, 1842)","Na","Id","NE",1,"","","","",NA,"",NA,NA,NA,"","True","","","",NA,"","",NA,"True","","",7693,"Red clingfish, Galapagos clingfish","chupapiedra rojo, pez prendedor de Galápagos.","pez prendedor de Galápagos","Syn.: Arcos poecilophthalmus (Jenyns, 1842), Gobiesox paradiseus Herre, 1935, Gobiesox poecilophthalmos Jenyns, 1842, Gobiesox poecilophthalmus Jenyns, 1842, fide Appeltans et al. (2010)","Cocos and Ecuador in Galapagos Islands","","Habitat: Inhabit small recesses on rocky reefs, slopes and walls, clinging to rocky substrates.","","Frying pan shape. Mottled, pinkish brown with tiny blue spots. Size: 2.5-5 cm",""
"346","Eukaryota","Animalia","Chordata","Actinopterygii","Perciformes","Gobioidei",NA,"Eleotrididae","",NA,"Eleotrica","cableae","","Ginsburg, 1933","Na","En","NE",1,"","","","True",NA,"",NA,NA,NA,"","True","","","",NA,"","",NA,"True","","",7694,"Marbled goby","gobio manchada","Gobio manchada","","Endemic to the Ecuador, Galapagos Islands","","Habitat: Common in tide pools and nearshore areas to depths of 5m.","Hábitat: zonas comunes de piscinas naturales y cerca de la costa a una profundidad de 5 metros.","Pale to medium brown with marbling white spots and blochches. Flattened head. Male displayes midlateral row of double spots. Also hunt of brown bars on back.  Lengths of at least 7 cm.","Tamaño: Longitud por lo menos de 7 cm."
"347","Eukaryota","Animalia","Chordata","Actinopterygii","Perciformes","Gobioidei",NA,"Gobiidae","",NA,"Bathygobius","lineatus","lineatus","(Jenyns, 1841)","Na","En","NE",1,"","","","",NA,"",NA,NA,NA,"","True","","","",NA,"","",NA,"True","","",7695,"Galápagos frillfin","mapo del sur","mapo del sur","","Within the Galapagos archipelago only known from the Western Bioregion, restricted to the eastern Pacific, off the  northern shores of South America to Lobos de Afuera, Peru, and  Ecuador in Galápagos Islands, and Clipperton.","","Habitat: Bottom dwellers over  shallow rocky shores. Common in tidepools among  the  central islands. They have been taken from Baltra, Bartolome, Fernandina, Black Beach on Floreana, Gardner  Bay on Gardner, Cartago Bay on Isabela, Marchena, Academy Bay on Santa  Cruz, James Bay on Santiago, San  Cristobal, Darwin  Bay on Tower, and  Wolf.","","Galapagos fish is dark brown dorsally, becoming lighter brown on the sides and belly, a black blotch marked with blue, above the insertion of the pectoral fin; all fins, except pelvics, dusky with marron sheen, the pelvics. To lengths of 94 mm.",""
"348","Eukaryota","Animalia","Chordata","Actinopterygii","Perciformes","Gobioidei",NA,"Gobiidae","",NA,"Coryphopterus","urospilus","","Ginsburg, 1938","Na","Id","NE",1,"","","","",NA,"",NA,NA,NA,"","True","","","",NA,"","",NA,"True","","",7696,"Orangespot goby, redlight goby","gobio semaforo, gobio luz roja.","Gobio semaforo","","Eastern Pacific, from Baja California and the nothern Gulf of California to Colombia, also Cocos, Revillagigedos and Ecuador in the Galapagos Islands.","","Habitat: Shallow waters. Bottom-dwellers on soft sand, usually seen at the bases of rocky and coral reefs and along the reef-sand interface.","","Whitish translucent body with rows of reddish and occasional white and dark spots on body. Size: To about 8 cm",""
"349","Eukaryota","Animalia","Chordata","Actinopterygii","Perciformes","Gobioidei",NA,"Gobiidae","",NA,"Elacatinus","nesiotes","","Bussing, 1990","Na","Id","NE",1,"","","","",NA,"",NA,NA,NA,"","True","","","",NA,"","",NA,"True","","",7697,"Brokenband cleaner goby, banded cleaner goby","gobio bandeado, gobio barbero de bandas","gobio barbero de bandas","","Restricted to eastern Pacific oceanic islands, known only from Cocos and Ecuador in the Galapagos Islands and Gorgonia Island (Columbia)","","Habitat: Rocky areas and reef habitats. Cleaner species, picks parasites from other fishes","","White background color; bars have brown outlines. Five diffuse gray squares along midbody. Pectoral and dorsal fins translucent. Size: To lengths of 23 mm",""
"350","Eukaryota","Animalia","Chordata","Actinopterygii","Perciformes","Gobioidei",NA,"Gobiidae","Gobiinae",NA,"Chriolepis","tagus","","Ginsburg, 1953","Na","En","",1,"","","","",NA,"",NA,NA,NA,"","True","","","",NA,"","",NA,"True","","",14006,"","","","","","","","","",""
"351","Eukaryota","Animalia","Chordata","Actinopterygii","Perciformes","Gobioidei",NA,"Gobiidae","Gobiinae",NA,"Lythrypnus","dalli","","(Gilbert, 1890)","Na","Id","",1,"","","","",NA,"",NA,NA,NA,"","True","","","",NA,"","",NA,"True","","",14007,"Blue banded goby","gobio bonito, gusanito del diablo, gobio azul  rayado","gobio barbero de bandas azules","","Eastern Pacific,from  off southern California and the  Gulf of California to Afuera Islands, Peru, and Cocos, Galapagos.","","Habitat: known only  from the type specimen from  Isabela, in deep water, 60m.","","Size> Reaches lengths of 3 cm in the  Galapagos, but slightly larger elsewhere.",""
"352","Eukaryota","Animalia","Chordata","Actinopterygii","Perciformes","Gobioidei",NA,"Gobiidae","Gobiinae",NA,"Lythrypnus","rhizophora","","(Heller & Snodgrass, 1903)","Na","Id","",1,"","","","",NA,"",NA,NA,NA,"","True","","","",NA,"","",NA,"True","","",14008,"Spotcheek goby","gobio ligero, gobio manchado","gobio manchado.","","Galapagos, Cocos, Malpelo, and Revillagigedos Islands","","Habitat: Widely distributed  on reefs throughout the  Archipelago, known from Baltra, Camaño, Darwin, Fernandina, Black Beach anchorage on Floreana, Cartago  Bay and Tagus  Cove  on Isabela, Marchena, Pinta, North Plaza, Santa Cruz, North Seymour, and  Wolf.","","Size> To lengths of 25 mm.",""
"353","Eukaryota","Animalia","Chordata","Actinopterygii","Perciformes","Labroidei",NA,"Labridae","",NA,"Decodon","melasma","","Gomon, 1974","Na","Id","",1,"","","","",NA,"",NA,NA,NA,"","True","","","",NA,"","",NA,"True","","",13983,"Blackspot wrasse","resbalosa, viejita colorada, viejita manchada, señorita de mancha negra","","","Eastern Pacific","","","","",""
"354","Eukaryota","Animalia","Chordata","Actinopterygii","Perciformes","Labroidei",NA,"Labridae","",NA,"Halichoeres","adustus","","(Gilbert, 1890)","Na","Id","NE",1,"","","","",NA,"",NA,NA,NA,"","True","","","",NA,"","",NA,"True","","",11470,"Black wrasse","vieja negra","Vieja negra","Syn.: Pseudojulis adustus Gilbert, 1890, fide Appeltans et al. (2010)","Cocos, Revillagigedo and Galapagos Islands","","Solitary on rocky slopes","","Size: 8-13 cm",""
"355","Eukaryota","Animalia","Chordata","Actinopterygii","Perciformes","Labroidei",NA,"Labridae","",NA,"Halichoeres","chierchiae","","Di Caporiacco, 1947","Na","Id","NE",1,"","","","",NA,"",NA,NA,NA,"","True","","","",NA,"","",NA,"True","","",7701,"Wounded wrasse","señorita herida","Señorita herida","","Eastern Pacific; Within Ecuador in Galapagos archipelago only known from the Northern Bioregion. Gulf of California to Columbia.","","Habitat: Solitary on rocky slopes","","TP - Shades of green with yellow lower head and belly. Size: 8-13 cm",""
"356","Eukaryota","Animalia","Chordata","Actinopterygii","Perciformes","Labroidei",NA,"Labridae","",NA,"Halichoeres","melanotis","","(Gilbert, 1890)","Na","Id","NE",1,"","","","",NA,"",NA,NA,NA,"","True","","","",NA,"","",NA,"True","","",11469,"Golden Wrasse","Vieja Dorada","Vieja Dorada","Syn.: Pseudojulis melanotis Gilbert, 1890, fide Appeltans et al. (2010)","Eastern Pacific","","Habitat: Solitary ini areas of rocky rubble","","Size: 8-13 cm",""
"357","Eukaryota","Animalia","Chordata","Actinopterygii","Perciformes","Labroidei",NA,"Labridae","",NA,"Halichoeres","notospilus","","(Günther, 1864)","Na","Id","NE",1,"","","","",NA,"",NA,NA,NA,"","True","","","",NA,"","",NA,"True","","",7710,"Banded wrasse","señorita de cintas","Señorita de cintas","","Eastern Pacific. Gulf of California to Peru. Revillagigedos, Malpelo and Galápagos.","","","","Olive-gray, with five to eight dark-brown, lateral base extending onto dorsal fin; juveniles with a large blue ocellus on dorsal fin.",""
"358","Eukaryota","Animalia","Chordata","Actinopterygii","Perciformes","Labroidei",NA,"Labridae","",NA,"Halichoeres","raisneri","","Baldwin & McCosker, 2001","Na","Id","",1,"","","","",NA,"",NA,NA,NA,"","True","","","",NA,"","",NA,"True","","",12646,"","","","","Cocos and Galapagos Islands","","","","",""
"359","Eukaryota","Animalia","Chordata","Actinopterygii","Perciformes","Labroidei",NA,"Labridae","",NA,"Iniistius","pavo","","(Valenciennes, 1840)","Na","Id","NE",1,"","","","",NA,"",NA,NA,NA,"","True","","","",NA,"","",NA,"True","","",7841,"Peacock razorfish","viejita pavo Real","Viejita Pavo Real","Syn.: Hemipteronotus pavo (Valenciennes, 1840), Hemipteronotus pavoninus (Valenciennes, 1840), Iniistius pavoninus (Valenciennes, 1840), Novacula tetrazona Bleeker, 1859, Xyrichthys pavo Valenciennes, 1840, Xyrichthys pavoninus Valenciennes, 1840, Xyrichtys pavo Valenciennes, 1840, Xyrichtys tetrazona (Bleeker, 1859), fide Appeltans et al. (2010)","Indo-Pacific, Baja California to Ecuador including Galapagos","","Habitat: Prefer warmer water; inhabit sandy areas near rocky reefs.","","Size: 13-25 cm",""
"360","Eukaryota","Animalia","Chordata","Actinopterygii","Perciformes","Labroidei",NA,"Labridae","",NA,"Novaculichthys","taeniourus","","(Lecepède, 1801)","Na","Id","NE",1,"","","","",NA,"",NA,NA,NA,"","True","","","",NA,"","",NA,"True","","",7704,"Clown razorfish, rockmover wrasse, Dragon wrasse","señorita viejita, vieja mueve roca","vieja mueve roca","Syn.: Hemipteronotus taeniourus (Lacepède, 1801), Hemipteronotus taeniurus (Lacepède, 1801) (misspelling), Julis bifer Lay & Bennett, 1839, Labrus taeniours Lacepède, 1801 (misspelling), Labrus taeniourus Lacepède, 1801, Novaculichthys bifer (Lay & Bennett, 1839), Novaculichthys taeniorus (Lacepède, 1801) (misspelling), Novaculichthys taeniurus (Lacepède, 1801) (misspelling), Novaculichtys taeniorus (Lacepède, 1801) (misspelling), Xyrichthys taeniouris (Lacepède, 1801) (misspelling), fide Appeltans et al. (2010)","Indo-Pacific; from the Gulf of Californiia to Panama and Ecuador in Galapagos Islands, Indo-Pacific. Central Gulf of California to Colombia. Revillagigedos, Clipperton, Cocos, Malpelo","","Habitat: Solitary inhabitant of reef flats and lagoons, usually in depths less than 15 m.","","Terminal phase red-brown to gray body; head pale; juvenil phase maroon to green or brown. Three body bars extend onto dorsal and anal fins and lines radiate from eyes. Size: 15-25 cm.",""
"361","Eukaryota","Animalia","Chordata","Actinopterygii","Perciformes","Labroidei",NA,"Labridae","",NA,"Stethojulis","bandanensis","","(Bleeker, 1851)","Na","Id","NE",1,"","","","",NA,"",NA,NA,NA,"","True","","","",NA,"","",NA,"True","","",7706,"Red shoulder wrasse","vieja mancha roja","Vieja mancha roja","Syn.: Julis bandanensis Bleeker, 1851, Stethojulis casturi Günther, 1881, Stethojulis fulvoventris Seale, 1901, Stethojulis linearis Schultz, 1960, Stethojulis rubromacula Scott, 1959, fide Appeltans et al. (2010)","Indo-Pacific; In the eastern Pacific only at the mainland Costa Rica, and furthermore Clipperton, Cocos and Galapagos","","Habitat: Frequent reefs in depths of 3-11 m.","","Size: 8-13 cm",""
"362","Eukaryota","Animalia","Chordata","Actinopterygii","Perciformes","Labroidei",NA,"Labridae","",NA,"Xyrichtys","sp.","","","Na","En","",3,"","","","",NA,"",NA,NA,NA,"","True","","","",NA,"","",NA,"True","","",13986,"","","","","","","","","",""
"363","Eukaryota","Animalia","Chordata","Actinopterygii","Perciformes","Labroidei",NA,"Labridae","Corinae",NA,"Thalassoma","purpureum","","(Forsskål, 1775)","Na","Id","NE",1,"","","","",NA,"",NA,NA,NA,"","True","","","",NA,"","",NA,"True","","",7711,"Surge wrasse","vieja variante, vieja oleaja","Vieja variante, Vieja oleaja","Syn.: Julis semicoeruleus Rüppell, 1835, Julis umbrostygma Rüppell, 1835, Scarus purpureus Forsskål, 1775, Thalassoma semicaeruleus (Rüppell, 1835), Thalassoma semicoeruleus (Rüppell, 1835), Thalassoma umbrostigma (Rüppell, 1835), Thalassoma umbrostygma (Rüppell, 1835), fide Appeltans et al. (2010)","Indo-Pacific, also Ecuador in Galapagos Islands, Cocos, Clipperton, and the Gulf of Chiriqui in Panama.","","Habitat: Solitary in shallow rocky surge zones","","Elongate, compressed body; Head and body green; a red V on snout before eye, two oblique red bars from eye down across operculum; 2 red stripes along flank; sides with thin irregularred vertical lines. Size: 20-25 cm.",""
"364","Eukaryota","Animalia","Chordata","Actinopterygii","Perciformes","Labroidei",NA,"Scaridae","",NA,"Calotomus","carolinus","","(Valenciennes, 1840)","Na","Id","",1,"","","","",NA,"",NA,NA,NA,"","True","","","",NA,"","",NA,"True","","",13987,"Carolines parrotfish","loro de Carolinas, perico de diente verde, pococho perico","","","Indo-Pacific","","","","",""
"365","Eukaryota","Animalia","Chordata","Actinopterygii","Perciformes","Labroidei",NA,"Scaridae","Scarinae",NA,"Scarus","compressus","","(Osburn & Nichols, 1916)","Na","Id","NE",1,"","","","",NA,"",NA,NA,NA,"","True","","","",NA,"","",NA,"True","","",7723,"Azure parrotfish","loro chato, loro verdeazul","Loro chato","Syn.: Callyodon compressus Osburn & Nichols, 1916, fide Appeltans et al. (2010)","Eastern Pacific, from the Gulf of California to Panama, and Galapagos. Central Gulf of California to Ecuador and the Galápagos Islands","","Habitat: Rocky, boulder strewn reefs and slopes","","Size: 30-45 cm.  TP - Green; fins marked and shaded with blue and salmon. Adult females and males light blue to gray-blue and dusky blue. JP - Reddish brown.",""
"366","Eukaryota","Animalia","Chordata","Actinopterygii","Perciformes","Labroidei",NA,"Scaridae","Scarinae",NA,"Scarus","rubroviolaceus","","Bleeker, 1847","Na","Id","NE",1,"","","","",NA,"",NA,NA,NA,"","True","","","",NA,"","",NA,"True","","",7726,"Bicolor parrotfish","loro violáceo","Loro bicolor","Syn.: Callyodon africanus Smith, 1955, Callyodon jordani (Jenkins, 1901), Callyodon ruberrimus Jordan & Seale, 1906, Callyodon rubroviolaceus (Bleeker, 1847), Margaritodon africanus (Smith, 1955), Pseudoscarus jordani Jenkins, 1901, Scarops rubroviolaceus (Bleeker, 1847), Scarus jordani (Jenkins, 1901), fide Appeltans et al. (2010)","widespread Indo-Pacific species; in the eastern Pacific from the Gulf of California to Costa Rica, and Cocos and Galapagos. Tropical Indo-Pacific. Central Gulf of California to Ecuador and all the offshore Islands.","","Habitat: Areas of coral reefs and rocky substrata; usually found in small numbers. Graze on attached algae.","","Size: Lenghts of at least 48 cm. Terminal phase green to blue-green; forebody often somewhat darker.",""
"367","Eukaryota","Animalia","Chordata","Actinopterygii","Perciformes","Labroidei",NA,"Scaridae","Sparisomatinae",NA,"Nicholsina","denticulata","","(Evermann & Radcliffe, 1917)","Na","Id","NE",1,"","","","",NA,"",NA,NA,NA,"","True","","","",NA,"","",NA,"True","","",7727,"Loosetooth parrotfish","pococho beriquete","pococho beriquete","Syn.: Xenoscarus denticulatus Evermann & Radcliffe, 1917, Xenoscarus hubbsi Harry, 1950, fide Appeltans et al. (2010)","Eastern Pacific, Gulf of California to Peru, and Ecuador in Galapagos Islands.","","Habitat: Inhabitants of macrophytic algae in areas where the water is cooler.","","Terminal phase shades of green. Initial phase Drab shades of brown. Smallest parrotfish in eastern Pacific; resembles a wrasse. Teeth are not completely coalesced into a beak as those of most parrotfish. Can change color and m. Size: Uncommon over 20 cm.",""
"368","Eukaryota","Animalia","Chordata","Actinopterygii","Perciformes","Percoidei",NA,"Carangidae","",NA,"Caranx","sexfasciatus","","Quoy & Gaimard, 1825","Na","Id","NE",1,"","","","",NA,"",NA,NA,NA,"","True","","","",NA,"","",NA,"True","","",7736,"Sixband jack, bigeye trevalle, Bigeye jack","jurel voráz, jurel oral","Jurel voráz, jurel ojón","Syn.: Carangoides sexfasciatus (Quoy & Gaimard, 1825) (subsequent combination), Carangus marginatus Gill, 1863, Carangus rhabdotus Jenkins, 1903, Caranx belengerii Cuvier, 1833, Caranx butuanensis Seale, 1910, Caranx elacate Jordan & Evermann, 1903, Caranx flavocoeruleus Temminck & Schlegel, 1844, Caranx forsteri Cuvier, 1833, Caranx fosteri Cuvier, 1833, Caranx marginatus (Gill, 1863), Caranx oshimai Wakiya, 1924, Caranx paraspistes Richardson, 1848, Caranx peronii Cuvier, 1833, Caranx sexfaciatus elacate (Jordan & Evermann, 1903), Caranx sexfaciatus marginatus (Gill, 1863), Caranx tapeinosoma Bleeker, 1856, Caranx thompsoni Seale, 1905, Caranx xanthopygus Cuvier, 1833, fide Appeltans et al. (2010)","Indo-Pacific; equatorial region of the eastern Pacific from Mazatlan, Mexico to Ecuador and Galapagos","","Habitat: Open water","","Silver to silvery gray. Large eye. Forehead (nape) steep. Length: From 50 to 85 cm",""
"369","Eukaryota","Animalia","Chordata","Actinopterygii","Perciformes","Percoidei",NA,"Carangidae","",NA,"Decapterus","macarellus","","(Cuvier, 1833)","NG","NG","NE",6,"","","","",NA,"",NA,NA,NA,"","True","","","",NA,"","",NA,"True","","",7667,"mackerel scad","jurel fino, macarela caballa","","According to McCosker & Rosenblatt (2010) probably misidentification of D. muroadsi and D. macrosoma.","Worldwide in tropical and subtropical waters","","","","Body long, slender; bluish green on bck, silvery below green.",""
"370","Eukaryota","Animalia","Chordata","Actinopterygii","Perciformes","Percoidei",NA,"Carangidae","",NA,"Decapterus","punctatus","","(Cuvier, 1829)","NoData","NoData","",1,"","","","",NA,"",NA,NA,NA,"","True","","","",NA,"","",NA,"True","","",14706,"round scad, cigarfish","macarela chuparaco, jurela","jurelito de cola amarilla","Syn.: Decapterus sanctaehelenae (Cuvier, 1833), fide Appeltans et al. (2010)","","","","","",""
"371","Eukaryota","Animalia","Chordata","Actinopterygii","Perciformes","Percoidei",NA,"Carangidae","",NA,"Decapterus","sp.","","","NoData","NoData","NE",3,"","","","",NA,"",NA,NA,NA,"","True","","","",NA,"","",NA,"True","","",7665,"","","","","","","","","",""
"372","Eukaryota","Animalia","Chordata","Actinopterygii","Perciformes","Percoidei",NA,"Carangidae","",NA,"Gnathanodon","speciosus","","(Forsskål, 1775)","Na","Id","",1,"","","","",NA,"",NA,NA,NA,"","True","","","",NA,"","",NA,"True","","",13528,"golden trevally","jurel de piedra, jurel dorado, merlindo","","","Indo-Pacific","","","","",""
"373","Eukaryota","Animalia","Chordata","Actinopterygii","Perciformes","Percoidei",NA,"Carangidae","",NA,"Naucrates","ductor","","(Linnaeus, 1758)","Na","Id","NE",1,"","","","",NA,"",NA,NA,NA,"","True","","","",NA,"","",NA,"True","","",7738,"Pilot fish","pez piloto","pez piloto","Syn.: Gasterosteus ductor Linnaeus, 1758, Hemitripteronotus quinquemaculatus Lacepède, 1801, Nauclerus abreviatus Valenciennes, 1833, Nauclerus annularis Valenciennes, 1833, Nauclerus brachycentrus Valenciennes, 1833, Nauclerus compressus Valenciennes, 1833, Nauclerus leucurus Valenciennes, 1833, Nauclerus triacanthus Valenciennes, 1833, Naucrates angeli Whitley, 1931, Naucrates cyanophrys Swainson, 1839, Naucrates fanfarus Rafinesque, 1810, Naucrates indicus Lesson, 1831, Naucrates noveboracensis Cuvier, 1832, Naucrates polysarcus Fowler, 1905, Naucrates serratus Swainson, 1839, Seriola dussumieri Valenciennes, 1833, Seriola succincta Valenciennes, 1833, Thynnus pompilus Gronow, 1854, fide Appeltans et al. (2010)","circumtropical; in the eastern Pacific from Vancouver Island, Canada to Costa Rica, and Clipperton, Cocos, Revillagigedos and Ecuador in Galapagos Islands","","Habitat: Surface waters  of the open sea surrounding the  Archipelago; most of  our observations have been made on the west side  of Isabela. Also  known  from  Punta Cormorant, Floreana, Darwin, Marchena and   Pinta.","","Silvery white to gray. Long, torpedo-shaped body and forked tail. Up to at least 70 cm TL, common to 35 FL",""
"374","Eukaryota","Animalia","Chordata","Actinopterygii","Perciformes","Percoidei",NA,"Carangidae","",NA,"Oligoplites","saurus","","(Bloch & Schneider, 1801)","Na","Id","",1,"","","","",NA,"",NA,NA,NA,"","True","","","",NA,"","",NA,"True","","",13531,"Pacific leatherjacket.","palometa, voladora mascapalo, chaqueta de cuero, cuchillo, zapatero siete  cueros.","","","Eastern Pacific,from  Magdalena Bay, Baja  California and Gulf  of  California  to Esmeraldas, Ecuador, and  Galapagos.","","Habitat in Galapagos:  A near  shore, shallow  water  species.","","Size> A small species, grows to  about  45 cm TL, common to 35 cm TL.",""
"375","Eukaryota","Animalia","Chordata","Actinopterygii","Perciformes","Percoidei",NA,"Carangidae","",NA,"Trachurus","murphyi","","Nichols, 1920","Na","Id","",1,"","","","",NA,"",NA,NA,NA,"","True","","","",NA,"","",NA,"True","","",13548,"Chilean jack mackerel","","","","Indo-Pacific and Cocos Island","","","","",""
"376","Eukaryota","Animalia","Chordata","Actinopterygii","Perciformes","Percoidei",NA,"Carangidae","",NA,"Uraspis","helvola","","(Forster, 1801)","Na","Id","",1,"","","","",NA,"",NA,NA,NA,"","True","","","",NA,"","",NA,"True","","",13549,"Whitemouth jack","caramelo, jurel lengua blanca, tiñosa blanca","","Syn.: Uraspis secunda  Poey, 1860 fide McCosker (pers. com.)","circumtropical","","","","",""
"377","Eukaryota","Animalia","Chordata","Actinopterygii","Perciformes","Percoidei",NA,"Chaetodontidae","",NA,"Chaetodon","auriga","","Forskall, 1775","Na","Va","NE",1,"","","","",NA,"",NA,NA,NA,"","True","","","",NA,"","",NA,"True","","",7742,"Threadfin butterflyfish","mariposa de aleta ribeteada","mariposa de aleta ribeteada","Syn.: Anisochaetodon auriga (Forsskål, 1775), Chaetodon auriga setifier (Bloch, 1795), Chaetodon lunaris Gronow, 1854, Chaetodon sebanus Cuvier, 1831, Chaetodon setifer Bloch, 1795, Linophora auriga (Forsskål, 1775), Pomacanthus filamentosus Lacepède, 1802, Pomacentrus setifer (Bloch, 1795), Sarothrodus auriga (Forsskål, 1775), Tetragonoptrus auriga (Forsskål, 1775), Tetragonoptrus setifer (Bloch, 1795), fide Appeltans et al. (2010)","Red sea and tropical Indo-Pacific, including Hawaii and Ecuador in the Galapagos Islands.Costa Rica to Ecuador. Galápagos, Cocos, Clipperton and Malpelo","","rocky, boulder strewn areas","","Silver forebody; yellow rear body, including fins. Black bar through eye; diagonal black banding runs from forehead upward toward dorsal fin and on body toward anal fin. up to 18 cm","hasta 18 cm"
"378","Eukaryota","Animalia","Chordata","Actinopterygii","Perciformes","Percoidei",NA,"Chaetodontidae","",NA,"Chaetodon","kleinii","","Bloch, 1790","Na","Va","NE",1,"","","","",NA,"",NA,NA,NA,"","True","","","",NA,"","",NA,"True","","",7744,"Duskybarred butterflyfish","mariposa de barra penumbre","mariposa de barra penumbre","Syn.: Anisochaetodon kleinii (Bloch, 1790), Chaetodon bellulus Thiollière, 1857, Chaetodon cingulatus Fowler, 1934, Chaetodon corallicola Snyder, 1904, Chaetodon flavescens Bennett, 1831, Chaetodon melammystax Bloch & Schneider, 1801, Chaetodon melastomus Bloch & Schneider, 1801, Chaetodon virescens Cuvier, 1831, Tetragonoptrus kleini (Bloch, 1790), fide Appeltans et al. (2010)","Tropical Indo-Pacific including Hawaii, Philippines and Ecuador in Galapagos Islands Costa Rica to Ecuador. Cocos, Clipperton and Malpelo Islands","","usually found in depths greater than 10m","","Whitish forebody; yellow-brown rear with horizontal rows of small dusky brown spots. Dorsal, anal and tail fins yellow. up to 13 cm","hasta 13 cm"
"379","Eukaryota","Animalia","Chordata","Actinopterygii","Perciformes","Percoidei",NA,"Chaetodontidae","",NA,"Chaetodon","lunula","","(Lacepède, 1803)","Na","Va","NE",1,"","","","",NA,"",NA,NA,NA,"","True","","","",NA,"","",NA,"True","","",7745,"Raccoon butterflyfish","mariposa mapache","mariposa mapache","Syn.: Chaetodon biocellatus Cuvier, 1831, Chaetodon lunulatus Shaw, 1803, Pomacentrus lunula Lacepède, 1802, Tetragonoptrus biocellatus (Cuvier, 1831), Tetragonoptrus lunula (Lacepède, 1802), fide Appeltans et al. (2010)","wide-ranging, Indo-West pacific, the only eastern Pacific area is Ecuador in theGalapagos Islands   Tropical Indo-Pacific. Vagrant Cocos Islands","","rocky, boulder strewn areas","","Yellow body with dusky diagonal bands, and black diagonal band from white bar behind eye to dorsal fin; black blotch at base of tail. up to 20 cm","hasta 20 cm"
"380","Eukaryota","Animalia","Chordata","Actinopterygii","Perciformes","Percoidei",NA,"Chaetodontidae","",NA,"Chaetodon","meyeri","","Bloch & Schneider, 1801","Na","Va","NE",1,"","","","",NA,"",NA,NA,NA,"","True","","","",NA,"","",NA,"True","","",7746,"Meyer's butterflyfish","mariposa de Meyer","mariposa de Meyer","Syn.: Holacanthus flavoniger Lacepède, 1802, fide Appeltans et al. (2010)","Tropical Indo-West Pacific, Vagrant in Ecuador in the Galápagos Islands and Revillagigedos","","Habitat: Rocky, boulder strewn areas","","Silver with black band encircling body; black bar through eye; black band encircles mouth. Size: to about 20 cm","Talla: hasta ± 12 cm"
"381","Eukaryota","Animalia","Chordata","Actinopterygii","Perciformes","Percoidei",NA,"Chaetodontidae","",NA,"Chaetodon","unimaculatus","","Bloch, 1787","Na","Va","NE",1,"","","","",NA,"",NA,NA,NA,"","True","","","",NA,"","",NA,"True","","",11259,"Teardrop butterflyfish","Mariposa Lagrima","Mariposa Lagrima","Syn.: Chaetodon sphenospilus Jenkins, 1901, fide Appeltans et al. (2010)","Tropical Pacific and Galapagos Islands","","Habitat: Rocky boulder strewn areas","","Size: up to 13 cm length","Talla: hasta ± 13 cm longitud"
"382","Eukaryota","Animalia","Chordata","Actinopterygii","Perciformes","Percoidei",NA,"Chaetodontidae","",NA,"Forcipiger","flavissimus","","Jordan & Mcgregor, 1898","Na","Id","NE",1,"","","","",NA,"",NA,NA,NA,"","True","","","",NA,"","",NA,"True","","",7747,"Long-nosed butterflyfish, forceps butterflyfish","mariposa hocicona","mariposa hocicona","","From California to Ecuador including the Galapagos Islands, also tropical Indo-Pacific, Revillagigedos, Clipperton, Cocos, Malpelo","","rocky, boulder strewn areas","","Yellow body; black upper half of head, silver below; translucent tail. up to 17 cm","hasta 17 cm"
"383","Eukaryota","Animalia","Chordata","Actinopterygii","Perciformes","Percoidei",NA,"Chaetodontidae","",NA,"Johnrandallia","nigrirostris","","(Gill, 1863)","Na","Id","NE",1,"","","","",NA,"",NA,NA,NA,"","True","","","",NA,"","",NA,"True","","",7748,"Barberfish","mariposa barbera","mariposa barbera","Syn.: Chaethodon nigrirostris (Gill, 1862), Heniochus nigrirostris (Gill, 1862), Pseudochaetodon nigrirostris (Gill, 1862), Sarothrodus nigrirostris Gill, 1862, fide Appeltans et al. (2010)","Gulf of California, Cocos, Malpelo, Revillagigedos to Ecuador (Isla Plata and Galapagos Islands)","","Habitat: rocky bottom and coral development in depths of 6 to 12 m. Recorded  from Bartolome, Santiago, and Tower.","","Silver head; silvery-yellow body. Black ring around snout. Black bar from in front of dorsal fin to above eye. Size: to about 13 cm","Talla: hasta ± 13 cm"
"384","Eukaryota","Animalia","Chordata","Actinopterygii","Perciformes","Percoidei",NA,"Chaetodontidae","",NA,"Prognathodes","falcifer","","(Hubbs & Rechnitzer, 1958)","Na","Id","NE",1,"","","","",NA,"",NA,NA,NA,"","True","","","",NA,"","",NA,"True","","",11252,"Scythe Butterflyfish","Mariposa Guadana","Mariposa Guadana","Syn.: Chaetodon falcifer Hubbs & Rechnitzer, 1958, fide Appeltans et al. (2010), Proghnathodes carlhubbsi  Hubbs & Rechnitzer, 1958, fide McCosker & Rosenblatt (2010)","Eastern Pacific; California and Galapagos Islands","","Habitat: deep water","","Size: 13 cm","Talla: 13 cm"
"385","Eukaryota","Animalia","Chordata","Actinopterygii","Perciformes","Percoidei",NA,"Echeneidae","",NA,"Phtheirichthys","lineatus","","(Menzies, 1791)","Na","Id","",1,"","","","",NA,"",NA,NA,NA,"","True","","","",NA,"","",NA,"True","","",13507,"slender suckerfish","rémora chupadora, rémora delgada, pez pega lineado","","","circumtropical","","","","",""
"386","Eukaryota","Animalia","Chordata","Actinopterygii","Perciformes","Percoidei",NA,"Echeneidae","",NA,"Remora","brachyptera","","(Lowe, 1839)","Na","Id","",1,"","","","",NA,"",NA,NA,NA,"","True","","","",NA,"","",NA,"True","","",13509,"spearfish remora","rémora de merlín, sapito blanco, peje piloto, rémora gris, tardanaves","","","circumtropical","","","","",""
"387","Eukaryota","Animalia","Chordata","Actinopterygii","Perciformes","Percoidei",NA,"Echeneidae","",NA,"Remora","osteochir","","(Cuvier, 1829)","Na","Id","",1,"","","","",NA,"",NA,NA,NA,"","True","","","",NA,"","",NA,"True","","",13511,"marlin sucker","agarrador, rémora de merlín, rémora marlinera","","","circumtropical","","","","",""
"388","Eukaryota","Animalia","Chordata","Actinopterygii","Perciformes","Percoidei",NA,"Echeneidae","",NA,"Remora","remora","","(Linnaeus, 1758)","Na","Id","NE",1,"","","","",NA,"",NA,NA,NA,"","True","","","",NA,"","",NA,"True","","",7753,"Remora","rémora común","rémora común","Syn.: Echeneis borboniensis Guichenot, 1863, Echeneis bourboniensis Duméril, 1858, Echeneis nubifera Tanaka, 1915, , Echeneis parva Gronow, 1854, Echeneis postica Poey, 1860, Echeneis remeligo Guichenot, 1863, Echeneis remeligo Duméril, 1858, Echeneis remora Linnaeus, 1758, Echeneis remoroides Bleeker, 1855, Echeneis squalipeta Daldorff, 1793, fide Appeltans et al. (2010)","Throughout tropical and subtropical waters, in the eastern Pacific from Washington to Chile, and Revillagigedos and Galapagos. Circum-tropical. Throughout the Tropical Eastern Pacific except upper Gulf of California.","","Habitat: Open water, no specific locality.","","Size: Lengths of 86cm and weights of 6.4kg. <br>Usually dark brownish black often with speckling, but can be paler shades of tan to brown. Disc for attaching on top of head.",""
"389","Eukaryota","Animalia","Chordata","Actinopterygii","Perciformes","Percoidei",NA,"Echeneidae","",NA,"Remorina","albescens","","(Temminck & Schlegel, 1850)","Na","Id","",1,"","","","",NA,"",NA,NA,NA,"","True","","","",NA,"","",NA,"True","","",13513,"white suckerfish","remora, rémora blanca","","","circumtropical","","","","",""
"390","Eukaryota","Animalia","Chordata","Actinopterygii","Perciformes","Percoidei",NA,"Ephippidae","",NA,"Chaetodipterus","zonatus","","(Girard, 1858)","Na","Id","NE",1,"","","","",NA,"",NA,NA,NA,"","True","","","",NA,"","",NA,"True","","",7754,"Pacific spadefish","chambo","Chambo","Syn.: Ephippus zonatus Girard, 1858, fide Appeltans et al. (2010)","Eastern Pacific only, southern California to nothern Peru including Ecuador in the Galápagos and Malpelo Islands","","Habitat: Large schools in open water","","Six faint to distinct dark bars. Size: 30-45cm",""
"391","Eukaryota","Animalia","Chordata","Actinopterygii","Perciformes","Percoidei",NA,"Haemulidae","Haemulinae",NA,"Anisotremus","interruptus","","(Gill, 1862)","Na","Id","NE",1,"","","","",NA,"",NA,NA,NA,"","True","","","",NA,"","",NA,"True","","",7756,"Burrito grunt","burrito frijol, zapatilla","burro bacoco, zapatilla","Syn.: Genytremus interruptus Gill, 1862, fide Appeltans et al. (2010)","Eastern Pacific, from California to Peru, and Revillagigedos, Cocos and Ecuador in Galápagos. Eastern Pacific only. Gulf of California and southern Baja to Peru. All oceaenic islands except Clipperton.","","Habitat: Nocturnal, loose aggregations, large individuals sometimes solitary. Juveniles frequent lava coasts where protection is offered","","Back silvery, yellowish brown fading to silver, cream or white belly. 30-46cm",""
"392","Eukaryota","Animalia","Chordata","Actinopterygii","Perciformes","Percoidei",NA,"Haemulidae","Haemulinae",NA,"Anisotremus","scapularis","","(Tschudi, 1845)","Na","Id","NE",1,"","","","",NA,"",NA,NA,NA,"","True","","","",NA,"","",NA,"True","","",7757,"Peruvian grunt","roncador peruano","roncador, roncador peruano.","Syn.: Pristipoma scapulare Tschudi, 1846, Pristipoma scapulare Tschudi, 1846, fide Appeltans et al. (2010)","Eastern Pacific Only. Southern Columbia to Chile, Ecuador in Galápagos Islands, Clipperton, Cocos, Malpelo","","Habitat: Small schools; feed on bottom-living interverbrates and floating organic matter","","Darkish silvery gray, fins generally darker shade. Scales not as obvious as those of Galapagos and Yellowtail Grunts. Length of 35cm",""
"393","Eukaryota","Animalia","Chordata","Actinopterygii","Perciformes","Percoidei",NA,"Haemulidae","Haemulinae",NA,"Haemulon","scudderii","","Gill, 1862","Na","Id","NE",1,"","","","",NA,"",NA,NA,NA,"","True","","","",NA,"","",NA,"True","","",7755,"Goldeneye grunt, mojarra grunt","ronco bacoco, roncador ojo dorado.","burro pecoso","Syn.: Haemulon scudderi Gill, 1862 (misspelling), fide Appeltans et al. (2010)","Eastern Pacific, Central Gulf of California and Southern Baja California to Ecuador and Galápagos Islands.","","Habitat: Most active at night, during the day small schools rest near the protection of overhanging ledges, lava boulders or coral","","Back silvery, yellowish brown fading to cream or white belly. (Similar Burrito Grunt distinguished by yellown tail and fins and lack of golden eye). Length of 25cm",""
"394","Eukaryota","Animalia","Chordata","Actinopterygii","Perciformes","Percoidei",NA,"Haemulidae","Haemulinae",NA,"Haemulon","steindachneri","","Jordan & Gilbert, 1882","NoData","NoData","NE",1,"","","","",NA,"",NA,NA,NA,"","True","","","",NA,"","",NA,"True","","",7759,"Latin grunt","roncador fríjol","rocandor fríjol","","Eastern Pacific and western Atlantic. Gulf of California to Peru.","","","","Overall silvery to silvery gray; sides with narrow, oblique, brownish bars corresponding with scale rows; a prominent black spot at base of caudal fin.",""
"395","Eukaryota","Animalia","Chordata","Actinopterygii","Perciformes","Percoidei",NA,"Haemulidae","Haemulinae",NA,"Orthopristis","cantharinus","","(Jenyns, 1840)","Na","En","",1,"","","","",NA,"",NA,NA,NA,"","True","","","",NA,"","",NA,"True","","",13559,"sheephead grunt","burrito brin, corocoro brin, teniente","teniente","","Endemic  to the Galapagos.","","Habitat: First  collected by Charles  Darwin at Floreana and San Cristobal.","","Size> Reaches lengths of 375 mm.",""
"396","Eukaryota","Animalia","Chordata","Actinopterygii","Perciformes","Percoidei",NA,"Haemulidae","Haemulinae",NA,"Orthopristis","lethopristis","","Jordan & Fesler, 1889","Na","En","",1,"","","","",NA,"",NA,NA,NA,"","True","","","",NA,"","",NA,"True","","",13560,"","","","","","","","","",""
"397","Eukaryota","Animalia","Chordata","Actinopterygii","Perciformes","Percoidei",NA,"Haemulidae","Haemulinae",NA,"Xenichthys","xanti","","Gill, 1863","Na","Id","",1,"","","","",NA,"",NA,NA,NA,"","True","","","",NA,"","",NA,"True","","",13561,"","","","","Eastern Pacific","","","","",""
"398","Eukaryota","Animalia","Chordata","Actinopterygii","Perciformes","Percoidei",NA,"Kuhliidae","",NA,"Kuhlia","mugil","","(Forster, 1801)","Na","Id","NE",1,"","","","",NA,"",NA,NA,NA,"","True","","","",NA,"","",NA,"True","","",7671,"Barred Flagtail","dará bandera","dará bandera","Syn.: Dules argenteus (Bennett, 1830), Dules bennetti Bleeker, 1853, Dules taeniura (Cuvier, 1829), Dules taeniurus Cuvier, 1829, Dules taeniurus malpeloensis Fowler, 1944, Kuhlia arge Jordan & Bollman, 1890, Kuhlia sterneckii Steindachner, 1898, Kuhlia taeniura (Cuvier, 1829), Perca argentea Bennett, 1830, Sciaena mugil Forster, 1801, fide Appeltans et al. (2010), Jean-Dominique Durand (unpublished): Phylogenetic reconstruction indicates that Mugil galapagensis belong to the Mugil cephalus species complex, with a close phylogenetic relationship with the Mugil ""cephalus"" sp. observed in Chile.","Tropical Pacific, and Clipperton, Cocos, Revillagigedos and Ecuador in the Galapagos Islands. Southern California to Ecuador and all the oceanic islands of the eastern pacific. Indo-Pacific.","","Habitat: Open water near the surface.","","Siver with large eye Size: Up to 25 cm",""
"399","Eukaryota","Animalia","Chordata","Actinopterygii","Perciformes","Percoidei",NA,"Lutjanidae","",NA,"Hoplopagrus","guentherii","","Gill, 1862","Na","Id","NE",1,"","","","",NA,"",NA,NA,NA,"","True","","","",NA,"","",NA,"True","","",7767,"Barred snapper, Barred pargo","pargo coconaco","pargo coconaco","Syn.: Deuteracanthus lonchophorus Fowler, 1944, fide Appeltans et al. (2010)","Eastern Pacific, from California to nothern Peru, and Ecuador in the Galapagos Islands.","","Habitat: Nocturnal predators; Adults are rarely seen in waters less than 15m; open waters near dropp-offs or deep water reefs. Small juveniles are most often seen among brown algaes.","","Deeper bodied than other snappers. Back dark greenish brown to brown, fading to lighter shades of copper, reddish brown or maroon sides and belly. Reaches length of at least 80cm",""
"400","Eukaryota","Animalia","Chordata","Actinopterygii","Perciformes","Percoidei",NA,"Lutjanidae","",NA,"Lutjanus","guttatus","","(Steindachner, 1869)","Na","Id","",1,"","","","",NA,"",NA,NA,NA,"","True","","","",NA,"","",NA,"True","","",13550,"spotted rose snapper","pargo, pargo de altura, pargo lunarejo, cojinoba rosada","","","Eastern Pacific","","","","",""
"401","Eukaryota","Animalia","Chordata","Actinopterygii","Perciformes","Percoidei",NA,"Lutjanidae","",NA,"Pristipomoides","zonatus","","(Valenciennes, 1830)","Na","Va","",1,"","","","",NA,"",NA,NA,NA,"","True","","","",NA,"","",NA,"True","","",13553,"Oblique-banded snapper","panchito rayado","","","Indo-Pacific","","","","",""
"402","Eukaryota","Animalia","Chordata","Actinopterygii","Perciformes","Percoidei",NA,"Malacanthidae","",NA,"Malacanthus","brevirostris","","Guichenot, 1848","Na","Id","",1,"","","","",NA,"",NA,NA,NA,"","True","","","",NA,"","",NA,"True","","",13495,"","","","","Indo-Pacific","","","","",""
"403","Eukaryota","Animalia","Chordata","Actinopterygii","Perciformes","Percoidei",NA,"Malacanthidae","Latilinae",NA,"Caulolatilus","affinis","","Gill, 1865","Na","Id","",1,"","","","",NA,"",NA,NA,NA,"","True","","","",NA,"","",NA,"True","","",13491,"Bighead tilefish, pacific golden- eyed  tilefish","cabezón, cabezudo, blanquillo, blanquillo cabezón, blanquillo","blanquillo","","From the Gulf  of California  to Peru and  Galapagos.","","Habitat  in Galapagos: Generally  found  close to shore in depths  between 30 and 90 m, primarily  around  the western  islands.","","Size> Grows  to at least 50 cm, Individuals  from isabela, measuring  214 and  220 mm, are  about  14 months old  as  determined from rings  on their  otoliths.",""
"404","Eukaryota","Animalia","Chordata","Actinopterygii","Perciformes","Percoidei",NA,"Mullidae","",NA,"Pseudupeneus","grandisquamis","","(Gill, 1863)","Na","Id","",1,"","","","",NA,"",NA,NA,NA,"","True","","","",NA,"","",NA,"True","","",13573,"Bigscale goatfish","chivito, chivo escamudo, chivo colorado, salmonete gringuito","","","Eastern Pacific, from San Onofre, California and throughout  the Gulf of California, to  Chile,and  Galapagos.","","Habitat: Sand  bottom  to  considerable depths, only small specimens have collected in less than 30 m.","","Size> lengths  of 30 cm.",""
"405","Eukaryota","Animalia","Chordata","Actinopterygii","Perciformes","Percoidei",NA,"Opistognathidae","",NA,"Opistognathus","rhomaleus","","Jordan & Gilbert, 1882","NoData","NoData","NE",1,"","","","",NA,"",NA,NA,NA,"","True","","","",NA,"","",NA,"True","","",7775,"Giant jawfish","Bocón gigante","Bocón gigante","","Gulf of California and tip of Baja California. Revillagigedos Islands.","","","","Body with about 100-105 oblique scales rows; end of maxilla truncate; maxillary estending well bevond eye, about 1.7 in head length, but not reaching margin of black spots an head and upper back; sides of adult  devoid of",""
"406","Eukaryota","Animalia","Chordata","Actinopterygii","Perciformes","Percoidei",NA,"Oplegnathidae","",NA,"Oplegnathus","insignis","","(Kner, 1867)","Na","Id","NE",1,"","","","",NA,"",NA,NA,NA,"","True","","","",NA,"","",NA,"True","","",7778,"Pacific beakfish","perico presidiario, tigris","tigris","Syn.: Scarostoma insigne Kner, 1867, fide Appeltans et al. (2010)","Peru-Chilean faunistic element; Gulf of California, Cocos to Ecuador including Galapagos Islands","","Habitat: Most common along lava shores or near coral development in depths to 30m.","","Relatively short pointed head with beak-like mouth; wide triangular tail. Belly pale. To lengths of 46 cm.",""
"407","Eukaryota","Animalia","Chordata","Actinopterygii","Perciformes","Percoidei",NA,"Priacanthidae","",NA,"Cookeolus","japonicus","","(Cuvier, 1829)","Na","Id","",1,"","","","",NA,"",NA,NA,NA,"","True","","","",NA,"","",NA,"True","","",13477,"Longfinned bullseye","catalufa aleta larga, Catalufa","","","circumtropical","","","","",""
"408","Eukaryota","Animalia","Chordata","Actinopterygii","Perciformes","Percoidei",NA,"Priacanthidae","",NA,"Heteropriacanthus","cruentatus","","(Lacepède, 1801)","Na","Id","NE",1,"","","","",NA,"",NA,NA,NA,"","True","","","",NA,"","",NA,"True","","",7780,"Glasseye, glasseye snapper","catalufa de roca, semáforo","semáforo","Syn.: Anthias boops Forster, 1801, Cookeolus boops (Forster, 1801), Labrus cruentatus Lacepède, 1801, Priacanthus argenteus Cuvier, 1829, Priacanthus bleekeri Castelnau, 1873, Priacanthus bonariensis Cuvier, 1829, Priacanthus boops (Forster, 1801), Priacanthus carolinus Cuvier, 1829, Priacanthus cepedianus Desmarest, 1823, Priacanthus cruentatus (Lacepède, 1801), Priacanthus fulgens Lowe, 1838, Serranus rufus Bowdich, 1825, fide Appeltans et al. (2010)","Worldwide in tropical and subtropical waters; in the eastern Pacific deoim Baja California and the Gulf of California to Panama, also Cocos, Revillagigedos, Tres Marias and Ecuador in the Galapagos Islands.","","Habitat: Areas near rocky shores and regions of coral growth; around reefs and in bays and harbors in depths of 20 to 296 m. Nocturnal predators","","Vary from solid to mottled red to silvery red, copper and pink, occasionally with yellow tints. Dorsal, tail and anal fins vary from reddish silver to pink to brownish yellowto bright yellow. Lengths of at least 30 cm.",""
"409","Eukaryota","Animalia","Chordata","Actinopterygii","Perciformes","Percoidei",NA,"Priacanthidae","",NA,"Priacanthus","cf. meeki","","Jenkins, 1903","Na","Id","",4,"","","","",NA,"",NA,NA,NA,"","True","","","",NA,"","",NA,"True","","",13483,"","","","","Indo-Pacific","","","","",""
"410","Eukaryota","Animalia","Chordata","Actinopterygii","Perciformes","Percoidei",NA,"Priacanthidae","",NA,"Pristigenys","serrula","","(Gilbert, 1891)","Na","Id","NE",1,"","","","",NA,"",NA,NA,NA,"","True","","","",NA,"","",NA,"True","","",7781,"Popeye catalufa","ojotón","catalufa semáforo","Syn.: Priacanthus serrula Gilbert, 1891, Pseudopriacanthus lucasanus Clark, 1936, Pseudopriacanthus serrula (Gilbert, 1891), fide Appeltans et al. (2010)","Eastern Pacific, from California to Chile, also Revillagigedos and Galapagos, Oregon to Chile. Galápagos, Cocos and Revillagigedos.","","Habitat: Nocturnal, in and about reefs and rocky substrata. Although ranging between depths of 3 and 100 m, they are usually found between 9 and 60 m.","","Size: Maximum length of 33 cm, Juvenile - Vary from bright red to silvery red and orange; rear dorsal, tail and anal fins often bordered in black. Compressed, saucer-shaped body. Adult - Solid red body and fins.",""
"411","Eukaryota","Animalia","Chordata","Actinopterygii","Perciformes","Percoidei",NA,"Sciaenidae","",NA,"Cilus","gilberti","","(Abbott, 1899)","Na","Id","",1,"","","","",NA,"",NA,NA,NA,"","True","","","",NA,"","",NA,"True","","",13563,"Corvina drum","corvina, corvina pampera, corvinilla, gringa","","","Pacific","","","","",""
"412","Eukaryota","Animalia","Chordata","Actinopterygii","Perciformes","Percoidei",NA,"Sciaenidae","",NA,"Corvula","macrops","","(Steindachner, 1876)","Na","Id","",1,"","","","",NA,"",NA,NA,NA,"","True","","","",NA,"","",NA,"True","","",13564,"Vacuocua croaker","corvina ojona, corvineta vacuocua","","","Eastern Pacific","","","","",""
"413","Eukaryota","Animalia","Chordata","Actinopterygii","Perciformes","Percoidei",NA,"Sciaenidae","",NA,"Cynoscion","phoxocephalus","","Jordan & Gilbert, 1882","Na","Id","",1,"","","","",NA,"",NA,NA,NA,"","True","","","",NA,"","",NA,"True","","",13565,"Cachema weakfish","corvina, corvina colilarga, corvina picuda","","","Eastern Pacific","","","","",""
"414","Eukaryota","Animalia","Chordata","Actinopterygii","Perciformes","Percoidei",NA,"Sciaenidae","",NA,"Larimus","pacificus","","Jordan & Bollman, 1890","Na","Id","",1,"","","","",NA,"",NA,NA,NA,"","True","","","",NA,"","",NA,"True","","",13568,"drum","corvina","","","Eastern Pacific","","","","",""
"415","Eukaryota","Animalia","Chordata","Actinopterygii","Perciformes","Percoidei",NA,"Serranidae","",NA,"Alphestes","immaculatus","","Breder, 1936","Na","Id","LC",1,"","","","True",NA,"",NA,NA,NA,"","True","","","",NA,"","",NA,"True","","",7784,"Mutton hamlet, Pacific mutton hamlet","guaseta del Pacifico, guaseta","guaseta del Pacifico","Syn.: Alphestes fasciatus Hildebrand, 1946, Alphestes galapagensis Fowler, 1944, fide Appeltans et al. (2010)","Eastern Pacific only. Gulf of California to Peru, Ecuador in Galápagos and Cocos","","Habitat: Frequent reefs, substrata with high relief and algal patches. Nocturnal.","Hábitat: Frecuentan arrecifes, sustratos con alto relieve y  parches de algas, nocturno.","Mottled reddish brown with black speckles, often with indistinct dusky bars. Several indistinct bands on pectoral fins. Juvenile - Mottled red. Length to 25 cm.","Tamaño: Longitud de 25 cm."
"416","Eukaryota","Animalia","Chordata","Actinopterygii","Perciformes","Percoidei",NA,"Serranidae","",NA,"Anthias","noeli","","Anderson & Baldwin, 2000","Na","Id","",1,"","","","",NA,"",NA,NA,NA,"","True","","","",NA,"","",NA,"True","","",13255,"Rosy Jewelfish","pez joya","","","Eastern Pacific","","","","",""
"417","Eukaryota","Animalia","Chordata","Actinopterygii","Perciformes","Percoidei",NA,"Serranidae","",NA,"Cephalopholis","panamensis","","(Steindachner, 1877)","Na","Id","LC",1,"","","","",NA,"",NA,NA,NA,"","True","","","",NA,"","",NA,"True","","",7785,"Panamic graysby grouper, Panamic graysby cabrilla","mero panameño, enjambe","enjambre","Syn.: Epinephelus panamensis (Steindachner, 1877), Petrometopon panamensis (Steindachner, 1877), Serranus panamensis Steindachner, 1877, fide Appeltans et al. (2010)","Eastern Pacific; Gulf of California to Colombia, and Cocos and Eccuador in Galápagos Islands.","","Habitat: Reefs and rocky substrata, frequently in nearshore shallow waters. Secretive and solitary","","Bluish gray to gray and grayish brown; numerous orangish spots on head; fins dark. To length of 30.5cm",""
"418","Eukaryota","Animalia","Chordata","Actinopterygii","Perciformes","Percoidei",NA,"Serranidae","",NA,"Dermatolepis","dermatolepis","","(Boulenger, 1895)","Na","Id","LC",1,"","","","",NA,"",NA,NA,NA,"","True","","","",NA,"","",NA,"True","","",7675,"Leather bass","caga leche, mero cuero","mero cuero, caga leche","Syn.: Dermatolepis punctatus Gill, 1861, Epinephelus dermatolepis Boulenger, 1895, fide Appeltans et al. (2010)","Eastern Pacific, from southern California to Ecuador including Galapagos. At all offshore eastern Pacific oceanic islands.","","Habitat: Near rocky shores, often in deeper waters","","Shades of light gray to olive, occasionally tinted with yellow (especially young adults); fins often bordered with yellow. Juvenile - Alternating black and gray bars. Size: Length of 1 m",""
"419","Eukaryota","Animalia","Chordata","Actinopterygii","Perciformes","Percoidei",NA,"Serranidae","",NA,"Diplectrum","eumelum","","Rosenblatt & Johnson, 1974","Na","Id","",1,"","","","",NA,"",NA,NA,NA,"","True","","","",NA,"","",NA,"True","","",13256,"Orange-spotted sand perch","camotillo, camotillo naranja,  cagua, serrano carabonita, serrano guavina","","","Eastern Pacific","","","","",""
"420","Eukaryota","Animalia","Chordata","Actinopterygii","Perciformes","Percoidei",NA,"Serranidae","",NA,"Diplectrum","euryplectrum","","Jordan & Bollman, 1890","Na","Id","",1,"","","","",NA,"",NA,NA,NA,"","True","","","",NA,"","",NA,"True","","",13257,"Bighead sand perch","camotillo cabezón, serrano extranjero","","","Eastern Pacific","","","","",""
"421","Eukaryota","Animalia","Chordata","Actinopterygii","Perciformes","Percoidei",NA,"Serranidae","",NA,"Diplectrum","macropoma","","(Günther, 1864)","Na","Id","",1,"","","","",NA,"",NA,NA,NA,"","True","","","",NA,"","",NA,"True","","",13258,"Mexican sand perch","camotillo, serrano cagua, serrano mexicano","","","Eastern Pacific","","","","",""
"422","Eukaryota","Animalia","Chordata","Actinopterygii","Perciformes","Percoidei",NA,"Serranidae","",NA,"Diplectrum","rostrum","","Bortone, 1974","Na","Id","",1,"","","","",NA,"",NA,NA,NA,"","True","","","",NA,"","",NA,"True","","",13259,"Bridled sand perch","camotillo, serrano frenado","","","Eastern Pacific","","","","",""
"423","Eukaryota","Animalia","Chordata","Actinopterygii","Perciformes","Percoidei",NA,"Serranidae","",NA,"Epinephelus","cifuentesi","","Lavenberg & Grove, 1993","Na","Id","",1,"","","","",NA,"",NA,NA,NA,"","True","","","",NA,"","",NA,"True","","",13260,"Olive grouper, norteño  grouper.","cabrilla gallina, gallina, norteño","norteño","","Restricted to the eastern Pacific, known only from off the Gulf of  Nicoya, Costa Rica, and  Galápagos.","","They  are taken by local  fishermen  in depths  to at least  50 m along  the rocky lava shores of northern islands; Tower,  Pinta, Marchena, Wolf, and Darwin as well  as North  Seymour  in the  center of the  Archipelago.","","Size> Grows  to at  least 75 cm.",""
"424","Eukaryota","Animalia","Chordata","Actinopterygii","Perciformes","Percoidei",NA,"Serranidae","",NA,"Epinephelus","labriformis","","(Jenyns, 1840)","Na","Id","LC",1,"","","","",NA,"",NA,NA,NA,"","True","","True","",NA,"","",NA,"True","","",7787,"Flag cabrilla grouper","cabrilla piedrera","cabrilla piedrera","Syn.: Epinephelus ordinatus Cope, 1871, Epinephelus sellicauda Gill, 1862, Serranus labriformis Jenyns, 1840, fide Appeltans et al. (2010)","Eastern Pacific, from Baja California to Peru, and Clipperton, Cocos, Revillagigedos and Galapagos.","","Habitat: Shallow waters to depths of 30 m. Adults are solitary and near-bottom living.","","Olive to reddish brown.  Grows at least 50.8 cm",""
"425","Eukaryota","Animalia","Chordata","Actinopterygii","Perciformes","Percoidei",NA,"Serranidae","",NA,"Hemanthias","peruanus","","(Steindachner, 1875)","Na","Id","",1,"","","","",NA,"",NA,NA,NA,"","True","","","",NA,"","",NA,"True","","",13263,"splittail bass","rabijunco, cabrilla de Perú, cabrilla doblecola, doncella","","Syn.: Hemianthias peruanus (Steindachner, 1875) (misspelling) fide Appeltans et al. (2010)","Eastern Pacific","","","","",""
"426","Eukaryota","Animalia","Chordata","Actinopterygii","Perciformes","Percoidei",NA,"Serranidae","",NA,"Hemilutjanus","macrophthalmos","","(Tschudi, 1846)","Na","Id","NE",1,"","","","True",NA,"",NA,NA,NA,"","True","","","",NA,"","",NA,"True","","",7788,"Grape-eye seabass, grape eye","serrano ojo de uva, ojo de uva","ojo de uva","Syn.: Plectropoma macrophthalmos Tschudi, 1846, fide Appeltans et al. (2010)","Peru-Chilean faunistic element, Gulf of California, Ecuador in the Galapagos Islands","","Habitat: Near vertical drop-offs and among rock outcroppings over sand and rock, in depths greater than 10m.","Hábitat: Cerca de desniveles verticales y entre los afloramientos de rocas sobre la arena y roca, en profundidades de más de 10 m.","Light brown to olive snout, nape and above lateral line, silvery below. Large eye. Up to 50 cm length.","Tamaño: hasta de 50 cm de largo."
"427","Eukaryota","Animalia","Chordata","Actinopterygii","Perciformes","Percoidei",NA,"Serranidae","",NA,"Hyporthodus","mystacinus","","(Poey, 1852)","Na","Id","LC",1,"","","","",NA,"",NA,NA,NA,"","","","","True",NA,"","",NA,"","True","",14609,"Misty grouper","mero","mero","Syn.: Epinephelus mystacinus (Poey, 1852), fide Appeltans et al. (2010)","Eastern Pacific and Atlantic, in the eastern Pacific only found in the Galapagos Islands","","Habitat: Scattered rock outcroppings over predominantly sand bottom","","Size: Reaching lengths of more than 1 m, one of the largest groupers in the Galapagos, reaching lengths of more than a meter.",""
"428","Eukaryota","Animalia","Chordata","Actinopterygii","Perciformes","Percoidei",NA,"Serranidae","",NA,"Hyporthodus","niveatus","","(Valenciennes, 1828)","NoData","NoData","",6,"","","","",NA,"",NA,NA,NA,"","True","","","",NA,"","",NA,"True","","",12940,"Snowy grouper","cherna pintada, mero","","J. McCosker: not included in McCosker (2010) this because of its distance offshore; Syn.: Epinephelus niveatus (Valenciennes, 1828), fide Appeltans et al. (2010)","","","","","",""
"429","Eukaryota","Animalia","Chordata","Actinopterygii","Perciformes","Percoidei",NA,"Serranidae","",NA,"Liopropoma","longilepis","","Garman, 1899","Na","Id","",1,"","","","",NA,"",NA,NA,NA,"","True","","","",NA,"","",NA,"True","","",13264,"","","","","Eastern Pacific","","","","",""
"430","Eukaryota","Animalia","Chordata","Actinopterygii","Perciformes","Percoidei",NA,"Serranidae","",NA,"Mycteroperca","xenarcha","","Jordan, 1888","Na","Id","",1,"","","","",NA,"",NA,NA,NA,"","True","","","",NA,"","",NA,"True","","",13436,"Broomtail grouper","","","","","","","","",""
"431","Eukaryota","Animalia","Chordata","Actinopterygii","Perciformes","Percoidei",NA,"Serranidae","",NA,"Pronotogrammus","multifasciatus","","Gill, 1863","Na","Id","",1,"","","","",NA,"",NA,NA,NA,"","True","","","",NA,"","",NA,"True","","",13437,"","","","","Eastern Pacific","","","","",""
"432","Eukaryota","Animalia","Chordata","Actinopterygii","Perciformes","Percoidei",NA,"Serranidae","Serraninae",NA,"Serranus","aequidens","","Gilbert, 1890","Na","Id","",1,"","","","",NA,"",NA,NA,NA,"","True","","","",NA,"","",NA,"True","","",13452,"","","","","Eastern Pacific","","","","",""
"433","Eukaryota","Animalia","Chordata","Actinopterygii","Perciformes","Percoidei",NA,"Serranidae","Serraninae",NA,"Serranus","psittacinus","","Valenciennes, 1846","Na","Id","NE",1,"","","","",NA,"",NA,NA,NA,"","True","","","",NA,"","",NA,"True","","",7796,"Barred serrano","guaseta serrano","serrano","Syn.: Serranus bulleri Boulenger, 1895, Serranus calopteryx Jordan & Gilbert, 1882, Serranus fasciatus (Jenyns, 1840), fide Appeltans et al. (2010)","Eastern Pacific, from the southern Gulf of California to Peru, and Cocos, Revillagigedos and Galapagos. Gulf of California to Peru. Galápagos and Cocos Islands","","Habitat: Bottom living; usually found  on rocky substrata, adjacent  sandy areas, and in coral reef-sand interfaces.","","Size: Length to 17.8 cm. Back gray to brown or yellow-brown; belly white; tail translucent with orangish spots.",""
"434","Eukaryota","Animalia","Chordata","Actinopterygii","Perciformes","Percoidei",NA,"Serranidae","Serraninae",NA,"Serranus","stilbostigma","","(Jordan & Bollman, 1890)","Na","En","",1,"","","","",NA,"",NA,NA,NA,"","True","","","",NA,"","",NA,"True","","",13473,"Sideblotch bass","guaseta  manchada","guaseta  manchada","","Endemic to the  Galapagos.","","Originally  described  by Jordan  and  Bollman  in 1890 on the  basis  of a  single specimen  trawled at a depth of 83m, about  4 km off  the west  side of  San Cristobal.","","Size> Only  known specimen 148 mm.",""
"435","Eukaryota","Animalia","Chordata","Actinopterygii","Perciformes","Scombroidei",NA,"Scombridae","",NA,"Auxis","rochei","eudorax","Collette & Aadland, 1996","Na","Id","",1,"","","","",NA,"",NA,NA,NA,"","True","","","",NA,"","",NA,"True","","",14047,"Bullet tuna","botellita, melva, melvera","","","Eastern Pacific","","","","",""
"436","Eukaryota","Animalia","Chordata","Actinopterygii","Perciformes","Scombroidei",NA,"Scombridae","",NA,"Auxis","thazard","brachydorax","Collette & Aadland, 1996","Na","Id","",1,"","","","",NA,"",NA,NA,NA,"","True","","","",NA,"","",NA,"True","","",14049,"Ribbonfishes","botellita grande, melva","","","Eastern Pacific","","","","",""
"437","Eukaryota","Animalia","Chordata","Actinopterygii","Perciformes","Scombroidei",NA,"Sphyraenidae","",NA,"Sphyraena","barracuda","","(Walbaum, 1752)","Na","Va","",1,"","","","",NA,"",NA,NA,NA,"","True","","","",NA,"","",NA,"True","","",14026,"great barracuda","barracuda, picúa, picuda, picuda barracuda","","","circumtropical","","","","",""
"438","Eukaryota","Animalia","Chordata","Actinopterygii","Perciformes","Scombroidei",NA,"Sphyraenidae","",NA,"Sphyraena","ensis","","Jordan & Gilbert, 1882","NoData","NoData","NE",6,"","","","",NA,"",NA,NA,NA,"","True","","","",NA,"","",NA,"True","","",7806,"","","","J. McCosker: reports are presumably based on misidentifications of S. idiastes; Sphyraena ensis is not an insular species.","","","","","",""
"439","Eukaryota","Animalia","Chordata","Actinopterygii","Perciformes","Stromateoidei",NA,"Nomeidae","",NA,"Cubiceps","pauciradiatus","","Günther, 1872","Na","Id","",1,"","","","",NA,"",NA,NA,NA,"","True","","","",NA,"","",NA,"True","","",14064,"Bigeye cigarfish, Longfin  fathead","derivante ojón, pez medusa, flotador  largo aleta","flotador largo aleta","","Tropical and  subtropical, and temperate Pacific waters, in the eastern  Pacific, from the Gulf of California to Peru, and all oceanic islands.","","Habitat: Adults  inhabit deep  water, juveniles are found in near-surface waters, in association with floating debris  and sea grass. Juveniles easily  dipnetted around  floating objects.","","Size>  Grows  to lengths of at least  46 cm.",""
"440","Eukaryota","Animalia","Chordata","Actinopterygii","Perciformes","Stromateoidei",NA,"Nomeidae","",NA,"Nomeus","gronovii","","(Gmelin,1789)","Na","Id","NE",1,"","","","",NA,"",NA,NA,NA,"","True","","","",NA,"","",NA,"True","","",7843,"man-of-war fish","pastorcillo, pez azul","","","circumtropical","","","","",""
"441","Eukaryota","Animalia","Chordata","Actinopterygii","Perciformes","Stromateoidei",NA,"Nomeidae","",NA,"Psenes","arafurensis","","Günther, 1889","Na","Id","",1,"","","","",NA,"",NA,NA,NA,"","True","","","",NA,"","",NA,"True","","",14065,"","","","","circumtropical","","","","",""
"442","Eukaryota","Animalia","Chordata","Actinopterygii","Perciformes","Stromateoidei",NA,"Nomeidae","",NA,"Psenes","cyanophrys","","Valenciennes, 1833","Na","Id","",1,"","","","",NA,"",NA,NA,NA,"","True","","","",NA,"","",NA,"True","","",14066,"freckled driftfish","","","","circumtropical","","","","",""
"443","Eukaryota","Animalia","Chordata","Actinopterygii","Perciformes","Stromateoidei",NA,"Nomeidae","",NA,"Psenes","pellucidus","","Lütken, 1880","Na","Id","",1,"","","","",NA,"",NA,NA,NA,"","True","","","",NA,"","",NA,"True","","",14067,"Bluefin driftfish","","","","circumtropical","","","","",""
"444","Eukaryota","Animalia","Chordata","Actinopterygii","Perciformes","Stromateoidei",NA,"Nomeidae","",NA,"Psenes","sio","","Haedrich, 1970","Na","Id","",1,"","","","",NA,"",NA,NA,NA,"","True","","","",NA,"","",NA,"True","","",14069,"","","","","Eastern Pacific","","","","",""
"445","Eukaryota","Animalia","Chordata","Actinopterygii","Pleuronectiformes","",NA,"Achiridae","",NA,"Trinectes","fonsecensis","","(Günther, 1862)","Na","Id","",1,"","","","",NA,"",NA,NA,NA,"","True","","","",NA,"","",NA,"True","","",14079,"Spottedfin sole","guardaboya, guardaboya tapadera, suela rayada","suela  rayada","Syn.: Solea fonsecensis Günther, 1862, fide Appeltans et al. (2010)","Eastern Pacific, Mexico, Panama, Peru, Galapagos","","On sandy bottoms.","","Length 15 to 23 cm, they  grow to lengths of 22 cm.",""
"446","Eukaryota","Animalia","Chordata","Actinopterygii","Pleuronectiformes","",NA,"Bothidae","",NA,"Bothus","leopardinus","","(Günther, 1862)","Na","Id","NE",1,"","","","",NA,"",NA,NA,NA,"","True","","","",NA,"","",NA,"True","","",7809,"Speckled flounder, Pacific leopard flounde, Leopard flounder","lenguado moteado, lenguado ojo leopardo","lenguado ojo leopardo","Syn.: Rhomboidichthys leopardinus Günther, 1862, fide Appeltans et al. (2010)","Eastern Pacific only, from Baja California to Colombia, also Cocos, Revillagigedos and Ecuador in the Galápagos Islands. Eastern Pacific only. Gulf of California to Peru, and all oceanic islands except Clipperton.","","Coastal waters, ranges from intertidal depths along sandy beaches to depths of 20 m on sand, gravel, coral rubble, and in sandy pockets between rocks and coral.","","Shades of brown with white to bluish spot and ring markings; large diffuse blotch on mid-side and often another just behind pectoral fin. Elongate oval shape with eyes on left (upper) side. Can pale or darken to blend with bac. To lengths at least 15 cm.",""
"447","Eukaryota","Animalia","Chordata","Actinopterygii","Pleuronectiformes","",NA,"Bothidae","",NA,"Bothus","mancus","","(Broussonet, 1782)","Na","Id","NE",1,"","","","",NA,"",NA,NA,NA,"","True","","","",NA,"","",NA,"True","","",7810,"Tropical flounder","lenguado tropical","lenguado","Syn.: Platophrys mancus (Broussonet, 1782), Pleuronectes barffi Curtis, 1944, Pleuronectes mancus Broussonet, 1782, fide Appeltans et al. (2010)","Widely distributed from Durban, South Africa, to the eastern Pacific: in the eastern Pacific principally known from oceanic islands: Cocos, Revillagigedos, Easter, Clipperton and Ecuador in the Galápagos Islands.","","Habitat: Sand flats and and rocky gravel strewn areas","","Body ovate, sexual dufferences develop at about 23-25 cm, characterized by the male having very elongate pectoral fin on eyed side, tentacles on eyes, wider inter-orbital space, and spines on snout and above eye; brown with numerosu variable-sized white to pale blue spots, some forming small partial circles; also scattered dark brown spots present. Size: Up to 45 cm.",""
"448","Eukaryota","Animalia","Chordata","Actinopterygii","Pleuronectiformes","",NA,"Cynoglossidae","",NA,"Symphurus","varius","","Garman, 1899","Na","Id","",1,"","","","",NA,"",NA,NA,NA,"","True","","","",NA,"","",NA,"True","","",14082,"Freckled tonguefish","lengua","","","Equatorial Eastern Pacific, Coco, Malpelo, Galapagos","","","","Length up to five centimeters",""
"449","Eukaryota","Animalia","Chordata","Actinopterygii","Pleuronectiformes","",NA,"Paralichthyidae","",NA,"Citharichthys","gnathus","","Hoshino & Amaoka, 1999","Na","En","",1,"","","","",NA,"",NA,NA,NA,"","True","","","",NA,"","",NA,"True","","",14072,"","","","Syn.: Citharichthys gilberti Jenkins & Evermann, 1889","","","","","",""
"450","Eukaryota","Animalia","Chordata","Actinopterygii","Pleuronectiformes","",NA,"Paralichthyidae","",NA,"Hippoglossina","bollmani","","Gilbert, 1890","Na","Id","",1,"","","","",NA,"",NA,NA,NA,"","True","","","",NA,"","",NA,"True","","",14073,"","","","","Eastern Pacific","","","","",""
"451","Eukaryota","Animalia","Chordata","Actinopterygii","Pleuronectiformes","",NA,"Paralichthyidae","",NA,"Paralichthys","woolmani","","Jordan & Williams, 1897","Na","Id","",1,"","","","",NA,"",NA,NA,NA,"","True","","","",NA,"","",NA,"True","","",14074,"Speckled  flounder","lenguado huarache","lenguado  huarache","","Eastern Pacific, from Magdalena Bay  on outer  coast of Baja  California and the Gulf of California  to Paita, Peru, and Galapagos.","","Habitat: Probably  found  throughout the Archipelago over flat mud, sand, or gravel substrata.","","Size> To lengths of 43 cm.",""
"452","Eukaryota","Animalia","Chordata","Actinopterygii","Pleuronectiformes","",NA,"Soleidae","",NA,"Aseraggodes","herrei","","Seale, 1940","Na","Id","",1,"","","","",NA,"",NA,NA,NA,"","True","","","",NA,"","",NA,"True","","",14078,"Reticulated sole","sol reticulado, Suela de Herre","sol reticulado.","","Eastern Pacific, Gulf of California to Peru, Revillagigedos, Cocos, and Galapagos","","Habitat: Probably  ranges throughout the Archipelago, on sand and coral- rubble  substrata. Known Darwin, Post Office Bay on Floreana, Marchena, Pinta and  Wolf.","","Size> To lengths of 10 cm.",""
"453","Eukaryota","Animalia","Chordata","Actinopterygii","Pleuronectiformes","Pleuronectoidei",NA,"Bothidae","",NA,"Monolene","maculipinna","","Garman, 1899","Na","Id","",1,"","","","",NA,"",NA,NA,NA,"","True","","","",NA,"","",NA,"True","","",14076,"","","","","Eastern Pacific","","","","",""
"454","Eukaryota","Animalia","Chordata","Actinopterygii","Pleuronectiformes","Pleuronectoidei",NA,"Bothidae","",NA,"Syacium","ovale","","(Günther, 1864)","Na","Id","NE",1,"","","","",NA,"",NA,NA,NA,"","True","","","",NA,"","",NA,"True","","",7811,"Oval flounder","lenguado, lenguado oval, lenguado ovalado, lenguado pega-pega","lenguado pega-pega","","Eastern Pacific, from  Magdalena Bay on the  outer coast of Baja California  and the  Gulf of California to Peru, and Cocos, Revillagigedos, and Galapagos. Gulf of California to Colombia.","","Habitat: Uncommon. Known from a single fish taken in Tagus  Cove, Isabela.","","Size>  To lengths of 21 cm. Color variable, from more or less uniform brown, to brown with numerous ocellated white spots which may extend onyo median fins.",""
"455","Eukaryota","Animalia","Chordata","Actinopterygii","Pleuronectiformes","Pleuronectoidei",NA,"Cynoglossidae","Symphurinae",NA,"Symphurus","atramentatus","","Jordan & Bollman, 1890","Na","Id","NE",1,"","","","",NA,"",NA,NA,NA,"","True","","","",NA,"","",NA,"True","","",7812,"Spotfin tonguefish, halfspotted tonguefish","lenguada hua","lenguada arco iris","","Eastern Pacific, from Baja California and the Gulf of California to Islas Lobos de Afuera (Peru), also Cocos and Galapagos, Southern Baja and Gulf of California to Peru and Galápagos Islands.","","Habitat: Coastal waters between the intertidial and 60 m, occasionally deeper. Inhabit a wide range of substrata, including clay, mud and mud-silt, sand, shell, coral rubble, gravel and small rocks","","Size: To lengths of 13 cm. Elongate oval-shaped with obvious scales; close-set, tiny spherical eyes on left (upper) side above twisted mouth; single, small ventral fin bellow gill plate opening; no pectoral fins. Shades of brown to reddish brown and green.",""
"456","Eukaryota","Animalia","Chordata","Actinopterygii","Pleuronectiformes","Pleuronectoidei",NA,"Cynoglossidae","Symphurinae",NA,"Symphurus","diabolicus","","Mahadeva & Munroe, 1990","Na","En","",1,"","","","",NA,"",NA,NA,NA,"","True","","","",NA,"","",NA,"True","","",14080,"Tonguefish","lengua","","","","","","","",""
"457","Eukaryota","Animalia","Chordata","Actinopterygii","Scorpaeniformes","",NA,"Cyclopteridae","",NA,"Paraliparis","darwini","","Stein & Chernova, 2002","Na","En","",1,"","","","",NA,"",NA,NA,NA,"","True","","","",NA,"","",NA,"True","","",13253,"","","","","","","","","",""
"458","Eukaryota","Animalia","Chordata","Actinopterygii","Scorpaeniformes","",NA,"Cyclopteridae","",NA,"Paraliparis","galapagosensis","","Stein & Chernova, 2002","Na","En","",1,"","","","",NA,"",NA,NA,NA,"","True","","","",NA,"","",NA,"True","","",11806,"","","","","","","","","",""
"459","Eukaryota","Animalia","Chordata","Actinopterygii","Scorpaeniformes","",NA,"Peristediidae","",NA,"Peristedion","crustosum","","Garman, 1899","Na","En","",1,"","","","",NA,"",NA,NA,NA,"","True","","","",NA,"","",NA,"True","","",13251,"Broadface searobin","caballito  moro","caballito  moro","","Eastern Pacific, from the  Gulf  of Panama to  Talara, Peru, and Cocos  and Galapagos.","","Omnivores, diet includes soft body invertebrates and worms. Along  the mainland of northern  South America  they are taken  in  deeper waters, between 460 and 545 m.","","Size> Grows  to lengths of  at least  14 cm.",""
"460","Eukaryota","Animalia","Chordata","Actinopterygii","Scorpaeniformes","",NA,"Scorpaenidae","",NA,"Pontinus","clemensi","","Fitch, 1955","Na","En","",1,"","","","",NA,"",NA,NA,NA,"","True","","","",NA,"","",NA,"True","","",13193,"Spotted scorpionfish","escorpion manchado","","","Eastern Pacific","","","","Length up to 28 cm",""
"461","Eukaryota","Animalia","Chordata","Actinopterygii","Scorpaeniformes","",NA,"Scorpaenidae","",NA,"Pontinus","furcirhinus","","Garman, 1899","Na","Id","",8,"","","","",NA,"",NA,NA,NA,"","True","","","",NA,"","",NA,"True","","",15483,"Red scorpionfish","pez escorpion roja","","J. McCosker: questionably a Galapagos species. Poss is reviewing Galapagos Pontinus and suggested to not include P. furcirhinus in McCosker & Rosenblatt (2010); Syn.: Pontinus dubius Steindachner, 1902, fide Appeltans et al. (2010)","","","Habitat: Usually found on sandy bottoms","","",""
"462","Eukaryota","Animalia","Chordata","Actinopterygii","Scorpaeniformes","",NA,"Scorpaenidae","",NA,"Scorpaena","histrio","","Jenyns, 1840","Na","Id","NE",1,"","","","",NA,"",NA,NA,NA,"","True","","","",NA,"","",NA,"True","","",7813,"Bandfin scorpionfish, player scorpionfish","rascacio jugador","escorpion jugueton","Syn.: Scorpaena fucata Valenciennes, 1846, Scorpaena pannosa Cramer, 1897, Scorpaena hystrio Jenyns, 1840 (misspelling), fide Appeltans et al. (2010)","Eastern Pacific, from the Gulf of California to central Chile, and Galapagos. Baja California to Chile. Galápagos, Cocos and Malpelo Islands.","","Habitat: Coastal regions of reef and rocky habitats.","","Size: Lengths of at lesat 27 cm. Heavy, stout head and body, often with numerous skin flaps. Mottled with blotches in earthtones, and occasional shades of red and lavender. Can pale, darken and change color to blend with background.",""
"463","Eukaryota","Animalia","Chordata","Actinopterygii","Scorpaeniformes","",NA,"Scorpaenidae","",NA,"Scorpaena","mystes","","Jordan & Starks, 1895","Na","Id","NE",1,"","","","",NA,"",NA,NA,NA,"","True","","","",NA,"","",NA,"True","","",7814,"Pacific spotted scorpionfish, stone scorpionfish","escorpion roquero","brujo","Syn.: Holoscorpaena didymogramma Fowler, 1944, Scorpaena plumieri mystes Jordan & Starks, 1895, fide Appeltans et al. (2010)","Eastern Pacific, from California to Ecuador including Galapagos","","Habitat: Shallow waters; rocky and lava bottom where seaweeds abound, occasionally seen in sandy areas.","","Size: To about 46 cm.",""
"464","Eukaryota","Animalia","Chordata","Actinopterygii","Scorpaeniformes","",NA,"Scorpaenidae","",NA,"Scorpaenodes","xyris","","(Jordan & Gilbert, 1882)","Na","Id","NE",1,"","","","",NA,"",NA,NA,NA,"","True","","","",NA,"","",NA,"True","","",7815,"Rainbow scorpionfish","rascacio arco iris","escorpion arco iris","Syn.: Sebastopsis xyris Jordan & Gilbert, 1882, fide Appeltans et al. (2010)","Eastern Pacific, from California to Peru, and Clipperton, Cocos, Guadalupe, Revillagigedos and Galapagos. Southern California to Peru and all the offshore islands of the Eastern Pacific.","","Habitat: Among reefs, rocks and crevices in near-shore waters to depth of 50 m","","Size: Lengths of at least 14 cm. Mottled and blotched in shades of red to reddish brown and white. Can pale, darken or change color to blend with background. No barbels under mouth.",""
"465","Eukaryota","Animalia","Chordata","Actinopterygii","Scorpaeniformes","",NA,"Scorpaenidae","",NA,"Taenianotus","triacanthus","","Lacepède, 1802","Na","Va","",1,"","","","",NA,"",NA,NA,NA,"","True","","","",NA,"","",NA,"True","","",13203,"Sailfin leaffish","","","Syn.: Taenianothus triacanthus Lacepède, 1802 (misspelling), Taenianotus citrinellus Gilbert, 1905, Taeniatus triacanthus Lacepède, 1802 (misspelling), Taenionotus triacanthus Lacepède, 1802 (misspelling), fide Appeltans et al. (2010)","Indo-west Pacific","","Habitat: Piscivore, enjoys areas affected by surge with coral and algal development","","Length up to 15 cm",""
"466","Eukaryota","Animalia","Chordata","Actinopterygii","Scorpaeniformes","",NA,"Sebastidae","Sebastolobinae",NA,"Trachyscorpia","osheri","","McCosker, 2008","Na","En","",1,"","","","",NA,"",NA,NA,NA,"","True","","","",NA,"","",NA,"True","","",13204,"","","","","","","","","",""
"467","Eukaryota","Animalia","Chordata","Actinopterygii","Scorpaeniformes","",NA,"Setarchidae","",NA,"Ectreposebastes","imus","","Garman, 1899","Na","Id","",1,"","","","",NA,"",NA,NA,NA,"","True","","","",NA,"","",NA,"True","","",13190,"Midwater scorpionfish","Pez diablo de profundidad, Rascacio profundo","","","circumtropical","","","","",""
"468","Eukaryota","Animalia","Chordata","Actinopterygii","Scorpaeniformes","",NA,"Triglidae","",NA,"Prionotus","miles","","Jenyns, 1840","Na","En","NE",1,"","","","",NA,"",NA,NA,NA,"","True","","","",NA,"","",NA,"True","","",7817,"Orangethroat searobin, Galápagos searobin","rubio falso volador","gallineta de Galápagos","","Endemic to the Galapagos Islands.","","Habitat: Sand and rubble areas in depths between 20 and 30 m.","","Size: To at least 30 cm. Pectoral fins relatively long, reaching to middle of anal fins; snout emarginate, with prominent spines on each lobe; generally gray-brown; outer tree-fourths of spinous dorsal fin black; pectoral fins blackish with whitish margin; caudal fin with dark blotches.",""
"469","Eukaryota","Animalia","Chordata","Actinopterygii","Scorpaeniformes","Scorpaenoidei",NA,"Scorpaenidae","",NA,"Phenacoscorpius","sp.","","","Na","En","",3,"","","","",NA,"",NA,NA,NA,"","True","","","",NA,"","",NA,"True","","",13192,"","","","","","","","","",""
"470","Eukaryota","Animalia","Chordata","Actinopterygii","Scorpaeniformes","Scorpaenoidei",NA,"Scorpaenidae","",NA,"Pontinus","sp.","","","NoData","NoData","NE",3,"","","","",NA,"",NA,NA,NA,"","True","","","",NA,"","",NA,"True","","",11544,"Spinyhead schorpionfish, rosy scorpionfish","escorpion espinoso","Escorpion espinoso, escorpion rojo","","Baja California to Peru, and Galapagos.","","Habitat: Coastal water, sandy bottoms in protected areas.","","Size: 2.5 - 10 cm",""
"471","Eukaryota","Animalia","Chordata","Actinopterygii","Scorpaeniformes","Scorpaenoidei",NA,"Scorpaenidae","",NA,"Pontinus","sp. A","","Poss & Lavenberg in prep.","Na","Id","",9,"","","","",NA,"",NA,NA,NA,"","True","","","",NA,"","",NA,"True","","",13196,"","","","","Galápagos and Cocos Islands? (McCosker & Rosenblatt, 2010)","","","","",""
"472","Eukaryota","Animalia","Chordata","Actinopterygii","Scorpaeniformes","Scorpaenoidei",NA,"Scorpaenidae","",NA,"Pontinus","sp. B","","Poss & Lavenberg in prep.","Na","Id","",9,"","","","",NA,"",NA,NA,NA,"","True","","","",NA,"","",NA,"True","","",13197,"","","","","Eastern Pacific","","","","",""
"473","Eukaryota","Animalia","Chordata","Actinopterygii","Scorpaeniformes","Scorpaenoidei",NA,"Scorpaenidae","",NA,"Pontinus","sp. C","","Poss in prep.","Na","En","",9,"","","","",NA,"",NA,NA,NA,"","True","","","",NA,"","",NA,"True","","",13199,"","","","","","","","","",""
"474","Eukaryota","Animalia","Chordata","Actinopterygii","Scorpaeniformes","Scorpaenoidei",NA,"Scorpaenidae","",NA,"Pontinus","strigatus","","Heller & Snodgrass, 1903","Na","Id","",1,"","","","",NA,"",NA,NA,NA,"","True","","","",NA,"","",NA,"True","","",13194,"Stalkeye scorpionfish","","","","Galápagos and Cocos Islands","","","","",""
"475","Eukaryota","Animalia","Chordata","Actinopterygii","Scorpaeniformes","Scorpaenoidei",NA,"Scorpaenidae","",NA,"Pontinus","vaughani","","Barnhart & Hubbs, 1946","Na","Id","",1,"","","","",NA,"",NA,NA,NA,"","True","","","",NA,"","",NA,"True","","",13195,"","","","","Eastern Pacific","","","","",""
"476","Eukaryota","Animalia","Chordata","Actinopterygii","Scorpaeniformes","Scorpaenoidei",NA,"Scorpaenidae","",NA,"Scorpaenodes","rubrivinctus","","Poss, McCosker & Baldwin, 2010","Na","Id","",1,"","","","",NA,"",NA,NA,NA,"","True","","","",NA,"","",NA,"True","","",13201,"","","","","Galápagos and Cocos Islands","","","","",""
"477","Eukaryota","Animalia","Chordata","Actinopterygii","Scorpaeniformes","Scorpaenoidei",NA,"Scorpaenidae","Scorpaeninae",NA,"Idiastion","hageyi","","McCosker, 2008","Na","En","",1,"","","","",NA,"",NA,NA,NA,"","True","","","",NA,"","",NA,"True","","",13191,"","","","","","","","","",""
"478","Eukaryota","Animalia","Chordata","Actinopterygii","Scorpaeniformes","Scorpaenoidei",NA,"Scorpaenidae","Scorpaeninae",NA,"Scorpaena","cocosensis","","Motomura, 2004","Na","Id","",1,"","","","",NA,"",NA,NA,NA,"","True","","","",NA,"","",NA,"True","","",13200,"","","","","Galápagos and Cocos Islands","","","","",""
"479","Eukaryota","Animalia","Chordata","Actinopterygii","Scorpaeniformes","Scorpaenoidei",NA,"Triglidae","",NA,"Bellator","farrago","","Richards & McCosker, 1998","Na","En","",1,"","","","",NA,"",NA,NA,NA,"","True","","","",NA,"","",NA,"True","","",13202,"","","","","","","","","",""
"480","Eukaryota","Animalia","Chordata","Actinopterygii","Scorpaeniformes","Scorpaenoidei",NA,"Triglidae","",NA,"Prionotus","albirostris","","Jordan & Bollman, 1890","NoData","NoData","NE",6,"","","","",NA,"",NA,NA,NA,"","True","","","",NA,"","",NA,"True","","",7816,"Whitesnout searobin","rubio rey, vaca cariblanca","vaca cariblana","J. McCosker: based on misidentification of P. stephanophrys specimens; see Richards & McCosker (1998:940)","Eastern Pacific, from the Gulf of California to Panama and Galapagos, Central Gulf of California to northern Peru. Malpelo and Galápagos Islands.","","Habitat: Sandy bottoms","","Size: At least 20cm. Mottled brown body and fins with several darkish bands and spots on body and tail. White margin on rear of tail.",""
"481","Eukaryota","Animalia","Chordata","Actinopterygii","Scorpaeniformes","Scorpaenoidei",NA,"Triglidae","",NA,"Prionotus","stephanophrys","","Lockington, 1881","Na","Id","",1,"","","","",NA,"",NA,NA,NA,"","True","","","",NA,"","",NA,"True","","",13252,"","","","","Eastern Pacific","","","","",""
"482","Eukaryota","Animalia","Chordata","Actinopterygii","Stomiiformes","",NA,"Stomiidae","",NA,"Astronesthes","galapagensis","","Parin, Borodulina & Hulley, 1999","NoData","NoData","",6,"","","","",NA,"",NA,NA,NA,"","True","","","",NA,"","",NA,"True","","",11743,"","","","J. McCosker: not included in McCosker (2010) because of its distance offshore.","","","","","",""
"483","Eukaryota","Animalia","Chordata","Actinopterygii","Stomiiformes","",NA,"Stomiidae","",NA,"Bathophilus","filifer","","(Garman, 1899)","NoData","NoData","",6,"","","","",NA,"",NA,NA,NA,"","True","","","",NA,"","",NA,"True","","",12927,"sparing, scaleless dragonfish","","","J. McCosker: not included in McCosker (2010) this because of its distance offshore.","","","","","",""
"484","Eukaryota","Animalia","Chordata","Actinopterygii","Syngnathiformes","",NA,"Aulostomidae","",NA,"Aulostomus","chinensis","","(Linnaeus, 1766)","Na","Id","NE",1,"","","","True",NA,"",NA,NA,NA,"","True","","","",NA,"","",NA,"True","","",7656,"Spinyback trumpetfish, trumpetfish","trompeta espinosa, pez trompeta","pez trompeta","Syn.: Aulostomus valentini (Bleeker, 1853), Fistularia chinensis Linnaeus, 1766, Polypterichthys valentini Bleeker, 1853, Aulostoma chinense (Linnaeus, 1766) (misspelling), Aulostoma chinensis (Linnaeus, 1766) (misspelling), fide Appeltans et al. (2010)","Indo-West Pacific; in the eastern Pacific from scattered oceanic localities including Clipperton, Cocos, Malpelo, Revillagigedos and Ecuador in Galápagos Islands; also Islas Contreras in the Gulf of Chiriqui, Panama and Easter Island.","","Habitat: Areas of reef development.","Hábitat: Áreas de desarrollo de los arrecifes.","Adept at color change. Most common phase is shades of brown to reddish brown; can be blue-gray, bright yellow or gold. Have pale thin lines and scattered, small black spots; several prominent white or dark spots extreme rear b. Size: To about 76 cm.","Tamaño: de 76 cm."
"485","Eukaryota","Animalia","Chordata","Actinopterygii","Syngnathiformes","",NA,"Fistulariidae","",NA,"Fistularia","commersonii","","Rüppell, 1838","Na","Id","NE",1,"","","","",NA,"",NA,NA,NA,"","True","","","",NA,"","",NA,"True","","",7657,"Reef cornetfish","pez corneta, Pez corneta de arrecife","corneta pintada, Pez corneta de arrecife","Syn.: Fistularia depressa Günther,  1880, Fistularia comerson Rüppell, 1838 (misspelling)<br>Fistularia commersoni Rüppell, 1838 (misspelling), fide Appeltans et al. (2010)","Indo-Pacific; from Mexico to Ecuador including Galapagos, also Cocos and Malpelo, Indo-Pacific. Southern Baja to upper Gulf of California to northern Peru and all the oceanic islands.","","Habitat: Shallow water reef areas, usually solitary or in pairs.","","Silvery with blue to blue-green to green tints on back; silvery white belly. Two thin blue stripes on back and sides. Size: To about 12 cm",""
"486","Eukaryota","Animalia","Chordata","Actinopterygii","Syngnathiformes","",NA,"Syngnathidae","Hippocampinae",NA,"Hippocampus","ingens","","Girard, 1858","Na","Id","VU",1,"","","","",NA,"True",NA,NA,NA,"","True","","","",NA,"","",NA,"True","","True",7658,"Pacific seahorse","caballito del Pacifico, caballito de mar del Pacifico","Caballito de mar del Pacifico, caballito del Pacifico","Syn.: Hippocampus ecuadorensis Fowler, 1922, Hippocampus gracilis Gill, 1862, Hippocampus hildebrandi Ginsburg, 1933, fide Appeltans et al. (2010)","Eastern Pacific, from California to Chile including the Gulf of California and offshore islands and Ecuador in the Galapagos Islands, Peru, Cocos and Malpelo.","","Habitat: Most often seen with their tails entwined around sea grasses or ahermatypic corals. Natural History: Small crustaceans and zooplankton are siphoned into the tubelike mouth.","","Colors highly variable, including shades of gray, brown, yellow and gold. Size: Up to 24.7cm",""
"487","Eukaryota","Animalia","Chordata","Actinopterygii","Syngnathiformes","",NA,"Syngnathidae","Syngnathinae",NA,"Bryx","veleronis","","Herald, 1940","Na","Id","",1,"","","","",NA,"",NA,NA,NA,"","True","","","",NA,"","",NA,"True","","",13187,"Offshore pipefish, Sailor pipefish","pez pipa velero","pez pipa velero","","Eastern Pacific","","Habitat in Galapagos: Prefer beds of red  algae and coral heads in shallow  waters between 3-18 m, known from Floreana and  Isabela.","","Size> To lengths of 49 mm. Males are sexually  mature by 45 mm.",""
"488","Eukaryota","Animalia","Chordata","Actinopterygii","Syngnathiformes","",NA,"Syngnathidae","Syngnathinae",NA,"Cosmocampus","arctus","coccineus","(Herald, 1940)","Na","Id","",1,"","","","",NA,"",NA,NA,NA,"","True","","","",NA,"","",NA,"True","","",13188,"Snubnose pipefish","agujón, pez pipa chato","","","Eastern Pacific","","","","",""
"489","Eukaryota","Animalia","Chordata","Actinopterygii","Syngnathiformes","",NA,"Syngnathidae","Syngnathinae",NA,"Doryrhamphus","excisus","","Kaup, 1856","NoData","NoData","NE",1,"","","","True",NA,"",NA,NA,NA,"","True","","","",NA,"","",NA,"True","","",7659,"Bluestripe pipefish, fantail pipefish","pez pipa chica","Pez pipa chica","Syn.: Doryrhamhus melanopleura (Bleeker) (Spelling variation of Doryrhamphus melanopleura), fide Appeltans et al. (2010)","Indo-Pacific; in the eastern Pacific from Baja California and the nothern Gulf of California to Ecuador including Galapagos; also Clipperton and Cocos. All the offshore islands","","Habitat: Shallow waters, usually in pairs among the corals and seaweeds, rarely moving fare from shelter.","Hábitat: aguas poco profundas, generalmente se mueve en pares entre los corales y algas marinas, rara vez se mueve de su vivienda.","Shades of brown to black body, and trumpet-like mouth. Lengths to 69 mm.","Tamaño: lLongitud de 69 mm."
"490","Eukaryota","Animalia","Chordata","Actinopterygii","Tetraodontiformes","",NA,"Balistidae","",NA,"Balistes","polylepis","","Steindachner, 1876","Na","Id","NE",1,"","","","",NA,"",NA,NA,NA,"","True","","","",NA,"","",NA,"True","","",7838,"Fine scale triggerfish","pejepuerco coche, cachudo escama fina","cochito escama fina,  cachudo escama fina","Syn.: Balistes polylepis rubicundus de Buen, 1959, Pseudobalistes polylepis (Steindachner, 1876), fide Appeltans et al. (2010)","Indo-Pacific; Eastern Pacific, Northern California to Chile, including offshore islands and Ecuador in Galápagos Islands.","","Habitat: Young fish in sandy areas, sometimes well offshore. Adults prefer sandy regions amongst scattered lava rock, which provide shelter","","Drab shades of bluish gray to gray and brownish gray; belly generally lighter shade. Can pale or darken to match background. Small, fine scales on deep, rounded body. To lengths of 75 cm",""
"491","Eukaryota","Animalia","Chordata","Actinopterygii","Tetraodontiformes","",NA,"Balistidae","",NA,"Melichthys","niger","","(Bloch, 1786)","Na","Id","NE",1,"","","","",NA,"",NA,NA,NA,"","True","","","",NA,"","",NA,"True","","",7822,"Black durgon, Black triggerfish","pez puerco, cochito negro","cochito negro","Syn.: Balistes fuscolineatus Seale, 1901, Balistes kib Montrouzier, 1857, Balistes kibitar Montrouzier, 1857, Balistes niger Bloch, 1786, Balistes piceus Poey, 1863, Balistes radula Solander, 1848, Balistes sillone Le Danois, 1961, Balistes verrucosus Gronow, 1854, Melichthys bispinosus Gilbert, 1890, Melichthys piceus (Poey, 1863), Melichthys radula (Solander, 1848), Melichthys ringens (Osbeck, 1765), fide Appeltans et al. (2010)","Circumtropical; in the eastern Pacific around offshore islands between Cabo San Lucas and Ecuador, including the Galapagos Islands; also known from Hawaii and Japan","","Habitat: Feeding near the surface, in aggregation exceeding 50 individuals","","May have bluish to greenish cast. Head may be blue above eyes, with orange or yellow below. Scales have pale diamond outline. Can change color, and pale or darken. Size: To about 36 cm",""
"492","Eukaryota","Animalia","Chordata","Actinopterygii","Tetraodontiformes","",NA,"Balistidae","",NA,"Melichthys","vidua","","(Richardson, 1845)","Na","Id","NE",1,"","","","",NA,"",NA,NA,NA,"","True","","","",NA,"","",NA,"True","","",7823,"Pinktail triggerfish","Pejepuerco cola rosada, cochito cola rosada","cochito cola rosada","Syn.: Balistes erythropterus (Fowler, 1946), Balistes vidua Richardson, 1845, Balistes vidua kamoharai Abe, 1958, Melichthys nycteris (Jordan & Evermann, 1903), Oncobalistes erythropterus Fowler, 1946, Pachynathus nycteris Jordan & Evermann, 1903, fide Appeltans et al. (2010)","Indo-Pacific, ranges from east Africa to Hawaii and the Marquesan and Tuamoto Islands; in the eastern Pacific at Isla del Coco and Ecuador in Galapagos, Western Panama","","Habitat: Depths of 4 to 60 m; areas of high coral cover where the water is clear and shallow.","","Brown to olive head and body with yellow pectoral fins. To lenghts of 28 cm",""
"493","Eukaryota","Animalia","Chordata","Actinopterygii","Tetraodontiformes","",NA,"Balistidae","",NA,"Sufflamen","verres","","(Gilbert & Starks, 1904)","Na","Id","NE",1,"","","","",NA,"",NA,NA,NA,"","True","","","",NA,"","",NA,"True","","",7825,"Orangeside triggerfish","chancho","cochito naranja","Syn.: Balistes verres Gilbert & Starks, 1904, fide Appeltans et al. (2010)","Eastern Pacific; from Baja California to Pachacamac Island, near Peru; also Clippteron, Cocos, Revillagigedos and Galapagos. Central Baja California and Central Gulf of California to Northern Peru. All the oceanic islands of the Eastern Pacific.","","Habitat: Solitary, areas of coral development in shallow waters (<15m)","","Size: To about 40 cm, Drab shades of gray to brown-gray and olive-brown; yellow to orange stripe runs from under chin toward pectoral fin. Can pale or darken and change color of belly to match background.",""
"494","Eukaryota","Animalia","Chordata","Actinopterygii","Tetraodontiformes","",NA,"Balistidae","",NA,"Xanthichthys","caeruleolineatus","","Randall, Matsuura & Zama, 1978","Na","Id","",1,"","","","",NA,"",NA,NA,NA,"","True","","","",NA,"","",NA,"True","","",14085,"Blue-striped triggerfish","cochinito","","Syn.: Xanthichthys caeuleolineatus Randall, Matsuura & Zama, 1978 (misspelling), Xanthichthys careuleolineatus Randall, Matsuura & Zama, 1978 (misspelling), Xenobalistes punctatus Heemstra & Smith, 1983, fide Appeltans et al. (2010)","Indo-Pacific (vagrant?), Galápagos Islands","","Habitat: solitary fish, on drop-offs, rocky areas, to depths of 25 meters","","Length up to 30 centimeters",""
"495","Eukaryota","Animalia","Chordata","Actinopterygii","Tetraodontiformes","",NA,"Balistidae","",NA,"Xanthichthys","mento","","(Jordan & Gilbert, 1882)","Na","Id","NE",1,"","","","",NA,"",NA,NA,NA,"","True","","","",NA,"","",NA,"True","","",7826,"Red tailed triggerfish, redtail triggerfish","cachudo cola roja","cochito cola roja","Syn.: Balistes mento Jordan & Gilbert, 1882, Xanthichthys gotonis Tanaka, 1918, Xanthichthys purus Tanaka, 1918, Xanthichthys surcatus de Buen, 1963, fide Appeltans et al. (2010)","Indo-Pacific; in the eastern Pacific from California to Ecuador including Galapagos, also Easter Island, Clipperton and Revillagigedos, Dispersed in pacific ocean. All the oceanic islands of the tropical eastern pacific, tip of baja, southeast gulf of california and gorgonia island (colombia)","","Habitat: Surface-feeding; open water above rocky reefs, boulder strewn slopes and along walls.","","Gold body with dark outlines on scales; blue line markings on head below eyes; bluish sub-border on tail. Size: 16-20 cm",""
"496","Eukaryota","Animalia","Chordata","Actinopterygii","Tetraodontiformes","",NA,"Diodontidae","",NA,"Diodon","holocanthus","","Linnaeus, 1758","Na","Id","NE",1,"","","","",NA,"",NA,NA,NA,"","True","","","",NA,"","",NA,"True","","",7839,"Balloonfish, barred porcupinefish","pejerizo enmascarado, pez erizo balón","pez erizo balón","Syn.: Atopomycterus bocagei Steindachner, 1866, Diodon hystrix holocanthus Linnaeus, 1758, Diodon maculifer Kaup, 1855, Diodon multimaculatus Cuvier, 1818, Diodon novemmaculatus Cuvier, 1818, Diodon paraholocanthus Kotthaus, 1979, Diodon pilosus Mitchill, 1815, Diodon quadrimaculatus Cuvier, 1818, Diodon sexmaculatus Cuvier, 1818, Paradiodon quadrimaculatus (Cuvier, 1818), Trichodiodon pilosus (Mitchill, 1815), fide Appeltans et al. (2010)","Circumtropical; in the eastern Pacific from California to Ecuador including Galapagos, also Cocos, Easter and Revillagigedos","","Habitat: Solitary; coral-reef habitats","","Brown to olive. Dusky band between eyes. May have dusky blotches or bands on back. Iris is yellow; pupil has iridescent blue-green specks. Spines usually lowered, but can become erect without inflation. Size: To at least 45 cm",""
"497","Eukaryota","Animalia","Chordata","Actinopterygii","Tetraodontiformes","",NA,"Diodontidae","",NA,"Diodon","hystrix","","Linnaeus, 1758","Na","Id","NE",1,"","","","",NA,"",NA,NA,NA,"","True","","","",NA,"","",NA,"True","","",7828,"Spotted porcupinefish, porcupinefish","pez puerco espín, pez erizo punteado","pez erizo punteado","Syn.: Diodon armillatus Whitley, 1933, Diodon brachiatus Bloch & Schneider, 1801, Diodon hystrix hystrix Linnaeus, 1758, Diodon nudifrons Jenkins, 1903, Diodon punctatus Cuvier, 1818, Diodon spinosissimus Cuvier, 1818, Diodon totara Curtiss, 1938, Paradiodon hystrix (Linnaeus, 1758), fide Appeltans et al. (2010)","circumtropical; in the eastern Pacific from California to Chile, also Easter and Galapagos Islands","","Habitat: Solitary, usually found near coral developtment or in rocky areas","","Olive to brown or gray back, fanding to whitish belly. Can pale or darken. Long spines are erect only when body is inflated. Size: Up to at least 91 cm",""
"498","Eukaryota","Animalia","Chordata","Actinopterygii","Tetraodontiformes","",NA,"Molidae","",NA,"Mola","mola","","(Linnaeus, 1758)","Na","Id","NE",1,"","","","",NA,"",NA,NA,NA,"","True","","","",NA,"","",NA,"True","","",7829,"Ocean sunfish, mola mola","pez sol oceánico, mola mola","pez luna, pez sol oceánico","Syn.: Aledon capensis Castelnau, 1861, Aledon storeri Castelnau, 1861, Cephalus brevis Shaw, 1804, Cephalus ortagoriscus Risso, 1827, Cephalus pallasianus Shaw, 1804, Diodon carinatus Mitchill, 1828, Diodon mola Pallas, 1770, Diodon nummularis Walbaum, 1792, Diplanchias nasus Rafinesque, 1810, Mola aculeata Koelreuter, 1766 (synonym), Mola aspera Nardo, 1827, Mola hispida Nardo, 1827, Mola rotunda Cuvier, 1798, Molacanthus pallasii Swainson, 1839, Orthagoriscus mola (synonym), Orthragoriscus alexandrini Ranzani, 1839, Orthragoriscus analis Ayres, 1859, Orthragoriscus blochii Ranzani, 1839, Orthragoriscus elegans Ranzani, 1839, Orthragoriscus fasciatus Bloch & Schneider, 1801, Orthragoriscus ghini Ranzani, 1839, Orthragoriscus hispidus Bloch & Schneider, 1801, Orthragoriscus lunaris Gronow, 1854, Orthragoriscus mola (Linnaeus, 1758), Orthragoriscus redi Ranzani, 1839, Orthragoriscus retzii Ranzani, 1839, Orthragoriscus rondeletti Ranzani, 1839, Orthragus luna Rafinesque, 1810, Ozodura orsini Ranzani, 1839, Pedalion gigas Guilding, 1838, Tetraodon mola Linnaeus, 1758 (synonym), Trematopsis willugbei Ranzani, 1839, Tympanomium planci Ranzani, 1839, fide Appeltans et al. (2010)","circumtropical; in the eastern Pacific from California to Chile and Ecuador in Galapagos, Circumtropical. Potentially throughout the entire eastern pacific with the exception of the Gulf of California.","","Habitat: Open water off the west  coasts of  Isabela and  Fernandina.","","Ovular compressed head and no tail; tall dorsal and anal fins and small pectorals. Silvery gray upper body with white below. Up to lengths of 3 m and weights of 2,000kg",""
"499","Eukaryota","Animalia","Chordata","Actinopterygii","Tetraodontiformes","",NA,"Molidae","",NA,"Mola","ramsayi","","(Giglioli, 1883)","Na","Mi","",1,"","","","",NA,"",NA,NA,NA,"","","","","True",NA,"","",NA,"","True","",17823,"","mola","mola","Syn.: Orthragoriscus eurypterus Philippi, 1892, Orthragoriscus ramsayi Giglioli, 1883, fide Appeltans et al. (2010)","","","","","",""
"500","Eukaryota","Animalia","Chordata","Actinopterygii","Tetraodontiformes","",NA,"Molidae","",NA,"Ranzania","laevis","","(Pennant, 1776)","Na","Id","",1,"","","","",NA,"",NA,NA,NA,"","True","","","",NA,"","",NA,"True","","",14091,"Slender sunfish, truncated sunfish","ranzania, mola flaca","","Syn.: Cephalus cocherani Traill, 1832, Cephalus elongatus Risso, 1827, Cephalus oblongus Shaw, 1804, Cephalus varius Shaw, 1804, Diodon dimidiatus Walbaum, 1792, Mola planci Nardo, 1827, Orthragoriscus battarae Ranzani, 1839, Orthragoriscus oblongus Bloch & Schneider, 1801, Orthragoriscus solaris Gronow, 1854, Orthragoriscus truncatus (Retzius, 1785), Orthragus oblongus Rafinesque, 1810, Ostracion boops Richardson, 1845, Ostracion laevis Pennant, 1776, Ranzania makua Jenkins, 1895, Ranzania truncata (Retzius, 1785), Ranzania typus Nardo, 1840, Tetraodon truncatus Retzius, 1785, fide Appeltans et al. (2010)","California to Chile","","","","",""
"501","Eukaryota","Animalia","Chordata","Actinopterygii","Tetraodontiformes","",NA,"Monocanthidae","",NA,"Aluterus","scriptus","","(Osbeck, 1765)","Na","Id","NE",1,"","","","",NA,"",NA,NA,NA,"","True","","","",NA,"","",NA,"True","","",7840,"Scrawled filefish","lija trompa, pez lija puntiazul.","pez lija puntiazul","Syn.: Alutera armata Garman, 1903, Alutera picturata Poey, 1863, Alutera scripta (Osbeck, 1765), Aluteres pareva Lesson, 1831, Aluteres personatus Lesson, 1831, Aluterus renosus Hollard, 1855, Aluterus venosus Hollard, 1855, Balistes laevis Bloch, 1795, Balistes liturosus Shaw, 1804, Balistes ornatus Proce, 1822, Balistes scriptus Osbeck, 1765, Monacanthus scriptus (Osbeck, 1765), Osbeckia scripta (Osbeck, 1765), fide Appeltans et al. (2010)","Circumtropical; in the eastern Pacific from the lower Gulf of California to Ecuador including Cocos and Ecuador in Galápagos.","","Habitat: Juveniles and occasioinally adults swim beneath foltsam in the open sea; usually solitary. Inhabits embayments and lagoons, also seaward reefs to depths of at least 80m.","","Shades of gray tan, brown and olive: translucent dorsal and anal fins. Elongated body with long, brush-like tail. Can pale or darken to blend with background.To about 1 m",""
"502","Eukaryota","Animalia","Chordata","Actinopterygii","Tetraodontiformes","",NA,"Ostraciidae","",NA,"Ostracion","meleagris","","Shaw, 1796","Na","Id","NE",1,"","","","",NA,"",NA,NA,NA,"","True","","","",NA,"","",NA,"True","","",7831,"Spotted boxfish, Pacific boxfish, spotted trunkfish, blue boxfish","pez caja manchado, pez caja pacifico","pez caja manchado","Syn.: Ostracion camurum Jenkins, 1901, Ostracion clippertonense Snodgrass & Heller, 1905, Ostracion lentiginosus Bloch & Schneider, 1801 (junior synonym), Ostracion meleagris meleagris Shaw, 1796, Ostracion punctatus Bloch & Schneider, 1801, Ostracion sebae Bleeker, 1851, fide Appeltans et al. (2010)","Box-like exoskeleton. Male - Often gold band between eyes; back black to reddish brown or gold; no spots on head. Female - Navy blue to back. circumtropical; in the eastern Pacific only known from Bajo California, Mexico, and Clipperton, Revillagigedos and Galapagos","","Habitat: Quite, shallow waters over reefs","","Size: Lengths to at least 18 cm",""
"503","Eukaryota","Animalia","Chordata","Actinopterygii","Tetraodontiformes","",NA,"Tetraodontidae","",NA,"Arothron","hispidus","","(Linnaeus, 1758)","Na","Id","NE",1,"","","","",NA,"",NA,NA,NA,"","True","","","",NA,"","",NA,"True","","",7833,"Stripebelly puffer, spotted green puffer, white spotted puffer, miki maki, deadly death puffer","tamboríl hawaiiano, tamboril verde de puntos blancos","botete panza rayada, Tamboril verde de puntos blancos","Syn.: Crayracion hispidus (Linnaeus, 1758), Dilobomycter hispidus (Linnaeus, 1758), Dilobomycterus hispidus (Linnaeus, 1758) (synonym), Takifugu hispidus (Linnaeus, 1758), Tetraodon hispidus Linnaeus, 1758, Tetraodon perspicillaris Rüppell, 1829, Tetraodon sazanami Tanaka, 1916, Tetraodon semistriatus Rüppell, 1837, Tetrodon hispidus Linnaeus, 1758 (synonym), Tetrodon laterna Richardson, 1845, Tetrodon pusillus Klunzinger, 1871, fide Appeltans et al. (2010)","Tropical Indo-Pacific including Hawaii; in the eastern Pacific from Southern California to Ecuador, including Galápagos, All eastern pacific islands except Clipperton.","","Habitat: Rocky reefs, boulder strewn slopes and walls","","White and dusky ring markings around pectoral fin base; belly pale with dusky stripes; dorsal, anal and tail fins whitish translucent. To lengths of 50cm",""
"504","Eukaryota","Animalia","Chordata","Actinopterygii","Tetraodontiformes","",NA,"Tetraodontidae","",NA,"Arothron","meleagris","","(Anonymous, 1798)","Na","Id","NE",1,"","","","",NA,"",NA,NA,NA,"","True","","","",NA,"","",NA,"True","","",7834,"Guineafowl puffer","tamboríl negro, botete negro","botete, tamborial negro","Syn.: Arothron ophryas Cope, 1871, Ovoides latifrons Jenkins, 1901, Tetraodon lacrymatus Quoy & Gaimard, 1824, Tetraodon meleagris Lacepède, 1798, Tetrodon meleagris Lacepède, 1798, Tetrodon setosus Smith, 1886, fide Appeltans et al. (2010)","Indo-Pacific only; in the eastern Pacific from the Gulf of California to coastal Ecuador, also Clipperon, Cocos, Easter, Revillagigedos and Ecuador in Galápagos Islands, and all eastern pacific islands.","","Habitat: Coral-reefs areas","","Spotted Phase: dorsal, anal and tail fins bordered in light purplish gray to white. Golden phase: whitish belly; may have some dark spotting and whitish blotches. To at least 35 cm.",""
"505","Eukaryota","Animalia","Chordata","Actinopterygii","Tetraodontiformes","",NA,"Tetraodontidae","",NA,"Canthigaster","punctatissima","","(Günther, 1870)","Na","Id","NE",1,"","","","",NA,"",NA,NA,NA,"","True","","","",NA,"","",NA,"True","","",7832,"Spotted sharpnose puffer","botete bonito, tamboril punteado nariz aguda","botete bonito","Syn.: Canthigaster brederi Whitley, 1959, Canthigaster punctatissimus reticulatus Breder, 1936, Sphoeroides brunneus Fowler, 1944, Tetrodon oxyrrhynchus Lockington, 1881, Tetrodon punctatissimus Günther, 1870, fide Appeltans et al. (2010)","Eastern Pacific, from central Gulf of California to Ecuador including Ecuador in the Galápagos Islands, also Clipperton, Cocos and Revillagigedos.","","Habitat: Areas with coral growth, do not wander fare from shelter","","Whitish spots often tinted yellowish to bluish; head and body reddish brown to gray and greenish gray. No spots on fins; pectoral, dorsal and anl fins translucent. Size: 90 mm TL",""
"506","Eukaryota","Animalia","Chordata","Actinopterygii","Tetraodontiformes","Tetraodontoidei",NA,"Balistidae","",NA,"Pseudobalistes","naufragium","","(Jordan & Starks, 1895)","Na","Id","NE",1,"","","","",NA,"",NA,NA,NA,"","True","","","",NA,"","",NA,"True","","",7824,"Stone triggerfish, blunthead triggerfish","pejepuerco de piedra","cochito bota","Syn.: Balistes naufragium Jordan & Starks, 1895, fide Appeltans et al. (2010)","Eastern Pacific, from Baja California to Guayaquil, Ecuador including Galapagos, Southern Baja California and lower Gulf of California to Chile. Galápagos, Cocos and Malpelo Islands.","","Habitat: Deeper water (>15m) over sand bottoms","","Size: 30-60 cm, Shades of bluish gray to gray and brownish gray with fine line markings. Can pale or darken and change intensity of banding.",""
"507","Eukaryota","Animalia","Chordata","Actinopterygii","Tetraodontiformes","Tetraodontoidei",NA,"Diodontidae","",NA,"Chilomycterus","reticulatus","","(Linnaeus, 1758)","Na","Id","NE",1,"","","","",NA,"",NA,NA,NA,"","True","","","",NA,"","",NA,"True","","",7820,"Pacific burrfish, spotfin burrfish","pejerizo chiquito, pez erizo de aleta manchada, pez erizo del pacífico, pez erizo enano","pez erizo de aleta manchada","Syn.: Diodon reticulatus Linnaeus, 1758, Diodon tigrinus Cuvier, 1818, Euchilomycterus quadradicatus Waite, 1900, fide Appeltans et al. (2010), Chilomycterus affinis Günther, 1870 fide Appeltans et al. (2013)","circumtropical; in the eastern Pacific from southern California and the central Gulf of California to Peru, also Easter and Ecuador in the Galapagos Islands Circumglobal. California to Chile and all oceanic islands of the Tropical Eastern Pacific except Clipperton","","Habitat: Solitary, found along rocky shores and in regions of coral development.","","Bluish gray back, tan or light gray sides shading to white belly. Dusky band under eyes and another forward of pectoral fin. Size: To at least 55 cm",""
"508","Eukaryota","Animalia","Chordata","Actinopterygii","Tetraodontiformes","Tetraodontoidei",NA,"Diodontidae","",NA,"Cyclichthys","spilostylus","","(Leis & Randall, 1982)","Na","Va","NE",1,"","","","",NA,"",NA,NA,NA,"","True","","","",NA,"","",NA,"True","","",7827,"Yellow spotted burrfish,spotbase burrfish","pez erizo espinas amarillas, pez erizo base de punto","Pez erizo espinas amarillas, pez erizo base de punto","Syn.: Chilomycterus spilostylus Leis & Randall, 1982, fide Appeltans et al. (2010)","Tropical Indo-Pacific including Red Sea, Hong Kong and the Phillippines; Vagrant in Ecuador in the Galápagos Islands","","Habitat: Coral reefs, sea-grass beds, silty sand; probably nocturnal","","Shades of light to dark brown. Wide pale bar under eyes; pale snout. Size: 15-25 cm",""
"509","Eukaryota","Animalia","Chordata","Actinopterygii","Tetraodontiformes","Tetraodontoidei",NA,"Diodontidae","",NA,"Diodon","eydouxii","","Brisout de Barneville, 1846","Na","Id","",1,"","","","",NA,"",NA,NA,NA,"","True","","","",NA,"","",NA,"True","","",14089,"Pelagic porcupinefish","pez erizo pelágico","","","circumtropical","","","","",""
"510","Eukaryota","Animalia","Chordata","Actinopterygii","Tetraodontiformes","Tetraodontoidei",NA,"Molidae","",NA,"Masturus","lanceolatus","","(Liénard, 1840)","Na","Id","",1,"","","","",NA,"",NA,NA,NA,"","True","","","",NA,"","",NA,"True","","",14090,"Sharptail mola","mola coliaguda, pez luna coliagudo","","","circumtropical","","","","",""
"511","Eukaryota","Animalia","Chordata","Actinopterygii","Tetraodontiformes","Tetraodontoidei",NA,"Monocanthidae","",NA,"Aluterus","monoceros","","(Linnaeus, 1758)","Na","Id","",1,"","","","",NA,"",NA,NA,NA,"","True","","","",NA,"","",NA,"True","","",14083,"Unicorn leatherjacket, Unicorn leatherjacket filefish","puerco de altura, Lija barbuda","","","circumtropical","","","","",""
"512","Eukaryota","Animalia","Chordata","Actinopterygii","Tetraodontiformes","Tetraodontoidei",NA,"Monocanthidae","",NA,"Cantherhines","dumerilii","","Hollard, 1854","Na","Id","NE",1,"","","","",NA,"",NA,NA,NA,"","True","","","",NA,"","",NA,"True","","",7830,"Whitespotted filefish, vagabond filefish, gray filefish","cachua blanca nieves, pez lija vagabundo","pez lija vagabundo","Syn.: Cantherhines albopunctatus (Seale, 1901), Cantherhines carolae Jordan & McGregor, 1898, Cantherhines dumerili (Hollard, 1854), Cantherhines howensis (Ogilby, 1889), Monacanthus albopunctatus Seale, 1901, Monacanthus dumerilii Hollard, 1854, Monacanthus howensis Ogilby, 1889, fide Appeltans et al. (2010)","Indo-Pacific; only a few localities in the eastern Pacific: Clippteron, Clarion, San Benedicto, Revillagigedos, off Baja California and Ecuador in the Galápagos Islands. Tip of Baja California, Costa Rica to Western Panama and all oceanic islands.","","Habitat: Coral-reefs, feeding on benthic organisms","","Shades of gray to tan, brown and olive, with several indistintc bars on side, and pale lips.Size: At least 38 cm",""
"513","Eukaryota","Animalia","Chordata","Actinopterygii","Tetraodontiformes","Tetraodontoidei",NA,"Ostraciidae","",NA,"Lactoria","diaphana","","(Bloch & Schneider, 1801)","NG","NG","",6,"","","","",NA,"",NA,NA,NA,"","True","","","",NA,"","",NA,"True","","",14707,"","","","Reported by Thompson et al. (1979: 238) as from Galapagos, but rejected by McCosker & Rosenblatt (2010) since no specimens from Galapagos exist although widespread in distribution.","","","","","",""
"514","Eukaryota","Animalia","Chordata","Actinopterygii","Tetraodontiformes","Tetraodontoidei",NA,"Tetraodontidae","",NA,"Lagocephalus","lagocephalus","","(Linnaeus, 1758)","Na","Id","",1,"","","","",NA,"",NA,NA,NA,"","True","","","",NA,"","",NA,"True","","",14088,"Pufferfish, oceanic puffer","tamboril oceánico, botete oceánico, pez globo","","","circumtropical","","","","",""
"515","Eukaryota","Animalia","Chordata","Actinopterygii","Tetraodontiformes","Tetraodontoidei",NA,"Tetraodontidae","Canthigasterinae",NA,"Canthigaster","amboinensis","","(Bleeker, 1864)","Na","Va","",1,"","","","",NA,"",NA,NA,NA,"","True","","","",NA,"","",NA,"True","","",14086,"Spider eye puffer","","","","Indo-Pacific","","","","",""
"516","Eukaryota","Animalia","Chordata","Actinopterygii","Tetraodontiformes","Tetraodontoidei",NA,"Tetraodontidae","Canthigasterinae",NA,"Canthigaster","janthinoptera","","(Bleeker, 1855)","Na","Va","NE",1,"","","","",NA,"",NA,NA,NA,"","True","","","",NA,"","",NA,"True","","",7837,"Honeycomb Puffer","Tamboríl panal, botete panal.","botete panal","Syn.: Tropidichthys janthinopterus Bleeker, 1855, fide Appeltans et al. (2010)","Tropical Indo-Pacific, but not reported in the eastern Pacific except from Ecuador in Galápagos Islands and western Panama.","","Habitat: Rocky reefs, near caves and cervices","","Whitish spots often tinted yellowish to bluish; head and body reddish brown to gray and greenish gray. No spots on fins; pectoral, dorsal and anl fins translucent. Lengths of at least 9 cm.",""
"517","Eukaryota","Animalia","Chordata","Actinopterygii","Tetraodontiformes","Tetraodontoidei",NA,"Tetraodontidae","Canthigasterinae",NA,"Canthigaster","valentini","","(Bleeker, 1853)","Na","Va","",1,"","","","",NA,"",NA,NA,NA,"","True","","","",NA,"","",NA,"True","","",14087,"Valentinni's sharpnose puffer","","","","Indo-Pacific","","","","",""
"518","Eukaryota","Animalia","Chordata","Actinopterygii","Tetraodontiformes","Tetraodontoidei",NA,"Tetraodontidae","Tetraodontinae",NA,"Arothron","nigropunctatus","","(Bloch & Schneider, 1801)","Na","Id","",1,"","","","",NA,"",NA,NA,NA,"","True","","","",NA,"","",NA,"True","","",14084,"Blackspotted puffer","","","","Indo-Pacific","","","","",""
"519","Eukaryota","Animalia","Chordata","Actinopterygii","Tetraodontiformes","Tetraodontoidei",NA,"Tetraodontidae","Tetraodontinae",NA,"Sphoeroides","angusticeps","","(Jenyns, 1842)","Na","En","NE",1,"","","","",NA,"",NA,NA,NA,"","True","","","",NA,"","",NA,"True","","",7835,"Concave puffer, Galápagos puffer","tamboríl cóncavo","tambulero de Galápagos","Syn.: Tetrodon angusticeps Jenyns, 1842, fide Appeltans et al. (2010)","Endemic to the Galapagos Islands. Ecuador, Galápagos and Cocos Islands.","","Habitat: Reef species that is also encountered along rock-sand interfaces. During the day they forage in reef and nearby sand habitats, at night they may burrow in sand","","Size: Lengths of 25 cm. Sphoeroides angusticeps.",""
"520","Eukaryota","Animalia","Chordata","Actinopterygii","Tetraodontiformes","Tetraodontoidei",NA,"Tetraodontidae","Tetraodontinae",NA,"Sphoeroides","annulatus","","(Jenyns, 1842)","Na","Id","NE",1,"","","","",NA,"",NA,NA,NA,"","True","","","",NA,"","",NA,"True","","",7836,"Bullseye puffer","tambulero","tambulero","Syn.: Liosaccus melanostictus Fowler, 1944, Tetrodon annulatus Jenyns, 1842, fide Appeltans et al. (2010)","Eastern Pacific, from California to Peru, and Galapagos. Southern California to Peru and Galápagos Islands.","","Habitat: Quit waters of bays, coves, and mangrove lagoons, but occasionally in open waters.","","Size: To about 41 cm. Upper head and body shades of brown to gray, pale gray or white underside pale. Often numerous small dark spots.",""
"521","Eukaryota","Animalia","Chordata","Actinopterygii","Tetraodontiformes","Tetraodontoidei",NA,"Tetraodontidae","Tetraodontinae",NA,"Sphoeroides","lobatus","","(Steindachner, 1870)","Na","Id","NE",1,"","","","",NA,"",NA,NA,NA,"","True","","","",NA,"","",NA,"True","","",7818,"Lobeskin puffer, longnose puffer","Tumbulero lóbulo","botete verrugoso","Syn.: Canthogaster lobatus Steindachner, 1870, fide Appeltans et al. (2010)","Eastern Pacific, from California and the Gulf of California to Peru, and Galapagos. Southern California to Chile. Revillagigedos, Cocos, Malpelo and Galápagos Islands.","","Habitat: Reef species that is also encountered along rock-sand interfaces where it forages in reef and sand habitats.","","Size: Lenghts of at least 30 cm. Mottled or blotched shades of brown to olive with numerous small white spots.",""
"522","Eukaryota","Animalia","Chordata","Chondrichthyes (= Elasmobranchii)","Carcharhiniformes","",NA,"Carcharhinidae","",NA,"Carcharhinus","albimarginatus","","(Rüppell, 1837)","Na","Va","NT",1,"","","","",NA,"",NA,NA,NA,"","True","","","",NA,"","",NA,"True","","",7848,"Silvertip shark","tiburón de puntas blancas, tiburon de punta plateada.","tiburón de puntas blancas","Syn.: Carcharhinus platyrhynchus (Gilbert, 1892), Carcharias albimarginatus Rüppell, 1837, Eulamia albimarginata (Rüppell, 1837), Eulamia platyrhynchus Gilbert, 1892, fide Appeltans et al. (2010)","Widespread in tropical, in the eastern Pacific most common around islands arising from submarine banks in southern California to Colombia, and Clipperton, Cocos, Las Tres Marias, Revillagigedos. Tropical Indo-Pacific. Southern Baja to Ecuado in Galápagos in Islands.","Generalmente en zonas tropicales, en el Pacífico oriental más común alrededor de las islas que surgen de bancos submarinos en el sur de California a Colombia, y Clipperton, Cocos, Las Tres Marías, Revillagigedo. Tropical Indo-Pacífico. Baja California Sur a Ecuado en las islas Galápagos.","Habitat: Open water around islands","Hábitat: Aguas abiertas alrededor de las islas","Dark silver- gray on back fading white underside. Snout somewhat rounded. Size: To about 3 m","Oscuro gris plateado en la parte posterior desvanecimiento inferior blanco. Hocico ligeramente redondeada. Tamaño: A unos 3 m"
"523","Eukaryota","Animalia","Chordata","Chondrichthyes (= Elasmobranchii)","Carcharhiniformes","",NA,"Carcharhinidae","",NA,"Carcharhinus","falciformis","","(Müller & Henle, 1839)","Na","Id","NT",1,"","","","",NA,"",NA,NA,NA,"","True","","","",NA,"","",NA,"True","","",11607,"Silky shark","Tiburón jaquetón","Tiburón piloto","Syn.: Aprionodon sitankaiensis Herre, 1934, Carcharhinus atrodorsus Deng, Xiong & Zhan, 1981, Carcharhinus floridanus Bigelow, Schroeder & Springer, 1943, Carcharhinus floridianus Bigelow, Schroeder & Springer, 1943, Carcharhinus menisorrah (Müller & Henle, 1839), Carcharias falciformis Müller & Henle, 1839, Carcharias falcipinnis Lowe, 1839, Carcharias menisorrah Müller & Henle, 1839, Eulamia malpeloensis Fowler, 1944, Eulamia menisorrah (Müller & Henle, 1839), Gymnorhinus pharaonis Hemprich & Ehrenberg, 1899, Prionodon tiburo (Poey, 1860), Squalus tiburo Poey, 1860, fide Appeltans et al. (2010)","Circumtropical; Widely distributed in the tropical eastern Pacific from the Gulf of California to nothern Chile, and especially at oceanic islands including Clipperton, Cocos, Malpelo, Revillagigedos and Galápagos","Circumtropical; Ampliamente distribuida en el Pacífico oriental tropical del Golfo de California a nothern Chile, y sobre todo en las islas oceánicas como Clipperton, Cocos, Malpelo, Revillagigedo y Galápagos","Habitat: Pelagic, prefer oceanic areas along the edges of continental and insular shelves, especially over deep-water reefs and insular slopes.","Hábitat: pelágico, prefieren zonas oceánicas a lo largo de los bordes de las plataformas continentales e insulares, especialmente en los arrecifes de aguas profundas y las pendientes insulares.","Size: To a length of ca. 3.3 m.","Tamaño: A una longitud de aprox. 3,3 m."
"524","Eukaryota","Animalia","Chordata","Chondrichthyes (= Elasmobranchii)","Carcharhiniformes","",NA,"Carcharhinidae","",NA,"Carcharhinus","galapagensis","","(Snodgrass & Heller, 1905)","Na","Id","NT",1,"","","","",NA,"",NA,NA,NA,"","True","","","",NA,"","",NA,"True","","",7844,"Galápagos shark","tiburón de Galápagos","tiburón de Galápagos","Syn.: Carcharias galapagensis Snodgrass & Heller, 1905","Cosmopolitan in tropical waters, common around islands in the eastern Pacific from central Baja California to Peru, including Clipperton, Cocos, Malpelo, Revillagigedos and Ecuador in the Galápagos Islands.","","Habitat: Clear waters in and around coral reefs and rocky bottoms.","Hábitat: Aguas claras y alrededor de los arrecifes de coral y los fondos rocosos.","Silver-gray to gary-brown; white to yellowish white underside. Somewhat rounded snout; long, slender pectoral fins with wide base and pointed tips that are often dusky on underside. Iris silver-gary. Size: Adults average 1.8 to 2.4 m.",""
"525","Eukaryota","Animalia","Chordata","Chondrichthyes (= Elasmobranchii)","Carcharhiniformes","",NA,"Carcharhinidae","",NA,"Galeocerdo","cuvier","","(Péron & Lesueur, 1822)","Na","Id","NT",1,"","","","",NA,"",NA,NA,NA,"","True","","","",NA,"","",NA,"True","","",12799,"Tiger shark","tiburón tigre, alecrin, tintorera","","Syn.: Carcharias fasciatus Bleeker, 1852, Carcharias hemprichii Klunzinger, 1871, Galeocerda cuvier (Péron & Lesueur, 1822) (misspelling), Galeocerdo arcticus (Faber, 1829), Galeocerdo cuvieri (Péron & Lesueur, 1822) (misspelling), Galeocerdo fasciatus van Kampen, 1907, Galeocerdo obtusus Klunzinger, 1871, Galeocerdo rayneri Macdonald & Barron, 1868, Galeocerdo tigrinus Müller & Henle, 1839, Galeus cepedianus Agassiz, 1838, Galeus maculatus Ranzani, 1840, Squalus arcticus Faber, 1829, Squalus cuvier Péron & Lesueur, 1822, fide Appeltans et al. (2010)","Benthopelagic, oceanodromous","","Subtropical(62°N-42°S,180°W-180°E)","","Grey above with vertical dark grey to black bars and spots which appear faded in adults, white below.",""
"526","Eukaryota","Animalia","Chordata","Chondrichthyes (= Elasmobranchii)","Carcharhiniformes","",NA,"Carcharhinidae","",NA,"Nasolamia","velox","","(Gilbert, 1898)","Na","Id","DD",1,"","","","",NA,"",NA,NA,NA,"","True","","","",NA,"","",NA,"True","","",12800,"Whitenose shark","cazón, cazón trompa blanca, pico blanco, tiburón coyotito","","","Eastern Pacific","","Tropical(31°N-18°S)","","Feeds on small bony fish, including anchovies, and crabs. Viviparous.",""
"527","Eukaryota","Animalia","Chordata","Chondrichthyes (= Elasmobranchii)","Carcharhiniformes","",NA,"Carcharhinidae","",NA,"Prionace","glauca","","(Linnaeus, 1758)","Na","Id","NT",1,"","","","",NA,"",NA,NA,NA,"","True","","","",NA,"","",NA,"True","","",12801,"Blue shark","tiburón azul, azulejo","","","circumtropical","","Subtropical(7-21°C)","","graceful blue shark with a long, conical Snout, large eyes, and curved triangular upper teeth with saw edges. Dark blue dorsally, bright blue on the sides, white ventrally",""
"528","Eukaryota","Animalia","Chordata","Chondrichthyes (= Elasmobranchii)","Carcharhiniformes","",NA,"Carcharhinidae","Carcharhininae",NA,"Carcharhinus","altimus","","(Springer, 1950)","Na","Id","NE",1,"","","","",NA,"",NA,NA,NA,"","True","","","",NA,"","",NA,"True","","",12788,"Requin babosse","Tiburón baboso","","Syn.: Carcharhinus radamae Fourmanoir, 1961 (junior synonym), Carcharinus altimus (Springer, 1950) (misspelling), Carcharinus radamae Fourmanoir, 1961, Eulamia altima Springer, 1950, fide Appeltans et al. (2010)","Circumglobal egistered in the Atlantic and Pacific seas, included Ecuador.","","Subtropical","","Dorsal spines  (total): 0; Anal  spines: 0. A heavily-bodied, cylindrical shark with a large, long and broad snout, long nasal flaps and high, triangular, saw-edged upper teeth; interdorsal ridge high and prominent; pectoral and dorsal fins large and straight (Ref. 5578). Grayish with no conspicuous markings, white below (Ref. 5578); inner corners of pectoral fins blackish (Ref. 9997).",""
"529","Eukaryota","Animalia","Chordata","Chondrichthyes (= Elasmobranchii)","Carcharhiniformes","",NA,"Carcharhinidae","Carcharhininae",NA,"Carcharhinus","longimanus","","(Poey, 1861)","Na","Id","VU",1,"","","","",NA,"",NA,NA,NA,"","True","","","",NA,"","",NA,"True","","",12790,"Oceanic whitetip shark","cazón, tiburón oceánico, tiburón pardo, galano","","","Cosmopolitan","","Deep-water species wich sometimes comes close to shore.","","Subtropical (18-28 C). Dorsal spines (total): 0; Anal spines: 0. A stocky shark with a huge, rounded 1st dorsal fin, and long, wide-tipped pectoral fins; snout bluntly rounded; upper teeth triangular; interdorsal ridge present (Ref. 5578). Back usually dark grey with a bronze tinge, sometimes brown or bluish; belly whitish, sometimes with a yellow tinge; tips off first dorsal, pectorals, and lower lobe of caudal often white or with white spots (sometimes absent); ventral surface of pelvic fins, apices of anal and second dorsal, and ventral lobe of caudal often with black spots; black or dusky saddle-marks in front of second dorsal, upper margin of caudal and between dorsal fins (especially in young) (Ref. 9997).",""
"530","Eukaryota","Animalia","Chordata","Chondrichthyes (= Elasmobranchii)","Carcharhiniformes","",NA,"Carcharhinidae","Carcharhininae",NA,"Carcharhinus","plumbeus","","(Nardo, 1827)","Na","Id","VU",1,"","","","",NA,"",NA,NA,NA,"","True","","","",NA,"","",NA,"True","","",12791,"Sandbar shark","cazón, tiburón aleta de cartón, tiburón brasilero, tiburón pardo","","","Gulf of Mexico, Bahamas, Cuba and south and west Caribbean. Eastern Pacific: Revillagigedo and Galapagos islands. Eastern Atlantic: Portugal to Democratic Republic of the Congo, including the Mediterranean","","Subtropical(23-27°C)","","Grey-brown or bronzy with no prominent markings, white bellow.",""
"531","Eukaryota","Animalia","Chordata","Chondrichthyes (= Elasmobranchii)","Carcharhiniformes","",NA,"Scyliorhinidae","",NA,"Apristurus","kampae","","Taylor, 1972","Na","Id","NE",1,"","","","",NA,"",NA,NA,NA,"","True","","","",NA,"","",NA,"True","","",12757,"Longnose catshark","gato trompudo, pejegato trompudo","","","Eastern Pacific","Pacífico Oriental","Deep-water:58.4 cm TL male/unsexed; (Ref. 244); 52 cm TL (female)","En aguas profundas: 58.4 cm TL hombre / no sexado; (Ref. 244), 52 cm TL (hembra)","",""
"532","Eukaryota","Animalia","Chordata","Chondrichthyes (= Elasmobranchii)","Carcharhiniformes","",NA,"Scyliorhinidae","",NA,"Apristurus","sp.","","","Na","En","",3,"","","","",NA,"",NA,NA,NA,"","True","","","",NA,"","",NA,"True","","",12758,"","","","","Endemic to the Galapagos Islands.","Endemico para las Islas Galápagos","","","",""
"533","Eukaryota","Animalia","Chordata","Chondrichthyes (= Elasmobranchii)","Carcharhiniformes","",NA,"Scyliorhinidae","",NA,"Bythaelurus","sp.","","","Na","En","",3,"","","","",NA,"",NA,NA,NA,"","True","","","",NA,"","",NA,"True","","",12760,"","","","","Endemic to the Galapagos Islands","Endemico para las Islas Galápagos.","","","",""
"534","Eukaryota","Animalia","Chordata","Chondrichthyes (= Elasmobranchii)","Carcharhiniformes","",NA,"Sphyrnidae","Carcharhininae",NA,"Sphyrna","lewini","","(Griffith & Smith, 1834)","Na","Id","EN",1,"","","","",NA,"",NA,NA,NA,"","True","","","",NA,"","",NA,"True","","",7847,"Scalloped hammerhead","tiburón martillo","tiburón martillo","Syn.: Cestracion leeuwenii Day, 1865, Cestracion oceanica Garman, 1913, Sphyrna diplana Springer, 1941, Zygaena erythraea Klunzinger, 1871, Zygaena indica van Hasselt, 1823, Zygaena lewini Griffith & Smith, 1834, fide Appeltans et al. (2010)","Tropical waters, less frequent in temperate regions; know from sothern California to Ecuador including Galapagos. California to Northern Peru and all the offshore islands of the Eastern Pacific. Circumtropical.","","Habitat: Areas of deep water near dropp-offs. Form large schools of 400 individuals, swimming well organized","","Size: At least 4.2 m. Silver-gray to gray-brown, fading to white underside. Underside tips of pectoral fins dusky. Rear edge of vental fin straight.",""
"535","Eukaryota","Animalia","Chordata","Chondrichthyes (= Elasmobranchii)","Carcharhiniformes","",NA,"Sphyrnidae","Carcharhininae",NA,"Sphyrna","mokarran","","(Rüppell, 1837)","Na","Id","NE",1,"","","","",NA,"",NA,NA,NA,"","True","","","",NA,"","",NA,"True","","",12805,"Great hammerhead","cachona","","No specimen or photograph exists. Tentatively included on the basis of a statement in Grove & Lavenberg (1997: 100) which states ""the only record of a great hammerhead in the Archipelago is based on an observation along a vertical drop-off at Gordon Rocks at 30 m. Although rare within the islands, additional records can be expected.""","circumtropical","","Subtropical: brackish; marine; depth range 1 - 300 m (Ref. 37816) ,Pelagic-oceanic.","","A very large hammerhead also with a notch at the center of the head (Ref. 5578). Front margin of head gently curved in juveniles, becoming nearly straight in adults, with slight median notch (Ref. 26938). 1st dorsal fin very high and curved; 2nd dorsal and pelvic fins high and with deeply concave rear margins. Light grey or grey-brown above, white below; fins without conspicuous markings (Ref. 5578).",""
"536","Eukaryota","Animalia","Chordata","Chondrichthyes (= Elasmobranchii)","Carcharhiniformes","",NA,"Sphyrnidae","Carcharhininae",NA,"Sphyrna","tiburo","","(Linnaeus, 1758)","Na","Id","NE",1,"","","","",NA,"",NA,NA,NA,"","True","","","",NA,"","",NA,"True","","",12807,"Bonnet shark","cachona","","","Eastern Pacific and Atlantic","","Subtropical:brackish; marine; depth range 10 - 80 m (Ref. 244), usually 10 - 25 m (Ref. 9253) ,Reef-associated","","Front of head semicircular in outline. No other hammerhead has front of head in semicircle. (Ref. 26938).",""
"537","Eukaryota","Animalia","Chordata","Chondrichthyes (= Elasmobranchii)","Carcharhiniformes","",NA,"Triakidae","",NA,"Galeus","sp.","","","Na","En","",3,"","","","",NA,"",NA,NA,NA,"","True","","","",NA,"","",NA,"True","","",12759,"","","","","Endemic to the Galapagos Islands","Endemico para las Islas Galápagos.","","","",""
"538","Eukaryota","Animalia","Chordata","Chondrichthyes (= Elasmobranchii)","Carcharhiniformes","",NA,"Triakidae","",NA,"Mustelus","sp. nov.","","","Na","Id","",9,"","","","",NA,"",NA,NA,NA,"","True","","","",NA,"","",NA,"True","","",12783,"","","","","Eastern Pacific: Mexico, Ecuador and Galápagos Islands.","Pacífico Oriental: México, Ecuador y las islas Galápagos.","","","",""
"539","Eukaryota","Animalia","Chordata","Chondrichthyes (= Elasmobranchii)","Carcharhiniformes","",NA,"Triakidae","Triakinae",NA,"Triakis","maculata","","Kner & Steindachner, 1867","Na","Id","VU",1,"","","","",NA,"",NA,NA,NA,"","True","","","",NA,"","",NA,"True","","",12779,"Smooth hound","tollo manchado","","Syn.: Mustelus nigromaculatus Evermann & Radcliffe, 1917, Triakis scyllium maculatus Kner & Steindachner, 1867, fide Appeltans et al. (2010)","Peru-Chilean faunistic element","Peru y/o Chile.","Tropical:180 cm TL male/unsexed; (Ref. 244)","","",""
"540","Eukaryota","Animalia","Chordata","Chondrichthyes (= Elasmobranchii)","Carcharhiniformes","Galeomorphi",NA,"Carcharhinidae","",NA,"Carcharhinus","amblyrhynchos","","(Bleeker, 1856)","Na","Id","",6,"","","","",NA,"",NA,NA,NA,"","True","","","",NA,"","",NA,"True","","",15519,"Gray reef shark","","","Syn.: Carcharhinus amblyrhinchos (Bleeker, 1856) (misspelling), Carcharhinus amblyrhynchus (Bleeker, 1856) (misspelling), Carcharhinus wheeleri Garrick, 1982, Carcharias amblyrhynchos Bleeker, 1856, Carcharias nesiotes Snyder, 1904, Carcharinus amblyrhynchos (Bleeker, 1856) (misspelling), Galeolamna coongoola Whitley, 1964, Galeolamna fowleri Whitley, 1944, Galeolamna tufiensis Whitley, 1949, fide Appeltans et al. (2010)","","","","","",""
"541","Eukaryota","Animalia","Chordata","Chondrichthyes (= Elasmobranchii)","Carcharhiniformes","Galeomorphi",NA,"Carcharhinidae","",NA,"Carcharhinus","leucas","","(Müller & Henle, 1839)","Na","Id","",1,"","","","",NA,"",NA,NA,NA,"","True","","","",NA,"","",NA,"True","","",15520,"Bull shark","","","Syn.: Carcharhinus azureus (Gilbert & Starks, 1904), Carcharhinus nicaraguensis (Gill, 1877), Carcharhinus vanrooyeni Smith, 1958, Carcharhinus zambezensis (Peters, 1852), Carcharias azureus Gilbert & Starks, 1904, Carcharias leucas Müller & Henle, 1839, Carcharias spenceri Ogilby, 1910, Carcharias zambezensis Peters, 1852, Eulamia nicaraguensis Gill, 1877, Galeolamna bogimba Whitley, 1943, Galeolamna greyi mckaili Whitley, 1945, Galeolamna leucas (Müller & Henle, 1839) (synonym), Galeolamna mckaili Whitley, 1945, Prionodon platyodon Poey, 1860, Squalus obtusus Poey, 1861, Squalus platyodon (Poey, 1860), fide Appeltans et al. (2010)","Indian Ocean, Baja California to Peru, Nicaragua, Galapagos","","","","Length up to 3.4 meters",""
"542","Eukaryota","Animalia","Chordata","Chondrichthyes (= Elasmobranchii)","Carcharhiniformes","Galeomorphi",NA,"Carcharhinidae","",NA,"Carcharhinus","limbatus","","(Müller & Henle, 1839)","Na","Id","NT",1,"","","","",NA,"",NA,NA,NA,"","True","","","",NA,"","",NA,"True","","",7845,"Blacktip shark","tiburón macuira, tiburón punta negra, tiburón volador","tiburón punta negra","Syn.: Carcharhinus natator Meek & Hildebrand, 1923, Carcharias abbreviatus Klunzinger, 1871, Carcharias aethalorus Jordan & Gilbert, 1882, Carcharias ehrenbergi Klunzinger, 1871, Carcharias limbatus Müller & Henle, 1839, Carcharias maculipinna Günther, 1868, Carcharias microps Lowe, 1841, Carcharias muelleri Steindachner, 1867, Carcharias phorcys Jordan & Evermann, 1903, Carcharias pleurotaenia Bleeker, 1852, Eulamia pleurotaenia (Bleeker, 1852), Gymnorhinus abbreviatus (Klunzinger, 1871), fide Appeltans et al. (2010)","eastern Pacific; Widespread in tropical and subtropical Pacific; in the eastern Pacific from California and the lower Gulf of California to Peru, also Revillagigedos and Ecuador in the Galápagos Islands.","","Habitat: Prefer inshore waters and lagoons, cruise over rocky reefs, boulder strewn slopes and along walls. Occasionally large schools in surface water","","Black tips and edging fade with age and may be indestinct, especieally on first dorsal. Silvery brown to gray on back, fanding to white underside. Size: Largest individual measured 2.55 m",""
"543","Eukaryota","Animalia","Chordata","Chondrichthyes (= Elasmobranchii)","Carcharhiniformes","Galeomorphi",NA,"Carcharhinidae","",NA,"Triaenodon","obesus","","(Rüppell, 1837)","Na","Id","NT",1,"","","","",NA,"",NA,NA,NA,"","True","","","",NA,"","",NA,"True","","",7846,"Whitetip reef shark","tiburón coralero ñato, cazon coralero tompacorta, Cazón coralero tompacorta","tintorera","Syn.: Carcharias obesus Rüppell, 1837, Triaenodon apicalis Whitley, 1939, fide Appeltans et al. (2010)","Trans-Pacific; common around oceanic islands, including Cocos, Malpelo and Ecuador in Galapagos, El Salvador to Peru and all the offshore islands except Clipperton.","","Habitat: Nocturnal, feed on reef fishes. Often seen resting on bottom under ledges and in lava caverns.","","Shades of gray to brown;white underside.Rounded snout; second dorsal fin little more than half height of first. Maximum size of 2.13 m, but individuals larger than 1.6 m are rare.",""
"544","Eukaryota","Animalia","Chordata","Chondrichthyes (= Elasmobranchii)","Carcharhiniformes","Galeomorphi",NA,"Sphyrnidae","",NA,"Sphyrna","zygaena","","(Linnaeus, 1758)","Na","Id","NE",1,"","","","",NA,"",NA,NA,NA,"","True","","","",NA,"","",NA,"True","","",12809,"Smooth hammerhead","cachona","","Syn.: Sphyrna zigaena (Linnaeus, 1758) (misspelling), Spyrna zygaena (Linnaeus, 1758) (misspelling), Squalis pictus Blainville, 1816, Squalus carolinensis Blainville, 1816, Squalus malleus (Valenciennes, 1822), Squalus zygaena Linnaeus, 1758 (synonym), Zygaena malleus Valenciennes, 1822, Zygaena subarcuata Storer, 1848, Zygaena vulgaris Cloquet, 1830, fide Appeltans et al. (2010)","circumtropical","","Subtropical:oceanodromous (Ref. 13562); brackish; marine; depth range 0 - 200 m (Ref. 5578), usually 0 - 20 m (Ref. 55303),Pelagic-oceanic","","A large hammerhead with a notch at the center of head; 1st dorsal fin moderately high, 2nd dorsal and pelvic fins low (Ref. 5578). Olive-grey or dark grey above, white below (Ref. 5578). Fins nearly plain, dusky or blackish tipped (Ref. 13562).",""
"545","Eukaryota","Animalia","Chordata","Chondrichthyes (= Elasmobranchii)","Carcharhiniformes","Galeomorphi",NA,"Triakidae","",NA,"Mustelus","albipinnis","","Castro-Aguirre, Antuna-Mendiola, González-Acosta & de la Cruz-Agüero, 2005","NoData","NoData","",1,"","","","",NA,"",NA,NA,NA,"","","","","True",NA,"","",NA,"","True","",17864,"","","","Syn.: Mustelus hacat Pérez-Jiménez, Nishizaki & Geniz, 2005 , fide Appeltans et al. (2010)","Their distribution extends from the Gulf of California to Ecuador including the Galapagos Islands (San Cristobal).","Su distribución se extiende desde el Golfo de California a Ecuador incluido las Islas Galápagos (San Cristobal).","","","It is thought to be benthopelagic, with a reported depth distribution of 30281 m. Both males and females mature at 90100 cm TL","se cree que es bentopelágicos, reportado desde los 30 hasta los  281metros de profundidad. Tanto machos y hembras alcanzan una madures entre los  90 y 100 cm LT."
"546","Eukaryota","Animalia","Chordata","Chondrichthyes (= Elasmobranchii)","Carcharhiniformes","Galeomorphi",NA,"Triakidae","Triakinae",NA,"Mustelus","mento","","Cope, 1877","Na","Id","NT",1,"","","","",NA,"",NA,NA,NA,"","True","","","",NA,"","",NA,"True","","",12781,"Speckled smoothhound","tollo fino, musola fina","","Syn.: Galeorhinus mento (Cope, 1877), Mustelus abbotti Evermann & Radcliffe, 1917, Mustelus edulis Perez Canto, 1886, fide Appeltans et al. (2010)","Atlantic, Cocos and Galápagos Islands","Atlántico, Cocos y las Islas Galápagos","Subtropical:130 cm TL male/unsexed; (Ref. 244), Males maturing at 65 to 76 cm TL, females maturing at 86 to 90 cm TL. Size at birth about 30 cm TL (Compagno et al. 2005).","Tamaño maximo registrado es 130 cm LT. Maduración de los machos a los 65-76 cm TL, maduración de las hembras a los 86 a 90 cm TL. El tamaño al nacer unos 30 cm TL (Compagno et al. 2005).","",""
"547","Eukaryota","Animalia","Chordata","Chondrichthyes (= Elasmobranchii)","Heterodontiforme","",NA,"Heterodontidae","",NA,"Heterodontus","mexicanus","","Taylor & Castro-Aguirre, 1972","Na","Id","",1,"","","","",NA,"",NA,NA,NA,"","True","","","",NA,"","",NA,"True","","",15521,"Mexican hornshark","","","","California to Peru, Galapagos","","Habitat: Likes to hide under rocky ledges during the day; forages at night over sandy bottoms","","Length up to 70 cm",""
"548","Eukaryota","Animalia","Chordata","Chondrichthyes (= Elasmobranchii)","Heterodontiforme","",NA,"Heterodontidae","",NA,"Heterodontus","quoyi","","(Fréminville, 1840)","Na","Id","DD",1,"","","","",NA,"",NA,NA,NA,"","True","","","",NA,"","",NA,"True","","",7849,"Galápagos bullhead shark","tiburón gato","tiburón gato","Syn.: Cestracion pantherinus Valenciennes, 1846, Cestracion quoyi Fréminville, 1840 (basionym), Gyropleurodus peruanus Evermann & Radcliffe, 1917, fide Appeltans et al. (2010)","Eastern Pacific,. Southern Chile to Peru. Ecuador in the Galápagos Islands","Pacífico Oriental. Sur de Chile a Perú. Ecuador en las Islas Galápagos","Habitat: Predominantely on rocky substrate and on sandy areas from coastal shallow waters to depths of 20m","","Shades of gray to brown;white underside.Blunt, rectangular head. Maximum length of 59 cm TL",""
"549","Eukaryota","Animalia","Chordata","Chondrichthyes (= Elasmobranchii)","Lamniformes","",NA,"Alopiidae","",NA,"Alopias","pelagicus","","Nakamura, 1935","Na","Id","VU",1,"","","","",NA,"",NA,NA,NA,"","True","","","",NA,"","",NA,"True","","",12754,"Smalltooth thresher shark, renard pélagique<br>Renard pélagique, smalltooth thresher shark","zorro pelágico, zorro de mar","","","circumtropical","circumtropical","Tropical:  oceanodromous (Ref. 51243); marine; depth range 0 - 300 m (Ref. 37816), usually 0 - 150 m (Ref. 55167) Pelagic-oceanic","Tropical: oceanodromo (Ref. 51243); marina; profundidad entre 0 - 300 m (Ref. 37816), por lo general 0-150 m (Ref. 55167) pelágica oceánica","Dorsal spines  (total): 0; Anal  spines: 0. A small thresher with moderately large eyes, a broadly convex forehead, a very narrow caudal tip, and straight, broad-tipped pectoral fins (Ref. 5578). Upper lobe of caudal fin very long and strap-like, almost equal to length of rest of shark; lower lobe short but strong; terminal lobe very small (Ref. 13570). Dark blue on back and sides, underside white; no white patch over pectoral fin bases (Ref. 5578).",""
"550","Eukaryota","Animalia","Chordata","Chondrichthyes (= Elasmobranchii)","Lamniformes","",NA,"Alopiidae","",NA,"Alopias","superciliosus","","Lowe, 1841","Na","Id","VU",1,"","","","",NA,"",NA,NA,NA,"","True","","","",NA,"","",NA,"True","","",12756,"Big eye thresher shark,<br>Renard à gros yeux,Big eye thresher shark","zorro ojón, zorro de mar","","Syn.: Alopecias superciliosus Lowe, 1841 (misspelling), Alopias profundus Nakamura, 1935, Alopias superciliousus Lowe, 1841 (misspelling), fide Appeltans et al. (2010)","circumtropical","circumtropical","Subtropical oceanodromous (Ref. 51243); marine; depth range 0 - 500 m (Ref. 9253), usually 0 - 100 m (Ref. 43278) Pelagic-oceanic","Oceanodromo Subtropicales (Ref. 51243); marina; profundidad rango de 0 - 500 m (Ref. 9253), por lo general 0 - 100 m (Ref. 43278) pelágico-oceánico","Dorsal spines  (total): 0; Anal  spines: 0. A large thresher with very large eyes, an indented forehead, a broad caudal tip, and curved broad-tipped pectoral fins; 1st dorsal fin further back than in other threshers (Ref. 5578). Upper lobe of caudal fin very long and strap-like almost or quite equal to length of rest of shark; lower lobe short but well developed (Ref. 13570). Purplish grey above, cream below, posterior edges of pectoral and pelvic fins and sometimes first dorsal fin dusky; light color of abdomen not expanded over pectoral-fin bases (Ref. 13570).",""
"551","Eukaryota","Animalia","Chordata","Chondrichthyes (= Elasmobranchii)","Lamniformes","",NA,"Odontaspididae","",NA,"Odontaspis","ferox","","(Risso, 1810)","NoData","NoData","VU",1,"","","","",NA,"",NA,NA,NA,"","","","","True",NA,"","",NA,"","True","",17863,"Small-tooth Sand Tiger Shark","solrayo","","Syn.: Carcharias ferox (Risso, 1810), Odontaspis herbsti Whitley, 1950, Squalus ferox Risso, 1810, fide Appeltans et al. (2010)","It is located in Japan, the Mediterranean and southern Africa, from Madagascar and the Galapagos Islands in Wolf.","Se encuentra en Japón, el Mar Mediterráneo y el sur de África frente a Madagascar y las Islas Galápagos en Wolf.","","","The size of O. ferox at maturity differs in sexes, with ~275 cm for males and 365 cm total<br>length (TL) for females, with the largest recorded size of a female measuring 450 cm TL.","El tamaño de O. ferox en la madurez es diferente en ambos sexos, con ~ 275 cm para los machos y 365 cm de longitud total (TL) para las hembras, con el tamaño más grande registrado de una mujer medir 450 cm TL."
"552","Eukaryota","Animalia","Chordata","Chondrichthyes (= Elasmobranchii)","Lamniformes","Galeomorphi",NA,"Lamnidae","",NA,"Carcharodon","carcharias","","(Linnaeus, 1758)","Na","Id","",1,"","","","",NA,"",NA,NA,NA,"","True","","","",NA,"","",NA,"True","","",15522,"Great white shark","jaquetónes, marrajos","","Syn.: Carcharias atwoodi Storer, 1848, Carcharias lamia Rafinesque, 1810, Carcharias maso Morris, 1898, Carcharias rondeletti Bory de Saint-Vincent, 1829, Carcharias verus Cloquet, 1817, Carcharias vorax Owen, 1853, Carcharias vulgaris (Richardson, 1836), Carcharodon albimors Whitley, 1939, Carcharodon capensis Smith, 1839, Carcharodon rondeletii Müller & Henle, 1839, Carcharodon smithi Bonaparte, 1838, Carcharodon smithii Agassiz, 1838, Squalus carcharias Linnaeus, 1758, Squalus lamia Blainville, 1816, Squalus lamia Blainville, 1825, Squalus vulgaris Richardson, 1836, fide Appeltans et al. (2010)","","","","","",""
"553","Eukaryota","Animalia","Chordata","Chondrichthyes (= Elasmobranchii)","Lamniformes","Galeomorphi",NA,"Lamnidae","",NA,"Isurus","oxyrinchus","","Rafinesque, 1810","Na","Id","VU",1,"","","","",NA,"",NA,NA,NA,"","True","","","",NA,"","",NA,"True","","",12833,"Shortfin mako","marrajo dientuso","","Syn.: Carcharias tigris Atwood, 1869, Isuropsis dekayi Gill, 1862, Isuropsis glaucus (Müller & Henle, 1839), Isuropsis mako (Whitley, 1929), Isurus africanus Smith, 1957, Isurus bideni Phillipps, 1932, Isurus cepedii (Lesson, 1831), Isurus glaucus (Müller & Henle, 1839), Isurus guentheri (Murray, 1884), Isurus mako Whitley, 1929, Isurus oxyrhincus Rafinesque, 1810 (misspelling), Isurus oxyrhynchus Rafinesque, 1810 (misspelling), Isurus spallanzani Rafinesque, 1810, Isurus tigris (Atwood, 1869), Isurus tigris africanus Smith, 1957, Lamna glauca (Müller & Henle, 1839), Lamna guentheri Murray, 1884, Lamna huidobrii Philippi, 1887, Lamna latro Owen, 1853, Lamna oxyrhina Cuvier & Valenciennes, 1838, Oxyrhina glauca Müller & Henle, 1839, Oxyrhina gomphodon Müller & Henle, 1839, Squalus cepedii Lesson, 1831, fide Appeltans et al. (2010)","circumtropical","circumtropical","Subtropical:oceanodromous (Ref. 51243); marine; depth range 0 - 740 m (Ref. 26346), usually 100 - 150 m (Ref. 36731)","Subtropical: oceanodromo (Ref. 51243); marina; profundidad Rango 0 - 740 m (Ref. 26346), por lo general 100 a 150 m (Ref. 36731)","Dorsal spines  (total): 0; Anal  spines: 0. A large, spindle-shaped shark with large black eyes, a sharp snout, and large, narrow, hooked teeth with smooth edges (Ref. 5578). Caudal fin lunate, lower lobe strongly developed (Ref. 13574). Dark blue above, white below (Ref. 6581). Tiny second dorsal and anal fins (Ref. 26938).",""
"554","Eukaryota","Animalia","Chordata","Chondrichthyes (= Elasmobranchii)","Orectolobiformes","Galeomorphi",NA,"Rhincodontidae","",NA,"Rhincodon","typus","","Smith, 1828","NoData","NoData","VU",1,"","","","",NA,"",NA,NA,NA,"","True","","","",NA,"","",NA,"True","","",7852,"Whale shark","tiburón ballena","tiburón ballena","Syn.: Micristodus punctatus Gill, 1865, Rhiniodon typus (Smith, 1828), Rhinodon pentalineatus Kishinouye, 1901, Rhinodon typicus Müller & Henle, 1839, Rhinodon typicus Smith, 1845, fide Appeltans et al. (2010)","Rare. Throughout tropical waters, in the eastern Pacific from off California and Mexico to nothern Chile and Galapagos. Worldwide in tropical and subtropical waters. Circumtropical","Raro. A lo largo de las aguas tropicales, en el este del Pacífico, desde las costas de California y México para nothern Chile y Galápagos. Todo el mundo en aguas tropicales y subtropicales. Circumtropical","Habitat: Open waters in regions of upwelling.","Hábitat: Aguas Abiertas en las regiones de afloramiento.","Size: Maximum lengths remains uncertain, but 18.3 m TL has been stated as credible. Gray to gray-brown, fading to white underside; thin whitish lines join spots on back. Three ridges run on sides from head to base of tail; first dorsal fin more than halfway back on body. World's largest fish.",""
"555","Eukaryota","Animalia","Chordata","Chondrichthyes (= Elasmobranchii)","Rajiformes","",NA,"Dasyatidae","",NA,"Dasyatis","brevis","","(Garman, 1880)","Na","Id","NE",1,"","","","",NA,"",NA,NA,NA,"","True","","","",NA,"","",NA,"True","","",7850,"diamond stingray","raya batana, raya de espina","raya de espina, sartén de espina","Syn.: Trygon brevis Garman, 1880, fide Appeltans et al. (2010)","Eastern Pacific, from central California to nothern Chile, Southern California to Peru. Ecuador in the Galápagos Islands and Malpelo Islands","","Habitat: Common on sand substrate to moderate depths, where they often bury in sand with only eyes and spiracles protruding.","Hábitat: común en el sustrato arenosos a profundidades moderadas, donde a menudo se entierran en la arena y dejan sólo los ojos por fuera y espiráculos que sobresalen.","Olive-brown to brown or gray. No markings. Tail thick and cylindrical to barb, then becomes vertically flattened with a rounded tip. Size: To ca. 2 m TL",""
"556","Eukaryota","Animalia","Chordata","Chondrichthyes (= Elasmobranchii)","Rajiformes","",NA,"Dasyatidae","",NA,"Dasyatis","dipterura","","(Jordan & Gilbert, 1880)","Na","Id","",1,"","","","",NA,"",NA,NA,NA,"","True","","","",NA,"","",NA,"True","","",14532,"Diamond stingray","Batana, Batea, Raya diamante, Raya látigo diamante","","Syn.: Dasyatis dipterurus (Jordan & Gilbert, 1880) (misspelling), Dasyatis hawaiensis Jenkins, 1903, Dasyatis hawaiiensis Jenkins, 1903 (misspelling), Dasybatis dipterura Jordan & Gilbert, 1880, Dasybatis dipterurus Jordan & Gilbert, 1880 (misspelling), fide Appeltans et al. (2010)","Indo-Pacific","","","","",""
"557","Eukaryota","Animalia","Chordata","Chondrichthyes (= Elasmobranchii)","Rajiformes","",NA,"Dasyatidae","",NA,"Dasyatis","longa","","(Garman, 1880)","NoData","NoData","DD",1,"","","","",NA,"",NA,NA,NA,"","True","","","",NA,"","",NA,"True","","",7851,"Longtail stingray, whiptail stingray","raya coluda, raya latigo largo","raya coluda","Syn.: Trygon longa Garman, 1880, fide Appeltans et al. (2010)","Eastern Pacific, from the Gulf of California to Peru, and Revillagigedos and Galápagos.","Pacífico Oriental, desde el Golfo de California a Perú y las IslasGalápagos.","Habitat: Usually found over sand substrate and gravel/rubble areas.","Hábitat: Generalmente se encuentran sobre sustrato de arena y grava / zonas de escombros.","Size: To lengths of 2.57m and weigths of 46.6kg.","Tamaño: Para longitudes de 2.57m y peso de 46.6kg."
"558","Eukaryota","Animalia","Chordata","Chondrichthyes (= Elasmobranchii)","Rajiformes","",NA,"Dasyatidae","",NA,"Dasyatis","sp.","","","Na","EnQ","",3,"","","","",NA,"",NA,NA,NA,"","True","","","",NA,"","",NA,"True","","",12838,"","","","","","","","","",""
"559","Eukaryota","Animalia","Chordata","Chondrichthyes (= Elasmobranchii)","Rajiformes","",NA,"Dasyatidae","",NA,"Himantura","pacifica","","(Beebe & Tee-Van, 1941)","Na","Id","NE",1,"","","","",NA,"",NA,NA,NA,"","True","","","",NA,"","",NA,"True","","",12963,"Pacific whiptail stingray","raya del pacífico","","Syn.: Dasyatis pacificus Beebe & Tee-Van, 1941, fide Appeltans et al. (2010)","Eastern Pacific","","Tropical.Demersal.","","",""
"560","Eukaryota","Animalia","Chordata","Chondrichthyes (= Elasmobranchii)","Rajiformes","",NA,"Dasyatidae","",NA,"Pteroplatytrygon","violacea","","(Bonaparte, 1832)","Na","Id","LC",1,"","","","",NA,"",NA,NA,NA,"","True","","","",NA,"","",NA,"True","","",12964,"Pelagic stingray, blue Stingray","raya látigo violeta, raya negra","","Syn.: Dasyatis atratus Ishiyama & Okada, 1955, Dasyatis guileri Last, 1979, Dasyatis purpurea (Müller & Henle, 1841), Dasyatis purpureus (Müller & Henle, 1841) (misspelling), Dasyatis violacea (Bonaparte, 1832), Trygon purpurea Müller & Henle, 1841, Trygon violacea Bonaparte, 1832, fide Appeltans et al. (2010)","circumtropical","","Subtropical;marine; depth range 1 - 381 m (Ref. 58302), usually 1 - 100 m (Ref. 55209),Pelagic-oceanic","Subtropical; marina; rango de profundidad 1-381 m (Ref. 58302), por lo general 1 - 100 m (Ref. 55209), pelágico - oceánico","A thick, dark stingray with a broadly rounded snout and an angular pectoral disc; tail less than twice body length with a long lower caudal finfold ending far in front of tail tip,usually 1 extremely long sting on tail, disc without thorns;eyes do not protrude (Ref. 5578). Uniformly violet, purple, or dark blue-green dorsally and ventrally (Ref. 3263). No prominent markings (Ref. 3263).",""
"561","Eukaryota","Animalia","Chordata","Chondrichthyes (= Elasmobranchii)","Rajiformes","",NA,"Dasyatidae","",NA,"Taeniura","meyeni","","Müller & Henle, 1841","Na","Id","VU",1,"","","","",NA,"",NA,NA,NA,"","True","","","",NA,"","",NA,"True","","",7853,"Black spotted stingray, marbled ray, mottled ray","raya manchada","sartén marmoleado","Syn.: Taeniura melanospila Bleeker, 1853, Taeniura melanospilos Bleeker, 1853, Taeniura mortoni Macleay, 1883, Taeniura meyemi Müller & Henle, 1841 (misspelling), Taeniurops meyeni (Müller & Henle, 1841), fide Appeltans et al. (2010)","Indo - Pacific; in the eastern Pacific only known from oceanic islands (Cocos and Galapagos)","Indo pacífico, en el Pacífico oriental sólo se conoce en las islas oceánicas (Coco y Galápagos)","Habitat: Over sand bottoms and rocky, boulder and gravel strewn slopes.","Habitat: Sobre fondos de arena y roca y laderas llenas de grava.","Size: Largest known individual, a female, measured 435 mm disc width sand 346 mm disc length (from the tip of the snout to the middle of cloaca. Taeniura meyeni.","Tamaño: el individuo mas grande fue una hembra, mide 435 mm de ancho de arena disco 346 mm Longitud del disco (desde la punta del hocico hasta la mitad de cloaca) Taeniura meyeni."
"562","Eukaryota","Animalia","Chordata","Chondrichthyes (= Elasmobranchii)","Rajiformes","",NA,"Myliobatidae","",NA,"Myliobatis","californica","","Gill, 1865","Na","Id","NE",1,"","","","",NA,"",NA,NA,NA,"","True","","","",NA,"","",NA,"True","","",7859,"Bat eagle ray","tecolote","","Syn.: Myliobatis californicus Gill, 1865, Rhinoptera encenadae Smith, 1886, Rhinoptera vespertilio Girard, 1856, fide Appeltans et al. (2010)","West coast of North America, from Oregon to Gulf of California, Ecuador in Galapagos","","","","Uniformly brown to dark olive dorsally, tan or whitish ventrally. Disc broadly flattened, head and eyes anterior to origin of pectoral fins; anterior-most portion of head and snout with a duck-billed appearance; an indenta. Width up to 1,8 m",""
"563","Eukaryota","Animalia","Chordata","Chondrichthyes (= Elasmobranchii)","Rajiformes","",NA,"Myliobatidae","",NA,"Pteromylaeus","asperrimus","","(Gilbert, 1898)","Na","Id","DD",1,"","","","",NA,"",NA,NA,NA,"","True","","","",NA,"","",NA,"True","","",12966,"Rough eagle ray, barred eagle ray","águila áspera, águila cueruda,","raya águila","Syn.: Myliobatis asperrimus Gilbert, 1898, fide Appeltans et al. (2010)","Eastern Pacific","","Tropical:Demersal.","","",""
"564","Eukaryota","Animalia","Chordata","Chondrichthyes (= Elasmobranchii)","Rajiformes","",NA,"Myliobatidae","Mobulinae",NA,"Manta","birostris","","(Walbaum, 1792)","Na","Id","VU",1,"","","","",NA,"",NA,NA,NA,"","True","","","",NA,"","",NA,"True","","",7854,"Giant manta, Manta ray","manta voladora, manta gigante, manta raya","manta voladora","Syn.: Brachioptilon hamiltoni Hamilton & Newman, 1849, Cephalopterus manta Bancroft, 1829, Cephalopterus vampyrus Mitchill, 1824, Ceratoptera alfredi Anonymous [Krefft], 1868, Ceratoptera johnii Müller & Henle, 1841, Manta alfredi (Anonymous [Krefft], 1868), Manta americana Bancroft, 1829, Manta hamiltoni (Hamilton & Newman, 1849), Raja birostris Walbaum, 1792, Raja manatia Bloch & Schneider, 1801, fide Appeltans et al. (2010)","Circumtropical; in the eastern Pacific from California to Peru and Cocos, Revillagigedos and Galapagos","","Habitat: Most often seen near the surface swimming gracefully as they feed.","","A giant ray having an extremely broad head with long head fins, and a terminal mouth. Head proyecting with pair of paddle-like extensions; large triangular ""wings"" (pectoral fins flat); tail whip-like but short; disc above and below covered with small denticles; mounth terminal (at front of head); dark gray to black above, some times with white patches on sholders; white on ventral surface, with grey edging on disc. Width may exceed 6.1 m across the disc.",""
"565","Eukaryota","Animalia","Chordata","Chondrichthyes (= Elasmobranchii)","Rajiformes","",NA,"Myliobatidae","Mobulinae",NA,"Mobula","japanica","","(Müller & Henle, 1841)","Na","Id","NT",1,"","","","",NA,"",NA,NA,NA,"","True","","","",NA,"","",NA,"True","","",12968,"Spinetail mobula","manta de aguijón","Manta de aguijón","Syn.: Cephaloptera japanica Müller & Henle, 1841, Mobula japonica (Müller & Henle, 1841) (misspelling), Mobula rancureli Cadenat, 1959, fide Appeltans et al. (2010)","Circumtropical","","Subtropical;Reef-associated; marine.","","Shared characters between M. rancureli and Mobula japanica: teeth, placoid scales, and branchial filter morphologies, morphometrics, presence of tail spine, distinctive shape and coloration of dorsal fin, and general shape of body and coloration (Ref. 50641).Dark blue to black above, white below. Inner surface of cephalic fins silver grey with black tip, outer surface and side behind eye white (Ref. 11228).",""
"566","Eukaryota","Animalia","Chordata","Chondrichthyes (= Elasmobranchii)","Rajiformes","",NA,"Myliobatidae","Mobulinae",NA,"Mobula","munkiana","","Notarbartolo-di-Sciara, 1987","Na","Id","NT",1,"","","","",NA,"",NA,NA,NA,"","True","","","",NA,"","",NA,"True","","",12969,"Smoothtail mobula","diablo manta","","","Eastern Pacific, Galapagos","","Tropical;Pelagic-oceanic.","","Length up to two meters",""
"567","Eukaryota","Animalia","Chordata","Chondrichthyes (= Elasmobranchii)","Rajiformes","",NA,"Myliobatidae","Mobulinae",NA,"Mobula","tarapacana","","(Philippi, 1892)","Na","Id","DD",1,"","","","",NA,"",NA,NA,NA,"","True","","","",NA,"","",NA,"True","","",12967,"Chilean devil ray, box ray, spiny mobula","manta cornuda, raya cornuda, diablo gigante de Guinea","","","circumtropical","","Tropical;oceanodromous (Ref. 51243); marine; depth range 0 - 30 m (Ref. 58047).Reef-associated.","","A large devil ray with a long head bearing short head fins; dorsal fin plain, and pectoral fins with strongly curved;pointed denticles and tail shorter than disc with no spine (Ref. 5578). Dark blue (Ref. 5578), olive-green to brownish above; ventral side white anteriorly, grey posteriorly, with an irregular but distinct line of demarcation (Ref. 11228).pointed denticles and tail shorter than disc with no spine (Ref. 5578). Dark blue (Ref. 5578), olive-green to brownish above; ventral side white anteriorly, grey posteriorly, with an irregular but distinct line of demarcation (Ref. 11228).",""
"568","Eukaryota","Animalia","Chordata","Chondrichthyes (= Elasmobranchii)","Rajiformes","",NA,"Myliobatidae","Myliobatinae",NA,"Aetobatus","narinari","","(Euphrasen, 1790)","Na","Id","NT",1,"","","","",NA,"",NA,NA,NA,"","True","","","",NA,"","",NA,"True","","",7856,"eagle ray, Spotted eagle ray","raya aguila","raya aguila","Syn.: Aetobatis latirostris Duméril, 1861, Myliobatis eeltenkee Rüppell, 1837, Myliobatis macroptera McClelland, 1841, Myliobatis punctatus Maclay & Macleay, 1886, Raia quinqueaculeata Quoy & Gaimard, 1824, Raja narinari Euphrasen, 1790, Stoasodon narinari (Euphrasen, 1790), fide Appeltans et al. (2010)","Circumtropical; in the eastern Pacific from nothern California to Panama and Ecuador in Galápagos. Pacific, Indian and Atlantic Oceans in tropical and subtropical waters. Southern California to Ecuador, all eastern pacific islands except Clipperton.","","Habitat: Most frequently observed in protected waters, but also found in reef areas and sandy embayments.","Hábitat: se observa con frecuencia en aguas protegidas, pero también en zonas de arrecifes y ensenadas de arena","White underside, occasionally with some dark spotting patterns along ""wing"" borders and tips. Mouth on underside. Long, thin tail with one to five venomous spines at base. At birth 18-36 cm in width; grow to a maximum of 2.3 m width and 227 kg","Parte inferior blanca, en ocasiones con algunos patrones de manchas oscuras a lo largo de los bordes y puntas disco . Boca en la parte inferior. Cola larga y delgada con uno a cinco espinas venenosas en la base. Al nacer 18-36 cm de ancho; crecen a un máximo de 2,3 m de ancho y 227 kg"
"569","Eukaryota","Animalia","Chordata","Chondrichthyes (= Elasmobranchii)","Rajiformes","",NA,"Myliobatidae","Myliobatinae",NA,"Myliobatis","peruvianus","","Garman, 1913","Na","Id","DD",1,"","","","",NA,"",NA,NA,NA,"","True","","","",NA,"","",NA,"True","","",12965,"Peruvian eagle ray","manta, pez-diablo","","Syn.: Myliobatis peruanus Garman, 1913 (misspelling), fide Appeltans et al. (2010)","Southeast Pacific: Cocos and Galápagos Islands","Cocos y las Islas Galápagos.","Subtropical","Subtropical","",""
"570","Eukaryota","Animalia","Chordata","Chondrichthyes (= Elasmobranchii)","Rajiformes","",NA,"Myliobatidae","Rhinopterinae",NA,"Rhinoptera","steindachneri","","Evermann & Jenkins, 1891","Na","Id","NT",1,"","","","",NA,"",NA,NA,NA,"","True","","","",NA,"","",NA,"True","","",7857,"Golden cow ray, golden cownose ray","raya dorada, Gavilán Negro","raya dorada","","Eastern Pacific fom the Gulf of California and Mexico to Galapagos. Baja and Gulf of California to northern Peru. Galápagos and Malpelo Islands.","","Habitat: Most frequently observed gliding graceully in mid- or surface waters. Sometimes in large numbers, often frequent mangrove lagoons; not common in reef areas","","Size: To about 90 cm in disc width, Back shades of golden brown to brown and grayish brown; belly white. Whip-like tail.",""
"571","Eukaryota","Animalia","Chordata","Chondrichthyes (= Elasmobranchii)","Rajiformes","",NA,"Rajidae","",NA,"Bathyraja","spinosissima","","(Beebe & Tee-Van, 1941)","Na","Id","NE",1,"","","","",NA,"",NA,NA,NA,"","True","","","",NA,"","",NA,"True","","",12834,"Spiny skate","raya blanca","","","Galapagos and Cocos Islands","","Deep-water: marine; depth range 800 - 2938 m (Ref. 50610).Bathydemersal.","","",""
"572","Eukaryota","Animalia","Chordata","Chondrichthyes (= Elasmobranchii)","Rajiformes","",NA,"Rajidae","",NA,"Gurgesiella","furvescens","","de Buen, 1959","Na","Id","NE",1,"","","","",NA,"",NA,NA,NA,"","True","","","",NA,"","",NA,"True","","",12835,"Southern false skate","raya falsa sureña","","","known only from the Galapagos Islands and off central Chile.","","Deep-water","","",""
"573","Eukaryota","Animalia","Chordata","Chondrichthyes (= Elasmobranchii)","Rajiformes","",NA,"Rajidae","",NA,"Raja","velezi","","Chirichigno, 1973","Na","Id","NE",1,"","","","",NA,"",NA,NA,NA,"","True","","","",NA,"","",NA,"True","","",12836,"Velez ray","raya bruja","","","Eastern Pacific","","Deep-water:marine; depth range 35 - 300 m (Ref. 28023), usually 35 - 140 m (Ref. 9261),Demersal","","",""
"574","Eukaryota","Animalia","Chordata","Chondrichthyes (= Elasmobranchii)","Rajiformes","",NA,"Rajidae","",NA,"Rajella","eisenhardti","","Long & McCosker, 1999","Na","En","NE",1,"","","","",NA,"",NA,NA,NA,"","True","","","",NA,"","",NA,"True","","",12837,"","","","","Galapagos Islands. Not in Compagno's 1999 checklist (Ref. 35766),Southeast Pacific.","","Deep-water. marine; depth range 757 - 907 m (Ref. 31078),Bathydemersal.","","",""
"575","Eukaryota","Animalia","Chordata","Chondrichthyes (= Elasmobranchii)","Rajiformes","",NA,"Rhinobatidae","",NA,"Rhinobatos","planiceps","","Garman, 1880","Na","Id","",1,"","","","",NA,"",NA,NA,NA,"","True","","","",NA,"","",NA,"True","","",15613,"Pacific guitarfish","guitarra del pacífico","","Rhinobatus planiceps Garman, 1880, fide Appeltans et al. 2010","Restricted to the eastern Pacific from southern Mexico to central Chile and Galapagos","","","","Size: 763mm TL",""
"576","Eukaryota","Animalia","Chordata","Chondrichthyes (= Elasmobranchii)","Squaliformes","",NA,"Centrophoridae","",NA,"Centrophorus","squamosus","","(Bonnaterre, 1788)","NoData","NoData","VU",1,"","","","",NA,"",NA,NA,NA,"","","","","True",NA,"","",NA,"","True","",17865,"Deepwater Spiny Dogfish","quelvacho negro","","Syn.: Centrophorus Müller & Henle, 1837 Synonymised, Centrophorus foliaceus Günther, 1877, Centrophorus nilsoni Thompson, 1930, Centroscymnus fuscus Gilchrist & von Bonde, 1924, Encheiridiodon hendersoni Smith, 1967, Lepidorhinus hinbei Tanaka, 1918, Lepidorhinus kinbei Tanaka, 1918 (misspelling), Lepidorhinus squamosus (Bonnaterre, 1788), Lepidorphinus foliaceus (Günther, 1877) (misspelling), Machephilus dumerili Johnson, 1868, Squalus squamosus Bonnaterre, 1788, fide Appeltans et al. (2010)","their distribution found in the eastern Atlantic Ocean, the Indian Ocean and the western Pacic Ocean, where it has been recorded from Japan to New Zealand and Galápagos Islands (Fernandina).","Se encuentra distribuido en el Océano Atlántico, Océano Índico y el Océano Pacífico, donde ha sido registrado desde Japon a Nueva Zelanda y las islas Galápagos (Fernandina).","","","This benthopelagic shark inhabits the continental slopes at depths between 230 and 2400 m. . Size at maturity is greater in females (124 cm TL) than in males (86 cm TL).","Este tiburón bentopelágicos habita en los taludes continentales a profundidades entre 230 y 2.400 m. . Tamaño en la madurez es mayor en las hembras (124 cm TL) que en machos (86 cm TL)."
"577","Eukaryota","Animalia","Chordata","Chondrichthyes (= Elasmobranchii)","Squaliformes","",NA,"Centrophoridae","",NA,"Gen. Centrophoridae","sp.","","","NoData","NoData","",8,"","","True","",NA,"",NA,NA,NA,"","","","","",NA,"True","",NA,"","","",16771,"","","","","","","","","",""
"578","Eukaryota","Animalia","Chordata","Chondrichthyes (= Elasmobranchii)","Squaliformes","",NA,"Dalatiidae","",NA,"Centroscyllium","nigrum","","Garman, 1899","Na","Id","NE",1,"","","","",NA,"",NA,NA,NA,"","True","","","",NA,"","",NA,"True","","",12813,"Aiguillat peigne","tollo negro peine","","","Eastern Pacific: Hawaiian Islands, southern California (USA), Panama, Cocos Island (Costa Rica), Colombia, Ecuador, northern and central Chile, and the Galapagos Islands.","","Deep-water:depth range 269 - 1143 m ,Benthopelagic; marine.","","",""
"579","Eukaryota","Animalia","Chordata","Chondrichthyes (= Elasmobranchii)","Squaliformes","",NA,"Dalatiidae","",NA,"Isistius","brasiliensis","","(Quoy & Gaimard, 1824)","Na","Id","NE",1,"","","","",NA,"",NA,NA,NA,"","True","","","",NA,"","",NA,"True","","",12815,"Cookiecutter shark<br>Squalelet féroce<br>Squalelet féroce","tollo cigarro","","","circumtropical","","Deep-water:oceanodromous (Ref. 51243); marine; depth range 1 - 3700 m (Ref. 55584),Bathypelagic","","The cookiecutter shark Isistius brasiliensis is distinctive for the prominent dark collar marking around its throat,Eyes set anterior of head but sufficiently far back to lack an extensive anterior binocular field. Pectoral fins subquadrate; pelvic fins larger than dorsal fins (Ref.247). Tooth count: 30-37/25-31. Vertebral count: 81-89. Spiral valve count: 8-10 (Ref. 48844). Dark brown dorsally, paler ventrally except for blackish band across throat; tips of caudal lobe blackish (Ref. 6577), no anal fin, huge, triangular-cusped teeth without blades, short, bulbous snout and a unique suctorial lips (Ref. 247).",""
"580","Eukaryota","Animalia","Chordata","Chondrichthyes (= Elasmobranchii)","Squaliformes","",NA,"Echinorhinidae","",NA,"Echinorhinus","cookei","","Pietschmann, 1928","Na","Id","NE",1,"","","","",NA,"",NA,NA,NA,"","True","","","",NA,"","",NA,"True","","",12810,"Echinorhinus cookei, Squale bouclé du Pacifique","Tiburón negro","","","Indo-Pacific","","Subtropical:depth range 11 - 1100 m (Ref. 26346), usually 70 - ? m (Ref. 6871),Benthopelagic; marine.","","The prickly shark Echinorhinus cookei has thorn-like denticles on body which are moderately large,Grayish brown in color, with black distal fin margins; white around mouth and on ventral surface of snout,As with the other member of the family Echinorhinidae, it has a relatively short snout and stout body; two small spineless dorsal fins, close together, towards posterior part of body and originating behind pelvic fin origin. No anal fin and subterminal notch on caudal fin. Small spiracles, very short labial furrows and teeth on both jaws alike, with a central oblique bladelike cusps with up to 3 cusplets on each side (absent in juveniles) (Ref. 247, 6871).",""
"581","Eukaryota","Animalia","Chordata","Chondrichthyes (= Elasmobranchii)","Torpediniformes","",NA,"Narcinidae","",NA,"Narcine","entemedor","","Jordan & Starks, 1895","NoData","NoData","NE",1,"","","","",NA,"",NA,NA,NA,"","True","","","",NA,"","",NA,"True","","",7842,"","","","","","","","","",""
"582","Eukaryota","Animalia","Chordata","Chondrichthyes (= Elasmobranchii)","Torpediniformes","",NA,"Torpedinidae","Torpedininae",NA,"Torpedo","peruana","","Chirichigno, 1963","Na","Id","NE",1,"","","","",NA,"",NA,NA,NA,"","True","","","",NA,"","",NA,"True","","",7858,"Peruvian torpedo ray","raya torpedo peruano","Raya torpedo peruano","Syn.: Torpedo tremens peruana Chirichigno F., 1963, fide Appeltans et al. (2010)","Costa Rica to Chile, Costa Rica to Peru, and Ecuador in Galápagos, observed around Fernandina and western Isabela in cold water environments.","","Habitat: Sand and mud bottoms, often bury","","Circular disc. Unmarked, brownish to grayish to blackish. Size: 30-45 cm",""
"583","Eukaryota","Animalia","Chordata","Chondrichthyes (= Elasmobranchii)","Torpediniformes","",NA,"Torpedinidae","Torpedininae",NA,"Torpedo","tremens","","Gill, 1862","NoData","NoData","DD",1,"","","","",NA,"",NA,NA,NA,"","True","","","",NA,"","",NA,"True","","",7860,"Torpedo electric ray","torpedo eléctrico","Torpedo eléctrico","","Costa Rica to Chile.","","","","Disc round, soft and flaccid, very thick near margin; tail very stout, not demarcated from disc, much shorter than disc length; first dorsal fin distinctly larger than secod; caudal fin large and subtriangular; mouth mode.",""
"584","Eukaryota","Animalia","Chordata","Holocephali","Chimaeriformes","",NA,"Chimaeridae","",NA,"Chimaera","sp.","","","Na","En","",3,"","","","",NA,"",NA,NA,NA,"","True","","","",NA,"","",NA,"True","","",12748,"","","","","Southeast Pacific: known only from the Galapagos Islands.","Pacífico Sudeste: conocida sólo de las Islas Galápagos.","","","",""
"585","Eukaryota","Animalia","Chordata","Holocephali","Chimaeriformes","",NA,"Chimaeridae","",NA,"Hydrolagus","alphus","","Quaranta, Didier, Long & Ebert, 2006","Na","En","NE",1,"","","","",NA,"",NA,NA,NA,"","True","","","",NA,"","",NA,"True","","",12750,"Whitespot Ghostshark","","","","Eastern Central Pacific: Galapagos Islands","Pacífico centro-oriental: Islas Galápagos","Tropical (600 - 900 m) Benthopelagic","","Assigned to the genus Hydrolagus based upon the absence of an anal fin. Hydrolagus alphus is distinguished by being medium in size (average PCL 321 mm) and uniform dark brown in color with a distinct white spot (4%-6% BDL) on the lateral side above the pectoral fins. Paired fins with bluish hue and white margins. The dorsal spine longer than triangular shaped first dorsal fin and extends beyond the origin of the second dorsal fin when depressed. Eyes large (40.844.5% HDL) and pectoral fins reaching to or beyond insertion of pelvic fins when depressed. Pelvic claspers small, not extending beyond distal edge of pelvic fin, and divided distally for one half their length with slender fleshy denticulate tips. The base of second dorsal fin is long, deeply depressed and light colored in the center, anterior and posterior regions dark, considerably greater in height than the white middle region (Ref. 57721).",""
"586","Eukaryota","Animalia","Chordata","Holocephali","Chimaeriformes","",NA,"Chimaeridae","",NA,"Hydrolagus","mccoskeri","","Barnett, Didier, Long & Ebert, 2006","Na","En","NE",1,"","","","",NA,"",NA,NA,NA,"","True","","","",NA,"","",NA,"True","","",12753,"Galápagos Ghost Shark","","","","Eastern Central Pacific: Galapagos Is. (Fernandina, Española, Marchena, San Cristóbal Is.).","Pacífico centro-oriental: las Islas Galápagos (Fernandina, Española, Marchena, San Cristóbal).","Deep-water (396 - 506 m) Bathypelagic","","Hydrolagus with head small with short, blunt snout; second dorsal fin only slightly indented along its length; preopercular and oral lateral line canals branching from the same node off the infraorbital canal and sharing a short common branch; dorsum medium brown with numerous narrow, sharply delineated irregular circular and elongate white blotches; ventrum white to tan with extremely fine brown mottling.",""
"587","Eukaryota","Animalia","Chordata","Holocephali","Chimaeriformes","",NA,"Chimaeridae","",NA,"Hydrolagus","sp.","","","Na","Id","",3,"","","","True",NA,"",NA,NA,NA,"","True","","","",NA,"","",NA,"True","","",12752,"","","","","Galápagos and Cocos Islands","","","","",""
"588","Eukaryota","Animalia","Chordata","Leptocardii","Incertae sedis","",NA,"Branchiostomidae","",NA,"Branchiostoma","elongatum","","Sundevall, 1852","Na","Id","",1,"","","","",NA,"",NA,NA,NA,"","True","","","",NA,"","",NA,"True","","",12743,"","","","","Peru-Chilean faunistic element","","","","",""
"589","Eukaryota","Animalia","Chordata","Myxini","Myxiniformes","",NA,"Myxinidae","",NA,"Eptatretus","grouseri","","McMillan, 1999","Na","En","NE",1,"","","","",NA,"",NA,NA,NA,"","True","","","",NA,"","",NA,"True","","",12744,"","","","","Southeast Pacific: known only from the Galapagos Islands.","Pacífico Sudeste: conocida sólo de las Islas Galápagos.","","","Five or six gill pouches and apertures each side, last gill aperture confluent with the pharyngocutaneous duct on the left side. Multicusps 3 in anterior and 2 in posterior rows, 9 unicusps in each anterior and 8 in each posterior row, total cusps 44; slime pore counts: prebranchial 12-13, branchial 4-5, trunk 44-46, tail 14-15, total slime pores 76-77. Ventral finfold vestigial; caudal finfold well developed (Ref. 31788).",""
"590","Eukaryota","Animalia","Chordata","Myxini","Myxiniformes","",NA,"Myxinidae","",NA,"Eptatretus","mccoskeri","","McMillan, 1999","Na","En","NE",1,"","","","",NA,"",NA,NA,NA,"","True","","","",NA,"","",NA,"True","","",12746,"Sliznatka McCoskerova","","","","Southeast Pacific: known only from the Galapagos Islands.","Pacífico Sureste: conocida sólo de las Islas Galápagos.","Deep-water (215 m) Bathydemersal","","","Eight gill pouches and apertures each side, last gill aperture confluent with the pharyngocutaneous duct on the left side; 12 multicusps (3 fused cusps in each row), unicusps 36-39 (9,9 to 10,10 unicusps in each anterior and 9,9 to 9,10 in each posterior row), total cusps 48-51; total slime pores 72-74, prebranchial 14-15, branchial 7, trunk 40-42, tail 10-12. Ventral finfold absent or vestigial; caudal finfold with white margin; head slightly lighter than body color, face dark except for small white area around mouth; barbels all white (Ref. 31788)."
"591","Eukaryota","Animalia","Chordata","Myxini","Myxiniformes","",NA,"Myxinidae","",NA,"Eptatretus","wisneri","","McMillan, 1999","Na","En","NE",1,"","","","",NA,"",NA,NA,NA,"","True","","","",NA,"","",NA,"True","","",12747,"","","","","Southeast Pacific: known only from the Galapagos Islands (Ref. 31788).","Pacífico Sureste: conocida sólo de las Islas Galápagos (Ref. 31788).","Deep-water (512 - 563 m) Bathydemersal","En aguas profundas (512-563 m) Batidemersal","Eight gills and apertures on each side, last gill aperture on left side confluent with the pharyngocutaneous duct; 10 multicusps, pattern of 3 fused cusps in each anterior row and 2 in each posterior row; unicusps 9 each anterior and 8 each posterior row; total cusps 44; total slime pores 76, prebranchial pores 9, branchial pores 7, trunk pores 46-47, tail pores 13-14; face mostly white, including mouth and base of labial barbels; other barbels dark, with occasional white spots or tips; eye spots distinct, large and irregularly shaped; ventral finfold vestigial or absent; caudal finfold well developed (Ref. 31788).",""
"592","Eukaryota","Animalia","Chordata","Myxini","Myxiniformes","",NA,"Myxinidae","Eptatretinae",NA,"Eptatretus","lakeside","","Mincarone & McCosker, 2004","Na","En","NE",1,"","","","",NA,"",NA,NA,NA,"","True","","","",NA,"","",NA,"True","","",12745,"","","","","Southeast Pacific in Galapagos Islands.","Pacífico Sureste en las Islas Galápagos.","deep-water (762m), benthopelagic","","Diagnosis: Body coloration pinkish-orange. Gill pouches 5 pairs. Three-cusp multicusps in anterior and posterior rows; 6 unicusps in each anterior and posterior rows; total cusps 36. palatine tooth triangular. Tail pores 19; total pores 88 (Ref. 55621).",""
