"ASV_id","TAXID","SCIENTIFIC_NAME","BEST_IDENTITY","COUNT","domain","phylum","class","order","family","genus","species"
"MiFish_0000001","None",NA,0,225309,NA,NA,NA,NA,NA,NA,NA
"MiFish_0000002","None",NA,0,2870,NA,NA,NA,NA,NA,NA,NA
"MiFish_0000003","None",NA,0,19113,NA,NA,NA,NA,NA,NA,NA
"MiFish_0000004","8225","Euthynnus",0.994047619047619,441,"Eukaryota","Chordata","Actinopteri","Scombriformes","Scombridae","Euthynnus",NA
"MiFish_0000005","None",NA,0,4405,NA,NA,NA,NA,NA,NA,NA
"MiFish_0000006","None",NA,0,60,NA,NA,NA,NA,NA,NA,NA
"MiFish_0000007","1229150","Mugil thoburni",1,158907,"Eukaryota","Chordata","Actinopteri","Mugiliformes","Mugilidae","Mugil","Mugil thoburni"
"MiFish_0000008","None",NA,0,4118,NA,NA,NA,NA,NA,NA,NA
"MiFish_0000009","None",NA,0,25,NA,NA,NA,NA,NA,NA,NA
"MiFish_0000010","None",NA,0,800,NA,NA,NA,NA,NA,NA,NA
"MiFish_0000011","None",NA,0,12,NA,NA,NA,NA,NA,NA,NA
"MiFish_0000012","1350519","Stegastes arcifrons",1,57251,"Eukaryota","Chordata","Actinopteri",NA,"Pomacentridae","Stegastes","Stegastes arcifrons"
"MiFish_0000013","None",NA,0,15914,NA,NA,NA,NA,NA,NA,NA
"MiFish_0000014","None",NA,0,27,NA,NA,NA,NA,NA,NA,NA
"MiFish_0000015","None",NA,0,28,NA,NA,NA,NA,NA,NA,NA
"MiFish_0000016","None",NA,0,3486,NA,NA,NA,NA,NA,NA,NA
"MiFish_0000017","None",NA,0,40,NA,NA,NA,NA,NA,NA,NA
"MiFish_0000018","None",NA,0,513,NA,NA,NA,NA,NA,NA,NA
"MiFish_0000019","None",NA,0,11,NA,NA,NA,NA,NA,NA,NA
"MiFish_0000020","None",NA,0,432,NA,NA,NA,NA,NA,NA,NA
"MiFish_0000021","None",NA,0,122,NA,NA,NA,NA,NA,NA,NA
"MiFish_0000022","None",NA,0,3531,NA,NA,NA,NA,NA,NA,NA
"MiFish_0000023","None",NA,0,94,NA,NA,NA,NA,NA,NA,NA
"MiFish_0000024","None",NA,0,27,NA,NA,NA,NA,NA,NA,NA
"MiFish_0000025","None",NA,0,92,NA,NA,NA,NA,NA,NA,NA
"MiFish_0000026","None",NA,0,480,NA,NA,NA,NA,NA,NA,NA
"MiFish_0000027","None",NA,0,8263,NA,NA,NA,NA,NA,NA,NA
"MiFish_0000028","None",NA,0,10,NA,NA,NA,NA,NA,NA,NA
"MiFish_0000029","None",NA,0,87,NA,NA,NA,NA,NA,NA,NA
"MiFish_0000030","None",NA,0,89,NA,NA,NA,NA,NA,NA,NA
"MiFish_0000031","None",NA,0,18,NA,NA,NA,NA,NA,NA,NA
"MiFish_0000032","None",NA,0,13,NA,NA,NA,NA,NA,NA,NA
"MiFish_0000033","None",NA,0,49,NA,NA,NA,NA,NA,NA,NA
"MiFish_0000034","None",NA,0,40,NA,NA,NA,NA,NA,NA,NA
"MiFish_0000035","1229150","Mugil thoburni",0.988235294117647,62,"Eukaryota","Chordata","Actinopteri","Mugiliformes","Mugilidae","Mugil","Mugil thoburni"
"MiFish_0000036","None",NA,0,11,NA,NA,NA,NA,NA,NA,NA
"MiFish_0000037","None",NA,0,71,NA,NA,NA,NA,NA,NA,NA
"MiFish_0000038","None",NA,0,49,NA,NA,NA,NA,NA,NA,NA
"MiFish_0000039","None",NA,0,42,NA,NA,NA,NA,NA,NA,NA
"MiFish_0000040","None",NA,0,25,NA,NA,NA,NA,NA,NA,NA
"MiFish_0000041","None",NA,0,12,NA,NA,NA,NA,NA,NA,NA
"MiFish_0000042","None",NA,0,22,NA,NA,NA,NA,NA,NA,NA
"MiFish_0000043","None",NA,0,13,NA,NA,NA,NA,NA,NA,NA
"MiFish_0000044","None",NA,0,453,NA,NA,NA,NA,NA,NA,NA
"MiFish_0000045","1350519","Stegastes arcifrons",0.994285714285714,189,"Eukaryota","Chordata","Actinopteri",NA,"Pomacentridae","Stegastes","Stegastes arcifrons"
"MiFish_0000046","None",NA,0,142,NA,NA,NA,NA,NA,NA,NA
"MiFish_0000047","None",NA,0,69,NA,NA,NA,NA,NA,NA,NA
"MiFish_0000048","None",NA,0,28,NA,NA,NA,NA,NA,NA,NA
"MiFish_0000049","None",NA,0,21,NA,NA,NA,NA,NA,NA,NA
"MiFish_0000050","None",NA,0,37,NA,NA,NA,NA,NA,NA,NA
"MiFish_0000051","None",NA,0,35,NA,NA,NA,NA,NA,NA,NA
"MiFish_0000052","None",NA,0,11,NA,NA,NA,NA,NA,NA,NA
"MiFish_0000053","None",NA,0,108,NA,NA,NA,NA,NA,NA,NA
"MiFish_0000054","None",NA,0,36,NA,NA,NA,NA,NA,NA,NA
"MiFish_0000055","1229150","Mugil thoburni",0.994117647058824,496,"Eukaryota","Chordata","Actinopteri","Mugiliformes","Mugilidae","Mugil","Mugil thoburni"
"MiFish_0000056","None",NA,0,45,NA,NA,NA,NA,NA,NA,NA
"MiFish_0000057","None",NA,0,198,NA,NA,NA,NA,NA,NA,NA
"MiFish_0000058","722560","Archosargus rhomboidalis",0.970588235294118,10375,"Eukaryota","Chordata","Actinopteri","Spariformes","Sparidae","Archosargus","Archosargus rhomboidalis"
"MiFish_0000059","None",NA,0,17,NA,NA,NA,NA,NA,NA,NA
"MiFish_0000060","None",NA,0,2362,NA,NA,NA,NA,NA,NA,NA
"MiFish_0000061","None",NA,0,17,NA,NA,NA,NA,NA,NA,NA
"MiFish_0000062","None",NA,0,22,NA,NA,NA,NA,NA,NA,NA
"MiFish_0000063","None",NA,0,44,NA,NA,NA,NA,NA,NA,NA
"MiFish_0000064","None",NA,0,15,NA,NA,NA,NA,NA,NA,NA
"MiFish_0000065","None",NA,0,21,NA,NA,NA,NA,NA,NA,NA
"MiFish_0000066","2884370","Lampanyctus acanthurus",0.953757225433526,65,"Eukaryota","Chordata","Actinopteri","Myctophiformes","Myctophidae","Lampanyctus","Lampanyctus acanthurus"
"MiFish_0000067","None",NA,0,106,NA,NA,NA,NA,NA,NA,NA
"MiFish_0000068","None",NA,0,33,NA,NA,NA,NA,NA,NA,NA
"MiFish_0000069","None",NA,0,66878,NA,NA,NA,NA,NA,NA,NA
"MiFish_0000070","None",NA,0,1076,NA,NA,NA,NA,NA,NA,NA
"MiFish_0000071","None",NA,0,24,NA,NA,NA,NA,NA,NA,NA
"MiFish_0000072","None",NA,0,30,NA,NA,NA,NA,NA,NA,NA
"MiFish_0000073","None",NA,0,16,NA,NA,NA,NA,NA,NA,NA
"MiFish_0000074","None",NA,0,15,NA,NA,NA,NA,NA,NA,NA
"MiFish_0000075","None",NA,0,14,NA,NA,NA,NA,NA,NA,NA
"MiFish_0000076","None",NA,0,25,NA,NA,NA,NA,NA,NA,NA
"MiFish_0000077","None",NA,0,26,NA,NA,NA,NA,NA,NA,NA
"MiFish_0000078","None",NA,0,43,NA,NA,NA,NA,NA,NA,NA
"MiFish_0000079","None",NA,0,19,NA,NA,NA,NA,NA,NA,NA
"MiFish_0000080","None",NA,0,23,NA,NA,NA,NA,NA,NA,NA
"MiFish_0000081","None",NA,0,17,NA,NA,NA,NA,NA,NA,NA
"MiFish_0000082","None",NA,0,81,NA,NA,NA,NA,NA,NA,NA
"MiFish_0000083","None",NA,0,12,NA,NA,NA,NA,NA,NA,NA
"MiFish_0000084","None",NA,0,92,NA,NA,NA,NA,NA,NA,NA
"MiFish_0000085","None",NA,0,15,NA,NA,NA,NA,NA,NA,NA
"MiFish_0000086","None",NA,0,82,NA,NA,NA,NA,NA,NA,NA
"MiFish_0000087","None",NA,0,10,NA,NA,NA,NA,NA,NA,NA
"MiFish_0000088","None",NA,0,11,NA,NA,NA,NA,NA,NA,NA
"MiFish_0000089","None",NA,0,13,NA,NA,NA,NA,NA,NA,NA
"MiFish_0000090","None",NA,0,13,NA,NA,NA,NA,NA,NA,NA
"MiFish_0000091","211834","Lutjanus argentimaculatus",0.976331360946746,10696,"Eukaryota","Chordata","Actinopteri","Lutjaniformes","Lutjanidae","Lutjanus","Lutjanus argentimaculatus"
"MiFish_0000092","40493","Lutjanus",0.988165680473373,10583,"Eukaryota","Chordata","Actinopteri","Lutjaniformes","Lutjanidae","Lutjanus",NA
"MiFish_0000093","482919","Orthopristis chrysoptera",0.982248520710059,20547,"Eukaryota","Chordata","Actinopteri","Lutjaniformes","Haemulidae","Orthopristis","Orthopristis chrysoptera"
"MiFish_0000094","482919","Orthopristis chrysoptera",0.976331360946746,294,"Eukaryota","Chordata","Actinopteri","Lutjaniformes","Haemulidae","Orthopristis","Orthopristis chrysoptera"
"MiFish_0000095","435274","Gerres cinereus",1,7098,"Eukaryota","Chordata","Actinopteri","Gerreiformes","Gerreidae","Gerres","Gerres cinereus"
"MiFish_0000096","40493","Lutjanus",0.982248520710059,43,"Eukaryota","Chordata","Actinopteri","Lutjaniformes","Lutjanidae","Lutjanus",NA
"MiFish_0000097","None",NA,0,28275,NA,NA,NA,NA,NA,NA,NA
"MiFish_0000098","48193","Mugil cephalus",1,156835,"Eukaryota","Chordata","Actinopteri","Mugiliformes","Mugilidae","Mugil","Mugil cephalus"
"MiFish_0000099","None",NA,0,1362,NA,NA,NA,NA,NA,NA,NA
"MiFish_0000100","40493","Lutjanus",0.982248520710059,35,"Eukaryota","Chordata","Actinopteri","Lutjaniformes","Lutjanidae","Lutjanus",NA
"MiFish_0000101","None",NA,0,239,NA,NA,NA,NA,NA,NA,NA
"MiFish_0000102","40493","Lutjanus",0.982248520710059,25,"Eukaryota","Chordata","Actinopteri","Lutjaniformes","Lutjanidae","Lutjanus",NA
"MiFish_0000103","482919","Orthopristis chrysoptera",0.976331360946746,120,"Eukaryota","Chordata","Actinopteri","Lutjaniformes","Haemulidae","Orthopristis","Orthopristis chrysoptera"
"MiFish_0000104","None",NA,0,13,NA,NA,NA,NA,NA,NA,NA
"MiFish_0000105","40493","Lutjanus",0.982248520710059,25,"Eukaryota","Chordata","Actinopteri","Lutjaniformes","Lutjanidae","Lutjanus",NA
"MiFish_0000106","482919","Orthopristis chrysoptera",0.976331360946746,63,"Eukaryota","Chordata","Actinopteri","Lutjaniformes","Haemulidae","Orthopristis","Orthopristis chrysoptera"
"MiFish_0000107","211834","Lutjanus argentimaculatus",0.970414201183432,61,"Eukaryota","Chordata","Actinopteri","Lutjaniformes","Lutjanidae","Lutjanus","Lutjanus argentimaculatus"
"MiFish_0000108","211834","Lutjanus argentimaculatus",0.970414201183432,44,"Eukaryota","Chordata","Actinopteri","Lutjaniformes","Lutjanidae","Lutjanus","Lutjanus argentimaculatus"
"MiFish_0000109","40493","Lutjanus",0.982248520710059,82,"Eukaryota","Chordata","Actinopteri","Lutjaniformes","Lutjanidae","Lutjanus",NA
"MiFish_0000110","482919","Orthopristis chrysoptera",0.976331360946746,21,"Eukaryota","Chordata","Actinopteri","Lutjaniformes","Haemulidae","Orthopristis","Orthopristis chrysoptera"
"MiFish_0000111","482919","Orthopristis chrysoptera",0.976331360946746,35,"Eukaryota","Chordata","Actinopteri","Lutjaniformes","Haemulidae","Orthopristis","Orthopristis chrysoptera"
"MiFish_0000112","482919","Orthopristis chrysoptera",0.976331360946746,83,"Eukaryota","Chordata","Actinopteri","Lutjaniformes","Haemulidae","Orthopristis","Orthopristis chrysoptera"
"MiFish_0000113","482919","Orthopristis chrysoptera",0.976331360946746,52,"Eukaryota","Chordata","Actinopteri","Lutjaniformes","Haemulidae","Orthopristis","Orthopristis chrysoptera"
"MiFish_0000114","482919","Orthopristis chrysoptera",0.964705882352941,15,"Eukaryota","Chordata","Actinopteri","Lutjaniformes","Haemulidae","Orthopristis","Orthopristis chrysoptera"
"MiFish_0000115","48193","Mugil cephalus",0.982456140350877,367,"Eukaryota","Chordata","Actinopteri","Mugiliformes","Mugilidae","Mugil","Mugil cephalus"
"MiFish_0000116","None",NA,0,64,NA,NA,NA,NA,NA,NA,NA
"MiFish_0000117","211834","Lutjanus argentimaculatus",0.970414201183432,29,"Eukaryota","Chordata","Actinopteri","Lutjaniformes","Lutjanidae","Lutjanus","Lutjanus argentimaculatus"
"MiFish_0000118","40493","Lutjanus",0.982248520710059,11,"Eukaryota","Chordata","Actinopteri","Lutjaniformes","Lutjanidae","Lutjanus",NA
"MiFish_0000119","40493","Lutjanus",0.982248520710059,30,"Eukaryota","Chordata","Actinopteri","Lutjaniformes","Lutjanidae","Lutjanus",NA
"MiFish_0000120","None",NA,0,16,NA,NA,NA,NA,NA,NA,NA
"MiFish_0000121","482919","Orthopristis chrysoptera",0.976331360946746,86,"Eukaryota","Chordata","Actinopteri","Lutjaniformes","Haemulidae","Orthopristis","Orthopristis chrysoptera"
"MiFish_0000122","482919","Orthopristis chrysoptera",0.976331360946746,55,"Eukaryota","Chordata","Actinopteri","Lutjaniformes","Haemulidae","Orthopristis","Orthopristis chrysoptera"
"MiFish_0000123","435274","Gerres cinereus",0.994082840236686,22,"Eukaryota","Chordata","Actinopteri","Gerreiformes","Gerreidae","Gerres","Gerres cinereus"
"MiFish_0000124","48193","Mugil cephalus",0.994152046783626,3432,"Eukaryota","Chordata","Actinopteri","Mugiliformes","Mugilidae","Mugil","Mugil cephalus"
"MiFish_0000125","None",NA,0,291,NA,NA,NA,NA,NA,NA,NA
"MiFish_0000126","211834","Lutjanus argentimaculatus",0.970414201183432,25,"Eukaryota","Chordata","Actinopteri","Lutjaniformes","Lutjanidae","Lutjanus","Lutjanus argentimaculatus"
"MiFish_0000127","435274","Gerres cinereus",0.994082840236686,55,"Eukaryota","Chordata","Actinopteri","Gerreiformes","Gerreidae","Gerres","Gerres cinereus"
"MiFish_0000128","None",NA,0,19,NA,NA,NA,NA,NA,NA,NA
"MiFish_0000129","482919","Orthopristis chrysoptera",0.976331360946746,28,"Eukaryota","Chordata","Actinopteri","Lutjaniformes","Haemulidae","Orthopristis","Orthopristis chrysoptera"
"MiFish_0000130","None",NA,0,24,NA,NA,NA,NA,NA,NA,NA
"MiFish_0000131","211834","Lutjanus argentimaculatus",0.964705882352941,981,"Eukaryota","Chordata","Actinopteri","Lutjaniformes","Lutjanidae","Lutjanus","Lutjanus argentimaculatus"
"MiFish_0000132","None",NA,0,49,NA,NA,NA,NA,NA,NA,NA
"MiFish_0000133","40493","Lutjanus",0.982248520710059,20,"Eukaryota","Chordata","Actinopteri","Lutjaniformes","Lutjanidae","Lutjanus",NA
"MiFish_0000134","211834","Lutjanus argentimaculatus",0.970414201183432,24,"Eukaryota","Chordata","Actinopteri","Lutjaniformes","Lutjanidae","Lutjanus","Lutjanus argentimaculatus"
"MiFish_0000135","None",NA,0,74,NA,NA,NA,NA,NA,NA,NA
"MiFish_0000136","None",NA,0,28,NA,NA,NA,NA,NA,NA,NA
"MiFish_0000137","36213","Abudefduf",1,33368,"Eukaryota","Chordata","Actinopteri",NA,"Pomacentridae","Abudefduf",NA
"MiFish_0000138","36213","Abudefduf",0.994082840236686,57,"Eukaryota","Chordata","Actinopteri",NA,"Pomacentridae","Abudefduf",NA
"MiFish_0000139","None",NA,0,34,NA,NA,NA,NA,NA,NA,NA
"MiFish_0000140","None",NA,0,18,NA,NA,NA,NA,NA,NA,NA
"MiFish_0000141","None",NA,0,11,NA,NA,NA,NA,NA,NA,NA
"MiFish_0000142","36213","Abudefduf",0.994082840236686,65,"Eukaryota","Chordata","Actinopteri",NA,"Pomacentridae","Abudefduf",NA
"MiFish_0000143","36213","Abudefduf",0.994082840236686,57,"Eukaryota","Chordata","Actinopteri",NA,"Pomacentridae","Abudefduf",NA
"MiFish_0000144","None",NA,0,10,NA,NA,NA,NA,NA,NA,NA
"MiFish_0000145","36213","Abudefduf",0.994082840236686,26,"Eukaryota","Chordata","Actinopteri",NA,"Pomacentridae","Abudefduf",NA
"MiFish_0000146","None",NA,0,11,NA,NA,NA,NA,NA,NA,NA
"MiFish_0000147","36213","Abudefduf",0.994082840236686,69,"Eukaryota","Chordata","Actinopteri",NA,"Pomacentridae","Abudefduf",NA
"MiFish_0000148","None",NA,0,11,NA,NA,NA,NA,NA,NA,NA
"MiFish_0000149","36213","Abudefduf",0.994082840236686,71,"Eukaryota","Chordata","Actinopteri",NA,"Pomacentridae","Abudefduf",NA
"MiFish_0000150","50731","Abudefduf saxatilis",1,11,"Eukaryota","Chordata","Actinopteri",NA,"Pomacentridae","Abudefduf","Abudefduf saxatilis"
"MiFish_0000151","None",NA,0,12,NA,NA,NA,NA,NA,NA,NA
"MiFish_0000152","36213","Abudefduf",0.994082840236686,346,"Eukaryota","Chordata","Actinopteri",NA,"Pomacentridae","Abudefduf",NA
"MiFish_0000153","36213","Abudefduf",0.994082840236686,45,"Eukaryota","Chordata","Actinopteri",NA,"Pomacentridae","Abudefduf",NA
"MiFish_0000154","None",NA,0,12,NA,NA,NA,NA,NA,NA,NA
"MiFish_0000155","None",NA,0,11,NA,NA,NA,NA,NA,NA,NA
"MiFish_0000156","36213","Abudefduf",0.988165680473373,558,"Eukaryota","Chordata","Actinopteri",NA,"Pomacentridae","Abudefduf",NA
"MiFish_0000157","153621","Mycteroperca bonaci",0.964497041420118,5838,"Eukaryota","Chordata","Actinopteri","Perciformes","Serranidae","Mycteroperca","Mycteroperca bonaci"
"MiFish_0000158","153621","Mycteroperca bonaci",0.958579881656805,27,"Eukaryota","Chordata","Actinopteri","Perciformes","Serranidae","Mycteroperca","Mycteroperca bonaci"
"MiFish_0000159","None",NA,0,92,NA,NA,NA,NA,NA,NA,NA
"MiFish_0000160","153621","Mycteroperca bonaci",0.958579881656805,17,"Eukaryota","Chordata","Actinopteri","Perciformes","Serranidae","Mycteroperca","Mycteroperca bonaci"
"MiFish_0000161","153621","Mycteroperca bonaci",0.958579881656805,450,"Eukaryota","Chordata","Actinopteri","Perciformes","Serranidae","Mycteroperca","Mycteroperca bonaci"
"MiFish_0000162","None",NA,0,67,NA,NA,NA,NA,NA,NA,NA
"MiFish_0000163","36213","Abudefduf",0.994082840236686,141,"Eukaryota","Chordata","Actinopteri",NA,"Pomacentridae","Abudefduf",NA
"MiFish_0000164","153621","Mycteroperca bonaci",0.958579881656805,14,"Eukaryota","Chordata","Actinopteri","Perciformes","Serranidae","Mycteroperca","Mycteroperca bonaci"
"MiFish_0000165","36213","Abudefduf",0.994082840236686,42,"Eukaryota","Chordata","Actinopteri",NA,"Pomacentridae","Abudefduf",NA
"MiFish_0000166","None",NA,0,15,NA,NA,NA,NA,NA,NA,NA
"MiFish_0000167","36213","Abudefduf",0.994082840236686,38,"Eukaryota","Chordata","Actinopteri",NA,"Pomacentridae","Abudefduf",NA
"MiFish_0000168","36213","Abudefduf",0.994082840236686,305,"Eukaryota","Chordata","Actinopteri",NA,"Pomacentridae","Abudefduf",NA
"MiFish_0000169","36213","Abudefduf",0.994082840236686,209,"Eukaryota","Chordata","Actinopteri",NA,"Pomacentridae","Abudefduf",NA
"MiFish_0000170","None",NA,0,116,NA,NA,NA,NA,NA,NA,NA
"MiFish_0000171","36213","Abudefduf",0.994082840236686,125,"Eukaryota","Chordata","Actinopteri",NA,"Pomacentridae","Abudefduf",NA
"MiFish_0000172","None",NA,0,213,NA,NA,NA,NA,NA,NA,NA
"MiFish_0000173","None",NA,0,3946,NA,NA,NA,NA,NA,NA,NA
"MiFish_0000174","None",NA,0,92,NA,NA,NA,NA,NA,NA,NA
"MiFish_0000175","None",NA,0,96,NA,NA,NA,NA,NA,NA,NA
"MiFish_0000176","None",NA,0,23,NA,NA,NA,NA,NA,NA,NA
"MiFish_0000177","None",NA,0,250,NA,NA,NA,NA,NA,NA,NA
"MiFish_0000178","None",NA,0,31,NA,NA,NA,NA,NA,NA,NA
"MiFish_0000179","None",NA,0,93,NA,NA,NA,NA,NA,NA,NA
"MiFish_0000180","None",NA,0,14,NA,NA,NA,NA,NA,NA,NA
"MiFish_0000181","None",NA,0,56,NA,NA,NA,NA,NA,NA,NA
"MiFish_0000182","None",NA,0,10,NA,NA,NA,NA,NA,NA,NA
"MiFish_0000183","None",NA,0,36,NA,NA,NA,NA,NA,NA,NA
"MiFish_0000184","None",NA,0,23,NA,NA,NA,NA,NA,NA,NA
"MiFish_0000185","None",NA,0,89,NA,NA,NA,NA,NA,NA,NA
"MiFish_0000186","None",NA,0,111,NA,NA,NA,NA,NA,NA,NA
"MiFish_0000187","None",NA,0,26,NA,NA,NA,NA,NA,NA,NA
"MiFish_0000188","None",NA,0,21,NA,NA,NA,NA,NA,NA,NA
"MiFish_0000189","None",NA,0,14,NA,NA,NA,NA,NA,NA,NA
"MiFish_0000190","None",NA,0,44,NA,NA,NA,NA,NA,NA,NA
"MiFish_0000191","None",NA,0,12,NA,NA,NA,NA,NA,NA,NA
"MiFish_0000192","None",NA,0,16,NA,NA,NA,NA,NA,NA,NA
"MiFish_0000193","None",NA,0,42,NA,NA,NA,NA,NA,NA,NA
"MiFish_0000194","None",NA,0,26,NA,NA,NA,NA,NA,NA,NA
"MiFish_0000195","None",NA,0,34,NA,NA,NA,NA,NA,NA,NA
"MiFish_0000196","None",NA,0,15,NA,NA,NA,NA,NA,NA,NA
"MiFish_0000197","None",NA,0,14,NA,NA,NA,NA,NA,NA,NA
"MiFish_0000198","None",NA,0,18,NA,NA,NA,NA,NA,NA,NA
"MiFish_0000199","8234","Thunnus",1,3157,"Eukaryota","Chordata","Actinopteri","Scombriformes","Scombridae","Thunnus",NA
"MiFish_0000200","1489872","Percomorphaceae",1,6080,"Eukaryota","Chordata","Actinopteri",NA,NA,NA,NA
"MiFish_0000201","None",NA,0,11,NA,NA,NA,NA,NA,NA,NA
"MiFish_0000202","None",NA,0,12,NA,NA,NA,NA,NA,NA,NA
"MiFish_0000203","1489872","Percomorphaceae",0.994047619047619,21,"Eukaryota","Chordata","Actinopteri",NA,NA,NA,NA
"MiFish_0000204","None",NA,0,13,NA,NA,NA,NA,NA,NA,NA
"MiFish_0000205","None",NA,0,35,NA,NA,NA,NA,NA,NA,NA
"MiFish_0000206","8227","Euthynnus affinis",1,1212,"Eukaryota","Chordata","Actinopteri","Scombriformes","Scombridae","Euthynnus","Euthynnus affinis"
"MiFish_0000207","1489872","Percomorphaceae",0.994047619047619,15,"Eukaryota","Chordata","Actinopteri",NA,NA,NA,NA
"MiFish_0000208","None",NA,0,12,NA,NA,NA,NA,NA,NA,NA
"MiFish_0000209","None",NA,0,11,NA,NA,NA,NA,NA,NA,NA
"MiFish_0000210","None",NA,0,10,NA,NA,NA,NA,NA,NA,NA
"MiFish_0000211","None",NA,0,272,NA,NA,NA,NA,NA,NA,NA
"MiFish_0000212","None",NA,0,12,NA,NA,NA,NA,NA,NA,NA
"MiFish_0000213","None",NA,0,33,NA,NA,NA,NA,NA,NA,NA
"MiFish_0000214","None",NA,0,21,NA,NA,NA,NA,NA,NA,NA
"MiFish_0000215","531323","Anisotremus scapularis",0.982248520710059,4205,"Eukaryota","Chordata","Actinopteri","Lutjaniformes","Haemulidae","Anisotremus","Anisotremus scapularis"
"MiFish_0000216","None",NA,0,62411,NA,NA,NA,NA,NA,NA,NA
"MiFish_0000217","None",NA,0,4054,NA,NA,NA,NA,NA,NA,NA
"MiFish_0000218","334415","Haemulon plumierii",0.952662721893491,21313,"Eukaryota","Chordata","Actinopteri","Lutjaniformes","Haemulidae","Haemulon","Haemulon plumierii"
"MiFish_0000219","168377","Sphoeroides annulatus",0.994117647058824,25351,"Eukaryota","Chordata","Actinopteri","Tetraodontiformes","Tetraodontidae","Sphoeroides","Sphoeroides annulatus"
"MiFish_0000220","None",NA,0,154,NA,NA,NA,NA,NA,NA,NA
"MiFish_0000221","1167616","Epinephelus bontoides",0.970414201183432,2363,"Eukaryota","Chordata","Actinopteri","Perciformes","Serranidae","Epinephelus","Epinephelus bontoides"
"MiFish_0000222","48194","Mugil curema",1,24968,"Eukaryota","Chordata","Actinopteri","Mugiliformes","Mugilidae","Mugil","Mugil curema"
"MiFish_0000223","332418","Eucinostomus melanopterus",0.97093023255814,41840,"Eukaryota","Chordata","Actinopteri","Gerreiformes","Gerreidae","Eucinostomus","Eucinostomus melanopterus"
"MiFish_0000224","None",NA,0,8116,NA,NA,NA,NA,NA,NA,NA
"MiFish_0000225","None",NA,0,110,NA,NA,NA,NA,NA,NA,NA
"MiFish_0000226","None",NA,0,124,NA,NA,NA,NA,NA,NA,NA
"MiFish_0000227","173312","Caranx hippos",0.994082840236686,52,"Eukaryota","Chordata","Actinopteri","Carangiformes","Carangidae","Caranx","Caranx hippos"
"MiFish_0000228","None",NA,0,110,NA,NA,NA,NA,NA,NA,NA
"MiFish_0000229","1232744","Muraena lentiginosa",0.982248520710059,99,"Eukaryota","Chordata","Actinopteri","Anguilliformes","Muraenidae","Muraena","Muraena lentiginosa"
"MiFish_0000230","None",NA,0,1029,NA,NA,NA,NA,NA,NA,NA
"MiFish_0000231","None",NA,0,618,NA,NA,NA,NA,NA,NA,NA
"MiFish_0000232","None",NA,0,203,NA,NA,NA,NA,NA,NA,NA
"MiFish_0000233","None",NA,0,382,NA,NA,NA,NA,NA,NA,NA
"MiFish_0000234","398654","Pontinus macrocephalus",0.970238095238095,1250,"Eukaryota","Chordata","Actinopteri","Perciformes","Scorpaenidae","Pontinus","Pontinus macrocephalus"
"MiFish_0000235","168377","Sphoeroides annulatus",0.988235294117647,38,"Eukaryota","Chordata","Actinopteri","Tetraodontiformes","Tetraodontidae","Sphoeroides","Sphoeroides annulatus"
"MiFish_0000236","None",NA,0,884,NA,NA,NA,NA,NA,NA,NA
"MiFish_0000237","332418","Eucinostomus melanopterus",0.976744186046512,814,"Eukaryota","Chordata","Actinopteri","Gerreiformes","Gerreidae","Eucinostomus","Eucinostomus melanopterus"
"MiFish_0000238","None",NA,0,328,NA,NA,NA,NA,NA,NA,NA
"MiFish_0000239","48193","Mugil cephalus",0.994152046783626,656,"Eukaryota","Chordata","Actinopteri","Mugiliformes","Mugilidae","Mugil","Mugil cephalus"
"MiFish_0000240","None",NA,0,162,NA,NA,NA,NA,NA,NA,NA
"MiFish_0000241","None",NA,0,89,NA,NA,NA,NA,NA,NA,NA
"MiFish_0000242","48193","Mugil cephalus",0.953216374269006,10,"Eukaryota","Chordata","Actinopteri","Mugiliformes","Mugilidae","Mugil","Mugil cephalus"
"MiFish_0000243","None",NA,0,1332,NA,NA,NA,NA,NA,NA,NA
"MiFish_0000244","None",NA,0,333,NA,NA,NA,NA,NA,NA,NA
"MiFish_0000245","None",NA,0,100,NA,NA,NA,NA,NA,NA,NA
"MiFish_0000246","None",NA,0,64,NA,NA,NA,NA,NA,NA,NA
"MiFish_0000247","48193","Mugil cephalus",0.988304093567252,236,"Eukaryota","Chordata","Actinopteri","Mugiliformes","Mugilidae","Mugil","Mugil cephalus"
"MiFish_0000248","None",NA,0,21,NA,NA,NA,NA,NA,NA,NA
"MiFish_0000249","722433","Conodon nobilis",0.952662721893491,1326,"Eukaryota","Chordata","Actinopteri","Lutjaniformes","Haemulidae","Conodon","Conodon nobilis"
"MiFish_0000250","None",NA,0,194,NA,NA,NA,NA,NA,NA,NA
"MiFish_0000251","None",NA,0,948,NA,NA,NA,NA,NA,NA,NA
"MiFish_0000252","336262","Dorosoma cepedianum",0.954285714285714,552,"Eukaryota","Chordata","Actinopteri","Clupeiformes","Clupeidae","Dorosoma","Dorosoma cepedianum"
"MiFish_0000253","None",NA,0,34,NA,NA,NA,NA,NA,NA,NA
"MiFish_0000254","None",NA,0,12,NA,NA,NA,NA,NA,NA,NA
"MiFish_0000255","None",NA,0,31,NA,NA,NA,NA,NA,NA,NA
"MiFish_0000256","None",NA,0,24,NA,NA,NA,NA,NA,NA,NA
"MiFish_0000257","None",NA,0,27,NA,NA,NA,NA,NA,NA,NA
"MiFish_0000258","None",NA,0,11999,NA,NA,NA,NA,NA,NA,NA
"MiFish_0000259","1350520","Stegastes beebei",0.994285714285714,87,"Eukaryota","Chordata","Actinopteri",NA,"Pomacentridae","Stegastes","Stegastes beebei"
"MiFish_0000260","None",NA,0,82,NA,NA,NA,NA,NA,NA,NA
"MiFish_0000261","8158","Caranx",1,1315,"Eukaryota","Chordata","Actinopteri","Carangiformes","Carangidae","Caranx",NA
"MiFish_0000262","1350520","Stegastes beebei",1,5555,"Eukaryota","Chordata","Actinopteri",NA,"Pomacentridae","Stegastes","Stegastes beebei"
"MiFish_0000263","48193","Mugil cephalus",0.971098265895954,16,"Eukaryota","Chordata","Actinopteri","Mugiliformes","Mugilidae","Mugil","Mugil cephalus"
"MiFish_0000264","1229150","Mugil thoburni",0.994117647058824,862,"Eukaryota","Chordata","Actinopteri","Mugiliformes","Mugilidae","Mugil","Mugil thoburni"
"MiFish_0000265","1182146","Bodianus diplotaenia",1,2884,"Eukaryota","Chordata","Actinopteri","Labriformes","Labridae","Bodianus","Bodianus diplotaenia"
"MiFish_0000266","48194","Mugil curema",0.994117647058824,55,"Eukaryota","Chordata","Actinopteri","Mugiliformes","Mugilidae","Mugil","Mugil curema"
"MiFish_0000267","1229150","Mugil thoburni",0.994117647058824,518,"Eukaryota","Chordata","Actinopteri","Mugiliformes","Mugilidae","Mugil","Mugil thoburni"
"MiFish_0000268","None",NA,0,213,NA,NA,NA,NA,NA,NA,NA
"MiFish_0000269","None",NA,0,33,NA,NA,NA,NA,NA,NA,NA
"MiFish_0000270","None",NA,0,15,NA,NA,NA,NA,NA,NA,NA
"MiFish_0000271","8190","Mugil",0.958823529411765,114,"Eukaryota","Chordata","Actinopteri","Mugiliformes","Mugilidae","Mugil",NA
"MiFish_0000272","None",NA,0,454,NA,NA,NA,NA,NA,NA,NA
"MiFish_0000273","332418","Eucinostomus melanopterus",0.959302325581395,127,"Eukaryota","Chordata","Actinopteri","Gerreiformes","Gerreidae","Eucinostomus","Eucinostomus melanopterus"
"MiFish_0000274","None",NA,0,40,NA,NA,NA,NA,NA,NA,NA
"MiFish_0000275","242806","Scarus ghobban",1,5442,"Eukaryota","Chordata","Actinopteri","Labriformes","Labridae","Scarus","Scarus ghobban"
"MiFish_0000276","None",NA,0,45,NA,NA,NA,NA,NA,NA,NA
"MiFish_0000277","None",NA,0,203,NA,NA,NA,NA,NA,NA,NA
"MiFish_0000278","None",NA,0,216,NA,NA,NA,NA,NA,NA,NA
"MiFish_0000279","None",NA,0,21144,NA,NA,NA,NA,NA,NA,NA
"MiFish_0000280","None",NA,0,240,NA,NA,NA,NA,NA,NA,NA
"MiFish_0000281","168377","Sphoeroides annulatus",0.982456140350877,68,"Eukaryota","Chordata","Actinopteri","Tetraodontiformes","Tetraodontidae","Sphoeroides","Sphoeroides annulatus"
"MiFish_0000282","None",NA,0,450,NA,NA,NA,NA,NA,NA,NA
"MiFish_0000283","None",NA,0,170,NA,NA,NA,NA,NA,NA,NA
"MiFish_0000284","332418","Eucinostomus melanopterus",0.959302325581395,10,"Eukaryota","Chordata","Actinopteri","Gerreiformes","Gerreidae","Eucinostomus","Eucinostomus melanopterus"
"MiFish_0000285","48194","Mugil curema",0.988235294117647,36,"Eukaryota","Chordata","Actinopteri","Mugiliformes","Mugilidae","Mugil","Mugil curema"
"MiFish_0000286","None",NA,0,172,NA,NA,NA,NA,NA,NA,NA
"MiFish_0000287","None",NA,0,16,NA,NA,NA,NA,NA,NA,NA
"MiFish_0000288","None",NA,0,234,NA,NA,NA,NA,NA,NA,NA
"MiFish_0000289","None",NA,0,29,NA,NA,NA,NA,NA,NA,NA
"MiFish_0000290","None",NA,0,98,NA,NA,NA,NA,NA,NA,NA
"MiFish_0000291","None",NA,0,482,NA,NA,NA,NA,NA,NA,NA
"MiFish_0000292","None",NA,0,16,NA,NA,NA,NA,NA,NA,NA
"MiFish_0000293","None",NA,0,27,NA,NA,NA,NA,NA,NA,NA
"MiFish_0000294","None",NA,0,224,NA,NA,NA,NA,NA,NA,NA
"MiFish_0000295","398654","Pontinus macrocephalus",0.964285714285714,22,"Eukaryota","Chordata","Actinopteri","Perciformes","Scorpaenidae","Pontinus","Pontinus macrocephalus"
"MiFish_0000296","None",NA,0,250,NA,NA,NA,NA,NA,NA,NA
"MiFish_0000297","None",NA,0,201,NA,NA,NA,NA,NA,NA,NA
"MiFish_0000298","None",NA,0,319,NA,NA,NA,NA,NA,NA,NA
"MiFish_0000299","332418","Eucinostomus melanopterus",0.965116279069768,83,"Eukaryota","Chordata","Actinopteri","Gerreiformes","Gerreidae","Eucinostomus","Eucinostomus melanopterus"
"MiFish_0000300","None",NA,0,657,NA,NA,NA,NA,NA,NA,NA
"MiFish_0000301","None",NA,0,115,NA,NA,NA,NA,NA,NA,NA
"MiFish_0000302","None",NA,0,63,NA,NA,NA,NA,NA,NA,NA
"MiFish_0000303","None",NA,0,129,NA,NA,NA,NA,NA,NA,NA
"MiFish_0000304","48193","Mugil cephalus",0.988304093567252,552,"Eukaryota","Chordata","Actinopteri","Mugiliformes","Mugilidae","Mugil","Mugil cephalus"
"MiFish_0000305","168377","Sphoeroides annulatus",0.988235294117647,19,"Eukaryota","Chordata","Actinopteri","Tetraodontiformes","Tetraodontidae","Sphoeroides","Sphoeroides annulatus"
"MiFish_0000306","48194","Mugil curema",0.976608187134503,45,"Eukaryota","Chordata","Actinopteri","Mugiliformes","Mugilidae","Mugil","Mugil curema"
"MiFish_0000307","223142","Diodon",1,1955,"Eukaryota","Chordata","Actinopteri","Tetraodontiformes","Diodontidae","Diodon",NA
"MiFish_0000308","None",NA,0,344,NA,NA,NA,NA,NA,NA,NA
"MiFish_0000309","None",NA,0,20,NA,NA,NA,NA,NA,NA,NA
"MiFish_0000310","None",NA,0,92,NA,NA,NA,NA,NA,NA,NA
"MiFish_0000311","48194","Mugil curema",0.98235294117647,17,"Eukaryota","Chordata","Actinopteri","Mugiliformes","Mugilidae","Mugil","Mugil curema"
"MiFish_0000312","1229150","Mugil thoburni",0.958823529411765,87,"Eukaryota","Chordata","Actinopteri","Mugiliformes","Mugilidae","Mugil","Mugil thoburni"
"MiFish_0000313","48193","Mugil cephalus",0.97093023255814,29,"Eukaryota","Chordata","Actinopteri","Mugiliformes","Mugilidae","Mugil","Mugil cephalus"
"MiFish_0000314","48193","Mugil cephalus",0.988304093567252,21,"Eukaryota","Chordata","Actinopteri","Mugiliformes","Mugilidae","Mugil","Mugil cephalus"
"MiFish_0000315","None",NA,0,93,NA,NA,NA,NA,NA,NA,NA
"MiFish_0000316","48194","Mugil curema",0.994117647058824,31,"Eukaryota","Chordata","Actinopteri","Mugiliformes","Mugilidae","Mugil","Mugil curema"
"MiFish_0000317","168377","Sphoeroides annulatus",0.988235294117647,68,"Eukaryota","Chordata","Actinopteri","Tetraodontiformes","Tetraodontidae","Sphoeroides","Sphoeroides annulatus"
"MiFish_0000318","None",NA,0,73,NA,NA,NA,NA,NA,NA,NA
"MiFish_0000319","332418","Eucinostomus melanopterus",0.965116279069768,87,"Eukaryota","Chordata","Actinopteri","Gerreiformes","Gerreidae","Eucinostomus","Eucinostomus melanopterus"
"MiFish_0000320","332418","Eucinostomus melanopterus",0.965116279069768,61,"Eukaryota","Chordata","Actinopteri","Gerreiformes","Gerreidae","Eucinostomus","Eucinostomus melanopterus"
"MiFish_0000321","None",NA,0,178,NA,NA,NA,NA,NA,NA,NA
"MiFish_0000322","None",NA,0,121,NA,NA,NA,NA,NA,NA,NA
"MiFish_0000323","None",NA,0,19,NA,NA,NA,NA,NA,NA,NA
"MiFish_0000324","173309","Caranx crysos",0.988165680473373,264,"Eukaryota","Chordata","Actinopteri","Carangiformes","Carangidae","Caranx","Caranx crysos"
"MiFish_0000325","None",NA,0,112,NA,NA,NA,NA,NA,NA,NA
"MiFish_0000326","168377","Sphoeroides annulatus",0.988235294117647,250,"Eukaryota","Chordata","Actinopteri","Tetraodontiformes","Tetraodontidae","Sphoeroides","Sphoeroides annulatus"
"MiFish_0000327","None",NA,0,47,NA,NA,NA,NA,NA,NA,NA
"MiFish_0000328","None",NA,0,29,NA,NA,NA,NA,NA,NA,NA
"MiFish_0000329","153621","Mycteroperca bonaci",0.958579881656805,88,"Eukaryota","Chordata","Actinopteri","Perciformes","Serranidae","Mycteroperca","Mycteroperca bonaci"
"MiFish_0000330","None",NA,0,143,NA,NA,NA,NA,NA,NA,NA
"MiFish_0000331","48193","Mugil cephalus",0.994152046783626,586,"Eukaryota","Chordata","Actinopteri","Mugiliformes","Mugilidae","Mugil","Mugil cephalus"
"MiFish_0000332","None",NA,0,69,NA,NA,NA,NA,NA,NA,NA
"MiFish_0000333","None",NA,0,32,NA,NA,NA,NA,NA,NA,NA
"MiFish_0000334","1350519","Stegastes arcifrons",0.971590909090909,14,"Eukaryota","Chordata","Actinopteri",NA,"Pomacentridae","Stegastes","Stegastes arcifrons"
"MiFish_0000335","None",NA,0,17,NA,NA,NA,NA,NA,NA,NA
"MiFish_0000336","None",NA,0,10,NA,NA,NA,NA,NA,NA,NA
"MiFish_0000337","None",NA,0,214,NA,NA,NA,NA,NA,NA,NA
"MiFish_0000338","332418","Eucinostomus melanopterus",0.959302325581395,98,"Eukaryota","Chordata","Actinopteri","Gerreiformes","Gerreidae","Eucinostomus","Eucinostomus melanopterus"
"MiFish_0000339","168377","Sphoeroides annulatus",0.988235294117647,170,"Eukaryota","Chordata","Actinopteri","Tetraodontiformes","Tetraodontidae","Sphoeroides","Sphoeroides annulatus"
"MiFish_0000340","None",NA,0,16,NA,NA,NA,NA,NA,NA,NA
"MiFish_0000341","153621","Mycteroperca bonaci",0.952662721893491,10,"Eukaryota","Chordata","Actinopteri","Perciformes","Serranidae","Mycteroperca","Mycteroperca bonaci"
"MiFish_0000342","None",NA,0,20,NA,NA,NA,NA,NA,NA,NA
"MiFish_0000343","None",NA,0,1429,NA,NA,NA,NA,NA,NA,NA
"MiFish_0000344","None",NA,0,12,NA,NA,NA,NA,NA,NA,NA
"MiFish_0000345","211834","Lutjanus argentimaculatus",0.976331360946746,13,"Eukaryota","Chordata","Actinopteri","Lutjaniformes","Lutjanidae","Lutjanus","Lutjanus argentimaculatus"
"MiFish_0000346","168377","Sphoeroides annulatus",0.988235294117647,60,"Eukaryota","Chordata","Actinopteri","Tetraodontiformes","Tetraodontidae","Sphoeroides","Sphoeroides annulatus"
"MiFish_0000347","None",NA,0,20,NA,NA,NA,NA,NA,NA,NA
"MiFish_0000348","48194","Mugil curema",0.988235294117647,11,"Eukaryota","Chordata","Actinopteri","Mugiliformes","Mugilidae","Mugil","Mugil curema"
"MiFish_0000349","1232744","Muraena lentiginosa",0.976331360946746,164,"Eukaryota","Chordata","Actinopteri","Anguilliformes","Muraenidae","Muraena","Muraena lentiginosa"
"MiFish_0000350","29144","Chanos chanos",1,9976,"Eukaryota","Chordata","Actinopteri","Gonorynchiformes","Chanidae","Chanos","Chanos chanos"
"MiFish_0000351","1229150","Mugil thoburni",0.964912280701754,28,"Eukaryota","Chordata","Actinopteri","Mugiliformes","Mugilidae","Mugil","Mugil thoburni"
"MiFish_0000352","29144","Chanos chanos",0.994318181818182,18,"Eukaryota","Chordata","Actinopteri","Gonorynchiformes","Chanidae","Chanos","Chanos chanos"
"MiFish_0000353","1350520","Stegastes beebei",0.994285714285714,12,"Eukaryota","Chordata","Actinopteri",NA,"Pomacentridae","Stegastes","Stegastes beebei"
"MiFish_0000354","None",NA,0,13,NA,NA,NA,NA,NA,NA,NA
"MiFish_0000355","None",NA,0,95,NA,NA,NA,NA,NA,NA,NA
"MiFish_0000356","None",NA,0,65,NA,NA,NA,NA,NA,NA,NA
"MiFish_0000357","48194","Mugil curema",0.964705882352941,49,"Eukaryota","Chordata","Actinopteri","Mugiliformes","Mugilidae","Mugil","Mugil curema"
"MiFish_0000358","332418","Eucinostomus melanopterus",0.959302325581395,583,"Eukaryota","Chordata","Actinopteri","Gerreiformes","Gerreidae","Eucinostomus","Eucinostomus melanopterus"
"MiFish_0000359","None",NA,0,194,NA,NA,NA,NA,NA,NA,NA
"MiFish_0000360","None",NA,0,17,NA,NA,NA,NA,NA,NA,NA
"MiFish_0000361","48194","Mugil curema",0.994117647058824,68,"Eukaryota","Chordata","Actinopteri","Mugiliformes","Mugilidae","Mugil","Mugil curema"
"MiFish_0000362","1229150","Mugil thoburni",0.988235294117647,96,"Eukaryota","Chordata","Actinopteri","Mugiliformes","Mugilidae","Mugil","Mugil thoburni"
"MiFish_0000363","None",NA,0,21,NA,NA,NA,NA,NA,NA,NA
"MiFish_0000364","1229150","Mugil thoburni",0.982456140350877,12,"Eukaryota","Chordata","Actinopteri","Mugiliformes","Mugilidae","Mugil","Mugil thoburni"
"MiFish_0000365","None",NA,0,161,NA,NA,NA,NA,NA,NA,NA
"MiFish_0000366","48193","Mugil cephalus",0.959302325581395,23,"Eukaryota","Chordata","Actinopteri","Mugiliformes","Mugilidae","Mugil","Mugil cephalus"
"MiFish_0000367","48194","Mugil curema",0.958823529411765,41,"Eukaryota","Chordata","Actinopteri","Mugiliformes","Mugilidae","Mugil","Mugil curema"
"MiFish_0000368","None",NA,0,46,NA,NA,NA,NA,NA,NA,NA
"MiFish_0000369","332418","Eucinostomus melanopterus",0.965116279069768,85,"Eukaryota","Chordata","Actinopteri","Gerreiformes","Gerreidae","Eucinostomus","Eucinostomus melanopterus"
"MiFish_0000370","None",NA,0,335,NA,NA,NA,NA,NA,NA,NA
"MiFish_0000371","168377","Sphoeroides annulatus",0.988235294117647,23,"Eukaryota","Chordata","Actinopteri","Tetraodontiformes","Tetraodontidae","Sphoeroides","Sphoeroides annulatus"
"MiFish_0000372","None",NA,0,36,NA,NA,NA,NA,NA,NA,NA
"MiFish_0000373","48193","Mugil cephalus",0.994152046783626,161,"Eukaryota","Chordata","Actinopteri","Mugiliformes","Mugilidae","Mugil","Mugil cephalus"
"MiFish_0000374","None",NA,0,15,NA,NA,NA,NA,NA,NA,NA
"MiFish_0000375","None",NA,0,151,NA,NA,NA,NA,NA,NA,NA
"MiFish_0000376","None",NA,0,114,NA,NA,NA,NA,NA,NA,NA
"MiFish_0000377","None",NA,0,155,NA,NA,NA,NA,NA,NA,NA
"MiFish_0000378","None",NA,0,1034,NA,NA,NA,NA,NA,NA,NA
"MiFish_0000379","None",NA,0,127,NA,NA,NA,NA,NA,NA,NA
"MiFish_0000380","48193","Mugil cephalus",0.982456140350877,547,"Eukaryota","Chordata","Actinopteri","Mugiliformes","Mugilidae","Mugil","Mugil cephalus"
"MiFish_0000381","None",NA,0,23,NA,NA,NA,NA,NA,NA,NA
"MiFish_0000382","None",NA,0,314,NA,NA,NA,NA,NA,NA,NA
"MiFish_0000383","168377","Sphoeroides annulatus",0.98235294117647,39,"Eukaryota","Chordata","Actinopteri","Tetraodontiformes","Tetraodontidae","Sphoeroides","Sphoeroides annulatus"
"MiFish_0000384","None",NA,0,11,NA,NA,NA,NA,NA,NA,NA
"MiFish_0000385","None",NA,0,31,NA,NA,NA,NA,NA,NA,NA
"MiFish_0000386","None",NA,0,149,NA,NA,NA,NA,NA,NA,NA
"MiFish_0000387","168377","Sphoeroides annulatus",0.976608187134503,19,"Eukaryota","Chordata","Actinopteri","Tetraodontiformes","Tetraodontidae","Sphoeroides","Sphoeroides annulatus"
"MiFish_0000388","None",NA,0,147,NA,NA,NA,NA,NA,NA,NA
"MiFish_0000389","None",NA,0,13,NA,NA,NA,NA,NA,NA,NA
"MiFish_0000390","None",NA,0,102,NA,NA,NA,NA,NA,NA,NA
"MiFish_0000391","None",NA,0,45,NA,NA,NA,NA,NA,NA,NA
"MiFish_0000392","None",NA,0,169,NA,NA,NA,NA,NA,NA,NA
"MiFish_0000393","None",NA,0,12,NA,NA,NA,NA,NA,NA,NA
"MiFish_0000394","None",NA,0,80,NA,NA,NA,NA,NA,NA,NA
"MiFish_0000395","168377","Sphoeroides annulatus",0.988235294117647,59,"Eukaryota","Chordata","Actinopteri","Tetraodontiformes","Tetraodontidae","Sphoeroides","Sphoeroides annulatus"
"MiFish_0000396","None",NA,0,19,NA,NA,NA,NA,NA,NA,NA
"MiFish_0000397","None",NA,0,119,NA,NA,NA,NA,NA,NA,NA
"MiFish_0000398","None",NA,0,21,NA,NA,NA,NA,NA,NA,NA
"MiFish_0000399","None",NA,0,49,NA,NA,NA,NA,NA,NA,NA
"MiFish_0000400","None",NA,0,28,NA,NA,NA,NA,NA,NA,NA
"MiFish_0000401","None",NA,0,13,NA,NA,NA,NA,NA,NA,NA
"MiFish_0000402","332418","Eucinostomus melanopterus",0.953488372093023,36,"Eukaryota","Chordata","Actinopteri","Gerreiformes","Gerreidae","Eucinostomus","Eucinostomus melanopterus"
"MiFish_0000403","None",NA,0,176,NA,NA,NA,NA,NA,NA,NA
"MiFish_0000404","48194","Mugil curema",0.994117647058824,57,"Eukaryota","Chordata","Actinopteri","Mugiliformes","Mugilidae","Mugil","Mugil curema"
"MiFish_0000405","None",NA,0,12,NA,NA,NA,NA,NA,NA,NA
"MiFish_0000406","None",NA,0,67,NA,NA,NA,NA,NA,NA,NA
"MiFish_0000407","168377","Sphoeroides annulatus",0.988235294117647,126,"Eukaryota","Chordata","Actinopteri","Tetraodontiformes","Tetraodontidae","Sphoeroides","Sphoeroides annulatus"
"MiFish_0000408","None",NA,0,101,NA,NA,NA,NA,NA,NA,NA
"MiFish_0000409","None",NA,0,12,NA,NA,NA,NA,NA,NA,NA
"MiFish_0000410","None",NA,0,12,NA,NA,NA,NA,NA,NA,NA
"MiFish_0000411","48194","Mugil curema",0.994117647058824,59,"Eukaryota","Chordata","Actinopteri","Mugiliformes","Mugilidae","Mugil","Mugil curema"
"MiFish_0000412","48193","Mugil cephalus",0.994152046783626,409,"Eukaryota","Chordata","Actinopteri","Mugiliformes","Mugilidae","Mugil","Mugil cephalus"
"MiFish_0000413","8190","Mugil",0.994117647058824,1004,"Eukaryota","Chordata","Actinopteri","Mugiliformes","Mugilidae","Mugil",NA
"MiFish_0000414","168377","Sphoeroides annulatus",0.988235294117647,89,"Eukaryota","Chordata","Actinopteri","Tetraodontiformes","Tetraodontidae","Sphoeroides","Sphoeroides annulatus"
"MiFish_0000415","None",NA,0,19,NA,NA,NA,NA,NA,NA,NA
"MiFish_0000416","None",NA,0,13,NA,NA,NA,NA,NA,NA,NA
"MiFish_0000417","1167616","Epinephelus bontoides",0.964497041420118,51,"Eukaryota","Chordata","Actinopteri","Perciformes","Serranidae","Epinephelus","Epinephelus bontoides"
"MiFish_0000418","168377","Sphoeroides annulatus",0.988235294117647,63,"Eukaryota","Chordata","Actinopteri","Tetraodontiformes","Tetraodontidae","Sphoeroides","Sphoeroides annulatus"
"MiFish_0000419","None",NA,0,13,NA,NA,NA,NA,NA,NA,NA
"MiFish_0000420","None",NA,0,26,NA,NA,NA,NA,NA,NA,NA
"MiFish_0000421","1229150","Mugil thoburni",0.994117647058824,155,"Eukaryota","Chordata","Actinopteri","Mugiliformes","Mugilidae","Mugil","Mugil thoburni"
"MiFish_0000422","1229150","Mugil thoburni",0.98235294117647,19,"Eukaryota","Chordata","Actinopteri","Mugiliformes","Mugilidae","Mugil","Mugil thoburni"
"MiFish_0000423","1182146","Bodianus diplotaenia",0.994117647058824,15,"Eukaryota","Chordata","Actinopteri","Labriformes","Labridae","Bodianus","Bodianus diplotaenia"
"MiFish_0000424","1229150","Mugil thoburni",0.988235294117647,19,"Eukaryota","Chordata","Actinopteri","Mugiliformes","Mugilidae","Mugil","Mugil thoburni"
"MiFish_0000425","None",NA,0,42,NA,NA,NA,NA,NA,NA,NA
"MiFish_0000426","None",NA,0,72,NA,NA,NA,NA,NA,NA,NA
"MiFish_0000427","None",NA,0,380,NA,NA,NA,NA,NA,NA,NA
"MiFish_0000428","48193","Mugil cephalus",0.976608187134503,54,"Eukaryota","Chordata","Actinopteri","Mugiliformes","Mugilidae","Mugil","Mugil cephalus"
"MiFish_0000429","None",NA,0,24,NA,NA,NA,NA,NA,NA,NA
"MiFish_0000430","1350519","Stegastes arcifrons",0.994285714285714,239,"Eukaryota","Chordata","Actinopteri",NA,"Pomacentridae","Stegastes","Stegastes arcifrons"
"MiFish_0000431","None",NA,0,27,NA,NA,NA,NA,NA,NA,NA
"MiFish_0000432","29144","Chanos chanos",0.994318181818182,11,"Eukaryota","Chordata","Actinopteri","Gonorynchiformes","Chanidae","Chanos","Chanos chanos"
"MiFish_0000433","None",NA,0,46,NA,NA,NA,NA,NA,NA,NA
"MiFish_0000434","None",NA,0,10,NA,NA,NA,NA,NA,NA,NA
"MiFish_0000435","48194","Mugil curema",0.994117647058824,67,"Eukaryota","Chordata","Actinopteri","Mugiliformes","Mugilidae","Mugil","Mugil curema"
"MiFish_0000436","None",NA,0,18,NA,NA,NA,NA,NA,NA,NA
"MiFish_0000437","None",NA,0,2059,NA,NA,NA,NA,NA,NA,NA
"MiFish_0000438","1229150","Mugil thoburni",0.994117647058824,410,"Eukaryota","Chordata","Actinopteri","Mugiliformes","Mugilidae","Mugil","Mugil thoburni"
"MiFish_0000439","None",NA,0,18,NA,NA,NA,NA,NA,NA,NA
"MiFish_0000440","None",NA,0,58,NA,NA,NA,NA,NA,NA,NA
"MiFish_0000441","None",NA,0,22,NA,NA,NA,NA,NA,NA,NA
"MiFish_0000442","None",NA,0,87,NA,NA,NA,NA,NA,NA,NA
"MiFish_0000443","None",NA,0,18,NA,NA,NA,NA,NA,NA,NA
"MiFish_0000444","None",NA,0,10,NA,NA,NA,NA,NA,NA,NA
"MiFish_0000445","48193","Mugil cephalus",0.982558139534884,29,"Eukaryota","Chordata","Actinopteri","Mugiliformes","Mugilidae","Mugil","Mugil cephalus"
"MiFish_0000446","168377","Sphoeroides annulatus",0.988235294117647,49,"Eukaryota","Chordata","Actinopteri","Tetraodontiformes","Tetraodontidae","Sphoeroides","Sphoeroides annulatus"
"MiFish_0000447","1229150","Mugil thoburni",0.98235294117647,317,"Eukaryota","Chordata","Actinopteri","Mugiliformes","Mugilidae","Mugil","Mugil thoburni"
"MiFish_0000448","None",NA,0,157,NA,NA,NA,NA,NA,NA,NA
"MiFish_0000449","None",NA,0,194,NA,NA,NA,NA,NA,NA,NA
"MiFish_0000450","223142","Diodon",0.994082840236686,11,"Eukaryota","Chordata","Actinopteri","Tetraodontiformes","Diodontidae","Diodon",NA
"MiFish_0000451","40493","Lutjanus",0.952941176470588,17,"Eukaryota","Chordata","Actinopteri","Lutjaniformes","Lutjanidae","Lutjanus",NA
"MiFish_0000452","48193","Mugil cephalus",0.994152046783626,112,"Eukaryota","Chordata","Actinopteri","Mugiliformes","Mugilidae","Mugil","Mugil cephalus"
"MiFish_0000453","168377","Sphoeroides annulatus",0.988235294117647,12,"Eukaryota","Chordata","Actinopteri","Tetraodontiformes","Tetraodontidae","Sphoeroides","Sphoeroides annulatus"
"MiFish_0000454","None",NA,0,383,NA,NA,NA,NA,NA,NA,NA
"MiFish_0000455","None",NA,0,37,NA,NA,NA,NA,NA,NA,NA
"MiFish_0000456","1350519","Stegastes arcifrons",0.994285714285714,127,"Eukaryota","Chordata","Actinopteri",NA,"Pomacentridae","Stegastes","Stegastes arcifrons"
"MiFish_0000457","None",NA,0,387,NA,NA,NA,NA,NA,NA,NA
"MiFish_0000458","None",NA,0,13,NA,NA,NA,NA,NA,NA,NA
"MiFish_0000459","None",NA,0,29,NA,NA,NA,NA,NA,NA,NA
"MiFish_0000460","None",NA,0,54,NA,NA,NA,NA,NA,NA,NA
"MiFish_0000461","None",NA,0,33,NA,NA,NA,NA,NA,NA,NA
"MiFish_0000462","None",NA,0,305,NA,NA,NA,NA,NA,NA,NA
"MiFish_0000463","None",NA,0,27,NA,NA,NA,NA,NA,NA,NA
"MiFish_0000464","None",NA,0,13,NA,NA,NA,NA,NA,NA,NA
"MiFish_0000465","48193","Mugil cephalus",0.994152046783626,279,"Eukaryota","Chordata","Actinopteri","Mugiliformes","Mugilidae","Mugil","Mugil cephalus"
"MiFish_0000466","48193","Mugil cephalus",0.994152046783626,493,"Eukaryota","Chordata","Actinopteri","Mugiliformes","Mugilidae","Mugil","Mugil cephalus"
"MiFish_0000467","None",NA,0,17,NA,NA,NA,NA,NA,NA,NA
"MiFish_0000468","1350519","Stegastes arcifrons",0.994285714285714,83,"Eukaryota","Chordata","Actinopteri",NA,"Pomacentridae","Stegastes","Stegastes arcifrons"
"MiFish_0000469","None",NA,0,36,NA,NA,NA,NA,NA,NA,NA
"MiFish_0000470","None",NA,0,26,NA,NA,NA,NA,NA,NA,NA
"MiFish_0000471","None",NA,0,15,NA,NA,NA,NA,NA,NA,NA
"MiFish_0000472","8190","Mugil",0.964705882352941,10,"Eukaryota","Chordata","Actinopteri","Mugiliformes","Mugilidae","Mugil",NA
"MiFish_0000473","168377","Sphoeroides annulatus",0.964912280701754,13,"Eukaryota","Chordata","Actinopteri","Tetraodontiformes","Tetraodontidae","Sphoeroides","Sphoeroides annulatus"
"MiFish_0000474","None",NA,0,14,NA,NA,NA,NA,NA,NA,NA
"MiFish_0000475","None",NA,0,61,NA,NA,NA,NA,NA,NA,NA
"MiFish_0000476","48193","Mugil cephalus",0.994152046783626,222,"Eukaryota","Chordata","Actinopteri","Mugiliformes","Mugilidae","Mugil","Mugil cephalus"
"MiFish_0000477","None",NA,0,30,NA,NA,NA,NA,NA,NA,NA
"MiFish_0000478","722560","Archosargus rhomboidalis",0.964705882352941,60,"Eukaryota","Chordata","Actinopteri","Spariformes","Sparidae","Archosargus","Archosargus rhomboidalis"
"MiFish_0000479","168377","Sphoeroides annulatus",0.988235294117647,30,"Eukaryota","Chordata","Actinopteri","Tetraodontiformes","Tetraodontidae","Sphoeroides","Sphoeroides annulatus"
"MiFish_0000480","None",NA,0,14,NA,NA,NA,NA,NA,NA,NA
"MiFish_0000481","None",NA,0,14,NA,NA,NA,NA,NA,NA,NA
"MiFish_0000482","None",NA,0,27,NA,NA,NA,NA,NA,NA,NA
"MiFish_0000483","None",NA,0,96,NA,NA,NA,NA,NA,NA,NA
"MiFish_0000484","None",NA,0,40,NA,NA,NA,NA,NA,NA,NA
"MiFish_0000485","None",NA,0,111,NA,NA,NA,NA,NA,NA,NA
"MiFish_0000486","None",NA,0,25,NA,NA,NA,NA,NA,NA,NA
"MiFish_0000487","29144","Chanos chanos",0.994318181818182,13,"Eukaryota","Chordata","Actinopteri","Gonorynchiformes","Chanidae","Chanos","Chanos chanos"
"MiFish_0000488","1167616","Epinephelus bontoides",0.964497041420118,176,"Eukaryota","Chordata","Actinopteri","Perciformes","Serranidae","Epinephelus","Epinephelus bontoides"
"MiFish_0000489","48193","Mugil cephalus",0.953216374269006,40,"Eukaryota","Chordata","Actinopteri","Mugiliformes","Mugilidae","Mugil","Mugil cephalus"
"MiFish_0000490","48193","Mugil cephalus",0.994152046783626,403,"Eukaryota","Chordata","Actinopteri","Mugiliformes","Mugilidae","Mugil","Mugil cephalus"
"MiFish_0000491","168377","Sphoeroides annulatus",0.988235294117647,73,"Eukaryota","Chordata","Actinopteri","Tetraodontiformes","Tetraodontidae","Sphoeroides","Sphoeroides annulatus"
"MiFish_0000492","None",NA,0,12672,NA,NA,NA,NA,NA,NA,NA
"MiFish_0000493","168377","Sphoeroides annulatus",0.982456140350877,13,"Eukaryota","Chordata","Actinopteri","Tetraodontiformes","Tetraodontidae","Sphoeroides","Sphoeroides annulatus"
"MiFish_0000494","None",NA,0,36,NA,NA,NA,NA,NA,NA,NA
"MiFish_0000495","48193","Mugil cephalus",0.954022988505747,13,"Eukaryota","Chordata","Actinopteri","Mugiliformes","Mugilidae","Mugil","Mugil cephalus"
"MiFish_0000496","None",NA,0,386,NA,NA,NA,NA,NA,NA,NA
"MiFish_0000497","None",NA,0,32,NA,NA,NA,NA,NA,NA,NA
"MiFish_0000498","None",NA,0,31,NA,NA,NA,NA,NA,NA,NA
"MiFish_0000499","48193","Mugil cephalus",0.982456140350877,13,"Eukaryota","Chordata","Actinopteri","Mugiliformes","Mugilidae","Mugil","Mugil cephalus"
"MiFish_0000500","None",NA,0,12,NA,NA,NA,NA,NA,NA,NA
"MiFish_0000501","173312","Caranx hippos",1,7206,"Eukaryota","Chordata","Actinopteri","Carangiformes","Carangidae","Caranx","Caranx hippos"
"MiFish_0000502","168377","Sphoeroides annulatus",0.988235294117647,38,"Eukaryota","Chordata","Actinopteri","Tetraodontiformes","Tetraodontidae","Sphoeroides","Sphoeroides annulatus"
"MiFish_0000503","882189","Sufflamen verres",0.994252873563218,448,"Eukaryota","Chordata","Actinopteri","Tetraodontiformes","Balistidae","Sufflamen","Sufflamen verres"
"MiFish_0000504","None",NA,0,41,NA,NA,NA,NA,NA,NA,NA
"MiFish_0000505","317475","Halichoeres dispilus",0.976047904191617,4949,"Eukaryota","Chordata","Actinopteri","Labriformes","Labridae","Halichoeres","Halichoeres dispilus"
"MiFish_0000506","None",NA,0,10,NA,NA,NA,NA,NA,NA,NA
"MiFish_0000507","482919","Orthopristis chrysoptera",0.976331360946746,11,"Eukaryota","Chordata","Actinopteri","Lutjaniformes","Haemulidae","Orthopristis","Orthopristis chrysoptera"
"MiFish_0000508","None",NA,0,795,NA,NA,NA,NA,NA,NA,NA
"MiFish_0000509","327774","Hyporthodus octofasciatus",0.976331360946746,192,"Eukaryota","Chordata","Actinopteri","Perciformes","Serranidae","Hyporthodus","Hyporthodus octofasciatus"
"MiFish_0000510","None",NA,0,188,NA,NA,NA,NA,NA,NA,NA
"MiFish_0000511","None",NA,0,13,NA,NA,NA,NA,NA,NA,NA
"MiFish_0000512","None",NA,0,14,NA,NA,NA,NA,NA,NA,NA
"MiFish_0000513","40493","Lutjanus",0.982248520710059,53,"Eukaryota","Chordata","Actinopteri","Lutjaniformes","Lutjanidae","Lutjanus",NA
"MiFish_0000514","168377","Sphoeroides annulatus",0.976608187134503,13,"Eukaryota","Chordata","Actinopteri","Tetraodontiformes","Tetraodontidae","Sphoeroides","Sphoeroides annulatus"
"MiFish_0000515","None",NA,0,12,NA,NA,NA,NA,NA,NA,NA
"MiFish_0000516","48194","Mugil curema",0.994117647058824,64,"Eukaryota","Chordata","Actinopteri","Mugiliformes","Mugilidae","Mugil","Mugil curema"
"MiFish_0000517","722560","Archosargus rhomboidalis",0.964705882352941,27,"Eukaryota","Chordata","Actinopteri","Spariformes","Sparidae","Archosargus","Archosargus rhomboidalis"
"MiFish_0000518","None",NA,0,10,NA,NA,NA,NA,NA,NA,NA
"MiFish_0000519","531323","Anisotremus scapularis",0.976331360946746,12,"Eukaryota","Chordata","Actinopteri","Lutjaniformes","Haemulidae","Anisotremus","Anisotremus scapularis"
"MiFish_0000520","1229150","Mugil thoburni",0.970588235294118,182,"Eukaryota","Chordata","Actinopteri","Mugiliformes","Mugilidae","Mugil","Mugil thoburni"
"MiFish_0000521","None",NA,0,10,NA,NA,NA,NA,NA,NA,NA
"MiFish_0000522","None",NA,0,16,NA,NA,NA,NA,NA,NA,NA
"MiFish_0000523","None",NA,0,201,NA,NA,NA,NA,NA,NA,NA
"MiFish_0000524","None",NA,0,22,NA,NA,NA,NA,NA,NA,NA
"MiFish_0000525","None",NA,0,115,NA,NA,NA,NA,NA,NA,NA
"MiFish_0000526","None",NA,0,12,NA,NA,NA,NA,NA,NA,NA
"MiFish_0000527","None",NA,0,40,NA,NA,NA,NA,NA,NA,NA
"MiFish_0000528","None",NA,0,82,NA,NA,NA,NA,NA,NA,NA
"MiFish_0000529","None",NA,0,31,NA,NA,NA,NA,NA,NA,NA
"MiFish_0000530","None",NA,0,86,NA,NA,NA,NA,NA,NA,NA
"MiFish_0000531","None",NA,0,83,NA,NA,NA,NA,NA,NA,NA
"MiFish_0000532","None",NA,0,24,NA,NA,NA,NA,NA,NA,NA
"MiFish_0000533","168377","Sphoeroides annulatus",0.988235294117647,20,"Eukaryota","Chordata","Actinopteri","Tetraodontiformes","Tetraodontidae","Sphoeroides","Sphoeroides annulatus"
"MiFish_0000534","None",NA,0,36,NA,NA,NA,NA,NA,NA,NA
"MiFish_0000535","332418","Eucinostomus melanopterus",0.965116279069768,15,"Eukaryota","Chordata","Actinopteri","Gerreiformes","Gerreidae","Eucinostomus","Eucinostomus melanopterus"
"MiFish_0000536","None",NA,0,17,NA,NA,NA,NA,NA,NA,NA
"MiFish_0000537","None",NA,0,12,NA,NA,NA,NA,NA,NA,NA
"MiFish_0000538","None",NA,0,10,NA,NA,NA,NA,NA,NA,NA
"MiFish_0000539","None",NA,0,17,NA,NA,NA,NA,NA,NA,NA
"MiFish_0000540","None",NA,0,1698,NA,NA,NA,NA,NA,NA,NA
"MiFish_0000541","223142","Diodon",0.994082840236686,15,"Eukaryota","Chordata","Actinopteri","Tetraodontiformes","Diodontidae","Diodon",NA
"MiFish_0000542","1229150","Mugil thoburni",0.994117647058824,422,"Eukaryota","Chordata","Actinopteri","Mugiliformes","Mugilidae","Mugil","Mugil thoburni"
"MiFish_0000543","None",NA,0,48,NA,NA,NA,NA,NA,NA,NA
"MiFish_0000544","None",NA,0,53,NA,NA,NA,NA,NA,NA,NA
"MiFish_0000545","1350519","Stegastes arcifrons",0.982954545454545,21,"Eukaryota","Chordata","Actinopteri",NA,"Pomacentridae","Stegastes","Stegastes arcifrons"
"MiFish_0000546","None",NA,0,33,NA,NA,NA,NA,NA,NA,NA
"MiFish_0000547","48193","Mugil cephalus",0.970760233918129,151,"Eukaryota","Chordata","Actinopteri","Mugiliformes","Mugilidae","Mugil","Mugil cephalus"
"MiFish_0000548","None",NA,0,21,NA,NA,NA,NA,NA,NA,NA
"MiFish_0000549","None",NA,0,16,NA,NA,NA,NA,NA,NA,NA
"MiFish_0000550","1229150","Mugil thoburni",0.95906432748538,10,"Eukaryota","Chordata","Actinopteri","Mugiliformes","Mugilidae","Mugil","Mugil thoburni"
"MiFish_0000551","515216","Bathygobius fuscus",0.952941176470588,182,"Eukaryota","Chordata","Actinopteri","Gobiiformes","Gobiidae","Bathygobius","Bathygobius fuscus"
"MiFish_0000552","None",NA,0,45,NA,NA,NA,NA,NA,NA,NA
"MiFish_0000553","None",NA,0,16,NA,NA,NA,NA,NA,NA,NA
"MiFish_0000554","None",NA,0,51,NA,NA,NA,NA,NA,NA,NA
"MiFish_0000555","29144","Chanos chanos",0.994318181818182,30,"Eukaryota","Chordata","Actinopteri","Gonorynchiformes","Chanidae","Chanos","Chanos chanos"
"MiFish_0000556","531323","Anisotremus scapularis",0.976331360946746,17,"Eukaryota","Chordata","Actinopteri","Lutjaniformes","Haemulidae","Anisotremus","Anisotremus scapularis"
"MiFish_0000557","531323","Anisotremus scapularis",0.976331360946746,10,"Eukaryota","Chordata","Actinopteri","Lutjaniformes","Haemulidae","Anisotremus","Anisotremus scapularis"
"MiFish_0000558","215343","Fistularia commersonii",0.994082840236686,637,"Eukaryota","Chordata","Actinopteri","Syngnathiformes","Fistulariidae","Fistularia","Fistularia commersonii"
"MiFish_0000559","None",NA,0,88,NA,NA,NA,NA,NA,NA,NA
"MiFish_0000560","75035","Prionurus",0.98235294117647,13329,"Eukaryota","Chordata","Actinopteri","Acanthuriformes","Acanthuridae","Prionurus",NA
"MiFish_0000561","75035","Prionurus",0.988235294117647,6565,"Eukaryota","Chordata","Actinopteri","Acanthuriformes","Acanthuridae","Prionurus",NA
"MiFish_0000562","28380","Sardinops",0.994219653179191,731,"Eukaryota","Chordata","Actinopteri","Clupeiformes","Clupeidae","Sardinops",NA
"MiFish_0000563","8228","Euthynnus alletteratus",1,85,"Eukaryota","Chordata","Actinopteri","Scombriformes","Scombridae","Euthynnus","Euthynnus alletteratus"
"MiFish_0000564","47699","Myripristis",0.965116279069768,418,"Eukaryota","Chordata","Actinopteri","Holocentriformes","Holocentridae","Myripristis",NA
"MiFish_0000565","None",NA,0,433,NA,NA,NA,NA,NA,NA,NA
"MiFish_0000566","None",NA,0,55,NA,NA,NA,NA,NA,NA,NA
"MiFish_0000567","2012922","Hyporhamphus yuri",0.994082840236686,336,"Eukaryota","Chordata","Actinopteri","Beloniformes","Hemiramphidae","Hyporhamphus","Hyporhamphus yuri"
"MiFish_0000568","270541","Vinciguerria nimbaria",0.958083832335329,791,"Eukaryota","Chordata","Actinopteri","Stomiiformes","Phosichthyidae","Vinciguerria","Vinciguerria nimbaria"
"MiFish_0000569","None",NA,0,26,NA,NA,NA,NA,NA,NA,NA
"MiFish_0000570","None",NA,0,327,NA,NA,NA,NA,NA,NA,NA
"MiFish_0000571","334913","Cephalopholis sexmaculata",0.952662721893491,3333,"Eukaryota","Chordata","Actinopteri","Perciformes","Serranidae","Cephalopholis","Cephalopholis sexmaculata"
"MiFish_0000572","36216","Abudefduf taurus",1,3115,"Eukaryota","Chordata","Actinopteri",NA,"Pomacentridae","Abudefduf","Abudefduf taurus"
"MiFish_0000573","None",NA,0,30,NA,NA,NA,NA,NA,NA,NA
"MiFish_0000574","None",NA,0,923,NA,NA,NA,NA,NA,NA,NA
"MiFish_0000575","75035","Prionurus",0.98235294117647,170,"Eukaryota","Chordata","Actinopteri","Acanthuriformes","Acanthuridae","Prionurus",NA
"MiFish_0000576","75035","Prionurus",0.994117647058824,240,"Eukaryota","Chordata","Actinopteri","Acanthuriformes","Acanthuridae","Prionurus",NA
"MiFish_0000577","8234","Thunnus",0.994047619047619,13,"Eukaryota","Chordata","Actinopteri","Scombriformes","Scombridae","Thunnus",NA
"MiFish_0000578","242806","Scarus ghobban",0.994186046511628,10,"Eukaryota","Chordata","Actinopteri","Labriformes","Labridae","Scarus","Scarus ghobban"
"MiFish_0000579","None",NA,0,311,NA,NA,NA,NA,NA,NA,NA
"MiFish_0000580","None",NA,0,70,NA,NA,NA,NA,NA,NA,NA
"MiFish_0000581","8234","Thunnus",0.988165680473373,12,"Eukaryota","Chordata","Actinopteri","Scombriformes","Scombridae","Thunnus",NA
"MiFish_0000582","None",NA,0,15,NA,NA,NA,NA,NA,NA,NA
"MiFish_0000583","None",NA,0,16,NA,NA,NA,NA,NA,NA,NA
"MiFish_0000584","1489872","Percomorphaceae",0.988165680473373,14,"Eukaryota","Chordata","Actinopteri",NA,NA,NA,NA
"MiFish_0000585","1350519","Stegastes arcifrons",0.965909090909091,18,"Eukaryota","Chordata","Actinopteri",NA,"Pomacentridae","Stegastes","Stegastes arcifrons"
"MiFish_0000586","None",NA,0,9457,NA,NA,NA,NA,NA,NA,NA
"MiFish_0000587","1350519","Stegastes arcifrons",0.994285714285714,109,"Eukaryota","Chordata","Actinopteri",NA,"Pomacentridae","Stegastes","Stegastes arcifrons"
"MiFish_0000588","75035","Prionurus",0.98235294117647,15,"Eukaryota","Chordata","Actinopteri","Acanthuriformes","Acanthuridae","Prionurus",NA
"MiFish_0000589","36213","Abudefduf",0.970414201183432,36,"Eukaryota","Chordata","Actinopteri",NA,"Pomacentridae","Abudefduf",NA
"MiFish_0000590","75035","Prionurus",0.98235294117647,15,"Eukaryota","Chordata","Actinopteri","Acanthuriformes","Acanthuridae","Prionurus",NA
"MiFish_0000591","1350519","Stegastes arcifrons",0.994285714285714,104,"Eukaryota","Chordata","Actinopteri",NA,"Pomacentridae","Stegastes","Stegastes arcifrons"
"MiFish_0000592","75035","Prionurus",0.976470588235294,19,"Eukaryota","Chordata","Actinopteri","Acanthuriformes","Acanthuridae","Prionurus",NA
"MiFish_0000593","75035","Prionurus",0.976470588235294,31,"Eukaryota","Chordata","Actinopteri","Acanthuriformes","Acanthuridae","Prionurus",NA
"MiFish_0000594","None",NA,0,59,NA,NA,NA,NA,NA,NA,NA
"MiFish_0000595","36213","Abudefduf",0.994082840236686,276,"Eukaryota","Chordata","Actinopteri",NA,"Pomacentridae","Abudefduf",NA
"MiFish_0000596","None",NA,0,16,NA,NA,NA,NA,NA,NA,NA
"MiFish_0000597","None",NA,0,28,NA,NA,NA,NA,NA,NA,NA
"MiFish_0000598","48193","Mugil cephalus",0.982456140350877,23,"Eukaryota","Chordata","Actinopteri","Mugiliformes","Mugilidae","Mugil","Mugil cephalus"
"MiFish_0000599","8234","Thunnus",0.994047619047619,13,"Eukaryota","Chordata","Actinopteri","Scombriformes","Scombridae","Thunnus",NA
"MiFish_0000600","1350519","Stegastes arcifrons",0.994285714285714,137,"Eukaryota","Chordata","Actinopteri",NA,"Pomacentridae","Stegastes","Stegastes arcifrons"
"MiFish_0000601","646011","Abudefduf hoefleri",1,80,"Eukaryota","Chordata","Actinopteri",NA,"Pomacentridae","Abudefduf","Abudefduf hoefleri"
"MiFish_0000602","1489872","Percomorphaceae",0.994047619047619,16,"Eukaryota","Chordata","Actinopteri",NA,NA,NA,NA
"MiFish_0000603","None",NA,0,23,NA,NA,NA,NA,NA,NA,NA
"MiFish_0000604","1350519","Stegastes arcifrons",0.994285714285714,86,"Eukaryota","Chordata","Actinopteri",NA,"Pomacentridae","Stegastes","Stegastes arcifrons"
"MiFish_0000605","215343","Fistularia commersonii",1,504,"Eukaryota","Chordata","Actinopteri","Syngnathiformes","Fistulariidae","Fistularia","Fistularia commersonii"
"MiFish_0000606","None",NA,0,177,NA,NA,NA,NA,NA,NA,NA
"MiFish_0000607","1489872","Percomorphaceae",0.994047619047619,29,"Eukaryota","Chordata","Actinopteri",NA,NA,NA,NA
"MiFish_0000608","270541","Vinciguerria nimbaria",0.964071856287425,17,"Eukaryota","Chordata","Actinopteri","Stomiiformes","Phosichthyidae","Vinciguerria","Vinciguerria nimbaria"
"MiFish_0000609","36213","Abudefduf",0.994082840236686,27,"Eukaryota","Chordata","Actinopteri",NA,"Pomacentridae","Abudefduf",NA
"MiFish_0000610","75035","Prionurus",0.976470588235294,31,"Eukaryota","Chordata","Actinopteri","Acanthuriformes","Acanthuridae","Prionurus",NA
"MiFish_0000611","75035","Prionurus",0.976470588235294,76,"Eukaryota","Chordata","Actinopteri","Acanthuriformes","Acanthuridae","Prionurus",NA
"MiFish_0000612","None",NA,0,14,NA,NA,NA,NA,NA,NA,NA
"MiFish_0000613","293908","Cheilopogon",1,14,"Eukaryota","Chordata","Actinopteri","Beloniformes","Exocoetidae","Cheilopogon",NA
"MiFish_0000614","75035","Prionurus",0.98235294117647,726,"Eukaryota","Chordata","Actinopteri","Acanthuriformes","Acanthuridae","Prionurus",NA
"MiFish_0000615","2012922","Hyporhamphus yuri",0.994082840236686,50,"Eukaryota","Chordata","Actinopteri","Beloniformes","Hemiramphidae","Hyporhamphus","Hyporhamphus yuri"
"MiFish_0000616","None",NA,0,603,NA,NA,NA,NA,NA,NA,NA
"MiFish_0000617","30870","Sciaenidae",0.952380952380952,503,"Eukaryota","Chordata","Actinopteri",NA,"Sciaenidae",NA,NA
"MiFish_0000618","None",NA,0,629,NA,NA,NA,NA,NA,NA,NA
"MiFish_0000619","75035","Prionurus",0.976608187134503,73,"Eukaryota","Chordata","Actinopteri","Acanthuriformes","Acanthuridae","Prionurus",NA
"MiFish_0000620","146143","Decapterus macarellus",1,34,"Eukaryota","Chordata","Actinopteri","Carangiformes","Carangidae","Decapterus","Decapterus macarellus"
"MiFish_0000621","175437","Prionurus laticlavius",1,614,"Eukaryota","Chordata","Actinopteri","Acanthuriformes","Acanthuridae","Prionurus","Prionurus laticlavius"
"MiFish_0000622","2012922","Hyporhamphus yuri",1,2106,"Eukaryota","Chordata","Actinopteri","Beloniformes","Hemiramphidae","Hyporhamphus","Hyporhamphus yuri"
"MiFish_0000623","143332","Exocoetus volitans",1,219,"Eukaryota","Chordata","Actinopteri","Beloniformes","Exocoetidae","Exocoetus","Exocoetus volitans"
"MiFish_0000624","1350519","Stegastes arcifrons",0.994285714285714,115,"Eukaryota","Chordata","Actinopteri",NA,"Pomacentridae","Stegastes","Stegastes arcifrons"
"MiFish_0000625","None",NA,0,64,NA,NA,NA,NA,NA,NA,NA
"MiFish_0000626","1182146","Bodianus diplotaenia",0.994117647058824,2260,"Eukaryota","Chordata","Actinopteri","Labriformes","Labridae","Bodianus","Bodianus diplotaenia"
"MiFish_0000627","1350519","Stegastes arcifrons",0.994285714285714,54,"Eukaryota","Chordata","Actinopteri",NA,"Pomacentridae","Stegastes","Stegastes arcifrons"
"MiFish_0000628","None",NA,0,10,NA,NA,NA,NA,NA,NA,NA
"MiFish_0000629","1350519","Stegastes arcifrons",0.988636363636364,14,"Eukaryota","Chordata","Actinopteri",NA,"Pomacentridae","Stegastes","Stegastes arcifrons"
"MiFish_0000630","36213","Abudefduf",0.994082840236686,37,"Eukaryota","Chordata","Actinopteri",NA,"Pomacentridae","Abudefduf",NA
"MiFish_0000631","1182146","Bodianus diplotaenia",0.994117647058824,26,"Eukaryota","Chordata","Actinopteri","Labriformes","Labridae","Bodianus","Bodianus diplotaenia"
"MiFish_0000632","75035","Prionurus",0.98235294117647,19,"Eukaryota","Chordata","Actinopteri","Acanthuriformes","Acanthuridae","Prionurus",NA
"MiFish_0000633","75035","Prionurus",0.958823529411765,11,"Eukaryota","Chordata","Actinopteri","Acanthuriformes","Acanthuridae","Prionurus",NA
"MiFish_0000634","1167616","Epinephelus bontoides",0.964497041420118,11,"Eukaryota","Chordata","Actinopteri","Perciformes","Serranidae","Epinephelus","Epinephelus bontoides"
"MiFish_0000635","None",NA,0,10,NA,NA,NA,NA,NA,NA,NA
"MiFish_0000636","1350519","Stegastes arcifrons",0.994285714285714,23,"Eukaryota","Chordata","Actinopteri",NA,"Pomacentridae","Stegastes","Stegastes arcifrons"
"MiFish_0000637","36213","Abudefduf",0.994082840236686,16,"Eukaryota","Chordata","Actinopteri",NA,"Pomacentridae","Abudefduf",NA
"MiFish_0000638","75035","Prionurus",0.976470588235294,29,"Eukaryota","Chordata","Actinopteri","Acanthuriformes","Acanthuridae","Prionurus",NA
"MiFish_0000639","None",NA,0,21,NA,NA,NA,NA,NA,NA,NA
"MiFish_0000640","36213","Abudefduf",0.994082840236686,31,"Eukaryota","Chordata","Actinopteri",NA,"Pomacentridae","Abudefduf",NA
"MiFish_0000641","None",NA,0,10,NA,NA,NA,NA,NA,NA,NA
"MiFish_0000642","1350519","Stegastes arcifrons",0.994285714285714,71,"Eukaryota","Chordata","Actinopteri",NA,"Pomacentridae","Stegastes","Stegastes arcifrons"
"MiFish_0000643","None",NA,0,96,NA,NA,NA,NA,NA,NA,NA
"MiFish_0000644","242806","Scarus ghobban",0.994186046511628,16,"Eukaryota","Chordata","Actinopteri","Labriformes","Labridae","Scarus","Scarus ghobban"
"MiFish_0000645","1350519","Stegastes arcifrons",0.977272727272727,14,"Eukaryota","Chordata","Actinopteri",NA,"Pomacentridae","Stegastes","Stegastes arcifrons"
"MiFish_0000646","None",NA,0,33,NA,NA,NA,NA,NA,NA,NA
"MiFish_0000647","None",NA,0,231,NA,NA,NA,NA,NA,NA,NA
"MiFish_0000648","None",NA,0,10,NA,NA,NA,NA,NA,NA,NA
"MiFish_0000649","None",NA,0,12,NA,NA,NA,NA,NA,NA,NA
"MiFish_0000650","7806","Carcharhinus",1,2401,"Eukaryota","Chordata","Chondrichthyes","Carcharhiniformes","Carcharhinidae","Carcharhinus",NA
"MiFish_0000651","7806","Carcharhinus",0.994475138121547,22,"Eukaryota","Chordata","Chondrichthyes","Carcharhiniformes","Carcharhinidae","Carcharhinus",NA
"MiFish_0000652","7806","Carcharhinus",0.994475138121547,32,"Eukaryota","Chordata","Chondrichthyes","Carcharhiniformes","Carcharhinidae","Carcharhinus",NA
"MiFish_0000653","None",NA,0,14,NA,NA,NA,NA,NA,NA,NA
"MiFish_0000654","None",NA,0,12,NA,NA,NA,NA,NA,NA,NA
"MiFish_0000655","None",NA,0,35,NA,NA,NA,NA,NA,NA,NA
"MiFish_0000656","None",NA,0,116,NA,NA,NA,NA,NA,NA,NA
"MiFish_0000657","None",NA,0,10,NA,NA,NA,NA,NA,NA,NA
"MiFish_0000658","36213","Abudefduf",0.994082840236686,97,"Eukaryota","Chordata","Actinopteri",NA,"Pomacentridae","Abudefduf",NA
"MiFish_0000659","36213","Abudefduf",0.994082840236686,38,"Eukaryota","Chordata","Actinopteri",NA,"Pomacentridae","Abudefduf",NA
"MiFish_0000660","36213","Abudefduf",0.994082840236686,22,"Eukaryota","Chordata","Actinopteri",NA,"Pomacentridae","Abudefduf",NA
"MiFish_0000661","None",NA,0,19,NA,NA,NA,NA,NA,NA,NA
"MiFish_0000662","None",NA,0,3297,NA,NA,NA,NA,NA,NA,NA
"MiFish_0000663","None",NA,0,107,NA,NA,NA,NA,NA,NA,NA
"MiFish_0000664","None",NA,0,186,NA,NA,NA,NA,NA,NA,NA
"MiFish_0000665","None",NA,0,14,NA,NA,NA,NA,NA,NA,NA
"MiFish_0000666","1350519","Stegastes arcifrons",0.994285714285714,127,"Eukaryota","Chordata","Actinopteri",NA,"Pomacentridae","Stegastes","Stegastes arcifrons"
"MiFish_0000667","None",NA,0,87,NA,NA,NA,NA,NA,NA,NA
"MiFish_0000668","None",NA,0,10,NA,NA,NA,NA,NA,NA,NA
"MiFish_0000669","None",NA,0,15,NA,NA,NA,NA,NA,NA,NA
"MiFish_0000670","None",NA,0,80,NA,NA,NA,NA,NA,NA,NA
"MiFish_0000671","None",NA,0,176,NA,NA,NA,NA,NA,NA,NA
"MiFish_0000672","None",NA,0,10,NA,NA,NA,NA,NA,NA,NA
"MiFish_0000673","None",NA,0,23640,NA,NA,NA,NA,NA,NA,NA
"MiFish_0000674","None",NA,0,237,NA,NA,NA,NA,NA,NA,NA
"MiFish_0000675","153621","Mycteroperca bonaci",0.958579881656805,43,"Eukaryota","Chordata","Actinopteri","Perciformes","Serranidae","Mycteroperca","Mycteroperca bonaci"
"MiFish_0000676","1229150","Mugil thoburni",0.994117647058824,101,"Eukaryota","Chordata","Actinopteri","Mugiliformes","Mugilidae","Mugil","Mugil thoburni"
"MiFish_0000677","1229150","Mugil thoburni",0.994117647058824,178,"Eukaryota","Chordata","Actinopteri","Mugiliformes","Mugilidae","Mugil","Mugil thoburni"
"MiFish_0000678","None",NA,0,15,NA,NA,NA,NA,NA,NA,NA
"MiFish_0000679","398654","Pontinus macrocephalus",0.964285714285714,11,"Eukaryota","Chordata","Actinopteri","Perciformes","Scorpaenidae","Pontinus","Pontinus macrocephalus"
"MiFish_0000680","None",NA,0,19,NA,NA,NA,NA,NA,NA,NA
"MiFish_0000681","None",NA,0,45,NA,NA,NA,NA,NA,NA,NA
"MiFish_0000682","None",NA,0,20,NA,NA,NA,NA,NA,NA,NA
"MiFish_0000683","168377","Sphoeroides annulatus",0.988235294117647,43,"Eukaryota","Chordata","Actinopteri","Tetraodontiformes","Tetraodontidae","Sphoeroides","Sphoeroides annulatus"
"MiFish_0000684","None",NA,0,10,NA,NA,NA,NA,NA,NA,NA
"MiFish_0000685","None",NA,0,62,NA,NA,NA,NA,NA,NA,NA
"MiFish_0000686","None",NA,0,25,NA,NA,NA,NA,NA,NA,NA
"MiFish_0000687","None",NA,0,81,NA,NA,NA,NA,NA,NA,NA
"MiFish_0000688","None",NA,0,19,NA,NA,NA,NA,NA,NA,NA
"MiFish_0000689","153621","Mycteroperca bonaci",0.958823529411765,10,"Eukaryota","Chordata","Actinopteri","Perciformes","Serranidae","Mycteroperca","Mycteroperca bonaci"
"MiFish_0000690","None",NA,0,21,NA,NA,NA,NA,NA,NA,NA
"MiFish_0000691","None",NA,0,42,NA,NA,NA,NA,NA,NA,NA
"MiFish_0000692","48193","Mugil cephalus",0.970760233918129,13,"Eukaryota","Chordata","Actinopteri","Mugiliformes","Mugilidae","Mugil","Mugil cephalus"
"MiFish_0000693","None",NA,0,28,NA,NA,NA,NA,NA,NA,NA
"MiFish_0000694","None",NA,0,242,NA,NA,NA,NA,NA,NA,NA
"MiFish_0000695","241298","Halichoeres notospilus",1,159,"Eukaryota","Chordata","Actinopteri","Labriformes","Labridae","Halichoeres","Halichoeres notospilus"
"MiFish_0000696","None",NA,0,24,NA,NA,NA,NA,NA,NA,NA
"MiFish_0000697","None",NA,0,4512,NA,NA,NA,NA,NA,NA,NA
"MiFish_0000698","317475","Halichoeres dispilus",0.976047904191617,151,"Eukaryota","Chordata","Actinopteri","Labriformes","Labridae","Halichoeres","Halichoeres dispilus"
"MiFish_0000699","None",NA,0,11,NA,NA,NA,NA,NA,NA,NA
"MiFish_0000700","129077","Tylosurus crocodilus",0.982248520710059,324,"Eukaryota","Chordata","Actinopteri","Beloniformes","Belonidae","Tylosurus","Tylosurus crocodilus"
"MiFish_0000701","241297","Halichoeres nicholsi",1,2774,"Eukaryota","Chordata","Actinopteri","Labriformes","Labridae","Halichoeres","Halichoeres nicholsi"
"MiFish_0000702","1350519","Stegastes arcifrons",0.994285714285714,109,"Eukaryota","Chordata","Actinopteri",NA,"Pomacentridae","Stegastes","Stegastes arcifrons"
"MiFish_0000703","1350519","Stegastes arcifrons",0.971590909090909,17,"Eukaryota","Chordata","Actinopteri",NA,"Pomacentridae","Stegastes","Stegastes arcifrons"
"MiFish_0000704","None",NA,0,114,NA,NA,NA,NA,NA,NA,NA
"MiFish_0000705","2012922","Hyporhamphus yuri",0.994082840236686,10,"Eukaryota","Chordata","Actinopteri","Beloniformes","Hemiramphidae","Hyporhamphus","Hyporhamphus yuri"
"MiFish_0000706","None",NA,0,11,NA,NA,NA,NA,NA,NA,NA
"MiFish_0000707","1350519","Stegastes arcifrons",0.977272727272727,38,"Eukaryota","Chordata","Actinopteri",NA,"Pomacentridae","Stegastes","Stegastes arcifrons"
"MiFish_0000708","1350519","Stegastes arcifrons",0.994285714285714,39,"Eukaryota","Chordata","Actinopteri",NA,"Pomacentridae","Stegastes","Stegastes arcifrons"
"MiFish_0000709","1229150","Mugil thoburni",0.994117647058824,296,"Eukaryota","Chordata","Actinopteri","Mugiliformes","Mugilidae","Mugil","Mugil thoburni"
"MiFish_0000710","None",NA,0,10,NA,NA,NA,NA,NA,NA,NA
"MiFish_0000711","None",NA,0,22,NA,NA,NA,NA,NA,NA,NA
"MiFish_0000712","1229150","Mugil thoburni",0.988235294117647,17,"Eukaryota","Chordata","Actinopteri","Mugiliformes","Mugilidae","Mugil","Mugil thoburni"
"MiFish_0000713","1350520","Stegastes beebei",0.994285714285714,11,"Eukaryota","Chordata","Actinopteri",NA,"Pomacentridae","Stegastes","Stegastes beebei"
"MiFish_0000714","1350520","Stegastes beebei",0.994285714285714,29,"Eukaryota","Chordata","Actinopteri",NA,"Pomacentridae","Stegastes","Stegastes beebei"
"MiFish_0000715","1229150","Mugil thoburni",0.988235294117647,10,"Eukaryota","Chordata","Actinopteri","Mugiliformes","Mugilidae","Mugil","Mugil thoburni"
"MiFish_0000716","1350519","Stegastes arcifrons",0.994285714285714,13,"Eukaryota","Chordata","Actinopteri",NA,"Pomacentridae","Stegastes","Stegastes arcifrons"
"MiFish_0000717","None",NA,0,2087,NA,NA,NA,NA,NA,NA,NA
"MiFish_0000718","1229150","Mugil thoburni",0.958823529411765,20,"Eukaryota","Chordata","Actinopteri","Mugiliformes","Mugilidae","Mugil","Mugil thoburni"
"MiFish_0000719","None",NA,0,39,NA,NA,NA,NA,NA,NA,NA
"MiFish_0000720","1229150","Mugil thoburni",0.994117647058824,484,"Eukaryota","Chordata","Actinopteri","Mugiliformes","Mugilidae","Mugil","Mugil thoburni"
"MiFish_0000721","48193","Mugil cephalus",0.964912280701754,220,"Eukaryota","Chordata","Actinopteri","Mugiliformes","Mugilidae","Mugil","Mugil cephalus"
"MiFish_0000722","8190","Mugil",0.976470588235294,56,"Eukaryota","Chordata","Actinopteri","Mugiliformes","Mugilidae","Mugil",NA
"MiFish_0000723","50368","Arothron",1,3675,"Eukaryota","Chordata","Actinopteri","Tetraodontiformes","Tetraodontidae","Arothron",NA
"MiFish_0000724","None",NA,0,54,NA,NA,NA,NA,NA,NA,NA
"MiFish_0000725","None",NA,0,19,NA,NA,NA,NA,NA,NA,NA
"MiFish_0000726","None",NA,0,22,NA,NA,NA,NA,NA,NA,NA
"MiFish_0000727","163142","Kyphosus",1,200,"Eukaryota","Chordata","Actinopteri","Centrarchiformes","Kyphosidae","Kyphosus",NA
"MiFish_0000728","1229150","Mugil thoburni",0.964705882352941,289,"Eukaryota","Chordata","Actinopteri","Mugiliformes","Mugilidae","Mugil","Mugil thoburni"
"MiFish_0000729","48193","Mugil cephalus",0.976608187134503,13,"Eukaryota","Chordata","Actinopteri","Mugiliformes","Mugilidae","Mugil","Mugil cephalus"
"MiFish_0000730","None",NA,0,73,NA,NA,NA,NA,NA,NA,NA
"MiFish_0000731","48194","Mugil curema",0.953216374269006,26,"Eukaryota","Chordata","Actinopteri","Mugiliformes","Mugilidae","Mugil","Mugil curema"
"MiFish_0000732","None",NA,0,68,NA,NA,NA,NA,NA,NA,NA
"MiFish_0000733","48193","Mugil cephalus",0.970760233918129,46,"Eukaryota","Chordata","Actinopteri","Mugiliformes","Mugilidae","Mugil","Mugil cephalus"
"MiFish_0000734","None",NA,0,19,NA,NA,NA,NA,NA,NA,NA
"MiFish_0000735","None",NA,0,126,NA,NA,NA,NA,NA,NA,NA
"MiFish_0000736","None",NA,0,28,NA,NA,NA,NA,NA,NA,NA
"MiFish_0000737","1229150","Mugil thoburni",0.98235294117647,162,"Eukaryota","Chordata","Actinopteri","Mugiliformes","Mugilidae","Mugil","Mugil thoburni"
"MiFish_0000738","None",NA,0,42,NA,NA,NA,NA,NA,NA,NA
"MiFish_0000739","48193","Mugil cephalus",0.982456140350877,28,"Eukaryota","Chordata","Actinopteri","Mugiliformes","Mugilidae","Mugil","Mugil cephalus"
"MiFish_0000740","None",NA,0,52,NA,NA,NA,NA,NA,NA,NA
"MiFish_0000741","48193","Mugil cephalus",0.964912280701754,46,"Eukaryota","Chordata","Actinopteri","Mugiliformes","Mugilidae","Mugil","Mugil cephalus"
"MiFish_0000742","None",NA,0,224,NA,NA,NA,NA,NA,NA,NA
"MiFish_0000743","None",NA,0,27,NA,NA,NA,NA,NA,NA,NA
"MiFish_0000744","None",NA,0,789,NA,NA,NA,NA,NA,NA,NA
"MiFish_0000745","1229150","Mugil thoburni",0.970588235294118,80,"Eukaryota","Chordata","Actinopteri","Mugiliformes","Mugilidae","Mugil","Mugil thoburni"
"MiFish_0000746","None",NA,0,885,NA,NA,NA,NA,NA,NA,NA
"MiFish_0000747","48193","Mugil cephalus",0.976608187134503,25,"Eukaryota","Chordata","Actinopteri","Mugiliformes","Mugilidae","Mugil","Mugil cephalus"
"MiFish_0000748","388628","Chilomycterus reticulatus",1,181,"Eukaryota","Chordata","Actinopteri","Tetraodontiformes","Diodontidae","Chilomycterus","Chilomycterus reticulatus"
"MiFish_0000749","None",NA,0,25,NA,NA,NA,NA,NA,NA,NA
"MiFish_0000750","1229150","Mugil thoburni",0.98235294117647,15,"Eukaryota","Chordata","Actinopteri","Mugiliformes","Mugilidae","Mugil","Mugil thoburni"
"MiFish_0000751","48193","Mugil cephalus",0.965116279069768,123,"Eukaryota","Chordata","Actinopteri","Mugiliformes","Mugilidae","Mugil","Mugil cephalus"
"MiFish_0000752","None",NA,0,133,NA,NA,NA,NA,NA,NA,NA
"MiFish_0000753","None",NA,0,27,NA,NA,NA,NA,NA,NA,NA
"MiFish_0000754","48193","Mugil cephalus",0.976608187134503,18,"Eukaryota","Chordata","Actinopteri","Mugiliformes","Mugilidae","Mugil","Mugil cephalus"
"MiFish_0000755","None",NA,0,30,NA,NA,NA,NA,NA,NA,NA
"MiFish_0000756","None",NA,0,26,NA,NA,NA,NA,NA,NA,NA
"MiFish_0000757","None",NA,0,71,NA,NA,NA,NA,NA,NA,NA
"MiFish_0000758","None",NA,0,22,NA,NA,NA,NA,NA,NA,NA
"MiFish_0000759","None",NA,0,62,NA,NA,NA,NA,NA,NA,NA
"MiFish_0000760","48193","Mugil cephalus",0.976608187134503,18,"Eukaryota","Chordata","Actinopteri","Mugiliformes","Mugilidae","Mugil","Mugil cephalus"
"MiFish_0000761","None",NA,0,103,NA,NA,NA,NA,NA,NA,NA
"MiFish_0000762","1229150","Mugil thoburni",0.952941176470588,15,"Eukaryota","Chordata","Actinopteri","Mugiliformes","Mugilidae","Mugil","Mugil thoburni"
"MiFish_0000763","None",NA,0,77,NA,NA,NA,NA,NA,NA,NA
"MiFish_0000764","1229150","Mugil thoburni",0.964705882352941,130,"Eukaryota","Chordata","Actinopteri","Mugiliformes","Mugilidae","Mugil","Mugil thoburni"
"MiFish_0000765","168377","Sphoeroides annulatus",0.95906432748538,26,"Eukaryota","Chordata","Actinopteri","Tetraodontiformes","Tetraodontidae","Sphoeroides","Sphoeroides annulatus"
"MiFish_0000766","48193","Mugil cephalus",0.95906432748538,38,"Eukaryota","Chordata","Actinopteri","Mugiliformes","Mugilidae","Mugil","Mugil cephalus"
"MiFish_0000767","1350519","Stegastes arcifrons",0.960227272727273,14,"Eukaryota","Chordata","Actinopteri",NA,"Pomacentridae","Stegastes","Stegastes arcifrons"
"MiFish_0000768","1232744","Muraena lentiginosa",0.994082840236686,4968,"Eukaryota","Chordata","Actinopteri","Anguilliformes","Muraenidae","Muraena","Muraena lentiginosa"
"MiFish_0000769","722560","Archosargus rhomboidalis",0.964705882352941,64,"Eukaryota","Chordata","Actinopteri","Spariformes","Sparidae","Archosargus","Archosargus rhomboidalis"
"MiFish_0000770","None",NA,0,38,NA,NA,NA,NA,NA,NA,NA
"MiFish_0000771","None",NA,0,14,NA,NA,NA,NA,NA,NA,NA
"MiFish_0000772","241297","Halichoeres nicholsi",0.988165680473373,20,"Eukaryota","Chordata","Actinopteri","Labriformes","Labridae","Halichoeres","Halichoeres nicholsi"
"MiFish_0000773","None",NA,0,12,NA,NA,NA,NA,NA,NA,NA
"MiFish_0000774","None",NA,0,97,NA,NA,NA,NA,NA,NA,NA
"MiFish_0000775","1350520","Stegastes beebei",0.994285714285714,79,"Eukaryota","Chordata","Actinopteri",NA,"Pomacentridae","Stegastes","Stegastes beebei"
"MiFish_0000776","1350520","Stegastes beebei",0.994285714285714,10,"Eukaryota","Chordata","Actinopteri",NA,"Pomacentridae","Stegastes","Stegastes beebei"
"MiFish_0000777","1350519","Stegastes arcifrons",0.994285714285714,18,"Eukaryota","Chordata","Actinopteri",NA,"Pomacentridae","Stegastes","Stegastes arcifrons"
"MiFish_0000778","None",NA,0,127,NA,NA,NA,NA,NA,NA,NA
"MiFish_0000779","None",NA,0,11,NA,NA,NA,NA,NA,NA,NA
"MiFish_0000780","48193","Mugil cephalus",0.982558139534884,21,"Eukaryota","Chordata","Actinopteri","Mugiliformes","Mugilidae","Mugil","Mugil cephalus"
"MiFish_0000781","1229150","Mugil thoburni",0.976608187134503,58,"Eukaryota","Chordata","Actinopteri","Mugiliformes","Mugilidae","Mugil","Mugil thoburni"
"MiFish_0000782","332418","Eucinostomus melanopterus",0.953488372093023,10,"Eukaryota","Chordata","Actinopteri","Gerreiformes","Gerreidae","Eucinostomus","Eucinostomus melanopterus"
"MiFish_0000783","1229150","Mugil thoburni",0.988235294117647,18,"Eukaryota","Chordata","Actinopteri","Mugiliformes","Mugilidae","Mugil","Mugil thoburni"
"MiFish_0000784","None",NA,0,12,NA,NA,NA,NA,NA,NA,NA
"MiFish_0000785","8190","Mugil",0.98235294117647,14,"Eukaryota","Chordata","Actinopteri","Mugiliformes","Mugilidae","Mugil",NA
"MiFish_0000786","None",NA,0,30,NA,NA,NA,NA,NA,NA,NA
"MiFish_0000787","None",NA,0,20,NA,NA,NA,NA,NA,NA,NA
"MiFish_0000788","None",NA,0,16,NA,NA,NA,NA,NA,NA,NA
"MiFish_0000789","None",NA,0,12,NA,NA,NA,NA,NA,NA,NA
"MiFish_0000790","None",NA,0,34,NA,NA,NA,NA,NA,NA,NA
"MiFish_0000791","48193","Mugil cephalus",0.953216374269006,10,"Eukaryota","Chordata","Actinopteri","Mugiliformes","Mugilidae","Mugil","Mugil cephalus"
"MiFish_0000792","None",NA,0,21,NA,NA,NA,NA,NA,NA,NA
"MiFish_0000793","None",NA,0,19,NA,NA,NA,NA,NA,NA,NA
"MiFish_0000794","None",NA,0,14,NA,NA,NA,NA,NA,NA,NA
"MiFish_0000795","332418","Eucinostomus melanopterus",0.959302325581395,10,"Eukaryota","Chordata","Actinopteri","Gerreiformes","Gerreidae","Eucinostomus","Eucinostomus melanopterus"
"MiFish_0000796","168377","Sphoeroides annulatus",0.976608187134503,46,"Eukaryota","Chordata","Actinopteri","Tetraodontiformes","Tetraodontidae","Sphoeroides","Sphoeroides annulatus"
"MiFish_0000797","1229150","Mugil thoburni",0.994117647058824,13,"Eukaryota","Chordata","Actinopteri","Mugiliformes","Mugilidae","Mugil","Mugil thoburni"
"MiFish_0000798","None",NA,0,20,NA,NA,NA,NA,NA,NA,NA
"MiFish_0000799","None",NA,0,90,NA,NA,NA,NA,NA,NA,NA
"MiFish_0000800","None",NA,0,30,NA,NA,NA,NA,NA,NA,NA
"MiFish_0000801","332418","Eucinostomus melanopterus",0.953488372093023,13,"Eukaryota","Chordata","Actinopteri","Gerreiformes","Gerreidae","Eucinostomus","Eucinostomus melanopterus"
"MiFish_0000802","None",NA,0,26,NA,NA,NA,NA,NA,NA,NA
"MiFish_0000803","None",NA,0,16,NA,NA,NA,NA,NA,NA,NA
"MiFish_0000804","1229150","Mugil thoburni",0.98235294117647,18,"Eukaryota","Chordata","Actinopteri","Mugiliformes","Mugilidae","Mugil","Mugil thoburni"
"MiFish_0000805","1229150","Mugil thoburni",0.994117647058824,125,"Eukaryota","Chordata","Actinopteri","Mugiliformes","Mugilidae","Mugil","Mugil thoburni"
"MiFish_0000806","None",NA,0,10,NA,NA,NA,NA,NA,NA,NA
"MiFish_0000807","None",NA,0,11,NA,NA,NA,NA,NA,NA,NA
"MiFish_0000808","48193","Mugil cephalus",0.994152046783626,10,"Eukaryota","Chordata","Actinopteri","Mugiliformes","Mugilidae","Mugil","Mugil cephalus"
"MiFish_0000809","239048","Thalassoma lucasanum",0.994011976047904,159,"Eukaryota","Chordata","Actinopteri","Labriformes","Labridae","Thalassoma","Thalassoma lucasanum"
"MiFish_0000810","None",NA,0,52,NA,NA,NA,NA,NA,NA,NA
"MiFish_0000811","1350519","Stegastes arcifrons",0.988571428571428,10,"Eukaryota","Chordata","Actinopteri",NA,"Pomacentridae","Stegastes","Stegastes arcifrons"
"MiFish_0000812","None",NA,0,14,NA,NA,NA,NA,NA,NA,NA
"MiFish_0000813","879520","Plagiotremus tapeinosoma",0.994047619047619,24,"Eukaryota","Chordata","Actinopteri","Blenniiformes","Blenniidae","Plagiotremus","Plagiotremus tapeinosoma"
"MiFish_0000814","None",NA,0,28,NA,NA,NA,NA,NA,NA,NA
"MiFish_0000815","879520","Plagiotremus tapeinosoma",1,397,"Eukaryota","Chordata","Actinopteri","Blenniiformes","Blenniidae","Plagiotremus","Plagiotremus tapeinosoma"
"MiFish_0000816","None",NA,0,21,NA,NA,NA,NA,NA,NA,NA
"MiFish_0000817","None",NA,0,64,NA,NA,NA,NA,NA,NA,NA
"MiFish_0000818","None",NA,0,31,NA,NA,NA,NA,NA,NA,NA
"MiFish_0000819","None",NA,0,23,NA,NA,NA,NA,NA,NA,NA
"MiFish_0000820","None",NA,0,128,NA,NA,NA,NA,NA,NA,NA
"MiFish_0000821","1182146","Bodianus diplotaenia",0.994117647058824,19,"Eukaryota","Chordata","Actinopteri","Labriformes","Labridae","Bodianus","Bodianus diplotaenia"
"MiFish_0000822","None",NA,0,12,NA,NA,NA,NA,NA,NA,NA
"MiFish_0000823","None",NA,0,46,NA,NA,NA,NA,NA,NA,NA
"MiFish_0000824","None",NA,0,11,NA,NA,NA,NA,NA,NA,NA
"MiFish_0000825","None",NA,0,11,NA,NA,NA,NA,NA,NA,NA
"MiFish_0000826","153621","Mycteroperca bonaci",0.958579881656805,13,"Eukaryota","Chordata","Actinopteri","Perciformes","Serranidae","Mycteroperca","Mycteroperca bonaci"
"MiFish_0000827","1229150","Mugil thoburni",0.976608187134503,10,"Eukaryota","Chordata","Actinopteri","Mugiliformes","Mugilidae","Mugil","Mugil thoburni"
"MiFish_0000828","None",NA,0,10,NA,NA,NA,NA,NA,NA,NA
"MiFish_0000829","None",NA,0,16,NA,NA,NA,NA,NA,NA,NA
"MiFish_0000830","None",NA,0,49,NA,NA,NA,NA,NA,NA,NA
"MiFish_0000831","None",NA,0,14,NA,NA,NA,NA,NA,NA,NA
"MiFish_0000832","None",NA,0,31,NA,NA,NA,NA,NA,NA,NA
"MiFish_0000833","None",NA,0,10,NA,NA,NA,NA,NA,NA,NA
"MiFish_0000834","None",NA,0,68,NA,NA,NA,NA,NA,NA,NA
"MiFish_0000835","None",NA,0,37,NA,NA,NA,NA,NA,NA,NA
"MiFish_0000836","None",NA,0,32,NA,NA,NA,NA,NA,NA,NA
"MiFish_0000837","None",NA,0,16,NA,NA,NA,NA,NA,NA,NA
"MiFish_0000838","482919","Orthopristis chrysoptera",0.976331360946746,15,"Eukaryota","Chordata","Actinopteri","Lutjaniformes","Haemulidae","Orthopristis","Orthopristis chrysoptera"
"MiFish_0000839","48193","Mugil cephalus",0.976608187134503,16,"Eukaryota","Chordata","Actinopteri","Mugiliformes","Mugilidae","Mugil","Mugil cephalus"
"MiFish_0000840","None",NA,0,57,NA,NA,NA,NA,NA,NA,NA
"MiFish_0000841","40493","Lutjanus",0.982248520710059,10,"Eukaryota","Chordata","Actinopteri","Lutjaniformes","Lutjanidae","Lutjanus",NA
"MiFish_0000842","None",NA,0,22,NA,NA,NA,NA,NA,NA,NA
"MiFish_0000843","None",NA,0,10,NA,NA,NA,NA,NA,NA,NA
"MiFish_0000844","1229150","Mugil thoburni",0.976470588235294,15,"Eukaryota","Chordata","Actinopteri","Mugiliformes","Mugilidae","Mugil","Mugil thoburni"
"MiFish_0000845","None",NA,0,20,NA,NA,NA,NA,NA,NA,NA
"MiFish_0000846","None",NA,0,24,NA,NA,NA,NA,NA,NA,NA
"MiFish_0000847","48193","Mugil cephalus",0.95906432748538,10,"Eukaryota","Chordata","Actinopteri","Mugiliformes","Mugilidae","Mugil","Mugil cephalus"
"MiFish_0000848","48193","Mugil cephalus",0.988304093567252,13,"Eukaryota","Chordata","Actinopteri","Mugiliformes","Mugilidae","Mugil","Mugil cephalus"
"MiFish_0000849","None",NA,0,235,NA,NA,NA,NA,NA,NA,NA
"MiFish_0000850","None",NA,0,38,NA,NA,NA,NA,NA,NA,NA
"MiFish_0000851","None",NA,0,11,NA,NA,NA,NA,NA,NA,NA
"MiFish_0000852","435274","Gerres cinereus",0.994082840236686,12,"Eukaryota","Chordata","Actinopteri","Gerreiformes","Gerreidae","Gerres","Gerres cinereus"
"MiFish_0000853","None",NA,0,39,NA,NA,NA,NA,NA,NA,NA
"MiFish_0000854","None",NA,0,22,NA,NA,NA,NA,NA,NA,NA
"MiFish_0000855","None",NA,0,12,NA,NA,NA,NA,NA,NA,NA
"MiFish_0000856","396787","Lutjanus kasmira",1,718,"Eukaryota","Chordata","Actinopteri","Lutjaniformes","Lutjanidae","Lutjanus","Lutjanus kasmira"
"MiFish_0000857","163142","Kyphosus",1,149,"Eukaryota","Chordata","Actinopteri","Centrarchiformes","Kyphosidae","Kyphosus",NA
"MiFish_0000858","1003767","Oxyporhamphus micropterus micropterus",1,680,"Eukaryota","Chordata","Actinopteri","Beloniformes","Hemiramphidae","Oxyporhamphus","Oxyporhamphus micropterus"
"MiFish_0000859","239048","Thalassoma lucasanum",1,4833,"Eukaryota","Chordata","Actinopteri","Labriformes","Labridae","Thalassoma","Thalassoma lucasanum"
"MiFish_0000860","31024","Balistidae",1,508,"Eukaryota","Chordata","Actinopteri","Tetraodontiformes","Balistidae",NA,NA
"MiFish_0000861","270541","Vinciguerria nimbaria",0.952095808383234,115,"Eukaryota","Chordata","Actinopteri","Stomiiformes","Phosichthyidae","Vinciguerria","Vinciguerria nimbaria"
"MiFish_0000862","None",NA,0,36,NA,NA,NA,NA,NA,NA,NA
"MiFish_0000863","None",NA,0,926,NA,NA,NA,NA,NA,NA,NA
"MiFish_0000864","31024","Balistidae",0.994152046783626,83,"Eukaryota","Chordata","Actinopteri","Tetraodontiformes","Balistidae",NA,NA
"MiFish_0000865","342443","Mulloidichthys vanicolensis",1,269,"Eukaryota","Chordata","Actinopteri","Syngnathiformes","Mullidae","Mulloidichthys","Mulloidichthys vanicolensis"
"MiFish_0000866","862788","Sphoeroides parvus",0.976744186046512,1535,"Eukaryota","Chordata","Actinopteri","Tetraodontiformes","Tetraodontidae","Sphoeroides","Sphoeroides parvus"
"MiFish_0000867","59660","Scarus",0.971098265895954,51,"Eukaryota","Chordata","Actinopteri","Labriformes","Labridae","Scarus",NA
"MiFish_0000868","None",NA,0,39,NA,NA,NA,NA,NA,NA,NA
"MiFish_0000869","None",NA,0,26,NA,NA,NA,NA,NA,NA,NA
"MiFish_0000870","None",NA,0,11,NA,NA,NA,NA,NA,NA,NA
"MiFish_0000871","None",NA,0,18,NA,NA,NA,NA,NA,NA,NA
"MiFish_0000872","None",NA,0,26,NA,NA,NA,NA,NA,NA,NA
"MiFish_0000873","None",NA,0,37,NA,NA,NA,NA,NA,NA,NA
"MiFish_0000874","None",NA,0,14,NA,NA,NA,NA,NA,NA,NA
"MiFish_0000875","None",NA,0,13,NA,NA,NA,NA,NA,NA,NA
"MiFish_0000876","48193","Mugil cephalus",0.976608187134503,30,"Eukaryota","Chordata","Actinopteri","Mugiliformes","Mugilidae","Mugil","Mugil cephalus"
"MiFish_0000877","None",NA,0,12,NA,NA,NA,NA,NA,NA,NA
"MiFish_0000878","50368","Arothron",0.994152046783626,20,"Eukaryota","Chordata","Actinopteri","Tetraodontiformes","Tetraodontidae","Arothron",NA
"MiFish_0000879","None",NA,0,10,NA,NA,NA,NA,NA,NA,NA
"MiFish_0000880","None",NA,0,12,NA,NA,NA,NA,NA,NA,NA
"MiFish_0000881","None",NA,0,12,NA,NA,NA,NA,NA,NA,NA
"MiFish_0000882","8190","Mugil",0.976470588235294,36,"Eukaryota","Chordata","Actinopteri","Mugiliformes","Mugilidae","Mugil",NA
"MiFish_0000883","1350519","Stegastes arcifrons",0.994285714285714,44,"Eukaryota","Chordata","Actinopteri",NA,"Pomacentridae","Stegastes","Stegastes arcifrons"
"MiFish_0000884","332418","Eucinostomus melanopterus",0.965116279069768,18,"Eukaryota","Chordata","Actinopteri","Gerreiformes","Gerreidae","Eucinostomus","Eucinostomus melanopterus"
"MiFish_0000885","40493","Lutjanus",0.970414201183432,20,"Eukaryota","Chordata","Actinopteri","Lutjaniformes","Lutjanidae","Lutjanus",NA
"MiFish_0000886","None",NA,0,12,NA,NA,NA,NA,NA,NA,NA
"MiFish_0000887","None",NA,0,12,NA,NA,NA,NA,NA,NA,NA
"MiFish_0000888","None",NA,0,13,NA,NA,NA,NA,NA,NA,NA
"MiFish_0000889","195598","Bothus robinsi",0.976744186046512,102,"Eukaryota","Chordata","Actinopteri","Pleuronectiformes","Bothidae","Bothus","Bothus robinsi"
"MiFish_0000890","None",NA,0,10,NA,NA,NA,NA,NA,NA,NA
"MiFish_0000891","None",NA,0,36,NA,NA,NA,NA,NA,NA,NA
"MiFish_0000892","None",NA,0,26,NA,NA,NA,NA,NA,NA,NA
"MiFish_0000893","1350519","Stegastes arcifrons",0.982954545454545,14,"Eukaryota","Chordata","Actinopteri",NA,"Pomacentridae","Stegastes","Stegastes arcifrons"
"MiFish_0000894","None",NA,0,17,NA,NA,NA,NA,NA,NA,NA
"MiFish_0000895","1350519","Stegastes arcifrons",0.988571428571428,12,"Eukaryota","Chordata","Actinopteri",NA,"Pomacentridae","Stegastes","Stegastes arcifrons"
"MiFish_0000896","50368","Arothron",0.994152046783626,22,"Eukaryota","Chordata","Actinopteri","Tetraodontiformes","Tetraodontidae","Arothron",NA
"MiFish_0000897","None",NA,0,25,NA,NA,NA,NA,NA,NA,NA
"MiFish_0000898","None",NA,0,16,NA,NA,NA,NA,NA,NA,NA
"MiFish_0000899","None",NA,0,76,NA,NA,NA,NA,NA,NA,NA
"MiFish_0000900","None",NA,0,10,NA,NA,NA,NA,NA,NA,NA
"MiFish_0000901","36216","Abudefduf taurus",0.994082840236686,12,"Eukaryota","Chordata","Actinopteri",NA,"Pomacentridae","Abudefduf","Abudefduf taurus"
"MiFish_0000902","None",NA,0,261,NA,NA,NA,NA,NA,NA,NA
"MiFish_0000903","473458","Gymnothorax meleagris",1,63,"Eukaryota","Chordata","Actinopteri","Anguilliformes","Muraenidae","Gymnothorax","Gymnothorax meleagris"
"MiFish_0000904","435274","Gerres cinereus",0.994082840236686,34,"Eukaryota","Chordata","Actinopteri","Gerreiformes","Gerreidae","Gerres","Gerres cinereus"
"MiFish_0000905","None",NA,0,29,NA,NA,NA,NA,NA,NA,NA
"MiFish_0000906","None",NA,0,14,NA,NA,NA,NA,NA,NA,NA
"MiFish_0000907","None",NA,0,12,NA,NA,NA,NA,NA,NA,NA
"MiFish_0000908","None",NA,0,11,NA,NA,NA,NA,NA,NA,NA
"MiFish_0000909","1350519","Stegastes arcifrons",0.994285714285714,32,"Eukaryota","Chordata","Actinopteri",NA,"Pomacentridae","Stegastes","Stegastes arcifrons"
"MiFish_0000910","None",NA,0,11,NA,NA,NA,NA,NA,NA,NA
"MiFish_0000911","1350519","Stegastes arcifrons",0.994285714285714,44,"Eukaryota","Chordata","Actinopteri",NA,"Pomacentridae","Stegastes","Stegastes arcifrons"
"MiFish_0000912","29144","Chanos chanos",0.994318181818182,24,"Eukaryota","Chordata","Actinopteri","Gonorynchiformes","Chanidae","Chanos","Chanos chanos"
"MiFish_0000913","None",NA,0,14,NA,NA,NA,NA,NA,NA,NA
"MiFish_0000914","1229150","Mugil thoburni",0.982456140350877,19,"Eukaryota","Chordata","Actinopteri","Mugiliformes","Mugilidae","Mugil","Mugil thoburni"
"MiFish_0000915","None",NA,0,70,NA,NA,NA,NA,NA,NA,NA
"MiFish_0000916","None",NA,0,10,NA,NA,NA,NA,NA,NA,NA
"MiFish_0000917","None",NA,0,11,NA,NA,NA,NA,NA,NA,NA
"MiFish_0000918","1350520","Stegastes beebei",0.994285714285714,17,"Eukaryota","Chordata","Actinopteri",NA,"Pomacentridae","Stegastes","Stegastes beebei"
"MiFish_0000919","36216","Abudefduf taurus",0.994082840236686,17,"Eukaryota","Chordata","Actinopteri",NA,"Pomacentridae","Abudefduf","Abudefduf taurus"
"MiFish_0000920","48193","Mugil cephalus",0.988304093567252,50,"Eukaryota","Chordata","Actinopteri","Mugiliformes","Mugilidae","Mugil","Mugil cephalus"
"MiFish_0000921","None",NA,0,23,NA,NA,NA,NA,NA,NA,NA
"MiFish_0000922","None",NA,0,31,NA,NA,NA,NA,NA,NA,NA
"MiFish_0000923","None",NA,0,16,NA,NA,NA,NA,NA,NA,NA
"MiFish_0000924","None",NA,0,14,NA,NA,NA,NA,NA,NA,NA
"MiFish_0000925","29144","Chanos chanos",0.994318181818182,41,"Eukaryota","Chordata","Actinopteri","Gonorynchiformes","Chanidae","Chanos","Chanos chanos"
"MiFish_0000926","None",NA,0,11,NA,NA,NA,NA,NA,NA,NA
"MiFish_0000927","None",NA,0,24,NA,NA,NA,NA,NA,NA,NA
"MiFish_0000928","None",NA,0,37,NA,NA,NA,NA,NA,NA,NA
"MiFish_0000929","None",NA,0,15,NA,NA,NA,NA,NA,NA,NA
"MiFish_0000930","None",NA,0,44,NA,NA,NA,NA,NA,NA,NA
"MiFish_0000931","None",NA,0,328,NA,NA,NA,NA,NA,NA,NA
"MiFish_0000932","None",NA,0,1222,NA,NA,NA,NA,NA,NA,NA
"MiFish_0000933","30870","Sciaenidae",0.952380952380952,118,"Eukaryota","Chordata","Actinopteri",NA,"Sciaenidae",NA,NA
"MiFish_0000934","None",NA,0,115,NA,NA,NA,NA,NA,NA,NA
"MiFish_0000935","211834","Lutjanus argentimaculatus",0.970414201183432,173,"Eukaryota","Chordata","Actinopteri","Lutjaniformes","Lutjanidae","Lutjanus","Lutjanus argentimaculatus"
"MiFish_0000936","None",NA,0,70,NA,NA,NA,NA,NA,NA,NA
"MiFish_0000937","722560","Archosargus rhomboidalis",0.964705882352941,21,"Eukaryota","Chordata","Actinopteri","Spariformes","Sparidae","Archosargus","Archosargus rhomboidalis"
"MiFish_0000938","None",NA,0,56,NA,NA,NA,NA,NA,NA,NA
"MiFish_0000939","None",NA,0,30,NA,NA,NA,NA,NA,NA,NA
"MiFish_0000940","None",NA,0,337,NA,NA,NA,NA,NA,NA,NA
"MiFish_0000941","None",NA,0,68,NA,NA,NA,NA,NA,NA,NA
"MiFish_0000942","1232744","Muraena lentiginosa",0.988165680473373,111,"Eukaryota","Chordata","Actinopteri","Anguilliformes","Muraenidae","Muraena","Muraena lentiginosa"
"MiFish_0000943","None",NA,0,43,NA,NA,NA,NA,NA,NA,NA
"MiFish_0000944","75023","Holacanthus",1,311,"Eukaryota","Chordata","Actinopteri",NA,"Pomacanthidae","Holacanthus",NA
"MiFish_0000945","1167616","Epinephelus bontoides",0.964497041420118,68,"Eukaryota","Chordata","Actinopteri","Perciformes","Serranidae","Epinephelus","Epinephelus bontoides"
"MiFish_0000946","None",NA,0,1878,NA,NA,NA,NA,NA,NA,NA
"MiFish_0000947","211834","Lutjanus argentimaculatus",0.976331360946746,30,"Eukaryota","Chordata","Actinopteri","Lutjaniformes","Lutjanidae","Lutjanus","Lutjanus argentimaculatus"
"MiFish_0000948","None",NA,0,498,NA,NA,NA,NA,NA,NA,NA
"MiFish_0000949","30870","Sciaenidae",0.952380952380952,41,"Eukaryota","Chordata","Actinopteri",NA,"Sciaenidae",NA,NA
"MiFish_0000950","None",NA,0,162,NA,NA,NA,NA,NA,NA,NA
"MiFish_0000951","None",NA,0,14,NA,NA,NA,NA,NA,NA,NA
"MiFish_0000952","1316015","Prionurus biafraensis",0.988235294117647,275,"Eukaryota","Chordata","Actinopteri","Acanthuriformes","Acanthuridae","Prionurus","Prionurus biafraensis"
"MiFish_0000953","1350520","Stegastes beebei",0.994285714285714,16,"Eukaryota","Chordata","Actinopteri",NA,"Pomacentridae","Stegastes","Stegastes beebei"
"MiFish_0000954","31022","Tetraodontiformes",1,424,"Eukaryota","Chordata","Actinopteri","Tetraodontiformes",NA,NA,NA
"MiFish_0000955","None",NA,0,15,NA,NA,NA,NA,NA,NA,NA
"MiFish_0000956","None",NA,0,69,NA,NA,NA,NA,NA,NA,NA
"MiFish_0000957","None",NA,0,13,NA,NA,NA,NA,NA,NA,NA
"MiFish_0000958","None",NA,0,14,NA,NA,NA,NA,NA,NA,NA
"MiFish_0000959","None",NA,0,17,NA,NA,NA,NA,NA,NA,NA
"MiFish_0000960","None",NA,0,14,NA,NA,NA,NA,NA,NA,NA
"MiFish_0000961","435274","Gerres cinereus",0.994082840236686,14,"Eukaryota","Chordata","Actinopteri","Gerreiformes","Gerreidae","Gerres","Gerres cinereus"
"MiFish_0000962","None",NA,0,21,NA,NA,NA,NA,NA,NA,NA
"MiFish_0000963","None",NA,0,37,NA,NA,NA,NA,NA,NA,NA
"MiFish_0000964","None",NA,0,12,NA,NA,NA,NA,NA,NA,NA
"MiFish_0000965","None",NA,0,26,NA,NA,NA,NA,NA,NA,NA
"MiFish_0000966","None",NA,0,16,NA,NA,NA,NA,NA,NA,NA
"MiFish_0000967","None",NA,0,11,NA,NA,NA,NA,NA,NA,NA
"MiFish_0000968","242806","Scarus ghobban",0.994186046511628,66,"Eukaryota","Chordata","Actinopteri","Labriformes","Labridae","Scarus","Scarus ghobban"
"MiFish_0000969","None",NA,0,14,NA,NA,NA,NA,NA,NA,NA
"MiFish_0000970","None",NA,0,12,NA,NA,NA,NA,NA,NA,NA
"MiFish_0000971","13675","Scomber",1,209,"Eukaryota","Chordata","Actinopteri","Scombriformes","Scombridae","Scomber",NA
"MiFish_0000972","None",NA,0,34,NA,NA,NA,NA,NA,NA,NA
"MiFish_0000973","None",NA,0,13,NA,NA,NA,NA,NA,NA,NA
"MiFish_0000974","50368","Arothron",0.994152046783626,50,"Eukaryota","Chordata","Actinopteri","Tetraodontiformes","Tetraodontidae","Arothron",NA
"MiFish_0000975","None",NA,0,50,NA,NA,NA,NA,NA,NA,NA
"MiFish_0000976","40493","Lutjanus",0.976470588235294,11,"Eukaryota","Chordata","Actinopteri","Lutjaniformes","Lutjanidae","Lutjanus",NA
"MiFish_0000977","242806","Scarus ghobban",0.994186046511628,70,"Eukaryota","Chordata","Actinopteri","Labriformes","Labridae","Scarus","Scarus ghobban"
"MiFish_0000978","None",NA,0,49,NA,NA,NA,NA,NA,NA,NA
"MiFish_0000979","None",NA,0,18,NA,NA,NA,NA,NA,NA,NA
"MiFish_0000980","None",NA,0,12,NA,NA,NA,NA,NA,NA,NA
"MiFish_0000981","None",NA,0,716,NA,NA,NA,NA,NA,NA,NA
"MiFish_0000982","None",NA,0,21,NA,NA,NA,NA,NA,NA,NA
"MiFish_0000983","None",NA,0,29,NA,NA,NA,NA,NA,NA,NA
"MiFish_0000984","None",NA,0,16,NA,NA,NA,NA,NA,NA,NA
"MiFish_0000985","242806","Scarus ghobban",0.994186046511628,26,"Eukaryota","Chordata","Actinopteri","Labriformes","Labridae","Scarus","Scarus ghobban"
"MiFish_0000986","13675","Scomber",0.994082840236686,12,"Eukaryota","Chordata","Actinopteri","Scombriformes","Scombridae","Scomber",NA
"MiFish_0000987","None",NA,0,34,NA,NA,NA,NA,NA,NA,NA
"MiFish_0000988","None",NA,0,15,NA,NA,NA,NA,NA,NA,NA
"MiFish_0000989","None",NA,0,15,NA,NA,NA,NA,NA,NA,NA
"MiFish_0000990","None",NA,0,13,NA,NA,NA,NA,NA,NA,NA
"MiFish_0000991","1350519","Stegastes arcifrons",0.994285714285714,29,"Eukaryota","Chordata","Actinopteri",NA,"Pomacentridae","Stegastes","Stegastes arcifrons"
"MiFish_0000992","242806","Scarus ghobban",0.994186046511628,33,"Eukaryota","Chordata","Actinopteri","Labriformes","Labridae","Scarus","Scarus ghobban"
"MiFish_0000993","None",NA,0,32,NA,NA,NA,NA,NA,NA,NA
"MiFish_0000994","None",NA,0,10,NA,NA,NA,NA,NA,NA,NA
"MiFish_0000995","242806","Scarus ghobban",0.994186046511628,20,"Eukaryota","Chordata","Actinopteri","Labriformes","Labridae","Scarus","Scarus ghobban"
"MiFish_0000996","50368","Arothron",0.994152046783626,59,"Eukaryota","Chordata","Actinopteri","Tetraodontiformes","Tetraodontidae","Arothron",NA
"MiFish_0000997","1232744","Muraena lentiginosa",0.988165680473373,63,"Eukaryota","Chordata","Actinopteri","Anguilliformes","Muraenidae","Muraena","Muraena lentiginosa"
"MiFish_0000998","1350519","Stegastes arcifrons",0.994285714285714,48,"Eukaryota","Chordata","Actinopteri",NA,"Pomacentridae","Stegastes","Stegastes arcifrons"
"MiFish_0000999","None",NA,0,15,NA,NA,NA,NA,NA,NA,NA
"MiFish_0001000","None",NA,0,32,NA,NA,NA,NA,NA,NA,NA
"MiFish_0001001","None",NA,0,39,NA,NA,NA,NA,NA,NA,NA
"MiFish_0001002","239048","Thalassoma lucasanum",0.994011976047904,20,"Eukaryota","Chordata","Actinopteri","Labriformes","Labridae","Thalassoma","Thalassoma lucasanum"
"MiFish_0001003","239048","Thalassoma lucasanum",0.994011976047904,37,"Eukaryota","Chordata","Actinopteri","Labriformes","Labridae","Thalassoma","Thalassoma lucasanum"
"MiFish_0001004","None",NA,0,15,NA,NA,NA,NA,NA,NA,NA
"MiFish_0001005","40493","Lutjanus",0.982248520710059,18,"Eukaryota","Chordata","Actinopteri","Lutjaniformes","Lutjanidae","Lutjanus",NA
"MiFish_0001006","None",NA,0,33,NA,NA,NA,NA,NA,NA,NA
"MiFish_0001007","36213","Abudefduf",0.988165680473373,23,"Eukaryota","Chordata","Actinopteri",NA,"Pomacentridae","Abudefduf",NA
"MiFish_0001008","None",NA,0,18,NA,NA,NA,NA,NA,NA,NA
"MiFish_0001009","None",NA,0,40,NA,NA,NA,NA,NA,NA,NA
"MiFish_0001010","None",NA,0,37,NA,NA,NA,NA,NA,NA,NA
"MiFish_0001011","168377","Sphoeroides annulatus",0.988235294117647,42,"Eukaryota","Chordata","Actinopteri","Tetraodontiformes","Tetraodontidae","Sphoeroides","Sphoeroides annulatus"
"MiFish_0001012","435274","Gerres cinereus",0.994082840236686,22,"Eukaryota","Chordata","Actinopteri","Gerreiformes","Gerreidae","Gerres","Gerres cinereus"
"MiFish_0001013","None",NA,0,11,NA,NA,NA,NA,NA,NA,NA
"MiFish_0001014","None",NA,0,31,NA,NA,NA,NA,NA,NA,NA
"MiFish_0001015","317475","Halichoeres dispilus",0.976047904191617,175,"Eukaryota","Chordata","Actinopteri","Labriformes","Labridae","Halichoeres","Halichoeres dispilus"
"MiFish_0001016","317475","Halichoeres dispilus",0.970059880239521,20,"Eukaryota","Chordata","Actinopteri","Labriformes","Labridae","Halichoeres","Halichoeres dispilus"
"MiFish_0001017","None",NA,0,55,NA,NA,NA,NA,NA,NA,NA
"MiFish_0001018","None",NA,0,73,NA,NA,NA,NA,NA,NA,NA
"MiFish_0001019","211834","Lutjanus argentimaculatus",0.970414201183432,170,"Eukaryota","Chordata","Actinopteri","Lutjaniformes","Lutjanidae","Lutjanus","Lutjanus argentimaculatus"
"MiFish_0001020","None",NA,0,11,NA,NA,NA,NA,NA,NA,NA
"MiFish_0001021","1167616","Epinephelus bontoides",0.970414201183432,180,"Eukaryota","Chordata","Actinopteri","Perciformes","Serranidae","Epinephelus","Epinephelus bontoides"
"MiFish_0001022","None",NA,0,18,NA,NA,NA,NA,NA,NA,NA
"MiFish_0001023","48193","Mugil cephalus",0.988304093567252,12,"Eukaryota","Chordata","Actinopteri","Mugiliformes","Mugilidae","Mugil","Mugil cephalus"
"MiFish_0001024","29144","Chanos chanos",0.994318181818182,31,"Eukaryota","Chordata","Actinopteri","Gonorynchiformes","Chanidae","Chanos","Chanos chanos"
"MiFish_0001025","None",NA,0,12,NA,NA,NA,NA,NA,NA,NA
"MiFish_0001026","36213","Abudefduf",0.994082840236686,10,"Eukaryota","Chordata","Actinopteri",NA,"Pomacentridae","Abudefduf",NA
"MiFish_0001027","None",NA,0,14,NA,NA,NA,NA,NA,NA,NA
"MiFish_0001028","None",NA,0,35,NA,NA,NA,NA,NA,NA,NA
"MiFish_0001029","334415","Haemulon plumierii",0.952662721893491,13,"Eukaryota","Chordata","Actinopteri","Lutjaniformes","Haemulidae","Haemulon","Haemulon plumierii"
"MiFish_0001030","48193","Mugil cephalus",0.982456140350877,26,"Eukaryota","Chordata","Actinopteri","Mugiliformes","Mugilidae","Mugil","Mugil cephalus"
"MiFish_0001031","None",NA,0,13,NA,NA,NA,NA,NA,NA,NA
"MiFish_0001032","None",NA,0,11,NA,NA,NA,NA,NA,NA,NA
"MiFish_0001033","None",NA,0,41,NA,NA,NA,NA,NA,NA,NA
"MiFish_0001034","None",NA,0,10,NA,NA,NA,NA,NA,NA,NA
"MiFish_0001035","None",NA,0,1104,NA,NA,NA,NA,NA,NA,NA
"MiFish_0001036","None",NA,0,39,NA,NA,NA,NA,NA,NA,NA
"MiFish_0001037","None",NA,0,40,NA,NA,NA,NA,NA,NA,NA
"MiFish_0001038","None",NA,0,50,NA,NA,NA,NA,NA,NA,NA
"MiFish_0001039","317475","Halichoeres dispilus",0.970059880239521,118,"Eukaryota","Chordata","Actinopteri","Labriformes","Labridae","Halichoeres","Halichoeres dispilus"
"MiFish_0001040","None",NA,0,11,NA,NA,NA,NA,NA,NA,NA
"MiFish_0001041","8190","Mugil",0.964705882352941,13,"Eukaryota","Chordata","Actinopteri","Mugiliformes","Mugilidae","Mugil",NA
"MiFish_0001042","None",NA,0,43,NA,NA,NA,NA,NA,NA,NA
"MiFish_0001043","None",NA,0,26,NA,NA,NA,NA,NA,NA,NA
"MiFish_0001044","None",NA,0,11,NA,NA,NA,NA,NA,NA,NA
"MiFish_0001045","1350520","Stegastes beebei",0.994285714285714,12,"Eukaryota","Chordata","Actinopteri",NA,"Pomacentridae","Stegastes","Stegastes beebei"
"MiFish_0001046","327774","Hyporthodus octofasciatus",0.970414201183432,32,"Eukaryota","Chordata","Actinopteri","Perciformes","Serranidae","Hyporthodus","Hyporthodus octofasciatus"
"MiFish_0001047","None",NA,0,21,NA,NA,NA,NA,NA,NA,NA
"MiFish_0001048","None",NA,0,34,NA,NA,NA,NA,NA,NA,NA
"MiFish_0001049","None",NA,0,109,NA,NA,NA,NA,NA,NA,NA
"MiFish_0001050","398654","Pontinus macrocephalus",0.970238095238095,40,"Eukaryota","Chordata","Actinopteri","Perciformes","Scorpaenidae","Pontinus","Pontinus macrocephalus"
"MiFish_0001051","195598","Bothus robinsi",0.982456140350877,62,"Eukaryota","Chordata","Actinopteri","Pleuronectiformes","Bothidae","Bothus","Bothus robinsi"
"MiFish_0001052","None",NA,0,14,NA,NA,NA,NA,NA,NA,NA
"MiFish_0001053","None",NA,0,11,NA,NA,NA,NA,NA,NA,NA
"MiFish_0001054","None",NA,0,26,NA,NA,NA,NA,NA,NA,NA
"MiFish_0001055","48193","Mugil cephalus",0.96551724137931,27,"Eukaryota","Chordata","Actinopteri","Mugiliformes","Mugilidae","Mugil","Mugil cephalus"
"MiFish_0001056","None",NA,0,30,NA,NA,NA,NA,NA,NA,NA
"MiFish_0001057","None",NA,0,21,NA,NA,NA,NA,NA,NA,NA
"MiFish_0001058","None",NA,0,16,NA,NA,NA,NA,NA,NA,NA
"MiFish_0001059","168377","Sphoeroides annulatus",0.988235294117647,464,"Eukaryota","Chordata","Actinopteri","Tetraodontiformes","Tetraodontidae","Sphoeroides","Sphoeroides annulatus"
"MiFish_0001060","None",NA,0,22,NA,NA,NA,NA,NA,NA,NA
"MiFish_0001061","None",NA,0,13,NA,NA,NA,NA,NA,NA,NA
"MiFish_0001062","29144","Chanos chanos",0.994318181818182,25,"Eukaryota","Chordata","Actinopteri","Gonorynchiformes","Chanidae","Chanos","Chanos chanos"
"MiFish_0001063","1489872","Percomorphaceae",0.994047619047619,11,"Eukaryota","Chordata","Actinopteri",NA,NA,NA,NA
"MiFish_0001064","29144","Chanos chanos",0.994318181818182,13,"Eukaryota","Chordata","Actinopteri","Gonorynchiformes","Chanidae","Chanos","Chanos chanos"
"MiFish_0001065","153621","Mycteroperca bonaci",0.958579881656805,16,"Eukaryota","Chordata","Actinopteri","Perciformes","Serranidae","Mycteroperca","Mycteroperca bonaci"
"MiFish_0001066","None",NA,0,17,NA,NA,NA,NA,NA,NA,NA
"MiFish_0001067","None",NA,0,25,NA,NA,NA,NA,NA,NA,NA
"MiFish_0001068","1350519","Stegastes arcifrons",0.994285714285714,43,"Eukaryota","Chordata","Actinopteri",NA,"Pomacentridae","Stegastes","Stegastes arcifrons"
"MiFish_0001069","None",NA,0,11,NA,NA,NA,NA,NA,NA,NA
"MiFish_0001070","36213","Abudefduf",0.994082840236686,18,"Eukaryota","Chordata","Actinopteri",NA,"Pomacentridae","Abudefduf",NA
"MiFish_0001071","None",NA,0,56,NA,NA,NA,NA,NA,NA,NA
"MiFish_0001072","None",NA,0,13,NA,NA,NA,NA,NA,NA,NA
"MiFish_0001073","482919","Orthopristis chrysoptera",0.976331360946746,626,"Eukaryota","Chordata","Actinopteri","Lutjaniformes","Haemulidae","Orthopristis","Orthopristis chrysoptera"
"MiFish_0001074","None",NA,0,21,NA,NA,NA,NA,NA,NA,NA
"MiFish_0001075","None",NA,0,59,NA,NA,NA,NA,NA,NA,NA
"MiFish_0001076","None",NA,0,18,NA,NA,NA,NA,NA,NA,NA
"MiFish_0001077","None",NA,0,40,NA,NA,NA,NA,NA,NA,NA
"MiFish_0001078","None",NA,0,40,NA,NA,NA,NA,NA,NA,NA
"MiFish_0001079","146146","Selar crumenophthalmus",1,4886,"Eukaryota","Chordata","Actinopteri","Carangiformes","Carangidae","Selar","Selar crumenophthalmus"
"MiFish_0001080","48193","Mugil cephalus",0.976608187134503,27,"Eukaryota","Chordata","Actinopteri","Mugiliformes","Mugilidae","Mugil","Mugil cephalus"
"MiFish_0001081","8158","Caranx",0.994082840236686,242,"Eukaryota","Chordata","Actinopteri","Carangiformes","Carangidae","Caranx",NA
"MiFish_0001082","None",NA,0,20,NA,NA,NA,NA,NA,NA,NA
"MiFish_0001083","None",NA,0,15,NA,NA,NA,NA,NA,NA,NA
"MiFish_0001084","None",NA,0,17,NA,NA,NA,NA,NA,NA,NA
"MiFish_0001085","None",NA,0,52,NA,NA,NA,NA,NA,NA,NA
"MiFish_0001086","None",NA,0,87,NA,NA,NA,NA,NA,NA,NA
"MiFish_0001087","None",NA,0,26,NA,NA,NA,NA,NA,NA,NA
"MiFish_0001088","None",NA,0,19,NA,NA,NA,NA,NA,NA,NA
"MiFish_0001089","332418","Eucinostomus melanopterus",0.953488372093023,14,"Eukaryota","Chordata","Actinopteri","Gerreiformes","Gerreidae","Eucinostomus","Eucinostomus melanopterus"
"MiFish_0001090","7823","Sphyrna lewini",1,333,"Eukaryota","Chordata","Chondrichthyes","Carcharhiniformes","Carcharhinidae","Sphyrna","Sphyrna lewini"
"MiFish_0001091","None",NA,0,12,NA,NA,NA,NA,NA,NA,NA
"MiFish_0001092","None",NA,0,13,NA,NA,NA,NA,NA,NA,NA
"MiFish_0001093","None",NA,0,26,NA,NA,NA,NA,NA,NA,NA
"MiFish_0001094","None",NA,0,20,NA,NA,NA,NA,NA,NA,NA
"MiFish_0001095","None",NA,0,22,NA,NA,NA,NA,NA,NA,NA
"MiFish_0001096","332418","Eucinostomus melanopterus",0.959302325581395,17,"Eukaryota","Chordata","Actinopteri","Gerreiformes","Gerreidae","Eucinostomus","Eucinostomus melanopterus"
"MiFish_0001097","None",NA,0,13,NA,NA,NA,NA,NA,NA,NA
"MiFish_0001098","179359","Alectis ciliaris",1,1474,"Eukaryota","Chordata","Actinopteri","Carangiformes","Carangidae","Alectis","Alectis ciliaris"
"MiFish_0001099","None",NA,0,97,NA,NA,NA,NA,NA,NA,NA
"MiFish_0001100","48193","Mugil cephalus",0.953757225433526,14,"Eukaryota","Chordata","Actinopteri","Mugiliformes","Mugilidae","Mugil","Mugil cephalus"
"MiFish_0001101","None",NA,0,23,NA,NA,NA,NA,NA,NA,NA
"MiFish_0001102","None",NA,0,62,NA,NA,NA,NA,NA,NA,NA
"MiFish_0001103","None",NA,0,12,NA,NA,NA,NA,NA,NA,NA
"MiFish_0001104","None",NA,0,33,NA,NA,NA,NA,NA,NA,NA
"MiFish_0001105","None",NA,0,10,NA,NA,NA,NA,NA,NA,NA
"MiFish_0001106","None",NA,0,11,NA,NA,NA,NA,NA,NA,NA
"MiFish_0001107","None",NA,0,44,NA,NA,NA,NA,NA,NA,NA
"MiFish_0001108","None",NA,0,16,NA,NA,NA,NA,NA,NA,NA
"MiFish_0001109","None",NA,0,10,NA,NA,NA,NA,NA,NA,NA
"MiFish_0001110","None",NA,0,18,NA,NA,NA,NA,NA,NA,NA
"MiFish_0001111","None",NA,0,16,NA,NA,NA,NA,NA,NA,NA
"MiFish_0001112","None",NA,0,142,NA,NA,NA,NA,NA,NA,NA
"MiFish_0001113","None",NA,0,10,NA,NA,NA,NA,NA,NA,NA
"MiFish_0001114","None",NA,0,15,NA,NA,NA,NA,NA,NA,NA
"MiFish_0001115","8158","Caranx",0.970588235294118,11,"Eukaryota","Chordata","Actinopteri","Carangiformes","Carangidae","Caranx",NA
"MiFish_0001116","29144","Chanos chanos",0.994318181818182,34,"Eukaryota","Chordata","Actinopteri","Gonorynchiformes","Chanidae","Chanos","Chanos chanos"
"MiFish_0001117","None",NA,0,21,NA,NA,NA,NA,NA,NA,NA
"MiFish_0001118","None",NA,0,1681,NA,NA,NA,NA,NA,NA,NA
"MiFish_0001119","146146","Selar crumenophthalmus",0.994117647058824,20,"Eukaryota","Chordata","Actinopteri","Carangiformes","Carangidae","Selar","Selar crumenophthalmus"
"MiFish_0001120","None",NA,0,29,NA,NA,NA,NA,NA,NA,NA
"MiFish_0001121","None",NA,0,15,NA,NA,NA,NA,NA,NA,NA
"MiFish_0001122","None",NA,0,12,NA,NA,NA,NA,NA,NA,NA
"MiFish_0001123","None",NA,0,29,NA,NA,NA,NA,NA,NA,NA
"MiFish_0001124","48193","Mugil cephalus",0.976608187134503,14,"Eukaryota","Chordata","Actinopteri","Mugiliformes","Mugilidae","Mugil","Mugil cephalus"
"MiFish_0001125","None",NA,0,100,NA,NA,NA,NA,NA,NA,NA
"MiFish_0001126","None",NA,0,171,NA,NA,NA,NA,NA,NA,NA
"MiFish_0001127","181461","Caranx melampygus",1,1083,"Eukaryota","Chordata","Actinopteri","Carangiformes","Carangidae","Caranx","Caranx melampygus"
"MiFish_0001128","None",NA,0,12,NA,NA,NA,NA,NA,NA,NA
"MiFish_0001129","29144","Chanos chanos",0.994318181818182,15,"Eukaryota","Chordata","Actinopteri","Gonorynchiformes","Chanidae","Chanos","Chanos chanos"
"MiFish_0001130","None",NA,0,11,NA,NA,NA,NA,NA,NA,NA
"MiFish_0001131","None",NA,0,460,NA,NA,NA,NA,NA,NA,NA
"MiFish_0001132","None",NA,0,18,NA,NA,NA,NA,NA,NA,NA
"MiFish_0001133","1182146","Bodianus diplotaenia",0.994117647058824,25,"Eukaryota","Chordata","Actinopteri","Labriformes","Labridae","Bodianus","Bodianus diplotaenia"
"MiFish_0001134","None",NA,0,17,NA,NA,NA,NA,NA,NA,NA
"MiFish_0001135","None",NA,0,19,NA,NA,NA,NA,NA,NA,NA
"MiFish_0001136","None",NA,0,43,NA,NA,NA,NA,NA,NA,NA
"MiFish_0001137","None",NA,0,39,NA,NA,NA,NA,NA,NA,NA
"MiFish_0001138","None",NA,0,10,NA,NA,NA,NA,NA,NA,NA
"MiFish_0001139","36213","Abudefduf",0.988165680473373,99,"Eukaryota","Chordata","Actinopteri",NA,"Pomacentridae","Abudefduf",NA
"MiFish_0001140","None",NA,0,30,NA,NA,NA,NA,NA,NA,NA
"MiFish_0001141","None",NA,0,12,NA,NA,NA,NA,NA,NA,NA
"MiFish_0001142","None",NA,0,22,NA,NA,NA,NA,NA,NA,NA
"MiFish_0001143","435274","Gerres cinereus",0.994082840236686,63,"Eukaryota","Chordata","Actinopteri","Gerreiformes","Gerreidae","Gerres","Gerres cinereus"
"MiFish_0001144","None",NA,0,60,NA,NA,NA,NA,NA,NA,NA
"MiFish_0001145","316138","Cubiceps squamiceps",1,194,"Eukaryota","Chordata","Actinopteri","Scombriformes","Nomeidae","Cubiceps","Cubiceps squamiceps"
"MiFish_0001146","1489872","Percomorphaceae",0.994047619047619,16,"Eukaryota","Chordata","Actinopteri",NA,NA,NA,NA
"MiFish_0001147","1489872","Percomorphaceae",0.988095238095238,10,"Eukaryota","Chordata","Actinopteri",NA,NA,NA,NA
"MiFish_0001148","None",NA,0,109,NA,NA,NA,NA,NA,NA,NA
"MiFish_0001149","1182014","Enchelycore nigricans",0.964497041420118,26,"Eukaryota","Chordata","Actinopteri","Anguilliformes","Muraenidae","Enchelycore","Enchelycore nigricans"
"MiFish_0001150","None",NA,0,10,NA,NA,NA,NA,NA,NA,NA
"MiFish_0001151","None",NA,0,901,NA,NA,NA,NA,NA,NA,NA
"MiFish_0001152","482919","Orthopristis chrysoptera",0.976331360946746,158,"Eukaryota","Chordata","Actinopteri","Lutjaniformes","Haemulidae","Orthopristis","Orthopristis chrysoptera"
"MiFish_0001153","None",NA,0,45,NA,NA,NA,NA,NA,NA,NA
"MiFish_0001154","None",NA,0,68,NA,NA,NA,NA,NA,NA,NA
"MiFish_0001155","722560","Archosargus rhomboidalis",0.964705882352941,36,"Eukaryota","Chordata","Actinopteri","Spariformes","Sparidae","Archosargus","Archosargus rhomboidalis"
"MiFish_0001156","8245","Xiphias gladius",1,176,"Eukaryota","Chordata","Actinopteri","Istiophoriformes","Xiphiidae","Xiphias","Xiphias gladius"
"MiFish_0001157","None",NA,0,18,NA,NA,NA,NA,NA,NA,NA
"MiFish_0001158","None",NA,0,13,NA,NA,NA,NA,NA,NA,NA
"MiFish_0001159","None",NA,0,125,NA,NA,NA,NA,NA,NA,NA
"MiFish_0001160","None",NA,0,86,NA,NA,NA,NA,NA,NA,NA
"MiFish_0001161","None",NA,0,13,NA,NA,NA,NA,NA,NA,NA
"MiFish_0001162","None",NA,0,98,NA,NA,NA,NA,NA,NA,NA
"MiFish_0001163","None",NA,0,53,NA,NA,NA,NA,NA,NA,NA
"MiFish_0001164","173321","Seriola rivoliana",1,282,"Eukaryota","Chordata","Actinopteri","Carangiformes","Carangidae","Seriola","Seriola rivoliana"
"MiFish_0001165","163147","Girella",0.970414201183432,21,"Eukaryota","Chordata","Actinopteri","Centrarchiformes","Girellidae","Girella",NA
"MiFish_0001166","1167616","Epinephelus bontoides",0.964497041420118,11,"Eukaryota","Chordata","Actinopteri","Perciformes","Serranidae","Epinephelus","Epinephelus bontoides"
"MiFish_0001167","None",NA,0,441,NA,NA,NA,NA,NA,NA,NA
"MiFish_0001168","36216","Abudefduf taurus",0.994082840236686,10,"Eukaryota","Chordata","Actinopteri",NA,"Pomacentridae","Abudefduf","Abudefduf taurus"
"MiFish_0001169","None",NA,0,931,NA,NA,NA,NA,NA,NA,NA
"MiFish_0001170","1350520","Stegastes beebei",0.982857142857143,14,"Eukaryota","Chordata","Actinopteri",NA,"Pomacentridae","Stegastes","Stegastes beebei"
"MiFish_0001171","None",NA,0,131,NA,NA,NA,NA,NA,NA,NA
"MiFish_0001172","None",NA,0,94,NA,NA,NA,NA,NA,NA,NA
"MiFish_0001173","1268096","Stegastes rectifraenum",0.994413407821229,223,"Eukaryota","Chordata","Actinopteri",NA,"Pomacentridae","Stegastes","Stegastes rectifraenum"
"MiFish_0001174","8190","Mugil",0.988235294117647,64,"Eukaryota","Chordata","Actinopteri","Mugiliformes","Mugilidae","Mugil",NA
"MiFish_0001175","None",NA,0,336,NA,NA,NA,NA,NA,NA,NA
"MiFish_0001176","1182146","Bodianus diplotaenia",0.994117647058824,284,"Eukaryota","Chordata","Actinopteri","Labriformes","Labridae","Bodianus","Bodianus diplotaenia"
"MiFish_0001177","166773","Microdesmus longipinnis",0.951807228915663,661,"Eukaryota","Chordata","Actinopteri","Gobiiformes","Gobiidae","Microdesmus","Microdesmus longipinnis"
"MiFish_0001178","None",NA,0,18,NA,NA,NA,NA,NA,NA,NA
"MiFish_0001179","722560","Archosargus rhomboidalis",0.964705882352941,17,"Eukaryota","Chordata","Actinopteri","Spariformes","Sparidae","Archosargus","Archosargus rhomboidalis"
"MiFish_0001180","None",NA,0,760,NA,NA,NA,NA,NA,NA,NA
"MiFish_0001181","None",NA,0,11,NA,NA,NA,NA,NA,NA,NA
"MiFish_0001182","None",NA,0,38,NA,NA,NA,NA,NA,NA,NA
"MiFish_0001183","None",NA,0,40,NA,NA,NA,NA,NA,NA,NA
"MiFish_0001184","None",NA,0,21,NA,NA,NA,NA,NA,NA,NA
"MiFish_0001185","None",NA,0,17,NA,NA,NA,NA,NA,NA,NA
"MiFish_0001186","None",NA,0,81,NA,NA,NA,NA,NA,NA,NA
"MiFish_0001187","None",NA,0,15,NA,NA,NA,NA,NA,NA,NA
"MiFish_0001188","195598","Bothus robinsi",0.97093023255814,14,"Eukaryota","Chordata","Actinopteri","Pleuronectiformes","Bothidae","Bothus","Bothus robinsi"
"MiFish_0001189","168377","Sphoeroides annulatus",0.988235294117647,122,"Eukaryota","Chordata","Actinopteri","Tetraodontiformes","Tetraodontidae","Sphoeroides","Sphoeroides annulatus"
"MiFish_0001190","195598","Bothus robinsi",0.97093023255814,17,"Eukaryota","Chordata","Actinopteri","Pleuronectiformes","Bothidae","Bothus","Bothus robinsi"
"MiFish_0001191","None",NA,0,16,NA,NA,NA,NA,NA,NA,NA
"MiFish_0001192","2012922","Hyporhamphus yuri",0.994082840236686,23,"Eukaryota","Chordata","Actinopteri","Beloniformes","Hemiramphidae","Hyporhamphus","Hyporhamphus yuri"
"MiFish_0001193","None",NA,0,13,NA,NA,NA,NA,NA,NA,NA
"MiFish_0001194","36216","Abudefduf taurus",0.994082840236686,71,"Eukaryota","Chordata","Actinopteri",NA,"Pomacentridae","Abudefduf","Abudefduf taurus"
"MiFish_0001195","None",NA,0,85,NA,NA,NA,NA,NA,NA,NA
"MiFish_0001196","173309","Caranx crysos",0.982248520710059,142,"Eukaryota","Chordata","Actinopteri","Carangiformes","Carangidae","Caranx","Caranx crysos"
"MiFish_0001197","466148","Johnrandallia nigrirostris",1,99,"Eukaryota","Chordata","Actinopteri","Chaetodontiformes","Chaetodontidae","Johnrandallia","Johnrandallia nigrirostris"
"MiFish_0001198","None",NA,0,58,NA,NA,NA,NA,NA,NA,NA
"MiFish_0001199","None",NA,0,21,NA,NA,NA,NA,NA,NA,NA
"MiFish_0001200","None",NA,0,14,NA,NA,NA,NA,NA,NA,NA
"MiFish_0001201","2608457","Platybelone argalus platyura",1,33,"Eukaryota","Chordata","Actinopteri","Beloniformes","Belonidae","Platybelone","Platybelone argala"
"MiFish_0001202","None",NA,0,139,NA,NA,NA,NA,NA,NA,NA
"MiFish_0001203","242806","Scarus ghobban",0.994186046511628,10,"Eukaryota","Chordata","Actinopteri","Labriformes","Labridae","Scarus","Scarus ghobban"
"MiFish_0001204","None",NA,0,10,NA,NA,NA,NA,NA,NA,NA
"MiFish_0001205","None",NA,0,27,NA,NA,NA,NA,NA,NA,NA
"MiFish_0001206","None",NA,0,20,NA,NA,NA,NA,NA,NA,NA
"MiFish_0001207","None",NA,0,18,NA,NA,NA,NA,NA,NA,NA
"MiFish_0001208","None",NA,0,122,NA,NA,NA,NA,NA,NA,NA
"MiFish_0001209","None",NA,0,15,NA,NA,NA,NA,NA,NA,NA
"MiFish_0001210","None",NA,0,15,NA,NA,NA,NA,NA,NA,NA
"MiFish_0001211","None",NA,0,11,NA,NA,NA,NA,NA,NA,NA
"MiFish_0001212","None",NA,0,10,NA,NA,NA,NA,NA,NA,NA
"MiFish_0001213","None",NA,0,64,NA,NA,NA,NA,NA,NA,NA
"MiFish_0001214","None",NA,0,11,NA,NA,NA,NA,NA,NA,NA
"MiFish_0001215","None",NA,0,83,NA,NA,NA,NA,NA,NA,NA
"MiFish_0001216","None",NA,0,24,NA,NA,NA,NA,NA,NA,NA
"MiFish_0001217","None",NA,0,10,NA,NA,NA,NA,NA,NA,NA
"MiFish_0001218","None",NA,0,16,NA,NA,NA,NA,NA,NA,NA
"MiFish_0001219","None",NA,0,31,NA,NA,NA,NA,NA,NA,NA
"MiFish_0001220","None",NA,0,19,NA,NA,NA,NA,NA,NA,NA
"MiFish_0001221","None",NA,0,10,NA,NA,NA,NA,NA,NA,NA
"MiFish_0001222","None",NA,0,16,NA,NA,NA,NA,NA,NA,NA
"MiFish_0001223","938400","Prognichthys sealei",1,268,"Eukaryota","Chordata","Actinopteri","Beloniformes","Exocoetidae","Prognichthys","Prognichthys sealei"
"MiFish_0001224","None",NA,0,33,NA,NA,NA,NA,NA,NA,NA
"MiFish_0001225","None",NA,0,12,NA,NA,NA,NA,NA,NA,NA
"MiFish_0001226","None",NA,0,82,NA,NA,NA,NA,NA,NA,NA
"MiFish_0001227","None",NA,0,10,NA,NA,NA,NA,NA,NA,NA
"MiFish_0001228","None",NA,0,925,NA,NA,NA,NA,NA,NA,NA
"MiFish_0001229","None",NA,0,28,NA,NA,NA,NA,NA,NA,NA
"MiFish_0001230","None",NA,0,25,NA,NA,NA,NA,NA,NA,NA
"MiFish_0001231","None",NA,0,10,NA,NA,NA,NA,NA,NA,NA
"MiFish_0001232","1268096","Stegastes rectifraenum",0.988826815642458,63,"Eukaryota","Chordata","Actinopteri",NA,"Pomacentridae","Stegastes","Stegastes rectifraenum"
"MiFish_0001233","36216","Abudefduf taurus",0.994082840236686,16,"Eukaryota","Chordata","Actinopteri",NA,"Pomacentridae","Abudefduf","Abudefduf taurus"
"MiFish_0001234","36216","Abudefduf taurus",0.994082840236686,56,"Eukaryota","Chordata","Actinopteri",NA,"Pomacentridae","Abudefduf","Abudefduf taurus"
"MiFish_0001235","8230","Sarda orientalis",0.988095238095238,57,"Eukaryota","Chordata","Actinopteri","Scombriformes","Scombridae","Sarda","Sarda orientalis"
"MiFish_0001236","None",NA,0,105,NA,NA,NA,NA,NA,NA,NA
"MiFish_0001237","None",NA,0,85,NA,NA,NA,NA,NA,NA,NA
"MiFish_0001238","75035","Prionurus",0.976470588235294,35,"Eukaryota","Chordata","Actinopteri","Acanthuriformes","Acanthuridae","Prionurus",NA
"MiFish_0001239","None",NA,0,14,NA,NA,NA,NA,NA,NA,NA
"MiFish_0001240","None",NA,0,36,NA,NA,NA,NA,NA,NA,NA
"MiFish_0001241","None",NA,0,14,NA,NA,NA,NA,NA,NA,NA
"MiFish_0001242","None",NA,0,11,NA,NA,NA,NA,NA,NA,NA
"MiFish_0001243","2012922","Hyporhamphus yuri",0.994082840236686,18,"Eukaryota","Chordata","Actinopteri","Beloniformes","Hemiramphidae","Hyporhamphus","Hyporhamphus yuri"
"MiFish_0001244","179359","Alectis ciliaris",0.952941176470588,10,"Eukaryota","Chordata","Actinopteri","Carangiformes","Carangidae","Alectis","Alectis ciliaris"
"MiFish_0001245","None",NA,0,27,NA,NA,NA,NA,NA,NA,NA
"MiFish_0001246","None",NA,0,12,NA,NA,NA,NA,NA,NA,NA
"MiFish_0001247","None",NA,0,11,NA,NA,NA,NA,NA,NA,NA
"MiFish_0001248","1350519","Stegastes arcifrons",0.977272727272727,49,"Eukaryota","Chordata","Actinopteri",NA,"Pomacentridae","Stegastes","Stegastes arcifrons"
"MiFish_0001249","None",NA,0,11,NA,NA,NA,NA,NA,NA,NA
"MiFish_0001250","None",NA,0,18,NA,NA,NA,NA,NA,NA,NA
"MiFish_0001251","None",NA,0,44,NA,NA,NA,NA,NA,NA,NA
"MiFish_0001252","None",NA,0,120,NA,NA,NA,NA,NA,NA,NA
"MiFish_0001253","None",NA,0,65,NA,NA,NA,NA,NA,NA,NA
"MiFish_0001254","None",NA,0,12,NA,NA,NA,NA,NA,NA,NA
"MiFish_0001255","36213","Abudefduf",0.964705882352941,22,"Eukaryota","Chordata","Actinopteri",NA,"Pomacentridae","Abudefduf",NA
"MiFish_0001256","None",NA,0,10,NA,NA,NA,NA,NA,NA,NA
"MiFish_0001257","None",NA,0,10,NA,NA,NA,NA,NA,NA,NA
"MiFish_0001258","None",NA,0,13,NA,NA,NA,NA,NA,NA,NA
"MiFish_0001259","None",NA,0,12,NA,NA,NA,NA,NA,NA,NA
"MiFish_0001260","None",NA,0,136,NA,NA,NA,NA,NA,NA,NA
"MiFish_0001261","None",NA,0,11,NA,NA,NA,NA,NA,NA,NA
"MiFish_0001262","None",NA,0,15,NA,NA,NA,NA,NA,NA,NA
"MiFish_0001263","None",NA,0,15,NA,NA,NA,NA,NA,NA,NA
"MiFish_0001264","None",NA,0,26,NA,NA,NA,NA,NA,NA,NA
"MiFish_0001265","None",NA,0,73,NA,NA,NA,NA,NA,NA,NA
"MiFish_0001266","None",NA,0,13,NA,NA,NA,NA,NA,NA,NA
"MiFish_0001267","None",NA,0,12,NA,NA,NA,NA,NA,NA,NA
"MiFish_0001268","482919","Orthopristis chrysoptera",0.952662721893491,11,"Eukaryota","Chordata","Actinopteri","Lutjaniformes","Haemulidae","Orthopristis","Orthopristis chrysoptera"
"MiFish_0001269","7806","Carcharhinus",0.994475138121547,14,"Eukaryota","Chordata","Chondrichthyes","Carcharhiniformes","Carcharhinidae","Carcharhinus",NA
"MiFish_0001270","None",NA,0,15,NA,NA,NA,NA,NA,NA,NA
"MiFish_0001271","None",NA,0,131,NA,NA,NA,NA,NA,NA,NA
"MiFish_0001272","None",NA,0,109,NA,NA,NA,NA,NA,NA,NA
"MiFish_0001273","None",NA,0,60,NA,NA,NA,NA,NA,NA,NA
"MiFish_0001274","None",NA,0,13,NA,NA,NA,NA,NA,NA,NA
"MiFish_0001275","None",NA,0,18,NA,NA,NA,NA,NA,NA,NA
"MiFish_0001276","None",NA,0,17,NA,NA,NA,NA,NA,NA,NA
"MiFish_0001277","None",NA,0,13,NA,NA,NA,NA,NA,NA,NA
"MiFish_0001278","482919","Orthopristis chrysoptera",0.964497041420118,11,"Eukaryota","Chordata","Actinopteri","Lutjaniformes","Haemulidae","Orthopristis","Orthopristis chrysoptera"
"MiFish_0001279","None",NA,0,19,NA,NA,NA,NA,NA,NA,NA
"MiFish_0001280","242806","Scarus ghobban",0.994186046511628,10,"Eukaryota","Chordata","Actinopteri","Labriformes","Labridae","Scarus","Scarus ghobban"
"MiFish_0001281","1350520","Stegastes beebei",0.994285714285714,14,"Eukaryota","Chordata","Actinopteri",NA,"Pomacentridae","Stegastes","Stegastes beebei"
"MiFish_0001282","239048","Thalassoma lucasanum",0.994011976047904,12,"Eukaryota","Chordata","Actinopteri","Labriformes","Labridae","Thalassoma","Thalassoma lucasanum"
"MiFish_0001283","303709","Aluterus",1,50,"Eukaryota","Chordata","Actinopteri","Tetraodontiformes","Monacanthidae","Aluterus",NA
"MiFish_0001284","None",NA,0,49,NA,NA,NA,NA,NA,NA,NA
"MiFish_0001285","None",NA,0,13,NA,NA,NA,NA,NA,NA,NA
"MiFish_0001286","None",NA,0,21,NA,NA,NA,NA,NA,NA,NA
"MiFish_0001287","None",NA,0,15,NA,NA,NA,NA,NA,NA,NA
"MiFish_0001288","None",NA,0,16,NA,NA,NA,NA,NA,NA,NA
"MiFish_0001289","None",NA,0,385,NA,NA,NA,NA,NA,NA,NA
"MiFish_0001290","None",NA,0,16,NA,NA,NA,NA,NA,NA,NA
"MiFish_0001291","47699","Myripristis",0.959302325581395,11,"Eukaryota","Chordata","Actinopteri","Holocentriformes","Holocentridae","Myripristis",NA
"MiFish_0001292","None",NA,0,15,NA,NA,NA,NA,NA,NA,NA
"MiFish_0001293","1167616","Epinephelus bontoides",0.964497041420118,10,"Eukaryota","Chordata","Actinopteri","Perciformes","Serranidae","Epinephelus","Epinephelus bontoides"
"MiFish_0001294","None",NA,0,11,NA,NA,NA,NA,NA,NA,NA
"MiFish_0001295","None",NA,0,18,NA,NA,NA,NA,NA,NA,NA
"MiFish_0001296","None",NA,0,33,NA,NA,NA,NA,NA,NA,NA
"MiFish_0001297","None",NA,0,18,NA,NA,NA,NA,NA,NA,NA
"MiFish_0001298","482919","Orthopristis chrysoptera",0.958579881656805,11,"Eukaryota","Chordata","Actinopteri","Lutjaniformes","Haemulidae","Orthopristis","Orthopristis chrysoptera"
"MiFish_0001299","None",NA,0,17,NA,NA,NA,NA,NA,NA,NA
"MiFish_0001300","None",NA,0,38,NA,NA,NA,NA,NA,NA,NA
"MiFish_0001301","None",NA,0,13,NA,NA,NA,NA,NA,NA,NA
"MiFish_0001302","None",NA,0,15,NA,NA,NA,NA,NA,NA,NA
"MiFish_0001303","None",NA,0,44,NA,NA,NA,NA,NA,NA,NA
"MiFish_0001304","None",NA,0,16,NA,NA,NA,NA,NA,NA,NA
"MiFish_0001305","None",NA,0,25,NA,NA,NA,NA,NA,NA,NA
"MiFish_0001306","None",NA,0,42,NA,NA,NA,NA,NA,NA,NA
"MiFish_0001307","None",NA,0,44,NA,NA,NA,NA,NA,NA,NA
"MiFish_0001308","None",NA,0,841,NA,NA,NA,NA,NA,NA,NA
"MiFish_0001309","None",NA,0,150,NA,NA,NA,NA,NA,NA,NA
"MiFish_0001310","242806","Scarus ghobban",0.994186046511628,14,"Eukaryota","Chordata","Actinopteri","Labriformes","Labridae","Scarus","Scarus ghobban"
"MiFish_0001311","None",NA,0,28,NA,NA,NA,NA,NA,NA,NA
"MiFish_0001312","None",NA,0,33,NA,NA,NA,NA,NA,NA,NA
"MiFish_0001313","None",NA,0,11,NA,NA,NA,NA,NA,NA,NA
"MiFish_0001314","211834","Lutjanus argentimaculatus",0.970414201183432,230,"Eukaryota","Chordata","Actinopteri","Lutjaniformes","Lutjanidae","Lutjanus","Lutjanus argentimaculatus"
"MiFish_0001315","8234","Thunnus",0.994047619047619,31,"Eukaryota","Chordata","Actinopteri","Scombriformes","Scombridae","Thunnus",NA
"MiFish_0001316","217026","Auxis rochei",1,433,"Eukaryota","Chordata","Actinopteri","Scombriformes","Scombridae","Auxis","Auxis rochei"
"MiFish_0001317","13352","Auxis",0.994082840236686,35,"Eukaryota","Chordata","Actinopteri","Scombriformes","Scombridae","Auxis",NA
"MiFish_0001318","75035","Prionurus",0.970588235294118,104,"Eukaryota","Chordata","Actinopteri","Acanthuriformes","Acanthuridae","Prionurus",NA
"MiFish_0001319","75035","Prionurus",0.964705882352941,13,"Eukaryota","Chordata","Actinopteri","Acanthuriformes","Acanthuridae","Prionurus",NA
"MiFish_0001320","75035","Prionurus",0.98235294117647,15,"Eukaryota","Chordata","Actinopteri","Acanthuriformes","Acanthuridae","Prionurus",NA
"MiFish_0001321","None",NA,0,17,NA,NA,NA,NA,NA,NA,NA
"MiFish_0001322","None",NA,0,17,NA,NA,NA,NA,NA,NA,NA
"MiFish_0001323","1167616","Epinephelus bontoides",0.964497041420118,2626,"Eukaryota","Chordata","Actinopteri","Perciformes","Serranidae","Epinephelus","Epinephelus bontoides"
"MiFish_0001324","175437","Prionurus laticlavius",0.994117647058824,19,"Eukaryota","Chordata","Actinopteri","Acanthuriformes","Acanthuridae","Prionurus","Prionurus laticlavius"
"MiFish_0001325","247628","Scarus rubroviolaceus",1,32,"Eukaryota","Chordata","Actinopteri","Labriformes","Labridae","Scarus","Scarus rubroviolaceus"
"MiFish_0001326","1167616","Epinephelus bontoides",0.958579881656805,14,"Eukaryota","Chordata","Actinopteri","Perciformes","Serranidae","Epinephelus","Epinephelus bontoides"
"MiFish_0001327","None",NA,0,27,NA,NA,NA,NA,NA,NA,NA
"MiFish_0001328","None",NA,0,172,NA,NA,NA,NA,NA,NA,NA
"MiFish_0001329","None",NA,0,20,NA,NA,NA,NA,NA,NA,NA
"MiFish_0001330","None",NA,0,10,NA,NA,NA,NA,NA,NA,NA
"MiFish_0001331","None",NA,0,26,NA,NA,NA,NA,NA,NA,NA
"MiFish_0001332","None",NA,0,18,NA,NA,NA,NA,NA,NA,NA
"MiFish_0001333","None",NA,0,35,NA,NA,NA,NA,NA,NA,NA
"MiFish_0001334","None",NA,0,23,NA,NA,NA,NA,NA,NA,NA
"MiFish_0001335","None",NA,0,16,NA,NA,NA,NA,NA,NA,NA
"MiFish_0001336","None",NA,0,124,NA,NA,NA,NA,NA,NA,NA
"MiFish_0001337","None",NA,0,26,NA,NA,NA,NA,NA,NA,NA
"MiFish_0001338","None",NA,0,14,NA,NA,NA,NA,NA,NA,NA
"MiFish_0001339","None",NA,0,11,NA,NA,NA,NA,NA,NA,NA
"MiFish_0001340","None",NA,0,20,NA,NA,NA,NA,NA,NA,NA
"MiFish_0001341","None",NA,0,16,NA,NA,NA,NA,NA,NA,NA
"MiFish_0001342","None",NA,0,17,NA,NA,NA,NA,NA,NA,NA
"MiFish_0001343","None",NA,0,23,NA,NA,NA,NA,NA,NA,NA
"MiFish_0001344","None",NA,0,36,NA,NA,NA,NA,NA,NA,NA
"MiFish_0001345","None",NA,0,31,NA,NA,NA,NA,NA,NA,NA
"MiFish_0001346","None",NA,0,18,NA,NA,NA,NA,NA,NA,NA
"MiFish_0001347","None",NA,0,111,NA,NA,NA,NA,NA,NA,NA
"MiFish_0001348","None",NA,0,21,NA,NA,NA,NA,NA,NA,NA
"MiFish_0001349","1232744","Muraena lentiginosa",0.988165680473373,47,"Eukaryota","Chordata","Actinopteri","Anguilliformes","Muraenidae","Muraena","Muraena lentiginosa"
"MiFish_0001350","48193","Mugil cephalus",0.988372093023256,19,"Eukaryota","Chordata","Actinopteri","Mugiliformes","Mugilidae","Mugil","Mugil cephalus"
"MiFish_0001351","None",NA,0,30,NA,NA,NA,NA,NA,NA,NA
"MiFish_0001352","398654","Pontinus macrocephalus",0.964285714285714,38,"Eukaryota","Chordata","Actinopteri","Perciformes","Scorpaenidae","Pontinus","Pontinus macrocephalus"
"MiFish_0001353","75035","Prionurus",0.976470588235294,50,"Eukaryota","Chordata","Actinopteri","Acanthuriformes","Acanthuridae","Prionurus",NA
"MiFish_0001354","36213","Abudefduf",0.988165680473373,20,"Eukaryota","Chordata","Actinopteri",NA,"Pomacentridae","Abudefduf",NA
"MiFish_0001355","None",NA,0,277,NA,NA,NA,NA,NA,NA,NA
"MiFish_0001356","None",NA,0,12,NA,NA,NA,NA,NA,NA,NA
"MiFish_0001357","None",NA,0,12,NA,NA,NA,NA,NA,NA,NA
"MiFish_0001358","None",NA,0,98,NA,NA,NA,NA,NA,NA,NA
"MiFish_0001359","None",NA,0,12,NA,NA,NA,NA,NA,NA,NA
"MiFish_0001360","None",NA,0,28,NA,NA,NA,NA,NA,NA,NA
"MiFish_0001361","None",NA,0,52,NA,NA,NA,NA,NA,NA,NA
"MiFish_0001362","942859","Etrumeus micropus",0.988505747126437,103,"Eukaryota","Chordata","Actinopteri","Clupeiformes","Dussumieriidae","Etrumeus","Etrumeus micropus"
"MiFish_0001363","58219","Decapterus",0.982248520710059,12,"Eukaryota","Chordata","Actinopteri","Carangiformes","Carangidae","Decapterus",NA
"MiFish_0001364","None",NA,0,20,NA,NA,NA,NA,NA,NA,NA
"MiFish_0001365","317475","Halichoeres dispilus",0.970059880239521,131,"Eukaryota","Chordata","Actinopteri","Labriformes","Labridae","Halichoeres","Halichoeres dispilus"
"MiFish_0001366","58219","Decapterus",0.988165680473373,103,"Eukaryota","Chordata","Actinopteri","Carangiformes","Carangidae","Decapterus",NA
"MiFish_0001367","None",NA,0,11,NA,NA,NA,NA,NA,NA,NA
"MiFish_0001368","None",NA,0,12,NA,NA,NA,NA,NA,NA,NA
"MiFish_0001369","None",NA,0,12,NA,NA,NA,NA,NA,NA,NA
"MiFish_0001370","166264","Decapterus macrosoma",1,21,"Eukaryota","Chordata","Actinopteri","Carangiformes","Carangidae","Decapterus","Decapterus macrosoma"
"MiFish_0001371","None",NA,0,16,NA,NA,NA,NA,NA,NA,NA
"MiFish_0001372","None",NA,0,16,NA,NA,NA,NA,NA,NA,NA
"MiFish_0001373","None",NA,0,10,NA,NA,NA,NA,NA,NA,NA
"MiFish_0001374","None",NA,0,11,NA,NA,NA,NA,NA,NA,NA
"MiFish_0001375","None",NA,0,16,NA,NA,NA,NA,NA,NA,NA
"MiFish_0001376","8234","Thunnus",0.994047619047619,11,"Eukaryota","Chordata","Actinopteri","Scombriformes","Scombridae","Thunnus",NA
"MiFish_0001377","None",NA,0,13,NA,NA,NA,NA,NA,NA,NA
"MiFish_0001378","None",NA,0,11,NA,NA,NA,NA,NA,NA,NA
"MiFish_0001379","398654","Pontinus macrocephalus",0.964285714285714,21,"Eukaryota","Chordata","Actinopteri","Perciformes","Scorpaenidae","Pontinus","Pontinus macrocephalus"
"MiFish_0001380","None",NA,0,29,NA,NA,NA,NA,NA,NA,NA
"MiFish_0001381","None",NA,0,69,NA,NA,NA,NA,NA,NA,NA
"MiFish_0001382","28380","Sardinops",0.988439306358382,26,"Eukaryota","Chordata","Actinopteri","Clupeiformes","Clupeidae","Sardinops",NA
"MiFish_0001383","None",NA,0,13,NA,NA,NA,NA,NA,NA,NA
"MiFish_0001384","None",NA,0,34,NA,NA,NA,NA,NA,NA,NA
"MiFish_0001385","253938","Achirus lineatus",0.97093023255814,98,"Eukaryota","Chordata","Actinopteri","Pleuronectiformes","Achiridae","Achirus","Achirus lineatus"
"MiFish_0001386","None",NA,0,206,NA,NA,NA,NA,NA,NA,NA
"MiFish_0001387","36213","Abudefduf",0.988165680473373,43,"Eukaryota","Chordata","Actinopteri",NA,"Pomacentridae","Abudefduf",NA
"MiFish_0001388","None",NA,0,12,NA,NA,NA,NA,NA,NA,NA
"MiFish_0001389","99346","Scomberomorus sierra",1,651,"Eukaryota","Chordata","Actinopteri","Scombriformes","Scombridae","Scomberomorus","Scomberomorus sierra"
"MiFish_0001390","None",NA,0,42,NA,NA,NA,NA,NA,NA,NA
"MiFish_0001391","None",NA,0,13,NA,NA,NA,NA,NA,NA,NA
"MiFish_0001392","None",NA,0,10,NA,NA,NA,NA,NA,NA,NA
"MiFish_0001393","None",NA,0,18,NA,NA,NA,NA,NA,NA,NA
"MiFish_0001394","None",NA,0,138,NA,NA,NA,NA,NA,NA,NA
"MiFish_0001395","None",NA,0,163,NA,NA,NA,NA,NA,NA,NA
"MiFish_0001396","None",NA,0,55,NA,NA,NA,NA,NA,NA,NA
"MiFish_0001397","None",NA,0,16,NA,NA,NA,NA,NA,NA,NA
"MiFish_0001398","None",NA,0,697,NA,NA,NA,NA,NA,NA,NA
"MiFish_0001399","411572","Anchoa hepsetus",0.982558139534884,33,"Eukaryota","Chordata","Actinopteri","Clupeiformes","Engraulidae","Anchoa","Anchoa hepsetus"
"MiFish_0001400","None",NA,0,361,NA,NA,NA,NA,NA,NA,NA
"MiFish_0001401","None",NA,0,21,NA,NA,NA,NA,NA,NA,NA
"MiFish_0001402","None",NA,0,12,NA,NA,NA,NA,NA,NA,NA
"MiFish_0001403","99346","Scomberomorus sierra",0.994117647058824,67,"Eukaryota","Chordata","Actinopteri","Scombriformes","Scombridae","Scomberomorus","Scomberomorus sierra"
"MiFish_0001404","None",NA,0,94,NA,NA,NA,NA,NA,NA,NA
"MiFish_0001405","None",NA,0,14,NA,NA,NA,NA,NA,NA,NA
"MiFish_0001406","None",NA,0,13,NA,NA,NA,NA,NA,NA,NA
"MiFish_0001407","None",NA,0,296,NA,NA,NA,NA,NA,NA,NA
"MiFish_0001408","None",NA,0,115,NA,NA,NA,NA,NA,NA,NA
"MiFish_0001409","None",NA,0,223,NA,NA,NA,NA,NA,NA,NA
"MiFish_0001410","48193","Mugil cephalus",0.988304093567252,20,"Eukaryota","Chordata","Actinopteri","Mugiliformes","Mugilidae","Mugil","Mugil cephalus"
"MiFish_0001411","None",NA,0,132,NA,NA,NA,NA,NA,NA,NA
"MiFish_0001412","None",NA,0,81,NA,NA,NA,NA,NA,NA,NA
"MiFish_0001413","None",NA,0,489,NA,NA,NA,NA,NA,NA,NA
"MiFish_0001414","None",NA,0,70,NA,NA,NA,NA,NA,NA,NA
"MiFish_0001415","None",NA,0,850,NA,NA,NA,NA,NA,NA,NA
"MiFish_0001416","None",NA,0,59,NA,NA,NA,NA,NA,NA,NA
"MiFish_0001417","None",NA,0,454,NA,NA,NA,NA,NA,NA,NA
"MiFish_0001418","None",NA,0,36,NA,NA,NA,NA,NA,NA,NA
"MiFish_0001419","None",NA,0,391,NA,NA,NA,NA,NA,NA,NA
"MiFish_0001420","None",NA,0,79,NA,NA,NA,NA,NA,NA,NA
"MiFish_0001421","None",NA,0,166,NA,NA,NA,NA,NA,NA,NA
"MiFish_0001422","None",NA,0,96,NA,NA,NA,NA,NA,NA,NA
"MiFish_0001423","1232744","Muraena lentiginosa",0.982248520710059,11,"Eukaryota","Chordata","Actinopteri","Anguilliformes","Muraenidae","Muraena","Muraena lentiginosa"
"MiFish_0001424","None",NA,0,82,NA,NA,NA,NA,NA,NA,NA
"MiFish_0001425","None",NA,0,131,NA,NA,NA,NA,NA,NA,NA
"MiFish_0001426","31024","Balistidae",0.994152046783626,46,"Eukaryota","Chordata","Actinopteri","Tetraodontiformes","Balistidae",NA,NA
"MiFish_0001427","None",NA,0,33,NA,NA,NA,NA,NA,NA,NA
"MiFish_0001428","None",NA,0,68,NA,NA,NA,NA,NA,NA,NA
"MiFish_0001429","None",NA,0,68,NA,NA,NA,NA,NA,NA,NA
"MiFish_0001430","None",NA,0,166,NA,NA,NA,NA,NA,NA,NA
"MiFish_0001431","None",NA,0,32,NA,NA,NA,NA,NA,NA,NA
"MiFish_0001432","48193","Mugil cephalus",0.988304093567252,29,"Eukaryota","Chordata","Actinopteri","Mugiliformes","Mugilidae","Mugil","Mugil cephalus"
"MiFish_0001433","None",NA,0,17,NA,NA,NA,NA,NA,NA,NA
"MiFish_0001434","482919","Orthopristis chrysoptera",0.976331360946746,16,"Eukaryota","Chordata","Actinopteri","Lutjaniformes","Haemulidae","Orthopristis","Orthopristis chrysoptera"
"MiFish_0001435","1232744","Muraena lentiginosa",0.971098265895954,67,"Eukaryota","Chordata","Actinopteri","Anguilliformes","Muraenidae","Muraena","Muraena lentiginosa"
"MiFish_0001436","None",NA,0,14,NA,NA,NA,NA,NA,NA,NA
"MiFish_0001437","None",NA,0,17,NA,NA,NA,NA,NA,NA,NA
"MiFish_0001438","None",NA,0,11,NA,NA,NA,NA,NA,NA,NA
