"ASV_id","domain_global","phylum_global","class_global","order_global","family_global","genus_global","species_global","pct_id_global","TAXID","SCIENTIFIC_NAME","COUNT","sintax","domain_local","phylum_local","class_local","order_local","family_local","genus_local","species_local","pct_id_local","pass1_winner","pass2_triggered","preferred_pctid","preferred_database","preferred_domain","preferred_phylum","preferred_class","preferred_order","preferred_family","preferred_genus","preferred_species","preferred_scientific_name"
"MiFish_0000001",NA,NA,NA,NA,NA,NA,NA,0,"None",NA,225309,NA,NA,NA,NA,NA,NA,NA,NA,0,"local",FALSE,NA,NA,NA,NA,NA,NA,NA,NA,NA,NA
"MiFish_0000002",NA,NA,NA,NA,NA,NA,NA,0,"None",NA,2870,NA,NA,NA,NA,NA,NA,NA,NA,0,"local",FALSE,NA,NA,NA,NA,NA,NA,NA,NA,NA,NA
"MiFish_0000003",NA,NA,NA,NA,NA,NA,NA,0,"None",NA,19113,NA,NA,NA,NA,NA,NA,NA,NA,0,"local",FALSE,NA,NA,NA,NA,NA,NA,NA,NA,NA,NA
"MiFish_0000004","Eukaryota","Chordata","Actinopteri","Scombriformes","Scombridae","Euthynnus",NA,99.4047619047619,"8225","Euthynnus",441,"d:Eukaryota,p:Chordata,c:Actinopteri,o:Scombriformes,f:Scombridae,g:Auxis,s:Auxis_thazard","Eukaryota","Chordata","Actinopteri","Scombriformes","Scombridae","Auxis","Auxis thazard",98.2,"global",TRUE,99.4047619047619,"lca_global_v_local","Eukaryota","Chordata","Actinopteri","Scombriformes","Scombridae",NA,NA,"Scombridae"
"MiFish_0000005",NA,NA,NA,NA,NA,NA,NA,0,"None",NA,4405,NA,NA,NA,NA,NA,NA,NA,NA,0,"local",FALSE,NA,NA,NA,NA,NA,NA,NA,NA,NA,NA
"MiFish_0000006",NA,NA,NA,NA,NA,NA,NA,0,"None",NA,60,NA,NA,NA,NA,NA,NA,NA,NA,0,"local",FALSE,NA,NA,NA,NA,NA,NA,NA,NA,NA,NA
"MiFish_0000007","Eukaryota","Chordata","Actinopteri","Mugiliformes","Mugilidae","Mugil","Mugil thoburni",100,"1229150","Mugil thoburni",158907,"d:Eukaryota,p:Chordata,c:Actinopteri,o:Mugiliformes,f:Mugilidae,g:Mugil,s:Mugil_thoburni","Eukaryota","Chordata","Actinopteri","Mugiliformes","Mugilidae","Mugil","Mugil thoburni",100,"local",FALSE,100,"local","Eukaryota","Chordata","Actinopteri","Mugiliformes","Mugilidae","Mugil","Mugil thoburni","Mugil thoburni"
"MiFish_0000008",NA,NA,NA,NA,NA,NA,NA,0,"None",NA,4118,NA,NA,NA,NA,NA,NA,NA,NA,0,"local",FALSE,NA,NA,NA,NA,NA,NA,NA,NA,NA,NA
"MiFish_0000009",NA,NA,NA,NA,NA,NA,NA,0,"None",NA,25,NA,NA,NA,NA,NA,NA,NA,NA,0,"local",FALSE,NA,NA,NA,NA,NA,NA,NA,NA,NA,NA
"MiFish_0000010",NA,NA,NA,NA,NA,NA,NA,0,"None",NA,800,NA,NA,NA,NA,NA,NA,NA,NA,0,"local",FALSE,NA,NA,NA,NA,NA,NA,NA,NA,NA,NA
"MiFish_0000011",NA,NA,NA,NA,NA,NA,NA,0,"None",NA,12,NA,NA,NA,NA,NA,NA,NA,NA,0,"local",FALSE,NA,NA,NA,NA,NA,NA,NA,NA,NA,NA
"MiFish_0000012","Eukaryota","Chordata","Actinopteri",NA,"Pomacentridae","Stegastes","Stegastes arcifrons",100,"1350519","Stegastes arcifrons",57251,NA,NA,NA,NA,NA,NA,NA,NA,0,"global",FALSE,100,"global","Eukaryota","Chordata","Actinopteri",NA,"Pomacentridae","Stegastes","Stegastes arcifrons","Stegastes arcifrons"
"MiFish_0000013",NA,NA,NA,NA,NA,NA,NA,0,"None",NA,15914,NA,NA,NA,NA,NA,NA,NA,NA,0,"local",FALSE,NA,NA,NA,NA,NA,NA,NA,NA,NA,NA
"MiFish_0000014",NA,NA,NA,NA,NA,NA,NA,0,"None",NA,27,NA,NA,NA,NA,NA,NA,NA,NA,0,"local",FALSE,NA,NA,NA,NA,NA,NA,NA,NA,NA,NA
"MiFish_0000015",NA,NA,NA,NA,NA,NA,NA,0,"None",NA,28,NA,NA,NA,NA,NA,NA,NA,NA,0,"local",FALSE,NA,NA,NA,NA,NA,NA,NA,NA,NA,NA
"MiFish_0000016",NA,NA,NA,NA,NA,NA,NA,0,"None",NA,3486,NA,NA,NA,NA,NA,NA,NA,NA,0,"local",FALSE,NA,NA,NA,NA,NA,NA,NA,NA,NA,NA
"MiFish_0000017",NA,NA,NA,NA,NA,NA,NA,0,"None",NA,40,NA,NA,NA,NA,NA,NA,NA,NA,0,"local",FALSE,NA,NA,NA,NA,NA,NA,NA,NA,NA,NA
"MiFish_0000018",NA,NA,NA,NA,NA,NA,NA,0,"None",NA,513,NA,NA,NA,NA,NA,NA,NA,NA,0,"local",FALSE,NA,NA,NA,NA,NA,NA,NA,NA,NA,NA
"MiFish_0000019",NA,NA,NA,NA,NA,NA,NA,0,"None",NA,11,NA,NA,NA,NA,NA,NA,NA,NA,0,"local",FALSE,NA,NA,NA,NA,NA,NA,NA,NA,NA,NA
"MiFish_0000020",NA,NA,NA,NA,NA,NA,NA,0,"None",NA,432,NA,NA,NA,NA,NA,NA,NA,NA,0,"local",FALSE,NA,NA,NA,NA,NA,NA,NA,NA,NA,NA
"MiFish_0000021",NA,NA,NA,NA,NA,NA,NA,0,"None",NA,122,NA,NA,NA,NA,NA,NA,NA,NA,0,"local",FALSE,NA,NA,NA,NA,NA,NA,NA,NA,NA,NA
"MiFish_0000022",NA,NA,NA,NA,NA,NA,NA,0,"None",NA,3531,NA,NA,NA,NA,NA,NA,NA,NA,0,"local",FALSE,NA,NA,NA,NA,NA,NA,NA,NA,NA,NA
"MiFish_0000023",NA,NA,NA,NA,NA,NA,NA,0,"None",NA,94,NA,NA,NA,NA,NA,NA,NA,NA,0,"local",FALSE,NA,NA,NA,NA,NA,NA,NA,NA,NA,NA
"MiFish_0000024",NA,NA,NA,NA,NA,NA,NA,0,"None",NA,27,NA,NA,NA,NA,NA,NA,NA,NA,0,"local",FALSE,NA,NA,NA,NA,NA,NA,NA,NA,NA,NA
"MiFish_0000025",NA,NA,NA,NA,NA,NA,NA,0,"None",NA,92,NA,NA,NA,NA,NA,NA,NA,NA,0,"local",FALSE,NA,NA,NA,NA,NA,NA,NA,NA,NA,NA
"MiFish_0000026",NA,NA,NA,NA,NA,NA,NA,0,"None",NA,480,NA,NA,NA,NA,NA,NA,NA,NA,0,"local",FALSE,NA,NA,NA,NA,NA,NA,NA,NA,NA,NA
"MiFish_0000027",NA,NA,NA,NA,NA,NA,NA,0,"None",NA,8263,NA,NA,NA,NA,NA,NA,NA,NA,0,"local",FALSE,NA,NA,NA,NA,NA,NA,NA,NA,NA,NA
"MiFish_0000028",NA,NA,NA,NA,NA,NA,NA,0,"None",NA,10,NA,NA,NA,NA,NA,NA,NA,NA,0,"local",FALSE,NA,NA,NA,NA,NA,NA,NA,NA,NA,NA
"MiFish_0000029",NA,NA,NA,NA,NA,NA,NA,0,"None",NA,87,NA,NA,NA,NA,NA,NA,NA,NA,0,"local",FALSE,NA,NA,NA,NA,NA,NA,NA,NA,NA,NA
"MiFish_0000030",NA,NA,NA,NA,NA,NA,NA,0,"None",NA,89,NA,NA,NA,NA,NA,NA,NA,NA,0,"local",FALSE,NA,NA,NA,NA,NA,NA,NA,NA,NA,NA
"MiFish_0000031",NA,NA,NA,NA,NA,NA,NA,0,"None",NA,18,NA,NA,NA,NA,NA,NA,NA,NA,0,"local",FALSE,NA,NA,NA,NA,NA,NA,NA,NA,NA,NA
"MiFish_0000032",NA,NA,NA,NA,NA,NA,NA,0,"None",NA,13,NA,NA,NA,NA,NA,NA,NA,NA,0,"local",FALSE,NA,NA,NA,NA,NA,NA,NA,NA,NA,NA
"MiFish_0000033",NA,NA,NA,NA,NA,NA,NA,0,"None",NA,49,NA,NA,NA,NA,NA,NA,NA,NA,0,"local",FALSE,NA,NA,NA,NA,NA,NA,NA,NA,NA,NA
"MiFish_0000034",NA,NA,NA,NA,NA,NA,NA,0,"None",NA,40,NA,NA,NA,NA,NA,NA,NA,NA,0,"local",FALSE,NA,NA,NA,NA,NA,NA,NA,NA,NA,NA
"MiFish_0000035","Eukaryota","Chordata","Actinopteri","Mugiliformes","Mugilidae","Mugil","Mugil thoburni",98.8235294117647,"1229150","Mugil thoburni",62,"d:Eukaryota,p:Chordata,c:Actinopteri,o:Mugiliformes,f:Mugilidae,g:Mugil,s:Mugil_thoburni","Eukaryota","Chordata","Actinopteri","Mugiliformes","Mugilidae","Mugil","Mugil thoburni",98.8,"global",TRUE,98.8235294117647,"lca_global_v_local","Eukaryota","Chordata","Actinopteri","Mugiliformes","Mugilidae","Mugil","Mugil thoburni","Mugil thoburni"
"MiFish_0000036",NA,NA,NA,NA,NA,NA,NA,0,"None",NA,11,NA,NA,NA,NA,NA,NA,NA,NA,0,"local",FALSE,NA,NA,NA,NA,NA,NA,NA,NA,NA,NA
"MiFish_0000037",NA,NA,NA,NA,NA,NA,NA,0,"None",NA,71,NA,NA,NA,NA,NA,NA,NA,NA,0,"local",FALSE,NA,NA,NA,NA,NA,NA,NA,NA,NA,NA
"MiFish_0000038",NA,NA,NA,NA,NA,NA,NA,0,"None",NA,49,NA,NA,NA,NA,NA,NA,NA,NA,0,"local",FALSE,NA,NA,NA,NA,NA,NA,NA,NA,NA,NA
"MiFish_0000039",NA,NA,NA,NA,NA,NA,NA,0,"None",NA,42,NA,NA,NA,NA,NA,NA,NA,NA,0,"local",FALSE,NA,NA,NA,NA,NA,NA,NA,NA,NA,NA
"MiFish_0000040",NA,NA,NA,NA,NA,NA,NA,0,"None",NA,25,NA,NA,NA,NA,NA,NA,NA,NA,0,"local",FALSE,NA,NA,NA,NA,NA,NA,NA,NA,NA,NA
"MiFish_0000041",NA,NA,NA,NA,NA,NA,NA,0,"None",NA,12,NA,NA,NA,NA,NA,NA,NA,NA,0,"local",FALSE,NA,NA,NA,NA,NA,NA,NA,NA,NA,NA
"MiFish_0000042",NA,NA,NA,NA,NA,NA,NA,0,"None",NA,22,NA,NA,NA,NA,NA,NA,NA,NA,0,"local",FALSE,NA,NA,NA,NA,NA,NA,NA,NA,NA,NA
"MiFish_0000043",NA,NA,NA,NA,NA,NA,NA,0,"None",NA,13,NA,NA,NA,NA,NA,NA,NA,NA,0,"local",FALSE,NA,NA,NA,NA,NA,NA,NA,NA,NA,NA
"MiFish_0000044",NA,NA,NA,NA,NA,NA,NA,0,"None",NA,453,NA,NA,NA,NA,NA,NA,NA,NA,0,"local",FALSE,NA,NA,NA,NA,NA,NA,NA,NA,NA,NA
"MiFish_0000045","Eukaryota","Chordata","Actinopteri",NA,"Pomacentridae","Stegastes","Stegastes arcifrons",99.4285714285714,"1350519","Stegastes arcifrons",189,NA,NA,NA,NA,NA,NA,NA,NA,0,"global",FALSE,99.4285714285714,"global","Eukaryota","Chordata","Actinopteri",NA,"Pomacentridae","Stegastes","Stegastes arcifrons","Stegastes arcifrons"
"MiFish_0000046",NA,NA,NA,NA,NA,NA,NA,0,"None",NA,142,NA,NA,NA,NA,NA,NA,NA,NA,0,"local",FALSE,NA,NA,NA,NA,NA,NA,NA,NA,NA,NA
"MiFish_0000047",NA,NA,NA,NA,NA,NA,NA,0,"None",NA,69,NA,NA,NA,NA,NA,NA,NA,NA,0,"local",FALSE,NA,NA,NA,NA,NA,NA,NA,NA,NA,NA
"MiFish_0000048",NA,NA,NA,NA,NA,NA,NA,0,"None",NA,28,NA,NA,NA,NA,NA,NA,NA,NA,0,"local",FALSE,NA,NA,NA,NA,NA,NA,NA,NA,NA,NA
"MiFish_0000049",NA,NA,NA,NA,NA,NA,NA,0,"None",NA,21,NA,NA,NA,NA,NA,NA,NA,NA,0,"local",FALSE,NA,NA,NA,NA,NA,NA,NA,NA,NA,NA
"MiFish_0000050",NA,NA,NA,NA,NA,NA,NA,0,"None",NA,37,NA,NA,NA,NA,NA,NA,NA,NA,0,"local",FALSE,NA,NA,NA,NA,NA,NA,NA,NA,NA,NA
"MiFish_0000051",NA,NA,NA,NA,NA,NA,NA,0,"None",NA,35,NA,NA,NA,NA,NA,NA,NA,NA,0,"local",FALSE,NA,NA,NA,NA,NA,NA,NA,NA,NA,NA
"MiFish_0000052",NA,NA,NA,NA,NA,NA,NA,0,"None",NA,11,NA,NA,NA,NA,NA,NA,NA,NA,0,"local",FALSE,NA,NA,NA,NA,NA,NA,NA,NA,NA,NA
"MiFish_0000053",NA,NA,NA,NA,NA,NA,NA,0,"None",NA,108,NA,NA,NA,NA,NA,NA,NA,NA,0,"local",FALSE,NA,NA,NA,NA,NA,NA,NA,NA,NA,NA
"MiFish_0000054",NA,NA,NA,NA,NA,NA,NA,0,"None",NA,36,NA,NA,NA,NA,NA,NA,NA,NA,0,"local",FALSE,NA,NA,NA,NA,NA,NA,NA,NA,NA,NA
"MiFish_0000055","Eukaryota","Chordata","Actinopteri","Mugiliformes","Mugilidae","Mugil","Mugil thoburni",99.4117647058823,"1229150","Mugil thoburni",496,"d:Eukaryota,p:Chordata,c:Actinopteri,o:Mugiliformes,f:Mugilidae,g:Mugil,s:Mugil_thoburni","Eukaryota","Chordata","Actinopteri","Mugiliformes","Mugilidae","Mugil","Mugil thoburni",99.4,"global",TRUE,99.4117647058823,"lca_global_v_local","Eukaryota","Chordata","Actinopteri","Mugiliformes","Mugilidae","Mugil","Mugil thoburni","Mugil thoburni"
"MiFish_0000056",NA,NA,NA,NA,NA,NA,NA,0,"None",NA,45,NA,NA,NA,NA,NA,NA,NA,NA,0,"local",FALSE,NA,NA,NA,NA,NA,NA,NA,NA,NA,NA
"MiFish_0000057",NA,NA,NA,NA,NA,NA,NA,0,"None",NA,198,NA,NA,NA,NA,NA,NA,NA,NA,0,"local",FALSE,NA,NA,NA,NA,NA,NA,NA,NA,NA,NA
"MiFish_0000058","Eukaryota","Chordata","Actinopteri","Spariformes","Sparidae","Archosargus","Archosargus rhomboidalis",97.0588235294118,"722560","Archosargus rhomboidalis",10375,NA,NA,NA,NA,NA,NA,NA,NA,0,"global",FALSE,97.0588235294118,"global","Eukaryota","Chordata","Actinopteri","Spariformes","Sparidae","Archosargus","Archosargus rhomboidalis","Archosargus rhomboidalis"
"MiFish_0000059",NA,NA,NA,NA,NA,NA,NA,0,"None",NA,17,NA,NA,NA,NA,NA,NA,NA,NA,0,"local",FALSE,NA,NA,NA,NA,NA,NA,NA,NA,NA,NA
"MiFish_0000060",NA,NA,NA,NA,NA,NA,NA,0,"None",NA,2362,NA,NA,NA,NA,NA,NA,NA,NA,0,"local",FALSE,NA,NA,NA,NA,NA,NA,NA,NA,NA,NA
"MiFish_0000061",NA,NA,NA,NA,NA,NA,NA,0,"None",NA,17,NA,NA,NA,NA,NA,NA,NA,NA,0,"local",FALSE,NA,NA,NA,NA,NA,NA,NA,NA,NA,NA
"MiFish_0000062",NA,NA,NA,NA,NA,NA,NA,0,"None",NA,22,NA,NA,NA,NA,NA,NA,NA,NA,0,"local",FALSE,NA,NA,NA,NA,NA,NA,NA,NA,NA,NA
"MiFish_0000063",NA,NA,NA,NA,NA,NA,NA,0,"None",NA,44,NA,NA,NA,NA,NA,NA,NA,NA,0,"local",FALSE,NA,NA,NA,NA,NA,NA,NA,NA,NA,NA
"MiFish_0000064",NA,NA,NA,NA,NA,NA,NA,0,"None",NA,15,NA,NA,NA,NA,NA,NA,NA,NA,0,"local",FALSE,NA,NA,NA,NA,NA,NA,NA,NA,NA,NA
"MiFish_0000065",NA,NA,NA,NA,NA,NA,NA,0,"None",NA,21,NA,NA,NA,NA,NA,NA,NA,NA,0,"local",FALSE,NA,NA,NA,NA,NA,NA,NA,NA,NA,NA
"MiFish_0000066","Eukaryota","Chordata","Actinopteri","Myctophiformes","Myctophidae","Lampanyctus","Lampanyctus acanthurus",95.3757225433526,"2884370","Lampanyctus acanthurus",65,NA,NA,NA,NA,NA,NA,NA,NA,0,"global",FALSE,95.3757225433526,"global","Eukaryota","Chordata","Actinopteri","Myctophiformes","Myctophidae","Lampanyctus","Lampanyctus acanthurus","Lampanyctus acanthurus"
"MiFish_0000067",NA,NA,NA,NA,NA,NA,NA,0,"None",NA,106,NA,NA,NA,NA,NA,NA,NA,NA,0,"local",FALSE,NA,NA,NA,NA,NA,NA,NA,NA,NA,NA
"MiFish_0000068",NA,NA,NA,NA,NA,NA,NA,0,"None",NA,33,NA,NA,NA,NA,NA,NA,NA,NA,0,"local",FALSE,NA,NA,NA,NA,NA,NA,NA,NA,NA,NA
"MiFish_0000069",NA,NA,NA,NA,NA,NA,NA,0,"None",NA,66878,NA,NA,NA,NA,NA,NA,NA,NA,0,"local",FALSE,NA,NA,NA,NA,NA,NA,NA,NA,NA,NA
"MiFish_0000070",NA,NA,NA,NA,NA,NA,NA,0,"None",NA,1076,NA,NA,NA,NA,NA,NA,NA,NA,0,"local",FALSE,NA,NA,NA,NA,NA,NA,NA,NA,NA,NA
"MiFish_0000071",NA,NA,NA,NA,NA,NA,NA,0,"None",NA,24,NA,NA,NA,NA,NA,NA,NA,NA,0,"local",FALSE,NA,NA,NA,NA,NA,NA,NA,NA,NA,NA
"MiFish_0000072",NA,NA,NA,NA,NA,NA,NA,0,"None",NA,30,NA,NA,NA,NA,NA,NA,NA,NA,0,"local",FALSE,NA,NA,NA,NA,NA,NA,NA,NA,NA,NA
"MiFish_0000073",NA,NA,NA,NA,NA,NA,NA,0,"None",NA,16,NA,NA,NA,NA,NA,NA,NA,NA,0,"local",FALSE,NA,NA,NA,NA,NA,NA,NA,NA,NA,NA
"MiFish_0000074",NA,NA,NA,NA,NA,NA,NA,0,"None",NA,15,NA,NA,NA,NA,NA,NA,NA,NA,0,"local",FALSE,NA,NA,NA,NA,NA,NA,NA,NA,NA,NA
"MiFish_0000075",NA,NA,NA,NA,NA,NA,NA,0,"None",NA,14,NA,NA,NA,NA,NA,NA,NA,NA,0,"local",FALSE,NA,NA,NA,NA,NA,NA,NA,NA,NA,NA
"MiFish_0000076",NA,NA,NA,NA,NA,NA,NA,0,"None",NA,25,NA,NA,NA,NA,NA,NA,NA,NA,0,"local",FALSE,NA,NA,NA,NA,NA,NA,NA,NA,NA,NA
"MiFish_0000077",NA,NA,NA,NA,NA,NA,NA,0,"None",NA,26,NA,NA,NA,NA,NA,NA,NA,NA,0,"local",FALSE,NA,NA,NA,NA,NA,NA,NA,NA,NA,NA
"MiFish_0000078",NA,NA,NA,NA,NA,NA,NA,0,"None",NA,43,NA,NA,NA,NA,NA,NA,NA,NA,0,"local",FALSE,NA,NA,NA,NA,NA,NA,NA,NA,NA,NA
"MiFish_0000079",NA,NA,NA,NA,NA,NA,NA,0,"None",NA,19,NA,NA,NA,NA,NA,NA,NA,NA,0,"local",FALSE,NA,NA,NA,NA,NA,NA,NA,NA,NA,NA
"MiFish_0000080",NA,NA,NA,NA,NA,NA,NA,0,"None",NA,23,NA,NA,NA,NA,NA,NA,NA,NA,0,"local",FALSE,NA,NA,NA,NA,NA,NA,NA,NA,NA,NA
"MiFish_0000081",NA,NA,NA,NA,NA,NA,NA,0,"None",NA,17,NA,NA,NA,NA,NA,NA,NA,NA,0,"local",FALSE,NA,NA,NA,NA,NA,NA,NA,NA,NA,NA
"MiFish_0000082",NA,NA,NA,NA,NA,NA,NA,0,"None",NA,81,NA,NA,NA,NA,NA,NA,NA,NA,0,"local",FALSE,NA,NA,NA,NA,NA,NA,NA,NA,NA,NA
"MiFish_0000083",NA,NA,NA,NA,NA,NA,NA,0,"None",NA,12,NA,NA,NA,NA,NA,NA,NA,NA,0,"local",FALSE,NA,NA,NA,NA,NA,NA,NA,NA,NA,NA
"MiFish_0000084",NA,NA,NA,NA,NA,NA,NA,0,"None",NA,92,NA,NA,NA,NA,NA,NA,NA,NA,0,"local",FALSE,NA,NA,NA,NA,NA,NA,NA,NA,NA,NA
"MiFish_0000085",NA,NA,NA,NA,NA,NA,NA,0,"None",NA,15,NA,NA,NA,NA,NA,NA,NA,NA,0,"local",FALSE,NA,NA,NA,NA,NA,NA,NA,NA,NA,NA
"MiFish_0000086",NA,NA,NA,NA,NA,NA,NA,0,"None",NA,82,NA,NA,NA,NA,NA,NA,NA,NA,0,"local",FALSE,NA,NA,NA,NA,NA,NA,NA,NA,NA,NA
"MiFish_0000087",NA,NA,NA,NA,NA,NA,NA,0,"None",NA,10,NA,NA,NA,NA,NA,NA,NA,NA,0,"local",FALSE,NA,NA,NA,NA,NA,NA,NA,NA,NA,NA
"MiFish_0000088",NA,NA,NA,NA,NA,NA,NA,0,"None",NA,11,NA,NA,NA,NA,NA,NA,NA,NA,0,"local",FALSE,NA,NA,NA,NA,NA,NA,NA,NA,NA,NA
"MiFish_0000089",NA,NA,NA,NA,NA,NA,NA,0,"None",NA,13,NA,NA,NA,NA,NA,NA,NA,NA,0,"local",FALSE,NA,NA,NA,NA,NA,NA,NA,NA,NA,NA
"MiFish_0000090",NA,NA,NA,NA,NA,NA,NA,0,"None",NA,13,NA,NA,NA,NA,NA,NA,NA,NA,0,"local",FALSE,NA,NA,NA,NA,NA,NA,NA,NA,NA,NA
"MiFish_0000091","Eukaryota","Chordata","Actinopteri","Lutjaniformes","Lutjanidae","Lutjanus","Lutjanus argentimaculatus",97.6331360946746,"211834","Lutjanus argentimaculatus",10696,NA,NA,NA,NA,NA,NA,NA,NA,0,"global",FALSE,97.6331360946746,"global","Eukaryota","Chordata","Actinopteri","Lutjaniformes","Lutjanidae","Lutjanus","Lutjanus argentimaculatus","Lutjanus argentimaculatus"
"MiFish_0000092","Eukaryota","Chordata","Actinopteri","Lutjaniformes","Lutjanidae","Lutjanus",NA,98.8165680473373,"40493","Lutjanus",10583,NA,NA,NA,NA,NA,NA,NA,NA,0,"global",FALSE,98.8165680473373,"global","Eukaryota","Chordata","Actinopteri","Lutjaniformes","Lutjanidae","Lutjanus",NA,"Lutjanus"
"MiFish_0000093","Eukaryota","Chordata","Actinopteri","Lutjaniformes","Haemulidae","Orthopristis","Orthopristis chrysoptera",98.2248520710059,"482919","Orthopristis chrysoptera",20547,NA,NA,NA,NA,NA,NA,NA,NA,0,"global",FALSE,98.2248520710059,"global","Eukaryota","Chordata","Actinopteri","Lutjaniformes","Haemulidae","Orthopristis","Orthopristis chrysoptera","Orthopristis chrysoptera"
"MiFish_0000094","Eukaryota","Chordata","Actinopteri","Lutjaniformes","Haemulidae","Orthopristis","Orthopristis chrysoptera",97.6331360946746,"482919","Orthopristis chrysoptera",294,NA,NA,NA,NA,NA,NA,NA,NA,0,"global",FALSE,97.6331360946746,"global","Eukaryota","Chordata","Actinopteri","Lutjaniformes","Haemulidae","Orthopristis","Orthopristis chrysoptera","Orthopristis chrysoptera"
"MiFish_0000095","Eukaryota","Chordata","Actinopteri","Gerreiformes","Gerreidae","Gerres","Gerres cinereus",100,"435274","Gerres cinereus",7098,NA,NA,NA,NA,NA,NA,NA,NA,0,"global",FALSE,100,"global","Eukaryota","Chordata","Actinopteri","Gerreiformes","Gerreidae","Gerres","Gerres cinereus","Gerres cinereus"
"MiFish_0000096","Eukaryota","Chordata","Actinopteri","Lutjaniformes","Lutjanidae","Lutjanus",NA,98.2248520710059,"40493","Lutjanus",43,NA,NA,NA,NA,NA,NA,NA,NA,0,"global",FALSE,98.2248520710059,"global","Eukaryota","Chordata","Actinopteri","Lutjaniformes","Lutjanidae","Lutjanus",NA,"Lutjanus"
"MiFish_0000097",NA,NA,NA,NA,NA,NA,NA,0,"None",NA,28275,NA,NA,NA,NA,NA,NA,NA,NA,0,"local",FALSE,NA,NA,NA,NA,NA,NA,NA,NA,NA,NA
"MiFish_0000098","Eukaryota","Chordata","Actinopteri","Mugiliformes","Mugilidae","Mugil","Mugil cephalus",100,"48193","Mugil cephalus",156835,"d:Eukaryota,p:Chordata,c:Actinopteri,o:Mugiliformes,f:Mugilidae,g:Mugil,s:Mugil_cephalus","Eukaryota","Chordata","Actinopteri","Mugiliformes","Mugilidae","Mugil","Mugil cephalus",100,"local",FALSE,100,"local","Eukaryota","Chordata","Actinopteri","Mugiliformes","Mugilidae","Mugil","Mugil cephalus","Mugil cephalus"
"MiFish_0000099",NA,NA,NA,NA,NA,NA,NA,0,"None",NA,1362,NA,NA,NA,NA,NA,NA,NA,NA,0,"local",FALSE,NA,NA,NA,NA,NA,NA,NA,NA,NA,NA
"MiFish_0000100","Eukaryota","Chordata","Actinopteri","Lutjaniformes","Lutjanidae","Lutjanus",NA,98.2248520710059,"40493","Lutjanus",35,NA,NA,NA,NA,NA,NA,NA,NA,0,"global",FALSE,98.2248520710059,"global","Eukaryota","Chordata","Actinopteri","Lutjaniformes","Lutjanidae","Lutjanus",NA,"Lutjanus"
"MiFish_0000101",NA,NA,NA,NA,NA,NA,NA,0,"None",NA,239,NA,NA,NA,NA,NA,NA,NA,NA,0,"local",FALSE,NA,NA,NA,NA,NA,NA,NA,NA,NA,NA
"MiFish_0000102","Eukaryota","Chordata","Actinopteri","Lutjaniformes","Lutjanidae","Lutjanus",NA,98.2248520710059,"40493","Lutjanus",25,NA,NA,NA,NA,NA,NA,NA,NA,0,"global",FALSE,98.2248520710059,"global","Eukaryota","Chordata","Actinopteri","Lutjaniformes","Lutjanidae","Lutjanus",NA,"Lutjanus"
"MiFish_0000103","Eukaryota","Chordata","Actinopteri","Lutjaniformes","Haemulidae","Orthopristis","Orthopristis chrysoptera",97.6331360946746,"482919","Orthopristis chrysoptera",120,NA,NA,NA,NA,NA,NA,NA,NA,0,"global",FALSE,97.6331360946746,"global","Eukaryota","Chordata","Actinopteri","Lutjaniformes","Haemulidae","Orthopristis","Orthopristis chrysoptera","Orthopristis chrysoptera"
"MiFish_0000104",NA,NA,NA,NA,NA,NA,NA,0,"None",NA,13,NA,NA,NA,NA,NA,NA,NA,NA,0,"local",FALSE,NA,NA,NA,NA,NA,NA,NA,NA,NA,NA
"MiFish_0000105","Eukaryota","Chordata","Actinopteri","Lutjaniformes","Lutjanidae","Lutjanus",NA,98.2248520710059,"40493","Lutjanus",25,NA,NA,NA,NA,NA,NA,NA,NA,0,"global",FALSE,98.2248520710059,"global","Eukaryota","Chordata","Actinopteri","Lutjaniformes","Lutjanidae","Lutjanus",NA,"Lutjanus"
"MiFish_0000106","Eukaryota","Chordata","Actinopteri","Lutjaniformes","Haemulidae","Orthopristis","Orthopristis chrysoptera",97.6331360946746,"482919","Orthopristis chrysoptera",63,NA,NA,NA,NA,NA,NA,NA,NA,0,"global",FALSE,97.6331360946746,"global","Eukaryota","Chordata","Actinopteri","Lutjaniformes","Haemulidae","Orthopristis","Orthopristis chrysoptera","Orthopristis chrysoptera"
"MiFish_0000107","Eukaryota","Chordata","Actinopteri","Lutjaniformes","Lutjanidae","Lutjanus","Lutjanus argentimaculatus",97.0414201183432,"211834","Lutjanus argentimaculatus",61,NA,NA,NA,NA,NA,NA,NA,NA,0,"global",FALSE,97.0414201183432,"global","Eukaryota","Chordata","Actinopteri","Lutjaniformes","Lutjanidae","Lutjanus","Lutjanus argentimaculatus","Lutjanus argentimaculatus"
"MiFish_0000108","Eukaryota","Chordata","Actinopteri","Lutjaniformes","Lutjanidae","Lutjanus","Lutjanus argentimaculatus",97.0414201183432,"211834","Lutjanus argentimaculatus",44,NA,NA,NA,NA,NA,NA,NA,NA,0,"global",FALSE,97.0414201183432,"global","Eukaryota","Chordata","Actinopteri","Lutjaniformes","Lutjanidae","Lutjanus","Lutjanus argentimaculatus","Lutjanus argentimaculatus"
"MiFish_0000109","Eukaryota","Chordata","Actinopteri","Lutjaniformes","Lutjanidae","Lutjanus",NA,98.2248520710059,"40493","Lutjanus",82,NA,NA,NA,NA,NA,NA,NA,NA,0,"global",FALSE,98.2248520710059,"global","Eukaryota","Chordata","Actinopteri","Lutjaniformes","Lutjanidae","Lutjanus",NA,"Lutjanus"
"MiFish_0000110","Eukaryota","Chordata","Actinopteri","Lutjaniformes","Haemulidae","Orthopristis","Orthopristis chrysoptera",97.6331360946746,"482919","Orthopristis chrysoptera",21,NA,NA,NA,NA,NA,NA,NA,NA,0,"global",FALSE,97.6331360946746,"global","Eukaryota","Chordata","Actinopteri","Lutjaniformes","Haemulidae","Orthopristis","Orthopristis chrysoptera","Orthopristis chrysoptera"
"MiFish_0000111","Eukaryota","Chordata","Actinopteri","Lutjaniformes","Haemulidae","Orthopristis","Orthopristis chrysoptera",97.6331360946746,"482919","Orthopristis chrysoptera",35,NA,NA,NA,NA,NA,NA,NA,NA,0,"global",FALSE,97.6331360946746,"global","Eukaryota","Chordata","Actinopteri","Lutjaniformes","Haemulidae","Orthopristis","Orthopristis chrysoptera","Orthopristis chrysoptera"
"MiFish_0000112","Eukaryota","Chordata","Actinopteri","Lutjaniformes","Haemulidae","Orthopristis","Orthopristis chrysoptera",97.6331360946746,"482919","Orthopristis chrysoptera",83,NA,NA,NA,NA,NA,NA,NA,NA,0,"global",FALSE,97.6331360946746,"global","Eukaryota","Chordata","Actinopteri","Lutjaniformes","Haemulidae","Orthopristis","Orthopristis chrysoptera","Orthopristis chrysoptera"
"MiFish_0000113","Eukaryota","Chordata","Actinopteri","Lutjaniformes","Haemulidae","Orthopristis","Orthopristis chrysoptera",97.6331360946746,"482919","Orthopristis chrysoptera",52,NA,NA,NA,NA,NA,NA,NA,NA,0,"global",FALSE,97.6331360946746,"global","Eukaryota","Chordata","Actinopteri","Lutjaniformes","Haemulidae","Orthopristis","Orthopristis chrysoptera","Orthopristis chrysoptera"
"MiFish_0000114","Eukaryota","Chordata","Actinopteri","Lutjaniformes","Haemulidae","Orthopristis","Orthopristis chrysoptera",96.4705882352941,"482919","Orthopristis chrysoptera",15,NA,NA,NA,NA,NA,NA,NA,NA,0,"global",FALSE,96.4705882352941,"global","Eukaryota","Chordata","Actinopteri","Lutjaniformes","Haemulidae","Orthopristis","Orthopristis chrysoptera","Orthopristis chrysoptera"
"MiFish_0000115","Eukaryota","Chordata","Actinopteri","Mugiliformes","Mugilidae","Mugil","Mugil cephalus",98.2456140350877,"48193","Mugil cephalus",367,"d:Eukaryota,p:Chordata,c:Actinopteri,o:Mugiliformes,f:Mugilidae,g:Mugil,s:Mugil_cephalus","Eukaryota","Chordata","Actinopteri","Mugiliformes","Mugilidae","Mugil","Mugil cephalus",98.2,"global",TRUE,98.2456140350877,"lca_global_v_local","Eukaryota","Chordata","Actinopteri","Mugiliformes","Mugilidae","Mugil","Mugil cephalus","Mugil cephalus"
"MiFish_0000116",NA,NA,NA,NA,NA,NA,NA,0,"None",NA,64,NA,NA,NA,NA,NA,NA,NA,NA,0,"local",FALSE,NA,NA,NA,NA,NA,NA,NA,NA,NA,NA
"MiFish_0000117","Eukaryota","Chordata","Actinopteri","Lutjaniformes","Lutjanidae","Lutjanus","Lutjanus argentimaculatus",97.0414201183432,"211834","Lutjanus argentimaculatus",29,NA,NA,NA,NA,NA,NA,NA,NA,0,"global",FALSE,97.0414201183432,"global","Eukaryota","Chordata","Actinopteri","Lutjaniformes","Lutjanidae","Lutjanus","Lutjanus argentimaculatus","Lutjanus argentimaculatus"
"MiFish_0000118","Eukaryota","Chordata","Actinopteri","Lutjaniformes","Lutjanidae","Lutjanus",NA,98.2248520710059,"40493","Lutjanus",11,NA,NA,NA,NA,NA,NA,NA,NA,0,"global",FALSE,98.2248520710059,"global","Eukaryota","Chordata","Actinopteri","Lutjaniformes","Lutjanidae","Lutjanus",NA,"Lutjanus"
"MiFish_0000119","Eukaryota","Chordata","Actinopteri","Lutjaniformes","Lutjanidae","Lutjanus",NA,98.2248520710059,"40493","Lutjanus",30,NA,NA,NA,NA,NA,NA,NA,NA,0,"global",FALSE,98.2248520710059,"global","Eukaryota","Chordata","Actinopteri","Lutjaniformes","Lutjanidae","Lutjanus",NA,"Lutjanus"
"MiFish_0000120",NA,NA,NA,NA,NA,NA,NA,0,"None",NA,16,NA,NA,NA,NA,NA,NA,NA,NA,0,"local",FALSE,NA,NA,NA,NA,NA,NA,NA,NA,NA,NA
"MiFish_0000121","Eukaryota","Chordata","Actinopteri","Lutjaniformes","Haemulidae","Orthopristis","Orthopristis chrysoptera",97.6331360946746,"482919","Orthopristis chrysoptera",86,NA,NA,NA,NA,NA,NA,NA,NA,0,"global",FALSE,97.6331360946746,"global","Eukaryota","Chordata","Actinopteri","Lutjaniformes","Haemulidae","Orthopristis","Orthopristis chrysoptera","Orthopristis chrysoptera"
"MiFish_0000122","Eukaryota","Chordata","Actinopteri","Lutjaniformes","Haemulidae","Orthopristis","Orthopristis chrysoptera",97.6331360946746,"482919","Orthopristis chrysoptera",55,NA,NA,NA,NA,NA,NA,NA,NA,0,"global",FALSE,97.6331360946746,"global","Eukaryota","Chordata","Actinopteri","Lutjaniformes","Haemulidae","Orthopristis","Orthopristis chrysoptera","Orthopristis chrysoptera"
"MiFish_0000123","Eukaryota","Chordata","Actinopteri","Gerreiformes","Gerreidae","Gerres","Gerres cinereus",99.4082840236686,"435274","Gerres cinereus",22,NA,NA,NA,NA,NA,NA,NA,NA,0,"global",FALSE,99.4082840236686,"global","Eukaryota","Chordata","Actinopteri","Gerreiformes","Gerreidae","Gerres","Gerres cinereus","Gerres cinereus"
"MiFish_0000124","Eukaryota","Chordata","Actinopteri","Mugiliformes","Mugilidae","Mugil","Mugil cephalus",99.4152046783626,"48193","Mugil cephalus",3432,"d:Eukaryota,p:Chordata,c:Actinopteri,o:Mugiliformes,f:Mugilidae,g:Mugil,s:Mugil_cephalus","Eukaryota","Chordata","Actinopteri","Mugiliformes","Mugilidae","Mugil","Mugil cephalus",99.4,"global",TRUE,99.4152046783626,"lca_global_v_local","Eukaryota","Chordata","Actinopteri","Mugiliformes","Mugilidae","Mugil","Mugil cephalus","Mugil cephalus"
"MiFish_0000125",NA,NA,NA,NA,NA,NA,NA,0,"None",NA,291,NA,NA,NA,NA,NA,NA,NA,NA,0,"local",FALSE,NA,NA,NA,NA,NA,NA,NA,NA,NA,NA
"MiFish_0000126","Eukaryota","Chordata","Actinopteri","Lutjaniformes","Lutjanidae","Lutjanus","Lutjanus argentimaculatus",97.0414201183432,"211834","Lutjanus argentimaculatus",25,NA,NA,NA,NA,NA,NA,NA,NA,0,"global",FALSE,97.0414201183432,"global","Eukaryota","Chordata","Actinopteri","Lutjaniformes","Lutjanidae","Lutjanus","Lutjanus argentimaculatus","Lutjanus argentimaculatus"
"MiFish_0000127","Eukaryota","Chordata","Actinopteri","Gerreiformes","Gerreidae","Gerres","Gerres cinereus",99.4082840236686,"435274","Gerres cinereus",55,NA,NA,NA,NA,NA,NA,NA,NA,0,"global",FALSE,99.4082840236686,"global","Eukaryota","Chordata","Actinopteri","Gerreiformes","Gerreidae","Gerres","Gerres cinereus","Gerres cinereus"
"MiFish_0000128",NA,NA,NA,NA,NA,NA,NA,0,"None",NA,19,NA,NA,NA,NA,NA,NA,NA,NA,0,"local",FALSE,NA,NA,NA,NA,NA,NA,NA,NA,NA,NA
"MiFish_0000129","Eukaryota","Chordata","Actinopteri","Lutjaniformes","Haemulidae","Orthopristis","Orthopristis chrysoptera",97.6331360946746,"482919","Orthopristis chrysoptera",28,NA,NA,NA,NA,NA,NA,NA,NA,0,"global",FALSE,97.6331360946746,"global","Eukaryota","Chordata","Actinopteri","Lutjaniformes","Haemulidae","Orthopristis","Orthopristis chrysoptera","Orthopristis chrysoptera"
"MiFish_0000130",NA,NA,NA,NA,NA,NA,NA,0,"None",NA,24,NA,NA,NA,NA,NA,NA,NA,NA,0,"local",FALSE,NA,NA,NA,NA,NA,NA,NA,NA,NA,NA
"MiFish_0000131","Eukaryota","Chordata","Actinopteri","Lutjaniformes","Lutjanidae","Lutjanus","Lutjanus argentimaculatus",96.4705882352941,"211834","Lutjanus argentimaculatus",981,NA,NA,NA,NA,NA,NA,NA,NA,0,"global",FALSE,96.4705882352941,"global","Eukaryota","Chordata","Actinopteri","Lutjaniformes","Lutjanidae","Lutjanus","Lutjanus argentimaculatus","Lutjanus argentimaculatus"
"MiFish_0000132",NA,NA,NA,NA,NA,NA,NA,0,"None",NA,49,NA,NA,NA,NA,NA,NA,NA,NA,0,"local",FALSE,NA,NA,NA,NA,NA,NA,NA,NA,NA,NA
"MiFish_0000133","Eukaryota","Chordata","Actinopteri","Lutjaniformes","Lutjanidae","Lutjanus",NA,98.2248520710059,"40493","Lutjanus",20,NA,NA,NA,NA,NA,NA,NA,NA,0,"global",FALSE,98.2248520710059,"global","Eukaryota","Chordata","Actinopteri","Lutjaniformes","Lutjanidae","Lutjanus",NA,"Lutjanus"
"MiFish_0000134","Eukaryota","Chordata","Actinopteri","Lutjaniformes","Lutjanidae","Lutjanus","Lutjanus argentimaculatus",97.0414201183432,"211834","Lutjanus argentimaculatus",24,NA,NA,NA,NA,NA,NA,NA,NA,0,"global",FALSE,97.0414201183432,"global","Eukaryota","Chordata","Actinopteri","Lutjaniformes","Lutjanidae","Lutjanus","Lutjanus argentimaculatus","Lutjanus argentimaculatus"
"MiFish_0000135",NA,NA,NA,NA,NA,NA,NA,0,"None",NA,74,NA,NA,NA,NA,NA,NA,NA,NA,0,"local",FALSE,NA,NA,NA,NA,NA,NA,NA,NA,NA,NA
"MiFish_0000136",NA,NA,NA,NA,NA,NA,NA,0,"None",NA,28,NA,NA,NA,NA,NA,NA,NA,NA,0,"local",FALSE,NA,NA,NA,NA,NA,NA,NA,NA,NA,NA
"MiFish_0000137","Eukaryota","Chordata","Actinopteri",NA,"Pomacentridae","Abudefduf",NA,100,"36213","Abudefduf",33368,NA,NA,NA,NA,NA,NA,NA,NA,0,"global",FALSE,100,"global","Eukaryota","Chordata","Actinopteri",NA,"Pomacentridae","Abudefduf",NA,"Abudefduf"
"MiFish_0000138","Eukaryota","Chordata","Actinopteri",NA,"Pomacentridae","Abudefduf",NA,99.4082840236686,"36213","Abudefduf",57,NA,NA,NA,NA,NA,NA,NA,NA,0,"global",FALSE,99.4082840236686,"global","Eukaryota","Chordata","Actinopteri",NA,"Pomacentridae","Abudefduf",NA,"Abudefduf"
"MiFish_0000139",NA,NA,NA,NA,NA,NA,NA,0,"None",NA,34,NA,NA,NA,NA,NA,NA,NA,NA,0,"local",FALSE,NA,NA,NA,NA,NA,NA,NA,NA,NA,NA
"MiFish_0000140",NA,NA,NA,NA,NA,NA,NA,0,"None",NA,18,NA,NA,NA,NA,NA,NA,NA,NA,0,"local",FALSE,NA,NA,NA,NA,NA,NA,NA,NA,NA,NA
"MiFish_0000141",NA,NA,NA,NA,NA,NA,NA,0,"None",NA,11,NA,NA,NA,NA,NA,NA,NA,NA,0,"local",FALSE,NA,NA,NA,NA,NA,NA,NA,NA,NA,NA
"MiFish_0000142","Eukaryota","Chordata","Actinopteri",NA,"Pomacentridae","Abudefduf",NA,99.4082840236686,"36213","Abudefduf",65,NA,NA,NA,NA,NA,NA,NA,NA,0,"global",FALSE,99.4082840236686,"global","Eukaryota","Chordata","Actinopteri",NA,"Pomacentridae","Abudefduf",NA,"Abudefduf"
"MiFish_0000143","Eukaryota","Chordata","Actinopteri",NA,"Pomacentridae","Abudefduf",NA,99.4082840236686,"36213","Abudefduf",57,NA,NA,NA,NA,NA,NA,NA,NA,0,"global",FALSE,99.4082840236686,"global","Eukaryota","Chordata","Actinopteri",NA,"Pomacentridae","Abudefduf",NA,"Abudefduf"
"MiFish_0000144",NA,NA,NA,NA,NA,NA,NA,0,"None",NA,10,NA,NA,NA,NA,NA,NA,NA,NA,0,"local",FALSE,NA,NA,NA,NA,NA,NA,NA,NA,NA,NA
"MiFish_0000145","Eukaryota","Chordata","Actinopteri",NA,"Pomacentridae","Abudefduf",NA,99.4082840236686,"36213","Abudefduf",26,NA,NA,NA,NA,NA,NA,NA,NA,0,"global",FALSE,99.4082840236686,"global","Eukaryota","Chordata","Actinopteri",NA,"Pomacentridae","Abudefduf",NA,"Abudefduf"
"MiFish_0000146",NA,NA,NA,NA,NA,NA,NA,0,"None",NA,11,NA,NA,NA,NA,NA,NA,NA,NA,0,"local",FALSE,NA,NA,NA,NA,NA,NA,NA,NA,NA,NA
"MiFish_0000147","Eukaryota","Chordata","Actinopteri",NA,"Pomacentridae","Abudefduf",NA,99.4082840236686,"36213","Abudefduf",69,NA,NA,NA,NA,NA,NA,NA,NA,0,"global",FALSE,99.4082840236686,"global","Eukaryota","Chordata","Actinopteri",NA,"Pomacentridae","Abudefduf",NA,"Abudefduf"
"MiFish_0000148",NA,NA,NA,NA,NA,NA,NA,0,"None",NA,11,NA,NA,NA,NA,NA,NA,NA,NA,0,"local",FALSE,NA,NA,NA,NA,NA,NA,NA,NA,NA,NA
"MiFish_0000149","Eukaryota","Chordata","Actinopteri",NA,"Pomacentridae","Abudefduf",NA,99.4082840236686,"36213","Abudefduf",71,NA,NA,NA,NA,NA,NA,NA,NA,0,"global",FALSE,99.4082840236686,"global","Eukaryota","Chordata","Actinopteri",NA,"Pomacentridae","Abudefduf",NA,"Abudefduf"
"MiFish_0000150","Eukaryota","Chordata","Actinopteri",NA,"Pomacentridae","Abudefduf","Abudefduf saxatilis",100,"50731","Abudefduf saxatilis",11,NA,NA,NA,NA,NA,NA,NA,NA,0,"global",FALSE,100,"global","Eukaryota","Chordata","Actinopteri",NA,"Pomacentridae","Abudefduf","Abudefduf saxatilis","Abudefduf saxatilis"
"MiFish_0000151",NA,NA,NA,NA,NA,NA,NA,0,"None",NA,12,NA,NA,NA,NA,NA,NA,NA,NA,0,"local",FALSE,NA,NA,NA,NA,NA,NA,NA,NA,NA,NA
"MiFish_0000152","Eukaryota","Chordata","Actinopteri",NA,"Pomacentridae","Abudefduf",NA,99.4082840236686,"36213","Abudefduf",346,NA,NA,NA,NA,NA,NA,NA,NA,0,"global",FALSE,99.4082840236686,"global","Eukaryota","Chordata","Actinopteri",NA,"Pomacentridae","Abudefduf",NA,"Abudefduf"
"MiFish_0000153","Eukaryota","Chordata","Actinopteri",NA,"Pomacentridae","Abudefduf",NA,99.4082840236686,"36213","Abudefduf",45,NA,NA,NA,NA,NA,NA,NA,NA,0,"global",FALSE,99.4082840236686,"global","Eukaryota","Chordata","Actinopteri",NA,"Pomacentridae","Abudefduf",NA,"Abudefduf"
"MiFish_0000154",NA,NA,NA,NA,NA,NA,NA,0,"None",NA,12,NA,NA,NA,NA,NA,NA,NA,NA,0,"local",FALSE,NA,NA,NA,NA,NA,NA,NA,NA,NA,NA
"MiFish_0000155",NA,NA,NA,NA,NA,NA,NA,0,"None",NA,11,NA,NA,NA,NA,NA,NA,NA,NA,0,"local",FALSE,NA,NA,NA,NA,NA,NA,NA,NA,NA,NA
"MiFish_0000156","Eukaryota","Chordata","Actinopteri",NA,"Pomacentridae","Abudefduf",NA,98.8165680473373,"36213","Abudefduf",558,NA,NA,NA,NA,NA,NA,NA,NA,0,"global",FALSE,98.8165680473373,"global","Eukaryota","Chordata","Actinopteri",NA,"Pomacentridae","Abudefduf",NA,"Abudefduf"
"MiFish_0000157","Eukaryota","Chordata","Actinopteri","Perciformes","Serranidae","Mycteroperca","Mycteroperca bonaci",96.4497041420118,"153621","Mycteroperca bonaci",5838,NA,NA,NA,NA,NA,NA,NA,NA,0,"global",FALSE,96.4497041420118,"global","Eukaryota","Chordata","Actinopteri","Perciformes","Serranidae","Mycteroperca","Mycteroperca bonaci","Mycteroperca bonaci"
"MiFish_0000158","Eukaryota","Chordata","Actinopteri","Perciformes","Serranidae","Mycteroperca","Mycteroperca bonaci",95.8579881656805,"153621","Mycteroperca bonaci",27,NA,NA,NA,NA,NA,NA,NA,NA,0,"global",FALSE,95.8579881656805,"global","Eukaryota","Chordata","Actinopteri","Perciformes","Serranidae","Mycteroperca","Mycteroperca bonaci","Mycteroperca bonaci"
"MiFish_0000159",NA,NA,NA,NA,NA,NA,NA,0,"None",NA,92,NA,NA,NA,NA,NA,NA,NA,NA,0,"local",FALSE,NA,NA,NA,NA,NA,NA,NA,NA,NA,NA
"MiFish_0000160","Eukaryota","Chordata","Actinopteri","Perciformes","Serranidae","Mycteroperca","Mycteroperca bonaci",95.8579881656805,"153621","Mycteroperca bonaci",17,NA,NA,NA,NA,NA,NA,NA,NA,0,"global",FALSE,95.8579881656805,"global","Eukaryota","Chordata","Actinopteri","Perciformes","Serranidae","Mycteroperca","Mycteroperca bonaci","Mycteroperca bonaci"
"MiFish_0000161","Eukaryota","Chordata","Actinopteri","Perciformes","Serranidae","Mycteroperca","Mycteroperca bonaci",95.8579881656805,"153621","Mycteroperca bonaci",450,NA,NA,NA,NA,NA,NA,NA,NA,0,"global",FALSE,95.8579881656805,"global","Eukaryota","Chordata","Actinopteri","Perciformes","Serranidae","Mycteroperca","Mycteroperca bonaci","Mycteroperca bonaci"
"MiFish_0000162",NA,NA,NA,NA,NA,NA,NA,0,"None",NA,67,NA,NA,NA,NA,NA,NA,NA,NA,0,"local",FALSE,NA,NA,NA,NA,NA,NA,NA,NA,NA,NA
"MiFish_0000163","Eukaryota","Chordata","Actinopteri",NA,"Pomacentridae","Abudefduf",NA,99.4082840236686,"36213","Abudefduf",141,NA,NA,NA,NA,NA,NA,NA,NA,0,"global",FALSE,99.4082840236686,"global","Eukaryota","Chordata","Actinopteri",NA,"Pomacentridae","Abudefduf",NA,"Abudefduf"
"MiFish_0000164","Eukaryota","Chordata","Actinopteri","Perciformes","Serranidae","Mycteroperca","Mycteroperca bonaci",95.8579881656805,"153621","Mycteroperca bonaci",14,NA,NA,NA,NA,NA,NA,NA,NA,0,"global",FALSE,95.8579881656805,"global","Eukaryota","Chordata","Actinopteri","Perciformes","Serranidae","Mycteroperca","Mycteroperca bonaci","Mycteroperca bonaci"
"MiFish_0000165","Eukaryota","Chordata","Actinopteri",NA,"Pomacentridae","Abudefduf",NA,99.4082840236686,"36213","Abudefduf",42,NA,NA,NA,NA,NA,NA,NA,NA,0,"global",FALSE,99.4082840236686,"global","Eukaryota","Chordata","Actinopteri",NA,"Pomacentridae","Abudefduf",NA,"Abudefduf"
"MiFish_0000166",NA,NA,NA,NA,NA,NA,NA,0,"None",NA,15,NA,NA,NA,NA,NA,NA,NA,NA,0,"local",FALSE,NA,NA,NA,NA,NA,NA,NA,NA,NA,NA
"MiFish_0000167","Eukaryota","Chordata","Actinopteri",NA,"Pomacentridae","Abudefduf",NA,99.4082840236686,"36213","Abudefduf",38,NA,NA,NA,NA,NA,NA,NA,NA,0,"global",FALSE,99.4082840236686,"global","Eukaryota","Chordata","Actinopteri",NA,"Pomacentridae","Abudefduf",NA,"Abudefduf"
"MiFish_0000168","Eukaryota","Chordata","Actinopteri",NA,"Pomacentridae","Abudefduf",NA,99.4082840236686,"36213","Abudefduf",305,NA,NA,NA,NA,NA,NA,NA,NA,0,"global",FALSE,99.4082840236686,"global","Eukaryota","Chordata","Actinopteri",NA,"Pomacentridae","Abudefduf",NA,"Abudefduf"
"MiFish_0000169","Eukaryota","Chordata","Actinopteri",NA,"Pomacentridae","Abudefduf",NA,99.4082840236686,"36213","Abudefduf",209,NA,NA,NA,NA,NA,NA,NA,NA,0,"global",FALSE,99.4082840236686,"global","Eukaryota","Chordata","Actinopteri",NA,"Pomacentridae","Abudefduf",NA,"Abudefduf"
"MiFish_0000170",NA,NA,NA,NA,NA,NA,NA,0,"None",NA,116,NA,NA,NA,NA,NA,NA,NA,NA,0,"local",FALSE,NA,NA,NA,NA,NA,NA,NA,NA,NA,NA
"MiFish_0000171","Eukaryota","Chordata","Actinopteri",NA,"Pomacentridae","Abudefduf",NA,99.4082840236686,"36213","Abudefduf",125,NA,NA,NA,NA,NA,NA,NA,NA,0,"global",FALSE,99.4082840236686,"global","Eukaryota","Chordata","Actinopteri",NA,"Pomacentridae","Abudefduf",NA,"Abudefduf"
"MiFish_0000172",NA,NA,NA,NA,NA,NA,NA,0,"None",NA,213,NA,NA,NA,NA,NA,NA,NA,NA,0,"local",FALSE,NA,NA,NA,NA,NA,NA,NA,NA,NA,NA
"MiFish_0000173",NA,NA,NA,NA,NA,NA,NA,0,"None",NA,3946,NA,NA,NA,NA,NA,NA,NA,NA,0,"local",FALSE,NA,NA,NA,NA,NA,NA,NA,NA,NA,NA
"MiFish_0000174",NA,NA,NA,NA,NA,NA,NA,0,"None",NA,92,NA,NA,NA,NA,NA,NA,NA,NA,0,"local",FALSE,NA,NA,NA,NA,NA,NA,NA,NA,NA,NA
"MiFish_0000175",NA,NA,NA,NA,NA,NA,NA,0,"None",NA,96,NA,NA,NA,NA,NA,NA,NA,NA,0,"local",FALSE,NA,NA,NA,NA,NA,NA,NA,NA,NA,NA
"MiFish_0000176",NA,NA,NA,NA,NA,NA,NA,0,"None",NA,23,NA,NA,NA,NA,NA,NA,NA,NA,0,"local",FALSE,NA,NA,NA,NA,NA,NA,NA,NA,NA,NA
"MiFish_0000177",NA,NA,NA,NA,NA,NA,NA,0,"None",NA,250,NA,NA,NA,NA,NA,NA,NA,NA,0,"local",FALSE,NA,NA,NA,NA,NA,NA,NA,NA,NA,NA
"MiFish_0000178",NA,NA,NA,NA,NA,NA,NA,0,"None",NA,31,NA,NA,NA,NA,NA,NA,NA,NA,0,"local",FALSE,NA,NA,NA,NA,NA,NA,NA,NA,NA,NA
"MiFish_0000179",NA,NA,NA,NA,NA,NA,NA,0,"None",NA,93,NA,NA,NA,NA,NA,NA,NA,NA,0,"local",FALSE,NA,NA,NA,NA,NA,NA,NA,NA,NA,NA
"MiFish_0000180",NA,NA,NA,NA,NA,NA,NA,0,"None",NA,14,NA,NA,NA,NA,NA,NA,NA,NA,0,"local",FALSE,NA,NA,NA,NA,NA,NA,NA,NA,NA,NA
"MiFish_0000181",NA,NA,NA,NA,NA,NA,NA,0,"None",NA,56,NA,NA,NA,NA,NA,NA,NA,NA,0,"local",FALSE,NA,NA,NA,NA,NA,NA,NA,NA,NA,NA
"MiFish_0000182",NA,NA,NA,NA,NA,NA,NA,0,"None",NA,10,NA,NA,NA,NA,NA,NA,NA,NA,0,"local",FALSE,NA,NA,NA,NA,NA,NA,NA,NA,NA,NA
"MiFish_0000183",NA,NA,NA,NA,NA,NA,NA,0,"None",NA,36,NA,NA,NA,NA,NA,NA,NA,NA,0,"local",FALSE,NA,NA,NA,NA,NA,NA,NA,NA,NA,NA
"MiFish_0000184",NA,NA,NA,NA,NA,NA,NA,0,"None",NA,23,NA,NA,NA,NA,NA,NA,NA,NA,0,"local",FALSE,NA,NA,NA,NA,NA,NA,NA,NA,NA,NA
"MiFish_0000185",NA,NA,NA,NA,NA,NA,NA,0,"None",NA,89,NA,NA,NA,NA,NA,NA,NA,NA,0,"local",FALSE,NA,NA,NA,NA,NA,NA,NA,NA,NA,NA
"MiFish_0000186",NA,NA,NA,NA,NA,NA,NA,0,"None",NA,111,NA,NA,NA,NA,NA,NA,NA,NA,0,"local",FALSE,NA,NA,NA,NA,NA,NA,NA,NA,NA,NA
"MiFish_0000187",NA,NA,NA,NA,NA,NA,NA,0,"None",NA,26,NA,NA,NA,NA,NA,NA,NA,NA,0,"local",FALSE,NA,NA,NA,NA,NA,NA,NA,NA,NA,NA
"MiFish_0000188",NA,NA,NA,NA,NA,NA,NA,0,"None",NA,21,NA,NA,NA,NA,NA,NA,NA,NA,0,"local",FALSE,NA,NA,NA,NA,NA,NA,NA,NA,NA,NA
"MiFish_0000189",NA,NA,NA,NA,NA,NA,NA,0,"None",NA,14,NA,NA,NA,NA,NA,NA,NA,NA,0,"local",FALSE,NA,NA,NA,NA,NA,NA,NA,NA,NA,NA
"MiFish_0000190",NA,NA,NA,NA,NA,NA,NA,0,"None",NA,44,NA,NA,NA,NA,NA,NA,NA,NA,0,"local",FALSE,NA,NA,NA,NA,NA,NA,NA,NA,NA,NA
"MiFish_0000191",NA,NA,NA,NA,NA,NA,NA,0,"None",NA,12,NA,NA,NA,NA,NA,NA,NA,NA,0,"local",FALSE,NA,NA,NA,NA,NA,NA,NA,NA,NA,NA
"MiFish_0000192",NA,NA,NA,NA,NA,NA,NA,0,"None",NA,16,NA,NA,NA,NA,NA,NA,NA,NA,0,"local",FALSE,NA,NA,NA,NA,NA,NA,NA,NA,NA,NA
"MiFish_0000193",NA,NA,NA,NA,NA,NA,NA,0,"None",NA,42,NA,NA,NA,NA,NA,NA,NA,NA,0,"local",FALSE,NA,NA,NA,NA,NA,NA,NA,NA,NA,NA
"MiFish_0000194",NA,NA,NA,NA,NA,NA,NA,0,"None",NA,26,NA,NA,NA,NA,NA,NA,NA,NA,0,"local",FALSE,NA,NA,NA,NA,NA,NA,NA,NA,NA,NA
"MiFish_0000195",NA,NA,NA,NA,NA,NA,NA,0,"None",NA,34,NA,NA,NA,NA,NA,NA,NA,NA,0,"local",FALSE,NA,NA,NA,NA,NA,NA,NA,NA,NA,NA
"MiFish_0000196",NA,NA,NA,NA,NA,NA,NA,0,"None",NA,15,NA,NA,NA,NA,NA,NA,NA,NA,0,"local",FALSE,NA,NA,NA,NA,NA,NA,NA,NA,NA,NA
"MiFish_0000197",NA,NA,NA,NA,NA,NA,NA,0,"None",NA,14,NA,NA,NA,NA,NA,NA,NA,NA,0,"local",FALSE,NA,NA,NA,NA,NA,NA,NA,NA,NA,NA
"MiFish_0000198",NA,NA,NA,NA,NA,NA,NA,0,"None",NA,18,NA,NA,NA,NA,NA,NA,NA,NA,0,"local",FALSE,NA,NA,NA,NA,NA,NA,NA,NA,NA,NA
"MiFish_0000199","Eukaryota","Chordata","Actinopteri","Scombriformes","Scombridae","Thunnus",NA,100,"8234","Thunnus",3157,"d:Eukaryota,p:Chordata,c:Actinopteri,o:Scombriformes,f:Scombridae,g:Thunnus","Eukaryota","Chordata","Actinopteri","Scombriformes","Scombridae","Thunnus",NA,100,"local",FALSE,100,"local","Eukaryota","Chordata","Actinopteri","Scombriformes","Scombridae","Thunnus",NA,"Thunnus"
"MiFish_0000200","Eukaryota","Chordata","Actinopteri",NA,NA,NA,NA,100,"1489872","Percomorphaceae",6080,"d:Eukaryota,p:Chordata,c:Actinopteri,o:Scombriformes,f:Scombridae,g:Acanthocybium,s:Acanthocybium_solandri","Eukaryota","Chordata","Actinopteri","Scombriformes","Scombridae","Acanthocybium","Acanthocybium solandri",100,"local",FALSE,100,"local","Eukaryota","Chordata","Actinopteri","Scombriformes","Scombridae","Acanthocybium","Acanthocybium solandri","Acanthocybium solandri"
"MiFish_0000201",NA,NA,NA,NA,NA,NA,NA,0,"None",NA,11,NA,NA,NA,NA,NA,NA,NA,NA,0,"local",FALSE,NA,NA,NA,NA,NA,NA,NA,NA,NA,NA
"MiFish_0000202",NA,NA,NA,NA,NA,NA,NA,0,"None",NA,12,NA,NA,NA,NA,NA,NA,NA,NA,0,"local",FALSE,NA,NA,NA,NA,NA,NA,NA,NA,NA,NA
"MiFish_0000203","Eukaryota","Chordata","Actinopteri",NA,NA,NA,NA,99.4047619047619,"1489872","Percomorphaceae",21,"d:Eukaryota,p:Chordata,c:Actinopteri,o:Scombriformes,f:Scombridae,g:Acanthocybium,s:Acanthocybium_solandri","Eukaryota","Chordata","Actinopteri","Scombriformes","Scombridae","Acanthocybium","Acanthocybium solandri",99.4,"global",TRUE,99.4047619047619,"lca_global_v_local","Eukaryota","Chordata","Actinopteri",NA,NA,NA,NA,"Actinopteri"
"MiFish_0000204",NA,NA,NA,NA,NA,NA,NA,0,"None",NA,13,NA,NA,NA,NA,NA,NA,NA,NA,0,"local",FALSE,NA,NA,NA,NA,NA,NA,NA,NA,NA,NA
"MiFish_0000205",NA,NA,NA,NA,NA,NA,NA,0,"None",NA,35,NA,NA,NA,NA,NA,NA,NA,NA,0,"local",FALSE,NA,NA,NA,NA,NA,NA,NA,NA,NA,NA
"MiFish_0000206","Eukaryota","Chordata","Actinopteri","Scombriformes","Scombridae","Euthynnus","Euthynnus affinis",100,"8227","Euthynnus affinis",1212,"d:Eukaryota,p:Chordata,c:Actinopteri,o:Scombriformes,f:Scombridae","Eukaryota","Chordata","Actinopteri","Scombriformes","Scombridae",NA,NA,98.8,"global",TRUE,100,"lca_global_v_local","Eukaryota","Chordata","Actinopteri","Scombriformes","Scombridae",NA,NA,"Scombridae"
"MiFish_0000207","Eukaryota","Chordata","Actinopteri",NA,NA,NA,NA,99.4047619047619,"1489872","Percomorphaceae",15,"d:Eukaryota,p:Chordata,c:Actinopteri,o:Scombriformes,f:Scombridae,g:Acanthocybium,s:Acanthocybium_solandri","Eukaryota","Chordata","Actinopteri","Scombriformes","Scombridae","Acanthocybium","Acanthocybium solandri",99.4,"global",TRUE,99.4047619047619,"lca_global_v_local","Eukaryota","Chordata","Actinopteri",NA,NA,NA,NA,"Actinopteri"
"MiFish_0000208",NA,NA,NA,NA,NA,NA,NA,0,"None",NA,12,NA,NA,NA,NA,NA,NA,NA,NA,0,"local",FALSE,NA,NA,NA,NA,NA,NA,NA,NA,NA,NA
"MiFish_0000209",NA,NA,NA,NA,NA,NA,NA,0,"None",NA,11,NA,NA,NA,NA,NA,NA,NA,NA,0,"local",FALSE,NA,NA,NA,NA,NA,NA,NA,NA,NA,NA
"MiFish_0000210",NA,NA,NA,NA,NA,NA,NA,0,"None",NA,10,NA,NA,NA,NA,NA,NA,NA,NA,0,"local",FALSE,NA,NA,NA,NA,NA,NA,NA,NA,NA,NA
"MiFish_0000211",NA,NA,NA,NA,NA,NA,NA,0,"None",NA,272,NA,NA,NA,NA,NA,NA,NA,NA,0,"local",FALSE,NA,NA,NA,NA,NA,NA,NA,NA,NA,NA
"MiFish_0000212",NA,NA,NA,NA,NA,NA,NA,0,"None",NA,12,NA,NA,NA,NA,NA,NA,NA,NA,0,"local",FALSE,NA,NA,NA,NA,NA,NA,NA,NA,NA,NA
"MiFish_0000213",NA,NA,NA,NA,NA,NA,NA,0,"None",NA,33,NA,NA,NA,NA,NA,NA,NA,NA,0,"local",FALSE,NA,NA,NA,NA,NA,NA,NA,NA,NA,NA
"MiFish_0000214",NA,NA,NA,NA,NA,NA,NA,0,"None",NA,21,NA,NA,NA,NA,NA,NA,NA,NA,0,"local",FALSE,NA,NA,NA,NA,NA,NA,NA,NA,NA,NA
"MiFish_0000215","Eukaryota","Chordata","Actinopteri","Lutjaniformes","Haemulidae","Anisotremus","Anisotremus scapularis",98.2248520710059,"531323","Anisotremus scapularis",4205,NA,NA,NA,NA,NA,NA,NA,NA,0,"global",FALSE,98.2248520710059,"global","Eukaryota","Chordata","Actinopteri","Lutjaniformes","Haemulidae","Anisotremus","Anisotremus scapularis","Anisotremus scapularis"
"MiFish_0000216",NA,NA,NA,NA,NA,NA,NA,0,"None",NA,62411,NA,NA,NA,NA,NA,NA,NA,NA,0,"local",FALSE,NA,NA,NA,NA,NA,NA,NA,NA,NA,NA
"MiFish_0000217",NA,NA,NA,NA,NA,NA,NA,0,"None",NA,4054,NA,NA,NA,NA,NA,NA,NA,NA,0,"local",FALSE,NA,NA,NA,NA,NA,NA,NA,NA,NA,NA
"MiFish_0000218","Eukaryota","Chordata","Actinopteri","Lutjaniformes","Haemulidae","Haemulon","Haemulon plumierii",95.2662721893491,"334415","Haemulon plumierii",21313,NA,NA,NA,NA,NA,NA,NA,NA,0,"global",FALSE,95.2662721893491,"global","Eukaryota","Chordata","Actinopteri","Lutjaniformes","Haemulidae","Haemulon","Haemulon plumierii","Haemulon plumierii"
"MiFish_0000219","Eukaryota","Chordata","Actinopteri","Tetraodontiformes","Tetraodontidae","Sphoeroides","Sphoeroides annulatus",99.4117647058823,"168377","Sphoeroides annulatus",25351,NA,NA,NA,NA,NA,NA,NA,NA,0,"global",FALSE,99.4117647058823,"global","Eukaryota","Chordata","Actinopteri","Tetraodontiformes","Tetraodontidae","Sphoeroides","Sphoeroides annulatus","Sphoeroides annulatus"
"MiFish_0000220",NA,NA,NA,NA,NA,NA,NA,0,"None",NA,154,NA,NA,NA,NA,NA,NA,NA,NA,0,"local",FALSE,NA,NA,NA,NA,NA,NA,NA,NA,NA,NA
"MiFish_0000221","Eukaryota","Chordata","Actinopteri","Perciformes","Serranidae","Epinephelus","Epinephelus bontoides",97.0414201183432,"1167616","Epinephelus bontoides",2363,"d:Eukaryota,p:Chordata,c:Actinopteri,o:Perciformes,f:Serranidae,g:Epinephelus,s:Epinephelus_merra","Eukaryota","Chordata","Actinopteri","Perciformes","Serranidae","Epinephelus","Epinephelus merra",95.9,"global",TRUE,97.0414201183432,"lca_global_v_local","Eukaryota","Chordata","Actinopteri","Perciformes","Serranidae","Epinephelus",NA,"Epinephelus"
"MiFish_0000222","Eukaryota","Chordata","Actinopteri","Mugiliformes","Mugilidae","Mugil","Mugil curema",100,"48194","Mugil curema",24968,"d:Eukaryota,p:Chordata,c:Actinopteri,o:Mugiliformes,f:Mugilidae,g:Mugil,s:Mugil_thoburni","Eukaryota","Chordata","Actinopteri","Mugiliformes","Mugilidae","Mugil","Mugil thoburni",98.8,"global",TRUE,100,"lca_global_v_local","Eukaryota","Chordata","Actinopteri","Mugiliformes","Mugilidae","Mugil",NA,"Mugil"
"MiFish_0000223","Eukaryota","Chordata","Actinopteri","Gerreiformes","Gerreidae","Eucinostomus","Eucinostomus melanopterus",97.093023255814,"332418","Eucinostomus melanopterus",41840,NA,NA,NA,NA,NA,NA,NA,NA,0,"global",FALSE,97.093023255814,"global","Eukaryota","Chordata","Actinopteri","Gerreiformes","Gerreidae","Eucinostomus","Eucinostomus melanopterus","Eucinostomus melanopterus"
"MiFish_0000224",NA,NA,NA,NA,NA,NA,NA,0,"None",NA,8116,NA,NA,NA,NA,NA,NA,NA,NA,0,"local",FALSE,NA,NA,NA,NA,NA,NA,NA,NA,NA,NA
"MiFish_0000225",NA,NA,NA,NA,NA,NA,NA,0,"None",NA,110,NA,NA,NA,NA,NA,NA,NA,NA,0,"local",FALSE,NA,NA,NA,NA,NA,NA,NA,NA,NA,NA
"MiFish_0000226",NA,NA,NA,NA,NA,NA,NA,0,"None",NA,124,NA,NA,NA,NA,NA,NA,NA,NA,0,"local",FALSE,NA,NA,NA,NA,NA,NA,NA,NA,NA,NA
"MiFish_0000227","Eukaryota","Chordata","Actinopteri","Carangiformes","Carangidae","Caranx","Caranx hippos",99.4082840236686,"173312","Caranx hippos",52,"d:Eukaryota,p:Chordata,c:Actinopteri,o:Carangiformes,f:Carangidae,g:Caranx,s:Caranx_hippos","Eukaryota","Chordata","Actinopteri","Carangiformes","Carangidae","Caranx","Caranx hippos",99.4,"global",TRUE,99.4082840236686,"lca_global_v_local","Eukaryota","Chordata","Actinopteri","Carangiformes","Carangidae","Caranx","Caranx hippos","Caranx hippos"
"MiFish_0000228",NA,NA,NA,NA,NA,NA,NA,0,"None",NA,110,NA,NA,NA,NA,NA,NA,NA,NA,0,"local",FALSE,NA,NA,NA,NA,NA,NA,NA,NA,NA,NA
"MiFish_0000229","Eukaryota","Chordata","Actinopteri","Anguilliformes","Muraenidae","Muraena","Muraena lentiginosa",98.2248520710059,"1232744","Muraena lentiginosa",99,NA,NA,NA,NA,NA,NA,NA,NA,0,"global",FALSE,98.2248520710059,"global","Eukaryota","Chordata","Actinopteri","Anguilliformes","Muraenidae","Muraena","Muraena lentiginosa","Muraena lentiginosa"
"MiFish_0000230",NA,NA,NA,NA,NA,NA,NA,0,"None",NA,1029,NA,NA,NA,NA,NA,NA,NA,NA,0,"local",FALSE,NA,NA,NA,NA,NA,NA,NA,NA,NA,NA
"MiFish_0000231",NA,NA,NA,NA,NA,NA,NA,0,"None",NA,618,NA,NA,NA,NA,NA,NA,NA,NA,0,"local",FALSE,NA,NA,NA,NA,NA,NA,NA,NA,NA,NA
"MiFish_0000232",NA,NA,NA,NA,NA,NA,NA,0,"None",NA,203,NA,NA,NA,NA,NA,NA,NA,NA,0,"local",FALSE,NA,NA,NA,NA,NA,NA,NA,NA,NA,NA
"MiFish_0000233",NA,NA,NA,NA,NA,NA,NA,0,"None",NA,382,NA,NA,NA,NA,NA,NA,NA,NA,0,"local",FALSE,NA,NA,NA,NA,NA,NA,NA,NA,NA,NA
"MiFish_0000234","Eukaryota","Chordata","Actinopteri","Perciformes","Scorpaenidae","Pontinus","Pontinus macrocephalus",97.0238095238095,"398654","Pontinus macrocephalus",1250,NA,NA,NA,NA,NA,NA,NA,NA,0,"global",FALSE,97.0238095238095,"global","Eukaryota","Chordata","Actinopteri","Perciformes","Scorpaenidae","Pontinus","Pontinus macrocephalus","Pontinus macrocephalus"
"MiFish_0000235","Eukaryota","Chordata","Actinopteri","Tetraodontiformes","Tetraodontidae","Sphoeroides","Sphoeroides annulatus",98.8235294117647,"168377","Sphoeroides annulatus",38,NA,NA,NA,NA,NA,NA,NA,NA,0,"global",FALSE,98.8235294117647,"global","Eukaryota","Chordata","Actinopteri","Tetraodontiformes","Tetraodontidae","Sphoeroides","Sphoeroides annulatus","Sphoeroides annulatus"
"MiFish_0000236",NA,NA,NA,NA,NA,NA,NA,0,"None",NA,884,NA,NA,NA,NA,NA,NA,NA,NA,0,"local",FALSE,NA,NA,NA,NA,NA,NA,NA,NA,NA,NA
"MiFish_0000237","Eukaryota","Chordata","Actinopteri","Gerreiformes","Gerreidae","Eucinostomus","Eucinostomus melanopterus",97.6744186046512,"332418","Eucinostomus melanopterus",814,NA,NA,NA,NA,NA,NA,NA,NA,0,"global",FALSE,97.6744186046512,"global","Eukaryota","Chordata","Actinopteri","Gerreiformes","Gerreidae","Eucinostomus","Eucinostomus melanopterus","Eucinostomus melanopterus"
"MiFish_0000238",NA,NA,NA,NA,NA,NA,NA,0,"None",NA,328,"d:Eukaryota,p:Chordata,c:Actinopteri,o:Clupeiformes,f:Clupeidae,g:Opisthonema,s:Opisthonema_oglinum","Eukaryota","Chordata","Actinopteri","Clupeiformes","Clupeidae","Opisthonema","Opisthonema oglinum",95.5,"local",FALSE,95.5,"local","Eukaryota","Chordata","Actinopteri","Clupeiformes","Clupeidae","Opisthonema","Opisthonema oglinum","Opisthonema oglinum"
"MiFish_0000239","Eukaryota","Chordata","Actinopteri","Mugiliformes","Mugilidae","Mugil","Mugil cephalus",99.4152046783626,"48193","Mugil cephalus",656,"d:Eukaryota,p:Chordata,c:Actinopteri,o:Mugiliformes,f:Mugilidae,g:Mugil,s:Mugil_cephalus","Eukaryota","Chordata","Actinopteri","Mugiliformes","Mugilidae","Mugil","Mugil cephalus",99.4,"global",TRUE,99.4152046783626,"lca_global_v_local","Eukaryota","Chordata","Actinopteri","Mugiliformes","Mugilidae","Mugil","Mugil cephalus","Mugil cephalus"
"MiFish_0000240",NA,NA,NA,NA,NA,NA,NA,0,"None",NA,162,NA,NA,NA,NA,NA,NA,NA,NA,0,"local",FALSE,NA,NA,NA,NA,NA,NA,NA,NA,NA,NA
"MiFish_0000241",NA,NA,NA,NA,NA,NA,NA,0,"None",NA,89,NA,NA,NA,NA,NA,NA,NA,NA,0,"local",FALSE,NA,NA,NA,NA,NA,NA,NA,NA,NA,NA
"MiFish_0000242","Eukaryota","Chordata","Actinopteri","Mugiliformes","Mugilidae","Mugil","Mugil cephalus",95.3216374269006,"48193","Mugil cephalus",10,"d:Eukaryota,p:Chordata,c:Actinopteri,o:Mugiliformes,f:Mugilidae,g:Mugil,s:Mugil_cephalus","Eukaryota","Chordata","Actinopteri","Mugiliformes","Mugilidae","Mugil","Mugil cephalus",95.3,"global",TRUE,95.3216374269006,"lca_global_v_local","Eukaryota","Chordata","Actinopteri","Mugiliformes","Mugilidae","Mugil","Mugil cephalus","Mugil cephalus"
"MiFish_0000243",NA,NA,NA,NA,NA,NA,NA,0,"None",NA,1332,NA,NA,NA,NA,NA,NA,NA,NA,0,"local",FALSE,NA,NA,NA,NA,NA,NA,NA,NA,NA,NA
"MiFish_0000244",NA,NA,NA,NA,NA,NA,NA,0,"None",NA,333,NA,NA,NA,NA,NA,NA,NA,NA,0,"local",FALSE,NA,NA,NA,NA,NA,NA,NA,NA,NA,NA
"MiFish_0000245",NA,NA,NA,NA,NA,NA,NA,0,"None",NA,100,NA,NA,NA,NA,NA,NA,NA,NA,0,"local",FALSE,NA,NA,NA,NA,NA,NA,NA,NA,NA,NA
"MiFish_0000246",NA,NA,NA,NA,NA,NA,NA,0,"None",NA,64,NA,NA,NA,NA,NA,NA,NA,NA,0,"local",FALSE,NA,NA,NA,NA,NA,NA,NA,NA,NA,NA
"MiFish_0000247","Eukaryota","Chordata","Actinopteri","Mugiliformes","Mugilidae","Mugil","Mugil cephalus",98.8304093567252,"48193","Mugil cephalus",236,"d:Eukaryota,p:Chordata,c:Actinopteri,o:Mugiliformes,f:Mugilidae,g:Mugil,s:Mugil_cephalus","Eukaryota","Chordata","Actinopteri","Mugiliformes","Mugilidae","Mugil","Mugil cephalus",98.8,"global",TRUE,98.8304093567252,"lca_global_v_local","Eukaryota","Chordata","Actinopteri","Mugiliformes","Mugilidae","Mugil","Mugil cephalus","Mugil cephalus"
"MiFish_0000248",NA,NA,NA,NA,NA,NA,NA,0,"None",NA,21,NA,NA,NA,NA,NA,NA,NA,NA,0,"local",FALSE,NA,NA,NA,NA,NA,NA,NA,NA,NA,NA
"MiFish_0000249","Eukaryota","Chordata","Actinopteri","Lutjaniformes","Haemulidae","Conodon","Conodon nobilis",95.2662721893491,"722433","Conodon nobilis",1326,NA,NA,NA,NA,NA,NA,NA,NA,0,"global",FALSE,95.2662721893491,"global","Eukaryota","Chordata","Actinopteri","Lutjaniformes","Haemulidae","Conodon","Conodon nobilis","Conodon nobilis"
"MiFish_0000250",NA,NA,NA,NA,NA,NA,NA,0,"None",NA,194,NA,NA,NA,NA,NA,NA,NA,NA,0,"local",FALSE,NA,NA,NA,NA,NA,NA,NA,NA,NA,NA
"MiFish_0000251",NA,NA,NA,NA,NA,NA,NA,0,"None",NA,948,NA,NA,NA,NA,NA,NA,NA,NA,0,"local",FALSE,NA,NA,NA,NA,NA,NA,NA,NA,NA,NA
"MiFish_0000252","Eukaryota","Chordata","Actinopteri","Clupeiformes","Clupeidae","Dorosoma","Dorosoma cepedianum",95.4285714285714,"336262","Dorosoma cepedianum",552,"d:Eukaryota,p:Chordata,c:Actinopteri,o:Clupeiformes,f:Clupeidae,g:Opisthonema,s:Opisthonema_oglinum","Eukaryota","Chordata","Actinopteri","Clupeiformes","Clupeidae","Opisthonema","Opisthonema oglinum",95.5,"local",FALSE,95.5,"local","Eukaryota","Chordata","Actinopteri","Clupeiformes","Clupeidae","Opisthonema","Opisthonema oglinum","Opisthonema oglinum"
"MiFish_0000253",NA,NA,NA,NA,NA,NA,NA,0,"None",NA,34,NA,NA,NA,NA,NA,NA,NA,NA,0,"local",FALSE,NA,NA,NA,NA,NA,NA,NA,NA,NA,NA
"MiFish_0000254",NA,NA,NA,NA,NA,NA,NA,0,"None",NA,12,NA,NA,NA,NA,NA,NA,NA,NA,0,"local",FALSE,NA,NA,NA,NA,NA,NA,NA,NA,NA,NA
"MiFish_0000255",NA,NA,NA,NA,NA,NA,NA,0,"None",NA,31,NA,NA,NA,NA,NA,NA,NA,NA,0,"local",FALSE,NA,NA,NA,NA,NA,NA,NA,NA,NA,NA
"MiFish_0000256",NA,NA,NA,NA,NA,NA,NA,0,"None",NA,24,NA,NA,NA,NA,NA,NA,NA,NA,0,"local",FALSE,NA,NA,NA,NA,NA,NA,NA,NA,NA,NA
"MiFish_0000257",NA,NA,NA,NA,NA,NA,NA,0,"None",NA,27,NA,NA,NA,NA,NA,NA,NA,NA,0,"local",FALSE,NA,NA,NA,NA,NA,NA,NA,NA,NA,NA
"MiFish_0000258",NA,NA,NA,NA,NA,NA,NA,0,"None",NA,11999,NA,NA,NA,NA,NA,NA,NA,NA,0,"local",FALSE,NA,NA,NA,NA,NA,NA,NA,NA,NA,NA
"MiFish_0000259","Eukaryota","Chordata","Actinopteri",NA,"Pomacentridae","Stegastes","Stegastes beebei",99.4285714285714,"1350520","Stegastes beebei",87,NA,NA,NA,NA,NA,NA,NA,NA,0,"global",FALSE,99.4285714285714,"global","Eukaryota","Chordata","Actinopteri",NA,"Pomacentridae","Stegastes","Stegastes beebei","Stegastes beebei"
"MiFish_0000260",NA,NA,NA,NA,NA,NA,NA,0,"None",NA,82,NA,NA,NA,NA,NA,NA,NA,NA,0,"local",FALSE,NA,NA,NA,NA,NA,NA,NA,NA,NA,NA
"MiFish_0000261","Eukaryota","Chordata","Actinopteri","Carangiformes","Carangidae","Caranx",NA,100,"8158","Caranx",1315,"d:Eukaryota,p:Chordata,c:Actinopteri,o:Carangiformes,f:Carangidae,g:Caranx,s:Caranx_melampygus","Eukaryota","Chordata","Actinopteri","Carangiformes","Carangidae","Caranx","Caranx melampygus",97.6,"global",TRUE,100,"lca_global_v_local","Eukaryota","Chordata","Actinopteri","Carangiformes","Carangidae","Caranx",NA,"Caranx"
"MiFish_0000262","Eukaryota","Chordata","Actinopteri",NA,"Pomacentridae","Stegastes","Stegastes beebei",100,"1350520","Stegastes beebei",5555,NA,NA,NA,NA,NA,NA,NA,NA,0,"global",FALSE,100,"global","Eukaryota","Chordata","Actinopteri",NA,"Pomacentridae","Stegastes","Stegastes beebei","Stegastes beebei"
"MiFish_0000263","Eukaryota","Chordata","Actinopteri","Mugiliformes","Mugilidae","Mugil","Mugil cephalus",97.1098265895954,"48193","Mugil cephalus",16,"d:Eukaryota,p:Chordata,c:Actinopteri,o:Mugiliformes,f:Mugilidae,g:Mugil,s:Mugil_cephalus","Eukaryota","Chordata","Actinopteri","Mugiliformes","Mugilidae","Mugil","Mugil cephalus",97.7,"local",FALSE,97.7,"local","Eukaryota","Chordata","Actinopteri","Mugiliformes","Mugilidae","Mugil","Mugil cephalus","Mugil cephalus"
"MiFish_0000264","Eukaryota","Chordata","Actinopteri","Mugiliformes","Mugilidae","Mugil","Mugil thoburni",99.4117647058823,"1229150","Mugil thoburni",862,"d:Eukaryota,p:Chordata,c:Actinopteri,o:Mugiliformes,f:Mugilidae,g:Mugil,s:Mugil_thoburni","Eukaryota","Chordata","Actinopteri","Mugiliformes","Mugilidae","Mugil","Mugil thoburni",99.4,"global",TRUE,99.4117647058823,"lca_global_v_local","Eukaryota","Chordata","Actinopteri","Mugiliformes","Mugilidae","Mugil","Mugil thoburni","Mugil thoburni"
"MiFish_0000265","Eukaryota","Chordata","Actinopteri","Labriformes","Labridae","Bodianus","Bodianus diplotaenia",100,"1182146","Bodianus diplotaenia",2884,NA,NA,NA,NA,NA,NA,NA,NA,0,"global",FALSE,100,"global","Eukaryota","Chordata","Actinopteri","Labriformes","Labridae","Bodianus","Bodianus diplotaenia","Bodianus diplotaenia"
"MiFish_0000266","Eukaryota","Chordata","Actinopteri","Mugiliformes","Mugilidae","Mugil","Mugil curema",99.4117647058823,"48194","Mugil curema",55,"d:Eukaryota,p:Chordata,c:Actinopteri,o:Mugiliformes,f:Mugilidae,g:Mugil,s:Mugil_thoburni","Eukaryota","Chordata","Actinopteri","Mugiliformes","Mugilidae","Mugil","Mugil thoburni",98.2,"global",TRUE,99.4117647058823,"lca_global_v_local","Eukaryota","Chordata","Actinopteri","Mugiliformes","Mugilidae","Mugil",NA,"Mugil"
"MiFish_0000267","Eukaryota","Chordata","Actinopteri","Mugiliformes","Mugilidae","Mugil","Mugil thoburni",99.4117647058823,"1229150","Mugil thoburni",518,"d:Eukaryota,p:Chordata,c:Actinopteri,o:Mugiliformes,f:Mugilidae,g:Mugil,s:Mugil_thoburni","Eukaryota","Chordata","Actinopteri","Mugiliformes","Mugilidae","Mugil","Mugil thoburni",99.4,"global",TRUE,99.4117647058823,"lca_global_v_local","Eukaryota","Chordata","Actinopteri","Mugiliformes","Mugilidae","Mugil","Mugil thoburni","Mugil thoburni"
"MiFish_0000268",NA,NA,NA,NA,NA,NA,NA,0,"None",NA,213,NA,NA,NA,NA,NA,NA,NA,NA,0,"local",FALSE,NA,NA,NA,NA,NA,NA,NA,NA,NA,NA
"MiFish_0000269",NA,NA,NA,NA,NA,NA,NA,0,"None",NA,33,NA,NA,NA,NA,NA,NA,NA,NA,0,"local",FALSE,NA,NA,NA,NA,NA,NA,NA,NA,NA,NA
"MiFish_0000270",NA,NA,NA,NA,NA,NA,NA,0,"None",NA,15,NA,NA,NA,NA,NA,NA,NA,NA,0,"local",FALSE,NA,NA,NA,NA,NA,NA,NA,NA,NA,NA
"MiFish_0000271","Eukaryota","Chordata","Actinopteri","Mugiliformes","Mugilidae","Mugil",NA,95.8823529411765,"8190","Mugil",114,"d:Eukaryota,p:Chordata,c:Actinopteri,o:Mugiliformes,f:Mugilidae,g:Mugil,s:Mugil_thoburni","Eukaryota","Chordata","Actinopteri","Mugiliformes","Mugilidae","Mugil","Mugil thoburni",95.9,"local",FALSE,95.9,"local","Eukaryota","Chordata","Actinopteri","Mugiliformes","Mugilidae","Mugil","Mugil thoburni","Mugil thoburni"
"MiFish_0000272",NA,NA,NA,NA,NA,NA,NA,0,"None",NA,454,NA,NA,NA,NA,NA,NA,NA,NA,0,"local",FALSE,NA,NA,NA,NA,NA,NA,NA,NA,NA,NA
"MiFish_0000273","Eukaryota","Chordata","Actinopteri","Gerreiformes","Gerreidae","Eucinostomus","Eucinostomus melanopterus",95.9302325581395,"332418","Eucinostomus melanopterus",127,NA,NA,NA,NA,NA,NA,NA,NA,0,"global",FALSE,95.9302325581395,"global","Eukaryota","Chordata","Actinopteri","Gerreiformes","Gerreidae","Eucinostomus","Eucinostomus melanopterus","Eucinostomus melanopterus"
"MiFish_0000274",NA,NA,NA,NA,NA,NA,NA,0,"None",NA,40,NA,NA,NA,NA,NA,NA,NA,NA,0,"local",FALSE,NA,NA,NA,NA,NA,NA,NA,NA,NA,NA
"MiFish_0000275","Eukaryota","Chordata","Actinopteri","Labriformes","Labridae","Scarus","Scarus ghobban",100,"242806","Scarus ghobban",5442,NA,NA,NA,NA,NA,NA,NA,NA,0,"global",FALSE,100,"global","Eukaryota","Chordata","Actinopteri","Labriformes","Labridae","Scarus","Scarus ghobban","Scarus ghobban"
"MiFish_0000276",NA,NA,NA,NA,NA,NA,NA,0,"None",NA,45,NA,NA,NA,NA,NA,NA,NA,NA,0,"local",FALSE,NA,NA,NA,NA,NA,NA,NA,NA,NA,NA
"MiFish_0000277",NA,NA,NA,NA,NA,NA,NA,0,"None",NA,203,NA,NA,NA,NA,NA,NA,NA,NA,0,"local",FALSE,NA,NA,NA,NA,NA,NA,NA,NA,NA,NA
"MiFish_0000278",NA,NA,NA,NA,NA,NA,NA,0,"None",NA,216,NA,NA,NA,NA,NA,NA,NA,NA,0,"local",FALSE,NA,NA,NA,NA,NA,NA,NA,NA,NA,NA
"MiFish_0000279",NA,NA,NA,NA,NA,NA,NA,0,"None",NA,21144,NA,NA,NA,NA,NA,NA,NA,NA,0,"local",FALSE,NA,NA,NA,NA,NA,NA,NA,NA,NA,NA
"MiFish_0000280",NA,NA,NA,NA,NA,NA,NA,0,"None",NA,240,NA,NA,NA,NA,NA,NA,NA,NA,0,"local",FALSE,NA,NA,NA,NA,NA,NA,NA,NA,NA,NA
"MiFish_0000281","Eukaryota","Chordata","Actinopteri","Tetraodontiformes","Tetraodontidae","Sphoeroides","Sphoeroides annulatus",98.2456140350877,"168377","Sphoeroides annulatus",68,NA,NA,NA,NA,NA,NA,NA,NA,0,"global",FALSE,98.2456140350877,"global","Eukaryota","Chordata","Actinopteri","Tetraodontiformes","Tetraodontidae","Sphoeroides","Sphoeroides annulatus","Sphoeroides annulatus"
"MiFish_0000282",NA,NA,NA,NA,NA,NA,NA,0,"None",NA,450,NA,NA,NA,NA,NA,NA,NA,NA,0,"local",FALSE,NA,NA,NA,NA,NA,NA,NA,NA,NA,NA
"MiFish_0000283",NA,NA,NA,NA,NA,NA,NA,0,"None",NA,170,NA,NA,NA,NA,NA,NA,NA,NA,0,"local",FALSE,NA,NA,NA,NA,NA,NA,NA,NA,NA,NA
"MiFish_0000284","Eukaryota","Chordata","Actinopteri","Gerreiformes","Gerreidae","Eucinostomus","Eucinostomus melanopterus",95.9302325581395,"332418","Eucinostomus melanopterus",10,NA,NA,NA,NA,NA,NA,NA,NA,0,"global",FALSE,95.9302325581395,"global","Eukaryota","Chordata","Actinopteri","Gerreiformes","Gerreidae","Eucinostomus","Eucinostomus melanopterus","Eucinostomus melanopterus"
"MiFish_0000285","Eukaryota","Chordata","Actinopteri","Mugiliformes","Mugilidae","Mugil","Mugil curema",98.8235294117647,"48194","Mugil curema",36,"d:Eukaryota,p:Chordata,c:Actinopteri,o:Mugiliformes,f:Mugilidae,g:Mugil,s:Mugil_thoburni","Eukaryota","Chordata","Actinopteri","Mugiliformes","Mugilidae","Mugil","Mugil thoburni",97.6,"global",TRUE,98.8235294117647,"lca_global_v_local","Eukaryota","Chordata","Actinopteri","Mugiliformes","Mugilidae","Mugil",NA,"Mugil"
"MiFish_0000286",NA,NA,NA,NA,NA,NA,NA,0,"None",NA,172,NA,NA,NA,NA,NA,NA,NA,NA,0,"local",FALSE,NA,NA,NA,NA,NA,NA,NA,NA,NA,NA
"MiFish_0000287",NA,NA,NA,NA,NA,NA,NA,0,"None",NA,16,NA,NA,NA,NA,NA,NA,NA,NA,0,"local",FALSE,NA,NA,NA,NA,NA,NA,NA,NA,NA,NA
"MiFish_0000288",NA,NA,NA,NA,NA,NA,NA,0,"None",NA,234,NA,NA,NA,NA,NA,NA,NA,NA,0,"local",FALSE,NA,NA,NA,NA,NA,NA,NA,NA,NA,NA
"MiFish_0000289",NA,NA,NA,NA,NA,NA,NA,0,"None",NA,29,NA,NA,NA,NA,NA,NA,NA,NA,0,"local",FALSE,NA,NA,NA,NA,NA,NA,NA,NA,NA,NA
"MiFish_0000290",NA,NA,NA,NA,NA,NA,NA,0,"None",NA,98,NA,NA,NA,NA,NA,NA,NA,NA,0,"local",FALSE,NA,NA,NA,NA,NA,NA,NA,NA,NA,NA
"MiFish_0000291",NA,NA,NA,NA,NA,NA,NA,0,"None",NA,482,NA,NA,NA,NA,NA,NA,NA,NA,0,"local",FALSE,NA,NA,NA,NA,NA,NA,NA,NA,NA,NA
"MiFish_0000292",NA,NA,NA,NA,NA,NA,NA,0,"None",NA,16,NA,NA,NA,NA,NA,NA,NA,NA,0,"local",FALSE,NA,NA,NA,NA,NA,NA,NA,NA,NA,NA
"MiFish_0000293",NA,NA,NA,NA,NA,NA,NA,0,"None",NA,27,NA,NA,NA,NA,NA,NA,NA,NA,0,"local",FALSE,NA,NA,NA,NA,NA,NA,NA,NA,NA,NA
"MiFish_0000294",NA,NA,NA,NA,NA,NA,NA,0,"None",NA,224,NA,NA,NA,NA,NA,NA,NA,NA,0,"local",FALSE,NA,NA,NA,NA,NA,NA,NA,NA,NA,NA
"MiFish_0000295","Eukaryota","Chordata","Actinopteri","Perciformes","Scorpaenidae","Pontinus","Pontinus macrocephalus",96.4285714285714,"398654","Pontinus macrocephalus",22,NA,NA,NA,NA,NA,NA,NA,NA,0,"global",FALSE,96.4285714285714,"global","Eukaryota","Chordata","Actinopteri","Perciformes","Scorpaenidae","Pontinus","Pontinus macrocephalus","Pontinus macrocephalus"
"MiFish_0000296",NA,NA,NA,NA,NA,NA,NA,0,"None",NA,250,NA,NA,NA,NA,NA,NA,NA,NA,0,"local",FALSE,NA,NA,NA,NA,NA,NA,NA,NA,NA,NA
"MiFish_0000297",NA,NA,NA,NA,NA,NA,NA,0,"None",NA,201,NA,NA,NA,NA,NA,NA,NA,NA,0,"local",FALSE,NA,NA,NA,NA,NA,NA,NA,NA,NA,NA
"MiFish_0000298",NA,NA,NA,NA,NA,NA,NA,0,"None",NA,319,NA,NA,NA,NA,NA,NA,NA,NA,0,"local",FALSE,NA,NA,NA,NA,NA,NA,NA,NA,NA,NA
"MiFish_0000299","Eukaryota","Chordata","Actinopteri","Gerreiformes","Gerreidae","Eucinostomus","Eucinostomus melanopterus",96.5116279069768,"332418","Eucinostomus melanopterus",83,NA,NA,NA,NA,NA,NA,NA,NA,0,"global",FALSE,96.5116279069768,"global","Eukaryota","Chordata","Actinopteri","Gerreiformes","Gerreidae","Eucinostomus","Eucinostomus melanopterus","Eucinostomus melanopterus"
"MiFish_0000300",NA,NA,NA,NA,NA,NA,NA,0,"None",NA,657,NA,NA,NA,NA,NA,NA,NA,NA,0,"local",FALSE,NA,NA,NA,NA,NA,NA,NA,NA,NA,NA
"MiFish_0000301",NA,NA,NA,NA,NA,NA,NA,0,"None",NA,115,NA,NA,NA,NA,NA,NA,NA,NA,0,"local",FALSE,NA,NA,NA,NA,NA,NA,NA,NA,NA,NA
"MiFish_0000302",NA,NA,NA,NA,NA,NA,NA,0,"None",NA,63,NA,NA,NA,NA,NA,NA,NA,NA,0,"local",FALSE,NA,NA,NA,NA,NA,NA,NA,NA,NA,NA
"MiFish_0000303",NA,NA,NA,NA,NA,NA,NA,0,"None",NA,129,NA,NA,NA,NA,NA,NA,NA,NA,0,"local",FALSE,NA,NA,NA,NA,NA,NA,NA,NA,NA,NA
"MiFish_0000304","Eukaryota","Chordata","Actinopteri","Mugiliformes","Mugilidae","Mugil","Mugil cephalus",98.8304093567252,"48193","Mugil cephalus",552,"d:Eukaryota,p:Chordata,c:Actinopteri,o:Mugiliformes,f:Mugilidae,g:Mugil,s:Mugil_cephalus","Eukaryota","Chordata","Actinopteri","Mugiliformes","Mugilidae","Mugil","Mugil cephalus",98.8,"global",TRUE,98.8304093567252,"lca_global_v_local","Eukaryota","Chordata","Actinopteri","Mugiliformes","Mugilidae","Mugil","Mugil cephalus","Mugil cephalus"
"MiFish_0000305","Eukaryota","Chordata","Actinopteri","Tetraodontiformes","Tetraodontidae","Sphoeroides","Sphoeroides annulatus",98.8235294117647,"168377","Sphoeroides annulatus",19,NA,NA,NA,NA,NA,NA,NA,NA,0,"global",FALSE,98.8235294117647,"global","Eukaryota","Chordata","Actinopteri","Tetraodontiformes","Tetraodontidae","Sphoeroides","Sphoeroides annulatus","Sphoeroides annulatus"
"MiFish_0000306","Eukaryota","Chordata","Actinopteri","Mugiliformes","Mugilidae","Mugil","Mugil curema",97.6608187134503,"48194","Mugil curema",45,"d:Eukaryota,p:Chordata,c:Actinopteri,o:Mugiliformes,f:Mugilidae,g:Mugil,s:Mugil_thoburni","Eukaryota","Chordata","Actinopteri","Mugiliformes","Mugilidae","Mugil","Mugil thoburni",97.1,"global",TRUE,97.6608187134503,"lca_global_v_local","Eukaryota","Chordata","Actinopteri","Mugiliformes","Mugilidae","Mugil",NA,"Mugil"
"MiFish_0000307","Eukaryota","Chordata","Actinopteri","Tetraodontiformes","Diodontidae","Diodon",NA,100,"223142","Diodon",1955,NA,NA,NA,NA,NA,NA,NA,NA,0,"global",FALSE,100,"global","Eukaryota","Chordata","Actinopteri","Tetraodontiformes","Diodontidae","Diodon",NA,"Diodon"
"MiFish_0000308",NA,NA,NA,NA,NA,NA,NA,0,"None",NA,344,NA,NA,NA,NA,NA,NA,NA,NA,0,"local",FALSE,NA,NA,NA,NA,NA,NA,NA,NA,NA,NA
"MiFish_0000309",NA,NA,NA,NA,NA,NA,NA,0,"None",NA,20,NA,NA,NA,NA,NA,NA,NA,NA,0,"local",FALSE,NA,NA,NA,NA,NA,NA,NA,NA,NA,NA
"MiFish_0000310",NA,NA,NA,NA,NA,NA,NA,0,"None",NA,92,NA,NA,NA,NA,NA,NA,NA,NA,0,"local",FALSE,NA,NA,NA,NA,NA,NA,NA,NA,NA,NA
"MiFish_0000311","Eukaryota","Chordata","Actinopteri","Mugiliformes","Mugilidae","Mugil","Mugil curema",98.235294117647,"48194","Mugil curema",17,"d:Eukaryota,p:Chordata,c:Actinopteri,o:Mugiliformes,f:Mugilidae,g:Mugil,s:Mugil_thoburni","Eukaryota","Chordata","Actinopteri","Mugiliformes","Mugilidae","Mugil","Mugil thoburni",97.1,"global",TRUE,98.235294117647,"lca_global_v_local","Eukaryota","Chordata","Actinopteri","Mugiliformes","Mugilidae","Mugil",NA,"Mugil"
"MiFish_0000312","Eukaryota","Chordata","Actinopteri","Mugiliformes","Mugilidae","Mugil","Mugil thoburni",95.8823529411765,"1229150","Mugil thoburni",87,"d:Eukaryota,p:Chordata,c:Actinopteri,o:Mugiliformes,f:Mugilidae,g:Mugil,s:Mugil_thoburni","Eukaryota","Chordata","Actinopteri","Mugiliformes","Mugilidae","Mugil","Mugil thoburni",95.9,"local",FALSE,95.9,"local","Eukaryota","Chordata","Actinopteri","Mugiliformes","Mugilidae","Mugil","Mugil thoburni","Mugil thoburni"
"MiFish_0000313","Eukaryota","Chordata","Actinopteri","Mugiliformes","Mugilidae","Mugil","Mugil cephalus",97.093023255814,"48193","Mugil cephalus",29,"d:Eukaryota,p:Chordata,c:Actinopteri,o:Mugiliformes,f:Mugilidae,g:Mugil,s:Mugil_cephalus","Eukaryota","Chordata","Actinopteri","Mugiliformes","Mugilidae","Mugil","Mugil cephalus",97.1,"local",FALSE,97.1,"local","Eukaryota","Chordata","Actinopteri","Mugiliformes","Mugilidae","Mugil","Mugil cephalus","Mugil cephalus"
"MiFish_0000314","Eukaryota","Chordata","Actinopteri","Mugiliformes","Mugilidae","Mugil","Mugil cephalus",98.8304093567252,"48193","Mugil cephalus",21,"d:Eukaryota,p:Chordata,c:Actinopteri,o:Mugiliformes,f:Mugilidae,g:Mugil,s:Mugil_cephalus","Eukaryota","Chordata","Actinopteri","Mugiliformes","Mugilidae","Mugil","Mugil cephalus",98.8,"global",TRUE,98.8304093567252,"lca_global_v_local","Eukaryota","Chordata","Actinopteri","Mugiliformes","Mugilidae","Mugil","Mugil cephalus","Mugil cephalus"
"MiFish_0000315",NA,NA,NA,NA,NA,NA,NA,0,"None",NA,93,NA,NA,NA,NA,NA,NA,NA,NA,0,"local",FALSE,NA,NA,NA,NA,NA,NA,NA,NA,NA,NA
"MiFish_0000316","Eukaryota","Chordata","Actinopteri","Mugiliformes","Mugilidae","Mugil","Mugil curema",99.4117647058823,"48194","Mugil curema",31,"d:Eukaryota,p:Chordata,c:Actinopteri,o:Mugiliformes,f:Mugilidae,g:Mugil,s:Mugil_thoburni","Eukaryota","Chordata","Actinopteri","Mugiliformes","Mugilidae","Mugil","Mugil thoburni",98.2,"global",TRUE,99.4117647058823,"lca_global_v_local","Eukaryota","Chordata","Actinopteri","Mugiliformes","Mugilidae","Mugil",NA,"Mugil"
"MiFish_0000317","Eukaryota","Chordata","Actinopteri","Tetraodontiformes","Tetraodontidae","Sphoeroides","Sphoeroides annulatus",98.8235294117647,"168377","Sphoeroides annulatus",68,NA,NA,NA,NA,NA,NA,NA,NA,0,"global",FALSE,98.8235294117647,"global","Eukaryota","Chordata","Actinopteri","Tetraodontiformes","Tetraodontidae","Sphoeroides","Sphoeroides annulatus","Sphoeroides annulatus"
"MiFish_0000318",NA,NA,NA,NA,NA,NA,NA,0,"None",NA,73,NA,NA,NA,NA,NA,NA,NA,NA,0,"local",FALSE,NA,NA,NA,NA,NA,NA,NA,NA,NA,NA
"MiFish_0000319","Eukaryota","Chordata","Actinopteri","Gerreiformes","Gerreidae","Eucinostomus","Eucinostomus melanopterus",96.5116279069768,"332418","Eucinostomus melanopterus",87,NA,NA,NA,NA,NA,NA,NA,NA,0,"global",FALSE,96.5116279069768,"global","Eukaryota","Chordata","Actinopteri","Gerreiformes","Gerreidae","Eucinostomus","Eucinostomus melanopterus","Eucinostomus melanopterus"
"MiFish_0000320","Eukaryota","Chordata","Actinopteri","Gerreiformes","Gerreidae","Eucinostomus","Eucinostomus melanopterus",96.5116279069768,"332418","Eucinostomus melanopterus",61,NA,NA,NA,NA,NA,NA,NA,NA,0,"global",FALSE,96.5116279069768,"global","Eukaryota","Chordata","Actinopteri","Gerreiformes","Gerreidae","Eucinostomus","Eucinostomus melanopterus","Eucinostomus melanopterus"
"MiFish_0000321",NA,NA,NA,NA,NA,NA,NA,0,"None",NA,178,NA,NA,NA,NA,NA,NA,NA,NA,0,"local",FALSE,NA,NA,NA,NA,NA,NA,NA,NA,NA,NA
"MiFish_0000322",NA,NA,NA,NA,NA,NA,NA,0,"None",NA,121,NA,NA,NA,NA,NA,NA,NA,NA,0,"local",FALSE,NA,NA,NA,NA,NA,NA,NA,NA,NA,NA
"MiFish_0000323",NA,NA,NA,NA,NA,NA,NA,0,"None",NA,19,NA,NA,NA,NA,NA,NA,NA,NA,0,"local",FALSE,NA,NA,NA,NA,NA,NA,NA,NA,NA,NA
"MiFish_0000324","Eukaryota","Chordata","Actinopteri","Carangiformes","Carangidae","Caranx","Caranx crysos",98.8165680473373,"173309","Caranx crysos",264,NA,NA,NA,NA,NA,NA,NA,NA,0,"global",FALSE,98.8165680473373,"global","Eukaryota","Chordata","Actinopteri","Carangiformes","Carangidae","Caranx","Caranx crysos","Caranx crysos"
"MiFish_0000325",NA,NA,NA,NA,NA,NA,NA,0,"None",NA,112,NA,NA,NA,NA,NA,NA,NA,NA,0,"local",FALSE,NA,NA,NA,NA,NA,NA,NA,NA,NA,NA
"MiFish_0000326","Eukaryota","Chordata","Actinopteri","Tetraodontiformes","Tetraodontidae","Sphoeroides","Sphoeroides annulatus",98.8235294117647,"168377","Sphoeroides annulatus",250,NA,NA,NA,NA,NA,NA,NA,NA,0,"global",FALSE,98.8235294117647,"global","Eukaryota","Chordata","Actinopteri","Tetraodontiformes","Tetraodontidae","Sphoeroides","Sphoeroides annulatus","Sphoeroides annulatus"
"MiFish_0000327",NA,NA,NA,NA,NA,NA,NA,0,"None",NA,47,NA,NA,NA,NA,NA,NA,NA,NA,0,"local",FALSE,NA,NA,NA,NA,NA,NA,NA,NA,NA,NA
"MiFish_0000328",NA,NA,NA,NA,NA,NA,NA,0,"None",NA,29,NA,NA,NA,NA,NA,NA,NA,NA,0,"local",FALSE,NA,NA,NA,NA,NA,NA,NA,NA,NA,NA
"MiFish_0000329","Eukaryota","Chordata","Actinopteri","Perciformes","Serranidae","Mycteroperca","Mycteroperca bonaci",95.8579881656805,"153621","Mycteroperca bonaci",88,NA,NA,NA,NA,NA,NA,NA,NA,0,"global",FALSE,95.8579881656805,"global","Eukaryota","Chordata","Actinopteri","Perciformes","Serranidae","Mycteroperca","Mycteroperca bonaci","Mycteroperca bonaci"
"MiFish_0000330",NA,NA,NA,NA,NA,NA,NA,0,"None",NA,143,NA,NA,NA,NA,NA,NA,NA,NA,0,"local",FALSE,NA,NA,NA,NA,NA,NA,NA,NA,NA,NA
"MiFish_0000331","Eukaryota","Chordata","Actinopteri","Mugiliformes","Mugilidae","Mugil","Mugil cephalus",99.4152046783626,"48193","Mugil cephalus",586,"d:Eukaryota,p:Chordata,c:Actinopteri,o:Mugiliformes,f:Mugilidae,g:Mugil,s:Mugil_cephalus","Eukaryota","Chordata","Actinopteri","Mugiliformes","Mugilidae","Mugil","Mugil cephalus",99.4,"global",TRUE,99.4152046783626,"lca_global_v_local","Eukaryota","Chordata","Actinopteri","Mugiliformes","Mugilidae","Mugil","Mugil cephalus","Mugil cephalus"
"MiFish_0000332",NA,NA,NA,NA,NA,NA,NA,0,"None",NA,69,NA,NA,NA,NA,NA,NA,NA,NA,0,"local",FALSE,NA,NA,NA,NA,NA,NA,NA,NA,NA,NA
"MiFish_0000333",NA,NA,NA,NA,NA,NA,NA,0,"None",NA,32,NA,NA,NA,NA,NA,NA,NA,NA,0,"local",FALSE,NA,NA,NA,NA,NA,NA,NA,NA,NA,NA
"MiFish_0000334","Eukaryota","Chordata","Actinopteri",NA,"Pomacentridae","Stegastes","Stegastes arcifrons",97.1590909090909,"1350519","Stegastes arcifrons",14,NA,NA,NA,NA,NA,NA,NA,NA,0,"global",FALSE,97.1590909090909,"global","Eukaryota","Chordata","Actinopteri",NA,"Pomacentridae","Stegastes","Stegastes arcifrons","Stegastes arcifrons"
"MiFish_0000335",NA,NA,NA,NA,NA,NA,NA,0,"None",NA,17,NA,NA,NA,NA,NA,NA,NA,NA,0,"local",FALSE,NA,NA,NA,NA,NA,NA,NA,NA,NA,NA
"MiFish_0000336",NA,NA,NA,NA,NA,NA,NA,0,"None",NA,10,NA,NA,NA,NA,NA,NA,NA,NA,0,"local",FALSE,NA,NA,NA,NA,NA,NA,NA,NA,NA,NA
"MiFish_0000337",NA,NA,NA,NA,NA,NA,NA,0,"None",NA,214,NA,NA,NA,NA,NA,NA,NA,NA,0,"local",FALSE,NA,NA,NA,NA,NA,NA,NA,NA,NA,NA
"MiFish_0000338","Eukaryota","Chordata","Actinopteri","Gerreiformes","Gerreidae","Eucinostomus","Eucinostomus melanopterus",95.9302325581395,"332418","Eucinostomus melanopterus",98,NA,NA,NA,NA,NA,NA,NA,NA,0,"global",FALSE,95.9302325581395,"global","Eukaryota","Chordata","Actinopteri","Gerreiformes","Gerreidae","Eucinostomus","Eucinostomus melanopterus","Eucinostomus melanopterus"
"MiFish_0000339","Eukaryota","Chordata","Actinopteri","Tetraodontiformes","Tetraodontidae","Sphoeroides","Sphoeroides annulatus",98.8235294117647,"168377","Sphoeroides annulatus",170,NA,NA,NA,NA,NA,NA,NA,NA,0,"global",FALSE,98.8235294117647,"global","Eukaryota","Chordata","Actinopteri","Tetraodontiformes","Tetraodontidae","Sphoeroides","Sphoeroides annulatus","Sphoeroides annulatus"
"MiFish_0000340",NA,NA,NA,NA,NA,NA,NA,0,"None",NA,16,NA,NA,NA,NA,NA,NA,NA,NA,0,"local",FALSE,NA,NA,NA,NA,NA,NA,NA,NA,NA,NA
"MiFish_0000341","Eukaryota","Chordata","Actinopteri","Perciformes","Serranidae","Mycteroperca","Mycteroperca bonaci",95.2662721893491,"153621","Mycteroperca bonaci",10,NA,NA,NA,NA,NA,NA,NA,NA,0,"global",FALSE,95.2662721893491,"global","Eukaryota","Chordata","Actinopteri","Perciformes","Serranidae","Mycteroperca","Mycteroperca bonaci","Mycteroperca bonaci"
"MiFish_0000342",NA,NA,NA,NA,NA,NA,NA,0,"None",NA,20,NA,NA,NA,NA,NA,NA,NA,NA,0,"local",FALSE,NA,NA,NA,NA,NA,NA,NA,NA,NA,NA
"MiFish_0000343",NA,NA,NA,NA,NA,NA,NA,0,"None",NA,1429,NA,NA,NA,NA,NA,NA,NA,NA,0,"local",FALSE,NA,NA,NA,NA,NA,NA,NA,NA,NA,NA
"MiFish_0000344",NA,NA,NA,NA,NA,NA,NA,0,"None",NA,12,NA,NA,NA,NA,NA,NA,NA,NA,0,"local",FALSE,NA,NA,NA,NA,NA,NA,NA,NA,NA,NA
"MiFish_0000345","Eukaryota","Chordata","Actinopteri","Lutjaniformes","Lutjanidae","Lutjanus","Lutjanus argentimaculatus",97.6331360946746,"211834","Lutjanus argentimaculatus",13,NA,NA,NA,NA,NA,NA,NA,NA,0,"global",FALSE,97.6331360946746,"global","Eukaryota","Chordata","Actinopteri","Lutjaniformes","Lutjanidae","Lutjanus","Lutjanus argentimaculatus","Lutjanus argentimaculatus"
"MiFish_0000346","Eukaryota","Chordata","Actinopteri","Tetraodontiformes","Tetraodontidae","Sphoeroides","Sphoeroides annulatus",98.8235294117647,"168377","Sphoeroides annulatus",60,NA,NA,NA,NA,NA,NA,NA,NA,0,"global",FALSE,98.8235294117647,"global","Eukaryota","Chordata","Actinopteri","Tetraodontiformes","Tetraodontidae","Sphoeroides","Sphoeroides annulatus","Sphoeroides annulatus"
"MiFish_0000347",NA,NA,NA,NA,NA,NA,NA,0,"None",NA,20,NA,NA,NA,NA,NA,NA,NA,NA,0,"local",FALSE,NA,NA,NA,NA,NA,NA,NA,NA,NA,NA
"MiFish_0000348","Eukaryota","Chordata","Actinopteri","Mugiliformes","Mugilidae","Mugil","Mugil curema",98.8235294117647,"48194","Mugil curema",11,"d:Eukaryota,p:Chordata,c:Actinopteri,o:Mugiliformes,f:Mugilidae,g:Mugil,s:Mugil_thoburni","Eukaryota","Chordata","Actinopteri","Mugiliformes","Mugilidae","Mugil","Mugil thoburni",97.6,"global",TRUE,98.8235294117647,"lca_global_v_local","Eukaryota","Chordata","Actinopteri","Mugiliformes","Mugilidae","Mugil",NA,"Mugil"
"MiFish_0000349","Eukaryota","Chordata","Actinopteri","Anguilliformes","Muraenidae","Muraena","Muraena lentiginosa",97.6331360946746,"1232744","Muraena lentiginosa",164,NA,NA,NA,NA,NA,NA,NA,NA,0,"global",FALSE,97.6331360946746,"global","Eukaryota","Chordata","Actinopteri","Anguilliformes","Muraenidae","Muraena","Muraena lentiginosa","Muraena lentiginosa"
"MiFish_0000350","Eukaryota","Chordata","Actinopteri","Gonorynchiformes","Chanidae","Chanos","Chanos chanos",100,"29144","Chanos chanos",9976,NA,NA,NA,NA,NA,NA,NA,NA,0,"global",FALSE,100,"global","Eukaryota","Chordata","Actinopteri","Gonorynchiformes","Chanidae","Chanos","Chanos chanos","Chanos chanos"
"MiFish_0000351","Eukaryota","Chordata","Actinopteri","Mugiliformes","Mugilidae","Mugil","Mugil thoburni",96.4912280701754,"1229150","Mugil thoburni",28,"d:Eukaryota,p:Chordata,c:Actinopteri,o:Mugiliformes,f:Mugilidae,g:Mugil,s:Mugil_thoburni","Eukaryota","Chordata","Actinopteri","Mugiliformes","Mugilidae","Mugil","Mugil thoburni",96.5,"local",FALSE,96.5,"local","Eukaryota","Chordata","Actinopteri","Mugiliformes","Mugilidae","Mugil","Mugil thoburni","Mugil thoburni"
"MiFish_0000352","Eukaryota","Chordata","Actinopteri","Gonorynchiformes","Chanidae","Chanos","Chanos chanos",99.4318181818182,"29144","Chanos chanos",18,NA,NA,NA,NA,NA,NA,NA,NA,0,"global",FALSE,99.4318181818182,"global","Eukaryota","Chordata","Actinopteri","Gonorynchiformes","Chanidae","Chanos","Chanos chanos","Chanos chanos"
"MiFish_0000353","Eukaryota","Chordata","Actinopteri",NA,"Pomacentridae","Stegastes","Stegastes beebei",99.4285714285714,"1350520","Stegastes beebei",12,NA,NA,NA,NA,NA,NA,NA,NA,0,"global",FALSE,99.4285714285714,"global","Eukaryota","Chordata","Actinopteri",NA,"Pomacentridae","Stegastes","Stegastes beebei","Stegastes beebei"
"MiFish_0000354",NA,NA,NA,NA,NA,NA,NA,0,"None",NA,13,NA,NA,NA,NA,NA,NA,NA,NA,0,"local",FALSE,NA,NA,NA,NA,NA,NA,NA,NA,NA,NA
"MiFish_0000355",NA,NA,NA,NA,NA,NA,NA,0,"None",NA,95,NA,NA,NA,NA,NA,NA,NA,NA,0,"local",FALSE,NA,NA,NA,NA,NA,NA,NA,NA,NA,NA
"MiFish_0000356",NA,NA,NA,NA,NA,NA,NA,0,"None",NA,65,NA,NA,NA,NA,NA,NA,NA,NA,0,"local",FALSE,NA,NA,NA,NA,NA,NA,NA,NA,NA,NA
"MiFish_0000357","Eukaryota","Chordata","Actinopteri","Mugiliformes","Mugilidae","Mugil","Mugil curema",96.4705882352941,"48194","Mugil curema",49,"d:Eukaryota,p:Chordata,c:Actinopteri,o:Mugiliformes,f:Mugilidae,g:Mugil,s:Mugil_thoburni","Eukaryota","Chordata","Actinopteri","Mugiliformes","Mugilidae","Mugil","Mugil thoburni",95.3,"global",TRUE,96.4705882352941,"lca_global_v_local","Eukaryota","Chordata","Actinopteri","Mugiliformes","Mugilidae","Mugil",NA,"Mugil"
"MiFish_0000358","Eukaryota","Chordata","Actinopteri","Gerreiformes","Gerreidae","Eucinostomus","Eucinostomus melanopterus",95.9302325581395,"332418","Eucinostomus melanopterus",583,NA,NA,NA,NA,NA,NA,NA,NA,0,"global",FALSE,95.9302325581395,"global","Eukaryota","Chordata","Actinopteri","Gerreiformes","Gerreidae","Eucinostomus","Eucinostomus melanopterus","Eucinostomus melanopterus"
"MiFish_0000359",NA,NA,NA,NA,NA,NA,NA,0,"None",NA,194,NA,NA,NA,NA,NA,NA,NA,NA,0,"local",FALSE,NA,NA,NA,NA,NA,NA,NA,NA,NA,NA
"MiFish_0000360",NA,NA,NA,NA,NA,NA,NA,0,"None",NA,17,NA,NA,NA,NA,NA,NA,NA,NA,0,"local",FALSE,NA,NA,NA,NA,NA,NA,NA,NA,NA,NA
"MiFish_0000361","Eukaryota","Chordata","Actinopteri","Mugiliformes","Mugilidae","Mugil","Mugil curema",99.4117647058823,"48194","Mugil curema",68,"d:Eukaryota,p:Chordata,c:Actinopteri,o:Mugiliformes,f:Mugilidae,g:Mugil,s:Mugil_thoburni","Eukaryota","Chordata","Actinopteri","Mugiliformes","Mugilidae","Mugil","Mugil thoburni",98.2,"global",TRUE,99.4117647058823,"lca_global_v_local","Eukaryota","Chordata","Actinopteri","Mugiliformes","Mugilidae","Mugil",NA,"Mugil"
"MiFish_0000362","Eukaryota","Chordata","Actinopteri","Mugiliformes","Mugilidae","Mugil","Mugil thoburni",98.8235294117647,"1229150","Mugil thoburni",96,"d:Eukaryota,p:Chordata,c:Actinopteri,o:Mugiliformes,f:Mugilidae,g:Mugil,s:Mugil_thoburni","Eukaryota","Chordata","Actinopteri","Mugiliformes","Mugilidae","Mugil","Mugil thoburni",98.8,"global",TRUE,98.8235294117647,"lca_global_v_local","Eukaryota","Chordata","Actinopteri","Mugiliformes","Mugilidae","Mugil","Mugil thoburni","Mugil thoburni"
"MiFish_0000363",NA,NA,NA,NA,NA,NA,NA,0,"None",NA,21,NA,NA,NA,NA,NA,NA,NA,NA,0,"local",FALSE,NA,NA,NA,NA,NA,NA,NA,NA,NA,NA
"MiFish_0000364","Eukaryota","Chordata","Actinopteri","Mugiliformes","Mugilidae","Mugil","Mugil thoburni",98.2456140350877,"1229150","Mugil thoburni",12,"d:Eukaryota,p:Chordata,c:Actinopteri,o:Mugiliformes,f:Mugilidae,g:Mugil,s:Mugil_thoburni","Eukaryota","Chordata","Actinopteri","Mugiliformes","Mugilidae","Mugil","Mugil thoburni",98.2,"global",TRUE,98.2456140350877,"lca_global_v_local","Eukaryota","Chordata","Actinopteri","Mugiliformes","Mugilidae","Mugil","Mugil thoburni","Mugil thoburni"
"MiFish_0000365",NA,NA,NA,NA,NA,NA,NA,0,"None",NA,161,NA,NA,NA,NA,NA,NA,NA,NA,0,"local",FALSE,NA,NA,NA,NA,NA,NA,NA,NA,NA,NA
"MiFish_0000366","Eukaryota","Chordata","Actinopteri","Mugiliformes","Mugilidae","Mugil","Mugil cephalus",95.9302325581395,"48193","Mugil cephalus",23,"d:Eukaryota,p:Chordata,c:Actinopteri,o:Mugiliformes,f:Mugilidae,g:Mugil,s:Mugil_cephalus","Eukaryota","Chordata","Actinopteri","Mugiliformes","Mugilidae","Mugil","Mugil cephalus",95.9,"global",TRUE,95.9302325581395,"lca_global_v_local","Eukaryota","Chordata","Actinopteri","Mugiliformes","Mugilidae","Mugil","Mugil cephalus","Mugil cephalus"
"MiFish_0000367","Eukaryota","Chordata","Actinopteri","Mugiliformes","Mugilidae","Mugil","Mugil curema",95.8823529411765,"48194","Mugil curema",41,NA,NA,NA,NA,NA,NA,NA,NA,0,"global",FALSE,95.8823529411765,"global","Eukaryota","Chordata","Actinopteri","Mugiliformes","Mugilidae","Mugil","Mugil curema","Mugil curema"
"MiFish_0000368",NA,NA,NA,NA,NA,NA,NA,0,"None",NA,46,NA,NA,NA,NA,NA,NA,NA,NA,0,"local",FALSE,NA,NA,NA,NA,NA,NA,NA,NA,NA,NA
"MiFish_0000369","Eukaryota","Chordata","Actinopteri","Gerreiformes","Gerreidae","Eucinostomus","Eucinostomus melanopterus",96.5116279069768,"332418","Eucinostomus melanopterus",85,NA,NA,NA,NA,NA,NA,NA,NA,0,"global",FALSE,96.5116279069768,"global","Eukaryota","Chordata","Actinopteri","Gerreiformes","Gerreidae","Eucinostomus","Eucinostomus melanopterus","Eucinostomus melanopterus"
"MiFish_0000370",NA,NA,NA,NA,NA,NA,NA,0,"None",NA,335,NA,NA,NA,NA,NA,NA,NA,NA,0,"local",FALSE,NA,NA,NA,NA,NA,NA,NA,NA,NA,NA
"MiFish_0000371","Eukaryota","Chordata","Actinopteri","Tetraodontiformes","Tetraodontidae","Sphoeroides","Sphoeroides annulatus",98.8235294117647,"168377","Sphoeroides annulatus",23,NA,NA,NA,NA,NA,NA,NA,NA,0,"global",FALSE,98.8235294117647,"global","Eukaryota","Chordata","Actinopteri","Tetraodontiformes","Tetraodontidae","Sphoeroides","Sphoeroides annulatus","Sphoeroides annulatus"
"MiFish_0000372",NA,NA,NA,NA,NA,NA,NA,0,"None",NA,36,NA,NA,NA,NA,NA,NA,NA,NA,0,"local",FALSE,NA,NA,NA,NA,NA,NA,NA,NA,NA,NA
"MiFish_0000373","Eukaryota","Chordata","Actinopteri","Mugiliformes","Mugilidae","Mugil","Mugil cephalus",99.4152046783626,"48193","Mugil cephalus",161,"d:Eukaryota,p:Chordata,c:Actinopteri,o:Mugiliformes,f:Mugilidae,g:Mugil,s:Mugil_cephalus","Eukaryota","Chordata","Actinopteri","Mugiliformes","Mugilidae","Mugil","Mugil cephalus",99.4,"global",TRUE,99.4152046783626,"lca_global_v_local","Eukaryota","Chordata","Actinopteri","Mugiliformes","Mugilidae","Mugil","Mugil cephalus","Mugil cephalus"
"MiFish_0000374",NA,NA,NA,NA,NA,NA,NA,0,"None",NA,15,NA,NA,NA,NA,NA,NA,NA,NA,0,"local",FALSE,NA,NA,NA,NA,NA,NA,NA,NA,NA,NA
"MiFish_0000375",NA,NA,NA,NA,NA,NA,NA,0,"None",NA,151,"d:Eukaryota,p:Chordata,c:Actinopteri,o:Clupeiformes,f:Clupeidae,g:Opisthonema,s:Opisthonema_oglinum","Eukaryota","Chordata","Actinopteri","Clupeiformes","Clupeidae","Opisthonema","Opisthonema oglinum",95.5,"local",FALSE,95.5,"local","Eukaryota","Chordata","Actinopteri","Clupeiformes","Clupeidae","Opisthonema","Opisthonema oglinum","Opisthonema oglinum"
"MiFish_0000376",NA,NA,NA,NA,NA,NA,NA,0,"None",NA,114,NA,NA,NA,NA,NA,NA,NA,NA,0,"local",FALSE,NA,NA,NA,NA,NA,NA,NA,NA,NA,NA
"MiFish_0000377",NA,NA,NA,NA,NA,NA,NA,0,"None",NA,155,NA,NA,NA,NA,NA,NA,NA,NA,0,"local",FALSE,NA,NA,NA,NA,NA,NA,NA,NA,NA,NA
"MiFish_0000378",NA,NA,NA,NA,NA,NA,NA,0,"None",NA,1034,NA,NA,NA,NA,NA,NA,NA,NA,0,"local",FALSE,NA,NA,NA,NA,NA,NA,NA,NA,NA,NA
"MiFish_0000379",NA,NA,NA,NA,NA,NA,NA,0,"None",NA,127,NA,NA,NA,NA,NA,NA,NA,NA,0,"local",FALSE,NA,NA,NA,NA,NA,NA,NA,NA,NA,NA
"MiFish_0000380","Eukaryota","Chordata","Actinopteri","Mugiliformes","Mugilidae","Mugil","Mugil cephalus",98.2456140350877,"48193","Mugil cephalus",547,"d:Eukaryota,p:Chordata,c:Actinopteri,o:Mugiliformes,f:Mugilidae,g:Mugil,s:Mugil_cephalus","Eukaryota","Chordata","Actinopteri","Mugiliformes","Mugilidae","Mugil","Mugil cephalus",98.2,"global",TRUE,98.2456140350877,"lca_global_v_local","Eukaryota","Chordata","Actinopteri","Mugiliformes","Mugilidae","Mugil","Mugil cephalus","Mugil cephalus"
"MiFish_0000381",NA,NA,NA,NA,NA,NA,NA,0,"None",NA,23,NA,NA,NA,NA,NA,NA,NA,NA,0,"local",FALSE,NA,NA,NA,NA,NA,NA,NA,NA,NA,NA
"MiFish_0000382",NA,NA,NA,NA,NA,NA,NA,0,"None",NA,314,NA,NA,NA,NA,NA,NA,NA,NA,0,"local",FALSE,NA,NA,NA,NA,NA,NA,NA,NA,NA,NA
"MiFish_0000383","Eukaryota","Chordata","Actinopteri","Tetraodontiformes","Tetraodontidae","Sphoeroides","Sphoeroides annulatus",98.235294117647,"168377","Sphoeroides annulatus",39,NA,NA,NA,NA,NA,NA,NA,NA,0,"global",FALSE,98.235294117647,"global","Eukaryota","Chordata","Actinopteri","Tetraodontiformes","Tetraodontidae","Sphoeroides","Sphoeroides annulatus","Sphoeroides annulatus"
"MiFish_0000384",NA,NA,NA,NA,NA,NA,NA,0,"None",NA,11,NA,NA,NA,NA,NA,NA,NA,NA,0,"local",FALSE,NA,NA,NA,NA,NA,NA,NA,NA,NA,NA
"MiFish_0000385",NA,NA,NA,NA,NA,NA,NA,0,"None",NA,31,NA,NA,NA,NA,NA,NA,NA,NA,0,"local",FALSE,NA,NA,NA,NA,NA,NA,NA,NA,NA,NA
"MiFish_0000386",NA,NA,NA,NA,NA,NA,NA,0,"None",NA,149,NA,NA,NA,NA,NA,NA,NA,NA,0,"local",FALSE,NA,NA,NA,NA,NA,NA,NA,NA,NA,NA
"MiFish_0000387","Eukaryota","Chordata","Actinopteri","Tetraodontiformes","Tetraodontidae","Sphoeroides","Sphoeroides annulatus",97.6608187134503,"168377","Sphoeroides annulatus",19,NA,NA,NA,NA,NA,NA,NA,NA,0,"global",FALSE,97.6608187134503,"global","Eukaryota","Chordata","Actinopteri","Tetraodontiformes","Tetraodontidae","Sphoeroides","Sphoeroides annulatus","Sphoeroides annulatus"
"MiFish_0000388",NA,NA,NA,NA,NA,NA,NA,0,"None",NA,147,NA,NA,NA,NA,NA,NA,NA,NA,0,"local",FALSE,NA,NA,NA,NA,NA,NA,NA,NA,NA,NA
"MiFish_0000389",NA,NA,NA,NA,NA,NA,NA,0,"None",NA,13,NA,NA,NA,NA,NA,NA,NA,NA,0,"local",FALSE,NA,NA,NA,NA,NA,NA,NA,NA,NA,NA
"MiFish_0000390",NA,NA,NA,NA,NA,NA,NA,0,"None",NA,102,NA,NA,NA,NA,NA,NA,NA,NA,0,"local",FALSE,NA,NA,NA,NA,NA,NA,NA,NA,NA,NA
"MiFish_0000391",NA,NA,NA,NA,NA,NA,NA,0,"None",NA,45,NA,NA,NA,NA,NA,NA,NA,NA,0,"local",FALSE,NA,NA,NA,NA,NA,NA,NA,NA,NA,NA
"MiFish_0000392",NA,NA,NA,NA,NA,NA,NA,0,"None",NA,169,NA,NA,NA,NA,NA,NA,NA,NA,0,"local",FALSE,NA,NA,NA,NA,NA,NA,NA,NA,NA,NA
"MiFish_0000393",NA,NA,NA,NA,NA,NA,NA,0,"None",NA,12,NA,NA,NA,NA,NA,NA,NA,NA,0,"local",FALSE,NA,NA,NA,NA,NA,NA,NA,NA,NA,NA
"MiFish_0000394",NA,NA,NA,NA,NA,NA,NA,0,"None",NA,80,NA,NA,NA,NA,NA,NA,NA,NA,0,"local",FALSE,NA,NA,NA,NA,NA,NA,NA,NA,NA,NA
"MiFish_0000395","Eukaryota","Chordata","Actinopteri","Tetraodontiformes","Tetraodontidae","Sphoeroides","Sphoeroides annulatus",98.8235294117647,"168377","Sphoeroides annulatus",59,NA,NA,NA,NA,NA,NA,NA,NA,0,"global",FALSE,98.8235294117647,"global","Eukaryota","Chordata","Actinopteri","Tetraodontiformes","Tetraodontidae","Sphoeroides","Sphoeroides annulatus","Sphoeroides annulatus"
"MiFish_0000396",NA,NA,NA,NA,NA,NA,NA,0,"None",NA,19,NA,NA,NA,NA,NA,NA,NA,NA,0,"local",FALSE,NA,NA,NA,NA,NA,NA,NA,NA,NA,NA
"MiFish_0000397",NA,NA,NA,NA,NA,NA,NA,0,"None",NA,119,NA,NA,NA,NA,NA,NA,NA,NA,0,"local",FALSE,NA,NA,NA,NA,NA,NA,NA,NA,NA,NA
"MiFish_0000398",NA,NA,NA,NA,NA,NA,NA,0,"None",NA,21,NA,NA,NA,NA,NA,NA,NA,NA,0,"local",FALSE,NA,NA,NA,NA,NA,NA,NA,NA,NA,NA
"MiFish_0000399",NA,NA,NA,NA,NA,NA,NA,0,"None",NA,49,NA,NA,NA,NA,NA,NA,NA,NA,0,"local",FALSE,NA,NA,NA,NA,NA,NA,NA,NA,NA,NA
"MiFish_0000400",NA,NA,NA,NA,NA,NA,NA,0,"None",NA,28,NA,NA,NA,NA,NA,NA,NA,NA,0,"local",FALSE,NA,NA,NA,NA,NA,NA,NA,NA,NA,NA
"MiFish_0000401",NA,NA,NA,NA,NA,NA,NA,0,"None",NA,13,NA,NA,NA,NA,NA,NA,NA,NA,0,"local",FALSE,NA,NA,NA,NA,NA,NA,NA,NA,NA,NA
"MiFish_0000402","Eukaryota","Chordata","Actinopteri","Gerreiformes","Gerreidae","Eucinostomus","Eucinostomus melanopterus",95.3488372093023,"332418","Eucinostomus melanopterus",36,NA,NA,NA,NA,NA,NA,NA,NA,0,"global",FALSE,95.3488372093023,"global","Eukaryota","Chordata","Actinopteri","Gerreiformes","Gerreidae","Eucinostomus","Eucinostomus melanopterus","Eucinostomus melanopterus"
"MiFish_0000403",NA,NA,NA,NA,NA,NA,NA,0,"None",NA,176,NA,NA,NA,NA,NA,NA,NA,NA,0,"local",FALSE,NA,NA,NA,NA,NA,NA,NA,NA,NA,NA
"MiFish_0000404","Eukaryota","Chordata","Actinopteri","Mugiliformes","Mugilidae","Mugil","Mugil curema",99.4117647058823,"48194","Mugil curema",57,"d:Eukaryota,p:Chordata,c:Actinopteri,o:Mugiliformes,f:Mugilidae,g:Mugil,s:Mugil_thoburni","Eukaryota","Chordata","Actinopteri","Mugiliformes","Mugilidae","Mugil","Mugil thoburni",98.2,"global",TRUE,99.4117647058823,"lca_global_v_local","Eukaryota","Chordata","Actinopteri","Mugiliformes","Mugilidae","Mugil",NA,"Mugil"
"MiFish_0000405",NA,NA,NA,NA,NA,NA,NA,0,"None",NA,12,NA,NA,NA,NA,NA,NA,NA,NA,0,"local",FALSE,NA,NA,NA,NA,NA,NA,NA,NA,NA,NA
"MiFish_0000406",NA,NA,NA,NA,NA,NA,NA,0,"None",NA,67,NA,NA,NA,NA,NA,NA,NA,NA,0,"local",FALSE,NA,NA,NA,NA,NA,NA,NA,NA,NA,NA
"MiFish_0000407","Eukaryota","Chordata","Actinopteri","Tetraodontiformes","Tetraodontidae","Sphoeroides","Sphoeroides annulatus",98.8235294117647,"168377","Sphoeroides annulatus",126,NA,NA,NA,NA,NA,NA,NA,NA,0,"global",FALSE,98.8235294117647,"global","Eukaryota","Chordata","Actinopteri","Tetraodontiformes","Tetraodontidae","Sphoeroides","Sphoeroides annulatus","Sphoeroides annulatus"
"MiFish_0000408",NA,NA,NA,NA,NA,NA,NA,0,"None",NA,101,NA,NA,NA,NA,NA,NA,NA,NA,0,"local",FALSE,NA,NA,NA,NA,NA,NA,NA,NA,NA,NA
"MiFish_0000409",NA,NA,NA,NA,NA,NA,NA,0,"None",NA,12,NA,NA,NA,NA,NA,NA,NA,NA,0,"local",FALSE,NA,NA,NA,NA,NA,NA,NA,NA,NA,NA
"MiFish_0000410",NA,NA,NA,NA,NA,NA,NA,0,"None",NA,12,NA,NA,NA,NA,NA,NA,NA,NA,0,"local",FALSE,NA,NA,NA,NA,NA,NA,NA,NA,NA,NA
"MiFish_0000411","Eukaryota","Chordata","Actinopteri","Mugiliformes","Mugilidae","Mugil","Mugil curema",99.4117647058823,"48194","Mugil curema",59,"d:Eukaryota,p:Chordata,c:Actinopteri,o:Mugiliformes,f:Mugilidae,g:Mugil,s:Mugil_thoburni","Eukaryota","Chordata","Actinopteri","Mugiliformes","Mugilidae","Mugil","Mugil thoburni",98.2,"global",TRUE,99.4117647058823,"lca_global_v_local","Eukaryota","Chordata","Actinopteri","Mugiliformes","Mugilidae","Mugil",NA,"Mugil"
"MiFish_0000412","Eukaryota","Chordata","Actinopteri","Mugiliformes","Mugilidae","Mugil","Mugil cephalus",99.4152046783626,"48193","Mugil cephalus",409,"d:Eukaryota,p:Chordata,c:Actinopteri,o:Mugiliformes,f:Mugilidae,g:Mugil,s:Mugil_cephalus","Eukaryota","Chordata","Actinopteri","Mugiliformes","Mugilidae","Mugil","Mugil cephalus",99.4,"global",TRUE,99.4152046783626,"lca_global_v_local","Eukaryota","Chordata","Actinopteri","Mugiliformes","Mugilidae","Mugil","Mugil cephalus","Mugil cephalus"
"MiFish_0000413","Eukaryota","Chordata","Actinopteri","Mugiliformes","Mugilidae","Mugil",NA,99.4117647058823,"8190","Mugil",1004,"d:Eukaryota,p:Chordata,c:Actinopteri,o:Mugiliformes,f:Mugilidae,g:Mugil,s:Mugil_thoburni","Eukaryota","Chordata","Actinopteri","Mugiliformes","Mugilidae","Mugil","Mugil thoburni",99.4,"global",TRUE,99.4117647058823,"lca_global_v_local","Eukaryota","Chordata","Actinopteri","Mugiliformes","Mugilidae","Mugil",NA,"Mugil"
"MiFish_0000414","Eukaryota","Chordata","Actinopteri","Tetraodontiformes","Tetraodontidae","Sphoeroides","Sphoeroides annulatus",98.8235294117647,"168377","Sphoeroides annulatus",89,NA,NA,NA,NA,NA,NA,NA,NA,0,"global",FALSE,98.8235294117647,"global","Eukaryota","Chordata","Actinopteri","Tetraodontiformes","Tetraodontidae","Sphoeroides","Sphoeroides annulatus","Sphoeroides annulatus"
"MiFish_0000415",NA,NA,NA,NA,NA,NA,NA,0,"None",NA,19,NA,NA,NA,NA,NA,NA,NA,NA,0,"local",FALSE,NA,NA,NA,NA,NA,NA,NA,NA,NA,NA
"MiFish_0000416",NA,NA,NA,NA,NA,NA,NA,0,"None",NA,13,NA,NA,NA,NA,NA,NA,NA,NA,0,"local",FALSE,NA,NA,NA,NA,NA,NA,NA,NA,NA,NA
"MiFish_0000417","Eukaryota","Chordata","Actinopteri","Perciformes","Serranidae","Epinephelus","Epinephelus bontoides",96.4497041420118,"1167616","Epinephelus bontoides",51,"d:Eukaryota,p:Chordata,c:Actinopteri,o:Perciformes,f:Serranidae,g:Epinephelus,s:Epinephelus_merra","Eukaryota","Chordata","Actinopteri","Perciformes","Serranidae","Epinephelus","Epinephelus merra",95.3,"global",TRUE,96.4497041420118,"lca_global_v_local","Eukaryota","Chordata","Actinopteri","Perciformes","Serranidae","Epinephelus",NA,"Epinephelus"
"MiFish_0000418","Eukaryota","Chordata","Actinopteri","Tetraodontiformes","Tetraodontidae","Sphoeroides","Sphoeroides annulatus",98.8235294117647,"168377","Sphoeroides annulatus",63,NA,NA,NA,NA,NA,NA,NA,NA,0,"global",FALSE,98.8235294117647,"global","Eukaryota","Chordata","Actinopteri","Tetraodontiformes","Tetraodontidae","Sphoeroides","Sphoeroides annulatus","Sphoeroides annulatus"
"MiFish_0000419",NA,NA,NA,NA,NA,NA,NA,0,"None",NA,13,NA,NA,NA,NA,NA,NA,NA,NA,0,"local",FALSE,NA,NA,NA,NA,NA,NA,NA,NA,NA,NA
"MiFish_0000420",NA,NA,NA,NA,NA,NA,NA,0,"None",NA,26,NA,NA,NA,NA,NA,NA,NA,NA,0,"local",FALSE,NA,NA,NA,NA,NA,NA,NA,NA,NA,NA
"MiFish_0000421","Eukaryota","Chordata","Actinopteri","Mugiliformes","Mugilidae","Mugil","Mugil thoburni",99.4117647058823,"1229150","Mugil thoburni",155,"d:Eukaryota,p:Chordata,c:Actinopteri,o:Mugiliformes,f:Mugilidae,g:Mugil,s:Mugil_thoburni","Eukaryota","Chordata","Actinopteri","Mugiliformes","Mugilidae","Mugil","Mugil thoburni",99.4,"global",TRUE,99.4117647058823,"lca_global_v_local","Eukaryota","Chordata","Actinopteri","Mugiliformes","Mugilidae","Mugil","Mugil thoburni","Mugil thoburni"
"MiFish_0000422","Eukaryota","Chordata","Actinopteri","Mugiliformes","Mugilidae","Mugil","Mugil thoburni",98.235294117647,"1229150","Mugil thoburni",19,"d:Eukaryota,p:Chordata,c:Actinopteri,o:Mugiliformes,f:Mugilidae,g:Mugil,s:Mugil_thoburni","Eukaryota","Chordata","Actinopteri","Mugiliformes","Mugilidae","Mugil","Mugil thoburni",98.2,"global",TRUE,98.235294117647,"lca_global_v_local","Eukaryota","Chordata","Actinopteri","Mugiliformes","Mugilidae","Mugil","Mugil thoburni","Mugil thoburni"
"MiFish_0000423","Eukaryota","Chordata","Actinopteri","Labriformes","Labridae","Bodianus","Bodianus diplotaenia",99.4117647058823,"1182146","Bodianus diplotaenia",15,NA,NA,NA,NA,NA,NA,NA,NA,0,"global",FALSE,99.4117647058823,"global","Eukaryota","Chordata","Actinopteri","Labriformes","Labridae","Bodianus","Bodianus diplotaenia","Bodianus diplotaenia"
"MiFish_0000424","Eukaryota","Chordata","Actinopteri","Mugiliformes","Mugilidae","Mugil","Mugil thoburni",98.8235294117647,"1229150","Mugil thoburni",19,"d:Eukaryota,p:Chordata,c:Actinopteri,o:Mugiliformes,f:Mugilidae,g:Mugil,s:Mugil_thoburni","Eukaryota","Chordata","Actinopteri","Mugiliformes","Mugilidae","Mugil","Mugil thoburni",98.8,"global",TRUE,98.8235294117647,"lca_global_v_local","Eukaryota","Chordata","Actinopteri","Mugiliformes","Mugilidae","Mugil","Mugil thoburni","Mugil thoburni"
"MiFish_0000425",NA,NA,NA,NA,NA,NA,NA,0,"None",NA,42,NA,NA,NA,NA,NA,NA,NA,NA,0,"local",FALSE,NA,NA,NA,NA,NA,NA,NA,NA,NA,NA
"MiFish_0000426",NA,NA,NA,NA,NA,NA,NA,0,"None",NA,72,NA,NA,NA,NA,NA,NA,NA,NA,0,"local",FALSE,NA,NA,NA,NA,NA,NA,NA,NA,NA,NA
"MiFish_0000427",NA,NA,NA,NA,NA,NA,NA,0,"None",NA,380,NA,NA,NA,NA,NA,NA,NA,NA,0,"local",FALSE,NA,NA,NA,NA,NA,NA,NA,NA,NA,NA
"MiFish_0000428","Eukaryota","Chordata","Actinopteri","Mugiliformes","Mugilidae","Mugil","Mugil cephalus",97.6608187134503,"48193","Mugil cephalus",54,"d:Eukaryota,p:Chordata,c:Actinopteri,o:Mugiliformes,f:Mugilidae,g:Mugil,s:Mugil_cephalus","Eukaryota","Chordata","Actinopteri","Mugiliformes","Mugilidae","Mugil","Mugil cephalus",97.7,"local",FALSE,97.7,"local","Eukaryota","Chordata","Actinopteri","Mugiliformes","Mugilidae","Mugil","Mugil cephalus","Mugil cephalus"
"MiFish_0000429",NA,NA,NA,NA,NA,NA,NA,0,"None",NA,24,NA,NA,NA,NA,NA,NA,NA,NA,0,"local",FALSE,NA,NA,NA,NA,NA,NA,NA,NA,NA,NA
"MiFish_0000430","Eukaryota","Chordata","Actinopteri",NA,"Pomacentridae","Stegastes","Stegastes arcifrons",99.4285714285714,"1350519","Stegastes arcifrons",239,NA,NA,NA,NA,NA,NA,NA,NA,0,"global",FALSE,99.4285714285714,"global","Eukaryota","Chordata","Actinopteri",NA,"Pomacentridae","Stegastes","Stegastes arcifrons","Stegastes arcifrons"
"MiFish_0000431",NA,NA,NA,NA,NA,NA,NA,0,"None",NA,27,NA,NA,NA,NA,NA,NA,NA,NA,0,"local",FALSE,NA,NA,NA,NA,NA,NA,NA,NA,NA,NA
"MiFish_0000432","Eukaryota","Chordata","Actinopteri","Gonorynchiformes","Chanidae","Chanos","Chanos chanos",99.4318181818182,"29144","Chanos chanos",11,NA,NA,NA,NA,NA,NA,NA,NA,0,"global",FALSE,99.4318181818182,"global","Eukaryota","Chordata","Actinopteri","Gonorynchiformes","Chanidae","Chanos","Chanos chanos","Chanos chanos"
"MiFish_0000433",NA,NA,NA,NA,NA,NA,NA,0,"None",NA,46,NA,NA,NA,NA,NA,NA,NA,NA,0,"local",FALSE,NA,NA,NA,NA,NA,NA,NA,NA,NA,NA
"MiFish_0000434",NA,NA,NA,NA,NA,NA,NA,0,"None",NA,10,NA,NA,NA,NA,NA,NA,NA,NA,0,"local",FALSE,NA,NA,NA,NA,NA,NA,NA,NA,NA,NA
"MiFish_0000435","Eukaryota","Chordata","Actinopteri","Mugiliformes","Mugilidae","Mugil","Mugil curema",99.4117647058823,"48194","Mugil curema",67,"d:Eukaryota,p:Chordata,c:Actinopteri,o:Mugiliformes,f:Mugilidae,g:Mugil,s:Mugil_thoburni","Eukaryota","Chordata","Actinopteri","Mugiliformes","Mugilidae","Mugil","Mugil thoburni",98.2,"global",TRUE,99.4117647058823,"lca_global_v_local","Eukaryota","Chordata","Actinopteri","Mugiliformes","Mugilidae","Mugil",NA,"Mugil"
"MiFish_0000436",NA,NA,NA,NA,NA,NA,NA,0,"None",NA,18,NA,NA,NA,NA,NA,NA,NA,NA,0,"local",FALSE,NA,NA,NA,NA,NA,NA,NA,NA,NA,NA
"MiFish_0000437",NA,NA,NA,NA,NA,NA,NA,0,"None",NA,2059,NA,NA,NA,NA,NA,NA,NA,NA,0,"local",FALSE,NA,NA,NA,NA,NA,NA,NA,NA,NA,NA
"MiFish_0000438","Eukaryota","Chordata","Actinopteri","Mugiliformes","Mugilidae","Mugil","Mugil thoburni",99.4117647058823,"1229150","Mugil thoburni",410,"d:Eukaryota,p:Chordata,c:Actinopteri,o:Mugiliformes,f:Mugilidae,g:Mugil,s:Mugil_thoburni","Eukaryota","Chordata","Actinopteri","Mugiliformes","Mugilidae","Mugil","Mugil thoburni",99.4,"global",TRUE,99.4117647058823,"lca_global_v_local","Eukaryota","Chordata","Actinopteri","Mugiliformes","Mugilidae","Mugil","Mugil thoburni","Mugil thoburni"
"MiFish_0000439",NA,NA,NA,NA,NA,NA,NA,0,"None",NA,18,NA,NA,NA,NA,NA,NA,NA,NA,0,"local",FALSE,NA,NA,NA,NA,NA,NA,NA,NA,NA,NA
"MiFish_0000440",NA,NA,NA,NA,NA,NA,NA,0,"None",NA,58,NA,NA,NA,NA,NA,NA,NA,NA,0,"local",FALSE,NA,NA,NA,NA,NA,NA,NA,NA,NA,NA
"MiFish_0000441",NA,NA,NA,NA,NA,NA,NA,0,"None",NA,22,NA,NA,NA,NA,NA,NA,NA,NA,0,"local",FALSE,NA,NA,NA,NA,NA,NA,NA,NA,NA,NA
"MiFish_0000442",NA,NA,NA,NA,NA,NA,NA,0,"None",NA,87,NA,NA,NA,NA,NA,NA,NA,NA,0,"local",FALSE,NA,NA,NA,NA,NA,NA,NA,NA,NA,NA
"MiFish_0000443",NA,NA,NA,NA,NA,NA,NA,0,"None",NA,18,NA,NA,NA,NA,NA,NA,NA,NA,0,"local",FALSE,NA,NA,NA,NA,NA,NA,NA,NA,NA,NA
"MiFish_0000444",NA,NA,NA,NA,NA,NA,NA,0,"None",NA,10,NA,NA,NA,NA,NA,NA,NA,NA,0,"local",FALSE,NA,NA,NA,NA,NA,NA,NA,NA,NA,NA
"MiFish_0000445","Eukaryota","Chordata","Actinopteri","Mugiliformes","Mugilidae","Mugil","Mugil cephalus",98.2558139534884,"48193","Mugil cephalus",29,"d:Eukaryota,p:Chordata,c:Actinopteri,o:Mugiliformes,f:Mugilidae,g:Mugil,s:Mugil_cephalus","Eukaryota","Chordata","Actinopteri","Mugiliformes","Mugilidae","Mugil","Mugil cephalus",98.2,"global",TRUE,98.2558139534884,"lca_global_v_local","Eukaryota","Chordata","Actinopteri","Mugiliformes","Mugilidae","Mugil","Mugil cephalus","Mugil cephalus"
"MiFish_0000446","Eukaryota","Chordata","Actinopteri","Tetraodontiformes","Tetraodontidae","Sphoeroides","Sphoeroides annulatus",98.8235294117647,"168377","Sphoeroides annulatus",49,NA,NA,NA,NA,NA,NA,NA,NA,0,"global",FALSE,98.8235294117647,"global","Eukaryota","Chordata","Actinopteri","Tetraodontiformes","Tetraodontidae","Sphoeroides","Sphoeroides annulatus","Sphoeroides annulatus"
"MiFish_0000447","Eukaryota","Chordata","Actinopteri","Mugiliformes","Mugilidae","Mugil","Mugil thoburni",98.235294117647,"1229150","Mugil thoburni",317,"d:Eukaryota,p:Chordata,c:Actinopteri,o:Mugiliformes,f:Mugilidae,g:Mugil,s:Mugil_thoburni","Eukaryota","Chordata","Actinopteri","Mugiliformes","Mugilidae","Mugil","Mugil thoburni",98.2,"global",TRUE,98.235294117647,"lca_global_v_local","Eukaryota","Chordata","Actinopteri","Mugiliformes","Mugilidae","Mugil","Mugil thoburni","Mugil thoburni"
"MiFish_0000448",NA,NA,NA,NA,NA,NA,NA,0,"None",NA,157,NA,NA,NA,NA,NA,NA,NA,NA,0,"local",FALSE,NA,NA,NA,NA,NA,NA,NA,NA,NA,NA
"MiFish_0000449",NA,NA,NA,NA,NA,NA,NA,0,"None",NA,194,NA,NA,NA,NA,NA,NA,NA,NA,0,"local",FALSE,NA,NA,NA,NA,NA,NA,NA,NA,NA,NA
"MiFish_0000450","Eukaryota","Chordata","Actinopteri","Tetraodontiformes","Diodontidae","Diodon",NA,99.4082840236686,"223142","Diodon",11,NA,NA,NA,NA,NA,NA,NA,NA,0,"global",FALSE,99.4082840236686,"global","Eukaryota","Chordata","Actinopteri","Tetraodontiformes","Diodontidae","Diodon",NA,"Diodon"
"MiFish_0000451","Eukaryota","Chordata","Actinopteri","Lutjaniformes","Lutjanidae","Lutjanus",NA,95.2941176470588,"40493","Lutjanus",17,NA,NA,NA,NA,NA,NA,NA,NA,0,"global",FALSE,95.2941176470588,"global","Eukaryota","Chordata","Actinopteri","Lutjaniformes","Lutjanidae","Lutjanus",NA,"Lutjanus"
"MiFish_0000452","Eukaryota","Chordata","Actinopteri","Mugiliformes","Mugilidae","Mugil","Mugil cephalus",99.4152046783626,"48193","Mugil cephalus",112,"d:Eukaryota,p:Chordata,c:Actinopteri,o:Mugiliformes,f:Mugilidae,g:Mugil,s:Mugil_cephalus","Eukaryota","Chordata","Actinopteri","Mugiliformes","Mugilidae","Mugil","Mugil cephalus",99.4,"global",TRUE,99.4152046783626,"lca_global_v_local","Eukaryota","Chordata","Actinopteri","Mugiliformes","Mugilidae","Mugil","Mugil cephalus","Mugil cephalus"
"MiFish_0000453","Eukaryota","Chordata","Actinopteri","Tetraodontiformes","Tetraodontidae","Sphoeroides","Sphoeroides annulatus",98.8235294117647,"168377","Sphoeroides annulatus",12,NA,NA,NA,NA,NA,NA,NA,NA,0,"global",FALSE,98.8235294117647,"global","Eukaryota","Chordata","Actinopteri","Tetraodontiformes","Tetraodontidae","Sphoeroides","Sphoeroides annulatus","Sphoeroides annulatus"
"MiFish_0000454",NA,NA,NA,NA,NA,NA,NA,0,"None",NA,383,NA,NA,NA,NA,NA,NA,NA,NA,0,"local",FALSE,NA,NA,NA,NA,NA,NA,NA,NA,NA,NA
"MiFish_0000455",NA,NA,NA,NA,NA,NA,NA,0,"None",NA,37,NA,NA,NA,NA,NA,NA,NA,NA,0,"local",FALSE,NA,NA,NA,NA,NA,NA,NA,NA,NA,NA
"MiFish_0000456","Eukaryota","Chordata","Actinopteri",NA,"Pomacentridae","Stegastes","Stegastes arcifrons",99.4285714285714,"1350519","Stegastes arcifrons",127,NA,NA,NA,NA,NA,NA,NA,NA,0,"global",FALSE,99.4285714285714,"global","Eukaryota","Chordata","Actinopteri",NA,"Pomacentridae","Stegastes","Stegastes arcifrons","Stegastes arcifrons"
"MiFish_0000457",NA,NA,NA,NA,NA,NA,NA,0,"None",NA,387,NA,NA,NA,NA,NA,NA,NA,NA,0,"local",FALSE,NA,NA,NA,NA,NA,NA,NA,NA,NA,NA
"MiFish_0000458",NA,NA,NA,NA,NA,NA,NA,0,"None",NA,13,NA,NA,NA,NA,NA,NA,NA,NA,0,"local",FALSE,NA,NA,NA,NA,NA,NA,NA,NA,NA,NA
"MiFish_0000459",NA,NA,NA,NA,NA,NA,NA,0,"None",NA,29,NA,NA,NA,NA,NA,NA,NA,NA,0,"local",FALSE,NA,NA,NA,NA,NA,NA,NA,NA,NA,NA
"MiFish_0000460",NA,NA,NA,NA,NA,NA,NA,0,"None",NA,54,NA,NA,NA,NA,NA,NA,NA,NA,0,"local",FALSE,NA,NA,NA,NA,NA,NA,NA,NA,NA,NA
"MiFish_0000461",NA,NA,NA,NA,NA,NA,NA,0,"None",NA,33,NA,NA,NA,NA,NA,NA,NA,NA,0,"local",FALSE,NA,NA,NA,NA,NA,NA,NA,NA,NA,NA
"MiFish_0000462",NA,NA,NA,NA,NA,NA,NA,0,"None",NA,305,NA,NA,NA,NA,NA,NA,NA,NA,0,"local",FALSE,NA,NA,NA,NA,NA,NA,NA,NA,NA,NA
"MiFish_0000463",NA,NA,NA,NA,NA,NA,NA,0,"None",NA,27,NA,NA,NA,NA,NA,NA,NA,NA,0,"local",FALSE,NA,NA,NA,NA,NA,NA,NA,NA,NA,NA
"MiFish_0000464",NA,NA,NA,NA,NA,NA,NA,0,"None",NA,13,NA,NA,NA,NA,NA,NA,NA,NA,0,"local",FALSE,NA,NA,NA,NA,NA,NA,NA,NA,NA,NA
"MiFish_0000465","Eukaryota","Chordata","Actinopteri","Mugiliformes","Mugilidae","Mugil","Mugil cephalus",99.4152046783626,"48193","Mugil cephalus",279,"d:Eukaryota,p:Chordata,c:Actinopteri,o:Mugiliformes,f:Mugilidae,g:Mugil,s:Mugil_cephalus","Eukaryota","Chordata","Actinopteri","Mugiliformes","Mugilidae","Mugil","Mugil cephalus",99.4,"global",TRUE,99.4152046783626,"lca_global_v_local","Eukaryota","Chordata","Actinopteri","Mugiliformes","Mugilidae","Mugil","Mugil cephalus","Mugil cephalus"
"MiFish_0000466","Eukaryota","Chordata","Actinopteri","Mugiliformes","Mugilidae","Mugil","Mugil cephalus",99.4152046783626,"48193","Mugil cephalus",493,"d:Eukaryota,p:Chordata,c:Actinopteri,o:Mugiliformes,f:Mugilidae,g:Mugil,s:Mugil_cephalus","Eukaryota","Chordata","Actinopteri","Mugiliformes","Mugilidae","Mugil","Mugil cephalus",99.4,"global",TRUE,99.4152046783626,"lca_global_v_local","Eukaryota","Chordata","Actinopteri","Mugiliformes","Mugilidae","Mugil","Mugil cephalus","Mugil cephalus"
"MiFish_0000467",NA,NA,NA,NA,NA,NA,NA,0,"None",NA,17,NA,NA,NA,NA,NA,NA,NA,NA,0,"local",FALSE,NA,NA,NA,NA,NA,NA,NA,NA,NA,NA
"MiFish_0000468","Eukaryota","Chordata","Actinopteri",NA,"Pomacentridae","Stegastes","Stegastes arcifrons",99.4285714285714,"1350519","Stegastes arcifrons",83,NA,NA,NA,NA,NA,NA,NA,NA,0,"global",FALSE,99.4285714285714,"global","Eukaryota","Chordata","Actinopteri",NA,"Pomacentridae","Stegastes","Stegastes arcifrons","Stegastes arcifrons"
"MiFish_0000469",NA,NA,NA,NA,NA,NA,NA,0,"None",NA,36,NA,NA,NA,NA,NA,NA,NA,NA,0,"local",FALSE,NA,NA,NA,NA,NA,NA,NA,NA,NA,NA
"MiFish_0000470",NA,NA,NA,NA,NA,NA,NA,0,"None",NA,26,NA,NA,NA,NA,NA,NA,NA,NA,0,"local",FALSE,NA,NA,NA,NA,NA,NA,NA,NA,NA,NA
"MiFish_0000471",NA,NA,NA,NA,NA,NA,NA,0,"None",NA,15,NA,NA,NA,NA,NA,NA,NA,NA,0,"local",FALSE,NA,NA,NA,NA,NA,NA,NA,NA,NA,NA
"MiFish_0000472","Eukaryota","Chordata","Actinopteri","Mugiliformes","Mugilidae","Mugil",NA,96.4705882352941,"8190","Mugil",10,"d:Eukaryota,p:Chordata,c:Actinopteri,o:Mugiliformes,f:Mugilidae,g:Mugil,s:Mugil_thoburni","Eukaryota","Chordata","Actinopteri","Mugiliformes","Mugilidae","Mugil","Mugil thoburni",96.5,"local",FALSE,96.5,"local","Eukaryota","Chordata","Actinopteri","Mugiliformes","Mugilidae","Mugil","Mugil thoburni","Mugil thoburni"
"MiFish_0000473","Eukaryota","Chordata","Actinopteri","Tetraodontiformes","Tetraodontidae","Sphoeroides","Sphoeroides annulatus",96.4912280701754,"168377","Sphoeroides annulatus",13,NA,NA,NA,NA,NA,NA,NA,NA,0,"global",FALSE,96.4912280701754,"global","Eukaryota","Chordata","Actinopteri","Tetraodontiformes","Tetraodontidae","Sphoeroides","Sphoeroides annulatus","Sphoeroides annulatus"
"MiFish_0000474",NA,NA,NA,NA,NA,NA,NA,0,"None",NA,14,NA,NA,NA,NA,NA,NA,NA,NA,0,"local",FALSE,NA,NA,NA,NA,NA,NA,NA,NA,NA,NA
"MiFish_0000475",NA,NA,NA,NA,NA,NA,NA,0,"None",NA,61,NA,NA,NA,NA,NA,NA,NA,NA,0,"local",FALSE,NA,NA,NA,NA,NA,NA,NA,NA,NA,NA
"MiFish_0000476","Eukaryota","Chordata","Actinopteri","Mugiliformes","Mugilidae","Mugil","Mugil cephalus",99.4152046783626,"48193","Mugil cephalus",222,"d:Eukaryota,p:Chordata,c:Actinopteri,o:Mugiliformes,f:Mugilidae,g:Mugil,s:Mugil_cephalus","Eukaryota","Chordata","Actinopteri","Mugiliformes","Mugilidae","Mugil","Mugil cephalus",99.4,"global",TRUE,99.4152046783626,"lca_global_v_local","Eukaryota","Chordata","Actinopteri","Mugiliformes","Mugilidae","Mugil","Mugil cephalus","Mugil cephalus"
"MiFish_0000477",NA,NA,NA,NA,NA,NA,NA,0,"None",NA,30,NA,NA,NA,NA,NA,NA,NA,NA,0,"local",FALSE,NA,NA,NA,NA,NA,NA,NA,NA,NA,NA
"MiFish_0000478","Eukaryota","Chordata","Actinopteri","Spariformes","Sparidae","Archosargus","Archosargus rhomboidalis",96.4705882352941,"722560","Archosargus rhomboidalis",60,NA,NA,NA,NA,NA,NA,NA,NA,0,"global",FALSE,96.4705882352941,"global","Eukaryota","Chordata","Actinopteri","Spariformes","Sparidae","Archosargus","Archosargus rhomboidalis","Archosargus rhomboidalis"
"MiFish_0000479","Eukaryota","Chordata","Actinopteri","Tetraodontiformes","Tetraodontidae","Sphoeroides","Sphoeroides annulatus",98.8235294117647,"168377","Sphoeroides annulatus",30,NA,NA,NA,NA,NA,NA,NA,NA,0,"global",FALSE,98.8235294117647,"global","Eukaryota","Chordata","Actinopteri","Tetraodontiformes","Tetraodontidae","Sphoeroides","Sphoeroides annulatus","Sphoeroides annulatus"
"MiFish_0000480",NA,NA,NA,NA,NA,NA,NA,0,"None",NA,14,NA,NA,NA,NA,NA,NA,NA,NA,0,"local",FALSE,NA,NA,NA,NA,NA,NA,NA,NA,NA,NA
"MiFish_0000481",NA,NA,NA,NA,NA,NA,NA,0,"None",NA,14,NA,NA,NA,NA,NA,NA,NA,NA,0,"local",FALSE,NA,NA,NA,NA,NA,NA,NA,NA,NA,NA
"MiFish_0000482",NA,NA,NA,NA,NA,NA,NA,0,"None",NA,27,NA,NA,NA,NA,NA,NA,NA,NA,0,"local",FALSE,NA,NA,NA,NA,NA,NA,NA,NA,NA,NA
"MiFish_0000483",NA,NA,NA,NA,NA,NA,NA,0,"None",NA,96,NA,NA,NA,NA,NA,NA,NA,NA,0,"local",FALSE,NA,NA,NA,NA,NA,NA,NA,NA,NA,NA
"MiFish_0000484",NA,NA,NA,NA,NA,NA,NA,0,"None",NA,40,NA,NA,NA,NA,NA,NA,NA,NA,0,"local",FALSE,NA,NA,NA,NA,NA,NA,NA,NA,NA,NA
"MiFish_0000485",NA,NA,NA,NA,NA,NA,NA,0,"None",NA,111,NA,NA,NA,NA,NA,NA,NA,NA,0,"local",FALSE,NA,NA,NA,NA,NA,NA,NA,NA,NA,NA
"MiFish_0000486",NA,NA,NA,NA,NA,NA,NA,0,"None",NA,25,NA,NA,NA,NA,NA,NA,NA,NA,0,"local",FALSE,NA,NA,NA,NA,NA,NA,NA,NA,NA,NA
"MiFish_0000487","Eukaryota","Chordata","Actinopteri","Gonorynchiformes","Chanidae","Chanos","Chanos chanos",99.4318181818182,"29144","Chanos chanos",13,NA,NA,NA,NA,NA,NA,NA,NA,0,"global",FALSE,99.4318181818182,"global","Eukaryota","Chordata","Actinopteri","Gonorynchiformes","Chanidae","Chanos","Chanos chanos","Chanos chanos"
"MiFish_0000488","Eukaryota","Chordata","Actinopteri","Perciformes","Serranidae","Epinephelus","Epinephelus bontoides",96.4497041420118,"1167616","Epinephelus bontoides",176,"d:Eukaryota,p:Chordata,c:Actinopteri,o:Perciformes,f:Serranidae,g:Epinephelus,s:Epinephelus_merra","Eukaryota","Chordata","Actinopteri","Perciformes","Serranidae","Epinephelus","Epinephelus merra",95.3,"global",TRUE,96.4497041420118,"lca_global_v_local","Eukaryota","Chordata","Actinopteri","Perciformes","Serranidae","Epinephelus",NA,"Epinephelus"
"MiFish_0000489","Eukaryota","Chordata","Actinopteri","Mugiliformes","Mugilidae","Mugil","Mugil cephalus",95.3216374269006,"48193","Mugil cephalus",40,"d:Eukaryota,p:Chordata,c:Actinopteri,o:Mugiliformes,f:Mugilidae,g:Mugil,s:Mugil_cephalus","Eukaryota","Chordata","Actinopteri","Mugiliformes","Mugilidae","Mugil","Mugil cephalus",95.3,"global",TRUE,95.3216374269006,"lca_global_v_local","Eukaryota","Chordata","Actinopteri","Mugiliformes","Mugilidae","Mugil","Mugil cephalus","Mugil cephalus"
"MiFish_0000490","Eukaryota","Chordata","Actinopteri","Mugiliformes","Mugilidae","Mugil","Mugil cephalus",99.4152046783626,"48193","Mugil cephalus",403,"d:Eukaryota,p:Chordata,c:Actinopteri,o:Mugiliformes,f:Mugilidae,g:Mugil,s:Mugil_cephalus","Eukaryota","Chordata","Actinopteri","Mugiliformes","Mugilidae","Mugil","Mugil cephalus",99.4,"global",TRUE,99.4152046783626,"lca_global_v_local","Eukaryota","Chordata","Actinopteri","Mugiliformes","Mugilidae","Mugil","Mugil cephalus","Mugil cephalus"
"MiFish_0000491","Eukaryota","Chordata","Actinopteri","Tetraodontiformes","Tetraodontidae","Sphoeroides","Sphoeroides annulatus",98.8235294117647,"168377","Sphoeroides annulatus",73,NA,NA,NA,NA,NA,NA,NA,NA,0,"global",FALSE,98.8235294117647,"global","Eukaryota","Chordata","Actinopteri","Tetraodontiformes","Tetraodontidae","Sphoeroides","Sphoeroides annulatus","Sphoeroides annulatus"
"MiFish_0000492",NA,NA,NA,NA,NA,NA,NA,0,"None",NA,12672,NA,NA,NA,NA,NA,NA,NA,NA,0,"local",FALSE,NA,NA,NA,NA,NA,NA,NA,NA,NA,NA
"MiFish_0000493","Eukaryota","Chordata","Actinopteri","Tetraodontiformes","Tetraodontidae","Sphoeroides","Sphoeroides annulatus",98.2456140350877,"168377","Sphoeroides annulatus",13,NA,NA,NA,NA,NA,NA,NA,NA,0,"global",FALSE,98.2456140350877,"global","Eukaryota","Chordata","Actinopteri","Tetraodontiformes","Tetraodontidae","Sphoeroides","Sphoeroides annulatus","Sphoeroides annulatus"
"MiFish_0000494",NA,NA,NA,NA,NA,NA,NA,0,"None",NA,36,NA,NA,NA,NA,NA,NA,NA,NA,0,"local",FALSE,NA,NA,NA,NA,NA,NA,NA,NA,NA,NA
"MiFish_0000495","Eukaryota","Chordata","Actinopteri","Mugiliformes","Mugilidae","Mugil","Mugil cephalus",95.4022988505747,"48193","Mugil cephalus",13,"d:Eukaryota,p:Chordata,c:Actinopteri,o:Mugiliformes,f:Mugilidae,g:Mugil,s:Mugil_cephalus","Eukaryota","Chordata","Actinopteri","Mugiliformes","Mugilidae","Mugil","Mugil cephalus",95.3,"global",TRUE,95.4022988505747,"lca_global_v_local","Eukaryota","Chordata","Actinopteri","Mugiliformes","Mugilidae","Mugil","Mugil cephalus","Mugil cephalus"
"MiFish_0000496",NA,NA,NA,NA,NA,NA,NA,0,"None",NA,386,NA,NA,NA,NA,NA,NA,NA,NA,0,"local",FALSE,NA,NA,NA,NA,NA,NA,NA,NA,NA,NA
"MiFish_0000497",NA,NA,NA,NA,NA,NA,NA,0,"None",NA,32,NA,NA,NA,NA,NA,NA,NA,NA,0,"local",FALSE,NA,NA,NA,NA,NA,NA,NA,NA,NA,NA
"MiFish_0000498",NA,NA,NA,NA,NA,NA,NA,0,"None",NA,31,NA,NA,NA,NA,NA,NA,NA,NA,0,"local",FALSE,NA,NA,NA,NA,NA,NA,NA,NA,NA,NA
"MiFish_0000499","Eukaryota","Chordata","Actinopteri","Mugiliformes","Mugilidae","Mugil","Mugil cephalus",98.2456140350877,"48193","Mugil cephalus",13,"d:Eukaryota,p:Chordata,c:Actinopteri,o:Mugiliformes,f:Mugilidae,g:Mugil,s:Mugil_cephalus","Eukaryota","Chordata","Actinopteri","Mugiliformes","Mugilidae","Mugil","Mugil cephalus",98.2,"global",TRUE,98.2456140350877,"lca_global_v_local","Eukaryota","Chordata","Actinopteri","Mugiliformes","Mugilidae","Mugil","Mugil cephalus","Mugil cephalus"
"MiFish_0000500",NA,NA,NA,NA,NA,NA,NA,0,"None",NA,12,NA,NA,NA,NA,NA,NA,NA,NA,0,"local",FALSE,NA,NA,NA,NA,NA,NA,NA,NA,NA,NA
"MiFish_0000501","Eukaryota","Chordata","Actinopteri","Carangiformes","Carangidae","Caranx","Caranx hippos",100,"173312","Caranx hippos",7206,"d:Eukaryota,p:Chordata,c:Actinopteri,o:Carangiformes,f:Carangidae,g:Caranx,s:Caranx_hippos","Eukaryota","Chordata","Actinopteri","Carangiformes","Carangidae","Caranx","Caranx hippos",100,"local",FALSE,100,"local","Eukaryota","Chordata","Actinopteri","Carangiformes","Carangidae","Caranx","Caranx hippos","Caranx hippos"
"MiFish_0000502","Eukaryota","Chordata","Actinopteri","Tetraodontiformes","Tetraodontidae","Sphoeroides","Sphoeroides annulatus",98.8235294117647,"168377","Sphoeroides annulatus",38,NA,NA,NA,NA,NA,NA,NA,NA,0,"global",FALSE,98.8235294117647,"global","Eukaryota","Chordata","Actinopteri","Tetraodontiformes","Tetraodontidae","Sphoeroides","Sphoeroides annulatus","Sphoeroides annulatus"
"MiFish_0000503","Eukaryota","Chordata","Actinopteri","Tetraodontiformes","Balistidae","Sufflamen","Sufflamen verres",99.4252873563218,"882189","Sufflamen verres",448,"d:Eukaryota,p:Chordata,c:Actinopteri,o:Tetraodontiformes,f:Balistidae,g:Sufflamen,s:Sufflamen_fraenatum","Eukaryota","Chordata","Actinopteri","Tetraodontiformes","Balistidae","Sufflamen","Sufflamen fraenatum",98.3,"global",TRUE,99.4252873563218,"lca_global_v_local","Eukaryota","Chordata","Actinopteri","Tetraodontiformes","Balistidae","Sufflamen",NA,"Sufflamen"
"MiFish_0000504",NA,NA,NA,NA,NA,NA,NA,0,"None",NA,41,NA,NA,NA,NA,NA,NA,NA,NA,0,"local",FALSE,NA,NA,NA,NA,NA,NA,NA,NA,NA,NA
"MiFish_0000505","Eukaryota","Chordata","Actinopteri","Labriformes","Labridae","Halichoeres","Halichoeres dispilus",97.6047904191617,"317475","Halichoeres dispilus",4949,NA,NA,NA,NA,NA,NA,NA,NA,0,"global",FALSE,97.6047904191617,"global","Eukaryota","Chordata","Actinopteri","Labriformes","Labridae","Halichoeres","Halichoeres dispilus","Halichoeres dispilus"
"MiFish_0000506",NA,NA,NA,NA,NA,NA,NA,0,"None",NA,10,NA,NA,NA,NA,NA,NA,NA,NA,0,"local",FALSE,NA,NA,NA,NA,NA,NA,NA,NA,NA,NA
"MiFish_0000507","Eukaryota","Chordata","Actinopteri","Lutjaniformes","Haemulidae","Orthopristis","Orthopristis chrysoptera",97.6331360946746,"482919","Orthopristis chrysoptera",11,NA,NA,NA,NA,NA,NA,NA,NA,0,"global",FALSE,97.6331360946746,"global","Eukaryota","Chordata","Actinopteri","Lutjaniformes","Haemulidae","Orthopristis","Orthopristis chrysoptera","Orthopristis chrysoptera"
"MiFish_0000508",NA,NA,NA,NA,NA,NA,NA,0,"None",NA,795,NA,NA,NA,NA,NA,NA,NA,NA,0,"local",FALSE,NA,NA,NA,NA,NA,NA,NA,NA,NA,NA
"MiFish_0000509","Eukaryota","Chordata","Actinopteri","Perciformes","Serranidae","Hyporthodus","Hyporthodus octofasciatus",97.6331360946746,"327774","Hyporthodus octofasciatus",192,NA,NA,NA,NA,NA,NA,NA,NA,0,"global",FALSE,97.6331360946746,"global","Eukaryota","Chordata","Actinopteri","Perciformes","Serranidae","Hyporthodus","Hyporthodus octofasciatus","Hyporthodus octofasciatus"
"MiFish_0000510",NA,NA,NA,NA,NA,NA,NA,0,"None",NA,188,NA,NA,NA,NA,NA,NA,NA,NA,0,"local",FALSE,NA,NA,NA,NA,NA,NA,NA,NA,NA,NA
"MiFish_0000511",NA,NA,NA,NA,NA,NA,NA,0,"None",NA,13,NA,NA,NA,NA,NA,NA,NA,NA,0,"local",FALSE,NA,NA,NA,NA,NA,NA,NA,NA,NA,NA
"MiFish_0000512",NA,NA,NA,NA,NA,NA,NA,0,"None",NA,14,NA,NA,NA,NA,NA,NA,NA,NA,0,"local",FALSE,NA,NA,NA,NA,NA,NA,NA,NA,NA,NA
"MiFish_0000513","Eukaryota","Chordata","Actinopteri","Lutjaniformes","Lutjanidae","Lutjanus",NA,98.2248520710059,"40493","Lutjanus",53,NA,NA,NA,NA,NA,NA,NA,NA,0,"global",FALSE,98.2248520710059,"global","Eukaryota","Chordata","Actinopteri","Lutjaniformes","Lutjanidae","Lutjanus",NA,"Lutjanus"
"MiFish_0000514","Eukaryota","Chordata","Actinopteri","Tetraodontiformes","Tetraodontidae","Sphoeroides","Sphoeroides annulatus",97.6608187134503,"168377","Sphoeroides annulatus",13,NA,NA,NA,NA,NA,NA,NA,NA,0,"global",FALSE,97.6608187134503,"global","Eukaryota","Chordata","Actinopteri","Tetraodontiformes","Tetraodontidae","Sphoeroides","Sphoeroides annulatus","Sphoeroides annulatus"
"MiFish_0000515",NA,NA,NA,NA,NA,NA,NA,0,"None",NA,12,NA,NA,NA,NA,NA,NA,NA,NA,0,"local",FALSE,NA,NA,NA,NA,NA,NA,NA,NA,NA,NA
"MiFish_0000516","Eukaryota","Chordata","Actinopteri","Mugiliformes","Mugilidae","Mugil","Mugil curema",99.4117647058823,"48194","Mugil curema",64,"d:Eukaryota,p:Chordata,c:Actinopteri,o:Mugiliformes,f:Mugilidae,g:Mugil,s:Mugil_thoburni","Eukaryota","Chordata","Actinopteri","Mugiliformes","Mugilidae","Mugil","Mugil thoburni",98.2,"global",TRUE,99.4117647058823,"lca_global_v_local","Eukaryota","Chordata","Actinopteri","Mugiliformes","Mugilidae","Mugil",NA,"Mugil"
"MiFish_0000517","Eukaryota","Chordata","Actinopteri","Spariformes","Sparidae","Archosargus","Archosargus rhomboidalis",96.4705882352941,"722560","Archosargus rhomboidalis",27,NA,NA,NA,NA,NA,NA,NA,NA,0,"global",FALSE,96.4705882352941,"global","Eukaryota","Chordata","Actinopteri","Spariformes","Sparidae","Archosargus","Archosargus rhomboidalis","Archosargus rhomboidalis"
"MiFish_0000518",NA,NA,NA,NA,NA,NA,NA,0,"None",NA,10,"d:Eukaryota,p:Chordata,c:Actinopteri,o:Clupeiformes,f:Clupeidae,g:Opisthonema,s:Opisthonema_oglinum","Eukaryota","Chordata","Actinopteri","Clupeiformes","Clupeidae","Opisthonema","Opisthonema oglinum",95.5,"local",FALSE,95.5,"local","Eukaryota","Chordata","Actinopteri","Clupeiformes","Clupeidae","Opisthonema","Opisthonema oglinum","Opisthonema oglinum"
"MiFish_0000519","Eukaryota","Chordata","Actinopteri","Lutjaniformes","Haemulidae","Anisotremus","Anisotremus scapularis",97.6331360946746,"531323","Anisotremus scapularis",12,NA,NA,NA,NA,NA,NA,NA,NA,0,"global",FALSE,97.6331360946746,"global","Eukaryota","Chordata","Actinopteri","Lutjaniformes","Haemulidae","Anisotremus","Anisotremus scapularis","Anisotremus scapularis"
"MiFish_0000520","Eukaryota","Chordata","Actinopteri","Mugiliformes","Mugilidae","Mugil","Mugil thoburni",97.0588235294118,"1229150","Mugil thoburni",182,"d:Eukaryota,p:Chordata,c:Actinopteri,o:Mugiliformes,f:Mugilidae,g:Mugil,s:Mugil_thoburni","Eukaryota","Chordata","Actinopteri","Mugiliformes","Mugilidae","Mugil","Mugil thoburni",97.1,"local",FALSE,97.1,"local","Eukaryota","Chordata","Actinopteri","Mugiliformes","Mugilidae","Mugil","Mugil thoburni","Mugil thoburni"
"MiFish_0000521",NA,NA,NA,NA,NA,NA,NA,0,"None",NA,10,NA,NA,NA,NA,NA,NA,NA,NA,0,"local",FALSE,NA,NA,NA,NA,NA,NA,NA,NA,NA,NA
"MiFish_0000522",NA,NA,NA,NA,NA,NA,NA,0,"None",NA,16,NA,NA,NA,NA,NA,NA,NA,NA,0,"local",FALSE,NA,NA,NA,NA,NA,NA,NA,NA,NA,NA
"MiFish_0000523",NA,NA,NA,NA,NA,NA,NA,0,"None",NA,201,NA,NA,NA,NA,NA,NA,NA,NA,0,"local",FALSE,NA,NA,NA,NA,NA,NA,NA,NA,NA,NA
"MiFish_0000524",NA,NA,NA,NA,NA,NA,NA,0,"None",NA,22,NA,NA,NA,NA,NA,NA,NA,NA,0,"local",FALSE,NA,NA,NA,NA,NA,NA,NA,NA,NA,NA
"MiFish_0000525",NA,NA,NA,NA,NA,NA,NA,0,"None",NA,115,NA,NA,NA,NA,NA,NA,NA,NA,0,"local",FALSE,NA,NA,NA,NA,NA,NA,NA,NA,NA,NA
"MiFish_0000526",NA,NA,NA,NA,NA,NA,NA,0,"None",NA,12,NA,NA,NA,NA,NA,NA,NA,NA,0,"local",FALSE,NA,NA,NA,NA,NA,NA,NA,NA,NA,NA
"MiFish_0000527",NA,NA,NA,NA,NA,NA,NA,0,"None",NA,40,NA,NA,NA,NA,NA,NA,NA,NA,0,"local",FALSE,NA,NA,NA,NA,NA,NA,NA,NA,NA,NA
"MiFish_0000528",NA,NA,NA,NA,NA,NA,NA,0,"None",NA,82,NA,NA,NA,NA,NA,NA,NA,NA,0,"local",FALSE,NA,NA,NA,NA,NA,NA,NA,NA,NA,NA
"MiFish_0000529",NA,NA,NA,NA,NA,NA,NA,0,"None",NA,31,NA,NA,NA,NA,NA,NA,NA,NA,0,"local",FALSE,NA,NA,NA,NA,NA,NA,NA,NA,NA,NA
"MiFish_0000530",NA,NA,NA,NA,NA,NA,NA,0,"None",NA,86,NA,NA,NA,NA,NA,NA,NA,NA,0,"local",FALSE,NA,NA,NA,NA,NA,NA,NA,NA,NA,NA
"MiFish_0000531",NA,NA,NA,NA,NA,NA,NA,0,"None",NA,83,NA,NA,NA,NA,NA,NA,NA,NA,0,"local",FALSE,NA,NA,NA,NA,NA,NA,NA,NA,NA,NA
"MiFish_0000532",NA,NA,NA,NA,NA,NA,NA,0,"None",NA,24,NA,NA,NA,NA,NA,NA,NA,NA,0,"local",FALSE,NA,NA,NA,NA,NA,NA,NA,NA,NA,NA
"MiFish_0000533","Eukaryota","Chordata","Actinopteri","Tetraodontiformes","Tetraodontidae","Sphoeroides","Sphoeroides annulatus",98.8235294117647,"168377","Sphoeroides annulatus",20,NA,NA,NA,NA,NA,NA,NA,NA,0,"global",FALSE,98.8235294117647,"global","Eukaryota","Chordata","Actinopteri","Tetraodontiformes","Tetraodontidae","Sphoeroides","Sphoeroides annulatus","Sphoeroides annulatus"
"MiFish_0000534",NA,NA,NA,NA,NA,NA,NA,0,"None",NA,36,NA,NA,NA,NA,NA,NA,NA,NA,0,"local",FALSE,NA,NA,NA,NA,NA,NA,NA,NA,NA,NA
"MiFish_0000535","Eukaryota","Chordata","Actinopteri","Gerreiformes","Gerreidae","Eucinostomus","Eucinostomus melanopterus",96.5116279069768,"332418","Eucinostomus melanopterus",15,NA,NA,NA,NA,NA,NA,NA,NA,0,"global",FALSE,96.5116279069768,"global","Eukaryota","Chordata","Actinopteri","Gerreiformes","Gerreidae","Eucinostomus","Eucinostomus melanopterus","Eucinostomus melanopterus"
"MiFish_0000536",NA,NA,NA,NA,NA,NA,NA,0,"None",NA,17,NA,NA,NA,NA,NA,NA,NA,NA,0,"local",FALSE,NA,NA,NA,NA,NA,NA,NA,NA,NA,NA
"MiFish_0000537",NA,NA,NA,NA,NA,NA,NA,0,"None",NA,12,NA,NA,NA,NA,NA,NA,NA,NA,0,"local",FALSE,NA,NA,NA,NA,NA,NA,NA,NA,NA,NA
"MiFish_0000538",NA,NA,NA,NA,NA,NA,NA,0,"None",NA,10,NA,NA,NA,NA,NA,NA,NA,NA,0,"local",FALSE,NA,NA,NA,NA,NA,NA,NA,NA,NA,NA
"MiFish_0000539",NA,NA,NA,NA,NA,NA,NA,0,"None",NA,17,NA,NA,NA,NA,NA,NA,NA,NA,0,"local",FALSE,NA,NA,NA,NA,NA,NA,NA,NA,NA,NA
"MiFish_0000540",NA,NA,NA,NA,NA,NA,NA,0,"None",NA,1698,NA,NA,NA,NA,NA,NA,NA,NA,0,"local",FALSE,NA,NA,NA,NA,NA,NA,NA,NA,NA,NA
"MiFish_0000541","Eukaryota","Chordata","Actinopteri","Tetraodontiformes","Diodontidae","Diodon",NA,99.4082840236686,"223142","Diodon",15,NA,NA,NA,NA,NA,NA,NA,NA,0,"global",FALSE,99.4082840236686,"global","Eukaryota","Chordata","Actinopteri","Tetraodontiformes","Diodontidae","Diodon",NA,"Diodon"
"MiFish_0000542","Eukaryota","Chordata","Actinopteri","Mugiliformes","Mugilidae","Mugil","Mugil thoburni",99.4117647058823,"1229150","Mugil thoburni",422,"d:Eukaryota,p:Chordata,c:Actinopteri,o:Mugiliformes,f:Mugilidae,g:Mugil,s:Mugil_thoburni","Eukaryota","Chordata","Actinopteri","Mugiliformes","Mugilidae","Mugil","Mugil thoburni",99.4,"global",TRUE,99.4117647058823,"lca_global_v_local","Eukaryota","Chordata","Actinopteri","Mugiliformes","Mugilidae","Mugil","Mugil thoburni","Mugil thoburni"
"MiFish_0000543",NA,NA,NA,NA,NA,NA,NA,0,"None",NA,48,NA,NA,NA,NA,NA,NA,NA,NA,0,"local",FALSE,NA,NA,NA,NA,NA,NA,NA,NA,NA,NA
"MiFish_0000544",NA,NA,NA,NA,NA,NA,NA,0,"None",NA,53,NA,NA,NA,NA,NA,NA,NA,NA,0,"local",FALSE,NA,NA,NA,NA,NA,NA,NA,NA,NA,NA
"MiFish_0000545","Eukaryota","Chordata","Actinopteri",NA,"Pomacentridae","Stegastes","Stegastes arcifrons",98.2954545454545,"1350519","Stegastes arcifrons",21,NA,NA,NA,NA,NA,NA,NA,NA,0,"global",FALSE,98.2954545454545,"global","Eukaryota","Chordata","Actinopteri",NA,"Pomacentridae","Stegastes","Stegastes arcifrons","Stegastes arcifrons"
"MiFish_0000546",NA,NA,NA,NA,NA,NA,NA,0,"None",NA,33,NA,NA,NA,NA,NA,NA,NA,NA,0,"local",FALSE,NA,NA,NA,NA,NA,NA,NA,NA,NA,NA
"MiFish_0000547","Eukaryota","Chordata","Actinopteri","Mugiliformes","Mugilidae","Mugil","Mugil cephalus",97.0760233918129,"48193","Mugil cephalus",151,"d:Eukaryota,p:Chordata,c:Actinopteri,o:Mugiliformes,f:Mugilidae,g:Mugil,s:Mugil_cephalus","Eukaryota","Chordata","Actinopteri","Mugiliformes","Mugilidae","Mugil","Mugil cephalus",97.1,"local",FALSE,97.1,"local","Eukaryota","Chordata","Actinopteri","Mugiliformes","Mugilidae","Mugil","Mugil cephalus","Mugil cephalus"
"MiFish_0000548",NA,NA,NA,NA,NA,NA,NA,0,"None",NA,21,NA,NA,NA,NA,NA,NA,NA,NA,0,"local",FALSE,NA,NA,NA,NA,NA,NA,NA,NA,NA,NA
"MiFish_0000549",NA,NA,NA,NA,NA,NA,NA,0,"None",NA,16,NA,NA,NA,NA,NA,NA,NA,NA,0,"local",FALSE,NA,NA,NA,NA,NA,NA,NA,NA,NA,NA
"MiFish_0000550","Eukaryota","Chordata","Actinopteri","Mugiliformes","Mugilidae","Mugil","Mugil thoburni",95.906432748538,"1229150","Mugil thoburni",10,"d:Eukaryota,p:Chordata,c:Actinopteri,o:Mugiliformes,f:Mugilidae,g:Mugil,s:Mugil_thoburni","Eukaryota","Chordata","Actinopteri","Mugiliformes","Mugilidae","Mugil","Mugil thoburni",95.9,"global",TRUE,95.906432748538,"lca_global_v_local","Eukaryota","Chordata","Actinopteri","Mugiliformes","Mugilidae","Mugil","Mugil thoburni","Mugil thoburni"
"MiFish_0000551","Eukaryota","Chordata","Actinopteri","Gobiiformes","Gobiidae","Bathygobius","Bathygobius fuscus",95.2941176470588,"515216","Bathygobius fuscus",182,NA,NA,NA,NA,NA,NA,NA,NA,0,"global",FALSE,95.2941176470588,"global","Eukaryota","Chordata","Actinopteri","Gobiiformes","Gobiidae","Bathygobius","Bathygobius fuscus","Bathygobius fuscus"
"MiFish_0000552",NA,NA,NA,NA,NA,NA,NA,0,"None",NA,45,NA,NA,NA,NA,NA,NA,NA,NA,0,"local",FALSE,NA,NA,NA,NA,NA,NA,NA,NA,NA,NA
"MiFish_0000553",NA,NA,NA,NA,NA,NA,NA,0,"None",NA,16,NA,NA,NA,NA,NA,NA,NA,NA,0,"local",FALSE,NA,NA,NA,NA,NA,NA,NA,NA,NA,NA
"MiFish_0000554",NA,NA,NA,NA,NA,NA,NA,0,"None",NA,51,NA,NA,NA,NA,NA,NA,NA,NA,0,"local",FALSE,NA,NA,NA,NA,NA,NA,NA,NA,NA,NA
"MiFish_0000555","Eukaryota","Chordata","Actinopteri","Gonorynchiformes","Chanidae","Chanos","Chanos chanos",99.4318181818182,"29144","Chanos chanos",30,NA,NA,NA,NA,NA,NA,NA,NA,0,"global",FALSE,99.4318181818182,"global","Eukaryota","Chordata","Actinopteri","Gonorynchiformes","Chanidae","Chanos","Chanos chanos","Chanos chanos"
"MiFish_0000556","Eukaryota","Chordata","Actinopteri","Lutjaniformes","Haemulidae","Anisotremus","Anisotremus scapularis",97.6331360946746,"531323","Anisotremus scapularis",17,NA,NA,NA,NA,NA,NA,NA,NA,0,"global",FALSE,97.6331360946746,"global","Eukaryota","Chordata","Actinopteri","Lutjaniformes","Haemulidae","Anisotremus","Anisotremus scapularis","Anisotremus scapularis"
"MiFish_0000557","Eukaryota","Chordata","Actinopteri","Lutjaniformes","Haemulidae","Anisotremus","Anisotremus scapularis",97.6331360946746,"531323","Anisotremus scapularis",10,NA,NA,NA,NA,NA,NA,NA,NA,0,"global",FALSE,97.6331360946746,"global","Eukaryota","Chordata","Actinopteri","Lutjaniformes","Haemulidae","Anisotremus","Anisotremus scapularis","Anisotremus scapularis"
"MiFish_0000558","Eukaryota","Chordata","Actinopteri","Syngnathiformes","Fistulariidae","Fistularia","Fistularia commersonii",99.4082840236686,"215343","Fistularia commersonii",637,NA,NA,NA,NA,NA,NA,NA,NA,0,"global",FALSE,99.4082840236686,"global","Eukaryota","Chordata","Actinopteri","Syngnathiformes","Fistulariidae","Fistularia","Fistularia commersonii","Fistularia commersonii"
"MiFish_0000559",NA,NA,NA,NA,NA,NA,NA,0,"None",NA,88,NA,NA,NA,NA,NA,NA,NA,NA,0,"local",FALSE,NA,NA,NA,NA,NA,NA,NA,NA,NA,NA
"MiFish_0000560","Eukaryota","Chordata","Actinopteri","Acanthuriformes","Acanthuridae","Prionurus",NA,98.235294117647,"75035","Prionurus",13329,NA,NA,NA,NA,NA,NA,NA,NA,0,"global",FALSE,98.235294117647,"global","Eukaryota","Chordata","Actinopteri","Acanthuriformes","Acanthuridae","Prionurus",NA,"Prionurus"
"MiFish_0000561","Eukaryota","Chordata","Actinopteri","Acanthuriformes","Acanthuridae","Prionurus",NA,98.8235294117647,"75035","Prionurus",6565,NA,NA,NA,NA,NA,NA,NA,NA,0,"global",FALSE,98.8235294117647,"global","Eukaryota","Chordata","Actinopteri","Acanthuriformes","Acanthuridae","Prionurus",NA,"Prionurus"
"MiFish_0000562","Eukaryota","Chordata","Actinopteri","Clupeiformes","Clupeidae","Sardinops",NA,99.4219653179191,"28380","Sardinops",731,NA,NA,NA,NA,NA,NA,NA,NA,0,"global",FALSE,99.4219653179191,"global","Eukaryota","Chordata","Actinopteri","Clupeiformes","Clupeidae","Sardinops",NA,"Sardinops"
"MiFish_0000563","Eukaryota","Chordata","Actinopteri","Scombriformes","Scombridae","Euthynnus","Euthynnus alletteratus",100,"8228","Euthynnus alletteratus",85,"d:Eukaryota,p:Chordata,c:Actinopteri,o:Scombriformes,f:Scombridae","Eukaryota","Chordata","Actinopteri","Scombriformes","Scombridae",NA,NA,99.4,"global",TRUE,100,"lca_global_v_local","Eukaryota","Chordata","Actinopteri","Scombriformes","Scombridae",NA,NA,"Scombridae"
"MiFish_0000564","Eukaryota","Chordata","Actinopteri","Holocentriformes","Holocentridae","Myripristis",NA,96.5116279069768,"47699","Myripristis",418,"d:Eukaryota,p:Chordata,c:Actinopteri,o:Holocentriformes,f:Holocentridae,g:Myripristis,s:Myripristis_berndti","Eukaryota","Chordata","Actinopteri","Holocentriformes","Holocentridae","Myripristis","Myripristis berndti",95.9,"global",TRUE,96.5116279069768,"lca_global_v_local","Eukaryota","Chordata","Actinopteri","Holocentriformes","Holocentridae","Myripristis",NA,"Myripristis"
"MiFish_0000565",NA,NA,NA,NA,NA,NA,NA,0,"None",NA,433,NA,NA,NA,NA,NA,NA,NA,NA,0,"local",FALSE,NA,NA,NA,NA,NA,NA,NA,NA,NA,NA
"MiFish_0000566",NA,NA,NA,NA,NA,NA,NA,0,"None",NA,55,NA,NA,NA,NA,NA,NA,NA,NA,0,"local",FALSE,NA,NA,NA,NA,NA,NA,NA,NA,NA,NA
"MiFish_0000567","Eukaryota","Chordata","Actinopteri","Beloniformes","Hemiramphidae","Hyporhamphus","Hyporhamphus yuri",99.4082840236686,"2012922","Hyporhamphus yuri",336,NA,NA,NA,NA,NA,NA,NA,NA,0,"global",FALSE,99.4082840236686,"global","Eukaryota","Chordata","Actinopteri","Beloniformes","Hemiramphidae","Hyporhamphus","Hyporhamphus yuri","Hyporhamphus yuri"
"MiFish_0000568","Eukaryota","Chordata","Actinopteri","Stomiiformes","Phosichthyidae","Vinciguerria","Vinciguerria nimbaria",95.8083832335329,"270541","Vinciguerria nimbaria",791,NA,NA,NA,NA,NA,NA,NA,NA,0,"global",FALSE,95.8083832335329,"global","Eukaryota","Chordata","Actinopteri","Stomiiformes","Phosichthyidae","Vinciguerria","Vinciguerria nimbaria","Vinciguerria nimbaria"
"MiFish_0000569",NA,NA,NA,NA,NA,NA,NA,0,"None",NA,26,NA,NA,NA,NA,NA,NA,NA,NA,0,"local",FALSE,NA,NA,NA,NA,NA,NA,NA,NA,NA,NA
"MiFish_0000570",NA,NA,NA,NA,NA,NA,NA,0,"None",NA,327,NA,NA,NA,NA,NA,NA,NA,NA,0,"local",FALSE,NA,NA,NA,NA,NA,NA,NA,NA,NA,NA
"MiFish_0000571","Eukaryota","Chordata","Actinopteri","Perciformes","Serranidae","Cephalopholis","Cephalopholis sexmaculata",95.2662721893491,"334913","Cephalopholis sexmaculata",3333,NA,NA,NA,NA,NA,NA,NA,NA,0,"global",FALSE,95.2662721893491,"global","Eukaryota","Chordata","Actinopteri","Perciformes","Serranidae","Cephalopholis","Cephalopholis sexmaculata","Cephalopholis sexmaculata"
"MiFish_0000572","Eukaryota","Chordata","Actinopteri",NA,"Pomacentridae","Abudefduf","Abudefduf taurus",100,"36216","Abudefduf taurus",3115,NA,NA,NA,NA,NA,NA,NA,NA,0,"global",FALSE,100,"global","Eukaryota","Chordata","Actinopteri",NA,"Pomacentridae","Abudefduf","Abudefduf taurus","Abudefduf taurus"
"MiFish_0000573",NA,NA,NA,NA,NA,NA,NA,0,"None",NA,30,NA,NA,NA,NA,NA,NA,NA,NA,0,"local",FALSE,NA,NA,NA,NA,NA,NA,NA,NA,NA,NA
"MiFish_0000574",NA,NA,NA,NA,NA,NA,NA,0,"None",NA,923,NA,NA,NA,NA,NA,NA,NA,NA,0,"local",FALSE,NA,NA,NA,NA,NA,NA,NA,NA,NA,NA
"MiFish_0000575","Eukaryota","Chordata","Actinopteri","Acanthuriformes","Acanthuridae","Prionurus",NA,98.235294117647,"75035","Prionurus",170,NA,NA,NA,NA,NA,NA,NA,NA,0,"global",FALSE,98.235294117647,"global","Eukaryota","Chordata","Actinopteri","Acanthuriformes","Acanthuridae","Prionurus",NA,"Prionurus"
"MiFish_0000576","Eukaryota","Chordata","Actinopteri","Acanthuriformes","Acanthuridae","Prionurus",NA,99.4117647058823,"75035","Prionurus",240,NA,NA,NA,NA,NA,NA,NA,NA,0,"global",FALSE,99.4117647058823,"global","Eukaryota","Chordata","Actinopteri","Acanthuriformes","Acanthuridae","Prionurus",NA,"Prionurus"
"MiFish_0000577","Eukaryota","Chordata","Actinopteri","Scombriformes","Scombridae","Thunnus",NA,99.4047619047619,"8234","Thunnus",13,"d:Eukaryota,p:Chordata,c:Actinopteri,o:Scombriformes,f:Scombridae,g:Thunnus,s:Thunnus_albacares","Eukaryota","Chordata","Actinopteri","Scombriformes","Scombridae","Thunnus","Thunnus albacares",100,"local",FALSE,100,"local","Eukaryota","Chordata","Actinopteri","Scombriformes","Scombridae","Thunnus","Thunnus albacares","Thunnus albacares"
"MiFish_0000578","Eukaryota","Chordata","Actinopteri","Labriformes","Labridae","Scarus","Scarus ghobban",99.4186046511628,"242806","Scarus ghobban",10,NA,NA,NA,NA,NA,NA,NA,NA,0,"global",FALSE,99.4186046511628,"global","Eukaryota","Chordata","Actinopteri","Labriformes","Labridae","Scarus","Scarus ghobban","Scarus ghobban"
"MiFish_0000579",NA,NA,NA,NA,NA,NA,NA,0,"None",NA,311,NA,NA,NA,NA,NA,NA,NA,NA,0,"local",FALSE,NA,NA,NA,NA,NA,NA,NA,NA,NA,NA
"MiFish_0000580",NA,NA,NA,NA,NA,NA,NA,0,"None",NA,70,NA,NA,NA,NA,NA,NA,NA,NA,0,"local",FALSE,NA,NA,NA,NA,NA,NA,NA,NA,NA,NA
"MiFish_0000581","Eukaryota","Chordata","Actinopteri","Scombriformes","Scombridae","Thunnus",NA,98.8165680473373,"8234","Thunnus",12,"d:Eukaryota,p:Chordata,c:Actinopteri,o:Scombriformes,f:Scombridae,g:Thunnus","Eukaryota","Chordata","Actinopteri","Scombriformes","Scombridae","Thunnus",NA,98.8,"global",TRUE,98.8165680473373,"lca_global_v_local","Eukaryota","Chordata","Actinopteri","Scombriformes","Scombridae","Thunnus",NA,"Thunnus"
"MiFish_0000582",NA,NA,NA,NA,NA,NA,NA,0,"None",NA,15,NA,NA,NA,NA,NA,NA,NA,NA,0,"local",FALSE,NA,NA,NA,NA,NA,NA,NA,NA,NA,NA
"MiFish_0000583",NA,NA,NA,NA,NA,NA,NA,0,"None",NA,16,NA,NA,NA,NA,NA,NA,NA,NA,0,"local",FALSE,NA,NA,NA,NA,NA,NA,NA,NA,NA,NA
"MiFish_0000584","Eukaryota","Chordata","Actinopteri",NA,NA,NA,NA,98.8165680473373,"1489872","Percomorphaceae",14,"d:Eukaryota,p:Chordata,c:Actinopteri,o:Scombriformes,f:Scombridae,g:Acanthocybium,s:Acanthocybium_solandri","Eukaryota","Chordata","Actinopteri","Scombriformes","Scombridae","Acanthocybium","Acanthocybium solandri",98.8,"global",TRUE,98.8165680473373,"lca_global_v_local","Eukaryota","Chordata","Actinopteri",NA,NA,NA,NA,"Actinopteri"
"MiFish_0000585","Eukaryota","Chordata","Actinopteri",NA,"Pomacentridae","Stegastes","Stegastes arcifrons",96.5909090909091,"1350519","Stegastes arcifrons",18,NA,NA,NA,NA,NA,NA,NA,NA,0,"global",FALSE,96.5909090909091,"global","Eukaryota","Chordata","Actinopteri",NA,"Pomacentridae","Stegastes","Stegastes arcifrons","Stegastes arcifrons"
"MiFish_0000586",NA,NA,NA,NA,NA,NA,NA,0,"None",NA,9457,NA,NA,NA,NA,NA,NA,NA,NA,0,"local",FALSE,NA,NA,NA,NA,NA,NA,NA,NA,NA,NA
"MiFish_0000587","Eukaryota","Chordata","Actinopteri",NA,"Pomacentridae","Stegastes","Stegastes arcifrons",99.4285714285714,"1350519","Stegastes arcifrons",109,NA,NA,NA,NA,NA,NA,NA,NA,0,"global",FALSE,99.4285714285714,"global","Eukaryota","Chordata","Actinopteri",NA,"Pomacentridae","Stegastes","Stegastes arcifrons","Stegastes arcifrons"
"MiFish_0000588","Eukaryota","Chordata","Actinopteri","Acanthuriformes","Acanthuridae","Prionurus",NA,98.235294117647,"75035","Prionurus",15,NA,NA,NA,NA,NA,NA,NA,NA,0,"global",FALSE,98.235294117647,"global","Eukaryota","Chordata","Actinopteri","Acanthuriformes","Acanthuridae","Prionurus",NA,"Prionurus"
"MiFish_0000589","Eukaryota","Chordata","Actinopteri",NA,"Pomacentridae","Abudefduf",NA,97.0414201183432,"36213","Abudefduf",36,NA,NA,NA,NA,NA,NA,NA,NA,0,"global",FALSE,97.0414201183432,"global","Eukaryota","Chordata","Actinopteri",NA,"Pomacentridae","Abudefduf",NA,"Abudefduf"
"MiFish_0000590","Eukaryota","Chordata","Actinopteri","Acanthuriformes","Acanthuridae","Prionurus",NA,98.235294117647,"75035","Prionurus",15,NA,NA,NA,NA,NA,NA,NA,NA,0,"global",FALSE,98.235294117647,"global","Eukaryota","Chordata","Actinopteri","Acanthuriformes","Acanthuridae","Prionurus",NA,"Prionurus"
"MiFish_0000591","Eukaryota","Chordata","Actinopteri",NA,"Pomacentridae","Stegastes","Stegastes arcifrons",99.4285714285714,"1350519","Stegastes arcifrons",104,NA,NA,NA,NA,NA,NA,NA,NA,0,"global",FALSE,99.4285714285714,"global","Eukaryota","Chordata","Actinopteri",NA,"Pomacentridae","Stegastes","Stegastes arcifrons","Stegastes arcifrons"
"MiFish_0000592","Eukaryota","Chordata","Actinopteri","Acanthuriformes","Acanthuridae","Prionurus",NA,97.6470588235294,"75035","Prionurus",19,NA,NA,NA,NA,NA,NA,NA,NA,0,"global",FALSE,97.6470588235294,"global","Eukaryota","Chordata","Actinopteri","Acanthuriformes","Acanthuridae","Prionurus",NA,"Prionurus"
"MiFish_0000593","Eukaryota","Chordata","Actinopteri","Acanthuriformes","Acanthuridae","Prionurus",NA,97.6470588235294,"75035","Prionurus",31,NA,NA,NA,NA,NA,NA,NA,NA,0,"global",FALSE,97.6470588235294,"global","Eukaryota","Chordata","Actinopteri","Acanthuriformes","Acanthuridae","Prionurus",NA,"Prionurus"
"MiFish_0000594",NA,NA,NA,NA,NA,NA,NA,0,"None",NA,59,NA,NA,NA,NA,NA,NA,NA,NA,0,"local",FALSE,NA,NA,NA,NA,NA,NA,NA,NA,NA,NA
"MiFish_0000595","Eukaryota","Chordata","Actinopteri",NA,"Pomacentridae","Abudefduf",NA,99.4082840236686,"36213","Abudefduf",276,NA,NA,NA,NA,NA,NA,NA,NA,0,"global",FALSE,99.4082840236686,"global","Eukaryota","Chordata","Actinopteri",NA,"Pomacentridae","Abudefduf",NA,"Abudefduf"
"MiFish_0000596",NA,NA,NA,NA,NA,NA,NA,0,"None",NA,16,NA,NA,NA,NA,NA,NA,NA,NA,0,"local",FALSE,NA,NA,NA,NA,NA,NA,NA,NA,NA,NA
"MiFish_0000597",NA,NA,NA,NA,NA,NA,NA,0,"None",NA,28,NA,NA,NA,NA,NA,NA,NA,NA,0,"local",FALSE,NA,NA,NA,NA,NA,NA,NA,NA,NA,NA
"MiFish_0000598","Eukaryota","Chordata","Actinopteri","Mugiliformes","Mugilidae","Mugil","Mugil cephalus",98.2456140350877,"48193","Mugil cephalus",23,"d:Eukaryota,p:Chordata,c:Actinopteri,o:Mugiliformes,f:Mugilidae,g:Mugil,s:Mugil_cephalus","Eukaryota","Chordata","Actinopteri","Mugiliformes","Mugilidae","Mugil","Mugil cephalus",100,"local",FALSE,100,"local","Eukaryota","Chordata","Actinopteri","Mugiliformes","Mugilidae","Mugil","Mugil cephalus","Mugil cephalus"
"MiFish_0000599","Eukaryota","Chordata","Actinopteri","Scombriformes","Scombridae","Thunnus",NA,99.4047619047619,"8234","Thunnus",13,"d:Eukaryota,p:Chordata,c:Actinopteri,o:Scombriformes,f:Scombridae,g:Thunnus","Eukaryota","Chordata","Actinopteri","Scombriformes","Scombridae","Thunnus",NA,99.4,"global",TRUE,99.4047619047619,"lca_global_v_local","Eukaryota","Chordata","Actinopteri","Scombriformes","Scombridae","Thunnus",NA,"Thunnus"
"MiFish_0000600","Eukaryota","Chordata","Actinopteri",NA,"Pomacentridae","Stegastes","Stegastes arcifrons",99.4285714285714,"1350519","Stegastes arcifrons",137,NA,NA,NA,NA,NA,NA,NA,NA,0,"global",FALSE,99.4285714285714,"global","Eukaryota","Chordata","Actinopteri",NA,"Pomacentridae","Stegastes","Stegastes arcifrons","Stegastes arcifrons"
"MiFish_0000601","Eukaryota","Chordata","Actinopteri",NA,"Pomacentridae","Abudefduf","Abudefduf hoefleri",100,"646011","Abudefduf hoefleri",80,NA,NA,NA,NA,NA,NA,NA,NA,0,"global",FALSE,100,"global","Eukaryota","Chordata","Actinopteri",NA,"Pomacentridae","Abudefduf","Abudefduf hoefleri","Abudefduf hoefleri"
"MiFish_0000602","Eukaryota","Chordata","Actinopteri",NA,NA,NA,NA,99.4047619047619,"1489872","Percomorphaceae",16,"d:Eukaryota,p:Chordata,c:Actinopteri,o:Scombriformes,f:Scombridae,g:Acanthocybium,s:Acanthocybium_solandri","Eukaryota","Chordata","Actinopteri","Scombriformes","Scombridae","Acanthocybium","Acanthocybium solandri",99.4,"global",TRUE,99.4047619047619,"lca_global_v_local","Eukaryota","Chordata","Actinopteri",NA,NA,NA,NA,"Actinopteri"
"MiFish_0000603",NA,NA,NA,NA,NA,NA,NA,0,"None",NA,23,NA,NA,NA,NA,NA,NA,NA,NA,0,"local",FALSE,NA,NA,NA,NA,NA,NA,NA,NA,NA,NA
"MiFish_0000604","Eukaryota","Chordata","Actinopteri",NA,"Pomacentridae","Stegastes","Stegastes arcifrons",99.4285714285714,"1350519","Stegastes arcifrons",86,NA,NA,NA,NA,NA,NA,NA,NA,0,"global",FALSE,99.4285714285714,"global","Eukaryota","Chordata","Actinopteri",NA,"Pomacentridae","Stegastes","Stegastes arcifrons","Stegastes arcifrons"
"MiFish_0000605","Eukaryota","Chordata","Actinopteri","Syngnathiformes","Fistulariidae","Fistularia","Fistularia commersonii",100,"215343","Fistularia commersonii",504,NA,NA,NA,NA,NA,NA,NA,NA,0,"global",FALSE,100,"global","Eukaryota","Chordata","Actinopteri","Syngnathiformes","Fistulariidae","Fistularia","Fistularia commersonii","Fistularia commersonii"
"MiFish_0000606",NA,NA,NA,NA,NA,NA,NA,0,"None",NA,177,NA,NA,NA,NA,NA,NA,NA,NA,0,"local",FALSE,NA,NA,NA,NA,NA,NA,NA,NA,NA,NA
"MiFish_0000607","Eukaryota","Chordata","Actinopteri",NA,NA,NA,NA,99.4047619047619,"1489872","Percomorphaceae",29,"d:Eukaryota,p:Chordata,c:Actinopteri,o:Scombriformes,f:Scombridae,g:Acanthocybium,s:Acanthocybium_solandri","Eukaryota","Chordata","Actinopteri","Scombriformes","Scombridae","Acanthocybium","Acanthocybium solandri",99.4,"global",TRUE,99.4047619047619,"lca_global_v_local","Eukaryota","Chordata","Actinopteri",NA,NA,NA,NA,"Actinopteri"
"MiFish_0000608","Eukaryota","Chordata","Actinopteri","Stomiiformes","Phosichthyidae","Vinciguerria","Vinciguerria nimbaria",96.4071856287425,"270541","Vinciguerria nimbaria",17,NA,NA,NA,NA,NA,NA,NA,NA,0,"global",FALSE,96.4071856287425,"global","Eukaryota","Chordata","Actinopteri","Stomiiformes","Phosichthyidae","Vinciguerria","Vinciguerria nimbaria","Vinciguerria nimbaria"
"MiFish_0000609","Eukaryota","Chordata","Actinopteri",NA,"Pomacentridae","Abudefduf",NA,99.4082840236686,"36213","Abudefduf",27,NA,NA,NA,NA,NA,NA,NA,NA,0,"global",FALSE,99.4082840236686,"global","Eukaryota","Chordata","Actinopteri",NA,"Pomacentridae","Abudefduf",NA,"Abudefduf"
"MiFish_0000610","Eukaryota","Chordata","Actinopteri","Acanthuriformes","Acanthuridae","Prionurus",NA,97.6470588235294,"75035","Prionurus",31,NA,NA,NA,NA,NA,NA,NA,NA,0,"global",FALSE,97.6470588235294,"global","Eukaryota","Chordata","Actinopteri","Acanthuriformes","Acanthuridae","Prionurus",NA,"Prionurus"
"MiFish_0000611","Eukaryota","Chordata","Actinopteri","Acanthuriformes","Acanthuridae","Prionurus",NA,97.6470588235294,"75035","Prionurus",76,NA,NA,NA,NA,NA,NA,NA,NA,0,"global",FALSE,97.6470588235294,"global","Eukaryota","Chordata","Actinopteri","Acanthuriformes","Acanthuridae","Prionurus",NA,"Prionurus"
"MiFish_0000612",NA,NA,NA,NA,NA,NA,NA,0,"None",NA,14,NA,NA,NA,NA,NA,NA,NA,NA,0,"local",FALSE,NA,NA,NA,NA,NA,NA,NA,NA,NA,NA
"MiFish_0000613","Eukaryota","Chordata","Actinopteri","Beloniformes","Exocoetidae","Cheilopogon",NA,100,"293908","Cheilopogon",14,NA,NA,NA,NA,NA,NA,NA,NA,0,"global",FALSE,100,"global","Eukaryota","Chordata","Actinopteri","Beloniformes","Exocoetidae","Cheilopogon",NA,"Cheilopogon"
"MiFish_0000614","Eukaryota","Chordata","Actinopteri","Acanthuriformes","Acanthuridae","Prionurus",NA,98.235294117647,"75035","Prionurus",726,NA,NA,NA,NA,NA,NA,NA,NA,0,"global",FALSE,98.235294117647,"global","Eukaryota","Chordata","Actinopteri","Acanthuriformes","Acanthuridae","Prionurus",NA,"Prionurus"
"MiFish_0000615","Eukaryota","Chordata","Actinopteri","Beloniformes","Hemiramphidae","Hyporhamphus","Hyporhamphus yuri",99.4082840236686,"2012922","Hyporhamphus yuri",50,NA,NA,NA,NA,NA,NA,NA,NA,0,"global",FALSE,99.4082840236686,"global","Eukaryota","Chordata","Actinopteri","Beloniformes","Hemiramphidae","Hyporhamphus","Hyporhamphus yuri","Hyporhamphus yuri"
"MiFish_0000616",NA,NA,NA,NA,NA,NA,NA,0,"None",NA,603,NA,NA,NA,NA,NA,NA,NA,NA,0,"local",FALSE,NA,NA,NA,NA,NA,NA,NA,NA,NA,NA
"MiFish_0000617","Eukaryota","Chordata","Actinopteri",NA,"Sciaenidae",NA,NA,95.2380952380952,"30870","Sciaenidae",503,NA,NA,NA,NA,NA,NA,NA,NA,0,"global",FALSE,95.2380952380952,"global","Eukaryota","Chordata","Actinopteri",NA,"Sciaenidae",NA,NA,"Sciaenidae"
"MiFish_0000618",NA,NA,NA,NA,NA,NA,NA,0,"None",NA,629,NA,NA,NA,NA,NA,NA,NA,NA,0,"local",FALSE,NA,NA,NA,NA,NA,NA,NA,NA,NA,NA
"MiFish_0000619","Eukaryota","Chordata","Actinopteri","Acanthuriformes","Acanthuridae","Prionurus",NA,97.6608187134503,"75035","Prionurus",73,NA,NA,NA,NA,NA,NA,NA,NA,0,"global",FALSE,97.6608187134503,"global","Eukaryota","Chordata","Actinopteri","Acanthuriformes","Acanthuridae","Prionurus",NA,"Prionurus"
"MiFish_0000620","Eukaryota","Chordata","Actinopteri","Carangiformes","Carangidae","Decapterus","Decapterus macarellus",100,"146143","Decapterus macarellus",34,"d:Eukaryota,p:Chordata,c:Actinopteri,o:Carangiformes,f:Carangidae,g:Decapterus,s:Decapterus_russelli","Eukaryota","Chordata","Actinopteri","Carangiformes","Carangidae","Decapterus","Decapterus russelli",97,"global",TRUE,100,"lca_global_v_local","Eukaryota","Chordata","Actinopteri","Carangiformes","Carangidae","Decapterus",NA,"Decapterus"
"MiFish_0000621","Eukaryota","Chordata","Actinopteri","Acanthuriformes","Acanthuridae","Prionurus","Prionurus laticlavius",100,"175437","Prionurus laticlavius",614,NA,NA,NA,NA,NA,NA,NA,NA,0,"global",FALSE,100,"global","Eukaryota","Chordata","Actinopteri","Acanthuriformes","Acanthuridae","Prionurus","Prionurus laticlavius","Prionurus laticlavius"
"MiFish_0000622","Eukaryota","Chordata","Actinopteri","Beloniformes","Hemiramphidae","Hyporhamphus","Hyporhamphus yuri",100,"2012922","Hyporhamphus yuri",2106,NA,NA,NA,NA,NA,NA,NA,NA,0,"global",FALSE,100,"global","Eukaryota","Chordata","Actinopteri","Beloniformes","Hemiramphidae","Hyporhamphus","Hyporhamphus yuri","Hyporhamphus yuri"
"MiFish_0000623","Eukaryota","Chordata","Actinopteri","Beloniformes","Exocoetidae","Exocoetus","Exocoetus volitans",100,"143332","Exocoetus volitans",219,NA,NA,NA,NA,NA,NA,NA,NA,0,"global",FALSE,100,"global","Eukaryota","Chordata","Actinopteri","Beloniformes","Exocoetidae","Exocoetus","Exocoetus volitans","Exocoetus volitans"
"MiFish_0000624","Eukaryota","Chordata","Actinopteri",NA,"Pomacentridae","Stegastes","Stegastes arcifrons",99.4285714285714,"1350519","Stegastes arcifrons",115,NA,NA,NA,NA,NA,NA,NA,NA,0,"global",FALSE,99.4285714285714,"global","Eukaryota","Chordata","Actinopteri",NA,"Pomacentridae","Stegastes","Stegastes arcifrons","Stegastes arcifrons"
"MiFish_0000625",NA,NA,NA,NA,NA,NA,NA,0,"None",NA,64,NA,NA,NA,NA,NA,NA,NA,NA,0,"local",FALSE,NA,NA,NA,NA,NA,NA,NA,NA,NA,NA
"MiFish_0000626","Eukaryota","Chordata","Actinopteri","Labriformes","Labridae","Bodianus","Bodianus diplotaenia",99.4117647058823,"1182146","Bodianus diplotaenia",2260,NA,NA,NA,NA,NA,NA,NA,NA,0,"global",FALSE,99.4117647058823,"global","Eukaryota","Chordata","Actinopteri","Labriformes","Labridae","Bodianus","Bodianus diplotaenia","Bodianus diplotaenia"
"MiFish_0000627","Eukaryota","Chordata","Actinopteri",NA,"Pomacentridae","Stegastes","Stegastes arcifrons",99.4285714285714,"1350519","Stegastes arcifrons",54,NA,NA,NA,NA,NA,NA,NA,NA,0,"global",FALSE,99.4285714285714,"global","Eukaryota","Chordata","Actinopteri",NA,"Pomacentridae","Stegastes","Stegastes arcifrons","Stegastes arcifrons"
"MiFish_0000628",NA,NA,NA,NA,NA,NA,NA,0,"None",NA,10,NA,NA,NA,NA,NA,NA,NA,NA,0,"local",FALSE,NA,NA,NA,NA,NA,NA,NA,NA,NA,NA
"MiFish_0000629","Eukaryota","Chordata","Actinopteri",NA,"Pomacentridae","Stegastes","Stegastes arcifrons",98.8636363636364,"1350519","Stegastes arcifrons",14,NA,NA,NA,NA,NA,NA,NA,NA,0,"global",FALSE,98.8636363636364,"global","Eukaryota","Chordata","Actinopteri",NA,"Pomacentridae","Stegastes","Stegastes arcifrons","Stegastes arcifrons"
"MiFish_0000630","Eukaryota","Chordata","Actinopteri",NA,"Pomacentridae","Abudefduf",NA,99.4082840236686,"36213","Abudefduf",37,NA,NA,NA,NA,NA,NA,NA,NA,0,"global",FALSE,99.4082840236686,"global","Eukaryota","Chordata","Actinopteri",NA,"Pomacentridae","Abudefduf",NA,"Abudefduf"
"MiFish_0000631","Eukaryota","Chordata","Actinopteri","Labriformes","Labridae","Bodianus","Bodianus diplotaenia",99.4117647058823,"1182146","Bodianus diplotaenia",26,NA,NA,NA,NA,NA,NA,NA,NA,0,"global",FALSE,99.4117647058823,"global","Eukaryota","Chordata","Actinopteri","Labriformes","Labridae","Bodianus","Bodianus diplotaenia","Bodianus diplotaenia"
"MiFish_0000632","Eukaryota","Chordata","Actinopteri","Acanthuriformes","Acanthuridae","Prionurus",NA,98.235294117647,"75035","Prionurus",19,NA,NA,NA,NA,NA,NA,NA,NA,0,"global",FALSE,98.235294117647,"global","Eukaryota","Chordata","Actinopteri","Acanthuriformes","Acanthuridae","Prionurus",NA,"Prionurus"
"MiFish_0000633","Eukaryota","Chordata","Actinopteri","Acanthuriformes","Acanthuridae","Prionurus",NA,95.8823529411765,"75035","Prionurus",11,NA,NA,NA,NA,NA,NA,NA,NA,0,"global",FALSE,95.8823529411765,"global","Eukaryota","Chordata","Actinopteri","Acanthuriformes","Acanthuridae","Prionurus",NA,"Prionurus"
"MiFish_0000634","Eukaryota","Chordata","Actinopteri","Perciformes","Serranidae","Epinephelus","Epinephelus bontoides",96.4497041420118,"1167616","Epinephelus bontoides",11,"d:Eukaryota,p:Chordata,c:Actinopteri,o:Perciformes,f:Serranidae,g:Epinephelus,s:Epinephelus_merra","Eukaryota","Chordata","Actinopteri","Perciformes","Serranidae","Epinephelus","Epinephelus merra",95.3,"global",TRUE,96.4497041420118,"lca_global_v_local","Eukaryota","Chordata","Actinopteri","Perciformes","Serranidae","Epinephelus",NA,"Epinephelus"
"MiFish_0000635",NA,NA,NA,NA,NA,NA,NA,0,"None",NA,10,NA,NA,NA,NA,NA,NA,NA,NA,0,"local",FALSE,NA,NA,NA,NA,NA,NA,NA,NA,NA,NA
"MiFish_0000636","Eukaryota","Chordata","Actinopteri",NA,"Pomacentridae","Stegastes","Stegastes arcifrons",99.4285714285714,"1350519","Stegastes arcifrons",23,NA,NA,NA,NA,NA,NA,NA,NA,0,"global",FALSE,99.4285714285714,"global","Eukaryota","Chordata","Actinopteri",NA,"Pomacentridae","Stegastes","Stegastes arcifrons","Stegastes arcifrons"
"MiFish_0000637","Eukaryota","Chordata","Actinopteri",NA,"Pomacentridae","Abudefduf",NA,99.4082840236686,"36213","Abudefduf",16,NA,NA,NA,NA,NA,NA,NA,NA,0,"global",FALSE,99.4082840236686,"global","Eukaryota","Chordata","Actinopteri",NA,"Pomacentridae","Abudefduf",NA,"Abudefduf"
"MiFish_0000638","Eukaryota","Chordata","Actinopteri","Acanthuriformes","Acanthuridae","Prionurus",NA,97.6470588235294,"75035","Prionurus",29,NA,NA,NA,NA,NA,NA,NA,NA,0,"global",FALSE,97.6470588235294,"global","Eukaryota","Chordata","Actinopteri","Acanthuriformes","Acanthuridae","Prionurus",NA,"Prionurus"
"MiFish_0000639",NA,NA,NA,NA,NA,NA,NA,0,"None",NA,21,NA,NA,NA,NA,NA,NA,NA,NA,0,"local",FALSE,NA,NA,NA,NA,NA,NA,NA,NA,NA,NA
"MiFish_0000640","Eukaryota","Chordata","Actinopteri",NA,"Pomacentridae","Abudefduf",NA,99.4082840236686,"36213","Abudefduf",31,NA,NA,NA,NA,NA,NA,NA,NA,0,"global",FALSE,99.4082840236686,"global","Eukaryota","Chordata","Actinopteri",NA,"Pomacentridae","Abudefduf",NA,"Abudefduf"
"MiFish_0000641",NA,NA,NA,NA,NA,NA,NA,0,"None",NA,10,NA,NA,NA,NA,NA,NA,NA,NA,0,"local",FALSE,NA,NA,NA,NA,NA,NA,NA,NA,NA,NA
"MiFish_0000642","Eukaryota","Chordata","Actinopteri",NA,"Pomacentridae","Stegastes","Stegastes arcifrons",99.4285714285714,"1350519","Stegastes arcifrons",71,NA,NA,NA,NA,NA,NA,NA,NA,0,"global",FALSE,99.4285714285714,"global","Eukaryota","Chordata","Actinopteri",NA,"Pomacentridae","Stegastes","Stegastes arcifrons","Stegastes arcifrons"
"MiFish_0000643",NA,NA,NA,NA,NA,NA,NA,0,"None",NA,96,NA,NA,NA,NA,NA,NA,NA,NA,0,"local",FALSE,NA,NA,NA,NA,NA,NA,NA,NA,NA,NA
"MiFish_0000644","Eukaryota","Chordata","Actinopteri","Labriformes","Labridae","Scarus","Scarus ghobban",99.4186046511628,"242806","Scarus ghobban",16,NA,NA,NA,NA,NA,NA,NA,NA,0,"global",FALSE,99.4186046511628,"global","Eukaryota","Chordata","Actinopteri","Labriformes","Labridae","Scarus","Scarus ghobban","Scarus ghobban"
"MiFish_0000645","Eukaryota","Chordata","Actinopteri",NA,"Pomacentridae","Stegastes","Stegastes arcifrons",97.7272727272727,"1350519","Stegastes arcifrons",14,NA,NA,NA,NA,NA,NA,NA,NA,0,"global",FALSE,97.7272727272727,"global","Eukaryota","Chordata","Actinopteri",NA,"Pomacentridae","Stegastes","Stegastes arcifrons","Stegastes arcifrons"
"MiFish_0000646",NA,NA,NA,NA,NA,NA,NA,0,"None",NA,33,NA,NA,NA,NA,NA,NA,NA,NA,0,"local",FALSE,NA,NA,NA,NA,NA,NA,NA,NA,NA,NA
"MiFish_0000647",NA,NA,NA,NA,NA,NA,NA,0,"None",NA,231,NA,NA,NA,NA,NA,NA,NA,NA,0,"local",FALSE,NA,NA,NA,NA,NA,NA,NA,NA,NA,NA
"MiFish_0000648",NA,NA,NA,NA,NA,NA,NA,0,"None",NA,10,NA,NA,NA,NA,NA,NA,NA,NA,0,"local",FALSE,NA,NA,NA,NA,NA,NA,NA,NA,NA,NA
"MiFish_0000649",NA,NA,NA,NA,NA,NA,NA,0,"None",NA,12,NA,NA,NA,NA,NA,NA,NA,NA,0,"local",FALSE,NA,NA,NA,NA,NA,NA,NA,NA,NA,NA
"MiFish_0000650","Eukaryota","Chordata","Chondrichthyes","Carcharhiniformes","Carcharhinidae","Carcharhinus",NA,100,"7806","Carcharhinus",2401,"d:Eukaryota,p:Chordata,c:Chondrichthyes,o:Carcharhiniformes,f:Carcharhinidae,g:Carcharhinus","Eukaryota","Chordata","Chondrichthyes","Carcharhiniformes","Carcharhinidae","Carcharhinus",NA,100,"local",FALSE,100,"local","Eukaryota","Chordata","Chondrichthyes","Carcharhiniformes","Carcharhinidae","Carcharhinus",NA,"Carcharhinus"
"MiFish_0000651","Eukaryota","Chordata","Chondrichthyes","Carcharhiniformes","Carcharhinidae","Carcharhinus",NA,99.4475138121547,"7806","Carcharhinus",22,"d:Eukaryota,p:Chordata,c:Chondrichthyes,o:Carcharhiniformes,f:Carcharhinidae,g:Carcharhinus","Eukaryota","Chordata","Chondrichthyes","Carcharhiniformes","Carcharhinidae","Carcharhinus",NA,99.4,"global",TRUE,99.4475138121547,"lca_global_v_local","Eukaryota","Chordata","Chondrichthyes","Carcharhiniformes","Carcharhinidae","Carcharhinus",NA,"Carcharhinus"
"MiFish_0000652","Eukaryota","Chordata","Chondrichthyes","Carcharhiniformes","Carcharhinidae","Carcharhinus",NA,99.4475138121547,"7806","Carcharhinus",32,"d:Eukaryota,p:Chordata,c:Chondrichthyes,o:Carcharhiniformes,f:Carcharhinidae,g:Carcharhinus","Eukaryota","Chordata","Chondrichthyes","Carcharhiniformes","Carcharhinidae","Carcharhinus",NA,99.4,"global",TRUE,99.4475138121547,"lca_global_v_local","Eukaryota","Chordata","Chondrichthyes","Carcharhiniformes","Carcharhinidae","Carcharhinus",NA,"Carcharhinus"
"MiFish_0000653",NA,NA,NA,NA,NA,NA,NA,0,"None",NA,14,NA,NA,NA,NA,NA,NA,NA,NA,0,"local",FALSE,NA,NA,NA,NA,NA,NA,NA,NA,NA,NA
"MiFish_0000654",NA,NA,NA,NA,NA,NA,NA,0,"None",NA,12,NA,NA,NA,NA,NA,NA,NA,NA,0,"local",FALSE,NA,NA,NA,NA,NA,NA,NA,NA,NA,NA
"MiFish_0000655",NA,NA,NA,NA,NA,NA,NA,0,"None",NA,35,NA,NA,NA,NA,NA,NA,NA,NA,0,"local",FALSE,NA,NA,NA,NA,NA,NA,NA,NA,NA,NA
"MiFish_0000656",NA,NA,NA,NA,NA,NA,NA,0,"None",NA,116,NA,NA,NA,NA,NA,NA,NA,NA,0,"local",FALSE,NA,NA,NA,NA,NA,NA,NA,NA,NA,NA
"MiFish_0000657",NA,NA,NA,NA,NA,NA,NA,0,"None",NA,10,NA,NA,NA,NA,NA,NA,NA,NA,0,"local",FALSE,NA,NA,NA,NA,NA,NA,NA,NA,NA,NA
"MiFish_0000658","Eukaryota","Chordata","Actinopteri",NA,"Pomacentridae","Abudefduf",NA,99.4082840236686,"36213","Abudefduf",97,NA,NA,NA,NA,NA,NA,NA,NA,0,"global",FALSE,99.4082840236686,"global","Eukaryota","Chordata","Actinopteri",NA,"Pomacentridae","Abudefduf",NA,"Abudefduf"
"MiFish_0000659","Eukaryota","Chordata","Actinopteri",NA,"Pomacentridae","Abudefduf",NA,99.4082840236686,"36213","Abudefduf",38,NA,NA,NA,NA,NA,NA,NA,NA,0,"global",FALSE,99.4082840236686,"global","Eukaryota","Chordata","Actinopteri",NA,"Pomacentridae","Abudefduf",NA,"Abudefduf"
"MiFish_0000660","Eukaryota","Chordata","Actinopteri",NA,"Pomacentridae","Abudefduf",NA,99.4082840236686,"36213","Abudefduf",22,NA,NA,NA,NA,NA,NA,NA,NA,0,"global",FALSE,99.4082840236686,"global","Eukaryota","Chordata","Actinopteri",NA,"Pomacentridae","Abudefduf",NA,"Abudefduf"
"MiFish_0000661",NA,NA,NA,NA,NA,NA,NA,0,"None",NA,19,NA,NA,NA,NA,NA,NA,NA,NA,0,"local",FALSE,NA,NA,NA,NA,NA,NA,NA,NA,NA,NA
"MiFish_0000662",NA,NA,NA,NA,NA,NA,NA,0,"None",NA,3297,NA,NA,NA,NA,NA,NA,NA,NA,0,"local",FALSE,NA,NA,NA,NA,NA,NA,NA,NA,NA,NA
"MiFish_0000663",NA,NA,NA,NA,NA,NA,NA,0,"None",NA,107,NA,NA,NA,NA,NA,NA,NA,NA,0,"local",FALSE,NA,NA,NA,NA,NA,NA,NA,NA,NA,NA
"MiFish_0000664",NA,NA,NA,NA,NA,NA,NA,0,"None",NA,186,NA,NA,NA,NA,NA,NA,NA,NA,0,"local",FALSE,NA,NA,NA,NA,NA,NA,NA,NA,NA,NA
"MiFish_0000665",NA,NA,NA,NA,NA,NA,NA,0,"None",NA,14,NA,NA,NA,NA,NA,NA,NA,NA,0,"local",FALSE,NA,NA,NA,NA,NA,NA,NA,NA,NA,NA
"MiFish_0000666","Eukaryota","Chordata","Actinopteri",NA,"Pomacentridae","Stegastes","Stegastes arcifrons",99.4285714285714,"1350519","Stegastes arcifrons",127,NA,NA,NA,NA,NA,NA,NA,NA,0,"global",FALSE,99.4285714285714,"global","Eukaryota","Chordata","Actinopteri",NA,"Pomacentridae","Stegastes","Stegastes arcifrons","Stegastes arcifrons"
"MiFish_0000667",NA,NA,NA,NA,NA,NA,NA,0,"None",NA,87,NA,NA,NA,NA,NA,NA,NA,NA,0,"local",FALSE,NA,NA,NA,NA,NA,NA,NA,NA,NA,NA
"MiFish_0000668",NA,NA,NA,NA,NA,NA,NA,0,"None",NA,10,NA,NA,NA,NA,NA,NA,NA,NA,0,"local",FALSE,NA,NA,NA,NA,NA,NA,NA,NA,NA,NA
"MiFish_0000669",NA,NA,NA,NA,NA,NA,NA,0,"None",NA,15,NA,NA,NA,NA,NA,NA,NA,NA,0,"local",FALSE,NA,NA,NA,NA,NA,NA,NA,NA,NA,NA
"MiFish_0000670",NA,NA,NA,NA,NA,NA,NA,0,"None",NA,80,NA,NA,NA,NA,NA,NA,NA,NA,0,"local",FALSE,NA,NA,NA,NA,NA,NA,NA,NA,NA,NA
"MiFish_0000671",NA,NA,NA,NA,NA,NA,NA,0,"None",NA,176,NA,NA,NA,NA,NA,NA,NA,NA,0,"local",FALSE,NA,NA,NA,NA,NA,NA,NA,NA,NA,NA
"MiFish_0000672",NA,NA,NA,NA,NA,NA,NA,0,"None",NA,10,NA,NA,NA,NA,NA,NA,NA,NA,0,"local",FALSE,NA,NA,NA,NA,NA,NA,NA,NA,NA,NA
"MiFish_0000673",NA,NA,NA,NA,NA,NA,NA,0,"None",NA,23640,NA,NA,NA,NA,NA,NA,NA,NA,0,"local",FALSE,NA,NA,NA,NA,NA,NA,NA,NA,NA,NA
"MiFish_0000674",NA,NA,NA,NA,NA,NA,NA,0,"None",NA,237,NA,NA,NA,NA,NA,NA,NA,NA,0,"local",FALSE,NA,NA,NA,NA,NA,NA,NA,NA,NA,NA
"MiFish_0000675","Eukaryota","Chordata","Actinopteri","Perciformes","Serranidae","Mycteroperca","Mycteroperca bonaci",95.8579881656805,"153621","Mycteroperca bonaci",43,NA,NA,NA,NA,NA,NA,NA,NA,0,"global",FALSE,95.8579881656805,"global","Eukaryota","Chordata","Actinopteri","Perciformes","Serranidae","Mycteroperca","Mycteroperca bonaci","Mycteroperca bonaci"
"MiFish_0000676","Eukaryota","Chordata","Actinopteri","Mugiliformes","Mugilidae","Mugil","Mugil thoburni",99.4117647058823,"1229150","Mugil thoburni",101,"d:Eukaryota,p:Chordata,c:Actinopteri,o:Mugiliformes,f:Mugilidae,g:Mugil,s:Mugil_thoburni","Eukaryota","Chordata","Actinopteri","Mugiliformes","Mugilidae","Mugil","Mugil thoburni",99.4,"global",TRUE,99.4117647058823,"lca_global_v_local","Eukaryota","Chordata","Actinopteri","Mugiliformes","Mugilidae","Mugil","Mugil thoburni","Mugil thoburni"
"MiFish_0000677","Eukaryota","Chordata","Actinopteri","Mugiliformes","Mugilidae","Mugil","Mugil thoburni",99.4117647058823,"1229150","Mugil thoburni",178,"d:Eukaryota,p:Chordata,c:Actinopteri,o:Mugiliformes,f:Mugilidae,g:Mugil,s:Mugil_thoburni","Eukaryota","Chordata","Actinopteri","Mugiliformes","Mugilidae","Mugil","Mugil thoburni",99.4,"global",TRUE,99.4117647058823,"lca_global_v_local","Eukaryota","Chordata","Actinopteri","Mugiliformes","Mugilidae","Mugil","Mugil thoburni","Mugil thoburni"
"MiFish_0000678",NA,NA,NA,NA,NA,NA,NA,0,"None",NA,15,NA,NA,NA,NA,NA,NA,NA,NA,0,"local",FALSE,NA,NA,NA,NA,NA,NA,NA,NA,NA,NA
"MiFish_0000679","Eukaryota","Chordata","Actinopteri","Perciformes","Scorpaenidae","Pontinus","Pontinus macrocephalus",96.4285714285714,"398654","Pontinus macrocephalus",11,NA,NA,NA,NA,NA,NA,NA,NA,0,"global",FALSE,96.4285714285714,"global","Eukaryota","Chordata","Actinopteri","Perciformes","Scorpaenidae","Pontinus","Pontinus macrocephalus","Pontinus macrocephalus"
"MiFish_0000680",NA,NA,NA,NA,NA,NA,NA,0,"None",NA,19,NA,NA,NA,NA,NA,NA,NA,NA,0,"local",FALSE,NA,NA,NA,NA,NA,NA,NA,NA,NA,NA
"MiFish_0000681",NA,NA,NA,NA,NA,NA,NA,0,"None",NA,45,NA,NA,NA,NA,NA,NA,NA,NA,0,"local",FALSE,NA,NA,NA,NA,NA,NA,NA,NA,NA,NA
"MiFish_0000682",NA,NA,NA,NA,NA,NA,NA,0,"None",NA,20,NA,NA,NA,NA,NA,NA,NA,NA,0,"local",FALSE,NA,NA,NA,NA,NA,NA,NA,NA,NA,NA
"MiFish_0000683","Eukaryota","Chordata","Actinopteri","Tetraodontiformes","Tetraodontidae","Sphoeroides","Sphoeroides annulatus",98.8235294117647,"168377","Sphoeroides annulatus",43,NA,NA,NA,NA,NA,NA,NA,NA,0,"global",FALSE,98.8235294117647,"global","Eukaryota","Chordata","Actinopteri","Tetraodontiformes","Tetraodontidae","Sphoeroides","Sphoeroides annulatus","Sphoeroides annulatus"
"MiFish_0000684",NA,NA,NA,NA,NA,NA,NA,0,"None",NA,10,NA,NA,NA,NA,NA,NA,NA,NA,0,"local",FALSE,NA,NA,NA,NA,NA,NA,NA,NA,NA,NA
"MiFish_0000685",NA,NA,NA,NA,NA,NA,NA,0,"None",NA,62,NA,NA,NA,NA,NA,NA,NA,NA,0,"local",FALSE,NA,NA,NA,NA,NA,NA,NA,NA,NA,NA
"MiFish_0000686",NA,NA,NA,NA,NA,NA,NA,0,"None",NA,25,NA,NA,NA,NA,NA,NA,NA,NA,0,"local",FALSE,NA,NA,NA,NA,NA,NA,NA,NA,NA,NA
"MiFish_0000687",NA,NA,NA,NA,NA,NA,NA,0,"None",NA,81,NA,NA,NA,NA,NA,NA,NA,NA,0,"local",FALSE,NA,NA,NA,NA,NA,NA,NA,NA,NA,NA
"MiFish_0000688",NA,NA,NA,NA,NA,NA,NA,0,"None",NA,19,NA,NA,NA,NA,NA,NA,NA,NA,0,"local",FALSE,NA,NA,NA,NA,NA,NA,NA,NA,NA,NA
"MiFish_0000689","Eukaryota","Chordata","Actinopteri","Perciformes","Serranidae","Mycteroperca","Mycteroperca bonaci",95.8823529411765,"153621","Mycteroperca bonaci",10,NA,NA,NA,NA,NA,NA,NA,NA,0,"global",FALSE,95.8823529411765,"global","Eukaryota","Chordata","Actinopteri","Perciformes","Serranidae","Mycteroperca","Mycteroperca bonaci","Mycteroperca bonaci"
"MiFish_0000690",NA,NA,NA,NA,NA,NA,NA,0,"None",NA,21,NA,NA,NA,NA,NA,NA,NA,NA,0,"local",FALSE,NA,NA,NA,NA,NA,NA,NA,NA,NA,NA
"MiFish_0000691",NA,NA,NA,NA,NA,NA,NA,0,"None",NA,42,NA,NA,NA,NA,NA,NA,NA,NA,0,"local",FALSE,NA,NA,NA,NA,NA,NA,NA,NA,NA,NA
"MiFish_0000692","Eukaryota","Chordata","Actinopteri","Mugiliformes","Mugilidae","Mugil","Mugil cephalus",97.0760233918129,"48193","Mugil cephalus",13,"d:Eukaryota,p:Chordata,c:Actinopteri,o:Mugiliformes,f:Mugilidae,g:Mugil,s:Mugil_cephalus","Eukaryota","Chordata","Actinopteri","Mugiliformes","Mugilidae","Mugil","Mugil cephalus",97.1,"local",FALSE,97.1,"local","Eukaryota","Chordata","Actinopteri","Mugiliformes","Mugilidae","Mugil","Mugil cephalus","Mugil cephalus"
"MiFish_0000693",NA,NA,NA,NA,NA,NA,NA,0,"None",NA,28,NA,NA,NA,NA,NA,NA,NA,NA,0,"local",FALSE,NA,NA,NA,NA,NA,NA,NA,NA,NA,NA
"MiFish_0000694",NA,NA,NA,NA,NA,NA,NA,0,"None",NA,242,NA,NA,NA,NA,NA,NA,NA,NA,0,"local",FALSE,NA,NA,NA,NA,NA,NA,NA,NA,NA,NA
"MiFish_0000695","Eukaryota","Chordata","Actinopteri","Labriformes","Labridae","Halichoeres","Halichoeres notospilus",100,"241298","Halichoeres notospilus",159,NA,NA,NA,NA,NA,NA,NA,NA,0,"global",FALSE,100,"global","Eukaryota","Chordata","Actinopteri","Labriformes","Labridae","Halichoeres","Halichoeres notospilus","Halichoeres notospilus"
"MiFish_0000696",NA,NA,NA,NA,NA,NA,NA,0,"None",NA,24,NA,NA,NA,NA,NA,NA,NA,NA,0,"local",FALSE,NA,NA,NA,NA,NA,NA,NA,NA,NA,NA
"MiFish_0000697",NA,NA,NA,NA,NA,NA,NA,0,"None",NA,4512,NA,NA,NA,NA,NA,NA,NA,NA,0,"local",FALSE,NA,NA,NA,NA,NA,NA,NA,NA,NA,NA
"MiFish_0000698","Eukaryota","Chordata","Actinopteri","Labriformes","Labridae","Halichoeres","Halichoeres dispilus",97.6047904191617,"317475","Halichoeres dispilus",151,NA,NA,NA,NA,NA,NA,NA,NA,0,"global",FALSE,97.6047904191617,"global","Eukaryota","Chordata","Actinopteri","Labriformes","Labridae","Halichoeres","Halichoeres dispilus","Halichoeres dispilus"
"MiFish_0000699",NA,NA,NA,NA,NA,NA,NA,0,"None",NA,11,NA,NA,NA,NA,NA,NA,NA,NA,0,"local",FALSE,NA,NA,NA,NA,NA,NA,NA,NA,NA,NA
"MiFish_0000700","Eukaryota","Chordata","Actinopteri","Beloniformes","Belonidae","Tylosurus","Tylosurus crocodilus",98.2248520710059,"129077","Tylosurus crocodilus",324,"d:Eukaryota,p:Chordata,c:Actinopteri,o:Beloniformes,f:Belonidae,g:Tylosurus,s:Tylosurus_crocodilus","Eukaryota","Chordata","Actinopteri","Beloniformes","Belonidae","Tylosurus","Tylosurus crocodilus",98.2,"global",TRUE,98.2248520710059,"lca_global_v_local","Eukaryota","Chordata","Actinopteri","Beloniformes","Belonidae","Tylosurus","Tylosurus crocodilus","Tylosurus crocodilus"
"MiFish_0000701","Eukaryota","Chordata","Actinopteri","Labriformes","Labridae","Halichoeres","Halichoeres nicholsi",100,"241297","Halichoeres nicholsi",2774,NA,NA,NA,NA,NA,NA,NA,NA,0,"global",FALSE,100,"global","Eukaryota","Chordata","Actinopteri","Labriformes","Labridae","Halichoeres","Halichoeres nicholsi","Halichoeres nicholsi"
"MiFish_0000702","Eukaryota","Chordata","Actinopteri",NA,"Pomacentridae","Stegastes","Stegastes arcifrons",99.4285714285714,"1350519","Stegastes arcifrons",109,NA,NA,NA,NA,NA,NA,NA,NA,0,"global",FALSE,99.4285714285714,"global","Eukaryota","Chordata","Actinopteri",NA,"Pomacentridae","Stegastes","Stegastes arcifrons","Stegastes arcifrons"
"MiFish_0000703","Eukaryota","Chordata","Actinopteri",NA,"Pomacentridae","Stegastes","Stegastes arcifrons",97.1590909090909,"1350519","Stegastes arcifrons",17,NA,NA,NA,NA,NA,NA,NA,NA,0,"global",FALSE,97.1590909090909,"global","Eukaryota","Chordata","Actinopteri",NA,"Pomacentridae","Stegastes","Stegastes arcifrons","Stegastes arcifrons"
"MiFish_0000704",NA,NA,NA,NA,NA,NA,NA,0,"None",NA,114,NA,NA,NA,NA,NA,NA,NA,NA,0,"local",FALSE,NA,NA,NA,NA,NA,NA,NA,NA,NA,NA
"MiFish_0000705","Eukaryota","Chordata","Actinopteri","Beloniformes","Hemiramphidae","Hyporhamphus","Hyporhamphus yuri",99.4082840236686,"2012922","Hyporhamphus yuri",10,NA,NA,NA,NA,NA,NA,NA,NA,0,"global",FALSE,99.4082840236686,"global","Eukaryota","Chordata","Actinopteri","Beloniformes","Hemiramphidae","Hyporhamphus","Hyporhamphus yuri","Hyporhamphus yuri"
"MiFish_0000706",NA,NA,NA,NA,NA,NA,NA,0,"None",NA,11,NA,NA,NA,NA,NA,NA,NA,NA,0,"local",FALSE,NA,NA,NA,NA,NA,NA,NA,NA,NA,NA
"MiFish_0000707","Eukaryota","Chordata","Actinopteri",NA,"Pomacentridae","Stegastes","Stegastes arcifrons",97.7272727272727,"1350519","Stegastes arcifrons",38,NA,NA,NA,NA,NA,NA,NA,NA,0,"global",FALSE,97.7272727272727,"global","Eukaryota","Chordata","Actinopteri",NA,"Pomacentridae","Stegastes","Stegastes arcifrons","Stegastes arcifrons"
"MiFish_0000708","Eukaryota","Chordata","Actinopteri",NA,"Pomacentridae","Stegastes","Stegastes arcifrons",99.4285714285714,"1350519","Stegastes arcifrons",39,NA,NA,NA,NA,NA,NA,NA,NA,0,"global",FALSE,99.4285714285714,"global","Eukaryota","Chordata","Actinopteri",NA,"Pomacentridae","Stegastes","Stegastes arcifrons","Stegastes arcifrons"
"MiFish_0000709","Eukaryota","Chordata","Actinopteri","Mugiliformes","Mugilidae","Mugil","Mugil thoburni",99.4117647058823,"1229150","Mugil thoburni",296,"d:Eukaryota,p:Chordata,c:Actinopteri,o:Mugiliformes,f:Mugilidae,g:Mugil,s:Mugil_thoburni","Eukaryota","Chordata","Actinopteri","Mugiliformes","Mugilidae","Mugil","Mugil thoburni",99.4,"global",TRUE,99.4117647058823,"lca_global_v_local","Eukaryota","Chordata","Actinopteri","Mugiliformes","Mugilidae","Mugil","Mugil thoburni","Mugil thoburni"
"MiFish_0000710",NA,NA,NA,NA,NA,NA,NA,0,"None",NA,10,NA,NA,NA,NA,NA,NA,NA,NA,0,"local",FALSE,NA,NA,NA,NA,NA,NA,NA,NA,NA,NA
"MiFish_0000711",NA,NA,NA,NA,NA,NA,NA,0,"None",NA,22,NA,NA,NA,NA,NA,NA,NA,NA,0,"local",FALSE,NA,NA,NA,NA,NA,NA,NA,NA,NA,NA
"MiFish_0000712","Eukaryota","Chordata","Actinopteri","Mugiliformes","Mugilidae","Mugil","Mugil thoburni",98.8235294117647,"1229150","Mugil thoburni",17,"d:Eukaryota,p:Chordata,c:Actinopteri,o:Mugiliformes,f:Mugilidae,g:Mugil,s:Mugil_thoburni","Eukaryota","Chordata","Actinopteri","Mugiliformes","Mugilidae","Mugil","Mugil thoburni",98.8,"global",TRUE,98.8235294117647,"lca_global_v_local","Eukaryota","Chordata","Actinopteri","Mugiliformes","Mugilidae","Mugil","Mugil thoburni","Mugil thoburni"
"MiFish_0000713","Eukaryota","Chordata","Actinopteri",NA,"Pomacentridae","Stegastes","Stegastes beebei",99.4285714285714,"1350520","Stegastes beebei",11,NA,NA,NA,NA,NA,NA,NA,NA,0,"global",FALSE,99.4285714285714,"global","Eukaryota","Chordata","Actinopteri",NA,"Pomacentridae","Stegastes","Stegastes beebei","Stegastes beebei"
"MiFish_0000714","Eukaryota","Chordata","Actinopteri",NA,"Pomacentridae","Stegastes","Stegastes beebei",99.4285714285714,"1350520","Stegastes beebei",29,NA,NA,NA,NA,NA,NA,NA,NA,0,"global",FALSE,99.4285714285714,"global","Eukaryota","Chordata","Actinopteri",NA,"Pomacentridae","Stegastes","Stegastes beebei","Stegastes beebei"
"MiFish_0000715","Eukaryota","Chordata","Actinopteri","Mugiliformes","Mugilidae","Mugil","Mugil thoburni",98.8235294117647,"1229150","Mugil thoburni",10,"d:Eukaryota,p:Chordata,c:Actinopteri,o:Mugiliformes,f:Mugilidae,g:Mugil,s:Mugil_thoburni","Eukaryota","Chordata","Actinopteri","Mugiliformes","Mugilidae","Mugil","Mugil thoburni",98.8,"global",TRUE,98.8235294117647,"lca_global_v_local","Eukaryota","Chordata","Actinopteri","Mugiliformes","Mugilidae","Mugil","Mugil thoburni","Mugil thoburni"
"MiFish_0000716","Eukaryota","Chordata","Actinopteri",NA,"Pomacentridae","Stegastes","Stegastes arcifrons",99.4285714285714,"1350519","Stegastes arcifrons",13,NA,NA,NA,NA,NA,NA,NA,NA,0,"global",FALSE,99.4285714285714,"global","Eukaryota","Chordata","Actinopteri",NA,"Pomacentridae","Stegastes","Stegastes arcifrons","Stegastes arcifrons"
"MiFish_0000717",NA,NA,NA,NA,NA,NA,NA,0,"None",NA,2087,NA,NA,NA,NA,NA,NA,NA,NA,0,"local",FALSE,NA,NA,NA,NA,NA,NA,NA,NA,NA,NA
"MiFish_0000718","Eukaryota","Chordata","Actinopteri","Mugiliformes","Mugilidae","Mugil","Mugil thoburni",95.8823529411765,"1229150","Mugil thoburni",20,"d:Eukaryota,p:Chordata,c:Actinopteri,o:Mugiliformes,f:Mugilidae,g:Mugil,s:Mugil_thoburni","Eukaryota","Chordata","Actinopteri","Mugiliformes","Mugilidae","Mugil","Mugil thoburni",95.9,"local",FALSE,95.9,"local","Eukaryota","Chordata","Actinopteri","Mugiliformes","Mugilidae","Mugil","Mugil thoburni","Mugil thoburni"
"MiFish_0000719",NA,NA,NA,NA,NA,NA,NA,0,"None",NA,39,NA,NA,NA,NA,NA,NA,NA,NA,0,"local",FALSE,NA,NA,NA,NA,NA,NA,NA,NA,NA,NA
"MiFish_0000720","Eukaryota","Chordata","Actinopteri","Mugiliformes","Mugilidae","Mugil","Mugil thoburni",99.4117647058823,"1229150","Mugil thoburni",484,"d:Eukaryota,p:Chordata,c:Actinopteri,o:Mugiliformes,f:Mugilidae,g:Mugil,s:Mugil_thoburni","Eukaryota","Chordata","Actinopteri","Mugiliformes","Mugilidae","Mugil","Mugil thoburni",99.4,"global",TRUE,99.4117647058823,"lca_global_v_local","Eukaryota","Chordata","Actinopteri","Mugiliformes","Mugilidae","Mugil","Mugil thoburni","Mugil thoburni"
"MiFish_0000721","Eukaryota","Chordata","Actinopteri","Mugiliformes","Mugilidae","Mugil","Mugil cephalus",96.4912280701754,"48193","Mugil cephalus",220,"d:Eukaryota,p:Chordata,c:Actinopteri,o:Mugiliformes,f:Mugilidae,g:Mugil,s:Mugil_cephalus","Eukaryota","Chordata","Actinopteri","Mugiliformes","Mugilidae","Mugil","Mugil cephalus",96.5,"local",FALSE,96.5,"local","Eukaryota","Chordata","Actinopteri","Mugiliformes","Mugilidae","Mugil","Mugil cephalus","Mugil cephalus"
"MiFish_0000722","Eukaryota","Chordata","Actinopteri","Mugiliformes","Mugilidae","Mugil",NA,97.6470588235294,"8190","Mugil",56,"d:Eukaryota,p:Chordata,c:Actinopteri,o:Mugiliformes,f:Mugilidae,g:Mugil,s:Mugil_thoburni","Eukaryota","Chordata","Actinopteri","Mugiliformes","Mugilidae","Mugil","Mugil thoburni",97.6,"global",TRUE,97.6470588235294,"lca_global_v_local","Eukaryota","Chordata","Actinopteri","Mugiliformes","Mugilidae","Mugil",NA,"Mugil"
"MiFish_0000723","Eukaryota","Chordata","Actinopteri","Tetraodontiformes","Tetraodontidae","Arothron",NA,100,"50368","Arothron",3675,"d:Eukaryota,p:Chordata,c:Actinopteri,o:Tetraodontiformes,f:Tetraodontidae,g:Arothron,s:Arothron_hispidus","Eukaryota","Chordata","Actinopteri","Tetraodontiformes","Tetraodontidae","Arothron","Arothron hispidus",100,"local",FALSE,100,"local","Eukaryota","Chordata","Actinopteri","Tetraodontiformes","Tetraodontidae","Arothron","Arothron hispidus","Arothron hispidus"
"MiFish_0000724",NA,NA,NA,NA,NA,NA,NA,0,"None",NA,54,NA,NA,NA,NA,NA,NA,NA,NA,0,"local",FALSE,NA,NA,NA,NA,NA,NA,NA,NA,NA,NA
"MiFish_0000725",NA,NA,NA,NA,NA,NA,NA,0,"None",NA,19,NA,NA,NA,NA,NA,NA,NA,NA,0,"local",FALSE,NA,NA,NA,NA,NA,NA,NA,NA,NA,NA
"MiFish_0000726",NA,NA,NA,NA,NA,NA,NA,0,"None",NA,22,NA,NA,NA,NA,NA,NA,NA,NA,0,"local",FALSE,NA,NA,NA,NA,NA,NA,NA,NA,NA,NA
"MiFish_0000727","Eukaryota","Chordata","Actinopteri","Centrarchiformes","Kyphosidae","Kyphosus",NA,100,"163142","Kyphosus",200,"d:Eukaryota,p:Chordata,c:Actinopteri,o:Centrarchiformes,f:Kyphosidae,g:Kyphosus,s:Kyphosus_vaigiensis","Eukaryota","Chordata","Actinopteri","Centrarchiformes","Kyphosidae","Kyphosus","Kyphosus vaigiensis",98.3,"global",TRUE,100,"lca_global_v_local","Eukaryota","Chordata","Actinopteri","Centrarchiformes","Kyphosidae","Kyphosus",NA,"Kyphosus"
"MiFish_0000728","Eukaryota","Chordata","Actinopteri","Mugiliformes","Mugilidae","Mugil","Mugil thoburni",96.4705882352941,"1229150","Mugil thoburni",289,"d:Eukaryota,p:Chordata,c:Actinopteri,o:Mugiliformes,f:Mugilidae,g:Mugil,s:Mugil_thoburni","Eukaryota","Chordata","Actinopteri","Mugiliformes","Mugilidae","Mugil","Mugil thoburni",96.5,"local",FALSE,96.5,"local","Eukaryota","Chordata","Actinopteri","Mugiliformes","Mugilidae","Mugil","Mugil thoburni","Mugil thoburni"
"MiFish_0000729","Eukaryota","Chordata","Actinopteri","Mugiliformes","Mugilidae","Mugil","Mugil cephalus",97.6608187134503,"48193","Mugil cephalus",13,"d:Eukaryota,p:Chordata,c:Actinopteri,o:Mugiliformes,f:Mugilidae,g:Mugil,s:Mugil_cephalus","Eukaryota","Chordata","Actinopteri","Mugiliformes","Mugilidae","Mugil","Mugil cephalus",100,"local",FALSE,100,"local","Eukaryota","Chordata","Actinopteri","Mugiliformes","Mugilidae","Mugil","Mugil cephalus","Mugil cephalus"
"MiFish_0000730",NA,NA,NA,NA,NA,NA,NA,0,"None",NA,73,NA,NA,NA,NA,NA,NA,NA,NA,0,"local",FALSE,NA,NA,NA,NA,NA,NA,NA,NA,NA,NA
"MiFish_0000731","Eukaryota","Chordata","Actinopteri","Mugiliformes","Mugilidae","Mugil","Mugil curema",95.3216374269006,"48194","Mugil curema",26,NA,NA,NA,NA,NA,NA,NA,NA,0,"global",FALSE,95.3216374269006,"global","Eukaryota","Chordata","Actinopteri","Mugiliformes","Mugilidae","Mugil","Mugil curema","Mugil curema"
"MiFish_0000732",NA,NA,NA,NA,NA,NA,NA,0,"None",NA,68,NA,NA,NA,NA,NA,NA,NA,NA,0,"local",FALSE,NA,NA,NA,NA,NA,NA,NA,NA,NA,NA
"MiFish_0000733","Eukaryota","Chordata","Actinopteri","Mugiliformes","Mugilidae","Mugil","Mugil cephalus",97.0760233918129,"48193","Mugil cephalus",46,"d:Eukaryota,p:Chordata,c:Actinopteri,o:Mugiliformes,f:Mugilidae,g:Mugil,s:Mugil_cephalus","Eukaryota","Chordata","Actinopteri","Mugiliformes","Mugilidae","Mugil","Mugil cephalus",97.1,"local",FALSE,97.1,"local","Eukaryota","Chordata","Actinopteri","Mugiliformes","Mugilidae","Mugil","Mugil cephalus","Mugil cephalus"
"MiFish_0000734",NA,NA,NA,NA,NA,NA,NA,0,"None",NA,19,NA,NA,NA,NA,NA,NA,NA,NA,0,"local",FALSE,NA,NA,NA,NA,NA,NA,NA,NA,NA,NA
"MiFish_0000735",NA,NA,NA,NA,NA,NA,NA,0,"None",NA,126,NA,NA,NA,NA,NA,NA,NA,NA,0,"local",FALSE,NA,NA,NA,NA,NA,NA,NA,NA,NA,NA
"MiFish_0000736",NA,NA,NA,NA,NA,NA,NA,0,"None",NA,28,NA,NA,NA,NA,NA,NA,NA,NA,0,"local",FALSE,NA,NA,NA,NA,NA,NA,NA,NA,NA,NA
"MiFish_0000737","Eukaryota","Chordata","Actinopteri","Mugiliformes","Mugilidae","Mugil","Mugil thoburni",98.235294117647,"1229150","Mugil thoburni",162,"d:Eukaryota,p:Chordata,c:Actinopteri,o:Mugiliformes,f:Mugilidae,g:Mugil,s:Mugil_thoburni","Eukaryota","Chordata","Actinopteri","Mugiliformes","Mugilidae","Mugil","Mugil thoburni",98.2,"global",TRUE,98.235294117647,"lca_global_v_local","Eukaryota","Chordata","Actinopteri","Mugiliformes","Mugilidae","Mugil","Mugil thoburni","Mugil thoburni"
"MiFish_0000738",NA,NA,NA,NA,NA,NA,NA,0,"None",NA,42,NA,NA,NA,NA,NA,NA,NA,NA,0,"local",FALSE,NA,NA,NA,NA,NA,NA,NA,NA,NA,NA
"MiFish_0000739","Eukaryota","Chordata","Actinopteri","Mugiliformes","Mugilidae","Mugil","Mugil cephalus",98.2456140350877,"48193","Mugil cephalus",28,"d:Eukaryota,p:Chordata,c:Actinopteri,o:Mugiliformes,f:Mugilidae,g:Mugil,s:Mugil_cephalus","Eukaryota","Chordata","Actinopteri","Mugiliformes","Mugilidae","Mugil","Mugil cephalus",98.2,"global",TRUE,98.2456140350877,"lca_global_v_local","Eukaryota","Chordata","Actinopteri","Mugiliformes","Mugilidae","Mugil","Mugil cephalus","Mugil cephalus"
"MiFish_0000740",NA,NA,NA,NA,NA,NA,NA,0,"None",NA,52,NA,NA,NA,NA,NA,NA,NA,NA,0,"local",FALSE,NA,NA,NA,NA,NA,NA,NA,NA,NA,NA
"MiFish_0000741","Eukaryota","Chordata","Actinopteri","Mugiliformes","Mugilidae","Mugil","Mugil cephalus",96.4912280701754,"48193","Mugil cephalus",46,"d:Eukaryota,p:Chordata,c:Actinopteri,o:Mugiliformes,f:Mugilidae,g:Mugil,s:Mugil_cephalus","Eukaryota","Chordata","Actinopteri","Mugiliformes","Mugilidae","Mugil","Mugil cephalus",96.5,"local",FALSE,96.5,"local","Eukaryota","Chordata","Actinopteri","Mugiliformes","Mugilidae","Mugil","Mugil cephalus","Mugil cephalus"
"MiFish_0000742",NA,NA,NA,NA,NA,NA,NA,0,"None",NA,224,NA,NA,NA,NA,NA,NA,NA,NA,0,"local",FALSE,NA,NA,NA,NA,NA,NA,NA,NA,NA,NA
"MiFish_0000743",NA,NA,NA,NA,NA,NA,NA,0,"None",NA,27,NA,NA,NA,NA,NA,NA,NA,NA,0,"local",FALSE,NA,NA,NA,NA,NA,NA,NA,NA,NA,NA
"MiFish_0000744",NA,NA,NA,NA,NA,NA,NA,0,"None",NA,789,NA,NA,NA,NA,NA,NA,NA,NA,0,"local",FALSE,NA,NA,NA,NA,NA,NA,NA,NA,NA,NA
"MiFish_0000745","Eukaryota","Chordata","Actinopteri","Mugiliformes","Mugilidae","Mugil","Mugil thoburni",97.0588235294118,"1229150","Mugil thoburni",80,"d:Eukaryota,p:Chordata,c:Actinopteri,o:Mugiliformes,f:Mugilidae,g:Mugil,s:Mugil_thoburni","Eukaryota","Chordata","Actinopteri","Mugiliformes","Mugilidae","Mugil","Mugil thoburni",97.1,"local",FALSE,97.1,"local","Eukaryota","Chordata","Actinopteri","Mugiliformes","Mugilidae","Mugil","Mugil thoburni","Mugil thoburni"
"MiFish_0000746",NA,NA,NA,NA,NA,NA,NA,0,"None",NA,885,NA,NA,NA,NA,NA,NA,NA,NA,0,"local",FALSE,NA,NA,NA,NA,NA,NA,NA,NA,NA,NA
"MiFish_0000747","Eukaryota","Chordata","Actinopteri","Mugiliformes","Mugilidae","Mugil","Mugil cephalus",97.6608187134503,"48193","Mugil cephalus",25,"d:Eukaryota,p:Chordata,c:Actinopteri,o:Mugiliformes,f:Mugilidae,g:Mugil,s:Mugil_cephalus","Eukaryota","Chordata","Actinopteri","Mugiliformes","Mugilidae","Mugil","Mugil cephalus",97.7,"local",FALSE,97.7,"local","Eukaryota","Chordata","Actinopteri","Mugiliformes","Mugilidae","Mugil","Mugil cephalus","Mugil cephalus"
"MiFish_0000748","Eukaryota","Chordata","Actinopteri","Tetraodontiformes","Diodontidae","Chilomycterus","Chilomycterus reticulatus",100,"388628","Chilomycterus reticulatus",181,NA,NA,NA,NA,NA,NA,NA,NA,0,"global",FALSE,100,"global","Eukaryota","Chordata","Actinopteri","Tetraodontiformes","Diodontidae","Chilomycterus","Chilomycterus reticulatus","Chilomycterus reticulatus"
"MiFish_0000749",NA,NA,NA,NA,NA,NA,NA,0,"None",NA,25,NA,NA,NA,NA,NA,NA,NA,NA,0,"local",FALSE,NA,NA,NA,NA,NA,NA,NA,NA,NA,NA
"MiFish_0000750","Eukaryota","Chordata","Actinopteri","Mugiliformes","Mugilidae","Mugil","Mugil thoburni",98.235294117647,"1229150","Mugil thoburni",15,"d:Eukaryota,p:Chordata,c:Actinopteri,o:Mugiliformes,f:Mugilidae,g:Mugil,s:Mugil_thoburni","Eukaryota","Chordata","Actinopteri","Mugiliformes","Mugilidae","Mugil","Mugil thoburni",98.2,"global",TRUE,98.235294117647,"lca_global_v_local","Eukaryota","Chordata","Actinopteri","Mugiliformes","Mugilidae","Mugil","Mugil thoburni","Mugil thoburni"
"MiFish_0000751","Eukaryota","Chordata","Actinopteri","Mugiliformes","Mugilidae","Mugil","Mugil cephalus",96.5116279069768,"48193","Mugil cephalus",123,"d:Eukaryota,p:Chordata,c:Actinopteri,o:Mugiliformes,f:Mugilidae,g:Mugil,s:Mugil_cephalus","Eukaryota","Chordata","Actinopteri","Mugiliformes","Mugilidae","Mugil","Mugil cephalus",96.5,"global",TRUE,96.5116279069768,"lca_global_v_local","Eukaryota","Chordata","Actinopteri","Mugiliformes","Mugilidae","Mugil","Mugil cephalus","Mugil cephalus"
"MiFish_0000752",NA,NA,NA,NA,NA,NA,NA,0,"None",NA,133,NA,NA,NA,NA,NA,NA,NA,NA,0,"local",FALSE,NA,NA,NA,NA,NA,NA,NA,NA,NA,NA
"MiFish_0000753",NA,NA,NA,NA,NA,NA,NA,0,"None",NA,27,NA,NA,NA,NA,NA,NA,NA,NA,0,"local",FALSE,NA,NA,NA,NA,NA,NA,NA,NA,NA,NA
"MiFish_0000754","Eukaryota","Chordata","Actinopteri","Mugiliformes","Mugilidae","Mugil","Mugil cephalus",97.6608187134503,"48193","Mugil cephalus",18,"d:Eukaryota,p:Chordata,c:Actinopteri,o:Mugiliformes,f:Mugilidae,g:Mugil,s:Mugil_cephalus","Eukaryota","Chordata","Actinopteri","Mugiliformes","Mugilidae","Mugil","Mugil cephalus",97.7,"local",FALSE,97.7,"local","Eukaryota","Chordata","Actinopteri","Mugiliformes","Mugilidae","Mugil","Mugil cephalus","Mugil cephalus"
"MiFish_0000755",NA,NA,NA,NA,NA,NA,NA,0,"None",NA,30,NA,NA,NA,NA,NA,NA,NA,NA,0,"local",FALSE,NA,NA,NA,NA,NA,NA,NA,NA,NA,NA
"MiFish_0000756",NA,NA,NA,NA,NA,NA,NA,0,"None",NA,26,NA,NA,NA,NA,NA,NA,NA,NA,0,"local",FALSE,NA,NA,NA,NA,NA,NA,NA,NA,NA,NA
"MiFish_0000757",NA,NA,NA,NA,NA,NA,NA,0,"None",NA,71,NA,NA,NA,NA,NA,NA,NA,NA,0,"local",FALSE,NA,NA,NA,NA,NA,NA,NA,NA,NA,NA
"MiFish_0000758",NA,NA,NA,NA,NA,NA,NA,0,"None",NA,22,NA,NA,NA,NA,NA,NA,NA,NA,0,"local",FALSE,NA,NA,NA,NA,NA,NA,NA,NA,NA,NA
"MiFish_0000759",NA,NA,NA,NA,NA,NA,NA,0,"None",NA,62,NA,NA,NA,NA,NA,NA,NA,NA,0,"local",FALSE,NA,NA,NA,NA,NA,NA,NA,NA,NA,NA
"MiFish_0000760","Eukaryota","Chordata","Actinopteri","Mugiliformes","Mugilidae","Mugil","Mugil cephalus",97.6608187134503,"48193","Mugil cephalus",18,"d:Eukaryota,p:Chordata,c:Actinopteri,o:Mugiliformes,f:Mugilidae,g:Mugil,s:Mugil_cephalus","Eukaryota","Chordata","Actinopteri","Mugiliformes","Mugilidae","Mugil","Mugil cephalus",97.7,"local",FALSE,97.7,"local","Eukaryota","Chordata","Actinopteri","Mugiliformes","Mugilidae","Mugil","Mugil cephalus","Mugil cephalus"
"MiFish_0000761",NA,NA,NA,NA,NA,NA,NA,0,"None",NA,103,NA,NA,NA,NA,NA,NA,NA,NA,0,"local",FALSE,NA,NA,NA,NA,NA,NA,NA,NA,NA,NA
"MiFish_0000762","Eukaryota","Chordata","Actinopteri","Mugiliformes","Mugilidae","Mugil","Mugil thoburni",95.2941176470588,"1229150","Mugil thoburni",15,"d:Eukaryota,p:Chordata,c:Actinopteri,o:Mugiliformes,f:Mugilidae,g:Mugil,s:Mugil_thoburni","Eukaryota","Chordata","Actinopteri","Mugiliformes","Mugilidae","Mugil","Mugil thoburni",95.3,"local",FALSE,95.3,"local","Eukaryota","Chordata","Actinopteri","Mugiliformes","Mugilidae","Mugil","Mugil thoburni","Mugil thoburni"
"MiFish_0000763",NA,NA,NA,NA,NA,NA,NA,0,"None",NA,77,NA,NA,NA,NA,NA,NA,NA,NA,0,"local",FALSE,NA,NA,NA,NA,NA,NA,NA,NA,NA,NA
"MiFish_0000764","Eukaryota","Chordata","Actinopteri","Mugiliformes","Mugilidae","Mugil","Mugil thoburni",96.4705882352941,"1229150","Mugil thoburni",130,"d:Eukaryota,p:Chordata,c:Actinopteri,o:Mugiliformes,f:Mugilidae,g:Mugil,s:Mugil_thoburni","Eukaryota","Chordata","Actinopteri","Mugiliformes","Mugilidae","Mugil","Mugil thoburni",96.5,"local",FALSE,96.5,"local","Eukaryota","Chordata","Actinopteri","Mugiliformes","Mugilidae","Mugil","Mugil thoburni","Mugil thoburni"
"MiFish_0000765","Eukaryota","Chordata","Actinopteri","Tetraodontiformes","Tetraodontidae","Sphoeroides","Sphoeroides annulatus",95.906432748538,"168377","Sphoeroides annulatus",26,NA,NA,NA,NA,NA,NA,NA,NA,0,"global",FALSE,95.906432748538,"global","Eukaryota","Chordata","Actinopteri","Tetraodontiformes","Tetraodontidae","Sphoeroides","Sphoeroides annulatus","Sphoeroides annulatus"
"MiFish_0000766","Eukaryota","Chordata","Actinopteri","Mugiliformes","Mugilidae","Mugil","Mugil cephalus",95.906432748538,"48193","Mugil cephalus",38,"d:Eukaryota,p:Chordata,c:Actinopteri,o:Mugiliformes,f:Mugilidae,g:Mugil,s:Mugil_cephalus","Eukaryota","Chordata","Actinopteri","Mugiliformes","Mugilidae","Mugil","Mugil cephalus",95.9,"global",TRUE,95.906432748538,"lca_global_v_local","Eukaryota","Chordata","Actinopteri","Mugiliformes","Mugilidae","Mugil","Mugil cephalus","Mugil cephalus"
"MiFish_0000767","Eukaryota","Chordata","Actinopteri",NA,"Pomacentridae","Stegastes","Stegastes arcifrons",96.0227272727273,"1350519","Stegastes arcifrons",14,NA,NA,NA,NA,NA,NA,NA,NA,0,"global",FALSE,96.0227272727273,"global","Eukaryota","Chordata","Actinopteri",NA,"Pomacentridae","Stegastes","Stegastes arcifrons","Stegastes arcifrons"
"MiFish_0000768","Eukaryota","Chordata","Actinopteri","Anguilliformes","Muraenidae","Muraena","Muraena lentiginosa",99.4082840236686,"1232744","Muraena lentiginosa",4968,NA,NA,NA,NA,NA,NA,NA,NA,0,"global",FALSE,99.4082840236686,"global","Eukaryota","Chordata","Actinopteri","Anguilliformes","Muraenidae","Muraena","Muraena lentiginosa","Muraena lentiginosa"
"MiFish_0000769","Eukaryota","Chordata","Actinopteri","Spariformes","Sparidae","Archosargus","Archosargus rhomboidalis",96.4705882352941,"722560","Archosargus rhomboidalis",64,NA,NA,NA,NA,NA,NA,NA,NA,0,"global",FALSE,96.4705882352941,"global","Eukaryota","Chordata","Actinopteri","Spariformes","Sparidae","Archosargus","Archosargus rhomboidalis","Archosargus rhomboidalis"
"MiFish_0000770",NA,NA,NA,NA,NA,NA,NA,0,"None",NA,38,NA,NA,NA,NA,NA,NA,NA,NA,0,"local",FALSE,NA,NA,NA,NA,NA,NA,NA,NA,NA,NA
"MiFish_0000771",NA,NA,NA,NA,NA,NA,NA,0,"None",NA,14,NA,NA,NA,NA,NA,NA,NA,NA,0,"local",FALSE,NA,NA,NA,NA,NA,NA,NA,NA,NA,NA
"MiFish_0000772","Eukaryota","Chordata","Actinopteri","Labriformes","Labridae","Halichoeres","Halichoeres nicholsi",98.8165680473373,"241297","Halichoeres nicholsi",20,NA,NA,NA,NA,NA,NA,NA,NA,0,"global",FALSE,98.8165680473373,"global","Eukaryota","Chordata","Actinopteri","Labriformes","Labridae","Halichoeres","Halichoeres nicholsi","Halichoeres nicholsi"
"MiFish_0000773",NA,NA,NA,NA,NA,NA,NA,0,"None",NA,12,NA,NA,NA,NA,NA,NA,NA,NA,0,"local",FALSE,NA,NA,NA,NA,NA,NA,NA,NA,NA,NA
"MiFish_0000774",NA,NA,NA,NA,NA,NA,NA,0,"None",NA,97,NA,NA,NA,NA,NA,NA,NA,NA,0,"local",FALSE,NA,NA,NA,NA,NA,NA,NA,NA,NA,NA
"MiFish_0000775","Eukaryota","Chordata","Actinopteri",NA,"Pomacentridae","Stegastes","Stegastes beebei",99.4285714285714,"1350520","Stegastes beebei",79,NA,NA,NA,NA,NA,NA,NA,NA,0,"global",FALSE,99.4285714285714,"global","Eukaryota","Chordata","Actinopteri",NA,"Pomacentridae","Stegastes","Stegastes beebei","Stegastes beebei"
"MiFish_0000776","Eukaryota","Chordata","Actinopteri",NA,"Pomacentridae","Stegastes","Stegastes beebei",99.4285714285714,"1350520","Stegastes beebei",10,NA,NA,NA,NA,NA,NA,NA,NA,0,"global",FALSE,99.4285714285714,"global","Eukaryota","Chordata","Actinopteri",NA,"Pomacentridae","Stegastes","Stegastes beebei","Stegastes beebei"
"MiFish_0000777","Eukaryota","Chordata","Actinopteri",NA,"Pomacentridae","Stegastes","Stegastes arcifrons",99.4285714285714,"1350519","Stegastes arcifrons",18,NA,NA,NA,NA,NA,NA,NA,NA,0,"global",FALSE,99.4285714285714,"global","Eukaryota","Chordata","Actinopteri",NA,"Pomacentridae","Stegastes","Stegastes arcifrons","Stegastes arcifrons"
"MiFish_0000778",NA,NA,NA,NA,NA,NA,NA,0,"None",NA,127,NA,NA,NA,NA,NA,NA,NA,NA,0,"local",FALSE,NA,NA,NA,NA,NA,NA,NA,NA,NA,NA
"MiFish_0000779",NA,NA,NA,NA,NA,NA,NA,0,"None",NA,11,NA,NA,NA,NA,NA,NA,NA,NA,0,"local",FALSE,NA,NA,NA,NA,NA,NA,NA,NA,NA,NA
"MiFish_0000780","Eukaryota","Chordata","Actinopteri","Mugiliformes","Mugilidae","Mugil","Mugil cephalus",98.2558139534884,"48193","Mugil cephalus",21,"d:Eukaryota,p:Chordata,c:Actinopteri,o:Mugiliformes,f:Mugilidae,g:Mugil,s:Mugil_cephalus","Eukaryota","Chordata","Actinopteri","Mugiliformes","Mugilidae","Mugil","Mugil cephalus",98.3,"local",FALSE,98.3,"local","Eukaryota","Chordata","Actinopteri","Mugiliformes","Mugilidae","Mugil","Mugil cephalus","Mugil cephalus"
"MiFish_0000781","Eukaryota","Chordata","Actinopteri","Mugiliformes","Mugilidae","Mugil","Mugil thoburni",97.6608187134503,"1229150","Mugil thoburni",58,"d:Eukaryota,p:Chordata,c:Actinopteri,o:Mugiliformes,f:Mugilidae,g:Mugil,s:Mugil_thoburni","Eukaryota","Chordata","Actinopteri","Mugiliformes","Mugilidae","Mugil","Mugil thoburni",97.6,"global",TRUE,97.6608187134503,"lca_global_v_local","Eukaryota","Chordata","Actinopteri","Mugiliformes","Mugilidae","Mugil","Mugil thoburni","Mugil thoburni"
"MiFish_0000782","Eukaryota","Chordata","Actinopteri","Gerreiformes","Gerreidae","Eucinostomus","Eucinostomus melanopterus",95.3488372093023,"332418","Eucinostomus melanopterus",10,NA,NA,NA,NA,NA,NA,NA,NA,0,"global",FALSE,95.3488372093023,"global","Eukaryota","Chordata","Actinopteri","Gerreiformes","Gerreidae","Eucinostomus","Eucinostomus melanopterus","Eucinostomus melanopterus"
"MiFish_0000783","Eukaryota","Chordata","Actinopteri","Mugiliformes","Mugilidae","Mugil","Mugil thoburni",98.8235294117647,"1229150","Mugil thoburni",18,"d:Eukaryota,p:Chordata,c:Actinopteri,o:Mugiliformes,f:Mugilidae,g:Mugil,s:Mugil_thoburni","Eukaryota","Chordata","Actinopteri","Mugiliformes","Mugilidae","Mugil","Mugil thoburni",98.8,"global",TRUE,98.8235294117647,"lca_global_v_local","Eukaryota","Chordata","Actinopteri","Mugiliformes","Mugilidae","Mugil","Mugil thoburni","Mugil thoburni"
"MiFish_0000784",NA,NA,NA,NA,NA,NA,NA,0,"None",NA,12,NA,NA,NA,NA,NA,NA,NA,NA,0,"local",FALSE,NA,NA,NA,NA,NA,NA,NA,NA,NA,NA
"MiFish_0000785","Eukaryota","Chordata","Actinopteri","Mugiliformes","Mugilidae","Mugil",NA,98.235294117647,"8190","Mugil",14,"d:Eukaryota,p:Chordata,c:Actinopteri,o:Mugiliformes,f:Mugilidae,g:Mugil,s:Mugil_thoburni","Eukaryota","Chordata","Actinopteri","Mugiliformes","Mugilidae","Mugil","Mugil thoburni",98.2,"global",TRUE,98.235294117647,"lca_global_v_local","Eukaryota","Chordata","Actinopteri","Mugiliformes","Mugilidae","Mugil",NA,"Mugil"
"MiFish_0000786",NA,NA,NA,NA,NA,NA,NA,0,"None",NA,30,NA,NA,NA,NA,NA,NA,NA,NA,0,"local",FALSE,NA,NA,NA,NA,NA,NA,NA,NA,NA,NA
"MiFish_0000787",NA,NA,NA,NA,NA,NA,NA,0,"None",NA,20,NA,NA,NA,NA,NA,NA,NA,NA,0,"local",FALSE,NA,NA,NA,NA,NA,NA,NA,NA,NA,NA
"MiFish_0000788",NA,NA,NA,NA,NA,NA,NA,0,"None",NA,16,NA,NA,NA,NA,NA,NA,NA,NA,0,"local",FALSE,NA,NA,NA,NA,NA,NA,NA,NA,NA,NA
"MiFish_0000789",NA,NA,NA,NA,NA,NA,NA,0,"None",NA,12,NA,NA,NA,NA,NA,NA,NA,NA,0,"local",FALSE,NA,NA,NA,NA,NA,NA,NA,NA,NA,NA
"MiFish_0000790",NA,NA,NA,NA,NA,NA,NA,0,"None",NA,34,NA,NA,NA,NA,NA,NA,NA,NA,0,"local",FALSE,NA,NA,NA,NA,NA,NA,NA,NA,NA,NA
"MiFish_0000791","Eukaryota","Chordata","Actinopteri","Mugiliformes","Mugilidae","Mugil","Mugil cephalus",95.3216374269006,"48193","Mugil cephalus",10,"d:Eukaryota,p:Chordata,c:Actinopteri,o:Mugiliformes,f:Mugilidae,g:Mugil,s:Mugil_cephalus","Eukaryota","Chordata","Actinopteri","Mugiliformes","Mugilidae","Mugil","Mugil cephalus",95.3,"global",TRUE,95.3216374269006,"lca_global_v_local","Eukaryota","Chordata","Actinopteri","Mugiliformes","Mugilidae","Mugil","Mugil cephalus","Mugil cephalus"
"MiFish_0000792",NA,NA,NA,NA,NA,NA,NA,0,"None",NA,21,NA,NA,NA,NA,NA,NA,NA,NA,0,"local",FALSE,NA,NA,NA,NA,NA,NA,NA,NA,NA,NA
"MiFish_0000793",NA,NA,NA,NA,NA,NA,NA,0,"None",NA,19,NA,NA,NA,NA,NA,NA,NA,NA,0,"local",FALSE,NA,NA,NA,NA,NA,NA,NA,NA,NA,NA
"MiFish_0000794",NA,NA,NA,NA,NA,NA,NA,0,"None",NA,14,NA,NA,NA,NA,NA,NA,NA,NA,0,"local",FALSE,NA,NA,NA,NA,NA,NA,NA,NA,NA,NA
"MiFish_0000795","Eukaryota","Chordata","Actinopteri","Gerreiformes","Gerreidae","Eucinostomus","Eucinostomus melanopterus",95.9302325581395,"332418","Eucinostomus melanopterus",10,NA,NA,NA,NA,NA,NA,NA,NA,0,"global",FALSE,95.9302325581395,"global","Eukaryota","Chordata","Actinopteri","Gerreiformes","Gerreidae","Eucinostomus","Eucinostomus melanopterus","Eucinostomus melanopterus"
"MiFish_0000796","Eukaryota","Chordata","Actinopteri","Tetraodontiformes","Tetraodontidae","Sphoeroides","Sphoeroides annulatus",97.6608187134503,"168377","Sphoeroides annulatus",46,NA,NA,NA,NA,NA,NA,NA,NA,0,"global",FALSE,97.6608187134503,"global","Eukaryota","Chordata","Actinopteri","Tetraodontiformes","Tetraodontidae","Sphoeroides","Sphoeroides annulatus","Sphoeroides annulatus"
"MiFish_0000797","Eukaryota","Chordata","Actinopteri","Mugiliformes","Mugilidae","Mugil","Mugil thoburni",99.4117647058823,"1229150","Mugil thoburni",13,"d:Eukaryota,p:Chordata,c:Actinopteri,o:Mugiliformes,f:Mugilidae,g:Mugil,s:Mugil_thoburni","Eukaryota","Chordata","Actinopteri","Mugiliformes","Mugilidae","Mugil","Mugil thoburni",99.4,"global",TRUE,99.4117647058823,"lca_global_v_local","Eukaryota","Chordata","Actinopteri","Mugiliformes","Mugilidae","Mugil","Mugil thoburni","Mugil thoburni"
"MiFish_0000798",NA,NA,NA,NA,NA,NA,NA,0,"None",NA,20,NA,NA,NA,NA,NA,NA,NA,NA,0,"local",FALSE,NA,NA,NA,NA,NA,NA,NA,NA,NA,NA
"MiFish_0000799",NA,NA,NA,NA,NA,NA,NA,0,"None",NA,90,NA,NA,NA,NA,NA,NA,NA,NA,0,"local",FALSE,NA,NA,NA,NA,NA,NA,NA,NA,NA,NA
"MiFish_0000800",NA,NA,NA,NA,NA,NA,NA,0,"None",NA,30,NA,NA,NA,NA,NA,NA,NA,NA,0,"local",FALSE,NA,NA,NA,NA,NA,NA,NA,NA,NA,NA
"MiFish_0000801","Eukaryota","Chordata","Actinopteri","Gerreiformes","Gerreidae","Eucinostomus","Eucinostomus melanopterus",95.3488372093023,"332418","Eucinostomus melanopterus",13,NA,NA,NA,NA,NA,NA,NA,NA,0,"global",FALSE,95.3488372093023,"global","Eukaryota","Chordata","Actinopteri","Gerreiformes","Gerreidae","Eucinostomus","Eucinostomus melanopterus","Eucinostomus melanopterus"
"MiFish_0000802",NA,NA,NA,NA,NA,NA,NA,0,"None",NA,26,NA,NA,NA,NA,NA,NA,NA,NA,0,"local",FALSE,NA,NA,NA,NA,NA,NA,NA,NA,NA,NA
"MiFish_0000803",NA,NA,NA,NA,NA,NA,NA,0,"None",NA,16,NA,NA,NA,NA,NA,NA,NA,NA,0,"local",FALSE,NA,NA,NA,NA,NA,NA,NA,NA,NA,NA
"MiFish_0000804","Eukaryota","Chordata","Actinopteri","Mugiliformes","Mugilidae","Mugil","Mugil thoburni",98.235294117647,"1229150","Mugil thoburni",18,"d:Eukaryota,p:Chordata,c:Actinopteri,o:Mugiliformes,f:Mugilidae,g:Mugil,s:Mugil_thoburni","Eukaryota","Chordata","Actinopteri","Mugiliformes","Mugilidae","Mugil","Mugil thoburni",100,"local",FALSE,100,"local","Eukaryota","Chordata","Actinopteri","Mugiliformes","Mugilidae","Mugil","Mugil thoburni","Mugil thoburni"
"MiFish_0000805","Eukaryota","Chordata","Actinopteri","Mugiliformes","Mugilidae","Mugil","Mugil thoburni",99.4117647058823,"1229150","Mugil thoburni",125,"d:Eukaryota,p:Chordata,c:Actinopteri,o:Mugiliformes,f:Mugilidae,g:Mugil,s:Mugil_thoburni","Eukaryota","Chordata","Actinopteri","Mugiliformes","Mugilidae","Mugil","Mugil thoburni",99.4,"global",TRUE,99.4117647058823,"lca_global_v_local","Eukaryota","Chordata","Actinopteri","Mugiliformes","Mugilidae","Mugil","Mugil thoburni","Mugil thoburni"
"MiFish_0000806",NA,NA,NA,NA,NA,NA,NA,0,"None",NA,10,NA,NA,NA,NA,NA,NA,NA,NA,0,"local",FALSE,NA,NA,NA,NA,NA,NA,NA,NA,NA,NA
"MiFish_0000807",NA,NA,NA,NA,NA,NA,NA,0,"None",NA,11,NA,NA,NA,NA,NA,NA,NA,NA,0,"local",FALSE,NA,NA,NA,NA,NA,NA,NA,NA,NA,NA
"MiFish_0000808","Eukaryota","Chordata","Actinopteri","Mugiliformes","Mugilidae","Mugil","Mugil cephalus",99.4152046783626,"48193","Mugil cephalus",10,"d:Eukaryota,p:Chordata,c:Actinopteri,o:Mugiliformes,f:Mugilidae,g:Mugil,s:Mugil_cephalus","Eukaryota","Chordata","Actinopteri","Mugiliformes","Mugilidae","Mugil","Mugil cephalus",99.4,"global",TRUE,99.4152046783626,"lca_global_v_local","Eukaryota","Chordata","Actinopteri","Mugiliformes","Mugilidae","Mugil","Mugil cephalus","Mugil cephalus"
"MiFish_0000809","Eukaryota","Chordata","Actinopteri","Labriformes","Labridae","Thalassoma","Thalassoma lucasanum",99.4011976047904,"239048","Thalassoma lucasanum",159,NA,NA,NA,NA,NA,NA,NA,NA,0,"global",FALSE,99.4011976047904,"global","Eukaryota","Chordata","Actinopteri","Labriformes","Labridae","Thalassoma","Thalassoma lucasanum","Thalassoma lucasanum"
"MiFish_0000810",NA,NA,NA,NA,NA,NA,NA,0,"None",NA,52,NA,NA,NA,NA,NA,NA,NA,NA,0,"local",FALSE,NA,NA,NA,NA,NA,NA,NA,NA,NA,NA
"MiFish_0000811","Eukaryota","Chordata","Actinopteri",NA,"Pomacentridae","Stegastes","Stegastes arcifrons",98.8571428571428,"1350519","Stegastes arcifrons",10,NA,NA,NA,NA,NA,NA,NA,NA,0,"global",FALSE,98.8571428571428,"global","Eukaryota","Chordata","Actinopteri",NA,"Pomacentridae","Stegastes","Stegastes arcifrons","Stegastes arcifrons"
"MiFish_0000812",NA,NA,NA,NA,NA,NA,NA,0,"None",NA,14,NA,NA,NA,NA,NA,NA,NA,NA,0,"local",FALSE,NA,NA,NA,NA,NA,NA,NA,NA,NA,NA
"MiFish_0000813","Eukaryota","Chordata","Actinopteri","Blenniiformes","Blenniidae","Plagiotremus","Plagiotremus tapeinosoma",99.4047619047619,"879520","Plagiotremus tapeinosoma",24,NA,NA,NA,NA,NA,NA,NA,NA,0,"global",FALSE,99.4047619047619,"global","Eukaryota","Chordata","Actinopteri","Blenniiformes","Blenniidae","Plagiotremus","Plagiotremus tapeinosoma","Plagiotremus tapeinosoma"
"MiFish_0000814",NA,NA,NA,NA,NA,NA,NA,0,"None",NA,28,NA,NA,NA,NA,NA,NA,NA,NA,0,"local",FALSE,NA,NA,NA,NA,NA,NA,NA,NA,NA,NA
"MiFish_0000815","Eukaryota","Chordata","Actinopteri","Blenniiformes","Blenniidae","Plagiotremus","Plagiotremus tapeinosoma",100,"879520","Plagiotremus tapeinosoma",397,NA,NA,NA,NA,NA,NA,NA,NA,0,"global",FALSE,100,"global","Eukaryota","Chordata","Actinopteri","Blenniiformes","Blenniidae","Plagiotremus","Plagiotremus tapeinosoma","Plagiotremus tapeinosoma"
"MiFish_0000816",NA,NA,NA,NA,NA,NA,NA,0,"None",NA,21,NA,NA,NA,NA,NA,NA,NA,NA,0,"local",FALSE,NA,NA,NA,NA,NA,NA,NA,NA,NA,NA
"MiFish_0000817",NA,NA,NA,NA,NA,NA,NA,0,"None",NA,64,NA,NA,NA,NA,NA,NA,NA,NA,0,"local",FALSE,NA,NA,NA,NA,NA,NA,NA,NA,NA,NA
"MiFish_0000818",NA,NA,NA,NA,NA,NA,NA,0,"None",NA,31,NA,NA,NA,NA,NA,NA,NA,NA,0,"local",FALSE,NA,NA,NA,NA,NA,NA,NA,NA,NA,NA
"MiFish_0000819",NA,NA,NA,NA,NA,NA,NA,0,"None",NA,23,NA,NA,NA,NA,NA,NA,NA,NA,0,"local",FALSE,NA,NA,NA,NA,NA,NA,NA,NA,NA,NA
"MiFish_0000820",NA,NA,NA,NA,NA,NA,NA,0,"None",NA,128,NA,NA,NA,NA,NA,NA,NA,NA,0,"local",FALSE,NA,NA,NA,NA,NA,NA,NA,NA,NA,NA
"MiFish_0000821","Eukaryota","Chordata","Actinopteri","Labriformes","Labridae","Bodianus","Bodianus diplotaenia",99.4117647058823,"1182146","Bodianus diplotaenia",19,NA,NA,NA,NA,NA,NA,NA,NA,0,"global",FALSE,99.4117647058823,"global","Eukaryota","Chordata","Actinopteri","Labriformes","Labridae","Bodianus","Bodianus diplotaenia","Bodianus diplotaenia"
"MiFish_0000822",NA,NA,NA,NA,NA,NA,NA,0,"None",NA,12,NA,NA,NA,NA,NA,NA,NA,NA,0,"local",FALSE,NA,NA,NA,NA,NA,NA,NA,NA,NA,NA
"MiFish_0000823",NA,NA,NA,NA,NA,NA,NA,0,"None",NA,46,NA,NA,NA,NA,NA,NA,NA,NA,0,"local",FALSE,NA,NA,NA,NA,NA,NA,NA,NA,NA,NA
"MiFish_0000824",NA,NA,NA,NA,NA,NA,NA,0,"None",NA,11,NA,NA,NA,NA,NA,NA,NA,NA,0,"local",FALSE,NA,NA,NA,NA,NA,NA,NA,NA,NA,NA
"MiFish_0000825",NA,NA,NA,NA,NA,NA,NA,0,"None",NA,11,NA,NA,NA,NA,NA,NA,NA,NA,0,"local",FALSE,NA,NA,NA,NA,NA,NA,NA,NA,NA,NA
"MiFish_0000826","Eukaryota","Chordata","Actinopteri","Perciformes","Serranidae","Mycteroperca","Mycteroperca bonaci",95.8579881656805,"153621","Mycteroperca bonaci",13,NA,NA,NA,NA,NA,NA,NA,NA,0,"global",FALSE,95.8579881656805,"global","Eukaryota","Chordata","Actinopteri","Perciformes","Serranidae","Mycteroperca","Mycteroperca bonaci","Mycteroperca bonaci"
"MiFish_0000827","Eukaryota","Chordata","Actinopteri","Mugiliformes","Mugilidae","Mugil","Mugil thoburni",97.6608187134503,"1229150","Mugil thoburni",10,"d:Eukaryota,p:Chordata,c:Actinopteri,o:Mugiliformes,f:Mugilidae,g:Mugil,s:Mugil_thoburni","Eukaryota","Chordata","Actinopteri","Mugiliformes","Mugilidae","Mugil","Mugil thoburni",97.7,"local",FALSE,97.7,"local","Eukaryota","Chordata","Actinopteri","Mugiliformes","Mugilidae","Mugil","Mugil thoburni","Mugil thoburni"
"MiFish_0000828",NA,NA,NA,NA,NA,NA,NA,0,"None",NA,10,NA,NA,NA,NA,NA,NA,NA,NA,0,"local",FALSE,NA,NA,NA,NA,NA,NA,NA,NA,NA,NA
"MiFish_0000829",NA,NA,NA,NA,NA,NA,NA,0,"None",NA,16,NA,NA,NA,NA,NA,NA,NA,NA,0,"local",FALSE,NA,NA,NA,NA,NA,NA,NA,NA,NA,NA
"MiFish_0000830",NA,NA,NA,NA,NA,NA,NA,0,"None",NA,49,NA,NA,NA,NA,NA,NA,NA,NA,0,"local",FALSE,NA,NA,NA,NA,NA,NA,NA,NA,NA,NA
"MiFish_0000831",NA,NA,NA,NA,NA,NA,NA,0,"None",NA,14,NA,NA,NA,NA,NA,NA,NA,NA,0,"local",FALSE,NA,NA,NA,NA,NA,NA,NA,NA,NA,NA
"MiFish_0000832",NA,NA,NA,NA,NA,NA,NA,0,"None",NA,31,NA,NA,NA,NA,NA,NA,NA,NA,0,"local",FALSE,NA,NA,NA,NA,NA,NA,NA,NA,NA,NA
"MiFish_0000833",NA,NA,NA,NA,NA,NA,NA,0,"None",NA,10,NA,NA,NA,NA,NA,NA,NA,NA,0,"local",FALSE,NA,NA,NA,NA,NA,NA,NA,NA,NA,NA
"MiFish_0000834",NA,NA,NA,NA,NA,NA,NA,0,"None",NA,68,NA,NA,NA,NA,NA,NA,NA,NA,0,"local",FALSE,NA,NA,NA,NA,NA,NA,NA,NA,NA,NA
"MiFish_0000835",NA,NA,NA,NA,NA,NA,NA,0,"None",NA,37,NA,NA,NA,NA,NA,NA,NA,NA,0,"local",FALSE,NA,NA,NA,NA,NA,NA,NA,NA,NA,NA
"MiFish_0000836",NA,NA,NA,NA,NA,NA,NA,0,"None",NA,32,NA,NA,NA,NA,NA,NA,NA,NA,0,"local",FALSE,NA,NA,NA,NA,NA,NA,NA,NA,NA,NA
"MiFish_0000837",NA,NA,NA,NA,NA,NA,NA,0,"None",NA,16,NA,NA,NA,NA,NA,NA,NA,NA,0,"local",FALSE,NA,NA,NA,NA,NA,NA,NA,NA,NA,NA
"MiFish_0000838","Eukaryota","Chordata","Actinopteri","Lutjaniformes","Haemulidae","Orthopristis","Orthopristis chrysoptera",97.6331360946746,"482919","Orthopristis chrysoptera",15,NA,NA,NA,NA,NA,NA,NA,NA,0,"global",FALSE,97.6331360946746,"global","Eukaryota","Chordata","Actinopteri","Lutjaniformes","Haemulidae","Orthopristis","Orthopristis chrysoptera","Orthopristis chrysoptera"
"MiFish_0000839","Eukaryota","Chordata","Actinopteri","Mugiliformes","Mugilidae","Mugil","Mugil cephalus",97.6608187134503,"48193","Mugil cephalus",16,"d:Eukaryota,p:Chordata,c:Actinopteri,o:Mugiliformes,f:Mugilidae,g:Mugil,s:Mugil_cephalus","Eukaryota","Chordata","Actinopteri","Mugiliformes","Mugilidae","Mugil","Mugil cephalus",97.7,"local",FALSE,97.7,"local","Eukaryota","Chordata","Actinopteri","Mugiliformes","Mugilidae","Mugil","Mugil cephalus","Mugil cephalus"
"MiFish_0000840",NA,NA,NA,NA,NA,NA,NA,0,"None",NA,57,NA,NA,NA,NA,NA,NA,NA,NA,0,"local",FALSE,NA,NA,NA,NA,NA,NA,NA,NA,NA,NA
"MiFish_0000841","Eukaryota","Chordata","Actinopteri","Lutjaniformes","Lutjanidae","Lutjanus",NA,98.2248520710059,"40493","Lutjanus",10,NA,NA,NA,NA,NA,NA,NA,NA,0,"global",FALSE,98.2248520710059,"global","Eukaryota","Chordata","Actinopteri","Lutjaniformes","Lutjanidae","Lutjanus",NA,"Lutjanus"
"MiFish_0000842",NA,NA,NA,NA,NA,NA,NA,0,"None",NA,22,NA,NA,NA,NA,NA,NA,NA,NA,0,"local",FALSE,NA,NA,NA,NA,NA,NA,NA,NA,NA,NA
"MiFish_0000843",NA,NA,NA,NA,NA,NA,NA,0,"None",NA,10,NA,NA,NA,NA,NA,NA,NA,NA,0,"local",FALSE,NA,NA,NA,NA,NA,NA,NA,NA,NA,NA
"MiFish_0000844","Eukaryota","Chordata","Actinopteri","Mugiliformes","Mugilidae","Mugil","Mugil thoburni",97.6470588235294,"1229150","Mugil thoburni",15,"d:Eukaryota,p:Chordata,c:Actinopteri,o:Mugiliformes,f:Mugilidae,g:Mugil,s:Mugil_thoburni","Eukaryota","Chordata","Actinopteri","Mugiliformes","Mugilidae","Mugil","Mugil thoburni",97.6,"global",TRUE,97.6470588235294,"lca_global_v_local","Eukaryota","Chordata","Actinopteri","Mugiliformes","Mugilidae","Mugil","Mugil thoburni","Mugil thoburni"
"MiFish_0000845",NA,NA,NA,NA,NA,NA,NA,0,"None",NA,20,NA,NA,NA,NA,NA,NA,NA,NA,0,"local",FALSE,NA,NA,NA,NA,NA,NA,NA,NA,NA,NA
"MiFish_0000846",NA,NA,NA,NA,NA,NA,NA,0,"None",NA,24,NA,NA,NA,NA,NA,NA,NA,NA,0,"local",FALSE,NA,NA,NA,NA,NA,NA,NA,NA,NA,NA
"MiFish_0000847","Eukaryota","Chordata","Actinopteri","Mugiliformes","Mugilidae","Mugil","Mugil cephalus",95.906432748538,"48193","Mugil cephalus",10,"d:Eukaryota,p:Chordata,c:Actinopteri,o:Mugiliformes,f:Mugilidae,g:Mugil,s:Mugil_cephalus","Eukaryota","Chordata","Actinopteri","Mugiliformes","Mugilidae","Mugil","Mugil cephalus",95.9,"global",TRUE,95.906432748538,"lca_global_v_local","Eukaryota","Chordata","Actinopteri","Mugiliformes","Mugilidae","Mugil","Mugil cephalus","Mugil cephalus"
"MiFish_0000848","Eukaryota","Chordata","Actinopteri","Mugiliformes","Mugilidae","Mugil","Mugil cephalus",98.8304093567252,"48193","Mugil cephalus",13,"d:Eukaryota,p:Chordata,c:Actinopteri,o:Mugiliformes,f:Mugilidae,g:Mugil,s:Mugil_cephalus","Eukaryota","Chordata","Actinopteri","Mugiliformes","Mugilidae","Mugil","Mugil cephalus",98.8,"global",TRUE,98.8304093567252,"lca_global_v_local","Eukaryota","Chordata","Actinopteri","Mugiliformes","Mugilidae","Mugil","Mugil cephalus","Mugil cephalus"
"MiFish_0000849",NA,NA,NA,NA,NA,NA,NA,0,"None",NA,235,NA,NA,NA,NA,NA,NA,NA,NA,0,"local",FALSE,NA,NA,NA,NA,NA,NA,NA,NA,NA,NA
"MiFish_0000850",NA,NA,NA,NA,NA,NA,NA,0,"None",NA,38,NA,NA,NA,NA,NA,NA,NA,NA,0,"local",FALSE,NA,NA,NA,NA,NA,NA,NA,NA,NA,NA
"MiFish_0000851",NA,NA,NA,NA,NA,NA,NA,0,"None",NA,11,NA,NA,NA,NA,NA,NA,NA,NA,0,"local",FALSE,NA,NA,NA,NA,NA,NA,NA,NA,NA,NA
"MiFish_0000852","Eukaryota","Chordata","Actinopteri","Gerreiformes","Gerreidae","Gerres","Gerres cinereus",99.4082840236686,"435274","Gerres cinereus",12,NA,NA,NA,NA,NA,NA,NA,NA,0,"global",FALSE,99.4082840236686,"global","Eukaryota","Chordata","Actinopteri","Gerreiformes","Gerreidae","Gerres","Gerres cinereus","Gerres cinereus"
"MiFish_0000853",NA,NA,NA,NA,NA,NA,NA,0,"None",NA,39,NA,NA,NA,NA,NA,NA,NA,NA,0,"local",FALSE,NA,NA,NA,NA,NA,NA,NA,NA,NA,NA
"MiFish_0000854",NA,NA,NA,NA,NA,NA,NA,0,"None",NA,22,NA,NA,NA,NA,NA,NA,NA,NA,0,"local",FALSE,NA,NA,NA,NA,NA,NA,NA,NA,NA,NA
"MiFish_0000855",NA,NA,NA,NA,NA,NA,NA,0,"None",NA,12,NA,NA,NA,NA,NA,NA,NA,NA,0,"local",FALSE,NA,NA,NA,NA,NA,NA,NA,NA,NA,NA
"MiFish_0000856","Eukaryota","Chordata","Actinopteri","Lutjaniformes","Lutjanidae","Lutjanus","Lutjanus kasmira",100,"396787","Lutjanus kasmira",718,"d:Eukaryota,p:Chordata,c:Actinopteri,o:Lutjaniformes,f:Lutjanidae,g:Lutjanus,s:Lutjanus_kasmira","Eukaryota","Chordata","Actinopteri","Lutjaniformes","Lutjanidae","Lutjanus","Lutjanus kasmira",100,"local",FALSE,100,"local","Eukaryota","Chordata","Actinopteri","Lutjaniformes","Lutjanidae","Lutjanus","Lutjanus kasmira","Lutjanus kasmira"
"MiFish_0000857","Eukaryota","Chordata","Actinopteri","Centrarchiformes","Kyphosidae","Kyphosus",NA,100,"163142","Kyphosus",149,"d:Eukaryota,p:Chordata,c:Actinopteri,o:Centrarchiformes,f:Kyphosidae,g:Kyphosus,s:Kyphosus_vaigiensis","Eukaryota","Chordata","Actinopteri","Centrarchiformes","Kyphosidae","Kyphosus","Kyphosus vaigiensis",98.8,"global",TRUE,100,"lca_global_v_local","Eukaryota","Chordata","Actinopteri","Centrarchiformes","Kyphosidae","Kyphosus",NA,"Kyphosus"
"MiFish_0000858","Eukaryota","Chordata","Actinopteri","Beloniformes","Hemiramphidae","Oxyporhamphus","Oxyporhamphus micropterus",100,"1003767","Oxyporhamphus micropterus micropterus",680,NA,NA,NA,NA,NA,NA,NA,NA,0,"global",FALSE,100,"global","Eukaryota","Chordata","Actinopteri","Beloniformes","Hemiramphidae","Oxyporhamphus","Oxyporhamphus micropterus","Oxyporhamphus micropterus"
"MiFish_0000859","Eukaryota","Chordata","Actinopteri","Labriformes","Labridae","Thalassoma","Thalassoma lucasanum",100,"239048","Thalassoma lucasanum",4833,"d:Eukaryota,p:Chordata,c:Actinopteri,o:Labriformes,f:Labridae,g:Thalassoma,s:Thalassoma_lutescens","Eukaryota","Chordata","Actinopteri","Labriformes","Labridae","Thalassoma","Thalassoma lutescens",95.2,"global",TRUE,100,"lca_global_v_local","Eukaryota","Chordata","Actinopteri","Labriformes","Labridae","Thalassoma",NA,"Thalassoma"
"MiFish_0000860","Eukaryota","Chordata","Actinopteri","Tetraodontiformes","Balistidae",NA,NA,100,"31024","Balistidae",508,NA,NA,NA,NA,NA,NA,NA,NA,0,"global",FALSE,100,"global","Eukaryota","Chordata","Actinopteri","Tetraodontiformes","Balistidae",NA,NA,"Balistidae"
"MiFish_0000861","Eukaryota","Chordata","Actinopteri","Stomiiformes","Phosichthyidae","Vinciguerria","Vinciguerria nimbaria",95.2095808383234,"270541","Vinciguerria nimbaria",115,NA,NA,NA,NA,NA,NA,NA,NA,0,"global",FALSE,95.2095808383234,"global","Eukaryota","Chordata","Actinopteri","Stomiiformes","Phosichthyidae","Vinciguerria","Vinciguerria nimbaria","Vinciguerria nimbaria"
"MiFish_0000862",NA,NA,NA,NA,NA,NA,NA,0,"None",NA,36,NA,NA,NA,NA,NA,NA,NA,NA,0,"local",FALSE,NA,NA,NA,NA,NA,NA,NA,NA,NA,NA
"MiFish_0000863",NA,NA,NA,NA,NA,NA,NA,0,"None",NA,926,NA,NA,NA,NA,NA,NA,NA,NA,0,"local",FALSE,NA,NA,NA,NA,NA,NA,NA,NA,NA,NA
"MiFish_0000864","Eukaryota","Chordata","Actinopteri","Tetraodontiformes","Balistidae",NA,NA,99.4152046783626,"31024","Balistidae",83,NA,NA,NA,NA,NA,NA,NA,NA,0,"global",FALSE,99.4152046783626,"global","Eukaryota","Chordata","Actinopteri","Tetraodontiformes","Balistidae",NA,NA,"Balistidae"
"MiFish_0000865","Eukaryota","Chordata","Actinopteri","Syngnathiformes","Mullidae","Mulloidichthys","Mulloidichthys vanicolensis",100,"342443","Mulloidichthys vanicolensis",269,NA,NA,NA,NA,NA,NA,NA,NA,0,"global",FALSE,100,"global","Eukaryota","Chordata","Actinopteri","Syngnathiformes","Mullidae","Mulloidichthys","Mulloidichthys vanicolensis","Mulloidichthys vanicolensis"
"MiFish_0000866","Eukaryota","Chordata","Actinopteri","Tetraodontiformes","Tetraodontidae","Sphoeroides","Sphoeroides parvus",97.6744186046512,"862788","Sphoeroides parvus",1535,NA,NA,NA,NA,NA,NA,NA,NA,0,"global",FALSE,97.6744186046512,"global","Eukaryota","Chordata","Actinopteri","Tetraodontiformes","Tetraodontidae","Sphoeroides","Sphoeroides parvus","Sphoeroides parvus"
"MiFish_0000867","Eukaryota","Chordata","Actinopteri","Labriformes","Labridae","Scarus",NA,97.1098265895954,"59660","Scarus",51,NA,NA,NA,NA,NA,NA,NA,NA,0,"global",FALSE,97.1098265895954,"global","Eukaryota","Chordata","Actinopteri","Labriformes","Labridae","Scarus",NA,"Scarus"
"MiFish_0000868",NA,NA,NA,NA,NA,NA,NA,0,"None",NA,39,NA,NA,NA,NA,NA,NA,NA,NA,0,"local",FALSE,NA,NA,NA,NA,NA,NA,NA,NA,NA,NA
"MiFish_0000869",NA,NA,NA,NA,NA,NA,NA,0,"None",NA,26,NA,NA,NA,NA,NA,NA,NA,NA,0,"local",FALSE,NA,NA,NA,NA,NA,NA,NA,NA,NA,NA
"MiFish_0000870",NA,NA,NA,NA,NA,NA,NA,0,"None",NA,11,NA,NA,NA,NA,NA,NA,NA,NA,0,"local",FALSE,NA,NA,NA,NA,NA,NA,NA,NA,NA,NA
"MiFish_0000871",NA,NA,NA,NA,NA,NA,NA,0,"None",NA,18,NA,NA,NA,NA,NA,NA,NA,NA,0,"local",FALSE,NA,NA,NA,NA,NA,NA,NA,NA,NA,NA
"MiFish_0000872",NA,NA,NA,NA,NA,NA,NA,0,"None",NA,26,NA,NA,NA,NA,NA,NA,NA,NA,0,"local",FALSE,NA,NA,NA,NA,NA,NA,NA,NA,NA,NA
"MiFish_0000873",NA,NA,NA,NA,NA,NA,NA,0,"None",NA,37,NA,NA,NA,NA,NA,NA,NA,NA,0,"local",FALSE,NA,NA,NA,NA,NA,NA,NA,NA,NA,NA
"MiFish_0000874",NA,NA,NA,NA,NA,NA,NA,0,"None",NA,14,NA,NA,NA,NA,NA,NA,NA,NA,0,"local",FALSE,NA,NA,NA,NA,NA,NA,NA,NA,NA,NA
"MiFish_0000875",NA,NA,NA,NA,NA,NA,NA,0,"None",NA,13,NA,NA,NA,NA,NA,NA,NA,NA,0,"local",FALSE,NA,NA,NA,NA,NA,NA,NA,NA,NA,NA
"MiFish_0000876","Eukaryota","Chordata","Actinopteri","Mugiliformes","Mugilidae","Mugil","Mugil cephalus",97.6608187134503,"48193","Mugil cephalus",30,"d:Eukaryota,p:Chordata,c:Actinopteri,o:Mugiliformes,f:Mugilidae,g:Mugil,s:Mugil_cephalus","Eukaryota","Chordata","Actinopteri","Mugiliformes","Mugilidae","Mugil","Mugil cephalus",100,"local",FALSE,100,"local","Eukaryota","Chordata","Actinopteri","Mugiliformes","Mugilidae","Mugil","Mugil cephalus","Mugil cephalus"
"MiFish_0000877",NA,NA,NA,NA,NA,NA,NA,0,"None",NA,12,NA,NA,NA,NA,NA,NA,NA,NA,0,"local",FALSE,NA,NA,NA,NA,NA,NA,NA,NA,NA,NA
"MiFish_0000878","Eukaryota","Chordata","Actinopteri","Tetraodontiformes","Tetraodontidae","Arothron",NA,99.4152046783626,"50368","Arothron",20,"d:Eukaryota,p:Chordata,c:Actinopteri,o:Tetraodontiformes,f:Tetraodontidae,g:Arothron,s:Arothron_hispidus","Eukaryota","Chordata","Actinopteri","Tetraodontiformes","Tetraodontidae","Arothron","Arothron hispidus",99.4,"global",TRUE,99.4152046783626,"lca_global_v_local","Eukaryota","Chordata","Actinopteri","Tetraodontiformes","Tetraodontidae","Arothron",NA,"Arothron"
"MiFish_0000879",NA,NA,NA,NA,NA,NA,NA,0,"None",NA,10,NA,NA,NA,NA,NA,NA,NA,NA,0,"local",FALSE,NA,NA,NA,NA,NA,NA,NA,NA,NA,NA
"MiFish_0000880",NA,NA,NA,NA,NA,NA,NA,0,"None",NA,12,NA,NA,NA,NA,NA,NA,NA,NA,0,"local",FALSE,NA,NA,NA,NA,NA,NA,NA,NA,NA,NA
"MiFish_0000881",NA,NA,NA,NA,NA,NA,NA,0,"None",NA,12,NA,NA,NA,NA,NA,NA,NA,NA,0,"local",FALSE,NA,NA,NA,NA,NA,NA,NA,NA,NA,NA
"MiFish_0000882","Eukaryota","Chordata","Actinopteri","Mugiliformes","Mugilidae","Mugil",NA,97.6470588235294,"8190","Mugil",36,"d:Eukaryota,p:Chordata,c:Actinopteri,o:Mugiliformes,f:Mugilidae,g:Mugil,s:Mugil_thoburni","Eukaryota","Chordata","Actinopteri","Mugiliformes","Mugilidae","Mugil","Mugil thoburni",97.6,"global",TRUE,97.6470588235294,"lca_global_v_local","Eukaryota","Chordata","Actinopteri","Mugiliformes","Mugilidae","Mugil",NA,"Mugil"
"MiFish_0000883","Eukaryota","Chordata","Actinopteri",NA,"Pomacentridae","Stegastes","Stegastes arcifrons",99.4285714285714,"1350519","Stegastes arcifrons",44,NA,NA,NA,NA,NA,NA,NA,NA,0,"global",FALSE,99.4285714285714,"global","Eukaryota","Chordata","Actinopteri",NA,"Pomacentridae","Stegastes","Stegastes arcifrons","Stegastes arcifrons"
"MiFish_0000884","Eukaryota","Chordata","Actinopteri","Gerreiformes","Gerreidae","Eucinostomus","Eucinostomus melanopterus",96.5116279069768,"332418","Eucinostomus melanopterus",18,NA,NA,NA,NA,NA,NA,NA,NA,0,"global",FALSE,96.5116279069768,"global","Eukaryota","Chordata","Actinopteri","Gerreiformes","Gerreidae","Eucinostomus","Eucinostomus melanopterus","Eucinostomus melanopterus"
"MiFish_0000885","Eukaryota","Chordata","Actinopteri","Lutjaniformes","Lutjanidae","Lutjanus",NA,97.0414201183432,"40493","Lutjanus",20,NA,NA,NA,NA,NA,NA,NA,NA,0,"global",FALSE,97.0414201183432,"global","Eukaryota","Chordata","Actinopteri","Lutjaniformes","Lutjanidae","Lutjanus",NA,"Lutjanus"
"MiFish_0000886",NA,NA,NA,NA,NA,NA,NA,0,"None",NA,12,NA,NA,NA,NA,NA,NA,NA,NA,0,"local",FALSE,NA,NA,NA,NA,NA,NA,NA,NA,NA,NA
"MiFish_0000887",NA,NA,NA,NA,NA,NA,NA,0,"None",NA,12,NA,NA,NA,NA,NA,NA,NA,NA,0,"local",FALSE,NA,NA,NA,NA,NA,NA,NA,NA,NA,NA
"MiFish_0000888",NA,NA,NA,NA,NA,NA,NA,0,"None",NA,13,NA,NA,NA,NA,NA,NA,NA,NA,0,"local",FALSE,NA,NA,NA,NA,NA,NA,NA,NA,NA,NA
"MiFish_0000889","Eukaryota","Chordata","Actinopteri","Pleuronectiformes","Bothidae","Bothus","Bothus robinsi",97.6744186046512,"195598","Bothus robinsi",102,NA,NA,NA,NA,NA,NA,NA,NA,0,"global",FALSE,97.6744186046512,"global","Eukaryota","Chordata","Actinopteri","Pleuronectiformes","Bothidae","Bothus","Bothus robinsi","Bothus robinsi"
"MiFish_0000890",NA,NA,NA,NA,NA,NA,NA,0,"None",NA,10,NA,NA,NA,NA,NA,NA,NA,NA,0,"local",FALSE,NA,NA,NA,NA,NA,NA,NA,NA,NA,NA
"MiFish_0000891",NA,NA,NA,NA,NA,NA,NA,0,"None",NA,36,NA,NA,NA,NA,NA,NA,NA,NA,0,"local",FALSE,NA,NA,NA,NA,NA,NA,NA,NA,NA,NA
"MiFish_0000892",NA,NA,NA,NA,NA,NA,NA,0,"None",NA,26,NA,NA,NA,NA,NA,NA,NA,NA,0,"local",FALSE,NA,NA,NA,NA,NA,NA,NA,NA,NA,NA
"MiFish_0000893","Eukaryota","Chordata","Actinopteri",NA,"Pomacentridae","Stegastes","Stegastes arcifrons",98.2954545454545,"1350519","Stegastes arcifrons",14,NA,NA,NA,NA,NA,NA,NA,NA,0,"global",FALSE,98.2954545454545,"global","Eukaryota","Chordata","Actinopteri",NA,"Pomacentridae","Stegastes","Stegastes arcifrons","Stegastes arcifrons"
"MiFish_0000894",NA,NA,NA,NA,NA,NA,NA,0,"None",NA,17,NA,NA,NA,NA,NA,NA,NA,NA,0,"local",FALSE,NA,NA,NA,NA,NA,NA,NA,NA,NA,NA
"MiFish_0000895","Eukaryota","Chordata","Actinopteri",NA,"Pomacentridae","Stegastes","Stegastes arcifrons",98.8571428571428,"1350519","Stegastes arcifrons",12,NA,NA,NA,NA,NA,NA,NA,NA,0,"global",FALSE,98.8571428571428,"global","Eukaryota","Chordata","Actinopteri",NA,"Pomacentridae","Stegastes","Stegastes arcifrons","Stegastes arcifrons"
"MiFish_0000896","Eukaryota","Chordata","Actinopteri","Tetraodontiformes","Tetraodontidae","Arothron",NA,99.4152046783626,"50368","Arothron",22,"d:Eukaryota,p:Chordata,c:Actinopteri,o:Tetraodontiformes,f:Tetraodontidae,g:Arothron,s:Arothron_hispidus","Eukaryota","Chordata","Actinopteri","Tetraodontiformes","Tetraodontidae","Arothron","Arothron hispidus",99.4,"global",TRUE,99.4152046783626,"lca_global_v_local","Eukaryota","Chordata","Actinopteri","Tetraodontiformes","Tetraodontidae","Arothron",NA,"Arothron"
"MiFish_0000897",NA,NA,NA,NA,NA,NA,NA,0,"None",NA,25,NA,NA,NA,NA,NA,NA,NA,NA,0,"local",FALSE,NA,NA,NA,NA,NA,NA,NA,NA,NA,NA
"MiFish_0000898",NA,NA,NA,NA,NA,NA,NA,0,"None",NA,16,NA,NA,NA,NA,NA,NA,NA,NA,0,"local",FALSE,NA,NA,NA,NA,NA,NA,NA,NA,NA,NA
"MiFish_0000899",NA,NA,NA,NA,NA,NA,NA,0,"None",NA,76,NA,NA,NA,NA,NA,NA,NA,NA,0,"local",FALSE,NA,NA,NA,NA,NA,NA,NA,NA,NA,NA
"MiFish_0000900",NA,NA,NA,NA,NA,NA,NA,0,"None",NA,10,NA,NA,NA,NA,NA,NA,NA,NA,0,"local",FALSE,NA,NA,NA,NA,NA,NA,NA,NA,NA,NA
"MiFish_0000901","Eukaryota","Chordata","Actinopteri",NA,"Pomacentridae","Abudefduf","Abudefduf taurus",99.4082840236686,"36216","Abudefduf taurus",12,NA,NA,NA,NA,NA,NA,NA,NA,0,"global",FALSE,99.4082840236686,"global","Eukaryota","Chordata","Actinopteri",NA,"Pomacentridae","Abudefduf","Abudefduf taurus","Abudefduf taurus"
"MiFish_0000902",NA,NA,NA,NA,NA,NA,NA,0,"None",NA,261,NA,NA,NA,NA,NA,NA,NA,NA,0,"local",FALSE,NA,NA,NA,NA,NA,NA,NA,NA,NA,NA
"MiFish_0000903","Eukaryota","Chordata","Actinopteri","Anguilliformes","Muraenidae","Gymnothorax","Gymnothorax meleagris",100,"473458","Gymnothorax meleagris",63,"d:Eukaryota,p:Chordata,c:Actinopteri,o:Anguilliformes,f:Muraenidae,g:Gymnothorax,s:Gymnothorax_buroensis","Eukaryota","Chordata","Actinopteri","Anguilliformes","Muraenidae","Gymnothorax","Gymnothorax buroensis",95.3,"global",TRUE,100,"lca_global_v_local","Eukaryota","Chordata","Actinopteri","Anguilliformes","Muraenidae","Gymnothorax",NA,"Gymnothorax"
"MiFish_0000904","Eukaryota","Chordata","Actinopteri","Gerreiformes","Gerreidae","Gerres","Gerres cinereus",99.4082840236686,"435274","Gerres cinereus",34,NA,NA,NA,NA,NA,NA,NA,NA,0,"global",FALSE,99.4082840236686,"global","Eukaryota","Chordata","Actinopteri","Gerreiformes","Gerreidae","Gerres","Gerres cinereus","Gerres cinereus"
"MiFish_0000905",NA,NA,NA,NA,NA,NA,NA,0,"None",NA,29,NA,NA,NA,NA,NA,NA,NA,NA,0,"local",FALSE,NA,NA,NA,NA,NA,NA,NA,NA,NA,NA
"MiFish_0000906",NA,NA,NA,NA,NA,NA,NA,0,"None",NA,14,NA,NA,NA,NA,NA,NA,NA,NA,0,"local",FALSE,NA,NA,NA,NA,NA,NA,NA,NA,NA,NA
"MiFish_0000907",NA,NA,NA,NA,NA,NA,NA,0,"None",NA,12,NA,NA,NA,NA,NA,NA,NA,NA,0,"local",FALSE,NA,NA,NA,NA,NA,NA,NA,NA,NA,NA
"MiFish_0000908",NA,NA,NA,NA,NA,NA,NA,0,"None",NA,11,NA,NA,NA,NA,NA,NA,NA,NA,0,"local",FALSE,NA,NA,NA,NA,NA,NA,NA,NA,NA,NA
"MiFish_0000909","Eukaryota","Chordata","Actinopteri",NA,"Pomacentridae","Stegastes","Stegastes arcifrons",99.4285714285714,"1350519","Stegastes arcifrons",32,NA,NA,NA,NA,NA,NA,NA,NA,0,"global",FALSE,99.4285714285714,"global","Eukaryota","Chordata","Actinopteri",NA,"Pomacentridae","Stegastes","Stegastes arcifrons","Stegastes arcifrons"
"MiFish_0000910",NA,NA,NA,NA,NA,NA,NA,0,"None",NA,11,NA,NA,NA,NA,NA,NA,NA,NA,0,"local",FALSE,NA,NA,NA,NA,NA,NA,NA,NA,NA,NA
"MiFish_0000911","Eukaryota","Chordata","Actinopteri",NA,"Pomacentridae","Stegastes","Stegastes arcifrons",99.4285714285714,"1350519","Stegastes arcifrons",44,NA,NA,NA,NA,NA,NA,NA,NA,0,"global",FALSE,99.4285714285714,"global","Eukaryota","Chordata","Actinopteri",NA,"Pomacentridae","Stegastes","Stegastes arcifrons","Stegastes arcifrons"
"MiFish_0000912","Eukaryota","Chordata","Actinopteri","Gonorynchiformes","Chanidae","Chanos","Chanos chanos",99.4318181818182,"29144","Chanos chanos",24,NA,NA,NA,NA,NA,NA,NA,NA,0,"global",FALSE,99.4318181818182,"global","Eukaryota","Chordata","Actinopteri","Gonorynchiformes","Chanidae","Chanos","Chanos chanos","Chanos chanos"
"MiFish_0000913",NA,NA,NA,NA,NA,NA,NA,0,"None",NA,14,NA,NA,NA,NA,NA,NA,NA,NA,0,"local",FALSE,NA,NA,NA,NA,NA,NA,NA,NA,NA,NA
"MiFish_0000914","Eukaryota","Chordata","Actinopteri","Mugiliformes","Mugilidae","Mugil","Mugil thoburni",98.2456140350877,"1229150","Mugil thoburni",19,"d:Eukaryota,p:Chordata,c:Actinopteri,o:Mugiliformes,f:Mugilidae,g:Mugil,s:Mugil_thoburni","Eukaryota","Chordata","Actinopteri","Mugiliformes","Mugilidae","Mugil","Mugil thoburni",98.2,"global",TRUE,98.2456140350877,"lca_global_v_local","Eukaryota","Chordata","Actinopteri","Mugiliformes","Mugilidae","Mugil","Mugil thoburni","Mugil thoburni"
"MiFish_0000915",NA,NA,NA,NA,NA,NA,NA,0,"None",NA,70,NA,NA,NA,NA,NA,NA,NA,NA,0,"local",FALSE,NA,NA,NA,NA,NA,NA,NA,NA,NA,NA
"MiFish_0000916",NA,NA,NA,NA,NA,NA,NA,0,"None",NA,10,NA,NA,NA,NA,NA,NA,NA,NA,0,"local",FALSE,NA,NA,NA,NA,NA,NA,NA,NA,NA,NA
"MiFish_0000917",NA,NA,NA,NA,NA,NA,NA,0,"None",NA,11,NA,NA,NA,NA,NA,NA,NA,NA,0,"local",FALSE,NA,NA,NA,NA,NA,NA,NA,NA,NA,NA
"MiFish_0000918","Eukaryota","Chordata","Actinopteri",NA,"Pomacentridae","Stegastes","Stegastes beebei",99.4285714285714,"1350520","Stegastes beebei",17,NA,NA,NA,NA,NA,NA,NA,NA,0,"global",FALSE,99.4285714285714,"global","Eukaryota","Chordata","Actinopteri",NA,"Pomacentridae","Stegastes","Stegastes beebei","Stegastes beebei"
"MiFish_0000919","Eukaryota","Chordata","Actinopteri",NA,"Pomacentridae","Abudefduf","Abudefduf taurus",99.4082840236686,"36216","Abudefduf taurus",17,NA,NA,NA,NA,NA,NA,NA,NA,0,"global",FALSE,99.4082840236686,"global","Eukaryota","Chordata","Actinopteri",NA,"Pomacentridae","Abudefduf","Abudefduf taurus","Abudefduf taurus"
"MiFish_0000920","Eukaryota","Chordata","Actinopteri","Mugiliformes","Mugilidae","Mugil","Mugil cephalus",98.8304093567252,"48193","Mugil cephalus",50,"d:Eukaryota,p:Chordata,c:Actinopteri,o:Mugiliformes,f:Mugilidae,g:Mugil,s:Mugil_cephalus","Eukaryota","Chordata","Actinopteri","Mugiliformes","Mugilidae","Mugil","Mugil cephalus",98.8,"global",TRUE,98.8304093567252,"lca_global_v_local","Eukaryota","Chordata","Actinopteri","Mugiliformes","Mugilidae","Mugil","Mugil cephalus","Mugil cephalus"
"MiFish_0000921",NA,NA,NA,NA,NA,NA,NA,0,"None",NA,23,NA,NA,NA,NA,NA,NA,NA,NA,0,"local",FALSE,NA,NA,NA,NA,NA,NA,NA,NA,NA,NA
"MiFish_0000922",NA,NA,NA,NA,NA,NA,NA,0,"None",NA,31,NA,NA,NA,NA,NA,NA,NA,NA,0,"local",FALSE,NA,NA,NA,NA,NA,NA,NA,NA,NA,NA
"MiFish_0000923",NA,NA,NA,NA,NA,NA,NA,0,"None",NA,16,NA,NA,NA,NA,NA,NA,NA,NA,0,"local",FALSE,NA,NA,NA,NA,NA,NA,NA,NA,NA,NA
"MiFish_0000924",NA,NA,NA,NA,NA,NA,NA,0,"None",NA,14,NA,NA,NA,NA,NA,NA,NA,NA,0,"local",FALSE,NA,NA,NA,NA,NA,NA,NA,NA,NA,NA
"MiFish_0000925","Eukaryota","Chordata","Actinopteri","Gonorynchiformes","Chanidae","Chanos","Chanos chanos",99.4318181818182,"29144","Chanos chanos",41,NA,NA,NA,NA,NA,NA,NA,NA,0,"global",FALSE,99.4318181818182,"global","Eukaryota","Chordata","Actinopteri","Gonorynchiformes","Chanidae","Chanos","Chanos chanos","Chanos chanos"
"MiFish_0000926",NA,NA,NA,NA,NA,NA,NA,0,"None",NA,11,NA,NA,NA,NA,NA,NA,NA,NA,0,"local",FALSE,NA,NA,NA,NA,NA,NA,NA,NA,NA,NA
"MiFish_0000927",NA,NA,NA,NA,NA,NA,NA,0,"None",NA,24,NA,NA,NA,NA,NA,NA,NA,NA,0,"local",FALSE,NA,NA,NA,NA,NA,NA,NA,NA,NA,NA
"MiFish_0000928",NA,NA,NA,NA,NA,NA,NA,0,"None",NA,37,NA,NA,NA,NA,NA,NA,NA,NA,0,"local",FALSE,NA,NA,NA,NA,NA,NA,NA,NA,NA,NA
"MiFish_0000929",NA,NA,NA,NA,NA,NA,NA,0,"None",NA,15,NA,NA,NA,NA,NA,NA,NA,NA,0,"local",FALSE,NA,NA,NA,NA,NA,NA,NA,NA,NA,NA
"MiFish_0000930",NA,NA,NA,NA,NA,NA,NA,0,"None",NA,44,NA,NA,NA,NA,NA,NA,NA,NA,0,"local",FALSE,NA,NA,NA,NA,NA,NA,NA,NA,NA,NA
"MiFish_0000931",NA,NA,NA,NA,NA,NA,NA,0,"None",NA,328,NA,NA,NA,NA,NA,NA,NA,NA,0,"local",FALSE,NA,NA,NA,NA,NA,NA,NA,NA,NA,NA
"MiFish_0000932",NA,NA,NA,NA,NA,NA,NA,0,"None",NA,1222,NA,NA,NA,NA,NA,NA,NA,NA,0,"local",FALSE,NA,NA,NA,NA,NA,NA,NA,NA,NA,NA
"MiFish_0000933","Eukaryota","Chordata","Actinopteri",NA,"Sciaenidae",NA,NA,95.2380952380952,"30870","Sciaenidae",118,NA,NA,NA,NA,NA,NA,NA,NA,0,"global",FALSE,95.2380952380952,"global","Eukaryota","Chordata","Actinopteri",NA,"Sciaenidae",NA,NA,"Sciaenidae"
"MiFish_0000934",NA,NA,NA,NA,NA,NA,NA,0,"None",NA,115,NA,NA,NA,NA,NA,NA,NA,NA,0,"local",FALSE,NA,NA,NA,NA,NA,NA,NA,NA,NA,NA
"MiFish_0000935","Eukaryota","Chordata","Actinopteri","Lutjaniformes","Lutjanidae","Lutjanus","Lutjanus argentimaculatus",97.0414201183432,"211834","Lutjanus argentimaculatus",173,NA,NA,NA,NA,NA,NA,NA,NA,0,"global",FALSE,97.0414201183432,"global","Eukaryota","Chordata","Actinopteri","Lutjaniformes","Lutjanidae","Lutjanus","Lutjanus argentimaculatus","Lutjanus argentimaculatus"
"MiFish_0000936",NA,NA,NA,NA,NA,NA,NA,0,"None",NA,70,NA,NA,NA,NA,NA,NA,NA,NA,0,"local",FALSE,NA,NA,NA,NA,NA,NA,NA,NA,NA,NA
"MiFish_0000937","Eukaryota","Chordata","Actinopteri","Spariformes","Sparidae","Archosargus","Archosargus rhomboidalis",96.4705882352941,"722560","Archosargus rhomboidalis",21,NA,NA,NA,NA,NA,NA,NA,NA,0,"global",FALSE,96.4705882352941,"global","Eukaryota","Chordata","Actinopteri","Spariformes","Sparidae","Archosargus","Archosargus rhomboidalis","Archosargus rhomboidalis"
"MiFish_0000938",NA,NA,NA,NA,NA,NA,NA,0,"None",NA,56,NA,NA,NA,NA,NA,NA,NA,NA,0,"local",FALSE,NA,NA,NA,NA,NA,NA,NA,NA,NA,NA
"MiFish_0000939",NA,NA,NA,NA,NA,NA,NA,0,"None",NA,30,NA,NA,NA,NA,NA,NA,NA,NA,0,"local",FALSE,NA,NA,NA,NA,NA,NA,NA,NA,NA,NA
"MiFish_0000940",NA,NA,NA,NA,NA,NA,NA,0,"None",NA,337,NA,NA,NA,NA,NA,NA,NA,NA,0,"local",FALSE,NA,NA,NA,NA,NA,NA,NA,NA,NA,NA
"MiFish_0000941",NA,NA,NA,NA,NA,NA,NA,0,"None",NA,68,NA,NA,NA,NA,NA,NA,NA,NA,0,"local",FALSE,NA,NA,NA,NA,NA,NA,NA,NA,NA,NA
"MiFish_0000942","Eukaryota","Chordata","Actinopteri","Anguilliformes","Muraenidae","Muraena","Muraena lentiginosa",98.8165680473373,"1232744","Muraena lentiginosa",111,NA,NA,NA,NA,NA,NA,NA,NA,0,"global",FALSE,98.8165680473373,"global","Eukaryota","Chordata","Actinopteri","Anguilliformes","Muraenidae","Muraena","Muraena lentiginosa","Muraena lentiginosa"
"MiFish_0000943",NA,NA,NA,NA,NA,NA,NA,0,"None",NA,43,NA,NA,NA,NA,NA,NA,NA,NA,0,"local",FALSE,NA,NA,NA,NA,NA,NA,NA,NA,NA,NA
"MiFish_0000944","Eukaryota","Chordata","Actinopteri",NA,"Pomacanthidae","Holacanthus",NA,100,"75023","Holacanthus",311,NA,NA,NA,NA,NA,NA,NA,NA,0,"global",FALSE,100,"global","Eukaryota","Chordata","Actinopteri",NA,"Pomacanthidae","Holacanthus",NA,"Holacanthus"
"MiFish_0000945","Eukaryota","Chordata","Actinopteri","Perciformes","Serranidae","Epinephelus","Epinephelus bontoides",96.4497041420118,"1167616","Epinephelus bontoides",68,"d:Eukaryota,p:Chordata,c:Actinopteri,o:Perciformes,f:Serranidae,g:Epinephelus,s:Epinephelus_merra","Eukaryota","Chordata","Actinopteri","Perciformes","Serranidae","Epinephelus","Epinephelus merra",95.3,"global",TRUE,96.4497041420118,"lca_global_v_local","Eukaryota","Chordata","Actinopteri","Perciformes","Serranidae","Epinephelus",NA,"Epinephelus"
"MiFish_0000946",NA,NA,NA,NA,NA,NA,NA,0,"None",NA,1878,NA,NA,NA,NA,NA,NA,NA,NA,0,"local",FALSE,NA,NA,NA,NA,NA,NA,NA,NA,NA,NA
"MiFish_0000947","Eukaryota","Chordata","Actinopteri","Lutjaniformes","Lutjanidae","Lutjanus","Lutjanus argentimaculatus",97.6331360946746,"211834","Lutjanus argentimaculatus",30,NA,NA,NA,NA,NA,NA,NA,NA,0,"global",FALSE,97.6331360946746,"global","Eukaryota","Chordata","Actinopteri","Lutjaniformes","Lutjanidae","Lutjanus","Lutjanus argentimaculatus","Lutjanus argentimaculatus"
"MiFish_0000948",NA,NA,NA,NA,NA,NA,NA,0,"None",NA,498,NA,NA,NA,NA,NA,NA,NA,NA,0,"local",FALSE,NA,NA,NA,NA,NA,NA,NA,NA,NA,NA
"MiFish_0000949","Eukaryota","Chordata","Actinopteri",NA,"Sciaenidae",NA,NA,95.2380952380952,"30870","Sciaenidae",41,NA,NA,NA,NA,NA,NA,NA,NA,0,"global",FALSE,95.2380952380952,"global","Eukaryota","Chordata","Actinopteri",NA,"Sciaenidae",NA,NA,"Sciaenidae"
"MiFish_0000950",NA,NA,NA,NA,NA,NA,NA,0,"None",NA,162,NA,NA,NA,NA,NA,NA,NA,NA,0,"local",FALSE,NA,NA,NA,NA,NA,NA,NA,NA,NA,NA
"MiFish_0000951",NA,NA,NA,NA,NA,NA,NA,0,"None",NA,14,NA,NA,NA,NA,NA,NA,NA,NA,0,"local",FALSE,NA,NA,NA,NA,NA,NA,NA,NA,NA,NA
"MiFish_0000952","Eukaryota","Chordata","Actinopteri","Acanthuriformes","Acanthuridae","Prionurus","Prionurus biafraensis",98.8235294117647,"1316015","Prionurus biafraensis",275,NA,NA,NA,NA,NA,NA,NA,NA,0,"global",FALSE,98.8235294117647,"global","Eukaryota","Chordata","Actinopteri","Acanthuriformes","Acanthuridae","Prionurus","Prionurus biafraensis","Prionurus biafraensis"
"MiFish_0000953","Eukaryota","Chordata","Actinopteri",NA,"Pomacentridae","Stegastes","Stegastes beebei",99.4285714285714,"1350520","Stegastes beebei",16,NA,NA,NA,NA,NA,NA,NA,NA,0,"global",FALSE,99.4285714285714,"global","Eukaryota","Chordata","Actinopteri",NA,"Pomacentridae","Stegastes","Stegastes beebei","Stegastes beebei"
"MiFish_0000954","Eukaryota","Chordata","Actinopteri","Tetraodontiformes",NA,NA,NA,100,"31022","Tetraodontiformes",424,NA,NA,NA,NA,NA,NA,NA,NA,0,"global",FALSE,100,"global","Eukaryota","Chordata","Actinopteri","Tetraodontiformes",NA,NA,NA,"Tetraodontiformes"
"MiFish_0000955",NA,NA,NA,NA,NA,NA,NA,0,"None",NA,15,NA,NA,NA,NA,NA,NA,NA,NA,0,"local",FALSE,NA,NA,NA,NA,NA,NA,NA,NA,NA,NA
"MiFish_0000956",NA,NA,NA,NA,NA,NA,NA,0,"None",NA,69,NA,NA,NA,NA,NA,NA,NA,NA,0,"local",FALSE,NA,NA,NA,NA,NA,NA,NA,NA,NA,NA
"MiFish_0000957",NA,NA,NA,NA,NA,NA,NA,0,"None",NA,13,NA,NA,NA,NA,NA,NA,NA,NA,0,"local",FALSE,NA,NA,NA,NA,NA,NA,NA,NA,NA,NA
"MiFish_0000958",NA,NA,NA,NA,NA,NA,NA,0,"None",NA,14,NA,NA,NA,NA,NA,NA,NA,NA,0,"local",FALSE,NA,NA,NA,NA,NA,NA,NA,NA,NA,NA
"MiFish_0000959",NA,NA,NA,NA,NA,NA,NA,0,"None",NA,17,NA,NA,NA,NA,NA,NA,NA,NA,0,"local",FALSE,NA,NA,NA,NA,NA,NA,NA,NA,NA,NA
"MiFish_0000960",NA,NA,NA,NA,NA,NA,NA,0,"None",NA,14,NA,NA,NA,NA,NA,NA,NA,NA,0,"local",FALSE,NA,NA,NA,NA,NA,NA,NA,NA,NA,NA
"MiFish_0000961","Eukaryota","Chordata","Actinopteri","Gerreiformes","Gerreidae","Gerres","Gerres cinereus",99.4082840236686,"435274","Gerres cinereus",14,NA,NA,NA,NA,NA,NA,NA,NA,0,"global",FALSE,99.4082840236686,"global","Eukaryota","Chordata","Actinopteri","Gerreiformes","Gerreidae","Gerres","Gerres cinereus","Gerres cinereus"
"MiFish_0000962",NA,NA,NA,NA,NA,NA,NA,0,"None",NA,21,NA,NA,NA,NA,NA,NA,NA,NA,0,"local",FALSE,NA,NA,NA,NA,NA,NA,NA,NA,NA,NA
"MiFish_0000963",NA,NA,NA,NA,NA,NA,NA,0,"None",NA,37,NA,NA,NA,NA,NA,NA,NA,NA,0,"local",FALSE,NA,NA,NA,NA,NA,NA,NA,NA,NA,NA
"MiFish_0000964",NA,NA,NA,NA,NA,NA,NA,0,"None",NA,12,NA,NA,NA,NA,NA,NA,NA,NA,0,"local",FALSE,NA,NA,NA,NA,NA,NA,NA,NA,NA,NA
"MiFish_0000965",NA,NA,NA,NA,NA,NA,NA,0,"None",NA,26,NA,NA,NA,NA,NA,NA,NA,NA,0,"local",FALSE,NA,NA,NA,NA,NA,NA,NA,NA,NA,NA
"MiFish_0000966",NA,NA,NA,NA,NA,NA,NA,0,"None",NA,16,NA,NA,NA,NA,NA,NA,NA,NA,0,"local",FALSE,NA,NA,NA,NA,NA,NA,NA,NA,NA,NA
"MiFish_0000967",NA,NA,NA,NA,NA,NA,NA,0,"None",NA,11,NA,NA,NA,NA,NA,NA,NA,NA,0,"local",FALSE,NA,NA,NA,NA,NA,NA,NA,NA,NA,NA
"MiFish_0000968","Eukaryota","Chordata","Actinopteri","Labriformes","Labridae","Scarus","Scarus ghobban",99.4186046511628,"242806","Scarus ghobban",66,NA,NA,NA,NA,NA,NA,NA,NA,0,"global",FALSE,99.4186046511628,"global","Eukaryota","Chordata","Actinopteri","Labriformes","Labridae","Scarus","Scarus ghobban","Scarus ghobban"
"MiFish_0000969",NA,NA,NA,NA,NA,NA,NA,0,"None",NA,14,NA,NA,NA,NA,NA,NA,NA,NA,0,"local",FALSE,NA,NA,NA,NA,NA,NA,NA,NA,NA,NA
"MiFish_0000970",NA,NA,NA,NA,NA,NA,NA,0,"None",NA,12,NA,NA,NA,NA,NA,NA,NA,NA,0,"local",FALSE,NA,NA,NA,NA,NA,NA,NA,NA,NA,NA
"MiFish_0000971","Eukaryota","Chordata","Actinopteri","Scombriformes","Scombridae","Scomber",NA,100,"13675","Scomber",209,"d:Eukaryota,p:Chordata,c:Actinopteri,o:Scombriformes,f:Scombridae,g:Scomber","Eukaryota","Chordata","Actinopteri","Scombriformes","Scombridae","Scomber",NA,100,"local",FALSE,100,"local","Eukaryota","Chordata","Actinopteri","Scombriformes","Scombridae","Scomber",NA,"Scomber"
"MiFish_0000972",NA,NA,NA,NA,NA,NA,NA,0,"None",NA,34,NA,NA,NA,NA,NA,NA,NA,NA,0,"local",FALSE,NA,NA,NA,NA,NA,NA,NA,NA,NA,NA
"MiFish_0000973",NA,NA,NA,NA,NA,NA,NA,0,"None",NA,13,NA,NA,NA,NA,NA,NA,NA,NA,0,"local",FALSE,NA,NA,NA,NA,NA,NA,NA,NA,NA,NA
"MiFish_0000974","Eukaryota","Chordata","Actinopteri","Tetraodontiformes","Tetraodontidae","Arothron",NA,99.4152046783626,"50368","Arothron",50,"d:Eukaryota,p:Chordata,c:Actinopteri,o:Tetraodontiformes,f:Tetraodontidae,g:Arothron,s:Arothron_hispidus","Eukaryota","Chordata","Actinopteri","Tetraodontiformes","Tetraodontidae","Arothron","Arothron hispidus",99.4,"global",TRUE,99.4152046783626,"lca_global_v_local","Eukaryota","Chordata","Actinopteri","Tetraodontiformes","Tetraodontidae","Arothron",NA,"Arothron"
"MiFish_0000975",NA,NA,NA,NA,NA,NA,NA,0,"None",NA,50,NA,NA,NA,NA,NA,NA,NA,NA,0,"local",FALSE,NA,NA,NA,NA,NA,NA,NA,NA,NA,NA
"MiFish_0000976","Eukaryota","Chordata","Actinopteri","Lutjaniformes","Lutjanidae","Lutjanus",NA,97.6470588235294,"40493","Lutjanus",11,NA,NA,NA,NA,NA,NA,NA,NA,0,"global",FALSE,97.6470588235294,"global","Eukaryota","Chordata","Actinopteri","Lutjaniformes","Lutjanidae","Lutjanus",NA,"Lutjanus"
"MiFish_0000977","Eukaryota","Chordata","Actinopteri","Labriformes","Labridae","Scarus","Scarus ghobban",99.4186046511628,"242806","Scarus ghobban",70,NA,NA,NA,NA,NA,NA,NA,NA,0,"global",FALSE,99.4186046511628,"global","Eukaryota","Chordata","Actinopteri","Labriformes","Labridae","Scarus","Scarus ghobban","Scarus ghobban"
"MiFish_0000978",NA,NA,NA,NA,NA,NA,NA,0,"None",NA,49,NA,NA,NA,NA,NA,NA,NA,NA,0,"local",FALSE,NA,NA,NA,NA,NA,NA,NA,NA,NA,NA
"MiFish_0000979",NA,NA,NA,NA,NA,NA,NA,0,"None",NA,18,NA,NA,NA,NA,NA,NA,NA,NA,0,"local",FALSE,NA,NA,NA,NA,NA,NA,NA,NA,NA,NA
"MiFish_0000980",NA,NA,NA,NA,NA,NA,NA,0,"None",NA,12,NA,NA,NA,NA,NA,NA,NA,NA,0,"local",FALSE,NA,NA,NA,NA,NA,NA,NA,NA,NA,NA
"MiFish_0000981",NA,NA,NA,NA,NA,NA,NA,0,"None",NA,716,NA,NA,NA,NA,NA,NA,NA,NA,0,"local",FALSE,NA,NA,NA,NA,NA,NA,NA,NA,NA,NA
"MiFish_0000982",NA,NA,NA,NA,NA,NA,NA,0,"None",NA,21,NA,NA,NA,NA,NA,NA,NA,NA,0,"local",FALSE,NA,NA,NA,NA,NA,NA,NA,NA,NA,NA
"MiFish_0000983",NA,NA,NA,NA,NA,NA,NA,0,"None",NA,29,NA,NA,NA,NA,NA,NA,NA,NA,0,"local",FALSE,NA,NA,NA,NA,NA,NA,NA,NA,NA,NA
"MiFish_0000984",NA,NA,NA,NA,NA,NA,NA,0,"None",NA,16,NA,NA,NA,NA,NA,NA,NA,NA,0,"local",FALSE,NA,NA,NA,NA,NA,NA,NA,NA,NA,NA
"MiFish_0000985","Eukaryota","Chordata","Actinopteri","Labriformes","Labridae","Scarus","Scarus ghobban",99.4186046511628,"242806","Scarus ghobban",26,NA,NA,NA,NA,NA,NA,NA,NA,0,"global",FALSE,99.4186046511628,"global","Eukaryota","Chordata","Actinopteri","Labriformes","Labridae","Scarus","Scarus ghobban","Scarus ghobban"
"MiFish_0000986","Eukaryota","Chordata","Actinopteri","Scombriformes","Scombridae","Scomber",NA,99.4082840236686,"13675","Scomber",12,"d:Eukaryota,p:Chordata,c:Actinopteri,o:Scombriformes,f:Scombridae,g:Scomber","Eukaryota","Chordata","Actinopteri","Scombriformes","Scombridae","Scomber",NA,99.4,"global",TRUE,99.4082840236686,"lca_global_v_local","Eukaryota","Chordata","Actinopteri","Scombriformes","Scombridae","Scomber",NA,"Scomber"
"MiFish_0000987",NA,NA,NA,NA,NA,NA,NA,0,"None",NA,34,NA,NA,NA,NA,NA,NA,NA,NA,0,"local",FALSE,NA,NA,NA,NA,NA,NA,NA,NA,NA,NA
"MiFish_0000988",NA,NA,NA,NA,NA,NA,NA,0,"None",NA,15,NA,NA,NA,NA,NA,NA,NA,NA,0,"local",FALSE,NA,NA,NA,NA,NA,NA,NA,NA,NA,NA
"MiFish_0000989",NA,NA,NA,NA,NA,NA,NA,0,"None",NA,15,NA,NA,NA,NA,NA,NA,NA,NA,0,"local",FALSE,NA,NA,NA,NA,NA,NA,NA,NA,NA,NA
"MiFish_0000990",NA,NA,NA,NA,NA,NA,NA,0,"None",NA,13,NA,NA,NA,NA,NA,NA,NA,NA,0,"local",FALSE,NA,NA,NA,NA,NA,NA,NA,NA,NA,NA
"MiFish_0000991","Eukaryota","Chordata","Actinopteri",NA,"Pomacentridae","Stegastes","Stegastes arcifrons",99.4285714285714,"1350519","Stegastes arcifrons",29,NA,NA,NA,NA,NA,NA,NA,NA,0,"global",FALSE,99.4285714285714,"global","Eukaryota","Chordata","Actinopteri",NA,"Pomacentridae","Stegastes","Stegastes arcifrons","Stegastes arcifrons"
"MiFish_0000992","Eukaryota","Chordata","Actinopteri","Labriformes","Labridae","Scarus","Scarus ghobban",99.4186046511628,"242806","Scarus ghobban",33,NA,NA,NA,NA,NA,NA,NA,NA,0,"global",FALSE,99.4186046511628,"global","Eukaryota","Chordata","Actinopteri","Labriformes","Labridae","Scarus","Scarus ghobban","Scarus ghobban"
"MiFish_0000993",NA,NA,NA,NA,NA,NA,NA,0,"None",NA,32,NA,NA,NA,NA,NA,NA,NA,NA,0,"local",FALSE,NA,NA,NA,NA,NA,NA,NA,NA,NA,NA
"MiFish_0000994",NA,NA,NA,NA,NA,NA,NA,0,"None",NA,10,NA,NA,NA,NA,NA,NA,NA,NA,0,"local",FALSE,NA,NA,NA,NA,NA,NA,NA,NA,NA,NA
"MiFish_0000995","Eukaryota","Chordata","Actinopteri","Labriformes","Labridae","Scarus","Scarus ghobban",99.4186046511628,"242806","Scarus ghobban",20,NA,NA,NA,NA,NA,NA,NA,NA,0,"global",FALSE,99.4186046511628,"global","Eukaryota","Chordata","Actinopteri","Labriformes","Labridae","Scarus","Scarus ghobban","Scarus ghobban"
"MiFish_0000996","Eukaryota","Chordata","Actinopteri","Tetraodontiformes","Tetraodontidae","Arothron",NA,99.4152046783626,"50368","Arothron",59,"d:Eukaryota,p:Chordata,c:Actinopteri,o:Tetraodontiformes,f:Tetraodontidae,g:Arothron,s:Arothron_hispidus","Eukaryota","Chordata","Actinopteri","Tetraodontiformes","Tetraodontidae","Arothron","Arothron hispidus",99.4,"global",TRUE,99.4152046783626,"lca_global_v_local","Eukaryota","Chordata","Actinopteri","Tetraodontiformes","Tetraodontidae","Arothron",NA,"Arothron"
"MiFish_0000997","Eukaryota","Chordata","Actinopteri","Anguilliformes","Muraenidae","Muraena","Muraena lentiginosa",98.8165680473373,"1232744","Muraena lentiginosa",63,NA,NA,NA,NA,NA,NA,NA,NA,0,"global",FALSE,98.8165680473373,"global","Eukaryota","Chordata","Actinopteri","Anguilliformes","Muraenidae","Muraena","Muraena lentiginosa","Muraena lentiginosa"
"MiFish_0000998","Eukaryota","Chordata","Actinopteri",NA,"Pomacentridae","Stegastes","Stegastes arcifrons",99.4285714285714,"1350519","Stegastes arcifrons",48,NA,NA,NA,NA,NA,NA,NA,NA,0,"global",FALSE,99.4285714285714,"global","Eukaryota","Chordata","Actinopteri",NA,"Pomacentridae","Stegastes","Stegastes arcifrons","Stegastes arcifrons"
"MiFish_0000999",NA,NA,NA,NA,NA,NA,NA,0,"None",NA,15,NA,NA,NA,NA,NA,NA,NA,NA,0,"local",FALSE,NA,NA,NA,NA,NA,NA,NA,NA,NA,NA
"MiFish_0001000",NA,NA,NA,NA,NA,NA,NA,0,"None",NA,32,NA,NA,NA,NA,NA,NA,NA,NA,0,"local",FALSE,NA,NA,NA,NA,NA,NA,NA,NA,NA,NA
"MiFish_0001001",NA,NA,NA,NA,NA,NA,NA,0,"None",NA,39,NA,NA,NA,NA,NA,NA,NA,NA,0,"local",FALSE,NA,NA,NA,NA,NA,NA,NA,NA,NA,NA
"MiFish_0001002","Eukaryota","Chordata","Actinopteri","Labriformes","Labridae","Thalassoma","Thalassoma lucasanum",99.4011976047904,"239048","Thalassoma lucasanum",20,NA,NA,NA,NA,NA,NA,NA,NA,0,"global",FALSE,99.4011976047904,"global","Eukaryota","Chordata","Actinopteri","Labriformes","Labridae","Thalassoma","Thalassoma lucasanum","Thalassoma lucasanum"
"MiFish_0001003","Eukaryota","Chordata","Actinopteri","Labriformes","Labridae","Thalassoma","Thalassoma lucasanum",99.4011976047904,"239048","Thalassoma lucasanum",37,NA,NA,NA,NA,NA,NA,NA,NA,0,"global",FALSE,99.4011976047904,"global","Eukaryota","Chordata","Actinopteri","Labriformes","Labridae","Thalassoma","Thalassoma lucasanum","Thalassoma lucasanum"
"MiFish_0001004",NA,NA,NA,NA,NA,NA,NA,0,"None",NA,15,NA,NA,NA,NA,NA,NA,NA,NA,0,"local",FALSE,NA,NA,NA,NA,NA,NA,NA,NA,NA,NA
"MiFish_0001005","Eukaryota","Chordata","Actinopteri","Lutjaniformes","Lutjanidae","Lutjanus",NA,98.2248520710059,"40493","Lutjanus",18,NA,NA,NA,NA,NA,NA,NA,NA,0,"global",FALSE,98.2248520710059,"global","Eukaryota","Chordata","Actinopteri","Lutjaniformes","Lutjanidae","Lutjanus",NA,"Lutjanus"
"MiFish_0001006",NA,NA,NA,NA,NA,NA,NA,0,"None",NA,33,NA,NA,NA,NA,NA,NA,NA,NA,0,"local",FALSE,NA,NA,NA,NA,NA,NA,NA,NA,NA,NA
"MiFish_0001007","Eukaryota","Chordata","Actinopteri",NA,"Pomacentridae","Abudefduf",NA,98.8165680473373,"36213","Abudefduf",23,NA,NA,NA,NA,NA,NA,NA,NA,0,"global",FALSE,98.8165680473373,"global","Eukaryota","Chordata","Actinopteri",NA,"Pomacentridae","Abudefduf",NA,"Abudefduf"
"MiFish_0001008",NA,NA,NA,NA,NA,NA,NA,0,"None",NA,18,NA,NA,NA,NA,NA,NA,NA,NA,0,"local",FALSE,NA,NA,NA,NA,NA,NA,NA,NA,NA,NA
"MiFish_0001009",NA,NA,NA,NA,NA,NA,NA,0,"None",NA,40,NA,NA,NA,NA,NA,NA,NA,NA,0,"local",FALSE,NA,NA,NA,NA,NA,NA,NA,NA,NA,NA
"MiFish_0001010",NA,NA,NA,NA,NA,NA,NA,0,"None",NA,37,NA,NA,NA,NA,NA,NA,NA,NA,0,"local",FALSE,NA,NA,NA,NA,NA,NA,NA,NA,NA,NA
"MiFish_0001011","Eukaryota","Chordata","Actinopteri","Tetraodontiformes","Tetraodontidae","Sphoeroides","Sphoeroides annulatus",98.8235294117647,"168377","Sphoeroides annulatus",42,NA,NA,NA,NA,NA,NA,NA,NA,0,"global",FALSE,98.8235294117647,"global","Eukaryota","Chordata","Actinopteri","Tetraodontiformes","Tetraodontidae","Sphoeroides","Sphoeroides annulatus","Sphoeroides annulatus"
"MiFish_0001012","Eukaryota","Chordata","Actinopteri","Gerreiformes","Gerreidae","Gerres","Gerres cinereus",99.4082840236686,"435274","Gerres cinereus",22,NA,NA,NA,NA,NA,NA,NA,NA,0,"global",FALSE,99.4082840236686,"global","Eukaryota","Chordata","Actinopteri","Gerreiformes","Gerreidae","Gerres","Gerres cinereus","Gerres cinereus"
"MiFish_0001013",NA,NA,NA,NA,NA,NA,NA,0,"None",NA,11,NA,NA,NA,NA,NA,NA,NA,NA,0,"local",FALSE,NA,NA,NA,NA,NA,NA,NA,NA,NA,NA
"MiFish_0001014",NA,NA,NA,NA,NA,NA,NA,0,"None",NA,31,NA,NA,NA,NA,NA,NA,NA,NA,0,"local",FALSE,NA,NA,NA,NA,NA,NA,NA,NA,NA,NA
"MiFish_0001015","Eukaryota","Chordata","Actinopteri","Labriformes","Labridae","Halichoeres","Halichoeres dispilus",97.6047904191617,"317475","Halichoeres dispilus",175,NA,NA,NA,NA,NA,NA,NA,NA,0,"global",FALSE,97.6047904191617,"global","Eukaryota","Chordata","Actinopteri","Labriformes","Labridae","Halichoeres","Halichoeres dispilus","Halichoeres dispilus"
"MiFish_0001016","Eukaryota","Chordata","Actinopteri","Labriformes","Labridae","Halichoeres","Halichoeres dispilus",97.0059880239521,"317475","Halichoeres dispilus",20,NA,NA,NA,NA,NA,NA,NA,NA,0,"global",FALSE,97.0059880239521,"global","Eukaryota","Chordata","Actinopteri","Labriformes","Labridae","Halichoeres","Halichoeres dispilus","Halichoeres dispilus"
"MiFish_0001017",NA,NA,NA,NA,NA,NA,NA,0,"None",NA,55,NA,NA,NA,NA,NA,NA,NA,NA,0,"local",FALSE,NA,NA,NA,NA,NA,NA,NA,NA,NA,NA
"MiFish_0001018",NA,NA,NA,NA,NA,NA,NA,0,"None",NA,73,NA,NA,NA,NA,NA,NA,NA,NA,0,"local",FALSE,NA,NA,NA,NA,NA,NA,NA,NA,NA,NA
"MiFish_0001019","Eukaryota","Chordata","Actinopteri","Lutjaniformes","Lutjanidae","Lutjanus","Lutjanus argentimaculatus",97.0414201183432,"211834","Lutjanus argentimaculatus",170,NA,NA,NA,NA,NA,NA,NA,NA,0,"global",FALSE,97.0414201183432,"global","Eukaryota","Chordata","Actinopteri","Lutjaniformes","Lutjanidae","Lutjanus","Lutjanus argentimaculatus","Lutjanus argentimaculatus"
"MiFish_0001020",NA,NA,NA,NA,NA,NA,NA,0,"None",NA,11,NA,NA,NA,NA,NA,NA,NA,NA,0,"local",FALSE,NA,NA,NA,NA,NA,NA,NA,NA,NA,NA
"MiFish_0001021","Eukaryota","Chordata","Actinopteri","Perciformes","Serranidae","Epinephelus","Epinephelus bontoides",97.0414201183432,"1167616","Epinephelus bontoides",180,"d:Eukaryota,p:Chordata,c:Actinopteri,o:Perciformes,f:Serranidae,g:Epinephelus,s:Epinephelus_merra","Eukaryota","Chordata","Actinopteri","Perciformes","Serranidae","Epinephelus","Epinephelus merra",95.3,"global",TRUE,97.0414201183432,"lca_global_v_local","Eukaryota","Chordata","Actinopteri","Perciformes","Serranidae","Epinephelus",NA,"Epinephelus"
"MiFish_0001022",NA,NA,NA,NA,NA,NA,NA,0,"None",NA,18,NA,NA,NA,NA,NA,NA,NA,NA,0,"local",FALSE,NA,NA,NA,NA,NA,NA,NA,NA,NA,NA
"MiFish_0001023","Eukaryota","Chordata","Actinopteri","Mugiliformes","Mugilidae","Mugil","Mugil cephalus",98.8304093567252,"48193","Mugil cephalus",12,"d:Eukaryota,p:Chordata,c:Actinopteri,o:Mugiliformes,f:Mugilidae,g:Mugil,s:Mugil_cephalus","Eukaryota","Chordata","Actinopteri","Mugiliformes","Mugilidae","Mugil","Mugil cephalus",98.8,"global",TRUE,98.8304093567252,"lca_global_v_local","Eukaryota","Chordata","Actinopteri","Mugiliformes","Mugilidae","Mugil","Mugil cephalus","Mugil cephalus"
"MiFish_0001024","Eukaryota","Chordata","Actinopteri","Gonorynchiformes","Chanidae","Chanos","Chanos chanos",99.4318181818182,"29144","Chanos chanos",31,NA,NA,NA,NA,NA,NA,NA,NA,0,"global",FALSE,99.4318181818182,"global","Eukaryota","Chordata","Actinopteri","Gonorynchiformes","Chanidae","Chanos","Chanos chanos","Chanos chanos"
"MiFish_0001025",NA,NA,NA,NA,NA,NA,NA,0,"None",NA,12,NA,NA,NA,NA,NA,NA,NA,NA,0,"local",FALSE,NA,NA,NA,NA,NA,NA,NA,NA,NA,NA
"MiFish_0001026","Eukaryota","Chordata","Actinopteri",NA,"Pomacentridae","Abudefduf",NA,99.4082840236686,"36213","Abudefduf",10,NA,NA,NA,NA,NA,NA,NA,NA,0,"global",FALSE,99.4082840236686,"global","Eukaryota","Chordata","Actinopteri",NA,"Pomacentridae","Abudefduf",NA,"Abudefduf"
"MiFish_0001027",NA,NA,NA,NA,NA,NA,NA,0,"None",NA,14,NA,NA,NA,NA,NA,NA,NA,NA,0,"local",FALSE,NA,NA,NA,NA,NA,NA,NA,NA,NA,NA
"MiFish_0001028",NA,NA,NA,NA,NA,NA,NA,0,"None",NA,35,NA,NA,NA,NA,NA,NA,NA,NA,0,"local",FALSE,NA,NA,NA,NA,NA,NA,NA,NA,NA,NA
"MiFish_0001029","Eukaryota","Chordata","Actinopteri","Lutjaniformes","Haemulidae","Haemulon","Haemulon plumierii",95.2662721893491,"334415","Haemulon plumierii",13,NA,NA,NA,NA,NA,NA,NA,NA,0,"global",FALSE,95.2662721893491,"global","Eukaryota","Chordata","Actinopteri","Lutjaniformes","Haemulidae","Haemulon","Haemulon plumierii","Haemulon plumierii"
"MiFish_0001030","Eukaryota","Chordata","Actinopteri","Mugiliformes","Mugilidae","Mugil","Mugil cephalus",98.2456140350877,"48193","Mugil cephalus",26,"d:Eukaryota,p:Chordata,c:Actinopteri,o:Mugiliformes,f:Mugilidae,g:Mugil,s:Mugil_cephalus","Eukaryota","Chordata","Actinopteri","Mugiliformes","Mugilidae","Mugil","Mugil cephalus",98.2,"global",TRUE,98.2456140350877,"lca_global_v_local","Eukaryota","Chordata","Actinopteri","Mugiliformes","Mugilidae","Mugil","Mugil cephalus","Mugil cephalus"
"MiFish_0001031",NA,NA,NA,NA,NA,NA,NA,0,"None",NA,13,NA,NA,NA,NA,NA,NA,NA,NA,0,"local",FALSE,NA,NA,NA,NA,NA,NA,NA,NA,NA,NA
"MiFish_0001032",NA,NA,NA,NA,NA,NA,NA,0,"None",NA,11,NA,NA,NA,NA,NA,NA,NA,NA,0,"local",FALSE,NA,NA,NA,NA,NA,NA,NA,NA,NA,NA
"MiFish_0001033",NA,NA,NA,NA,NA,NA,NA,0,"None",NA,41,NA,NA,NA,NA,NA,NA,NA,NA,0,"local",FALSE,NA,NA,NA,NA,NA,NA,NA,NA,NA,NA
"MiFish_0001034",NA,NA,NA,NA,NA,NA,NA,0,"None",NA,10,NA,NA,NA,NA,NA,NA,NA,NA,0,"local",FALSE,NA,NA,NA,NA,NA,NA,NA,NA,NA,NA
"MiFish_0001035",NA,NA,NA,NA,NA,NA,NA,0,"None",NA,1104,NA,NA,NA,NA,NA,NA,NA,NA,0,"local",FALSE,NA,NA,NA,NA,NA,NA,NA,NA,NA,NA
"MiFish_0001036",NA,NA,NA,NA,NA,NA,NA,0,"None",NA,39,NA,NA,NA,NA,NA,NA,NA,NA,0,"local",FALSE,NA,NA,NA,NA,NA,NA,NA,NA,NA,NA
"MiFish_0001037",NA,NA,NA,NA,NA,NA,NA,0,"None",NA,40,NA,NA,NA,NA,NA,NA,NA,NA,0,"local",FALSE,NA,NA,NA,NA,NA,NA,NA,NA,NA,NA
"MiFish_0001038",NA,NA,NA,NA,NA,NA,NA,0,"None",NA,50,NA,NA,NA,NA,NA,NA,NA,NA,0,"local",FALSE,NA,NA,NA,NA,NA,NA,NA,NA,NA,NA
"MiFish_0001039","Eukaryota","Chordata","Actinopteri","Labriformes","Labridae","Halichoeres","Halichoeres dispilus",97.0059880239521,"317475","Halichoeres dispilus",118,NA,NA,NA,NA,NA,NA,NA,NA,0,"global",FALSE,97.0059880239521,"global","Eukaryota","Chordata","Actinopteri","Labriformes","Labridae","Halichoeres","Halichoeres dispilus","Halichoeres dispilus"
"MiFish_0001040",NA,NA,NA,NA,NA,NA,NA,0,"None",NA,11,NA,NA,NA,NA,NA,NA,NA,NA,0,"local",FALSE,NA,NA,NA,NA,NA,NA,NA,NA,NA,NA
"MiFish_0001041","Eukaryota","Chordata","Actinopteri","Mugiliformes","Mugilidae","Mugil",NA,96.4705882352941,"8190","Mugil",13,"d:Eukaryota,p:Chordata,c:Actinopteri,o:Mugiliformes,f:Mugilidae,g:Mugil,s:Mugil_thoburni","Eukaryota","Chordata","Actinopteri","Mugiliformes","Mugilidae","Mugil","Mugil thoburni",96.5,"local",FALSE,96.5,"local","Eukaryota","Chordata","Actinopteri","Mugiliformes","Mugilidae","Mugil","Mugil thoburni","Mugil thoburni"
"MiFish_0001042",NA,NA,NA,NA,NA,NA,NA,0,"None",NA,43,NA,NA,NA,NA,NA,NA,NA,NA,0,"local",FALSE,NA,NA,NA,NA,NA,NA,NA,NA,NA,NA
"MiFish_0001043",NA,NA,NA,NA,NA,NA,NA,0,"None",NA,26,NA,NA,NA,NA,NA,NA,NA,NA,0,"local",FALSE,NA,NA,NA,NA,NA,NA,NA,NA,NA,NA
"MiFish_0001044",NA,NA,NA,NA,NA,NA,NA,0,"None",NA,11,NA,NA,NA,NA,NA,NA,NA,NA,0,"local",FALSE,NA,NA,NA,NA,NA,NA,NA,NA,NA,NA
"MiFish_0001045","Eukaryota","Chordata","Actinopteri",NA,"Pomacentridae","Stegastes","Stegastes beebei",99.4285714285714,"1350520","Stegastes beebei",12,NA,NA,NA,NA,NA,NA,NA,NA,0,"global",FALSE,99.4285714285714,"global","Eukaryota","Chordata","Actinopteri",NA,"Pomacentridae","Stegastes","Stegastes beebei","Stegastes beebei"
"MiFish_0001046","Eukaryota","Chordata","Actinopteri","Perciformes","Serranidae","Hyporthodus","Hyporthodus octofasciatus",97.0414201183432,"327774","Hyporthodus octofasciatus",32,NA,NA,NA,NA,NA,NA,NA,NA,0,"global",FALSE,97.0414201183432,"global","Eukaryota","Chordata","Actinopteri","Perciformes","Serranidae","Hyporthodus","Hyporthodus octofasciatus","Hyporthodus octofasciatus"
"MiFish_0001047",NA,NA,NA,NA,NA,NA,NA,0,"None",NA,21,NA,NA,NA,NA,NA,NA,NA,NA,0,"local",FALSE,NA,NA,NA,NA,NA,NA,NA,NA,NA,NA
"MiFish_0001048",NA,NA,NA,NA,NA,NA,NA,0,"None",NA,34,NA,NA,NA,NA,NA,NA,NA,NA,0,"local",FALSE,NA,NA,NA,NA,NA,NA,NA,NA,NA,NA
"MiFish_0001049",NA,NA,NA,NA,NA,NA,NA,0,"None",NA,109,NA,NA,NA,NA,NA,NA,NA,NA,0,"local",FALSE,NA,NA,NA,NA,NA,NA,NA,NA,NA,NA
"MiFish_0001050","Eukaryota","Chordata","Actinopteri","Perciformes","Scorpaenidae","Pontinus","Pontinus macrocephalus",97.0238095238095,"398654","Pontinus macrocephalus",40,NA,NA,NA,NA,NA,NA,NA,NA,0,"global",FALSE,97.0238095238095,"global","Eukaryota","Chordata","Actinopteri","Perciformes","Scorpaenidae","Pontinus","Pontinus macrocephalus","Pontinus macrocephalus"
"MiFish_0001051","Eukaryota","Chordata","Actinopteri","Pleuronectiformes","Bothidae","Bothus","Bothus robinsi",98.2456140350877,"195598","Bothus robinsi",62,NA,NA,NA,NA,NA,NA,NA,NA,0,"global",FALSE,98.2456140350877,"global","Eukaryota","Chordata","Actinopteri","Pleuronectiformes","Bothidae","Bothus","Bothus robinsi","Bothus robinsi"
"MiFish_0001052",NA,NA,NA,NA,NA,NA,NA,0,"None",NA,14,NA,NA,NA,NA,NA,NA,NA,NA,0,"local",FALSE,NA,NA,NA,NA,NA,NA,NA,NA,NA,NA
"MiFish_0001053",NA,NA,NA,NA,NA,NA,NA,0,"None",NA,11,NA,NA,NA,NA,NA,NA,NA,NA,0,"local",FALSE,NA,NA,NA,NA,NA,NA,NA,NA,NA,NA
"MiFish_0001054",NA,NA,NA,NA,NA,NA,NA,0,"None",NA,26,NA,NA,NA,NA,NA,NA,NA,NA,0,"local",FALSE,NA,NA,NA,NA,NA,NA,NA,NA,NA,NA
"MiFish_0001055","Eukaryota","Chordata","Actinopteri","Mugiliformes","Mugilidae","Mugil","Mugil cephalus",96.551724137931,"48193","Mugil cephalus",27,"d:Eukaryota,p:Chordata,c:Actinopteri,o:Mugiliformes,f:Mugilidae,g:Mugil,s:Mugil_cephalus","Eukaryota","Chordata","Actinopteri","Mugiliformes","Mugilidae","Mugil","Mugil cephalus",97.1,"local",FALSE,97.1,"local","Eukaryota","Chordata","Actinopteri","Mugiliformes","Mugilidae","Mugil","Mugil cephalus","Mugil cephalus"
"MiFish_0001056",NA,NA,NA,NA,NA,NA,NA,0,"None",NA,30,NA,NA,NA,NA,NA,NA,NA,NA,0,"local",FALSE,NA,NA,NA,NA,NA,NA,NA,NA,NA,NA
"MiFish_0001057",NA,NA,NA,NA,NA,NA,NA,0,"None",NA,21,NA,NA,NA,NA,NA,NA,NA,NA,0,"local",FALSE,NA,NA,NA,NA,NA,NA,NA,NA,NA,NA
"MiFish_0001058",NA,NA,NA,NA,NA,NA,NA,0,"None",NA,16,NA,NA,NA,NA,NA,NA,NA,NA,0,"local",FALSE,NA,NA,NA,NA,NA,NA,NA,NA,NA,NA
"MiFish_0001059","Eukaryota","Chordata","Actinopteri","Tetraodontiformes","Tetraodontidae","Sphoeroides","Sphoeroides annulatus",98.8235294117647,"168377","Sphoeroides annulatus",464,NA,NA,NA,NA,NA,NA,NA,NA,0,"global",FALSE,98.8235294117647,"global","Eukaryota","Chordata","Actinopteri","Tetraodontiformes","Tetraodontidae","Sphoeroides","Sphoeroides annulatus","Sphoeroides annulatus"
"MiFish_0001060",NA,NA,NA,NA,NA,NA,NA,0,"None",NA,22,NA,NA,NA,NA,NA,NA,NA,NA,0,"local",FALSE,NA,NA,NA,NA,NA,NA,NA,NA,NA,NA
"MiFish_0001061",NA,NA,NA,NA,NA,NA,NA,0,"None",NA,13,NA,NA,NA,NA,NA,NA,NA,NA,0,"local",FALSE,NA,NA,NA,NA,NA,NA,NA,NA,NA,NA
"MiFish_0001062","Eukaryota","Chordata","Actinopteri","Gonorynchiformes","Chanidae","Chanos","Chanos chanos",99.4318181818182,"29144","Chanos chanos",25,NA,NA,NA,NA,NA,NA,NA,NA,0,"global",FALSE,99.4318181818182,"global","Eukaryota","Chordata","Actinopteri","Gonorynchiformes","Chanidae","Chanos","Chanos chanos","Chanos chanos"
"MiFish_0001063","Eukaryota","Chordata","Actinopteri",NA,NA,NA,NA,99.4047619047619,"1489872","Percomorphaceae",11,"d:Eukaryota,p:Chordata,c:Actinopteri,o:Scombriformes,f:Scombridae,g:Acanthocybium,s:Acanthocybium_solandri","Eukaryota","Chordata","Actinopteri","Scombriformes","Scombridae","Acanthocybium","Acanthocybium solandri",100,"local",FALSE,100,"local","Eukaryota","Chordata","Actinopteri","Scombriformes","Scombridae","Acanthocybium","Acanthocybium solandri","Acanthocybium solandri"
"MiFish_0001064","Eukaryota","Chordata","Actinopteri","Gonorynchiformes","Chanidae","Chanos","Chanos chanos",99.4318181818182,"29144","Chanos chanos",13,NA,NA,NA,NA,NA,NA,NA,NA,0,"global",FALSE,99.4318181818182,"global","Eukaryota","Chordata","Actinopteri","Gonorynchiformes","Chanidae","Chanos","Chanos chanos","Chanos chanos"
"MiFish_0001065","Eukaryota","Chordata","Actinopteri","Perciformes","Serranidae","Mycteroperca","Mycteroperca bonaci",95.8579881656805,"153621","Mycteroperca bonaci",16,NA,NA,NA,NA,NA,NA,NA,NA,0,"global",FALSE,95.8579881656805,"global","Eukaryota","Chordata","Actinopteri","Perciformes","Serranidae","Mycteroperca","Mycteroperca bonaci","Mycteroperca bonaci"
"MiFish_0001066",NA,NA,NA,NA,NA,NA,NA,0,"None",NA,17,NA,NA,NA,NA,NA,NA,NA,NA,0,"local",FALSE,NA,NA,NA,NA,NA,NA,NA,NA,NA,NA
"MiFish_0001067",NA,NA,NA,NA,NA,NA,NA,0,"None",NA,25,NA,NA,NA,NA,NA,NA,NA,NA,0,"local",FALSE,NA,NA,NA,NA,NA,NA,NA,NA,NA,NA
"MiFish_0001068","Eukaryota","Chordata","Actinopteri",NA,"Pomacentridae","Stegastes","Stegastes arcifrons",99.4285714285714,"1350519","Stegastes arcifrons",43,NA,NA,NA,NA,NA,NA,NA,NA,0,"global",FALSE,99.4285714285714,"global","Eukaryota","Chordata","Actinopteri",NA,"Pomacentridae","Stegastes","Stegastes arcifrons","Stegastes arcifrons"
"MiFish_0001069",NA,NA,NA,NA,NA,NA,NA,0,"None",NA,11,NA,NA,NA,NA,NA,NA,NA,NA,0,"local",FALSE,NA,NA,NA,NA,NA,NA,NA,NA,NA,NA
"MiFish_0001070","Eukaryota","Chordata","Actinopteri",NA,"Pomacentridae","Abudefduf",NA,99.4082840236686,"36213","Abudefduf",18,NA,NA,NA,NA,NA,NA,NA,NA,0,"global",FALSE,99.4082840236686,"global","Eukaryota","Chordata","Actinopteri",NA,"Pomacentridae","Abudefduf",NA,"Abudefduf"
"MiFish_0001071",NA,NA,NA,NA,NA,NA,NA,0,"None",NA,56,NA,NA,NA,NA,NA,NA,NA,NA,0,"local",FALSE,NA,NA,NA,NA,NA,NA,NA,NA,NA,NA
"MiFish_0001072",NA,NA,NA,NA,NA,NA,NA,0,"None",NA,13,NA,NA,NA,NA,NA,NA,NA,NA,0,"local",FALSE,NA,NA,NA,NA,NA,NA,NA,NA,NA,NA
"MiFish_0001073","Eukaryota","Chordata","Actinopteri","Lutjaniformes","Haemulidae","Orthopristis","Orthopristis chrysoptera",97.6331360946746,"482919","Orthopristis chrysoptera",626,NA,NA,NA,NA,NA,NA,NA,NA,0,"global",FALSE,97.6331360946746,"global","Eukaryota","Chordata","Actinopteri","Lutjaniformes","Haemulidae","Orthopristis","Orthopristis chrysoptera","Orthopristis chrysoptera"
"MiFish_0001074",NA,NA,NA,NA,NA,NA,NA,0,"None",NA,21,NA,NA,NA,NA,NA,NA,NA,NA,0,"local",FALSE,NA,NA,NA,NA,NA,NA,NA,NA,NA,NA
"MiFish_0001075",NA,NA,NA,NA,NA,NA,NA,0,"None",NA,59,NA,NA,NA,NA,NA,NA,NA,NA,0,"local",FALSE,NA,NA,NA,NA,NA,NA,NA,NA,NA,NA
"MiFish_0001076",NA,NA,NA,NA,NA,NA,NA,0,"None",NA,18,NA,NA,NA,NA,NA,NA,NA,NA,0,"local",FALSE,NA,NA,NA,NA,NA,NA,NA,NA,NA,NA
"MiFish_0001077",NA,NA,NA,NA,NA,NA,NA,0,"None",NA,40,NA,NA,NA,NA,NA,NA,NA,NA,0,"local",FALSE,NA,NA,NA,NA,NA,NA,NA,NA,NA,NA
"MiFish_0001078",NA,NA,NA,NA,NA,NA,NA,0,"None",NA,40,NA,NA,NA,NA,NA,NA,NA,NA,0,"local",FALSE,NA,NA,NA,NA,NA,NA,NA,NA,NA,NA
"MiFish_0001079","Eukaryota","Chordata","Actinopteri","Carangiformes","Carangidae","Selar","Selar crumenophthalmus",100,"146146","Selar crumenophthalmus",4886,"d:Eukaryota,p:Chordata,c:Actinopteri,o:Carangiformes,f:Carangidae,g:Selar,s:Selar_crumenophthalmus","Eukaryota","Chordata","Actinopteri","Carangiformes","Carangidae","Selar","Selar crumenophthalmus",100,"local",FALSE,100,"local","Eukaryota","Chordata","Actinopteri","Carangiformes","Carangidae","Selar","Selar crumenophthalmus","Selar crumenophthalmus"
"MiFish_0001080","Eukaryota","Chordata","Actinopteri","Mugiliformes","Mugilidae","Mugil","Mugil cephalus",97.6608187134503,"48193","Mugil cephalus",27,"d:Eukaryota,p:Chordata,c:Actinopteri,o:Mugiliformes,f:Mugilidae,g:Mugil,s:Mugil_cephalus","Eukaryota","Chordata","Actinopteri","Mugiliformes","Mugilidae","Mugil","Mugil cephalus",97.7,"local",FALSE,97.7,"local","Eukaryota","Chordata","Actinopteri","Mugiliformes","Mugilidae","Mugil","Mugil cephalus","Mugil cephalus"
"MiFish_0001081","Eukaryota","Chordata","Actinopteri","Carangiformes","Carangidae","Caranx",NA,99.4082840236686,"8158","Caranx",242,"d:Eukaryota,p:Chordata,c:Actinopteri,o:Carangiformes,f:Carangidae,g:Caranx,s:Caranx_melampygus","Eukaryota","Chordata","Actinopteri","Carangiformes","Carangidae","Caranx","Caranx melampygus",97,"global",TRUE,99.4082840236686,"lca_global_v_local","Eukaryota","Chordata","Actinopteri","Carangiformes","Carangidae","Caranx",NA,"Caranx"
"MiFish_0001082",NA,NA,NA,NA,NA,NA,NA,0,"None",NA,20,NA,NA,NA,NA,NA,NA,NA,NA,0,"local",FALSE,NA,NA,NA,NA,NA,NA,NA,NA,NA,NA
"MiFish_0001083",NA,NA,NA,NA,NA,NA,NA,0,"None",NA,15,NA,NA,NA,NA,NA,NA,NA,NA,0,"local",FALSE,NA,NA,NA,NA,NA,NA,NA,NA,NA,NA
"MiFish_0001084",NA,NA,NA,NA,NA,NA,NA,0,"None",NA,17,NA,NA,NA,NA,NA,NA,NA,NA,0,"local",FALSE,NA,NA,NA,NA,NA,NA,NA,NA,NA,NA
"MiFish_0001085",NA,NA,NA,NA,NA,NA,NA,0,"None",NA,52,NA,NA,NA,NA,NA,NA,NA,NA,0,"local",FALSE,NA,NA,NA,NA,NA,NA,NA,NA,NA,NA
"MiFish_0001086",NA,NA,NA,NA,NA,NA,NA,0,"None",NA,87,NA,NA,NA,NA,NA,NA,NA,NA,0,"local",FALSE,NA,NA,NA,NA,NA,NA,NA,NA,NA,NA
"MiFish_0001087",NA,NA,NA,NA,NA,NA,NA,0,"None",NA,26,NA,NA,NA,NA,NA,NA,NA,NA,0,"local",FALSE,NA,NA,NA,NA,NA,NA,NA,NA,NA,NA
"MiFish_0001088",NA,NA,NA,NA,NA,NA,NA,0,"None",NA,19,NA,NA,NA,NA,NA,NA,NA,NA,0,"local",FALSE,NA,NA,NA,NA,NA,NA,NA,NA,NA,NA
"MiFish_0001089","Eukaryota","Chordata","Actinopteri","Gerreiformes","Gerreidae","Eucinostomus","Eucinostomus melanopterus",95.3488372093023,"332418","Eucinostomus melanopterus",14,NA,NA,NA,NA,NA,NA,NA,NA,0,"global",FALSE,95.3488372093023,"global","Eukaryota","Chordata","Actinopteri","Gerreiformes","Gerreidae","Eucinostomus","Eucinostomus melanopterus","Eucinostomus melanopterus"
"MiFish_0001090","Eukaryota","Chordata","Chondrichthyes","Carcharhiniformes","Carcharhinidae","Sphyrna","Sphyrna lewini",100,"7823","Sphyrna lewini",333,"d:Eukaryota,p:Chordata,c:Chondrichthyes,o:Carcharhiniformes,f:Carcharhinidae,g:Sphyrna,s:Sphyrna_lewini","Eukaryota","Chordata","Chondrichthyes","Carcharhiniformes","Carcharhinidae","Sphyrna","Sphyrna lewini",97.8,"global",TRUE,100,"lca_global_v_local","Eukaryota","Chordata","Chondrichthyes","Carcharhiniformes","Carcharhinidae","Sphyrna","Sphyrna lewini","Sphyrna lewini"
"MiFish_0001091",NA,NA,NA,NA,NA,NA,NA,0,"None",NA,12,NA,NA,NA,NA,NA,NA,NA,NA,0,"local",FALSE,NA,NA,NA,NA,NA,NA,NA,NA,NA,NA
"MiFish_0001092",NA,NA,NA,NA,NA,NA,NA,0,"None",NA,13,NA,NA,NA,NA,NA,NA,NA,NA,0,"local",FALSE,NA,NA,NA,NA,NA,NA,NA,NA,NA,NA
"MiFish_0001093",NA,NA,NA,NA,NA,NA,NA,0,"None",NA,26,NA,NA,NA,NA,NA,NA,NA,NA,0,"local",FALSE,NA,NA,NA,NA,NA,NA,NA,NA,NA,NA
"MiFish_0001094",NA,NA,NA,NA,NA,NA,NA,0,"None",NA,20,NA,NA,NA,NA,NA,NA,NA,NA,0,"local",FALSE,NA,NA,NA,NA,NA,NA,NA,NA,NA,NA
"MiFish_0001095",NA,NA,NA,NA,NA,NA,NA,0,"None",NA,22,NA,NA,NA,NA,NA,NA,NA,NA,0,"local",FALSE,NA,NA,NA,NA,NA,NA,NA,NA,NA,NA
"MiFish_0001096","Eukaryota","Chordata","Actinopteri","Gerreiformes","Gerreidae","Eucinostomus","Eucinostomus melanopterus",95.9302325581395,"332418","Eucinostomus melanopterus",17,NA,NA,NA,NA,NA,NA,NA,NA,0,"global",FALSE,95.9302325581395,"global","Eukaryota","Chordata","Actinopteri","Gerreiformes","Gerreidae","Eucinostomus","Eucinostomus melanopterus","Eucinostomus melanopterus"
"MiFish_0001097",NA,NA,NA,NA,NA,NA,NA,0,"None",NA,13,NA,NA,NA,NA,NA,NA,NA,NA,0,"local",FALSE,NA,NA,NA,NA,NA,NA,NA,NA,NA,NA
"MiFish_0001098","Eukaryota","Chordata","Actinopteri","Carangiformes","Carangidae","Alectis","Alectis ciliaris",100,"179359","Alectis ciliaris",1474,"d:Eukaryota,p:Chordata,c:Actinopteri,o:Carangiformes,f:Carangidae,g:Alectis,s:Alectis_ciliaris","Eukaryota","Chordata","Actinopteri","Carangiformes","Carangidae","Alectis","Alectis ciliaris",100,"local",FALSE,100,"local","Eukaryota","Chordata","Actinopteri","Carangiformes","Carangidae","Alectis","Alectis ciliaris","Alectis ciliaris"
"MiFish_0001099",NA,NA,NA,NA,NA,NA,NA,0,"None",NA,97,NA,NA,NA,NA,NA,NA,NA,NA,0,"local",FALSE,NA,NA,NA,NA,NA,NA,NA,NA,NA,NA
"MiFish_0001100","Eukaryota","Chordata","Actinopteri","Mugiliformes","Mugilidae","Mugil","Mugil cephalus",95.3757225433526,"48193","Mugil cephalus",14,"d:Eukaryota,p:Chordata,c:Actinopteri,o:Mugiliformes,f:Mugilidae,g:Mugil,s:Mugil_cephalus","Eukaryota","Chordata","Actinopteri","Mugiliformes","Mugilidae","Mugil","Mugil cephalus",95.9,"local",FALSE,95.9,"local","Eukaryota","Chordata","Actinopteri","Mugiliformes","Mugilidae","Mugil","Mugil cephalus","Mugil cephalus"
"MiFish_0001101",NA,NA,NA,NA,NA,NA,NA,0,"None",NA,23,NA,NA,NA,NA,NA,NA,NA,NA,0,"local",FALSE,NA,NA,NA,NA,NA,NA,NA,NA,NA,NA
"MiFish_0001102",NA,NA,NA,NA,NA,NA,NA,0,"None",NA,62,NA,NA,NA,NA,NA,NA,NA,NA,0,"local",FALSE,NA,NA,NA,NA,NA,NA,NA,NA,NA,NA
"MiFish_0001103",NA,NA,NA,NA,NA,NA,NA,0,"None",NA,12,NA,NA,NA,NA,NA,NA,NA,NA,0,"local",FALSE,NA,NA,NA,NA,NA,NA,NA,NA,NA,NA
"MiFish_0001104",NA,NA,NA,NA,NA,NA,NA,0,"None",NA,33,NA,NA,NA,NA,NA,NA,NA,NA,0,"local",FALSE,NA,NA,NA,NA,NA,NA,NA,NA,NA,NA
"MiFish_0001105",NA,NA,NA,NA,NA,NA,NA,0,"None",NA,10,"d:Eukaryota,p:Chordata,c:Actinopteri,o:Mugiliformes,f:Mugilidae,g:Mugil,s:Mugil_cephalus","Eukaryota","Chordata","Actinopteri","Mugiliformes","Mugilidae","Mugil","Mugil cephalus",95.3,"local",FALSE,95.3,"local","Eukaryota","Chordata","Actinopteri","Mugiliformes","Mugilidae","Mugil","Mugil cephalus","Mugil cephalus"
"MiFish_0001106",NA,NA,NA,NA,NA,NA,NA,0,"None",NA,11,NA,NA,NA,NA,NA,NA,NA,NA,0,"local",FALSE,NA,NA,NA,NA,NA,NA,NA,NA,NA,NA
"MiFish_0001107",NA,NA,NA,NA,NA,NA,NA,0,"None",NA,44,NA,NA,NA,NA,NA,NA,NA,NA,0,"local",FALSE,NA,NA,NA,NA,NA,NA,NA,NA,NA,NA
"MiFish_0001108",NA,NA,NA,NA,NA,NA,NA,0,"None",NA,16,NA,NA,NA,NA,NA,NA,NA,NA,0,"local",FALSE,NA,NA,NA,NA,NA,NA,NA,NA,NA,NA
"MiFish_0001109",NA,NA,NA,NA,NA,NA,NA,0,"None",NA,10,NA,NA,NA,NA,NA,NA,NA,NA,0,"local",FALSE,NA,NA,NA,NA,NA,NA,NA,NA,NA,NA
"MiFish_0001110",NA,NA,NA,NA,NA,NA,NA,0,"None",NA,18,NA,NA,NA,NA,NA,NA,NA,NA,0,"local",FALSE,NA,NA,NA,NA,NA,NA,NA,NA,NA,NA
"MiFish_0001111",NA,NA,NA,NA,NA,NA,NA,0,"None",NA,16,NA,NA,NA,NA,NA,NA,NA,NA,0,"local",FALSE,NA,NA,NA,NA,NA,NA,NA,NA,NA,NA
"MiFish_0001112",NA,NA,NA,NA,NA,NA,NA,0,"None",NA,142,NA,NA,NA,NA,NA,NA,NA,NA,0,"local",FALSE,NA,NA,NA,NA,NA,NA,NA,NA,NA,NA
"MiFish_0001113",NA,NA,NA,NA,NA,NA,NA,0,"None",NA,10,NA,NA,NA,NA,NA,NA,NA,NA,0,"local",FALSE,NA,NA,NA,NA,NA,NA,NA,NA,NA,NA
"MiFish_0001114",NA,NA,NA,NA,NA,NA,NA,0,"None",NA,15,NA,NA,NA,NA,NA,NA,NA,NA,0,"local",FALSE,NA,NA,NA,NA,NA,NA,NA,NA,NA,NA
"MiFish_0001115","Eukaryota","Chordata","Actinopteri","Carangiformes","Carangidae","Caranx",NA,97.0588235294118,"8158","Caranx",11,"d:Eukaryota,p:Chordata,c:Actinopteri,o:Carangiformes,f:Carangidae,g:Caranx,s:Caranx_hippos","Eukaryota","Chordata","Actinopteri","Carangiformes","Carangidae","Caranx","Caranx hippos",95.9,"global",TRUE,97.0588235294118,"lca_global_v_local","Eukaryota","Chordata","Actinopteri","Carangiformes","Carangidae","Caranx",NA,"Caranx"
"MiFish_0001116","Eukaryota","Chordata","Actinopteri","Gonorynchiformes","Chanidae","Chanos","Chanos chanos",99.4318181818182,"29144","Chanos chanos",34,NA,NA,NA,NA,NA,NA,NA,NA,0,"global",FALSE,99.4318181818182,"global","Eukaryota","Chordata","Actinopteri","Gonorynchiformes","Chanidae","Chanos","Chanos chanos","Chanos chanos"
"MiFish_0001117",NA,NA,NA,NA,NA,NA,NA,0,"None",NA,21,NA,NA,NA,NA,NA,NA,NA,NA,0,"local",FALSE,NA,NA,NA,NA,NA,NA,NA,NA,NA,NA
"MiFish_0001118",NA,NA,NA,NA,NA,NA,NA,0,"None",NA,1681,NA,NA,NA,NA,NA,NA,NA,NA,0,"local",FALSE,NA,NA,NA,NA,NA,NA,NA,NA,NA,NA
"MiFish_0001119","Eukaryota","Chordata","Actinopteri","Carangiformes","Carangidae","Selar","Selar crumenophthalmus",99.4117647058823,"146146","Selar crumenophthalmus",20,"d:Eukaryota,p:Chordata,c:Actinopteri,o:Carangiformes,f:Carangidae,g:Selar,s:Selar_crumenophthalmus","Eukaryota","Chordata","Actinopteri","Carangiformes","Carangidae","Selar","Selar crumenophthalmus",99.4,"global",TRUE,99.4117647058823,"lca_global_v_local","Eukaryota","Chordata","Actinopteri","Carangiformes","Carangidae","Selar","Selar crumenophthalmus","Selar crumenophthalmus"
"MiFish_0001120",NA,NA,NA,NA,NA,NA,NA,0,"None",NA,29,NA,NA,NA,NA,NA,NA,NA,NA,0,"local",FALSE,NA,NA,NA,NA,NA,NA,NA,NA,NA,NA
"MiFish_0001121",NA,NA,NA,NA,NA,NA,NA,0,"None",NA,15,NA,NA,NA,NA,NA,NA,NA,NA,0,"local",FALSE,NA,NA,NA,NA,NA,NA,NA,NA,NA,NA
"MiFish_0001122",NA,NA,NA,NA,NA,NA,NA,0,"None",NA,12,NA,NA,NA,NA,NA,NA,NA,NA,0,"local",FALSE,NA,NA,NA,NA,NA,NA,NA,NA,NA,NA
"MiFish_0001123",NA,NA,NA,NA,NA,NA,NA,0,"None",NA,29,NA,NA,NA,NA,NA,NA,NA,NA,0,"local",FALSE,NA,NA,NA,NA,NA,NA,NA,NA,NA,NA
"MiFish_0001124","Eukaryota","Chordata","Actinopteri","Mugiliformes","Mugilidae","Mugil","Mugil cephalus",97.6608187134503,"48193","Mugil cephalus",14,"d:Eukaryota,p:Chordata,c:Actinopteri,o:Mugiliformes,f:Mugilidae,g:Mugil,s:Mugil_cephalus","Eukaryota","Chordata","Actinopteri","Mugiliformes","Mugilidae","Mugil","Mugil cephalus",97.7,"local",FALSE,97.7,"local","Eukaryota","Chordata","Actinopteri","Mugiliformes","Mugilidae","Mugil","Mugil cephalus","Mugil cephalus"
"MiFish_0001125",NA,NA,NA,NA,NA,NA,NA,0,"None",NA,100,NA,NA,NA,NA,NA,NA,NA,NA,0,"local",FALSE,NA,NA,NA,NA,NA,NA,NA,NA,NA,NA
"MiFish_0001126",NA,NA,NA,NA,NA,NA,NA,0,"None",NA,171,NA,NA,NA,NA,NA,NA,NA,NA,0,"local",FALSE,NA,NA,NA,NA,NA,NA,NA,NA,NA,NA
"MiFish_0001127","Eukaryota","Chordata","Actinopteri","Carangiformes","Carangidae","Caranx","Caranx melampygus",100,"181461","Caranx melampygus",1083,"d:Eukaryota,p:Chordata,c:Actinopteri,o:Carangiformes,f:Carangidae,g:Caranx,s:Caranx_melampygus","Eukaryota","Chordata","Actinopteri","Carangiformes","Carangidae","Caranx","Caranx melampygus",100,"local",FALSE,100,"local","Eukaryota","Chordata","Actinopteri","Carangiformes","Carangidae","Caranx","Caranx melampygus","Caranx melampygus"
"MiFish_0001128",NA,NA,NA,NA,NA,NA,NA,0,"None",NA,12,NA,NA,NA,NA,NA,NA,NA,NA,0,"local",FALSE,NA,NA,NA,NA,NA,NA,NA,NA,NA,NA
"MiFish_0001129","Eukaryota","Chordata","Actinopteri","Gonorynchiformes","Chanidae","Chanos","Chanos chanos",99.4318181818182,"29144","Chanos chanos",15,NA,NA,NA,NA,NA,NA,NA,NA,0,"global",FALSE,99.4318181818182,"global","Eukaryota","Chordata","Actinopteri","Gonorynchiformes","Chanidae","Chanos","Chanos chanos","Chanos chanos"
"MiFish_0001130",NA,NA,NA,NA,NA,NA,NA,0,"None",NA,11,NA,NA,NA,NA,NA,NA,NA,NA,0,"local",FALSE,NA,NA,NA,NA,NA,NA,NA,NA,NA,NA
"MiFish_0001131",NA,NA,NA,NA,NA,NA,NA,0,"None",NA,460,NA,NA,NA,NA,NA,NA,NA,NA,0,"local",FALSE,NA,NA,NA,NA,NA,NA,NA,NA,NA,NA
"MiFish_0001132",NA,NA,NA,NA,NA,NA,NA,0,"None",NA,18,NA,NA,NA,NA,NA,NA,NA,NA,0,"local",FALSE,NA,NA,NA,NA,NA,NA,NA,NA,NA,NA
"MiFish_0001133","Eukaryota","Chordata","Actinopteri","Labriformes","Labridae","Bodianus","Bodianus diplotaenia",99.4117647058823,"1182146","Bodianus diplotaenia",25,NA,NA,NA,NA,NA,NA,NA,NA,0,"global",FALSE,99.4117647058823,"global","Eukaryota","Chordata","Actinopteri","Labriformes","Labridae","Bodianus","Bodianus diplotaenia","Bodianus diplotaenia"
"MiFish_0001134",NA,NA,NA,NA,NA,NA,NA,0,"None",NA,17,NA,NA,NA,NA,NA,NA,NA,NA,0,"local",FALSE,NA,NA,NA,NA,NA,NA,NA,NA,NA,NA
"MiFish_0001135",NA,NA,NA,NA,NA,NA,NA,0,"None",NA,19,NA,NA,NA,NA,NA,NA,NA,NA,0,"local",FALSE,NA,NA,NA,NA,NA,NA,NA,NA,NA,NA
"MiFish_0001136",NA,NA,NA,NA,NA,NA,NA,0,"None",NA,43,NA,NA,NA,NA,NA,NA,NA,NA,0,"local",FALSE,NA,NA,NA,NA,NA,NA,NA,NA,NA,NA
"MiFish_0001137",NA,NA,NA,NA,NA,NA,NA,0,"None",NA,39,NA,NA,NA,NA,NA,NA,NA,NA,0,"local",FALSE,NA,NA,NA,NA,NA,NA,NA,NA,NA,NA
"MiFish_0001138",NA,NA,NA,NA,NA,NA,NA,0,"None",NA,10,NA,NA,NA,NA,NA,NA,NA,NA,0,"local",FALSE,NA,NA,NA,NA,NA,NA,NA,NA,NA,NA
"MiFish_0001139","Eukaryota","Chordata","Actinopteri",NA,"Pomacentridae","Abudefduf",NA,98.8165680473373,"36213","Abudefduf",99,NA,NA,NA,NA,NA,NA,NA,NA,0,"global",FALSE,98.8165680473373,"global","Eukaryota","Chordata","Actinopteri",NA,"Pomacentridae","Abudefduf",NA,"Abudefduf"
"MiFish_0001140",NA,NA,NA,NA,NA,NA,NA,0,"None",NA,30,NA,NA,NA,NA,NA,NA,NA,NA,0,"local",FALSE,NA,NA,NA,NA,NA,NA,NA,NA,NA,NA
"MiFish_0001141",NA,NA,NA,NA,NA,NA,NA,0,"None",NA,12,NA,NA,NA,NA,NA,NA,NA,NA,0,"local",FALSE,NA,NA,NA,NA,NA,NA,NA,NA,NA,NA
"MiFish_0001142",NA,NA,NA,NA,NA,NA,NA,0,"None",NA,22,NA,NA,NA,NA,NA,NA,NA,NA,0,"local",FALSE,NA,NA,NA,NA,NA,NA,NA,NA,NA,NA
"MiFish_0001143","Eukaryota","Chordata","Actinopteri","Gerreiformes","Gerreidae","Gerres","Gerres cinereus",99.4082840236686,"435274","Gerres cinereus",63,NA,NA,NA,NA,NA,NA,NA,NA,0,"global",FALSE,99.4082840236686,"global","Eukaryota","Chordata","Actinopteri","Gerreiformes","Gerreidae","Gerres","Gerres cinereus","Gerres cinereus"
"MiFish_0001144",NA,NA,NA,NA,NA,NA,NA,0,"None",NA,60,NA,NA,NA,NA,NA,NA,NA,NA,0,"local",FALSE,NA,NA,NA,NA,NA,NA,NA,NA,NA,NA
"MiFish_0001145","Eukaryota","Chordata","Actinopteri","Scombriformes","Nomeidae","Cubiceps","Cubiceps squamiceps",100,"316138","Cubiceps squamiceps",194,"d:Eukaryota,p:Chordata,c:Actinopteri,o:Scombriformes,f:Nomeidae,g:Cubiceps,s:Cubiceps_pauciradiatus","Eukaryota","Chordata","Actinopteri","Scombriformes","Nomeidae","Cubiceps","Cubiceps pauciradiatus",100,"local",FALSE,100,"local","Eukaryota","Chordata","Actinopteri","Scombriformes","Nomeidae","Cubiceps","Cubiceps pauciradiatus","Cubiceps pauciradiatus"
"MiFish_0001146","Eukaryota","Chordata","Actinopteri",NA,NA,NA,NA,99.4047619047619,"1489872","Percomorphaceae",16,"d:Eukaryota,p:Chordata,c:Actinopteri,o:Scombriformes,f:Scombridae,g:Acanthocybium,s:Acanthocybium_solandri","Eukaryota","Chordata","Actinopteri","Scombriformes","Scombridae","Acanthocybium","Acanthocybium solandri",99.4,"global",TRUE,99.4047619047619,"lca_global_v_local","Eukaryota","Chordata","Actinopteri",NA,NA,NA,NA,"Actinopteri"
"MiFish_0001147","Eukaryota","Chordata","Actinopteri",NA,NA,NA,NA,98.8095238095238,"1489872","Percomorphaceae",10,"d:Eukaryota,p:Chordata,c:Actinopteri,o:Scombriformes,f:Scombridae,g:Acanthocybium,s:Acanthocybium_solandri","Eukaryota","Chordata","Actinopteri","Scombriformes","Scombridae","Acanthocybium","Acanthocybium solandri",98.8,"global",TRUE,98.8095238095238,"lca_global_v_local","Eukaryota","Chordata","Actinopteri",NA,NA,NA,NA,"Actinopteri"
"MiFish_0001148",NA,NA,NA,NA,NA,NA,NA,0,"None",NA,109,NA,NA,NA,NA,NA,NA,NA,NA,0,"local",FALSE,NA,NA,NA,NA,NA,NA,NA,NA,NA,NA
"MiFish_0001149","Eukaryota","Chordata","Actinopteri","Anguilliformes","Muraenidae","Enchelycore","Enchelycore nigricans",96.4497041420118,"1182014","Enchelycore nigricans",26,NA,NA,NA,NA,NA,NA,NA,NA,0,"global",FALSE,96.4497041420118,"global","Eukaryota","Chordata","Actinopteri","Anguilliformes","Muraenidae","Enchelycore","Enchelycore nigricans","Enchelycore nigricans"
"MiFish_0001150",NA,NA,NA,NA,NA,NA,NA,0,"None",NA,10,NA,NA,NA,NA,NA,NA,NA,NA,0,"local",FALSE,NA,NA,NA,NA,NA,NA,NA,NA,NA,NA
"MiFish_0001151",NA,NA,NA,NA,NA,NA,NA,0,"None",NA,901,NA,NA,NA,NA,NA,NA,NA,NA,0,"local",FALSE,NA,NA,NA,NA,NA,NA,NA,NA,NA,NA
"MiFish_0001152","Eukaryota","Chordata","Actinopteri","Lutjaniformes","Haemulidae","Orthopristis","Orthopristis chrysoptera",97.6331360946746,"482919","Orthopristis chrysoptera",158,NA,NA,NA,NA,NA,NA,NA,NA,0,"global",FALSE,97.6331360946746,"global","Eukaryota","Chordata","Actinopteri","Lutjaniformes","Haemulidae","Orthopristis","Orthopristis chrysoptera","Orthopristis chrysoptera"
"MiFish_0001153",NA,NA,NA,NA,NA,NA,NA,0,"None",NA,45,NA,NA,NA,NA,NA,NA,NA,NA,0,"local",FALSE,NA,NA,NA,NA,NA,NA,NA,NA,NA,NA
"MiFish_0001154",NA,NA,NA,NA,NA,NA,NA,0,"None",NA,68,NA,NA,NA,NA,NA,NA,NA,NA,0,"local",FALSE,NA,NA,NA,NA,NA,NA,NA,NA,NA,NA
"MiFish_0001155","Eukaryota","Chordata","Actinopteri","Spariformes","Sparidae","Archosargus","Archosargus rhomboidalis",96.4705882352941,"722560","Archosargus rhomboidalis",36,NA,NA,NA,NA,NA,NA,NA,NA,0,"global",FALSE,96.4705882352941,"global","Eukaryota","Chordata","Actinopteri","Spariformes","Sparidae","Archosargus","Archosargus rhomboidalis","Archosargus rhomboidalis"
"MiFish_0001156","Eukaryota","Chordata","Actinopteri","Istiophoriformes","Xiphiidae","Xiphias","Xiphias gladius",100,"8245","Xiphias gladius",176,"d:Eukaryota,p:Chordata,c:Actinopteri,o:Istiophoriformes,f:Xiphiidae,g:Xiphias,s:Xiphias_gladius","Eukaryota","Chordata","Actinopteri","Istiophoriformes","Xiphiidae","Xiphias","Xiphias gladius",100,"local",FALSE,100,"local","Eukaryota","Chordata","Actinopteri","Istiophoriformes","Xiphiidae","Xiphias","Xiphias gladius","Xiphias gladius"
"MiFish_0001157",NA,NA,NA,NA,NA,NA,NA,0,"None",NA,18,NA,NA,NA,NA,NA,NA,NA,NA,0,"local",FALSE,NA,NA,NA,NA,NA,NA,NA,NA,NA,NA
"MiFish_0001158",NA,NA,NA,NA,NA,NA,NA,0,"None",NA,13,NA,NA,NA,NA,NA,NA,NA,NA,0,"local",FALSE,NA,NA,NA,NA,NA,NA,NA,NA,NA,NA
"MiFish_0001159",NA,NA,NA,NA,NA,NA,NA,0,"None",NA,125,NA,NA,NA,NA,NA,NA,NA,NA,0,"local",FALSE,NA,NA,NA,NA,NA,NA,NA,NA,NA,NA
"MiFish_0001160",NA,NA,NA,NA,NA,NA,NA,0,"None",NA,86,NA,NA,NA,NA,NA,NA,NA,NA,0,"local",FALSE,NA,NA,NA,NA,NA,NA,NA,NA,NA,NA
"MiFish_0001161",NA,NA,NA,NA,NA,NA,NA,0,"None",NA,13,NA,NA,NA,NA,NA,NA,NA,NA,0,"local",FALSE,NA,NA,NA,NA,NA,NA,NA,NA,NA,NA
"MiFish_0001162",NA,NA,NA,NA,NA,NA,NA,0,"None",NA,98,NA,NA,NA,NA,NA,NA,NA,NA,0,"local",FALSE,NA,NA,NA,NA,NA,NA,NA,NA,NA,NA
"MiFish_0001163",NA,NA,NA,NA,NA,NA,NA,0,"None",NA,53,NA,NA,NA,NA,NA,NA,NA,NA,0,"local",FALSE,NA,NA,NA,NA,NA,NA,NA,NA,NA,NA
"MiFish_0001164","Eukaryota","Chordata","Actinopteri","Carangiformes","Carangidae","Seriola","Seriola rivoliana",100,"173321","Seriola rivoliana",282,NA,NA,NA,NA,NA,NA,NA,NA,0,"global",FALSE,100,"global","Eukaryota","Chordata","Actinopteri","Carangiformes","Carangidae","Seriola","Seriola rivoliana","Seriola rivoliana"
"MiFish_0001165","Eukaryota","Chordata","Actinopteri","Centrarchiformes","Girellidae","Girella",NA,97.0414201183432,"163147","Girella",21,NA,NA,NA,NA,NA,NA,NA,NA,0,"global",FALSE,97.0414201183432,"global","Eukaryota","Chordata","Actinopteri","Centrarchiformes","Girellidae","Girella",NA,"Girella"
"MiFish_0001166","Eukaryota","Chordata","Actinopteri","Perciformes","Serranidae","Epinephelus","Epinephelus bontoides",96.4497041420118,"1167616","Epinephelus bontoides",11,"d:Eukaryota,p:Chordata,c:Actinopteri,o:Perciformes,f:Serranidae,g:Epinephelus,s:Epinephelus_merra","Eukaryota","Chordata","Actinopteri","Perciformes","Serranidae","Epinephelus","Epinephelus merra",95.3,"global",TRUE,96.4497041420118,"lca_global_v_local","Eukaryota","Chordata","Actinopteri","Perciformes","Serranidae","Epinephelus",NA,"Epinephelus"
"MiFish_0001167",NA,NA,NA,NA,NA,NA,NA,0,"None",NA,441,NA,NA,NA,NA,NA,NA,NA,NA,0,"local",FALSE,NA,NA,NA,NA,NA,NA,NA,NA,NA,NA
"MiFish_0001168","Eukaryota","Chordata","Actinopteri",NA,"Pomacentridae","Abudefduf","Abudefduf taurus",99.4082840236686,"36216","Abudefduf taurus",10,NA,NA,NA,NA,NA,NA,NA,NA,0,"global",FALSE,99.4082840236686,"global","Eukaryota","Chordata","Actinopteri",NA,"Pomacentridae","Abudefduf","Abudefduf taurus","Abudefduf taurus"
"MiFish_0001169",NA,NA,NA,NA,NA,NA,NA,0,"None",NA,931,NA,NA,NA,NA,NA,NA,NA,NA,0,"local",FALSE,NA,NA,NA,NA,NA,NA,NA,NA,NA,NA
"MiFish_0001170","Eukaryota","Chordata","Actinopteri",NA,"Pomacentridae","Stegastes","Stegastes beebei",98.2857142857143,"1350520","Stegastes beebei",14,NA,NA,NA,NA,NA,NA,NA,NA,0,"global",FALSE,98.2857142857143,"global","Eukaryota","Chordata","Actinopteri",NA,"Pomacentridae","Stegastes","Stegastes beebei","Stegastes beebei"
"MiFish_0001171",NA,NA,NA,NA,NA,NA,NA,0,"None",NA,131,NA,NA,NA,NA,NA,NA,NA,NA,0,"local",FALSE,NA,NA,NA,NA,NA,NA,NA,NA,NA,NA
"MiFish_0001172",NA,NA,NA,NA,NA,NA,NA,0,"None",NA,94,NA,NA,NA,NA,NA,NA,NA,NA,0,"local",FALSE,NA,NA,NA,NA,NA,NA,NA,NA,NA,NA
"MiFish_0001173","Eukaryota","Chordata","Actinopteri",NA,"Pomacentridae","Stegastes","Stegastes rectifraenum",99.4413407821229,"1268096","Stegastes rectifraenum",223,NA,NA,NA,NA,NA,NA,NA,NA,0,"global",FALSE,99.4413407821229,"global","Eukaryota","Chordata","Actinopteri",NA,"Pomacentridae","Stegastes","Stegastes rectifraenum","Stegastes rectifraenum"
"MiFish_0001174","Eukaryota","Chordata","Actinopteri","Mugiliformes","Mugilidae","Mugil",NA,98.8235294117647,"8190","Mugil",64,"d:Eukaryota,p:Chordata,c:Actinopteri,o:Mugiliformes,f:Mugilidae,g:Mugil,s:Mugil_thoburni","Eukaryota","Chordata","Actinopteri","Mugiliformes","Mugilidae","Mugil","Mugil thoburni",98.8,"global",TRUE,98.8235294117647,"lca_global_v_local","Eukaryota","Chordata","Actinopteri","Mugiliformes","Mugilidae","Mugil",NA,"Mugil"
"MiFish_0001175",NA,NA,NA,NA,NA,NA,NA,0,"None",NA,336,NA,NA,NA,NA,NA,NA,NA,NA,0,"local",FALSE,NA,NA,NA,NA,NA,NA,NA,NA,NA,NA
"MiFish_0001176","Eukaryota","Chordata","Actinopteri","Labriformes","Labridae","Bodianus","Bodianus diplotaenia",99.4117647058823,"1182146","Bodianus diplotaenia",284,NA,NA,NA,NA,NA,NA,NA,NA,0,"global",FALSE,99.4117647058823,"global","Eukaryota","Chordata","Actinopteri","Labriformes","Labridae","Bodianus","Bodianus diplotaenia","Bodianus diplotaenia"
"MiFish_0001177","Eukaryota","Chordata","Actinopteri","Gobiiformes","Gobiidae","Microdesmus","Microdesmus longipinnis",95.1807228915663,"166773","Microdesmus longipinnis",661,NA,NA,NA,NA,NA,NA,NA,NA,0,"global",FALSE,95.1807228915663,"global","Eukaryota","Chordata","Actinopteri","Gobiiformes","Gobiidae","Microdesmus","Microdesmus longipinnis","Microdesmus longipinnis"
"MiFish_0001178",NA,NA,NA,NA,NA,NA,NA,0,"None",NA,18,NA,NA,NA,NA,NA,NA,NA,NA,0,"local",FALSE,NA,NA,NA,NA,NA,NA,NA,NA,NA,NA
"MiFish_0001179","Eukaryota","Chordata","Actinopteri","Spariformes","Sparidae","Archosargus","Archosargus rhomboidalis",96.4705882352941,"722560","Archosargus rhomboidalis",17,NA,NA,NA,NA,NA,NA,NA,NA,0,"global",FALSE,96.4705882352941,"global","Eukaryota","Chordata","Actinopteri","Spariformes","Sparidae","Archosargus","Archosargus rhomboidalis","Archosargus rhomboidalis"
"MiFish_0001180",NA,NA,NA,NA,NA,NA,NA,0,"None",NA,760,NA,NA,NA,NA,NA,NA,NA,NA,0,"local",FALSE,NA,NA,NA,NA,NA,NA,NA,NA,NA,NA
"MiFish_0001181",NA,NA,NA,NA,NA,NA,NA,0,"None",NA,11,NA,NA,NA,NA,NA,NA,NA,NA,0,"local",FALSE,NA,NA,NA,NA,NA,NA,NA,NA,NA,NA
"MiFish_0001182",NA,NA,NA,NA,NA,NA,NA,0,"None",NA,38,NA,NA,NA,NA,NA,NA,NA,NA,0,"local",FALSE,NA,NA,NA,NA,NA,NA,NA,NA,NA,NA
"MiFish_0001183",NA,NA,NA,NA,NA,NA,NA,0,"None",NA,40,NA,NA,NA,NA,NA,NA,NA,NA,0,"local",FALSE,NA,NA,NA,NA,NA,NA,NA,NA,NA,NA
"MiFish_0001184",NA,NA,NA,NA,NA,NA,NA,0,"None",NA,21,NA,NA,NA,NA,NA,NA,NA,NA,0,"local",FALSE,NA,NA,NA,NA,NA,NA,NA,NA,NA,NA
"MiFish_0001185",NA,NA,NA,NA,NA,NA,NA,0,"None",NA,17,NA,NA,NA,NA,NA,NA,NA,NA,0,"local",FALSE,NA,NA,NA,NA,NA,NA,NA,NA,NA,NA
"MiFish_0001186",NA,NA,NA,NA,NA,NA,NA,0,"None",NA,81,NA,NA,NA,NA,NA,NA,NA,NA,0,"local",FALSE,NA,NA,NA,NA,NA,NA,NA,NA,NA,NA
"MiFish_0001187",NA,NA,NA,NA,NA,NA,NA,0,"None",NA,15,NA,NA,NA,NA,NA,NA,NA,NA,0,"local",FALSE,NA,NA,NA,NA,NA,NA,NA,NA,NA,NA
"MiFish_0001188","Eukaryota","Chordata","Actinopteri","Pleuronectiformes","Bothidae","Bothus","Bothus robinsi",97.093023255814,"195598","Bothus robinsi",14,NA,NA,NA,NA,NA,NA,NA,NA,0,"global",FALSE,97.093023255814,"global","Eukaryota","Chordata","Actinopteri","Pleuronectiformes","Bothidae","Bothus","Bothus robinsi","Bothus robinsi"
"MiFish_0001189","Eukaryota","Chordata","Actinopteri","Tetraodontiformes","Tetraodontidae","Sphoeroides","Sphoeroides annulatus",98.8235294117647,"168377","Sphoeroides annulatus",122,NA,NA,NA,NA,NA,NA,NA,NA,0,"global",FALSE,98.8235294117647,"global","Eukaryota","Chordata","Actinopteri","Tetraodontiformes","Tetraodontidae","Sphoeroides","Sphoeroides annulatus","Sphoeroides annulatus"
"MiFish_0001190","Eukaryota","Chordata","Actinopteri","Pleuronectiformes","Bothidae","Bothus","Bothus robinsi",97.093023255814,"195598","Bothus robinsi",17,NA,NA,NA,NA,NA,NA,NA,NA,0,"global",FALSE,97.093023255814,"global","Eukaryota","Chordata","Actinopteri","Pleuronectiformes","Bothidae","Bothus","Bothus robinsi","Bothus robinsi"
"MiFish_0001191",NA,NA,NA,NA,NA,NA,NA,0,"None",NA,16,NA,NA,NA,NA,NA,NA,NA,NA,0,"local",FALSE,NA,NA,NA,NA,NA,NA,NA,NA,NA,NA
"MiFish_0001192","Eukaryota","Chordata","Actinopteri","Beloniformes","Hemiramphidae","Hyporhamphus","Hyporhamphus yuri",99.4082840236686,"2012922","Hyporhamphus yuri",23,NA,NA,NA,NA,NA,NA,NA,NA,0,"global",FALSE,99.4082840236686,"global","Eukaryota","Chordata","Actinopteri","Beloniformes","Hemiramphidae","Hyporhamphus","Hyporhamphus yuri","Hyporhamphus yuri"
"MiFish_0001193",NA,NA,NA,NA,NA,NA,NA,0,"None",NA,13,NA,NA,NA,NA,NA,NA,NA,NA,0,"local",FALSE,NA,NA,NA,NA,NA,NA,NA,NA,NA,NA
"MiFish_0001194","Eukaryota","Chordata","Actinopteri",NA,"Pomacentridae","Abudefduf","Abudefduf taurus",99.4082840236686,"36216","Abudefduf taurus",71,NA,NA,NA,NA,NA,NA,NA,NA,0,"global",FALSE,99.4082840236686,"global","Eukaryota","Chordata","Actinopteri",NA,"Pomacentridae","Abudefduf","Abudefduf taurus","Abudefduf taurus"
"MiFish_0001195",NA,NA,NA,NA,NA,NA,NA,0,"None",NA,85,NA,NA,NA,NA,NA,NA,NA,NA,0,"local",FALSE,NA,NA,NA,NA,NA,NA,NA,NA,NA,NA
"MiFish_0001196","Eukaryota","Chordata","Actinopteri","Carangiformes","Carangidae","Caranx","Caranx crysos",98.2248520710059,"173309","Caranx crysos",142,NA,NA,NA,NA,NA,NA,NA,NA,0,"global",FALSE,98.2248520710059,"global","Eukaryota","Chordata","Actinopteri","Carangiformes","Carangidae","Caranx","Caranx crysos","Caranx crysos"
"MiFish_0001197","Eukaryota","Chordata","Actinopteri","Chaetodontiformes","Chaetodontidae","Johnrandallia","Johnrandallia nigrirostris",100,"466148","Johnrandallia nigrirostris",99,NA,NA,NA,NA,NA,NA,NA,NA,0,"global",FALSE,100,"global","Eukaryota","Chordata","Actinopteri","Chaetodontiformes","Chaetodontidae","Johnrandallia","Johnrandallia nigrirostris","Johnrandallia nigrirostris"
"MiFish_0001198",NA,NA,NA,NA,NA,NA,NA,0,"None",NA,58,NA,NA,NA,NA,NA,NA,NA,NA,0,"local",FALSE,NA,NA,NA,NA,NA,NA,NA,NA,NA,NA
"MiFish_0001199",NA,NA,NA,NA,NA,NA,NA,0,"None",NA,21,NA,NA,NA,NA,NA,NA,NA,NA,0,"local",FALSE,NA,NA,NA,NA,NA,NA,NA,NA,NA,NA
"MiFish_0001200",NA,NA,NA,NA,NA,NA,NA,0,"None",NA,14,NA,NA,NA,NA,NA,NA,NA,NA,0,"local",FALSE,NA,NA,NA,NA,NA,NA,NA,NA,NA,NA
"MiFish_0001201","Eukaryota","Chordata","Actinopteri","Beloniformes","Belonidae","Platybelone","Platybelone argala",100,"2608457","Platybelone argalus platyura",33,NA,NA,NA,NA,NA,NA,NA,NA,0,"global",FALSE,100,"global","Eukaryota","Chordata","Actinopteri","Beloniformes","Belonidae","Platybelone","Platybelone argala","Platybelone argala"
"MiFish_0001202",NA,NA,NA,NA,NA,NA,NA,0,"None",NA,139,NA,NA,NA,NA,NA,NA,NA,NA,0,"local",FALSE,NA,NA,NA,NA,NA,NA,NA,NA,NA,NA
"MiFish_0001203","Eukaryota","Chordata","Actinopteri","Labriformes","Labridae","Scarus","Scarus ghobban",99.4186046511628,"242806","Scarus ghobban",10,NA,NA,NA,NA,NA,NA,NA,NA,0,"global",FALSE,99.4186046511628,"global","Eukaryota","Chordata","Actinopteri","Labriformes","Labridae","Scarus","Scarus ghobban","Scarus ghobban"
"MiFish_0001204",NA,NA,NA,NA,NA,NA,NA,0,"None",NA,10,NA,NA,NA,NA,NA,NA,NA,NA,0,"local",FALSE,NA,NA,NA,NA,NA,NA,NA,NA,NA,NA
"MiFish_0001205",NA,NA,NA,NA,NA,NA,NA,0,"None",NA,27,NA,NA,NA,NA,NA,NA,NA,NA,0,"local",FALSE,NA,NA,NA,NA,NA,NA,NA,NA,NA,NA
"MiFish_0001206",NA,NA,NA,NA,NA,NA,NA,0,"None",NA,20,NA,NA,NA,NA,NA,NA,NA,NA,0,"local",FALSE,NA,NA,NA,NA,NA,NA,NA,NA,NA,NA
"MiFish_0001207",NA,NA,NA,NA,NA,NA,NA,0,"None",NA,18,NA,NA,NA,NA,NA,NA,NA,NA,0,"local",FALSE,NA,NA,NA,NA,NA,NA,NA,NA,NA,NA
"MiFish_0001208",NA,NA,NA,NA,NA,NA,NA,0,"None",NA,122,NA,NA,NA,NA,NA,NA,NA,NA,0,"local",FALSE,NA,NA,NA,NA,NA,NA,NA,NA,NA,NA
"MiFish_0001209",NA,NA,NA,NA,NA,NA,NA,0,"None",NA,15,NA,NA,NA,NA,NA,NA,NA,NA,0,"local",FALSE,NA,NA,NA,NA,NA,NA,NA,NA,NA,NA
"MiFish_0001210",NA,NA,NA,NA,NA,NA,NA,0,"None",NA,15,NA,NA,NA,NA,NA,NA,NA,NA,0,"local",FALSE,NA,NA,NA,NA,NA,NA,NA,NA,NA,NA
"MiFish_0001211",NA,NA,NA,NA,NA,NA,NA,0,"None",NA,11,NA,NA,NA,NA,NA,NA,NA,NA,0,"local",FALSE,NA,NA,NA,NA,NA,NA,NA,NA,NA,NA
"MiFish_0001212",NA,NA,NA,NA,NA,NA,NA,0,"None",NA,10,NA,NA,NA,NA,NA,NA,NA,NA,0,"local",FALSE,NA,NA,NA,NA,NA,NA,NA,NA,NA,NA
"MiFish_0001213",NA,NA,NA,NA,NA,NA,NA,0,"None",NA,64,NA,NA,NA,NA,NA,NA,NA,NA,0,"local",FALSE,NA,NA,NA,NA,NA,NA,NA,NA,NA,NA
"MiFish_0001214",NA,NA,NA,NA,NA,NA,NA,0,"None",NA,11,NA,NA,NA,NA,NA,NA,NA,NA,0,"local",FALSE,NA,NA,NA,NA,NA,NA,NA,NA,NA,NA
"MiFish_0001215",NA,NA,NA,NA,NA,NA,NA,0,"None",NA,83,NA,NA,NA,NA,NA,NA,NA,NA,0,"local",FALSE,NA,NA,NA,NA,NA,NA,NA,NA,NA,NA
"MiFish_0001216",NA,NA,NA,NA,NA,NA,NA,0,"None",NA,24,NA,NA,NA,NA,NA,NA,NA,NA,0,"local",FALSE,NA,NA,NA,NA,NA,NA,NA,NA,NA,NA
"MiFish_0001217",NA,NA,NA,NA,NA,NA,NA,0,"None",NA,10,NA,NA,NA,NA,NA,NA,NA,NA,0,"local",FALSE,NA,NA,NA,NA,NA,NA,NA,NA,NA,NA
"MiFish_0001218",NA,NA,NA,NA,NA,NA,NA,0,"None",NA,16,NA,NA,NA,NA,NA,NA,NA,NA,0,"local",FALSE,NA,NA,NA,NA,NA,NA,NA,NA,NA,NA
"MiFish_0001219",NA,NA,NA,NA,NA,NA,NA,0,"None",NA,31,NA,NA,NA,NA,NA,NA,NA,NA,0,"local",FALSE,NA,NA,NA,NA,NA,NA,NA,NA,NA,NA
"MiFish_0001220",NA,NA,NA,NA,NA,NA,NA,0,"None",NA,19,NA,NA,NA,NA,NA,NA,NA,NA,0,"local",FALSE,NA,NA,NA,NA,NA,NA,NA,NA,NA,NA
"MiFish_0001221",NA,NA,NA,NA,NA,NA,NA,0,"None",NA,10,NA,NA,NA,NA,NA,NA,NA,NA,0,"local",FALSE,NA,NA,NA,NA,NA,NA,NA,NA,NA,NA
"MiFish_0001222",NA,NA,NA,NA,NA,NA,NA,0,"None",NA,16,NA,NA,NA,NA,NA,NA,NA,NA,0,"local",FALSE,NA,NA,NA,NA,NA,NA,NA,NA,NA,NA
"MiFish_0001223","Eukaryota","Chordata","Actinopteri","Beloniformes","Exocoetidae","Prognichthys","Prognichthys sealei",100,"938400","Prognichthys sealei",268,NA,NA,NA,NA,NA,NA,NA,NA,0,"global",FALSE,100,"global","Eukaryota","Chordata","Actinopteri","Beloniformes","Exocoetidae","Prognichthys","Prognichthys sealei","Prognichthys sealei"
"MiFish_0001224",NA,NA,NA,NA,NA,NA,NA,0,"None",NA,33,NA,NA,NA,NA,NA,NA,NA,NA,0,"local",FALSE,NA,NA,NA,NA,NA,NA,NA,NA,NA,NA
"MiFish_0001225",NA,NA,NA,NA,NA,NA,NA,0,"None",NA,12,NA,NA,NA,NA,NA,NA,NA,NA,0,"local",FALSE,NA,NA,NA,NA,NA,NA,NA,NA,NA,NA
"MiFish_0001226",NA,NA,NA,NA,NA,NA,NA,0,"None",NA,82,NA,NA,NA,NA,NA,NA,NA,NA,0,"local",FALSE,NA,NA,NA,NA,NA,NA,NA,NA,NA,NA
"MiFish_0001227",NA,NA,NA,NA,NA,NA,NA,0,"None",NA,10,NA,NA,NA,NA,NA,NA,NA,NA,0,"local",FALSE,NA,NA,NA,NA,NA,NA,NA,NA,NA,NA
"MiFish_0001228",NA,NA,NA,NA,NA,NA,NA,0,"None",NA,925,NA,NA,NA,NA,NA,NA,NA,NA,0,"local",FALSE,NA,NA,NA,NA,NA,NA,NA,NA,NA,NA
"MiFish_0001229",NA,NA,NA,NA,NA,NA,NA,0,"None",NA,28,NA,NA,NA,NA,NA,NA,NA,NA,0,"local",FALSE,NA,NA,NA,NA,NA,NA,NA,NA,NA,NA
"MiFish_0001230",NA,NA,NA,NA,NA,NA,NA,0,"None",NA,25,NA,NA,NA,NA,NA,NA,NA,NA,0,"local",FALSE,NA,NA,NA,NA,NA,NA,NA,NA,NA,NA
"MiFish_0001231",NA,NA,NA,NA,NA,NA,NA,0,"None",NA,10,NA,NA,NA,NA,NA,NA,NA,NA,0,"local",FALSE,NA,NA,NA,NA,NA,NA,NA,NA,NA,NA
"MiFish_0001232","Eukaryota","Chordata","Actinopteri",NA,"Pomacentridae","Stegastes","Stegastes rectifraenum",98.8826815642458,"1268096","Stegastes rectifraenum",63,NA,NA,NA,NA,NA,NA,NA,NA,0,"global",FALSE,98.8826815642458,"global","Eukaryota","Chordata","Actinopteri",NA,"Pomacentridae","Stegastes","Stegastes rectifraenum","Stegastes rectifraenum"
"MiFish_0001233","Eukaryota","Chordata","Actinopteri",NA,"Pomacentridae","Abudefduf","Abudefduf taurus",99.4082840236686,"36216","Abudefduf taurus",16,NA,NA,NA,NA,NA,NA,NA,NA,0,"global",FALSE,99.4082840236686,"global","Eukaryota","Chordata","Actinopteri",NA,"Pomacentridae","Abudefduf","Abudefduf taurus","Abudefduf taurus"
"MiFish_0001234","Eukaryota","Chordata","Actinopteri",NA,"Pomacentridae","Abudefduf","Abudefduf taurus",99.4082840236686,"36216","Abudefduf taurus",56,NA,NA,NA,NA,NA,NA,NA,NA,0,"global",FALSE,99.4082840236686,"global","Eukaryota","Chordata","Actinopteri",NA,"Pomacentridae","Abudefduf","Abudefduf taurus","Abudefduf taurus"
"MiFish_0001235","Eukaryota","Chordata","Actinopteri","Scombriformes","Scombridae","Sarda","Sarda orientalis",98.8095238095238,"8230","Sarda orientalis",57,"d:Eukaryota,p:Chordata,c:Actinopteri,o:Scombriformes,f:Scombridae,g:Acanthocybium,s:Acanthocybium_solandri","Eukaryota","Chordata","Actinopteri","Scombriformes","Scombridae","Acanthocybium","Acanthocybium solandri",95.8,"global",TRUE,98.8095238095238,"lca_global_v_local","Eukaryota","Chordata","Actinopteri","Scombriformes","Scombridae",NA,NA,"Scombridae"
"MiFish_0001236",NA,NA,NA,NA,NA,NA,NA,0,"None",NA,105,NA,NA,NA,NA,NA,NA,NA,NA,0,"local",FALSE,NA,NA,NA,NA,NA,NA,NA,NA,NA,NA
"MiFish_0001237",NA,NA,NA,NA,NA,NA,NA,0,"None",NA,85,NA,NA,NA,NA,NA,NA,NA,NA,0,"local",FALSE,NA,NA,NA,NA,NA,NA,NA,NA,NA,NA
"MiFish_0001238","Eukaryota","Chordata","Actinopteri","Acanthuriformes","Acanthuridae","Prionurus",NA,97.6470588235294,"75035","Prionurus",35,NA,NA,NA,NA,NA,NA,NA,NA,0,"global",FALSE,97.6470588235294,"global","Eukaryota","Chordata","Actinopteri","Acanthuriformes","Acanthuridae","Prionurus",NA,"Prionurus"
"MiFish_0001239",NA,NA,NA,NA,NA,NA,NA,0,"None",NA,14,NA,NA,NA,NA,NA,NA,NA,NA,0,"local",FALSE,NA,NA,NA,NA,NA,NA,NA,NA,NA,NA
"MiFish_0001240",NA,NA,NA,NA,NA,NA,NA,0,"None",NA,36,NA,NA,NA,NA,NA,NA,NA,NA,0,"local",FALSE,NA,NA,NA,NA,NA,NA,NA,NA,NA,NA
"MiFish_0001241",NA,NA,NA,NA,NA,NA,NA,0,"None",NA,14,NA,NA,NA,NA,NA,NA,NA,NA,0,"local",FALSE,NA,NA,NA,NA,NA,NA,NA,NA,NA,NA
"MiFish_0001242",NA,NA,NA,NA,NA,NA,NA,0,"None",NA,11,NA,NA,NA,NA,NA,NA,NA,NA,0,"local",FALSE,NA,NA,NA,NA,NA,NA,NA,NA,NA,NA
"MiFish_0001243","Eukaryota","Chordata","Actinopteri","Beloniformes","Hemiramphidae","Hyporhamphus","Hyporhamphus yuri",99.4082840236686,"2012922","Hyporhamphus yuri",18,NA,NA,NA,NA,NA,NA,NA,NA,0,"global",FALSE,99.4082840236686,"global","Eukaryota","Chordata","Actinopteri","Beloniformes","Hemiramphidae","Hyporhamphus","Hyporhamphus yuri","Hyporhamphus yuri"
"MiFish_0001244","Eukaryota","Chordata","Actinopteri","Carangiformes","Carangidae","Alectis","Alectis ciliaris",95.2941176470588,"179359","Alectis ciliaris",10,"d:Eukaryota,p:Chordata,c:Actinopteri,o:Carangiformes,f:Carangidae,g:Alectis,s:Alectis_ciliaris","Eukaryota","Chordata","Actinopteri","Carangiformes","Carangidae","Alectis","Alectis ciliaris",95.3,"local",FALSE,95.3,"local","Eukaryota","Chordata","Actinopteri","Carangiformes","Carangidae","Alectis","Alectis ciliaris","Alectis ciliaris"
"MiFish_0001245",NA,NA,NA,NA,NA,NA,NA,0,"None",NA,27,NA,NA,NA,NA,NA,NA,NA,NA,0,"local",FALSE,NA,NA,NA,NA,NA,NA,NA,NA,NA,NA
"MiFish_0001246",NA,NA,NA,NA,NA,NA,NA,0,"None",NA,12,NA,NA,NA,NA,NA,NA,NA,NA,0,"local",FALSE,NA,NA,NA,NA,NA,NA,NA,NA,NA,NA
"MiFish_0001247",NA,NA,NA,NA,NA,NA,NA,0,"None",NA,11,NA,NA,NA,NA,NA,NA,NA,NA,0,"local",FALSE,NA,NA,NA,NA,NA,NA,NA,NA,NA,NA
"MiFish_0001248","Eukaryota","Chordata","Actinopteri",NA,"Pomacentridae","Stegastes","Stegastes arcifrons",97.7272727272727,"1350519","Stegastes arcifrons",49,NA,NA,NA,NA,NA,NA,NA,NA,0,"global",FALSE,97.7272727272727,"global","Eukaryota","Chordata","Actinopteri",NA,"Pomacentridae","Stegastes","Stegastes arcifrons","Stegastes arcifrons"
"MiFish_0001249",NA,NA,NA,NA,NA,NA,NA,0,"None",NA,11,NA,NA,NA,NA,NA,NA,NA,NA,0,"local",FALSE,NA,NA,NA,NA,NA,NA,NA,NA,NA,NA
"MiFish_0001250",NA,NA,NA,NA,NA,NA,NA,0,"None",NA,18,NA,NA,NA,NA,NA,NA,NA,NA,0,"local",FALSE,NA,NA,NA,NA,NA,NA,NA,NA,NA,NA
"MiFish_0001251",NA,NA,NA,NA,NA,NA,NA,0,"None",NA,44,NA,NA,NA,NA,NA,NA,NA,NA,0,"local",FALSE,NA,NA,NA,NA,NA,NA,NA,NA,NA,NA
"MiFish_0001252",NA,NA,NA,NA,NA,NA,NA,0,"None",NA,120,NA,NA,NA,NA,NA,NA,NA,NA,0,"local",FALSE,NA,NA,NA,NA,NA,NA,NA,NA,NA,NA
"MiFish_0001253",NA,NA,NA,NA,NA,NA,NA,0,"None",NA,65,NA,NA,NA,NA,NA,NA,NA,NA,0,"local",FALSE,NA,NA,NA,NA,NA,NA,NA,NA,NA,NA
"MiFish_0001254",NA,NA,NA,NA,NA,NA,NA,0,"None",NA,12,NA,NA,NA,NA,NA,NA,NA,NA,0,"local",FALSE,NA,NA,NA,NA,NA,NA,NA,NA,NA,NA
"MiFish_0001255","Eukaryota","Chordata","Actinopteri",NA,"Pomacentridae","Abudefduf",NA,96.4705882352941,"36213","Abudefduf",22,NA,NA,NA,NA,NA,NA,NA,NA,0,"global",FALSE,96.4705882352941,"global","Eukaryota","Chordata","Actinopteri",NA,"Pomacentridae","Abudefduf",NA,"Abudefduf"
"MiFish_0001256",NA,NA,NA,NA,NA,NA,NA,0,"None",NA,10,NA,NA,NA,NA,NA,NA,NA,NA,0,"local",FALSE,NA,NA,NA,NA,NA,NA,NA,NA,NA,NA
"MiFish_0001257",NA,NA,NA,NA,NA,NA,NA,0,"None",NA,10,NA,NA,NA,NA,NA,NA,NA,NA,0,"local",FALSE,NA,NA,NA,NA,NA,NA,NA,NA,NA,NA
"MiFish_0001258",NA,NA,NA,NA,NA,NA,NA,0,"None",NA,13,NA,NA,NA,NA,NA,NA,NA,NA,0,"local",FALSE,NA,NA,NA,NA,NA,NA,NA,NA,NA,NA
"MiFish_0001259",NA,NA,NA,NA,NA,NA,NA,0,"None",NA,12,NA,NA,NA,NA,NA,NA,NA,NA,0,"local",FALSE,NA,NA,NA,NA,NA,NA,NA,NA,NA,NA
"MiFish_0001260",NA,NA,NA,NA,NA,NA,NA,0,"None",NA,136,NA,NA,NA,NA,NA,NA,NA,NA,0,"local",FALSE,NA,NA,NA,NA,NA,NA,NA,NA,NA,NA
"MiFish_0001261",NA,NA,NA,NA,NA,NA,NA,0,"None",NA,11,NA,NA,NA,NA,NA,NA,NA,NA,0,"local",FALSE,NA,NA,NA,NA,NA,NA,NA,NA,NA,NA
"MiFish_0001262",NA,NA,NA,NA,NA,NA,NA,0,"None",NA,15,NA,NA,NA,NA,NA,NA,NA,NA,0,"local",FALSE,NA,NA,NA,NA,NA,NA,NA,NA,NA,NA
"MiFish_0001263",NA,NA,NA,NA,NA,NA,NA,0,"None",NA,15,NA,NA,NA,NA,NA,NA,NA,NA,0,"local",FALSE,NA,NA,NA,NA,NA,NA,NA,NA,NA,NA
"MiFish_0001264",NA,NA,NA,NA,NA,NA,NA,0,"None",NA,26,NA,NA,NA,NA,NA,NA,NA,NA,0,"local",FALSE,NA,NA,NA,NA,NA,NA,NA,NA,NA,NA
"MiFish_0001265",NA,NA,NA,NA,NA,NA,NA,0,"None",NA,73,NA,NA,NA,NA,NA,NA,NA,NA,0,"local",FALSE,NA,NA,NA,NA,NA,NA,NA,NA,NA,NA
"MiFish_0001266",NA,NA,NA,NA,NA,NA,NA,0,"None",NA,13,NA,NA,NA,NA,NA,NA,NA,NA,0,"local",FALSE,NA,NA,NA,NA,NA,NA,NA,NA,NA,NA
"MiFish_0001267",NA,NA,NA,NA,NA,NA,NA,0,"None",NA,12,NA,NA,NA,NA,NA,NA,NA,NA,0,"local",FALSE,NA,NA,NA,NA,NA,NA,NA,NA,NA,NA
"MiFish_0001268","Eukaryota","Chordata","Actinopteri","Lutjaniformes","Haemulidae","Orthopristis","Orthopristis chrysoptera",95.2662721893491,"482919","Orthopristis chrysoptera",11,NA,NA,NA,NA,NA,NA,NA,NA,0,"global",FALSE,95.2662721893491,"global","Eukaryota","Chordata","Actinopteri","Lutjaniformes","Haemulidae","Orthopristis","Orthopristis chrysoptera","Orthopristis chrysoptera"
"MiFish_0001269","Eukaryota","Chordata","Chondrichthyes","Carcharhiniformes","Carcharhinidae","Carcharhinus",NA,99.4475138121547,"7806","Carcharhinus",14,"d:Eukaryota,p:Chordata,c:Chondrichthyes,o:Carcharhiniformes,f:Carcharhinidae,g:Carcharhinus","Eukaryota","Chordata","Chondrichthyes","Carcharhiniformes","Carcharhinidae","Carcharhinus",NA,100,"local",FALSE,100,"local","Eukaryota","Chordata","Chondrichthyes","Carcharhiniformes","Carcharhinidae","Carcharhinus",NA,"Carcharhinus"
"MiFish_0001270",NA,NA,NA,NA,NA,NA,NA,0,"None",NA,15,NA,NA,NA,NA,NA,NA,NA,NA,0,"local",FALSE,NA,NA,NA,NA,NA,NA,NA,NA,NA,NA
"MiFish_0001271",NA,NA,NA,NA,NA,NA,NA,0,"None",NA,131,NA,NA,NA,NA,NA,NA,NA,NA,0,"local",FALSE,NA,NA,NA,NA,NA,NA,NA,NA,NA,NA
"MiFish_0001272",NA,NA,NA,NA,NA,NA,NA,0,"None",NA,109,NA,NA,NA,NA,NA,NA,NA,NA,0,"local",FALSE,NA,NA,NA,NA,NA,NA,NA,NA,NA,NA
"MiFish_0001273",NA,NA,NA,NA,NA,NA,NA,0,"None",NA,60,NA,NA,NA,NA,NA,NA,NA,NA,0,"local",FALSE,NA,NA,NA,NA,NA,NA,NA,NA,NA,NA
"MiFish_0001274",NA,NA,NA,NA,NA,NA,NA,0,"None",NA,13,NA,NA,NA,NA,NA,NA,NA,NA,0,"local",FALSE,NA,NA,NA,NA,NA,NA,NA,NA,NA,NA
"MiFish_0001275",NA,NA,NA,NA,NA,NA,NA,0,"None",NA,18,NA,NA,NA,NA,NA,NA,NA,NA,0,"local",FALSE,NA,NA,NA,NA,NA,NA,NA,NA,NA,NA
"MiFish_0001276",NA,NA,NA,NA,NA,NA,NA,0,"None",NA,17,NA,NA,NA,NA,NA,NA,NA,NA,0,"local",FALSE,NA,NA,NA,NA,NA,NA,NA,NA,NA,NA
"MiFish_0001277",NA,NA,NA,NA,NA,NA,NA,0,"None",NA,13,NA,NA,NA,NA,NA,NA,NA,NA,0,"local",FALSE,NA,NA,NA,NA,NA,NA,NA,NA,NA,NA
"MiFish_0001278","Eukaryota","Chordata","Actinopteri","Lutjaniformes","Haemulidae","Orthopristis","Orthopristis chrysoptera",96.4497041420118,"482919","Orthopristis chrysoptera",11,NA,NA,NA,NA,NA,NA,NA,NA,0,"global",FALSE,96.4497041420118,"global","Eukaryota","Chordata","Actinopteri","Lutjaniformes","Haemulidae","Orthopristis","Orthopristis chrysoptera","Orthopristis chrysoptera"
"MiFish_0001279",NA,NA,NA,NA,NA,NA,NA,0,"None",NA,19,NA,NA,NA,NA,NA,NA,NA,NA,0,"local",FALSE,NA,NA,NA,NA,NA,NA,NA,NA,NA,NA
"MiFish_0001280","Eukaryota","Chordata","Actinopteri","Labriformes","Labridae","Scarus","Scarus ghobban",99.4186046511628,"242806","Scarus ghobban",10,NA,NA,NA,NA,NA,NA,NA,NA,0,"global",FALSE,99.4186046511628,"global","Eukaryota","Chordata","Actinopteri","Labriformes","Labridae","Scarus","Scarus ghobban","Scarus ghobban"
"MiFish_0001281","Eukaryota","Chordata","Actinopteri",NA,"Pomacentridae","Stegastes","Stegastes beebei",99.4285714285714,"1350520","Stegastes beebei",14,NA,NA,NA,NA,NA,NA,NA,NA,0,"global",FALSE,99.4285714285714,"global","Eukaryota","Chordata","Actinopteri",NA,"Pomacentridae","Stegastes","Stegastes beebei","Stegastes beebei"
"MiFish_0001282","Eukaryota","Chordata","Actinopteri","Labriformes","Labridae","Thalassoma","Thalassoma lucasanum",99.4011976047904,"239048","Thalassoma lucasanum",12,NA,NA,NA,NA,NA,NA,NA,NA,0,"global",FALSE,99.4011976047904,"global","Eukaryota","Chordata","Actinopteri","Labriformes","Labridae","Thalassoma","Thalassoma lucasanum","Thalassoma lucasanum"
"MiFish_0001283","Eukaryota","Chordata","Actinopteri","Tetraodontiformes","Monacanthidae","Aluterus",NA,100,"303709","Aluterus",50,NA,NA,NA,NA,NA,NA,NA,NA,0,"global",FALSE,100,"global","Eukaryota","Chordata","Actinopteri","Tetraodontiformes","Monacanthidae","Aluterus",NA,"Aluterus"
"MiFish_0001284",NA,NA,NA,NA,NA,NA,NA,0,"None",NA,49,NA,NA,NA,NA,NA,NA,NA,NA,0,"local",FALSE,NA,NA,NA,NA,NA,NA,NA,NA,NA,NA
"MiFish_0001285",NA,NA,NA,NA,NA,NA,NA,0,"None",NA,13,NA,NA,NA,NA,NA,NA,NA,NA,0,"local",FALSE,NA,NA,NA,NA,NA,NA,NA,NA,NA,NA
"MiFish_0001286",NA,NA,NA,NA,NA,NA,NA,0,"None",NA,21,NA,NA,NA,NA,NA,NA,NA,NA,0,"local",FALSE,NA,NA,NA,NA,NA,NA,NA,NA,NA,NA
"MiFish_0001287",NA,NA,NA,NA,NA,NA,NA,0,"None",NA,15,NA,NA,NA,NA,NA,NA,NA,NA,0,"local",FALSE,NA,NA,NA,NA,NA,NA,NA,NA,NA,NA
"MiFish_0001288",NA,NA,NA,NA,NA,NA,NA,0,"None",NA,16,NA,NA,NA,NA,NA,NA,NA,NA,0,"local",FALSE,NA,NA,NA,NA,NA,NA,NA,NA,NA,NA
"MiFish_0001289",NA,NA,NA,NA,NA,NA,NA,0,"None",NA,385,NA,NA,NA,NA,NA,NA,NA,NA,0,"local",FALSE,NA,NA,NA,NA,NA,NA,NA,NA,NA,NA
"MiFish_0001290",NA,NA,NA,NA,NA,NA,NA,0,"None",NA,16,NA,NA,NA,NA,NA,NA,NA,NA,0,"local",FALSE,NA,NA,NA,NA,NA,NA,NA,NA,NA,NA
"MiFish_0001291","Eukaryota","Chordata","Actinopteri","Holocentriformes","Holocentridae","Myripristis",NA,95.9302325581395,"47699","Myripristis",11,"d:Eukaryota,p:Chordata,c:Actinopteri,o:Holocentriformes,f:Holocentridae,g:Myripristis,s:Myripristis_berndti","Eukaryota","Chordata","Actinopteri","Holocentriformes","Holocentridae","Myripristis","Myripristis berndti",95.3,"global",TRUE,95.9302325581395,"lca_global_v_local","Eukaryota","Chordata","Actinopteri","Holocentriformes","Holocentridae","Myripristis",NA,"Myripristis"
"MiFish_0001292",NA,NA,NA,NA,NA,NA,NA,0,"None",NA,15,NA,NA,NA,NA,NA,NA,NA,NA,0,"local",FALSE,NA,NA,NA,NA,NA,NA,NA,NA,NA,NA
"MiFish_0001293","Eukaryota","Chordata","Actinopteri","Perciformes","Serranidae","Epinephelus","Epinephelus bontoides",96.4497041420118,"1167616","Epinephelus bontoides",10,NA,NA,NA,NA,NA,NA,NA,NA,0,"global",FALSE,96.4497041420118,"global","Eukaryota","Chordata","Actinopteri","Perciformes","Serranidae","Epinephelus","Epinephelus bontoides","Epinephelus bontoides"
"MiFish_0001294",NA,NA,NA,NA,NA,NA,NA,0,"None",NA,11,NA,NA,NA,NA,NA,NA,NA,NA,0,"local",FALSE,NA,NA,NA,NA,NA,NA,NA,NA,NA,NA
"MiFish_0001295",NA,NA,NA,NA,NA,NA,NA,0,"None",NA,18,NA,NA,NA,NA,NA,NA,NA,NA,0,"local",FALSE,NA,NA,NA,NA,NA,NA,NA,NA,NA,NA
"MiFish_0001296",NA,NA,NA,NA,NA,NA,NA,0,"None",NA,33,NA,NA,NA,NA,NA,NA,NA,NA,0,"local",FALSE,NA,NA,NA,NA,NA,NA,NA,NA,NA,NA
"MiFish_0001297",NA,NA,NA,NA,NA,NA,NA,0,"None",NA,18,NA,NA,NA,NA,NA,NA,NA,NA,0,"local",FALSE,NA,NA,NA,NA,NA,NA,NA,NA,NA,NA
"MiFish_0001298","Eukaryota","Chordata","Actinopteri","Lutjaniformes","Haemulidae","Orthopristis","Orthopristis chrysoptera",95.8579881656805,"482919","Orthopristis chrysoptera",11,NA,NA,NA,NA,NA,NA,NA,NA,0,"global",FALSE,95.8579881656805,"global","Eukaryota","Chordata","Actinopteri","Lutjaniformes","Haemulidae","Orthopristis","Orthopristis chrysoptera","Orthopristis chrysoptera"
"MiFish_0001299",NA,NA,NA,NA,NA,NA,NA,0,"None",NA,17,NA,NA,NA,NA,NA,NA,NA,NA,0,"local",FALSE,NA,NA,NA,NA,NA,NA,NA,NA,NA,NA
"MiFish_0001300",NA,NA,NA,NA,NA,NA,NA,0,"None",NA,38,NA,NA,NA,NA,NA,NA,NA,NA,0,"local",FALSE,NA,NA,NA,NA,NA,NA,NA,NA,NA,NA
"MiFish_0001301",NA,NA,NA,NA,NA,NA,NA,0,"None",NA,13,NA,NA,NA,NA,NA,NA,NA,NA,0,"local",FALSE,NA,NA,NA,NA,NA,NA,NA,NA,NA,NA
"MiFish_0001302",NA,NA,NA,NA,NA,NA,NA,0,"None",NA,15,NA,NA,NA,NA,NA,NA,NA,NA,0,"local",FALSE,NA,NA,NA,NA,NA,NA,NA,NA,NA,NA
"MiFish_0001303",NA,NA,NA,NA,NA,NA,NA,0,"None",NA,44,NA,NA,NA,NA,NA,NA,NA,NA,0,"local",FALSE,NA,NA,NA,NA,NA,NA,NA,NA,NA,NA
"MiFish_0001304",NA,NA,NA,NA,NA,NA,NA,0,"None",NA,16,NA,NA,NA,NA,NA,NA,NA,NA,0,"local",FALSE,NA,NA,NA,NA,NA,NA,NA,NA,NA,NA
"MiFish_0001305",NA,NA,NA,NA,NA,NA,NA,0,"None",NA,25,NA,NA,NA,NA,NA,NA,NA,NA,0,"local",FALSE,NA,NA,NA,NA,NA,NA,NA,NA,NA,NA
"MiFish_0001306",NA,NA,NA,NA,NA,NA,NA,0,"None",NA,42,NA,NA,NA,NA,NA,NA,NA,NA,0,"local",FALSE,NA,NA,NA,NA,NA,NA,NA,NA,NA,NA
"MiFish_0001307",NA,NA,NA,NA,NA,NA,NA,0,"None",NA,44,NA,NA,NA,NA,NA,NA,NA,NA,0,"local",FALSE,NA,NA,NA,NA,NA,NA,NA,NA,NA,NA
"MiFish_0001308",NA,NA,NA,NA,NA,NA,NA,0,"None",NA,841,NA,NA,NA,NA,NA,NA,NA,NA,0,"local",FALSE,NA,NA,NA,NA,NA,NA,NA,NA,NA,NA
"MiFish_0001309",NA,NA,NA,NA,NA,NA,NA,0,"None",NA,150,NA,NA,NA,NA,NA,NA,NA,NA,0,"local",FALSE,NA,NA,NA,NA,NA,NA,NA,NA,NA,NA
"MiFish_0001310","Eukaryota","Chordata","Actinopteri","Labriformes","Labridae","Scarus","Scarus ghobban",99.4186046511628,"242806","Scarus ghobban",14,NA,NA,NA,NA,NA,NA,NA,NA,0,"global",FALSE,99.4186046511628,"global","Eukaryota","Chordata","Actinopteri","Labriformes","Labridae","Scarus","Scarus ghobban","Scarus ghobban"
"MiFish_0001311",NA,NA,NA,NA,NA,NA,NA,0,"None",NA,28,NA,NA,NA,NA,NA,NA,NA,NA,0,"local",FALSE,NA,NA,NA,NA,NA,NA,NA,NA,NA,NA
"MiFish_0001312",NA,NA,NA,NA,NA,NA,NA,0,"None",NA,33,NA,NA,NA,NA,NA,NA,NA,NA,0,"local",FALSE,NA,NA,NA,NA,NA,NA,NA,NA,NA,NA
"MiFish_0001313",NA,NA,NA,NA,NA,NA,NA,0,"None",NA,11,NA,NA,NA,NA,NA,NA,NA,NA,0,"local",FALSE,NA,NA,NA,NA,NA,NA,NA,NA,NA,NA
"MiFish_0001314","Eukaryota","Chordata","Actinopteri","Lutjaniformes","Lutjanidae","Lutjanus","Lutjanus argentimaculatus",97.0414201183432,"211834","Lutjanus argentimaculatus",230,NA,NA,NA,NA,NA,NA,NA,NA,0,"global",FALSE,97.0414201183432,"global","Eukaryota","Chordata","Actinopteri","Lutjaniformes","Lutjanidae","Lutjanus","Lutjanus argentimaculatus","Lutjanus argentimaculatus"
"MiFish_0001315","Eukaryota","Chordata","Actinopteri","Scombriformes","Scombridae","Thunnus",NA,99.4047619047619,"8234","Thunnus",31,"d:Eukaryota,p:Chordata,c:Actinopteri,o:Scombriformes,f:Scombridae,g:Thunnus","Eukaryota","Chordata","Actinopteri","Scombriformes","Scombridae","Thunnus",NA,99.4,"global",TRUE,99.4047619047619,"lca_global_v_local","Eukaryota","Chordata","Actinopteri","Scombriformes","Scombridae","Thunnus",NA,"Thunnus"
"MiFish_0001316","Eukaryota","Chordata","Actinopteri","Scombriformes","Scombridae","Auxis","Auxis rochei",100,"217026","Auxis rochei",433,"d:Eukaryota,p:Chordata,c:Actinopteri,o:Scombriformes,f:Scombridae,g:Auxis,s:Auxis_rochei","Eukaryota","Chordata","Actinopteri","Scombriformes","Scombridae","Auxis","Auxis rochei",100,"local",FALSE,100,"local","Eukaryota","Chordata","Actinopteri","Scombriformes","Scombridae","Auxis","Auxis rochei","Auxis rochei"
"MiFish_0001317","Eukaryota","Chordata","Actinopteri","Scombriformes","Scombridae","Auxis",NA,99.4082840236686,"13352","Auxis",35,"d:Eukaryota,p:Chordata,c:Actinopteri,o:Scombriformes,f:Scombridae,g:Auxis,s:Auxis_rochei","Eukaryota","Chordata","Actinopteri","Scombriformes","Scombridae","Auxis","Auxis rochei",99.4,"global",TRUE,99.4082840236686,"lca_global_v_local","Eukaryota","Chordata","Actinopteri","Scombriformes","Scombridae","Auxis",NA,"Auxis"
"MiFish_0001318","Eukaryota","Chordata","Actinopteri","Acanthuriformes","Acanthuridae","Prionurus",NA,97.0588235294118,"75035","Prionurus",104,NA,NA,NA,NA,NA,NA,NA,NA,0,"global",FALSE,97.0588235294118,"global","Eukaryota","Chordata","Actinopteri","Acanthuriformes","Acanthuridae","Prionurus",NA,"Prionurus"
"MiFish_0001319","Eukaryota","Chordata","Actinopteri","Acanthuriformes","Acanthuridae","Prionurus",NA,96.4705882352941,"75035","Prionurus",13,NA,NA,NA,NA,NA,NA,NA,NA,0,"global",FALSE,96.4705882352941,"global","Eukaryota","Chordata","Actinopteri","Acanthuriformes","Acanthuridae","Prionurus",NA,"Prionurus"
"MiFish_0001320","Eukaryota","Chordata","Actinopteri","Acanthuriformes","Acanthuridae","Prionurus",NA,98.235294117647,"75035","Prionurus",15,NA,NA,NA,NA,NA,NA,NA,NA,0,"global",FALSE,98.235294117647,"global","Eukaryota","Chordata","Actinopteri","Acanthuriformes","Acanthuridae","Prionurus",NA,"Prionurus"
"MiFish_0001321",NA,NA,NA,NA,NA,NA,NA,0,"None",NA,17,NA,NA,NA,NA,NA,NA,NA,NA,0,"local",FALSE,NA,NA,NA,NA,NA,NA,NA,NA,NA,NA
"MiFish_0001322",NA,NA,NA,NA,NA,NA,NA,0,"None",NA,17,NA,NA,NA,NA,NA,NA,NA,NA,0,"local",FALSE,NA,NA,NA,NA,NA,NA,NA,NA,NA,NA
"MiFish_0001323","Eukaryota","Chordata","Actinopteri","Perciformes","Serranidae","Epinephelus","Epinephelus bontoides",96.4497041420118,"1167616","Epinephelus bontoides",2626,"d:Eukaryota,p:Chordata,c:Actinopteri,o:Perciformes,f:Serranidae,g:Epinephelus,s:Epinephelus_merra","Eukaryota","Chordata","Actinopteri","Perciformes","Serranidae","Epinephelus","Epinephelus merra",95.3,"global",TRUE,96.4497041420118,"lca_global_v_local","Eukaryota","Chordata","Actinopteri","Perciformes","Serranidae","Epinephelus",NA,"Epinephelus"
"MiFish_0001324","Eukaryota","Chordata","Actinopteri","Acanthuriformes","Acanthuridae","Prionurus","Prionurus laticlavius",99.4117647058823,"175437","Prionurus laticlavius",19,NA,NA,NA,NA,NA,NA,NA,NA,0,"global",FALSE,99.4117647058823,"global","Eukaryota","Chordata","Actinopteri","Acanthuriformes","Acanthuridae","Prionurus","Prionurus laticlavius","Prionurus laticlavius"
"MiFish_0001325","Eukaryota","Chordata","Actinopteri","Labriformes","Labridae","Scarus","Scarus rubroviolaceus",100,"247628","Scarus rubroviolaceus",32,NA,NA,NA,NA,NA,NA,NA,NA,0,"global",FALSE,100,"global","Eukaryota","Chordata","Actinopteri","Labriformes","Labridae","Scarus","Scarus rubroviolaceus","Scarus rubroviolaceus"
"MiFish_0001326","Eukaryota","Chordata","Actinopteri","Perciformes","Serranidae","Epinephelus","Epinephelus bontoides",95.8579881656805,"1167616","Epinephelus bontoides",14,NA,NA,NA,NA,NA,NA,NA,NA,0,"global",FALSE,95.8579881656805,"global","Eukaryota","Chordata","Actinopteri","Perciformes","Serranidae","Epinephelus","Epinephelus bontoides","Epinephelus bontoides"
"MiFish_0001327",NA,NA,NA,NA,NA,NA,NA,0,"None",NA,27,NA,NA,NA,NA,NA,NA,NA,NA,0,"local",FALSE,NA,NA,NA,NA,NA,NA,NA,NA,NA,NA
"MiFish_0001328",NA,NA,NA,NA,NA,NA,NA,0,"None",NA,172,NA,NA,NA,NA,NA,NA,NA,NA,0,"local",FALSE,NA,NA,NA,NA,NA,NA,NA,NA,NA,NA
"MiFish_0001329",NA,NA,NA,NA,NA,NA,NA,0,"None",NA,20,NA,NA,NA,NA,NA,NA,NA,NA,0,"local",FALSE,NA,NA,NA,NA,NA,NA,NA,NA,NA,NA
"MiFish_0001330",NA,NA,NA,NA,NA,NA,NA,0,"None",NA,10,NA,NA,NA,NA,NA,NA,NA,NA,0,"local",FALSE,NA,NA,NA,NA,NA,NA,NA,NA,NA,NA
"MiFish_0001331",NA,NA,NA,NA,NA,NA,NA,0,"None",NA,26,NA,NA,NA,NA,NA,NA,NA,NA,0,"local",FALSE,NA,NA,NA,NA,NA,NA,NA,NA,NA,NA
"MiFish_0001332",NA,NA,NA,NA,NA,NA,NA,0,"None",NA,18,NA,NA,NA,NA,NA,NA,NA,NA,0,"local",FALSE,NA,NA,NA,NA,NA,NA,NA,NA,NA,NA
"MiFish_0001333",NA,NA,NA,NA,NA,NA,NA,0,"None",NA,35,NA,NA,NA,NA,NA,NA,NA,NA,0,"local",FALSE,NA,NA,NA,NA,NA,NA,NA,NA,NA,NA
"MiFish_0001334",NA,NA,NA,NA,NA,NA,NA,0,"None",NA,23,NA,NA,NA,NA,NA,NA,NA,NA,0,"local",FALSE,NA,NA,NA,NA,NA,NA,NA,NA,NA,NA
"MiFish_0001335",NA,NA,NA,NA,NA,NA,NA,0,"None",NA,16,NA,NA,NA,NA,NA,NA,NA,NA,0,"local",FALSE,NA,NA,NA,NA,NA,NA,NA,NA,NA,NA
"MiFish_0001336",NA,NA,NA,NA,NA,NA,NA,0,"None",NA,124,NA,NA,NA,NA,NA,NA,NA,NA,0,"local",FALSE,NA,NA,NA,NA,NA,NA,NA,NA,NA,NA
"MiFish_0001337",NA,NA,NA,NA,NA,NA,NA,0,"None",NA,26,NA,NA,NA,NA,NA,NA,NA,NA,0,"local",FALSE,NA,NA,NA,NA,NA,NA,NA,NA,NA,NA
"MiFish_0001338",NA,NA,NA,NA,NA,NA,NA,0,"None",NA,14,NA,NA,NA,NA,NA,NA,NA,NA,0,"local",FALSE,NA,NA,NA,NA,NA,NA,NA,NA,NA,NA
"MiFish_0001339",NA,NA,NA,NA,NA,NA,NA,0,"None",NA,11,NA,NA,NA,NA,NA,NA,NA,NA,0,"local",FALSE,NA,NA,NA,NA,NA,NA,NA,NA,NA,NA
"MiFish_0001340",NA,NA,NA,NA,NA,NA,NA,0,"None",NA,20,NA,NA,NA,NA,NA,NA,NA,NA,0,"local",FALSE,NA,NA,NA,NA,NA,NA,NA,NA,NA,NA
"MiFish_0001341",NA,NA,NA,NA,NA,NA,NA,0,"None",NA,16,NA,NA,NA,NA,NA,NA,NA,NA,0,"local",FALSE,NA,NA,NA,NA,NA,NA,NA,NA,NA,NA
"MiFish_0001342",NA,NA,NA,NA,NA,NA,NA,0,"None",NA,17,NA,NA,NA,NA,NA,NA,NA,NA,0,"local",FALSE,NA,NA,NA,NA,NA,NA,NA,NA,NA,NA
"MiFish_0001343",NA,NA,NA,NA,NA,NA,NA,0,"None",NA,23,NA,NA,NA,NA,NA,NA,NA,NA,0,"local",FALSE,NA,NA,NA,NA,NA,NA,NA,NA,NA,NA
"MiFish_0001344",NA,NA,NA,NA,NA,NA,NA,0,"None",NA,36,NA,NA,NA,NA,NA,NA,NA,NA,0,"local",FALSE,NA,NA,NA,NA,NA,NA,NA,NA,NA,NA
"MiFish_0001345",NA,NA,NA,NA,NA,NA,NA,0,"None",NA,31,NA,NA,NA,NA,NA,NA,NA,NA,0,"local",FALSE,NA,NA,NA,NA,NA,NA,NA,NA,NA,NA
"MiFish_0001346",NA,NA,NA,NA,NA,NA,NA,0,"None",NA,18,NA,NA,NA,NA,NA,NA,NA,NA,0,"local",FALSE,NA,NA,NA,NA,NA,NA,NA,NA,NA,NA
"MiFish_0001347",NA,NA,NA,NA,NA,NA,NA,0,"None",NA,111,NA,NA,NA,NA,NA,NA,NA,NA,0,"local",FALSE,NA,NA,NA,NA,NA,NA,NA,NA,NA,NA
"MiFish_0001348",NA,NA,NA,NA,NA,NA,NA,0,"None",NA,21,NA,NA,NA,NA,NA,NA,NA,NA,0,"local",FALSE,NA,NA,NA,NA,NA,NA,NA,NA,NA,NA
"MiFish_0001349","Eukaryota","Chordata","Actinopteri","Anguilliformes","Muraenidae","Muraena","Muraena lentiginosa",98.8165680473373,"1232744","Muraena lentiginosa",47,NA,NA,NA,NA,NA,NA,NA,NA,0,"global",FALSE,98.8165680473373,"global","Eukaryota","Chordata","Actinopteri","Anguilliformes","Muraenidae","Muraena","Muraena lentiginosa","Muraena lentiginosa"
"MiFish_0001350","Eukaryota","Chordata","Actinopteri","Mugiliformes","Mugilidae","Mugil","Mugil cephalus",98.8372093023256,"48193","Mugil cephalus",19,"d:Eukaryota,p:Chordata,c:Actinopteri,o:Mugiliformes,f:Mugilidae,g:Mugil,s:Mugil_cephalus","Eukaryota","Chordata","Actinopteri","Mugiliformes","Mugilidae","Mugil","Mugil cephalus",98.8,"global",TRUE,98.8372093023256,"lca_global_v_local","Eukaryota","Chordata","Actinopteri","Mugiliformes","Mugilidae","Mugil","Mugil cephalus","Mugil cephalus"
"MiFish_0001351",NA,NA,NA,NA,NA,NA,NA,0,"None",NA,30,NA,NA,NA,NA,NA,NA,NA,NA,0,"local",FALSE,NA,NA,NA,NA,NA,NA,NA,NA,NA,NA
"MiFish_0001352","Eukaryota","Chordata","Actinopteri","Perciformes","Scorpaenidae","Pontinus","Pontinus macrocephalus",96.4285714285714,"398654","Pontinus macrocephalus",38,NA,NA,NA,NA,NA,NA,NA,NA,0,"global",FALSE,96.4285714285714,"global","Eukaryota","Chordata","Actinopteri","Perciformes","Scorpaenidae","Pontinus","Pontinus macrocephalus","Pontinus macrocephalus"
"MiFish_0001353","Eukaryota","Chordata","Actinopteri","Acanthuriformes","Acanthuridae","Prionurus",NA,97.6470588235294,"75035","Prionurus",50,NA,NA,NA,NA,NA,NA,NA,NA,0,"global",FALSE,97.6470588235294,"global","Eukaryota","Chordata","Actinopteri","Acanthuriformes","Acanthuridae","Prionurus",NA,"Prionurus"
"MiFish_0001354","Eukaryota","Chordata","Actinopteri",NA,"Pomacentridae","Abudefduf",NA,98.8165680473373,"36213","Abudefduf",20,NA,NA,NA,NA,NA,NA,NA,NA,0,"global",FALSE,98.8165680473373,"global","Eukaryota","Chordata","Actinopteri",NA,"Pomacentridae","Abudefduf",NA,"Abudefduf"
"MiFish_0001355",NA,NA,NA,NA,NA,NA,NA,0,"None",NA,277,NA,NA,NA,NA,NA,NA,NA,NA,0,"local",FALSE,NA,NA,NA,NA,NA,NA,NA,NA,NA,NA
"MiFish_0001356",NA,NA,NA,NA,NA,NA,NA,0,"None",NA,12,NA,NA,NA,NA,NA,NA,NA,NA,0,"local",FALSE,NA,NA,NA,NA,NA,NA,NA,NA,NA,NA
"MiFish_0001357",NA,NA,NA,NA,NA,NA,NA,0,"None",NA,12,NA,NA,NA,NA,NA,NA,NA,NA,0,"local",FALSE,NA,NA,NA,NA,NA,NA,NA,NA,NA,NA
"MiFish_0001358",NA,NA,NA,NA,NA,NA,NA,0,"None",NA,98,NA,NA,NA,NA,NA,NA,NA,NA,0,"local",FALSE,NA,NA,NA,NA,NA,NA,NA,NA,NA,NA
"MiFish_0001359",NA,NA,NA,NA,NA,NA,NA,0,"None",NA,12,NA,NA,NA,NA,NA,NA,NA,NA,0,"local",FALSE,NA,NA,NA,NA,NA,NA,NA,NA,NA,NA
"MiFish_0001360",NA,NA,NA,NA,NA,NA,NA,0,"None",NA,28,NA,NA,NA,NA,NA,NA,NA,NA,0,"local",FALSE,NA,NA,NA,NA,NA,NA,NA,NA,NA,NA
"MiFish_0001361",NA,NA,NA,NA,NA,NA,NA,0,"None",NA,52,NA,NA,NA,NA,NA,NA,NA,NA,0,"local",FALSE,NA,NA,NA,NA,NA,NA,NA,NA,NA,NA
"MiFish_0001362","Eukaryota","Chordata","Actinopteri","Clupeiformes","Dussumieriidae","Etrumeus","Etrumeus micropus",98.8505747126437,"942859","Etrumeus micropus",103,"d:Eukaryota,p:Chordata,c:Actinopteri,o:Clupeiformes,f:Dussumieriidae,g:Etrumeus,s:Etrumeus_teres","Eukaryota","Chordata","Actinopteri","Clupeiformes","Dussumieriidae","Etrumeus","Etrumeus teres",99.4,"local",FALSE,99.4,"local","Eukaryota","Chordata","Actinopteri","Clupeiformes","Dussumieriidae","Etrumeus","Etrumeus teres","Etrumeus teres"
"MiFish_0001363","Eukaryota","Chordata","Actinopteri","Carangiformes","Carangidae","Decapterus",NA,98.2248520710059,"58219","Decapterus",12,"d:Eukaryota,p:Chordata,c:Actinopteri,o:Carangiformes,f:Carangidae,g:Decapterus,s:Decapterus_russelli","Eukaryota","Chordata","Actinopteri","Carangiformes","Carangidae","Decapterus","Decapterus russelli",96.4,"global",TRUE,98.2248520710059,"lca_global_v_local","Eukaryota","Chordata","Actinopteri","Carangiformes","Carangidae","Decapterus",NA,"Decapterus"
"MiFish_0001364",NA,NA,NA,NA,NA,NA,NA,0,"None",NA,20,NA,NA,NA,NA,NA,NA,NA,NA,0,"local",FALSE,NA,NA,NA,NA,NA,NA,NA,NA,NA,NA
"MiFish_0001365","Eukaryota","Chordata","Actinopteri","Labriformes","Labridae","Halichoeres","Halichoeres dispilus",97.0059880239521,"317475","Halichoeres dispilus",131,NA,NA,NA,NA,NA,NA,NA,NA,0,"global",FALSE,97.0059880239521,"global","Eukaryota","Chordata","Actinopteri","Labriformes","Labridae","Halichoeres","Halichoeres dispilus","Halichoeres dispilus"
"MiFish_0001366","Eukaryota","Chordata","Actinopteri","Carangiformes","Carangidae","Decapterus",NA,98.8165680473373,"58219","Decapterus",103,"d:Eukaryota,p:Chordata,c:Actinopteri,o:Carangiformes,f:Carangidae,g:Decapterus,s:Decapterus_russelli","Eukaryota","Chordata","Actinopteri","Carangiformes","Carangidae","Decapterus","Decapterus russelli",97,"global",TRUE,98.8165680473373,"lca_global_v_local","Eukaryota","Chordata","Actinopteri","Carangiformes","Carangidae","Decapterus",NA,"Decapterus"
"MiFish_0001367",NA,NA,NA,NA,NA,NA,NA,0,"None",NA,11,NA,NA,NA,NA,NA,NA,NA,NA,0,"local",FALSE,NA,NA,NA,NA,NA,NA,NA,NA,NA,NA
"MiFish_0001368",NA,NA,NA,NA,NA,NA,NA,0,"None",NA,12,NA,NA,NA,NA,NA,NA,NA,NA,0,"local",FALSE,NA,NA,NA,NA,NA,NA,NA,NA,NA,NA
"MiFish_0001369",NA,NA,NA,NA,NA,NA,NA,0,"None",NA,12,NA,NA,NA,NA,NA,NA,NA,NA,0,"local",FALSE,NA,NA,NA,NA,NA,NA,NA,NA,NA,NA
"MiFish_0001370","Eukaryota","Chordata","Actinopteri","Carangiformes","Carangidae","Decapterus","Decapterus macrosoma",100,"166264","Decapterus macrosoma",21,"d:Eukaryota,p:Chordata,c:Actinopteri,o:Carangiformes,f:Carangidae,g:Decapterus,s:Decapterus_russelli","Eukaryota","Chordata","Actinopteri","Carangiformes","Carangidae","Decapterus","Decapterus russelli",95.3,"global",TRUE,100,"lca_global_v_local","Eukaryota","Chordata","Actinopteri","Carangiformes","Carangidae","Decapterus",NA,"Decapterus"
"MiFish_0001371",NA,NA,NA,NA,NA,NA,NA,0,"None",NA,16,NA,NA,NA,NA,NA,NA,NA,NA,0,"local",FALSE,NA,NA,NA,NA,NA,NA,NA,NA,NA,NA
"MiFish_0001372",NA,NA,NA,NA,NA,NA,NA,0,"None",NA,16,NA,NA,NA,NA,NA,NA,NA,NA,0,"local",FALSE,NA,NA,NA,NA,NA,NA,NA,NA,NA,NA
"MiFish_0001373",NA,NA,NA,NA,NA,NA,NA,0,"None",NA,10,NA,NA,NA,NA,NA,NA,NA,NA,0,"local",FALSE,NA,NA,NA,NA,NA,NA,NA,NA,NA,NA
"MiFish_0001374",NA,NA,NA,NA,NA,NA,NA,0,"None",NA,11,NA,NA,NA,NA,NA,NA,NA,NA,0,"local",FALSE,NA,NA,NA,NA,NA,NA,NA,NA,NA,NA
"MiFish_0001375",NA,NA,NA,NA,NA,NA,NA,0,"None",NA,16,NA,NA,NA,NA,NA,NA,NA,NA,0,"local",FALSE,NA,NA,NA,NA,NA,NA,NA,NA,NA,NA
"MiFish_0001376","Eukaryota","Chordata","Actinopteri","Scombriformes","Scombridae","Thunnus",NA,99.4047619047619,"8234","Thunnus",11,"d:Eukaryota,p:Chordata,c:Actinopteri,o:Scombriformes,f:Scombridae,g:Thunnus","Eukaryota","Chordata","Actinopteri","Scombriformes","Scombridae","Thunnus",NA,99.4,"global",TRUE,99.4047619047619,"lca_global_v_local","Eukaryota","Chordata","Actinopteri","Scombriformes","Scombridae","Thunnus",NA,"Thunnus"
"MiFish_0001377",NA,NA,NA,NA,NA,NA,NA,0,"None",NA,13,NA,NA,NA,NA,NA,NA,NA,NA,0,"local",FALSE,NA,NA,NA,NA,NA,NA,NA,NA,NA,NA
"MiFish_0001378",NA,NA,NA,NA,NA,NA,NA,0,"None",NA,11,NA,NA,NA,NA,NA,NA,NA,NA,0,"local",FALSE,NA,NA,NA,NA,NA,NA,NA,NA,NA,NA
"MiFish_0001379","Eukaryota","Chordata","Actinopteri","Perciformes","Scorpaenidae","Pontinus","Pontinus macrocephalus",96.4285714285714,"398654","Pontinus macrocephalus",21,NA,NA,NA,NA,NA,NA,NA,NA,0,"global",FALSE,96.4285714285714,"global","Eukaryota","Chordata","Actinopteri","Perciformes","Scorpaenidae","Pontinus","Pontinus macrocephalus","Pontinus macrocephalus"
"MiFish_0001380",NA,NA,NA,NA,NA,NA,NA,0,"None",NA,29,NA,NA,NA,NA,NA,NA,NA,NA,0,"local",FALSE,NA,NA,NA,NA,NA,NA,NA,NA,NA,NA
"MiFish_0001381",NA,NA,NA,NA,NA,NA,NA,0,"None",NA,69,NA,NA,NA,NA,NA,NA,NA,NA,0,"local",FALSE,NA,NA,NA,NA,NA,NA,NA,NA,NA,NA
"MiFish_0001382","Eukaryota","Chordata","Actinopteri","Clupeiformes","Clupeidae","Sardinops",NA,98.8439306358382,"28380","Sardinops",26,NA,NA,NA,NA,NA,NA,NA,NA,0,"global",FALSE,98.8439306358382,"global","Eukaryota","Chordata","Actinopteri","Clupeiformes","Clupeidae","Sardinops",NA,"Sardinops"
"MiFish_0001383",NA,NA,NA,NA,NA,NA,NA,0,"None",NA,13,NA,NA,NA,NA,NA,NA,NA,NA,0,"local",FALSE,NA,NA,NA,NA,NA,NA,NA,NA,NA,NA
"MiFish_0001384",NA,NA,NA,NA,NA,NA,NA,0,"None",NA,34,NA,NA,NA,NA,NA,NA,NA,NA,0,"local",FALSE,NA,NA,NA,NA,NA,NA,NA,NA,NA,NA
"MiFish_0001385","Eukaryota","Chordata","Actinopteri","Pleuronectiformes","Achiridae","Achirus","Achirus lineatus",97.093023255814,"253938","Achirus lineatus",98,NA,NA,NA,NA,NA,NA,NA,NA,0,"global",FALSE,97.093023255814,"global","Eukaryota","Chordata","Actinopteri","Pleuronectiformes","Achiridae","Achirus","Achirus lineatus","Achirus lineatus"
"MiFish_0001386",NA,NA,NA,NA,NA,NA,NA,0,"None",NA,206,NA,NA,NA,NA,NA,NA,NA,NA,0,"local",FALSE,NA,NA,NA,NA,NA,NA,NA,NA,NA,NA
"MiFish_0001387","Eukaryota","Chordata","Actinopteri",NA,"Pomacentridae","Abudefduf",NA,98.8165680473373,"36213","Abudefduf",43,NA,NA,NA,NA,NA,NA,NA,NA,0,"global",FALSE,98.8165680473373,"global","Eukaryota","Chordata","Actinopteri",NA,"Pomacentridae","Abudefduf",NA,"Abudefduf"
"MiFish_0001388",NA,NA,NA,NA,NA,NA,NA,0,"None",NA,12,NA,NA,NA,NA,NA,NA,NA,NA,0,"local",FALSE,NA,NA,NA,NA,NA,NA,NA,NA,NA,NA
"MiFish_0001389","Eukaryota","Chordata","Actinopteri","Scombriformes","Scombridae","Scomberomorus","Scomberomorus sierra",100,"99346","Scomberomorus sierra",651,"d:Eukaryota,p:Chordata,c:Actinopteri,o:Scombriformes,f:Scombridae,g:Scomberomorus,s:Scomberomorus_concolor","Eukaryota","Chordata","Actinopteri","Scombriformes","Scombridae","Scomberomorus","Scomberomorus concolor",98.8,"global",TRUE,100,"lca_global_v_local","Eukaryota","Chordata","Actinopteri","Scombriformes","Scombridae","Scomberomorus",NA,"Scomberomorus"
"MiFish_0001390",NA,NA,NA,NA,NA,NA,NA,0,"None",NA,42,NA,NA,NA,NA,NA,NA,NA,NA,0,"local",FALSE,NA,NA,NA,NA,NA,NA,NA,NA,NA,NA
"MiFish_0001391",NA,NA,NA,NA,NA,NA,NA,0,"None",NA,13,NA,NA,NA,NA,NA,NA,NA,NA,0,"local",FALSE,NA,NA,NA,NA,NA,NA,NA,NA,NA,NA
"MiFish_0001392",NA,NA,NA,NA,NA,NA,NA,0,"None",NA,10,NA,NA,NA,NA,NA,NA,NA,NA,0,"local",FALSE,NA,NA,NA,NA,NA,NA,NA,NA,NA,NA
"MiFish_0001393",NA,NA,NA,NA,NA,NA,NA,0,"None",NA,18,NA,NA,NA,NA,NA,NA,NA,NA,0,"local",FALSE,NA,NA,NA,NA,NA,NA,NA,NA,NA,NA
"MiFish_0001394",NA,NA,NA,NA,NA,NA,NA,0,"None",NA,138,NA,NA,NA,NA,NA,NA,NA,NA,0,"local",FALSE,NA,NA,NA,NA,NA,NA,NA,NA,NA,NA
"MiFish_0001395",NA,NA,NA,NA,NA,NA,NA,0,"None",NA,163,NA,NA,NA,NA,NA,NA,NA,NA,0,"local",FALSE,NA,NA,NA,NA,NA,NA,NA,NA,NA,NA
"MiFish_0001396",NA,NA,NA,NA,NA,NA,NA,0,"None",NA,55,NA,NA,NA,NA,NA,NA,NA,NA,0,"local",FALSE,NA,NA,NA,NA,NA,NA,NA,NA,NA,NA
"MiFish_0001397",NA,NA,NA,NA,NA,NA,NA,0,"None",NA,16,NA,NA,NA,NA,NA,NA,NA,NA,0,"local",FALSE,NA,NA,NA,NA,NA,NA,NA,NA,NA,NA
"MiFish_0001398",NA,NA,NA,NA,NA,NA,NA,0,"None",NA,697,NA,NA,NA,NA,NA,NA,NA,NA,0,"local",FALSE,NA,NA,NA,NA,NA,NA,NA,NA,NA,NA
"MiFish_0001399","Eukaryota","Chordata","Actinopteri","Clupeiformes","Engraulidae","Anchoa","Anchoa hepsetus",98.2558139534884,"411572","Anchoa hepsetus",33,NA,NA,NA,NA,NA,NA,NA,NA,0,"global",FALSE,98.2558139534884,"global","Eukaryota","Chordata","Actinopteri","Clupeiformes","Engraulidae","Anchoa","Anchoa hepsetus","Anchoa hepsetus"
"MiFish_0001400",NA,NA,NA,NA,NA,NA,NA,0,"None",NA,361,NA,NA,NA,NA,NA,NA,NA,NA,0,"local",FALSE,NA,NA,NA,NA,NA,NA,NA,NA,NA,NA
"MiFish_0001401",NA,NA,NA,NA,NA,NA,NA,0,"None",NA,21,NA,NA,NA,NA,NA,NA,NA,NA,0,"local",FALSE,NA,NA,NA,NA,NA,NA,NA,NA,NA,NA
"MiFish_0001402",NA,NA,NA,NA,NA,NA,NA,0,"None",NA,12,NA,NA,NA,NA,NA,NA,NA,NA,0,"local",FALSE,NA,NA,NA,NA,NA,NA,NA,NA,NA,NA
"MiFish_0001403","Eukaryota","Chordata","Actinopteri","Scombriformes","Scombridae","Scomberomorus","Scomberomorus sierra",99.4117647058823,"99346","Scomberomorus sierra",67,"d:Eukaryota,p:Chordata,c:Actinopteri,o:Scombriformes,f:Scombridae,g:Scomberomorus,s:Scomberomorus_concolor","Eukaryota","Chordata","Actinopteri","Scombriformes","Scombridae","Scomberomorus","Scomberomorus concolor",98.2,"global",TRUE,99.4117647058823,"lca_global_v_local","Eukaryota","Chordata","Actinopteri","Scombriformes","Scombridae","Scomberomorus",NA,"Scomberomorus"
"MiFish_0001404",NA,NA,NA,NA,NA,NA,NA,0,"None",NA,94,NA,NA,NA,NA,NA,NA,NA,NA,0,"local",FALSE,NA,NA,NA,NA,NA,NA,NA,NA,NA,NA
"MiFish_0001405",NA,NA,NA,NA,NA,NA,NA,0,"None",NA,14,NA,NA,NA,NA,NA,NA,NA,NA,0,"local",FALSE,NA,NA,NA,NA,NA,NA,NA,NA,NA,NA
"MiFish_0001406",NA,NA,NA,NA,NA,NA,NA,0,"None",NA,13,NA,NA,NA,NA,NA,NA,NA,NA,0,"local",FALSE,NA,NA,NA,NA,NA,NA,NA,NA,NA,NA
"MiFish_0001407",NA,NA,NA,NA,NA,NA,NA,0,"None",NA,296,NA,NA,NA,NA,NA,NA,NA,NA,0,"local",FALSE,NA,NA,NA,NA,NA,NA,NA,NA,NA,NA
"MiFish_0001408",NA,NA,NA,NA,NA,NA,NA,0,"None",NA,115,NA,NA,NA,NA,NA,NA,NA,NA,0,"local",FALSE,NA,NA,NA,NA,NA,NA,NA,NA,NA,NA
"MiFish_0001409",NA,NA,NA,NA,NA,NA,NA,0,"None",NA,223,NA,NA,NA,NA,NA,NA,NA,NA,0,"local",FALSE,NA,NA,NA,NA,NA,NA,NA,NA,NA,NA
"MiFish_0001410","Eukaryota","Chordata","Actinopteri","Mugiliformes","Mugilidae","Mugil","Mugil cephalus",98.8304093567252,"48193","Mugil cephalus",20,"d:Eukaryota,p:Chordata,c:Actinopteri,o:Mugiliformes,f:Mugilidae,g:Mugil,s:Mugil_cephalus","Eukaryota","Chordata","Actinopteri","Mugiliformes","Mugilidae","Mugil","Mugil cephalus",98.8,"global",TRUE,98.8304093567252,"lca_global_v_local","Eukaryota","Chordata","Actinopteri","Mugiliformes","Mugilidae","Mugil","Mugil cephalus","Mugil cephalus"
"MiFish_0001411",NA,NA,NA,NA,NA,NA,NA,0,"None",NA,132,NA,NA,NA,NA,NA,NA,NA,NA,0,"local",FALSE,NA,NA,NA,NA,NA,NA,NA,NA,NA,NA
"MiFish_0001412",NA,NA,NA,NA,NA,NA,NA,0,"None",NA,81,NA,NA,NA,NA,NA,NA,NA,NA,0,"local",FALSE,NA,NA,NA,NA,NA,NA,NA,NA,NA,NA
"MiFish_0001413",NA,NA,NA,NA,NA,NA,NA,0,"None",NA,489,NA,NA,NA,NA,NA,NA,NA,NA,0,"local",FALSE,NA,NA,NA,NA,NA,NA,NA,NA,NA,NA
"MiFish_0001414",NA,NA,NA,NA,NA,NA,NA,0,"None",NA,70,NA,NA,NA,NA,NA,NA,NA,NA,0,"local",FALSE,NA,NA,NA,NA,NA,NA,NA,NA,NA,NA
"MiFish_0001415",NA,NA,NA,NA,NA,NA,NA,0,"None",NA,850,NA,NA,NA,NA,NA,NA,NA,NA,0,"local",FALSE,NA,NA,NA,NA,NA,NA,NA,NA,NA,NA
"MiFish_0001416",NA,NA,NA,NA,NA,NA,NA,0,"None",NA,59,NA,NA,NA,NA,NA,NA,NA,NA,0,"local",FALSE,NA,NA,NA,NA,NA,NA,NA,NA,NA,NA
"MiFish_0001417",NA,NA,NA,NA,NA,NA,NA,0,"None",NA,454,NA,NA,NA,NA,NA,NA,NA,NA,0,"local",FALSE,NA,NA,NA,NA,NA,NA,NA,NA,NA,NA
"MiFish_0001418",NA,NA,NA,NA,NA,NA,NA,0,"None",NA,36,NA,NA,NA,NA,NA,NA,NA,NA,0,"local",FALSE,NA,NA,NA,NA,NA,NA,NA,NA,NA,NA
"MiFish_0001419",NA,NA,NA,NA,NA,NA,NA,0,"None",NA,391,NA,NA,NA,NA,NA,NA,NA,NA,0,"local",FALSE,NA,NA,NA,NA,NA,NA,NA,NA,NA,NA
"MiFish_0001420",NA,NA,NA,NA,NA,NA,NA,0,"None",NA,79,NA,NA,NA,NA,NA,NA,NA,NA,0,"local",FALSE,NA,NA,NA,NA,NA,NA,NA,NA,NA,NA
"MiFish_0001421",NA,NA,NA,NA,NA,NA,NA,0,"None",NA,166,NA,NA,NA,NA,NA,NA,NA,NA,0,"local",FALSE,NA,NA,NA,NA,NA,NA,NA,NA,NA,NA
"MiFish_0001422",NA,NA,NA,NA,NA,NA,NA,0,"None",NA,96,NA,NA,NA,NA,NA,NA,NA,NA,0,"local",FALSE,NA,NA,NA,NA,NA,NA,NA,NA,NA,NA
"MiFish_0001423","Eukaryota","Chordata","Actinopteri","Anguilliformes","Muraenidae","Muraena","Muraena lentiginosa",98.2248520710059,"1232744","Muraena lentiginosa",11,NA,NA,NA,NA,NA,NA,NA,NA,0,"global",FALSE,98.2248520710059,"global","Eukaryota","Chordata","Actinopteri","Anguilliformes","Muraenidae","Muraena","Muraena lentiginosa","Muraena lentiginosa"
"MiFish_0001424",NA,NA,NA,NA,NA,NA,NA,0,"None",NA,82,NA,NA,NA,NA,NA,NA,NA,NA,0,"local",FALSE,NA,NA,NA,NA,NA,NA,NA,NA,NA,NA
"MiFish_0001425",NA,NA,NA,NA,NA,NA,NA,0,"None",NA,131,NA,NA,NA,NA,NA,NA,NA,NA,0,"local",FALSE,NA,NA,NA,NA,NA,NA,NA,NA,NA,NA
"MiFish_0001426","Eukaryota","Chordata","Actinopteri","Tetraodontiformes","Balistidae",NA,NA,99.4152046783626,"31024","Balistidae",46,NA,NA,NA,NA,NA,NA,NA,NA,0,"global",FALSE,99.4152046783626,"global","Eukaryota","Chordata","Actinopteri","Tetraodontiformes","Balistidae",NA,NA,"Balistidae"
"MiFish_0001427",NA,NA,NA,NA,NA,NA,NA,0,"None",NA,33,NA,NA,NA,NA,NA,NA,NA,NA,0,"local",FALSE,NA,NA,NA,NA,NA,NA,NA,NA,NA,NA
"MiFish_0001428",NA,NA,NA,NA,NA,NA,NA,0,"None",NA,68,NA,NA,NA,NA,NA,NA,NA,NA,0,"local",FALSE,NA,NA,NA,NA,NA,NA,NA,NA,NA,NA
"MiFish_0001429",NA,NA,NA,NA,NA,NA,NA,0,"None",NA,68,NA,NA,NA,NA,NA,NA,NA,NA,0,"local",FALSE,NA,NA,NA,NA,NA,NA,NA,NA,NA,NA
"MiFish_0001430",NA,NA,NA,NA,NA,NA,NA,0,"None",NA,166,NA,NA,NA,NA,NA,NA,NA,NA,0,"local",FALSE,NA,NA,NA,NA,NA,NA,NA,NA,NA,NA
"MiFish_0001431",NA,NA,NA,NA,NA,NA,NA,0,"None",NA,32,NA,NA,NA,NA,NA,NA,NA,NA,0,"local",FALSE,NA,NA,NA,NA,NA,NA,NA,NA,NA,NA
"MiFish_0001432","Eukaryota","Chordata","Actinopteri","Mugiliformes","Mugilidae","Mugil","Mugil cephalus",98.8304093567252,"48193","Mugil cephalus",29,"d:Eukaryota,p:Chordata,c:Actinopteri,o:Mugiliformes,f:Mugilidae,g:Mugil,s:Mugil_cephalus","Eukaryota","Chordata","Actinopteri","Mugiliformes","Mugilidae","Mugil","Mugil cephalus",98.8,"global",TRUE,98.8304093567252,"lca_global_v_local","Eukaryota","Chordata","Actinopteri","Mugiliformes","Mugilidae","Mugil","Mugil cephalus","Mugil cephalus"
"MiFish_0001433",NA,NA,NA,NA,NA,NA,NA,0,"None",NA,17,NA,NA,NA,NA,NA,NA,NA,NA,0,"local",FALSE,NA,NA,NA,NA,NA,NA,NA,NA,NA,NA
"MiFish_0001434","Eukaryota","Chordata","Actinopteri","Lutjaniformes","Haemulidae","Orthopristis","Orthopristis chrysoptera",97.6331360946746,"482919","Orthopristis chrysoptera",16,NA,NA,NA,NA,NA,NA,NA,NA,0,"global",FALSE,97.6331360946746,"global","Eukaryota","Chordata","Actinopteri","Lutjaniformes","Haemulidae","Orthopristis","Orthopristis chrysoptera","Orthopristis chrysoptera"
"MiFish_0001435","Eukaryota","Chordata","Actinopteri","Anguilliformes","Muraenidae","Muraena","Muraena lentiginosa",97.1098265895954,"1232744","Muraena lentiginosa",67,NA,NA,NA,NA,NA,NA,NA,NA,0,"global",FALSE,97.1098265895954,"global","Eukaryota","Chordata","Actinopteri","Anguilliformes","Muraenidae","Muraena","Muraena lentiginosa","Muraena lentiginosa"
"MiFish_0001436",NA,NA,NA,NA,NA,NA,NA,0,"None",NA,14,NA,NA,NA,NA,NA,NA,NA,NA,0,"local",FALSE,NA,NA,NA,NA,NA,NA,NA,NA,NA,NA
"MiFish_0001437",NA,NA,NA,NA,NA,NA,NA,0,"None",NA,17,NA,NA,NA,NA,NA,NA,NA,NA,0,"local",FALSE,NA,NA,NA,NA,NA,NA,NA,NA,NA,NA
"MiFish_0001438",NA,NA,NA,NA,NA,NA,NA,0,"None",NA,11,NA,NA,NA,NA,NA,NA,NA,NA,0,"local",FALSE,NA,NA,NA,NA,NA,NA,NA,NA,NA,NA
