"ASV_id","pct_id","count","obitools_name","domain","phylum","class","order","family","genus","species","regatta_match_rank"
"MiFish_0000001",0,225309,NA,NA,NA,NA,NA,NA,NA,NA,NA
"MiFish_0000002",0,2870,NA,NA,NA,NA,NA,NA,NA,NA,NA
"MiFish_0000003",0,19113,NA,NA,NA,NA,NA,NA,NA,NA,NA
"MiFish_0000004",99.4047619047619,441,"Euthynnus","Eukaryota","Chordata","Actinopteri","Scombriformes","Scombridae","Euthynnus",NA,"genus"
"MiFish_0000005",0,4405,NA,NA,NA,NA,NA,NA,NA,NA,NA
"MiFish_0000006",0,60,NA,NA,NA,NA,NA,NA,NA,NA,NA
"MiFish_0000007",100,158907,"Mugil thoburni","Eukaryota","Chordata","Actinopteri","Mugiliformes","Mugilidae","Mugil","Mugil thoburni","species"
"MiFish_0000008",0,4118,NA,NA,NA,NA,NA,NA,NA,NA,NA
"MiFish_0000009",0,25,NA,NA,NA,NA,NA,NA,NA,NA,NA
"MiFish_0000010",0,800,NA,NA,NA,NA,NA,NA,NA,NA,NA
"MiFish_0000011",0,12,NA,NA,NA,NA,NA,NA,NA,NA,NA
"MiFish_0000012",100,57251,"Stegastes arcifrons","Eukaryota","Chordata","Actinopteri",NA,"Pomacentridae","Stegastes","Stegastes arcifrons","species"
"MiFish_0000013",0,15914,NA,NA,NA,NA,NA,NA,NA,NA,NA
"MiFish_0000014",0,27,NA,NA,NA,NA,NA,NA,NA,NA,NA
"MiFish_0000015",0,28,NA,NA,NA,NA,NA,NA,NA,NA,NA
"MiFish_0000016",0,3486,NA,NA,NA,NA,NA,NA,NA,NA,NA
"MiFish_0000017",0,40,NA,NA,NA,NA,NA,NA,NA,NA,NA
"MiFish_0000018",0,513,NA,NA,NA,NA,NA,NA,NA,NA,NA
"MiFish_0000019",0,11,NA,NA,NA,NA,NA,NA,NA,NA,NA
"MiFish_0000020",0,432,NA,NA,NA,NA,NA,NA,NA,NA,NA
"MiFish_0000021",0,122,NA,NA,NA,NA,NA,NA,NA,NA,NA
"MiFish_0000022",0,3531,NA,NA,NA,NA,NA,NA,NA,NA,NA
"MiFish_0000023",0,94,NA,NA,NA,NA,NA,NA,NA,NA,NA
"MiFish_0000024",0,27,NA,NA,NA,NA,NA,NA,NA,NA,NA
"MiFish_0000025",0,92,NA,NA,NA,NA,NA,NA,NA,NA,NA
"MiFish_0000026",0,480,NA,NA,NA,NA,NA,NA,NA,NA,NA
"MiFish_0000027",0,8263,NA,NA,NA,NA,NA,NA,NA,NA,NA
"MiFish_0000028",0,10,NA,NA,NA,NA,NA,NA,NA,NA,NA
"MiFish_0000029",0,87,NA,NA,NA,NA,NA,NA,NA,NA,NA
"MiFish_0000030",0,89,NA,NA,NA,NA,NA,NA,NA,NA,NA
"MiFish_0000031",0,18,NA,NA,NA,NA,NA,NA,NA,NA,NA
"MiFish_0000032",0,13,NA,NA,NA,NA,NA,NA,NA,NA,NA
"MiFish_0000033",0,49,NA,NA,NA,NA,NA,NA,NA,NA,NA
"MiFish_0000034",0,40,NA,NA,NA,NA,NA,NA,NA,NA,NA
"MiFish_0000035",98.8235294117647,62,"Mugil thoburni","Eukaryota","Chordata","Actinopteri","Mugiliformes","Mugilidae","Mugil","Mugil thoburni","species"
"MiFish_0000036",0,11,NA,NA,NA,NA,NA,NA,NA,NA,NA
"MiFish_0000037",0,71,NA,NA,NA,NA,NA,NA,NA,NA,NA
"MiFish_0000038",0,49,NA,NA,NA,NA,NA,NA,NA,NA,NA
"MiFish_0000039",0,42,NA,NA,NA,NA,NA,NA,NA,NA,NA
"MiFish_0000040",0,25,NA,NA,NA,NA,NA,NA,NA,NA,NA
"MiFish_0000041",0,12,NA,NA,NA,NA,NA,NA,NA,NA,NA
"MiFish_0000042",0,22,NA,NA,NA,NA,NA,NA,NA,NA,NA
"MiFish_0000043",0,13,NA,NA,NA,NA,NA,NA,NA,NA,NA
"MiFish_0000044",0,453,NA,NA,NA,NA,NA,NA,NA,NA,NA
"MiFish_0000045",99.4285714285714,189,"Stegastes arcifrons","Eukaryota","Chordata","Actinopteri",NA,"Pomacentridae","Stegastes","Stegastes arcifrons","species"
"MiFish_0000046",0,142,NA,NA,NA,NA,NA,NA,NA,NA,NA
"MiFish_0000047",0,69,NA,NA,NA,NA,NA,NA,NA,NA,NA
"MiFish_0000048",0,28,NA,NA,NA,NA,NA,NA,NA,NA,NA
"MiFish_0000049",0,21,NA,NA,NA,NA,NA,NA,NA,NA,NA
"MiFish_0000050",0,37,NA,NA,NA,NA,NA,NA,NA,NA,NA
"MiFish_0000051",0,35,NA,NA,NA,NA,NA,NA,NA,NA,NA
"MiFish_0000052",0,11,NA,NA,NA,NA,NA,NA,NA,NA,NA
"MiFish_0000053",0,108,NA,NA,NA,NA,NA,NA,NA,NA,NA
"MiFish_0000054",0,36,NA,NA,NA,NA,NA,NA,NA,NA,NA
"MiFish_0000055",99.4117647058823,496,"Mugil thoburni","Eukaryota","Chordata","Actinopteri","Mugiliformes","Mugilidae","Mugil","Mugil thoburni","species"
"MiFish_0000056",0,45,NA,NA,NA,NA,NA,NA,NA,NA,NA
"MiFish_0000057",0,198,NA,NA,NA,NA,NA,NA,NA,NA,NA
"MiFish_0000058",97.0588235294118,10375,"Archosargus rhomboidalis","Eukaryota","Chordata","Actinopteri","Spariformes","Sparidae",NA,NA,"family"
"MiFish_0000059",0,17,NA,NA,NA,NA,NA,NA,NA,NA,NA
"MiFish_0000060",0,2362,NA,NA,NA,NA,NA,NA,NA,NA,NA
"MiFish_0000061",0,17,NA,NA,NA,NA,NA,NA,NA,NA,NA
"MiFish_0000062",0,22,NA,NA,NA,NA,NA,NA,NA,NA,NA
"MiFish_0000063",0,44,NA,NA,NA,NA,NA,NA,NA,NA,NA
"MiFish_0000064",0,15,NA,NA,NA,NA,NA,NA,NA,NA,NA
"MiFish_0000065",0,21,NA,NA,NA,NA,NA,NA,NA,NA,NA
"MiFish_0000066",95.3757225433526,65,"Lampanyctus acanthurus","Eukaryota","Chordata","Actinopteri","Myctophiformes","Myctophidae","Lampanyctus",NA,"genus"
"MiFish_0000067",0,106,NA,NA,NA,NA,NA,NA,NA,NA,NA
"MiFish_0000068",0,33,NA,NA,NA,NA,NA,NA,NA,NA,NA
"MiFish_0000069",0,66878,NA,NA,NA,NA,NA,NA,NA,NA,NA
"MiFish_0000070",0,1076,NA,NA,NA,NA,NA,NA,NA,NA,NA
"MiFish_0000071",0,24,NA,NA,NA,NA,NA,NA,NA,NA,NA
"MiFish_0000072",0,30,NA,NA,NA,NA,NA,NA,NA,NA,NA
"MiFish_0000073",0,16,NA,NA,NA,NA,NA,NA,NA,NA,NA
"MiFish_0000074",0,15,NA,NA,NA,NA,NA,NA,NA,NA,NA
"MiFish_0000075",0,14,NA,NA,NA,NA,NA,NA,NA,NA,NA
"MiFish_0000076",0,25,NA,NA,NA,NA,NA,NA,NA,NA,NA
"MiFish_0000077",0,26,NA,NA,NA,NA,NA,NA,NA,NA,NA
"MiFish_0000078",0,43,NA,NA,NA,NA,NA,NA,NA,NA,NA
"MiFish_0000079",0,19,NA,NA,NA,NA,NA,NA,NA,NA,NA
"MiFish_0000080",0,23,NA,NA,NA,NA,NA,NA,NA,NA,NA
"MiFish_0000081",0,17,NA,NA,NA,NA,NA,NA,NA,NA,NA
"MiFish_0000082",0,81,NA,NA,NA,NA,NA,NA,NA,NA,NA
"MiFish_0000083",0,12,NA,NA,NA,NA,NA,NA,NA,NA,NA
"MiFish_0000084",0,92,NA,NA,NA,NA,NA,NA,NA,NA,NA
"MiFish_0000085",0,15,NA,NA,NA,NA,NA,NA,NA,NA,NA
"MiFish_0000086",0,82,NA,NA,NA,NA,NA,NA,NA,NA,NA
"MiFish_0000087",0,10,NA,NA,NA,NA,NA,NA,NA,NA,NA
"MiFish_0000088",0,11,NA,NA,NA,NA,NA,NA,NA,NA,NA
"MiFish_0000089",0,13,NA,NA,NA,NA,NA,NA,NA,NA,NA
"MiFish_0000090",0,13,NA,NA,NA,NA,NA,NA,NA,NA,NA
"MiFish_0000091",97.6331360946746,10696,"Lutjanus argentimaculatus","Eukaryota","Chordata","Actinopteri","Lutjaniformes","Lutjanidae","Lutjanus",NA,"genus"
"MiFish_0000092",98.8165680473373,10583,"Lutjanus","Eukaryota","Chordata","Actinopteri","Lutjaniformes","Lutjanidae","Lutjanus",NA,"genus"
"MiFish_0000093",98.2248520710059,20547,"Orthopristis chrysoptera","Eukaryota","Chordata","Actinopteri","Lutjaniformes","Haemulidae","Orthopristis",NA,"genus"
"MiFish_0000094",97.6331360946746,294,"Orthopristis chrysoptera","Eukaryota","Chordata","Actinopteri","Lutjaniformes","Haemulidae","Orthopristis",NA,"genus"
"MiFish_0000095",100,7098,"Gerres cinereus","Eukaryota","Chordata","Actinopteri","Gerreiformes","Gerreidae","Gerres","Gerres cinereus","species"
"MiFish_0000096",98.2248520710059,43,"Lutjanus","Eukaryota","Chordata","Actinopteri","Lutjaniformes","Lutjanidae","Lutjanus",NA,"genus"
"MiFish_0000097",0,28275,NA,NA,NA,NA,NA,NA,NA,NA,NA
"MiFish_0000098",100,156835,"Mugil cephalus","Eukaryota","Chordata","Actinopteri","Mugiliformes","Mugilidae","Mugil","Mugil cephalus","species"
"MiFish_0000099",0,1362,NA,NA,NA,NA,NA,NA,NA,NA,NA
"MiFish_0000100",98.2248520710059,35,"Lutjanus","Eukaryota","Chordata","Actinopteri","Lutjaniformes","Lutjanidae","Lutjanus",NA,"genus"
"MiFish_0000101",0,239,NA,NA,NA,NA,NA,NA,NA,NA,NA
"MiFish_0000102",98.2248520710059,25,"Lutjanus","Eukaryota","Chordata","Actinopteri","Lutjaniformes","Lutjanidae","Lutjanus",NA,"genus"
"MiFish_0000103",97.6331360946746,120,"Orthopristis chrysoptera","Eukaryota","Chordata","Actinopteri","Lutjaniformes","Haemulidae","Orthopristis",NA,"genus"
"MiFish_0000104",0,13,NA,NA,NA,NA,NA,NA,NA,NA,NA
"MiFish_0000105",98.2248520710059,25,"Lutjanus","Eukaryota","Chordata","Actinopteri","Lutjaniformes","Lutjanidae","Lutjanus",NA,"genus"
"MiFish_0000106",97.6331360946746,63,"Orthopristis chrysoptera","Eukaryota","Chordata","Actinopteri","Lutjaniformes","Haemulidae","Orthopristis",NA,"genus"
"MiFish_0000107",97.0414201183432,61,"Lutjanus argentimaculatus","Eukaryota","Chordata","Actinopteri","Lutjaniformes","Lutjanidae","Lutjanus",NA,"genus"
"MiFish_0000108",97.0414201183432,44,"Lutjanus argentimaculatus","Eukaryota","Chordata","Actinopteri","Lutjaniformes","Lutjanidae","Lutjanus",NA,"genus"
"MiFish_0000109",98.2248520710059,82,"Lutjanus","Eukaryota","Chordata","Actinopteri","Lutjaniformes","Lutjanidae","Lutjanus",NA,"genus"
"MiFish_0000110",97.6331360946746,21,"Orthopristis chrysoptera","Eukaryota","Chordata","Actinopteri","Lutjaniformes","Haemulidae","Orthopristis",NA,"genus"
"MiFish_0000111",97.6331360946746,35,"Orthopristis chrysoptera","Eukaryota","Chordata","Actinopteri","Lutjaniformes","Haemulidae","Orthopristis",NA,"genus"
"MiFish_0000112",97.6331360946746,83,"Orthopristis chrysoptera","Eukaryota","Chordata","Actinopteri","Lutjaniformes","Haemulidae","Orthopristis",NA,"genus"
"MiFish_0000113",97.6331360946746,52,"Orthopristis chrysoptera","Eukaryota","Chordata","Actinopteri","Lutjaniformes","Haemulidae","Orthopristis",NA,"genus"
"MiFish_0000114",96.4705882352941,15,"Orthopristis chrysoptera","Eukaryota","Chordata","Actinopteri","Lutjaniformes","Haemulidae","Orthopristis",NA,"genus"
"MiFish_0000115",98.2456140350877,367,"Mugil cephalus","Eukaryota","Chordata","Actinopteri","Mugiliformes","Mugilidae","Mugil","Mugil cephalus","species"
"MiFish_0000116",0,64,NA,NA,NA,NA,NA,NA,NA,NA,NA
"MiFish_0000117",97.0414201183432,29,"Lutjanus argentimaculatus","Eukaryota","Chordata","Actinopteri","Lutjaniformes","Lutjanidae","Lutjanus",NA,"genus"
"MiFish_0000118",98.2248520710059,11,"Lutjanus","Eukaryota","Chordata","Actinopteri","Lutjaniformes","Lutjanidae","Lutjanus",NA,"genus"
"MiFish_0000119",98.2248520710059,30,"Lutjanus","Eukaryota","Chordata","Actinopteri","Lutjaniformes","Lutjanidae","Lutjanus",NA,"genus"
"MiFish_0000120",0,16,NA,NA,NA,NA,NA,NA,NA,NA,NA
"MiFish_0000121",97.6331360946746,86,"Orthopristis chrysoptera","Eukaryota","Chordata","Actinopteri","Lutjaniformes","Haemulidae","Orthopristis",NA,"genus"
"MiFish_0000122",97.6331360946746,55,"Orthopristis chrysoptera","Eukaryota","Chordata","Actinopteri","Lutjaniformes","Haemulidae","Orthopristis",NA,"genus"
"MiFish_0000123",99.4082840236686,22,"Gerres cinereus","Eukaryota","Chordata","Actinopteri","Gerreiformes","Gerreidae","Gerres","Gerres cinereus","species"
"MiFish_0000124",99.4152046783626,3432,"Mugil cephalus","Eukaryota","Chordata","Actinopteri","Mugiliformes","Mugilidae","Mugil","Mugil cephalus","species"
"MiFish_0000125",0,291,NA,NA,NA,NA,NA,NA,NA,NA,NA
"MiFish_0000126",97.0414201183432,25,"Lutjanus argentimaculatus","Eukaryota","Chordata","Actinopteri","Lutjaniformes","Lutjanidae","Lutjanus",NA,"genus"
"MiFish_0000127",99.4082840236686,55,"Gerres cinereus","Eukaryota","Chordata","Actinopteri","Gerreiformes","Gerreidae","Gerres","Gerres cinereus","species"
"MiFish_0000128",0,19,NA,NA,NA,NA,NA,NA,NA,NA,NA
"MiFish_0000129",97.6331360946746,28,"Orthopristis chrysoptera","Eukaryota","Chordata","Actinopteri","Lutjaniformes","Haemulidae","Orthopristis",NA,"genus"
"MiFish_0000130",0,24,NA,NA,NA,NA,NA,NA,NA,NA,NA
"MiFish_0000131",96.4705882352941,981,"Lutjanus argentimaculatus","Eukaryota","Chordata","Actinopteri","Lutjaniformes","Lutjanidae","Lutjanus",NA,"genus"
"MiFish_0000132",0,49,NA,NA,NA,NA,NA,NA,NA,NA,NA
"MiFish_0000133",98.2248520710059,20,"Lutjanus","Eukaryota","Chordata","Actinopteri","Lutjaniformes","Lutjanidae","Lutjanus",NA,"genus"
"MiFish_0000134",97.0414201183432,24,"Lutjanus argentimaculatus","Eukaryota","Chordata","Actinopteri","Lutjaniformes","Lutjanidae","Lutjanus",NA,"genus"
"MiFish_0000135",0,74,NA,NA,NA,NA,NA,NA,NA,NA,NA
"MiFish_0000136",0,28,NA,NA,NA,NA,NA,NA,NA,NA,NA
"MiFish_0000137",100,33368,"Abudefduf","Eukaryota","Chordata","Actinopteri",NA,"Pomacentridae","Abudefduf",NA,"genus"
"MiFish_0000138",99.4082840236686,57,"Abudefduf","Eukaryota","Chordata","Actinopteri",NA,"Pomacentridae","Abudefduf",NA,"genus"
"MiFish_0000139",0,34,NA,NA,NA,NA,NA,NA,NA,NA,NA
"MiFish_0000140",0,18,NA,NA,NA,NA,NA,NA,NA,NA,NA
"MiFish_0000141",0,11,NA,NA,NA,NA,NA,NA,NA,NA,NA
"MiFish_0000142",99.4082840236686,65,"Abudefduf","Eukaryota","Chordata","Actinopteri",NA,"Pomacentridae","Abudefduf",NA,"genus"
"MiFish_0000143",99.4082840236686,57,"Abudefduf","Eukaryota","Chordata","Actinopteri",NA,"Pomacentridae","Abudefduf",NA,"genus"
"MiFish_0000144",0,10,NA,NA,NA,NA,NA,NA,NA,NA,NA
"MiFish_0000145",99.4082840236686,26,"Abudefduf","Eukaryota","Chordata","Actinopteri",NA,"Pomacentridae","Abudefduf",NA,"genus"
"MiFish_0000146",0,11,NA,NA,NA,NA,NA,NA,NA,NA,NA
"MiFish_0000147",99.4082840236686,69,"Abudefduf","Eukaryota","Chordata","Actinopteri",NA,"Pomacentridae","Abudefduf",NA,"genus"
"MiFish_0000148",0,11,NA,NA,NA,NA,NA,NA,NA,NA,NA
"MiFish_0000149",99.4082840236686,71,"Abudefduf","Eukaryota","Chordata","Actinopteri",NA,"Pomacentridae","Abudefduf",NA,"genus"
"MiFish_0000150",100,11,"Abudefduf saxatilis","Eukaryota","Chordata","Actinopteri",NA,"Pomacentridae","Abudefduf","Abudefduf saxatilis","species"
"MiFish_0000151",0,12,NA,NA,NA,NA,NA,NA,NA,NA,NA
"MiFish_0000152",99.4082840236686,346,"Abudefduf","Eukaryota","Chordata","Actinopteri",NA,"Pomacentridae","Abudefduf",NA,"genus"
"MiFish_0000153",99.4082840236686,45,"Abudefduf","Eukaryota","Chordata","Actinopteri",NA,"Pomacentridae","Abudefduf",NA,"genus"
"MiFish_0000154",0,12,NA,NA,NA,NA,NA,NA,NA,NA,NA
"MiFish_0000155",0,11,NA,NA,NA,NA,NA,NA,NA,NA,NA
"MiFish_0000156",98.8165680473373,558,"Abudefduf","Eukaryota","Chordata","Actinopteri",NA,"Pomacentridae","Abudefduf",NA,"genus"
"MiFish_0000157",96.4497041420118,5838,"Mycteroperca bonaci","Eukaryota","Chordata","Actinopteri","Perciformes","Serranidae","Mycteroperca",NA,"genus"
"MiFish_0000158",95.8579881656805,27,"Mycteroperca bonaci","Eukaryota","Chordata","Actinopteri","Perciformes","Serranidae","Mycteroperca",NA,"genus"
"MiFish_0000159",0,92,NA,NA,NA,NA,NA,NA,NA,NA,NA
"MiFish_0000160",95.8579881656805,17,"Mycteroperca bonaci","Eukaryota","Chordata","Actinopteri","Perciformes","Serranidae","Mycteroperca",NA,"genus"
"MiFish_0000161",95.8579881656805,450,"Mycteroperca bonaci","Eukaryota","Chordata","Actinopteri","Perciformes","Serranidae","Mycteroperca",NA,"genus"
"MiFish_0000162",0,67,NA,NA,NA,NA,NA,NA,NA,NA,NA
"MiFish_0000163",99.4082840236686,141,"Abudefduf","Eukaryota","Chordata","Actinopteri",NA,"Pomacentridae","Abudefduf",NA,"genus"
"MiFish_0000164",95.8579881656805,14,"Mycteroperca bonaci","Eukaryota","Chordata","Actinopteri","Perciformes","Serranidae","Mycteroperca",NA,"genus"
"MiFish_0000165",99.4082840236686,42,"Abudefduf","Eukaryota","Chordata","Actinopteri",NA,"Pomacentridae","Abudefduf",NA,"genus"
"MiFish_0000166",0,15,NA,NA,NA,NA,NA,NA,NA,NA,NA
"MiFish_0000167",99.4082840236686,38,"Abudefduf","Eukaryota","Chordata","Actinopteri",NA,"Pomacentridae","Abudefduf",NA,"genus"
"MiFish_0000168",99.4082840236686,305,"Abudefduf","Eukaryota","Chordata","Actinopteri",NA,"Pomacentridae","Abudefduf",NA,"genus"
"MiFish_0000169",99.4082840236686,209,"Abudefduf","Eukaryota","Chordata","Actinopteri",NA,"Pomacentridae","Abudefduf",NA,"genus"
"MiFish_0000170",0,116,NA,NA,NA,NA,NA,NA,NA,NA,NA
"MiFish_0000171",99.4082840236686,125,"Abudefduf","Eukaryota","Chordata","Actinopteri",NA,"Pomacentridae","Abudefduf",NA,"genus"
"MiFish_0000172",0,213,NA,NA,NA,NA,NA,NA,NA,NA,NA
"MiFish_0000173",0,3946,NA,NA,NA,NA,NA,NA,NA,NA,NA
"MiFish_0000174",0,92,NA,NA,NA,NA,NA,NA,NA,NA,NA
"MiFish_0000175",0,96,NA,NA,NA,NA,NA,NA,NA,NA,NA
"MiFish_0000176",0,23,NA,NA,NA,NA,NA,NA,NA,NA,NA
"MiFish_0000177",0,250,NA,NA,NA,NA,NA,NA,NA,NA,NA
"MiFish_0000178",0,31,NA,NA,NA,NA,NA,NA,NA,NA,NA
"MiFish_0000179",0,93,NA,NA,NA,NA,NA,NA,NA,NA,NA
"MiFish_0000180",0,14,NA,NA,NA,NA,NA,NA,NA,NA,NA
"MiFish_0000181",0,56,NA,NA,NA,NA,NA,NA,NA,NA,NA
"MiFish_0000182",0,10,NA,NA,NA,NA,NA,NA,NA,NA,NA
"MiFish_0000183",0,36,NA,NA,NA,NA,NA,NA,NA,NA,NA
"MiFish_0000184",0,23,NA,NA,NA,NA,NA,NA,NA,NA,NA
"MiFish_0000185",0,89,NA,NA,NA,NA,NA,NA,NA,NA,NA
"MiFish_0000186",0,111,NA,NA,NA,NA,NA,NA,NA,NA,NA
"MiFish_0000187",0,26,NA,NA,NA,NA,NA,NA,NA,NA,NA
"MiFish_0000188",0,21,NA,NA,NA,NA,NA,NA,NA,NA,NA
"MiFish_0000189",0,14,NA,NA,NA,NA,NA,NA,NA,NA,NA
"MiFish_0000190",0,44,NA,NA,NA,NA,NA,NA,NA,NA,NA
"MiFish_0000191",0,12,NA,NA,NA,NA,NA,NA,NA,NA,NA
"MiFish_0000192",0,16,NA,NA,NA,NA,NA,NA,NA,NA,NA
"MiFish_0000193",0,42,NA,NA,NA,NA,NA,NA,NA,NA,NA
"MiFish_0000194",0,26,NA,NA,NA,NA,NA,NA,NA,NA,NA
"MiFish_0000195",0,34,NA,NA,NA,NA,NA,NA,NA,NA,NA
"MiFish_0000196",0,15,NA,NA,NA,NA,NA,NA,NA,NA,NA
"MiFish_0000197",0,14,NA,NA,NA,NA,NA,NA,NA,NA,NA
"MiFish_0000198",0,18,NA,NA,NA,NA,NA,NA,NA,NA,NA
"MiFish_0000199",100,3157,"Thunnus","Eukaryota","Chordata","Actinopteri","Scombriformes","Scombridae","Thunnus",NA,"genus"
"MiFish_0000200",100,6080,"Percomorphaceae","Eukaryota","Chordata","Actinopteri",NA,NA,NA,NA,"class"
"MiFish_0000201",0,11,NA,NA,NA,NA,NA,NA,NA,NA,NA
"MiFish_0000202",0,12,NA,NA,NA,NA,NA,NA,NA,NA,NA
"MiFish_0000203",99.4047619047619,21,"Percomorphaceae","Eukaryota","Chordata","Actinopteri",NA,NA,NA,NA,"class"
"MiFish_0000204",0,13,NA,NA,NA,NA,NA,NA,NA,NA,NA
"MiFish_0000205",0,35,NA,NA,NA,NA,NA,NA,NA,NA,NA
"MiFish_0000206",100,1212,"Euthynnus affinis","Eukaryota","Chordata","Actinopteri","Scombriformes","Scombridae","Euthynnus",NA,"genus"
"MiFish_0000207",99.4047619047619,15,"Percomorphaceae","Eukaryota","Chordata","Actinopteri",NA,NA,NA,NA,"class"
"MiFish_0000208",0,12,NA,NA,NA,NA,NA,NA,NA,NA,NA
"MiFish_0000209",0,11,NA,NA,NA,NA,NA,NA,NA,NA,NA
"MiFish_0000210",0,10,NA,NA,NA,NA,NA,NA,NA,NA,NA
"MiFish_0000211",0,272,NA,NA,NA,NA,NA,NA,NA,NA,NA
"MiFish_0000212",0,12,NA,NA,NA,NA,NA,NA,NA,NA,NA
"MiFish_0000213",0,33,NA,NA,NA,NA,NA,NA,NA,NA,NA
"MiFish_0000214",0,21,NA,NA,NA,NA,NA,NA,NA,NA,NA
"MiFish_0000215",98.2248520710059,4205,"Anisotremus scapularis","Eukaryota","Chordata","Actinopteri","Lutjaniformes","Haemulidae","Anisotremus","Anisotremus scapularis","species"
"MiFish_0000216",0,62411,NA,NA,NA,NA,NA,NA,NA,NA,NA
"MiFish_0000217",0,4054,NA,NA,NA,NA,NA,NA,NA,NA,NA
"MiFish_0000218",95.2662721893491,21313,"Haemulon plumierii","Eukaryota","Chordata","Actinopteri","Lutjaniformes","Haemulidae","Haemulon",NA,"genus"
"MiFish_0000219",99.4117647058823,25351,"Sphoeroides annulatus","Eukaryota","Chordata","Actinopteri","Tetraodontiformes","Tetraodontidae","Sphoeroides","Sphoeroides annulatus","species"
"MiFish_0000220",0,154,NA,NA,NA,NA,NA,NA,NA,NA,NA
"MiFish_0000221",97.0414201183432,2363,"Epinephelus bontoides","Eukaryota","Chordata","Actinopteri","Perciformes","Serranidae","Epinephelus",NA,"genus"
"MiFish_0000222",100,24968,"Mugil curema","Eukaryota","Chordata","Actinopteri","Mugiliformes","Mugilidae","Mugil","Mugil curema","species"
"MiFish_0000223",97.093023255814,41840,"Eucinostomus melanopterus","Eukaryota","Chordata","Actinopteri","Gerreiformes","Gerreidae","Eucinostomus",NA,"genus"
"MiFish_0000224",0,8116,NA,NA,NA,NA,NA,NA,NA,NA,NA
"MiFish_0000225",0,110,NA,NA,NA,NA,NA,NA,NA,NA,NA
"MiFish_0000226",0,124,NA,NA,NA,NA,NA,NA,NA,NA,NA
"MiFish_0000227",99.4082840236686,52,"Caranx hippos","Eukaryota","Chordata","Actinopteri","Carangiformes","Carangidae","Caranx","Caranx hippos","species"
"MiFish_0000228",0,110,NA,NA,NA,NA,NA,NA,NA,NA,NA
"MiFish_0000229",98.2248520710059,99,"Muraena lentiginosa","Eukaryota","Chordata","Actinopteri","Anguilliformes","Muraenidae","Muraena","Muraena lentiginosa","species"
"MiFish_0000230",0,1029,NA,NA,NA,NA,NA,NA,NA,NA,NA
"MiFish_0000231",0,618,NA,NA,NA,NA,NA,NA,NA,NA,NA
"MiFish_0000232",0,203,NA,NA,NA,NA,NA,NA,NA,NA,NA
"MiFish_0000233",0,382,NA,NA,NA,NA,NA,NA,NA,NA,NA
"MiFish_0000234",97.0238095238095,1250,"Pontinus macrocephalus","Eukaryota","Chordata","Actinopteri","Perciformes","Scorpaenidae","Pontinus",NA,"genus"
"MiFish_0000235",98.8235294117647,38,"Sphoeroides annulatus","Eukaryota","Chordata","Actinopteri","Tetraodontiformes","Tetraodontidae","Sphoeroides","Sphoeroides annulatus","species"
"MiFish_0000236",0,884,NA,NA,NA,NA,NA,NA,NA,NA,NA
"MiFish_0000237",97.6744186046512,814,"Eucinostomus melanopterus","Eukaryota","Chordata","Actinopteri","Gerreiformes","Gerreidae","Eucinostomus",NA,"genus"
"MiFish_0000238",0,328,NA,NA,NA,NA,NA,NA,NA,NA,NA
"MiFish_0000239",99.4152046783626,656,"Mugil cephalus","Eukaryota","Chordata","Actinopteri","Mugiliformes","Mugilidae","Mugil","Mugil cephalus","species"
"MiFish_0000240",0,162,NA,NA,NA,NA,NA,NA,NA,NA,NA
"MiFish_0000241",0,89,NA,NA,NA,NA,NA,NA,NA,NA,NA
"MiFish_0000242",95.3216374269006,10,"Mugil cephalus","Eukaryota","Chordata","Actinopteri","Mugiliformes","Mugilidae","Mugil","Mugil cephalus","species"
"MiFish_0000243",0,1332,NA,NA,NA,NA,NA,NA,NA,NA,NA
"MiFish_0000244",0,333,NA,NA,NA,NA,NA,NA,NA,NA,NA
"MiFish_0000245",0,100,NA,NA,NA,NA,NA,NA,NA,NA,NA
"MiFish_0000246",0,64,NA,NA,NA,NA,NA,NA,NA,NA,NA
"MiFish_0000247",98.8304093567252,236,"Mugil cephalus","Eukaryota","Chordata","Actinopteri","Mugiliformes","Mugilidae","Mugil","Mugil cephalus","species"
"MiFish_0000248",0,21,NA,NA,NA,NA,NA,NA,NA,NA,NA
"MiFish_0000249",95.2662721893491,1326,"Conodon nobilis","Eukaryota","Chordata","Actinopteri","Lutjaniformes","Haemulidae",NA,NA,"family"
"MiFish_0000250",0,194,NA,NA,NA,NA,NA,NA,NA,NA,NA
"MiFish_0000251",0,948,NA,NA,NA,NA,NA,NA,NA,NA,NA
"MiFish_0000252",95.4285714285714,552,"Dorosoma cepedianum","Eukaryota","Chordata","Actinopteri","Clupeiformes","Clupeidae",NA,NA,"family"
"MiFish_0000253",0,34,NA,NA,NA,NA,NA,NA,NA,NA,NA
"MiFish_0000254",0,12,NA,NA,NA,NA,NA,NA,NA,NA,NA
"MiFish_0000255",0,31,NA,NA,NA,NA,NA,NA,NA,NA,NA
"MiFish_0000256",0,24,NA,NA,NA,NA,NA,NA,NA,NA,NA
"MiFish_0000257",0,27,NA,NA,NA,NA,NA,NA,NA,NA,NA
"MiFish_0000258",0,11999,NA,NA,NA,NA,NA,NA,NA,NA,NA
"MiFish_0000259",99.4285714285714,87,"Stegastes beebei","Eukaryota","Chordata","Actinopteri",NA,"Pomacentridae","Stegastes","Stegastes beebei","species"
"MiFish_0000260",0,82,NA,NA,NA,NA,NA,NA,NA,NA,NA
"MiFish_0000261",100,1315,"Caranx","Eukaryota","Chordata","Actinopteri","Carangiformes","Carangidae","Caranx",NA,"genus"
"MiFish_0000262",100,5555,"Stegastes beebei","Eukaryota","Chordata","Actinopteri",NA,"Pomacentridae","Stegastes","Stegastes beebei","species"
"MiFish_0000263",97.1098265895954,16,"Mugil cephalus","Eukaryota","Chordata","Actinopteri","Mugiliformes","Mugilidae","Mugil","Mugil cephalus","species"
"MiFish_0000264",99.4117647058823,862,"Mugil thoburni","Eukaryota","Chordata","Actinopteri","Mugiliformes","Mugilidae","Mugil","Mugil thoburni","species"
"MiFish_0000265",100,2884,"Bodianus diplotaenia","Eukaryota","Chordata","Actinopteri","Labriformes","Labridae","Bodianus","Bodianus diplotaenia","species"
"MiFish_0000266",99.4117647058823,55,"Mugil curema","Eukaryota","Chordata","Actinopteri","Mugiliformes","Mugilidae","Mugil","Mugil curema","species"
"MiFish_0000267",99.4117647058823,518,"Mugil thoburni","Eukaryota","Chordata","Actinopteri","Mugiliformes","Mugilidae","Mugil","Mugil thoburni","species"
"MiFish_0000268",0,213,NA,NA,NA,NA,NA,NA,NA,NA,NA
"MiFish_0000269",0,33,NA,NA,NA,NA,NA,NA,NA,NA,NA
"MiFish_0000270",0,15,NA,NA,NA,NA,NA,NA,NA,NA,NA
"MiFish_0000271",95.8823529411765,114,"Mugil","Eukaryota","Chordata","Actinopteri","Mugiliformes","Mugilidae","Mugil",NA,"genus"
"MiFish_0000272",0,454,NA,NA,NA,NA,NA,NA,NA,NA,NA
"MiFish_0000273",95.9302325581395,127,"Eucinostomus melanopterus","Eukaryota","Chordata","Actinopteri","Gerreiformes","Gerreidae","Eucinostomus",NA,"genus"
"MiFish_0000274",0,40,NA,NA,NA,NA,NA,NA,NA,NA,NA
"MiFish_0000275",100,5442,"Scarus ghobban","Eukaryota","Chordata","Actinopteri","Labriformes","Labridae","Scarus","Scarus ghobban","species"
"MiFish_0000276",0,45,NA,NA,NA,NA,NA,NA,NA,NA,NA
"MiFish_0000277",0,203,NA,NA,NA,NA,NA,NA,NA,NA,NA
"MiFish_0000278",0,216,NA,NA,NA,NA,NA,NA,NA,NA,NA
"MiFish_0000279",0,21144,NA,NA,NA,NA,NA,NA,NA,NA,NA
"MiFish_0000280",0,240,NA,NA,NA,NA,NA,NA,NA,NA,NA
"MiFish_0000281",98.2456140350877,68,"Sphoeroides annulatus","Eukaryota","Chordata","Actinopteri","Tetraodontiformes","Tetraodontidae","Sphoeroides","Sphoeroides annulatus","species"
"MiFish_0000282",0,450,NA,NA,NA,NA,NA,NA,NA,NA,NA
"MiFish_0000283",0,170,NA,NA,NA,NA,NA,NA,NA,NA,NA
"MiFish_0000284",95.9302325581395,10,"Eucinostomus melanopterus","Eukaryota","Chordata","Actinopteri","Gerreiformes","Gerreidae","Eucinostomus",NA,"genus"
"MiFish_0000285",98.8235294117647,36,"Mugil curema","Eukaryota","Chordata","Actinopteri","Mugiliformes","Mugilidae","Mugil","Mugil curema","species"
"MiFish_0000286",0,172,NA,NA,NA,NA,NA,NA,NA,NA,NA
"MiFish_0000287",0,16,NA,NA,NA,NA,NA,NA,NA,NA,NA
"MiFish_0000288",0,234,NA,NA,NA,NA,NA,NA,NA,NA,NA
"MiFish_0000289",0,29,NA,NA,NA,NA,NA,NA,NA,NA,NA
"MiFish_0000290",0,98,NA,NA,NA,NA,NA,NA,NA,NA,NA
"MiFish_0000291",0,482,NA,NA,NA,NA,NA,NA,NA,NA,NA
"MiFish_0000292",0,16,NA,NA,NA,NA,NA,NA,NA,NA,NA
"MiFish_0000293",0,27,NA,NA,NA,NA,NA,NA,NA,NA,NA
"MiFish_0000294",0,224,NA,NA,NA,NA,NA,NA,NA,NA,NA
"MiFish_0000295",96.4285714285714,22,"Pontinus macrocephalus","Eukaryota","Chordata","Actinopteri","Perciformes","Scorpaenidae","Pontinus",NA,"genus"
"MiFish_0000296",0,250,NA,NA,NA,NA,NA,NA,NA,NA,NA
"MiFish_0000297",0,201,NA,NA,NA,NA,NA,NA,NA,NA,NA
"MiFish_0000298",0,319,NA,NA,NA,NA,NA,NA,NA,NA,NA
"MiFish_0000299",96.5116279069768,83,"Eucinostomus melanopterus","Eukaryota","Chordata","Actinopteri","Gerreiformes","Gerreidae","Eucinostomus",NA,"genus"
"MiFish_0000300",0,657,NA,NA,NA,NA,NA,NA,NA,NA,NA
"MiFish_0000301",0,115,NA,NA,NA,NA,NA,NA,NA,NA,NA
"MiFish_0000302",0,63,NA,NA,NA,NA,NA,NA,NA,NA,NA
"MiFish_0000303",0,129,NA,NA,NA,NA,NA,NA,NA,NA,NA
"MiFish_0000304",98.8304093567252,552,"Mugil cephalus","Eukaryota","Chordata","Actinopteri","Mugiliformes","Mugilidae","Mugil","Mugil cephalus","species"
"MiFish_0000305",98.8235294117647,19,"Sphoeroides annulatus","Eukaryota","Chordata","Actinopteri","Tetraodontiformes","Tetraodontidae","Sphoeroides","Sphoeroides annulatus","species"
"MiFish_0000306",97.6608187134503,45,"Mugil curema","Eukaryota","Chordata","Actinopteri","Mugiliformes","Mugilidae","Mugil","Mugil curema","species"
"MiFish_0000307",100,1955,"Diodon","Eukaryota","Chordata","Actinopteri","Tetraodontiformes","Diodontidae","Diodon",NA,"genus"
"MiFish_0000308",0,344,NA,NA,NA,NA,NA,NA,NA,NA,NA
"MiFish_0000309",0,20,NA,NA,NA,NA,NA,NA,NA,NA,NA
"MiFish_0000310",0,92,NA,NA,NA,NA,NA,NA,NA,NA,NA
"MiFish_0000311",98.235294117647,17,"Mugil curema","Eukaryota","Chordata","Actinopteri","Mugiliformes","Mugilidae","Mugil","Mugil curema","species"
"MiFish_0000312",95.8823529411765,87,"Mugil thoburni","Eukaryota","Chordata","Actinopteri","Mugiliformes","Mugilidae","Mugil","Mugil thoburni","species"
"MiFish_0000313",97.093023255814,29,"Mugil cephalus","Eukaryota","Chordata","Actinopteri","Mugiliformes","Mugilidae","Mugil","Mugil cephalus","species"
"MiFish_0000314",98.8304093567252,21,"Mugil cephalus","Eukaryota","Chordata","Actinopteri","Mugiliformes","Mugilidae","Mugil","Mugil cephalus","species"
"MiFish_0000315",0,93,NA,NA,NA,NA,NA,NA,NA,NA,NA
"MiFish_0000316",99.4117647058823,31,"Mugil curema","Eukaryota","Chordata","Actinopteri","Mugiliformes","Mugilidae","Mugil","Mugil curema","species"
"MiFish_0000317",98.8235294117647,68,"Sphoeroides annulatus","Eukaryota","Chordata","Actinopteri","Tetraodontiformes","Tetraodontidae","Sphoeroides","Sphoeroides annulatus","species"
"MiFish_0000318",0,73,NA,NA,NA,NA,NA,NA,NA,NA,NA
"MiFish_0000319",96.5116279069768,87,"Eucinostomus melanopterus","Eukaryota","Chordata","Actinopteri","Gerreiformes","Gerreidae","Eucinostomus",NA,"genus"
"MiFish_0000320",96.5116279069768,61,"Eucinostomus melanopterus","Eukaryota","Chordata","Actinopteri","Gerreiformes","Gerreidae","Eucinostomus",NA,"genus"
"MiFish_0000321",0,178,NA,NA,NA,NA,NA,NA,NA,NA,NA
"MiFish_0000322",0,121,NA,NA,NA,NA,NA,NA,NA,NA,NA
"MiFish_0000323",0,19,NA,NA,NA,NA,NA,NA,NA,NA,NA
"MiFish_0000324",98.8165680473373,264,"Caranx crysos","Eukaryota","Chordata","Actinopteri","Carangiformes","Carangidae","Caranx",NA,"genus"
"MiFish_0000325",0,112,NA,NA,NA,NA,NA,NA,NA,NA,NA
"MiFish_0000326",98.8235294117647,250,"Sphoeroides annulatus","Eukaryota","Chordata","Actinopteri","Tetraodontiformes","Tetraodontidae","Sphoeroides","Sphoeroides annulatus","species"
"MiFish_0000327",0,47,NA,NA,NA,NA,NA,NA,NA,NA,NA
"MiFish_0000328",0,29,NA,NA,NA,NA,NA,NA,NA,NA,NA
"MiFish_0000329",95.8579881656805,88,"Mycteroperca bonaci","Eukaryota","Chordata","Actinopteri","Perciformes","Serranidae","Mycteroperca",NA,"genus"
"MiFish_0000330",0,143,NA,NA,NA,NA,NA,NA,NA,NA,NA
"MiFish_0000331",99.4152046783626,586,"Mugil cephalus","Eukaryota","Chordata","Actinopteri","Mugiliformes","Mugilidae","Mugil","Mugil cephalus","species"
"MiFish_0000332",0,69,NA,NA,NA,NA,NA,NA,NA,NA,NA
"MiFish_0000333",0,32,NA,NA,NA,NA,NA,NA,NA,NA,NA
"MiFish_0000334",97.1590909090909,14,"Stegastes arcifrons","Eukaryota","Chordata","Actinopteri",NA,"Pomacentridae","Stegastes","Stegastes arcifrons","species"
"MiFish_0000335",0,17,NA,NA,NA,NA,NA,NA,NA,NA,NA
"MiFish_0000336",0,10,NA,NA,NA,NA,NA,NA,NA,NA,NA
"MiFish_0000337",0,214,NA,NA,NA,NA,NA,NA,NA,NA,NA
"MiFish_0000338",95.9302325581395,98,"Eucinostomus melanopterus","Eukaryota","Chordata","Actinopteri","Gerreiformes","Gerreidae","Eucinostomus",NA,"genus"
"MiFish_0000339",98.8235294117647,170,"Sphoeroides annulatus","Eukaryota","Chordata","Actinopteri","Tetraodontiformes","Tetraodontidae","Sphoeroides","Sphoeroides annulatus","species"
"MiFish_0000340",0,16,NA,NA,NA,NA,NA,NA,NA,NA,NA
"MiFish_0000341",95.2662721893491,10,"Mycteroperca bonaci","Eukaryota","Chordata","Actinopteri","Perciformes","Serranidae","Mycteroperca",NA,"genus"
"MiFish_0000342",0,20,NA,NA,NA,NA,NA,NA,NA,NA,NA
"MiFish_0000343",0,1429,NA,NA,NA,NA,NA,NA,NA,NA,NA
"MiFish_0000344",0,12,NA,NA,NA,NA,NA,NA,NA,NA,NA
"MiFish_0000345",97.6331360946746,13,"Lutjanus argentimaculatus","Eukaryota","Chordata","Actinopteri","Lutjaniformes","Lutjanidae","Lutjanus",NA,"genus"
"MiFish_0000346",98.8235294117647,60,"Sphoeroides annulatus","Eukaryota","Chordata","Actinopteri","Tetraodontiformes","Tetraodontidae","Sphoeroides","Sphoeroides annulatus","species"
"MiFish_0000347",0,20,NA,NA,NA,NA,NA,NA,NA,NA,NA
"MiFish_0000348",98.8235294117647,11,"Mugil curema","Eukaryota","Chordata","Actinopteri","Mugiliformes","Mugilidae","Mugil","Mugil curema","species"
"MiFish_0000349",97.6331360946746,164,"Muraena lentiginosa","Eukaryota","Chordata","Actinopteri","Anguilliformes","Muraenidae","Muraena","Muraena lentiginosa","species"
"MiFish_0000350",100,9976,"Chanos chanos","Eukaryota","Chordata","Actinopteri","Gonorynchiformes","Chanidae","Chanos","Chanos chanos","species"
"MiFish_0000351",96.4912280701754,28,"Mugil thoburni","Eukaryota","Chordata","Actinopteri","Mugiliformes","Mugilidae","Mugil","Mugil thoburni","species"
"MiFish_0000352",99.4318181818182,18,"Chanos chanos","Eukaryota","Chordata","Actinopteri","Gonorynchiformes","Chanidae","Chanos","Chanos chanos","species"
"MiFish_0000353",99.4285714285714,12,"Stegastes beebei","Eukaryota","Chordata","Actinopteri",NA,"Pomacentridae","Stegastes","Stegastes beebei","species"
"MiFish_0000354",0,13,NA,NA,NA,NA,NA,NA,NA,NA,NA
"MiFish_0000355",0,95,NA,NA,NA,NA,NA,NA,NA,NA,NA
"MiFish_0000356",0,65,NA,NA,NA,NA,NA,NA,NA,NA,NA
"MiFish_0000357",96.4705882352941,49,"Mugil curema","Eukaryota","Chordata","Actinopteri","Mugiliformes","Mugilidae","Mugil","Mugil curema","species"
"MiFish_0000358",95.9302325581395,583,"Eucinostomus melanopterus","Eukaryota","Chordata","Actinopteri","Gerreiformes","Gerreidae","Eucinostomus",NA,"genus"
"MiFish_0000359",0,194,NA,NA,NA,NA,NA,NA,NA,NA,NA
"MiFish_0000360",0,17,NA,NA,NA,NA,NA,NA,NA,NA,NA
"MiFish_0000361",99.4117647058823,68,"Mugil curema","Eukaryota","Chordata","Actinopteri","Mugiliformes","Mugilidae","Mugil","Mugil curema","species"
"MiFish_0000362",98.8235294117647,96,"Mugil thoburni","Eukaryota","Chordata","Actinopteri","Mugiliformes","Mugilidae","Mugil","Mugil thoburni","species"
"MiFish_0000363",0,21,NA,NA,NA,NA,NA,NA,NA,NA,NA
"MiFish_0000364",98.2456140350877,12,"Mugil thoburni","Eukaryota","Chordata","Actinopteri","Mugiliformes","Mugilidae","Mugil","Mugil thoburni","species"
"MiFish_0000365",0,161,NA,NA,NA,NA,NA,NA,NA,NA,NA
"MiFish_0000366",95.9302325581395,23,"Mugil cephalus","Eukaryota","Chordata","Actinopteri","Mugiliformes","Mugilidae","Mugil","Mugil cephalus","species"
"MiFish_0000367",95.8823529411765,41,"Mugil curema","Eukaryota","Chordata","Actinopteri","Mugiliformes","Mugilidae","Mugil","Mugil curema","species"
"MiFish_0000368",0,46,NA,NA,NA,NA,NA,NA,NA,NA,NA
"MiFish_0000369",96.5116279069768,85,"Eucinostomus melanopterus","Eukaryota","Chordata","Actinopteri","Gerreiformes","Gerreidae","Eucinostomus",NA,"genus"
"MiFish_0000370",0,335,NA,NA,NA,NA,NA,NA,NA,NA,NA
"MiFish_0000371",98.8235294117647,23,"Sphoeroides annulatus","Eukaryota","Chordata","Actinopteri","Tetraodontiformes","Tetraodontidae","Sphoeroides","Sphoeroides annulatus","species"
"MiFish_0000372",0,36,NA,NA,NA,NA,NA,NA,NA,NA,NA
"MiFish_0000373",99.4152046783626,161,"Mugil cephalus","Eukaryota","Chordata","Actinopteri","Mugiliformes","Mugilidae","Mugil","Mugil cephalus","species"
"MiFish_0000374",0,15,NA,NA,NA,NA,NA,NA,NA,NA,NA
"MiFish_0000375",0,151,NA,NA,NA,NA,NA,NA,NA,NA,NA
"MiFish_0000376",0,114,NA,NA,NA,NA,NA,NA,NA,NA,NA
"MiFish_0000377",0,155,NA,NA,NA,NA,NA,NA,NA,NA,NA
"MiFish_0000378",0,1034,NA,NA,NA,NA,NA,NA,NA,NA,NA
"MiFish_0000379",0,127,NA,NA,NA,NA,NA,NA,NA,NA,NA
"MiFish_0000380",98.2456140350877,547,"Mugil cephalus","Eukaryota","Chordata","Actinopteri","Mugiliformes","Mugilidae","Mugil","Mugil cephalus","species"
"MiFish_0000381",0,23,NA,NA,NA,NA,NA,NA,NA,NA,NA
"MiFish_0000382",0,314,NA,NA,NA,NA,NA,NA,NA,NA,NA
"MiFish_0000383",98.235294117647,39,"Sphoeroides annulatus","Eukaryota","Chordata","Actinopteri","Tetraodontiformes","Tetraodontidae","Sphoeroides","Sphoeroides annulatus","species"
"MiFish_0000384",0,11,NA,NA,NA,NA,NA,NA,NA,NA,NA
"MiFish_0000385",0,31,NA,NA,NA,NA,NA,NA,NA,NA,NA
"MiFish_0000386",0,149,NA,NA,NA,NA,NA,NA,NA,NA,NA
"MiFish_0000387",97.6608187134503,19,"Sphoeroides annulatus","Eukaryota","Chordata","Actinopteri","Tetraodontiformes","Tetraodontidae","Sphoeroides","Sphoeroides annulatus","species"
"MiFish_0000388",0,147,NA,NA,NA,NA,NA,NA,NA,NA,NA
"MiFish_0000389",0,13,NA,NA,NA,NA,NA,NA,NA,NA,NA
"MiFish_0000390",0,102,NA,NA,NA,NA,NA,NA,NA,NA,NA
"MiFish_0000391",0,45,NA,NA,NA,NA,NA,NA,NA,NA,NA
"MiFish_0000392",0,169,NA,NA,NA,NA,NA,NA,NA,NA,NA
"MiFish_0000393",0,12,NA,NA,NA,NA,NA,NA,NA,NA,NA
"MiFish_0000394",0,80,NA,NA,NA,NA,NA,NA,NA,NA,NA
"MiFish_0000395",98.8235294117647,59,"Sphoeroides annulatus","Eukaryota","Chordata","Actinopteri","Tetraodontiformes","Tetraodontidae","Sphoeroides","Sphoeroides annulatus","species"
"MiFish_0000396",0,19,NA,NA,NA,NA,NA,NA,NA,NA,NA
"MiFish_0000397",0,119,NA,NA,NA,NA,NA,NA,NA,NA,NA
"MiFish_0000398",0,21,NA,NA,NA,NA,NA,NA,NA,NA,NA
"MiFish_0000399",0,49,NA,NA,NA,NA,NA,NA,NA,NA,NA
"MiFish_0000400",0,28,NA,NA,NA,NA,NA,NA,NA,NA,NA
"MiFish_0000401",0,13,NA,NA,NA,NA,NA,NA,NA,NA,NA
"MiFish_0000402",95.3488372093023,36,"Eucinostomus melanopterus","Eukaryota","Chordata","Actinopteri","Gerreiformes","Gerreidae","Eucinostomus",NA,"genus"
"MiFish_0000403",0,176,NA,NA,NA,NA,NA,NA,NA,NA,NA
"MiFish_0000404",99.4117647058823,57,"Mugil curema","Eukaryota","Chordata","Actinopteri","Mugiliformes","Mugilidae","Mugil","Mugil curema","species"
"MiFish_0000405",0,12,NA,NA,NA,NA,NA,NA,NA,NA,NA
"MiFish_0000406",0,67,NA,NA,NA,NA,NA,NA,NA,NA,NA
"MiFish_0000407",98.8235294117647,126,"Sphoeroides annulatus","Eukaryota","Chordata","Actinopteri","Tetraodontiformes","Tetraodontidae","Sphoeroides","Sphoeroides annulatus","species"
"MiFish_0000408",0,101,NA,NA,NA,NA,NA,NA,NA,NA,NA
"MiFish_0000409",0,12,NA,NA,NA,NA,NA,NA,NA,NA,NA
"MiFish_0000410",0,12,NA,NA,NA,NA,NA,NA,NA,NA,NA
"MiFish_0000411",99.4117647058823,59,"Mugil curema","Eukaryota","Chordata","Actinopteri","Mugiliformes","Mugilidae","Mugil","Mugil curema","species"
"MiFish_0000412",99.4152046783626,409,"Mugil cephalus","Eukaryota","Chordata","Actinopteri","Mugiliformes","Mugilidae","Mugil","Mugil cephalus","species"
"MiFish_0000413",99.4117647058823,1004,"Mugil","Eukaryota","Chordata","Actinopteri","Mugiliformes","Mugilidae","Mugil",NA,"genus"
"MiFish_0000414",98.8235294117647,89,"Sphoeroides annulatus","Eukaryota","Chordata","Actinopteri","Tetraodontiformes","Tetraodontidae","Sphoeroides","Sphoeroides annulatus","species"
"MiFish_0000415",0,19,NA,NA,NA,NA,NA,NA,NA,NA,NA
"MiFish_0000416",0,13,NA,NA,NA,NA,NA,NA,NA,NA,NA
"MiFish_0000417",96.4497041420118,51,"Epinephelus bontoides","Eukaryota","Chordata","Actinopteri","Perciformes","Serranidae","Epinephelus",NA,"genus"
"MiFish_0000418",98.8235294117647,63,"Sphoeroides annulatus","Eukaryota","Chordata","Actinopteri","Tetraodontiformes","Tetraodontidae","Sphoeroides","Sphoeroides annulatus","species"
"MiFish_0000419",0,13,NA,NA,NA,NA,NA,NA,NA,NA,NA
"MiFish_0000420",0,26,NA,NA,NA,NA,NA,NA,NA,NA,NA
"MiFish_0000421",99.4117647058823,155,"Mugil thoburni","Eukaryota","Chordata","Actinopteri","Mugiliformes","Mugilidae","Mugil","Mugil thoburni","species"
"MiFish_0000422",98.235294117647,19,"Mugil thoburni","Eukaryota","Chordata","Actinopteri","Mugiliformes","Mugilidae","Mugil","Mugil thoburni","species"
"MiFish_0000423",99.4117647058823,15,"Bodianus diplotaenia","Eukaryota","Chordata","Actinopteri","Labriformes","Labridae","Bodianus","Bodianus diplotaenia","species"
"MiFish_0000424",98.8235294117647,19,"Mugil thoburni","Eukaryota","Chordata","Actinopteri","Mugiliformes","Mugilidae","Mugil","Mugil thoburni","species"
"MiFish_0000425",0,42,NA,NA,NA,NA,NA,NA,NA,NA,NA
"MiFish_0000426",0,72,NA,NA,NA,NA,NA,NA,NA,NA,NA
"MiFish_0000427",0,380,NA,NA,NA,NA,NA,NA,NA,NA,NA
"MiFish_0000428",97.6608187134503,54,"Mugil cephalus","Eukaryota","Chordata","Actinopteri","Mugiliformes","Mugilidae","Mugil","Mugil cephalus","species"
"MiFish_0000429",0,24,NA,NA,NA,NA,NA,NA,NA,NA,NA
"MiFish_0000430",99.4285714285714,239,"Stegastes arcifrons","Eukaryota","Chordata","Actinopteri",NA,"Pomacentridae","Stegastes","Stegastes arcifrons","species"
"MiFish_0000431",0,27,NA,NA,NA,NA,NA,NA,NA,NA,NA
"MiFish_0000432",99.4318181818182,11,"Chanos chanos","Eukaryota","Chordata","Actinopteri","Gonorynchiformes","Chanidae","Chanos","Chanos chanos","species"
"MiFish_0000433",0,46,NA,NA,NA,NA,NA,NA,NA,NA,NA
"MiFish_0000434",0,10,NA,NA,NA,NA,NA,NA,NA,NA,NA
"MiFish_0000435",99.4117647058823,67,"Mugil curema","Eukaryota","Chordata","Actinopteri","Mugiliformes","Mugilidae","Mugil","Mugil curema","species"
"MiFish_0000436",0,18,NA,NA,NA,NA,NA,NA,NA,NA,NA
"MiFish_0000437",0,2059,NA,NA,NA,NA,NA,NA,NA,NA,NA
"MiFish_0000438",99.4117647058823,410,"Mugil thoburni","Eukaryota","Chordata","Actinopteri","Mugiliformes","Mugilidae","Mugil","Mugil thoburni","species"
"MiFish_0000439",0,18,NA,NA,NA,NA,NA,NA,NA,NA,NA
"MiFish_0000440",0,58,NA,NA,NA,NA,NA,NA,NA,NA,NA
"MiFish_0000441",0,22,NA,NA,NA,NA,NA,NA,NA,NA,NA
"MiFish_0000442",0,87,NA,NA,NA,NA,NA,NA,NA,NA,NA
"MiFish_0000443",0,18,NA,NA,NA,NA,NA,NA,NA,NA,NA
"MiFish_0000444",0,10,NA,NA,NA,NA,NA,NA,NA,NA,NA
"MiFish_0000445",98.2558139534884,29,"Mugil cephalus","Eukaryota","Chordata","Actinopteri","Mugiliformes","Mugilidae","Mugil","Mugil cephalus","species"
"MiFish_0000446",98.8235294117647,49,"Sphoeroides annulatus","Eukaryota","Chordata","Actinopteri","Tetraodontiformes","Tetraodontidae","Sphoeroides","Sphoeroides annulatus","species"
"MiFish_0000447",98.235294117647,317,"Mugil thoburni","Eukaryota","Chordata","Actinopteri","Mugiliformes","Mugilidae","Mugil","Mugil thoburni","species"
"MiFish_0000448",0,157,NA,NA,NA,NA,NA,NA,NA,NA,NA
"MiFish_0000449",0,194,NA,NA,NA,NA,NA,NA,NA,NA,NA
"MiFish_0000450",99.4082840236686,11,"Diodon","Eukaryota","Chordata","Actinopteri","Tetraodontiformes","Diodontidae","Diodon",NA,"genus"
"MiFish_0000451",95.2941176470588,17,"Lutjanus","Eukaryota","Chordata","Actinopteri","Lutjaniformes","Lutjanidae","Lutjanus",NA,"genus"
"MiFish_0000452",99.4152046783626,112,"Mugil cephalus","Eukaryota","Chordata","Actinopteri","Mugiliformes","Mugilidae","Mugil","Mugil cephalus","species"
"MiFish_0000453",98.8235294117647,12,"Sphoeroides annulatus","Eukaryota","Chordata","Actinopteri","Tetraodontiformes","Tetraodontidae","Sphoeroides","Sphoeroides annulatus","species"
"MiFish_0000454",0,383,NA,NA,NA,NA,NA,NA,NA,NA,NA
"MiFish_0000455",0,37,NA,NA,NA,NA,NA,NA,NA,NA,NA
"MiFish_0000456",99.4285714285714,127,"Stegastes arcifrons","Eukaryota","Chordata","Actinopteri",NA,"Pomacentridae","Stegastes","Stegastes arcifrons","species"
"MiFish_0000457",0,387,NA,NA,NA,NA,NA,NA,NA,NA,NA
"MiFish_0000458",0,13,NA,NA,NA,NA,NA,NA,NA,NA,NA
"MiFish_0000459",0,29,NA,NA,NA,NA,NA,NA,NA,NA,NA
"MiFish_0000460",0,54,NA,NA,NA,NA,NA,NA,NA,NA,NA
"MiFish_0000461",0,33,NA,NA,NA,NA,NA,NA,NA,NA,NA
"MiFish_0000462",0,305,NA,NA,NA,NA,NA,NA,NA,NA,NA
"MiFish_0000463",0,27,NA,NA,NA,NA,NA,NA,NA,NA,NA
"MiFish_0000464",0,13,NA,NA,NA,NA,NA,NA,NA,NA,NA
"MiFish_0000465",99.4152046783626,279,"Mugil cephalus","Eukaryota","Chordata","Actinopteri","Mugiliformes","Mugilidae","Mugil","Mugil cephalus","species"
"MiFish_0000466",99.4152046783626,493,"Mugil cephalus","Eukaryota","Chordata","Actinopteri","Mugiliformes","Mugilidae","Mugil","Mugil cephalus","species"
"MiFish_0000467",0,17,NA,NA,NA,NA,NA,NA,NA,NA,NA
"MiFish_0000468",99.4285714285714,83,"Stegastes arcifrons","Eukaryota","Chordata","Actinopteri",NA,"Pomacentridae","Stegastes","Stegastes arcifrons","species"
"MiFish_0000469",0,36,NA,NA,NA,NA,NA,NA,NA,NA,NA
"MiFish_0000470",0,26,NA,NA,NA,NA,NA,NA,NA,NA,NA
"MiFish_0000471",0,15,NA,NA,NA,NA,NA,NA,NA,NA,NA
"MiFish_0000472",96.4705882352941,10,"Mugil","Eukaryota","Chordata","Actinopteri","Mugiliformes","Mugilidae","Mugil",NA,"genus"
"MiFish_0000473",96.4912280701754,13,"Sphoeroides annulatus","Eukaryota","Chordata","Actinopteri","Tetraodontiformes","Tetraodontidae","Sphoeroides","Sphoeroides annulatus","species"
"MiFish_0000474",0,14,NA,NA,NA,NA,NA,NA,NA,NA,NA
"MiFish_0000475",0,61,NA,NA,NA,NA,NA,NA,NA,NA,NA
"MiFish_0000476",99.4152046783626,222,"Mugil cephalus","Eukaryota","Chordata","Actinopteri","Mugiliformes","Mugilidae","Mugil","Mugil cephalus","species"
"MiFish_0000477",0,30,NA,NA,NA,NA,NA,NA,NA,NA,NA
"MiFish_0000478",96.4705882352941,60,"Archosargus rhomboidalis","Eukaryota","Chordata","Actinopteri","Spariformes","Sparidae",NA,NA,"family"
"MiFish_0000479",98.8235294117647,30,"Sphoeroides annulatus","Eukaryota","Chordata","Actinopteri","Tetraodontiformes","Tetraodontidae","Sphoeroides","Sphoeroides annulatus","species"
"MiFish_0000480",0,14,NA,NA,NA,NA,NA,NA,NA,NA,NA
"MiFish_0000481",0,14,NA,NA,NA,NA,NA,NA,NA,NA,NA
"MiFish_0000482",0,27,NA,NA,NA,NA,NA,NA,NA,NA,NA
"MiFish_0000483",0,96,NA,NA,NA,NA,NA,NA,NA,NA,NA
"MiFish_0000484",0,40,NA,NA,NA,NA,NA,NA,NA,NA,NA
"MiFish_0000485",0,111,NA,NA,NA,NA,NA,NA,NA,NA,NA
"MiFish_0000486",0,25,NA,NA,NA,NA,NA,NA,NA,NA,NA
"MiFish_0000487",99.4318181818182,13,"Chanos chanos","Eukaryota","Chordata","Actinopteri","Gonorynchiformes","Chanidae","Chanos","Chanos chanos","species"
"MiFish_0000488",96.4497041420118,176,"Epinephelus bontoides","Eukaryota","Chordata","Actinopteri","Perciformes","Serranidae","Epinephelus",NA,"genus"
"MiFish_0000489",95.3216374269006,40,"Mugil cephalus","Eukaryota","Chordata","Actinopteri","Mugiliformes","Mugilidae","Mugil","Mugil cephalus","species"
"MiFish_0000490",99.4152046783626,403,"Mugil cephalus","Eukaryota","Chordata","Actinopteri","Mugiliformes","Mugilidae","Mugil","Mugil cephalus","species"
"MiFish_0000491",98.8235294117647,73,"Sphoeroides annulatus","Eukaryota","Chordata","Actinopteri","Tetraodontiformes","Tetraodontidae","Sphoeroides","Sphoeroides annulatus","species"
"MiFish_0000492",0,12672,NA,NA,NA,NA,NA,NA,NA,NA,NA
"MiFish_0000493",98.2456140350877,13,"Sphoeroides annulatus","Eukaryota","Chordata","Actinopteri","Tetraodontiformes","Tetraodontidae","Sphoeroides","Sphoeroides annulatus","species"
"MiFish_0000494",0,36,NA,NA,NA,NA,NA,NA,NA,NA,NA
"MiFish_0000495",95.4022988505747,13,"Mugil cephalus","Eukaryota","Chordata","Actinopteri","Mugiliformes","Mugilidae","Mugil","Mugil cephalus","species"
"MiFish_0000496",0,386,NA,NA,NA,NA,NA,NA,NA,NA,NA
"MiFish_0000497",0,32,NA,NA,NA,NA,NA,NA,NA,NA,NA
"MiFish_0000498",0,31,NA,NA,NA,NA,NA,NA,NA,NA,NA
"MiFish_0000499",98.2456140350877,13,"Mugil cephalus","Eukaryota","Chordata","Actinopteri","Mugiliformes","Mugilidae","Mugil","Mugil cephalus","species"
"MiFish_0000500",0,12,NA,NA,NA,NA,NA,NA,NA,NA,NA
"MiFish_0000501",100,7206,"Caranx hippos","Eukaryota","Chordata","Actinopteri","Carangiformes","Carangidae","Caranx","Caranx hippos","species"
"MiFish_0000502",98.8235294117647,38,"Sphoeroides annulatus","Eukaryota","Chordata","Actinopteri","Tetraodontiformes","Tetraodontidae","Sphoeroides","Sphoeroides annulatus","species"
"MiFish_0000503",99.4252873563218,448,"Sufflamen verres","Eukaryota","Chordata","Actinopteri","Tetraodontiformes","Balistidae","Sufflamen","Sufflamen verres","species"
"MiFish_0000504",0,41,NA,NA,NA,NA,NA,NA,NA,NA,NA
"MiFish_0000505",97.6047904191617,4949,"Halichoeres dispilus","Eukaryota","Chordata","Actinopteri","Labriformes","Labridae","Halichoeres","Halichoeres dispilus","species"
"MiFish_0000506",0,10,NA,NA,NA,NA,NA,NA,NA,NA,NA
"MiFish_0000507",97.6331360946746,11,"Orthopristis chrysoptera","Eukaryota","Chordata","Actinopteri","Lutjaniformes","Haemulidae","Orthopristis",NA,"genus"
"MiFish_0000508",0,795,NA,NA,NA,NA,NA,NA,NA,NA,NA
"MiFish_0000509",97.6331360946746,192,"Hyporthodus octofasciatus","Eukaryota","Chordata","Actinopteri","Perciformes","Serranidae","Hyporthodus",NA,"genus"
"MiFish_0000510",0,188,NA,NA,NA,NA,NA,NA,NA,NA,NA
"MiFish_0000511",0,13,NA,NA,NA,NA,NA,NA,NA,NA,NA
"MiFish_0000512",0,14,NA,NA,NA,NA,NA,NA,NA,NA,NA
"MiFish_0000513",98.2248520710059,53,"Lutjanus","Eukaryota","Chordata","Actinopteri","Lutjaniformes","Lutjanidae","Lutjanus",NA,"genus"
"MiFish_0000514",97.6608187134503,13,"Sphoeroides annulatus","Eukaryota","Chordata","Actinopteri","Tetraodontiformes","Tetraodontidae","Sphoeroides","Sphoeroides annulatus","species"
"MiFish_0000515",0,12,NA,NA,NA,NA,NA,NA,NA,NA,NA
"MiFish_0000516",99.4117647058823,64,"Mugil curema","Eukaryota","Chordata","Actinopteri","Mugiliformes","Mugilidae","Mugil","Mugil curema","species"
"MiFish_0000517",96.4705882352941,27,"Archosargus rhomboidalis","Eukaryota","Chordata","Actinopteri","Spariformes","Sparidae",NA,NA,"family"
"MiFish_0000518",0,10,NA,NA,NA,NA,NA,NA,NA,NA,NA
"MiFish_0000519",97.6331360946746,12,"Anisotremus scapularis","Eukaryota","Chordata","Actinopteri","Lutjaniformes","Haemulidae","Anisotremus","Anisotremus scapularis","species"
"MiFish_0000520",97.0588235294118,182,"Mugil thoburni","Eukaryota","Chordata","Actinopteri","Mugiliformes","Mugilidae","Mugil","Mugil thoburni","species"
"MiFish_0000521",0,10,NA,NA,NA,NA,NA,NA,NA,NA,NA
"MiFish_0000522",0,16,NA,NA,NA,NA,NA,NA,NA,NA,NA
"MiFish_0000523",0,201,NA,NA,NA,NA,NA,NA,NA,NA,NA
"MiFish_0000524",0,22,NA,NA,NA,NA,NA,NA,NA,NA,NA
"MiFish_0000525",0,115,NA,NA,NA,NA,NA,NA,NA,NA,NA
"MiFish_0000526",0,12,NA,NA,NA,NA,NA,NA,NA,NA,NA
"MiFish_0000527",0,40,NA,NA,NA,NA,NA,NA,NA,NA,NA
"MiFish_0000528",0,82,NA,NA,NA,NA,NA,NA,NA,NA,NA
"MiFish_0000529",0,31,NA,NA,NA,NA,NA,NA,NA,NA,NA
"MiFish_0000530",0,86,NA,NA,NA,NA,NA,NA,NA,NA,NA
"MiFish_0000531",0,83,NA,NA,NA,NA,NA,NA,NA,NA,NA
"MiFish_0000532",0,24,NA,NA,NA,NA,NA,NA,NA,NA,NA
"MiFish_0000533",98.8235294117647,20,"Sphoeroides annulatus","Eukaryota","Chordata","Actinopteri","Tetraodontiformes","Tetraodontidae","Sphoeroides","Sphoeroides annulatus","species"
"MiFish_0000534",0,36,NA,NA,NA,NA,NA,NA,NA,NA,NA
"MiFish_0000535",96.5116279069768,15,"Eucinostomus melanopterus","Eukaryota","Chordata","Actinopteri","Gerreiformes","Gerreidae","Eucinostomus",NA,"genus"
"MiFish_0000536",0,17,NA,NA,NA,NA,NA,NA,NA,NA,NA
"MiFish_0000537",0,12,NA,NA,NA,NA,NA,NA,NA,NA,NA
"MiFish_0000538",0,10,NA,NA,NA,NA,NA,NA,NA,NA,NA
"MiFish_0000539",0,17,NA,NA,NA,NA,NA,NA,NA,NA,NA
"MiFish_0000540",0,1698,NA,NA,NA,NA,NA,NA,NA,NA,NA
"MiFish_0000541",99.4082840236686,15,"Diodon","Eukaryota","Chordata","Actinopteri","Tetraodontiformes","Diodontidae","Diodon",NA,"genus"
"MiFish_0000542",99.4117647058823,422,"Mugil thoburni","Eukaryota","Chordata","Actinopteri","Mugiliformes","Mugilidae","Mugil","Mugil thoburni","species"
"MiFish_0000543",0,48,NA,NA,NA,NA,NA,NA,NA,NA,NA
"MiFish_0000544",0,53,NA,NA,NA,NA,NA,NA,NA,NA,NA
"MiFish_0000545",98.2954545454545,21,"Stegastes arcifrons","Eukaryota","Chordata","Actinopteri",NA,"Pomacentridae","Stegastes","Stegastes arcifrons","species"
"MiFish_0000546",0,33,NA,NA,NA,NA,NA,NA,NA,NA,NA
"MiFish_0000547",97.0760233918129,151,"Mugil cephalus","Eukaryota","Chordata","Actinopteri","Mugiliformes","Mugilidae","Mugil","Mugil cephalus","species"
"MiFish_0000548",0,21,NA,NA,NA,NA,NA,NA,NA,NA,NA
"MiFish_0000549",0,16,NA,NA,NA,NA,NA,NA,NA,NA,NA
"MiFish_0000550",95.906432748538,10,"Mugil thoburni","Eukaryota","Chordata","Actinopteri","Mugiliformes","Mugilidae","Mugil","Mugil thoburni","species"
"MiFish_0000551",95.2941176470588,182,"Bathygobius fuscus","Eukaryota","Chordata","Actinopteri","Gobiiformes","Gobiidae","Bathygobius",NA,"genus"
"MiFish_0000552",0,45,NA,NA,NA,NA,NA,NA,NA,NA,NA
"MiFish_0000553",0,16,NA,NA,NA,NA,NA,NA,NA,NA,NA
"MiFish_0000554",0,51,NA,NA,NA,NA,NA,NA,NA,NA,NA
"MiFish_0000555",99.4318181818182,30,"Chanos chanos","Eukaryota","Chordata","Actinopteri","Gonorynchiformes","Chanidae","Chanos","Chanos chanos","species"
"MiFish_0000556",97.6331360946746,17,"Anisotremus scapularis","Eukaryota","Chordata","Actinopteri","Lutjaniformes","Haemulidae","Anisotremus","Anisotremus scapularis","species"
"MiFish_0000557",97.6331360946746,10,"Anisotremus scapularis","Eukaryota","Chordata","Actinopteri","Lutjaniformes","Haemulidae","Anisotremus","Anisotremus scapularis","species"
"MiFish_0000558",99.4082840236686,637,"Fistularia commersonii","Eukaryota","Chordata","Actinopteri","Syngnathiformes","Fistulariidae","Fistularia","Fistularia commersonii","species"
"MiFish_0000559",0,88,NA,NA,NA,NA,NA,NA,NA,NA,NA
"MiFish_0000560",98.235294117647,13329,"Prionurus","Eukaryota","Chordata","Actinopteri","Acanthuriformes","Acanthuridae","Prionurus",NA,"genus"
"MiFish_0000561",98.8235294117647,6565,"Prionurus","Eukaryota","Chordata","Actinopteri","Acanthuriformes","Acanthuridae","Prionurus",NA,"genus"
"MiFish_0000562",99.4219653179191,731,"Sardinops","Eukaryota","Chordata","Actinopteri","Clupeiformes","Clupeidae","Sardinops",NA,"genus"
"MiFish_0000563",100,85,"Euthynnus alletteratus","Eukaryota","Chordata","Actinopteri","Scombriformes","Scombridae","Euthynnus","Euthynnus alletteratus","species"
"MiFish_0000564",96.5116279069768,418,"Myripristis","Eukaryota","Chordata","Actinopteri","Holocentriformes","Holocentridae","Myripristis",NA,"genus"
"MiFish_0000565",0,433,NA,NA,NA,NA,NA,NA,NA,NA,NA
"MiFish_0000566",0,55,NA,NA,NA,NA,NA,NA,NA,NA,NA
"MiFish_0000567",99.4082840236686,336,"Hyporhamphus yuri","Eukaryota","Chordata","Actinopteri","Beloniformes","Hemiramphidae","Hyporhamphus",NA,"genus"
"MiFish_0000568",95.8083832335329,791,"Vinciguerria nimbaria","Eukaryota","Chordata","Actinopteri","Stomiiformes","Phosichthyidae","Vinciguerria","Vinciguerria nimbaria","species"
"MiFish_0000569",0,26,NA,NA,NA,NA,NA,NA,NA,NA,NA
"MiFish_0000570",0,327,NA,NA,NA,NA,NA,NA,NA,NA,NA
"MiFish_0000571",95.2662721893491,3333,"Cephalopholis sexmaculata","Eukaryota","Chordata","Actinopteri","Perciformes","Serranidae","Cephalopholis",NA,"genus"
"MiFish_0000572",100,3115,"Abudefduf taurus","Eukaryota","Chordata","Actinopteri",NA,"Pomacentridae","Abudefduf",NA,"genus"
"MiFish_0000573",0,30,NA,NA,NA,NA,NA,NA,NA,NA,NA
"MiFish_0000574",0,923,NA,NA,NA,NA,NA,NA,NA,NA,NA
"MiFish_0000575",98.235294117647,170,"Prionurus","Eukaryota","Chordata","Actinopteri","Acanthuriformes","Acanthuridae","Prionurus",NA,"genus"
"MiFish_0000576",99.4117647058823,240,"Prionurus","Eukaryota","Chordata","Actinopteri","Acanthuriformes","Acanthuridae","Prionurus",NA,"genus"
"MiFish_0000577",99.4047619047619,13,"Thunnus","Eukaryota","Chordata","Actinopteri","Scombriformes","Scombridae","Thunnus",NA,"genus"
"MiFish_0000578",99.4186046511628,10,"Scarus ghobban","Eukaryota","Chordata","Actinopteri","Labriformes","Labridae","Scarus","Scarus ghobban","species"
"MiFish_0000579",0,311,NA,NA,NA,NA,NA,NA,NA,NA,NA
"MiFish_0000580",0,70,NA,NA,NA,NA,NA,NA,NA,NA,NA
"MiFish_0000581",98.8165680473373,12,"Thunnus","Eukaryota","Chordata","Actinopteri","Scombriformes","Scombridae","Thunnus",NA,"genus"
"MiFish_0000582",0,15,NA,NA,NA,NA,NA,NA,NA,NA,NA
"MiFish_0000583",0,16,NA,NA,NA,NA,NA,NA,NA,NA,NA
"MiFish_0000584",98.8165680473373,14,"Percomorphaceae","Eukaryota","Chordata","Actinopteri",NA,NA,NA,NA,"class"
"MiFish_0000585",96.5909090909091,18,"Stegastes arcifrons","Eukaryota","Chordata","Actinopteri",NA,"Pomacentridae","Stegastes","Stegastes arcifrons","species"
"MiFish_0000586",0,9457,NA,NA,NA,NA,NA,NA,NA,NA,NA
"MiFish_0000587",99.4285714285714,109,"Stegastes arcifrons","Eukaryota","Chordata","Actinopteri",NA,"Pomacentridae","Stegastes","Stegastes arcifrons","species"
"MiFish_0000588",98.235294117647,15,"Prionurus","Eukaryota","Chordata","Actinopteri","Acanthuriformes","Acanthuridae","Prionurus",NA,"genus"
"MiFish_0000589",97.0414201183432,36,"Abudefduf","Eukaryota","Chordata","Actinopteri",NA,"Pomacentridae","Abudefduf",NA,"genus"
"MiFish_0000590",98.235294117647,15,"Prionurus","Eukaryota","Chordata","Actinopteri","Acanthuriformes","Acanthuridae","Prionurus",NA,"genus"
"MiFish_0000591",99.4285714285714,104,"Stegastes arcifrons","Eukaryota","Chordata","Actinopteri",NA,"Pomacentridae","Stegastes","Stegastes arcifrons","species"
"MiFish_0000592",97.6470588235294,19,"Prionurus","Eukaryota","Chordata","Actinopteri","Acanthuriformes","Acanthuridae","Prionurus",NA,"genus"
"MiFish_0000593",97.6470588235294,31,"Prionurus","Eukaryota","Chordata","Actinopteri","Acanthuriformes","Acanthuridae","Prionurus",NA,"genus"
"MiFish_0000594",0,59,NA,NA,NA,NA,NA,NA,NA,NA,NA
"MiFish_0000595",99.4082840236686,276,"Abudefduf","Eukaryota","Chordata","Actinopteri",NA,"Pomacentridae","Abudefduf",NA,"genus"
"MiFish_0000596",0,16,NA,NA,NA,NA,NA,NA,NA,NA,NA
"MiFish_0000597",0,28,NA,NA,NA,NA,NA,NA,NA,NA,NA
"MiFish_0000598",98.2456140350877,23,"Mugil cephalus","Eukaryota","Chordata","Actinopteri","Mugiliformes","Mugilidae","Mugil","Mugil cephalus","species"
"MiFish_0000599",99.4047619047619,13,"Thunnus","Eukaryota","Chordata","Actinopteri","Scombriformes","Scombridae","Thunnus",NA,"genus"
"MiFish_0000600",99.4285714285714,137,"Stegastes arcifrons","Eukaryota","Chordata","Actinopteri",NA,"Pomacentridae","Stegastes","Stegastes arcifrons","species"
"MiFish_0000601",100,80,"Abudefduf hoefleri","Eukaryota","Chordata","Actinopteri",NA,"Pomacentridae","Abudefduf",NA,"genus"
"MiFish_0000602",99.4047619047619,16,"Percomorphaceae","Eukaryota","Chordata","Actinopteri",NA,NA,NA,NA,"class"
"MiFish_0000603",0,23,NA,NA,NA,NA,NA,NA,NA,NA,NA
"MiFish_0000604",99.4285714285714,86,"Stegastes arcifrons","Eukaryota","Chordata","Actinopteri",NA,"Pomacentridae","Stegastes","Stegastes arcifrons","species"
"MiFish_0000605",100,504,"Fistularia commersonii","Eukaryota","Chordata","Actinopteri","Syngnathiformes","Fistulariidae","Fistularia","Fistularia commersonii","species"
"MiFish_0000606",0,177,NA,NA,NA,NA,NA,NA,NA,NA,NA
"MiFish_0000607",99.4047619047619,29,"Percomorphaceae","Eukaryota","Chordata","Actinopteri",NA,NA,NA,NA,"class"
"MiFish_0000608",96.4071856287425,17,"Vinciguerria nimbaria","Eukaryota","Chordata","Actinopteri","Stomiiformes","Phosichthyidae","Vinciguerria","Vinciguerria nimbaria","species"
"MiFish_0000609",99.4082840236686,27,"Abudefduf","Eukaryota","Chordata","Actinopteri",NA,"Pomacentridae","Abudefduf",NA,"genus"
"MiFish_0000610",97.6470588235294,31,"Prionurus","Eukaryota","Chordata","Actinopteri","Acanthuriformes","Acanthuridae","Prionurus",NA,"genus"
"MiFish_0000611",97.6470588235294,76,"Prionurus","Eukaryota","Chordata","Actinopteri","Acanthuriformes","Acanthuridae","Prionurus",NA,"genus"
"MiFish_0000612",0,14,NA,NA,NA,NA,NA,NA,NA,NA,NA
"MiFish_0000613",100,14,"Cheilopogon","Eukaryota","Chordata","Actinopteri","Beloniformes","Exocoetidae","Cheilopogon",NA,"genus"
"MiFish_0000614",98.235294117647,726,"Prionurus","Eukaryota","Chordata","Actinopteri","Acanthuriformes","Acanthuridae","Prionurus",NA,"genus"
"MiFish_0000615",99.4082840236686,50,"Hyporhamphus yuri","Eukaryota","Chordata","Actinopteri","Beloniformes","Hemiramphidae","Hyporhamphus",NA,"genus"
"MiFish_0000616",0,603,NA,NA,NA,NA,NA,NA,NA,NA,NA
"MiFish_0000617",95.2380952380952,503,"Sciaenidae","Eukaryota","Chordata","Actinopteri",NA,"Sciaenidae",NA,NA,"family"
"MiFish_0000618",0,629,NA,NA,NA,NA,NA,NA,NA,NA,NA
"MiFish_0000619",97.6608187134503,73,"Prionurus","Eukaryota","Chordata","Actinopteri","Acanthuriformes","Acanthuridae","Prionurus",NA,"genus"
"MiFish_0000620",100,34,"Decapterus macarellus","Eukaryota","Chordata","Actinopteri","Carangiformes","Carangidae","Decapterus","Decapterus macarellus","species"
"MiFish_0000621",100,614,"Prionurus laticlavius","Eukaryota","Chordata","Actinopteri","Acanthuriformes","Acanthuridae","Prionurus","Prionurus laticlavius","species"
"MiFish_0000622",100,2106,"Hyporhamphus yuri","Eukaryota","Chordata","Actinopteri","Beloniformes","Hemiramphidae","Hyporhamphus",NA,"genus"
"MiFish_0000623",100,219,"Exocoetus volitans","Eukaryota","Chordata","Actinopteri","Beloniformes","Exocoetidae","Exocoetus","Exocoetus volitans","species"
"MiFish_0000624",99.4285714285714,115,"Stegastes arcifrons","Eukaryota","Chordata","Actinopteri",NA,"Pomacentridae","Stegastes","Stegastes arcifrons","species"
"MiFish_0000625",0,64,NA,NA,NA,NA,NA,NA,NA,NA,NA
"MiFish_0000626",99.4117647058823,2260,"Bodianus diplotaenia","Eukaryota","Chordata","Actinopteri","Labriformes","Labridae","Bodianus","Bodianus diplotaenia","species"
"MiFish_0000627",99.4285714285714,54,"Stegastes arcifrons","Eukaryota","Chordata","Actinopteri",NA,"Pomacentridae","Stegastes","Stegastes arcifrons","species"
"MiFish_0000628",0,10,NA,NA,NA,NA,NA,NA,NA,NA,NA
"MiFish_0000629",98.8636363636364,14,"Stegastes arcifrons","Eukaryota","Chordata","Actinopteri",NA,"Pomacentridae","Stegastes","Stegastes arcifrons","species"
"MiFish_0000630",99.4082840236686,37,"Abudefduf","Eukaryota","Chordata","Actinopteri",NA,"Pomacentridae","Abudefduf",NA,"genus"
"MiFish_0000631",99.4117647058823,26,"Bodianus diplotaenia","Eukaryota","Chordata","Actinopteri","Labriformes","Labridae","Bodianus","Bodianus diplotaenia","species"
"MiFish_0000632",98.235294117647,19,"Prionurus","Eukaryota","Chordata","Actinopteri","Acanthuriformes","Acanthuridae","Prionurus",NA,"genus"
"MiFish_0000633",95.8823529411765,11,"Prionurus","Eukaryota","Chordata","Actinopteri","Acanthuriformes","Acanthuridae","Prionurus",NA,"genus"
"MiFish_0000634",96.4497041420118,11,"Epinephelus bontoides","Eukaryota","Chordata","Actinopteri","Perciformes","Serranidae","Epinephelus",NA,"genus"
"MiFish_0000635",0,10,NA,NA,NA,NA,NA,NA,NA,NA,NA
"MiFish_0000636",99.4285714285714,23,"Stegastes arcifrons","Eukaryota","Chordata","Actinopteri",NA,"Pomacentridae","Stegastes","Stegastes arcifrons","species"
"MiFish_0000637",99.4082840236686,16,"Abudefduf","Eukaryota","Chordata","Actinopteri",NA,"Pomacentridae","Abudefduf",NA,"genus"
"MiFish_0000638",97.6470588235294,29,"Prionurus","Eukaryota","Chordata","Actinopteri","Acanthuriformes","Acanthuridae","Prionurus",NA,"genus"
"MiFish_0000639",0,21,NA,NA,NA,NA,NA,NA,NA,NA,NA
"MiFish_0000640",99.4082840236686,31,"Abudefduf","Eukaryota","Chordata","Actinopteri",NA,"Pomacentridae","Abudefduf",NA,"genus"
"MiFish_0000641",0,10,NA,NA,NA,NA,NA,NA,NA,NA,NA
"MiFish_0000642",99.4285714285714,71,"Stegastes arcifrons","Eukaryota","Chordata","Actinopteri",NA,"Pomacentridae","Stegastes","Stegastes arcifrons","species"
"MiFish_0000643",0,96,NA,NA,NA,NA,NA,NA,NA,NA,NA
"MiFish_0000644",99.4186046511628,16,"Scarus ghobban","Eukaryota","Chordata","Actinopteri","Labriformes","Labridae","Scarus","Scarus ghobban","species"
"MiFish_0000645",97.7272727272727,14,"Stegastes arcifrons","Eukaryota","Chordata","Actinopteri",NA,"Pomacentridae","Stegastes","Stegastes arcifrons","species"
"MiFish_0000646",0,33,NA,NA,NA,NA,NA,NA,NA,NA,NA
"MiFish_0000647",0,231,NA,NA,NA,NA,NA,NA,NA,NA,NA
"MiFish_0000648",0,10,NA,NA,NA,NA,NA,NA,NA,NA,NA
"MiFish_0000649",0,12,NA,NA,NA,NA,NA,NA,NA,NA,NA
"MiFish_0000650",100,2401,"Carcharhinus","Eukaryota","Chordata","Chondrichthyes","Carcharhiniformes","Carcharhinidae","Carcharhinus",NA,"genus"
"MiFish_0000651",99.4475138121547,22,"Carcharhinus","Eukaryota","Chordata","Chondrichthyes","Carcharhiniformes","Carcharhinidae","Carcharhinus",NA,"genus"
"MiFish_0000652",99.4475138121547,32,"Carcharhinus","Eukaryota","Chordata","Chondrichthyes","Carcharhiniformes","Carcharhinidae","Carcharhinus",NA,"genus"
"MiFish_0000653",0,14,NA,NA,NA,NA,NA,NA,NA,NA,NA
"MiFish_0000654",0,12,NA,NA,NA,NA,NA,NA,NA,NA,NA
"MiFish_0000655",0,35,NA,NA,NA,NA,NA,NA,NA,NA,NA
"MiFish_0000656",0,116,NA,NA,NA,NA,NA,NA,NA,NA,NA
"MiFish_0000657",0,10,NA,NA,NA,NA,NA,NA,NA,NA,NA
"MiFish_0000658",99.4082840236686,97,"Abudefduf","Eukaryota","Chordata","Actinopteri",NA,"Pomacentridae","Abudefduf",NA,"genus"
"MiFish_0000659",99.4082840236686,38,"Abudefduf","Eukaryota","Chordata","Actinopteri",NA,"Pomacentridae","Abudefduf",NA,"genus"
"MiFish_0000660",99.4082840236686,22,"Abudefduf","Eukaryota","Chordata","Actinopteri",NA,"Pomacentridae","Abudefduf",NA,"genus"
"MiFish_0000661",0,19,NA,NA,NA,NA,NA,NA,NA,NA,NA
"MiFish_0000662",0,3297,NA,NA,NA,NA,NA,NA,NA,NA,NA
"MiFish_0000663",0,107,NA,NA,NA,NA,NA,NA,NA,NA,NA
"MiFish_0000664",0,186,NA,NA,NA,NA,NA,NA,NA,NA,NA
"MiFish_0000665",0,14,NA,NA,NA,NA,NA,NA,NA,NA,NA
"MiFish_0000666",99.4285714285714,127,"Stegastes arcifrons","Eukaryota","Chordata","Actinopteri",NA,"Pomacentridae","Stegastes","Stegastes arcifrons","species"
"MiFish_0000667",0,87,NA,NA,NA,NA,NA,NA,NA,NA,NA
"MiFish_0000668",0,10,NA,NA,NA,NA,NA,NA,NA,NA,NA
"MiFish_0000669",0,15,NA,NA,NA,NA,NA,NA,NA,NA,NA
"MiFish_0000670",0,80,NA,NA,NA,NA,NA,NA,NA,NA,NA
"MiFish_0000671",0,176,NA,NA,NA,NA,NA,NA,NA,NA,NA
"MiFish_0000672",0,10,NA,NA,NA,NA,NA,NA,NA,NA,NA
"MiFish_0000673",0,23640,NA,NA,NA,NA,NA,NA,NA,NA,NA
"MiFish_0000674",0,237,NA,NA,NA,NA,NA,NA,NA,NA,NA
"MiFish_0000675",95.8579881656805,43,"Mycteroperca bonaci","Eukaryota","Chordata","Actinopteri","Perciformes","Serranidae","Mycteroperca",NA,"genus"
"MiFish_0000676",99.4117647058823,101,"Mugil thoburni","Eukaryota","Chordata","Actinopteri","Mugiliformes","Mugilidae","Mugil","Mugil thoburni","species"
"MiFish_0000677",99.4117647058823,178,"Mugil thoburni","Eukaryota","Chordata","Actinopteri","Mugiliformes","Mugilidae","Mugil","Mugil thoburni","species"
"MiFish_0000678",0,15,NA,NA,NA,NA,NA,NA,NA,NA,NA
"MiFish_0000679",96.4285714285714,11,"Pontinus macrocephalus","Eukaryota","Chordata","Actinopteri","Perciformes","Scorpaenidae","Pontinus",NA,"genus"
"MiFish_0000680",0,19,NA,NA,NA,NA,NA,NA,NA,NA,NA
"MiFish_0000681",0,45,NA,NA,NA,NA,NA,NA,NA,NA,NA
"MiFish_0000682",0,20,NA,NA,NA,NA,NA,NA,NA,NA,NA
"MiFish_0000683",98.8235294117647,43,"Sphoeroides annulatus","Eukaryota","Chordata","Actinopteri","Tetraodontiformes","Tetraodontidae","Sphoeroides","Sphoeroides annulatus","species"
"MiFish_0000684",0,10,NA,NA,NA,NA,NA,NA,NA,NA,NA
"MiFish_0000685",0,62,NA,NA,NA,NA,NA,NA,NA,NA,NA
"MiFish_0000686",0,25,NA,NA,NA,NA,NA,NA,NA,NA,NA
"MiFish_0000687",0,81,NA,NA,NA,NA,NA,NA,NA,NA,NA
"MiFish_0000688",0,19,NA,NA,NA,NA,NA,NA,NA,NA,NA
"MiFish_0000689",95.8823529411765,10,"Mycteroperca bonaci","Eukaryota","Chordata","Actinopteri","Perciformes","Serranidae","Mycteroperca",NA,"genus"
"MiFish_0000690",0,21,NA,NA,NA,NA,NA,NA,NA,NA,NA
"MiFish_0000691",0,42,NA,NA,NA,NA,NA,NA,NA,NA,NA
"MiFish_0000692",97.0760233918129,13,"Mugil cephalus","Eukaryota","Chordata","Actinopteri","Mugiliformes","Mugilidae","Mugil","Mugil cephalus","species"
"MiFish_0000693",0,28,NA,NA,NA,NA,NA,NA,NA,NA,NA
"MiFish_0000694",0,242,NA,NA,NA,NA,NA,NA,NA,NA,NA
"MiFish_0000695",100,159,"Halichoeres notospilus","Eukaryota","Chordata","Actinopteri","Labriformes","Labridae","Halichoeres","Halichoeres notospilus","species"
"MiFish_0000696",0,24,NA,NA,NA,NA,NA,NA,NA,NA,NA
"MiFish_0000697",0,4512,NA,NA,NA,NA,NA,NA,NA,NA,NA
"MiFish_0000698",97.6047904191617,151,"Halichoeres dispilus","Eukaryota","Chordata","Actinopteri","Labriformes","Labridae","Halichoeres","Halichoeres dispilus","species"
"MiFish_0000699",0,11,NA,NA,NA,NA,NA,NA,NA,NA,NA
"MiFish_0000700",98.2248520710059,324,"Tylosurus crocodilus","Eukaryota","Chordata","Actinopteri","Beloniformes","Belonidae","Tylosurus","Tylosurus crocodilus","species"
"MiFish_0000701",100,2774,"Halichoeres nicholsi","Eukaryota","Chordata","Actinopteri","Labriformes","Labridae","Halichoeres","Halichoeres nicholsi","species"
"MiFish_0000702",99.4285714285714,109,"Stegastes arcifrons","Eukaryota","Chordata","Actinopteri",NA,"Pomacentridae","Stegastes","Stegastes arcifrons","species"
"MiFish_0000703",97.1590909090909,17,"Stegastes arcifrons","Eukaryota","Chordata","Actinopteri",NA,"Pomacentridae","Stegastes","Stegastes arcifrons","species"
"MiFish_0000704",0,114,NA,NA,NA,NA,NA,NA,NA,NA,NA
"MiFish_0000705",99.4082840236686,10,"Hyporhamphus yuri","Eukaryota","Chordata","Actinopteri","Beloniformes","Hemiramphidae","Hyporhamphus",NA,"genus"
"MiFish_0000706",0,11,NA,NA,NA,NA,NA,NA,NA,NA,NA
"MiFish_0000707",97.7272727272727,38,"Stegastes arcifrons","Eukaryota","Chordata","Actinopteri",NA,"Pomacentridae","Stegastes","Stegastes arcifrons","species"
"MiFish_0000708",99.4285714285714,39,"Stegastes arcifrons","Eukaryota","Chordata","Actinopteri",NA,"Pomacentridae","Stegastes","Stegastes arcifrons","species"
"MiFish_0000709",99.4117647058823,296,"Mugil thoburni","Eukaryota","Chordata","Actinopteri","Mugiliformes","Mugilidae","Mugil","Mugil thoburni","species"
"MiFish_0000710",0,10,NA,NA,NA,NA,NA,NA,NA,NA,NA
"MiFish_0000711",0,22,NA,NA,NA,NA,NA,NA,NA,NA,NA
"MiFish_0000712",98.8235294117647,17,"Mugil thoburni","Eukaryota","Chordata","Actinopteri","Mugiliformes","Mugilidae","Mugil","Mugil thoburni","species"
"MiFish_0000713",99.4285714285714,11,"Stegastes beebei","Eukaryota","Chordata","Actinopteri",NA,"Pomacentridae","Stegastes","Stegastes beebei","species"
"MiFish_0000714",99.4285714285714,29,"Stegastes beebei","Eukaryota","Chordata","Actinopteri",NA,"Pomacentridae","Stegastes","Stegastes beebei","species"
"MiFish_0000715",98.8235294117647,10,"Mugil thoburni","Eukaryota","Chordata","Actinopteri","Mugiliformes","Mugilidae","Mugil","Mugil thoburni","species"
"MiFish_0000716",99.4285714285714,13,"Stegastes arcifrons","Eukaryota","Chordata","Actinopteri",NA,"Pomacentridae","Stegastes","Stegastes arcifrons","species"
"MiFish_0000717",0,2087,NA,NA,NA,NA,NA,NA,NA,NA,NA
"MiFish_0000718",95.8823529411765,20,"Mugil thoburni","Eukaryota","Chordata","Actinopteri","Mugiliformes","Mugilidae","Mugil","Mugil thoburni","species"
"MiFish_0000719",0,39,NA,NA,NA,NA,NA,NA,NA,NA,NA
"MiFish_0000720",99.4117647058823,484,"Mugil thoburni","Eukaryota","Chordata","Actinopteri","Mugiliformes","Mugilidae","Mugil","Mugil thoburni","species"
"MiFish_0000721",96.4912280701754,220,"Mugil cephalus","Eukaryota","Chordata","Actinopteri","Mugiliformes","Mugilidae","Mugil","Mugil cephalus","species"
"MiFish_0000722",97.6470588235294,56,"Mugil","Eukaryota","Chordata","Actinopteri","Mugiliformes","Mugilidae","Mugil",NA,"genus"
"MiFish_0000723",100,3675,"Arothron","Eukaryota","Chordata","Actinopteri","Tetraodontiformes","Tetraodontidae","Arothron",NA,"genus"
"MiFish_0000724",0,54,NA,NA,NA,NA,NA,NA,NA,NA,NA
"MiFish_0000725",0,19,NA,NA,NA,NA,NA,NA,NA,NA,NA
"MiFish_0000726",0,22,NA,NA,NA,NA,NA,NA,NA,NA,NA
"MiFish_0000727",100,200,"Kyphosus","Eukaryota","Chordata","Actinopteri","Centrarchiformes","Kyphosidae","Kyphosus",NA,"genus"
"MiFish_0000728",96.4705882352941,289,"Mugil thoburni","Eukaryota","Chordata","Actinopteri","Mugiliformes","Mugilidae","Mugil","Mugil thoburni","species"
"MiFish_0000729",97.6608187134503,13,"Mugil cephalus","Eukaryota","Chordata","Actinopteri","Mugiliformes","Mugilidae","Mugil","Mugil cephalus","species"
"MiFish_0000730",0,73,NA,NA,NA,NA,NA,NA,NA,NA,NA
"MiFish_0000731",95.3216374269006,26,"Mugil curema","Eukaryota","Chordata","Actinopteri","Mugiliformes","Mugilidae","Mugil","Mugil curema","species"
"MiFish_0000732",0,68,NA,NA,NA,NA,NA,NA,NA,NA,NA
"MiFish_0000733",97.0760233918129,46,"Mugil cephalus","Eukaryota","Chordata","Actinopteri","Mugiliformes","Mugilidae","Mugil","Mugil cephalus","species"
"MiFish_0000734",0,19,NA,NA,NA,NA,NA,NA,NA,NA,NA
"MiFish_0000735",0,126,NA,NA,NA,NA,NA,NA,NA,NA,NA
"MiFish_0000736",0,28,NA,NA,NA,NA,NA,NA,NA,NA,NA
"MiFish_0000737",98.235294117647,162,"Mugil thoburni","Eukaryota","Chordata","Actinopteri","Mugiliformes","Mugilidae","Mugil","Mugil thoburni","species"
"MiFish_0000738",0,42,NA,NA,NA,NA,NA,NA,NA,NA,NA
"MiFish_0000739",98.2456140350877,28,"Mugil cephalus","Eukaryota","Chordata","Actinopteri","Mugiliformes","Mugilidae","Mugil","Mugil cephalus","species"
"MiFish_0000740",0,52,NA,NA,NA,NA,NA,NA,NA,NA,NA
"MiFish_0000741",96.4912280701754,46,"Mugil cephalus","Eukaryota","Chordata","Actinopteri","Mugiliformes","Mugilidae","Mugil","Mugil cephalus","species"
"MiFish_0000742",0,224,NA,NA,NA,NA,NA,NA,NA,NA,NA
"MiFish_0000743",0,27,NA,NA,NA,NA,NA,NA,NA,NA,NA
"MiFish_0000744",0,789,NA,NA,NA,NA,NA,NA,NA,NA,NA
"MiFish_0000745",97.0588235294118,80,"Mugil thoburni","Eukaryota","Chordata","Actinopteri","Mugiliformes","Mugilidae","Mugil","Mugil thoburni","species"
"MiFish_0000746",0,885,NA,NA,NA,NA,NA,NA,NA,NA,NA
"MiFish_0000747",97.6608187134503,25,"Mugil cephalus","Eukaryota","Chordata","Actinopteri","Mugiliformes","Mugilidae","Mugil","Mugil cephalus","species"
"MiFish_0000748",100,181,"Chilomycterus reticulatus","Eukaryota","Chordata","Actinopteri","Tetraodontiformes","Diodontidae","Chilomycterus","Chilomycterus reticulatus","species"
"MiFish_0000749",0,25,NA,NA,NA,NA,NA,NA,NA,NA,NA
"MiFish_0000750",98.235294117647,15,"Mugil thoburni","Eukaryota","Chordata","Actinopteri","Mugiliformes","Mugilidae","Mugil","Mugil thoburni","species"
"MiFish_0000751",96.5116279069768,123,"Mugil cephalus","Eukaryota","Chordata","Actinopteri","Mugiliformes","Mugilidae","Mugil","Mugil cephalus","species"
"MiFish_0000752",0,133,NA,NA,NA,NA,NA,NA,NA,NA,NA
"MiFish_0000753",0,27,NA,NA,NA,NA,NA,NA,NA,NA,NA
"MiFish_0000754",97.6608187134503,18,"Mugil cephalus","Eukaryota","Chordata","Actinopteri","Mugiliformes","Mugilidae","Mugil","Mugil cephalus","species"
"MiFish_0000755",0,30,NA,NA,NA,NA,NA,NA,NA,NA,NA
"MiFish_0000756",0,26,NA,NA,NA,NA,NA,NA,NA,NA,NA
"MiFish_0000757",0,71,NA,NA,NA,NA,NA,NA,NA,NA,NA
"MiFish_0000758",0,22,NA,NA,NA,NA,NA,NA,NA,NA,NA
"MiFish_0000759",0,62,NA,NA,NA,NA,NA,NA,NA,NA,NA
"MiFish_0000760",97.6608187134503,18,"Mugil cephalus","Eukaryota","Chordata","Actinopteri","Mugiliformes","Mugilidae","Mugil","Mugil cephalus","species"
"MiFish_0000761",0,103,NA,NA,NA,NA,NA,NA,NA,NA,NA
"MiFish_0000762",95.2941176470588,15,"Mugil thoburni","Eukaryota","Chordata","Actinopteri","Mugiliformes","Mugilidae","Mugil","Mugil thoburni","species"
"MiFish_0000763",0,77,NA,NA,NA,NA,NA,NA,NA,NA,NA
"MiFish_0000764",96.4705882352941,130,"Mugil thoburni","Eukaryota","Chordata","Actinopteri","Mugiliformes","Mugilidae","Mugil","Mugil thoburni","species"
"MiFish_0000765",95.906432748538,26,"Sphoeroides annulatus","Eukaryota","Chordata","Actinopteri","Tetraodontiformes","Tetraodontidae","Sphoeroides","Sphoeroides annulatus","species"
"MiFish_0000766",95.906432748538,38,"Mugil cephalus","Eukaryota","Chordata","Actinopteri","Mugiliformes","Mugilidae","Mugil","Mugil cephalus","species"
"MiFish_0000767",96.0227272727273,14,"Stegastes arcifrons","Eukaryota","Chordata","Actinopteri",NA,"Pomacentridae","Stegastes","Stegastes arcifrons","species"
"MiFish_0000768",99.4082840236686,4968,"Muraena lentiginosa","Eukaryota","Chordata","Actinopteri","Anguilliformes","Muraenidae","Muraena","Muraena lentiginosa","species"
"MiFish_0000769",96.4705882352941,64,"Archosargus rhomboidalis","Eukaryota","Chordata","Actinopteri","Spariformes","Sparidae",NA,NA,"family"
"MiFish_0000770",0,38,NA,NA,NA,NA,NA,NA,NA,NA,NA
"MiFish_0000771",0,14,NA,NA,NA,NA,NA,NA,NA,NA,NA
"MiFish_0000772",98.8165680473373,20,"Halichoeres nicholsi","Eukaryota","Chordata","Actinopteri","Labriformes","Labridae","Halichoeres","Halichoeres nicholsi","species"
"MiFish_0000773",0,12,NA,NA,NA,NA,NA,NA,NA,NA,NA
"MiFish_0000774",0,97,NA,NA,NA,NA,NA,NA,NA,NA,NA
"MiFish_0000775",99.4285714285714,79,"Stegastes beebei","Eukaryota","Chordata","Actinopteri",NA,"Pomacentridae","Stegastes","Stegastes beebei","species"
"MiFish_0000776",99.4285714285714,10,"Stegastes beebei","Eukaryota","Chordata","Actinopteri",NA,"Pomacentridae","Stegastes","Stegastes beebei","species"
"MiFish_0000777",99.4285714285714,18,"Stegastes arcifrons","Eukaryota","Chordata","Actinopteri",NA,"Pomacentridae","Stegastes","Stegastes arcifrons","species"
"MiFish_0000778",0,127,NA,NA,NA,NA,NA,NA,NA,NA,NA
"MiFish_0000779",0,11,NA,NA,NA,NA,NA,NA,NA,NA,NA
"MiFish_0000780",98.2558139534884,21,"Mugil cephalus","Eukaryota","Chordata","Actinopteri","Mugiliformes","Mugilidae","Mugil","Mugil cephalus","species"
"MiFish_0000781",97.6608187134503,58,"Mugil thoburni","Eukaryota","Chordata","Actinopteri","Mugiliformes","Mugilidae","Mugil","Mugil thoburni","species"
"MiFish_0000782",95.3488372093023,10,"Eucinostomus melanopterus","Eukaryota","Chordata","Actinopteri","Gerreiformes","Gerreidae","Eucinostomus",NA,"genus"
"MiFish_0000783",98.8235294117647,18,"Mugil thoburni","Eukaryota","Chordata","Actinopteri","Mugiliformes","Mugilidae","Mugil","Mugil thoburni","species"
"MiFish_0000784",0,12,NA,NA,NA,NA,NA,NA,NA,NA,NA
"MiFish_0000785",98.235294117647,14,"Mugil","Eukaryota","Chordata","Actinopteri","Mugiliformes","Mugilidae","Mugil",NA,"genus"
"MiFish_0000786",0,30,NA,NA,NA,NA,NA,NA,NA,NA,NA
"MiFish_0000787",0,20,NA,NA,NA,NA,NA,NA,NA,NA,NA
"MiFish_0000788",0,16,NA,NA,NA,NA,NA,NA,NA,NA,NA
"MiFish_0000789",0,12,NA,NA,NA,NA,NA,NA,NA,NA,NA
"MiFish_0000790",0,34,NA,NA,NA,NA,NA,NA,NA,NA,NA
"MiFish_0000791",95.3216374269006,10,"Mugil cephalus","Eukaryota","Chordata","Actinopteri","Mugiliformes","Mugilidae","Mugil","Mugil cephalus","species"
"MiFish_0000792",0,21,NA,NA,NA,NA,NA,NA,NA,NA,NA
"MiFish_0000793",0,19,NA,NA,NA,NA,NA,NA,NA,NA,NA
"MiFish_0000794",0,14,NA,NA,NA,NA,NA,NA,NA,NA,NA
"MiFish_0000795",95.9302325581395,10,"Eucinostomus melanopterus","Eukaryota","Chordata","Actinopteri","Gerreiformes","Gerreidae","Eucinostomus",NA,"genus"
"MiFish_0000796",97.6608187134503,46,"Sphoeroides annulatus","Eukaryota","Chordata","Actinopteri","Tetraodontiformes","Tetraodontidae","Sphoeroides","Sphoeroides annulatus","species"
"MiFish_0000797",99.4117647058823,13,"Mugil thoburni","Eukaryota","Chordata","Actinopteri","Mugiliformes","Mugilidae","Mugil","Mugil thoburni","species"
"MiFish_0000798",0,20,NA,NA,NA,NA,NA,NA,NA,NA,NA
"MiFish_0000799",0,90,NA,NA,NA,NA,NA,NA,NA,NA,NA
"MiFish_0000800",0,30,NA,NA,NA,NA,NA,NA,NA,NA,NA
"MiFish_0000801",95.3488372093023,13,"Eucinostomus melanopterus","Eukaryota","Chordata","Actinopteri","Gerreiformes","Gerreidae","Eucinostomus",NA,"genus"
"MiFish_0000802",0,26,NA,NA,NA,NA,NA,NA,NA,NA,NA
"MiFish_0000803",0,16,NA,NA,NA,NA,NA,NA,NA,NA,NA
"MiFish_0000804",98.235294117647,18,"Mugil thoburni","Eukaryota","Chordata","Actinopteri","Mugiliformes","Mugilidae","Mugil","Mugil thoburni","species"
"MiFish_0000805",99.4117647058823,125,"Mugil thoburni","Eukaryota","Chordata","Actinopteri","Mugiliformes","Mugilidae","Mugil","Mugil thoburni","species"
"MiFish_0000806",0,10,NA,NA,NA,NA,NA,NA,NA,NA,NA
"MiFish_0000807",0,11,NA,NA,NA,NA,NA,NA,NA,NA,NA
"MiFish_0000808",99.4152046783626,10,"Mugil cephalus","Eukaryota","Chordata","Actinopteri","Mugiliformes","Mugilidae","Mugil","Mugil cephalus","species"
"MiFish_0000809",99.4011976047904,159,"Thalassoma lucasanum","Eukaryota","Chordata","Actinopteri","Labriformes","Labridae","Thalassoma","Thalassoma lucasanum","species"
"MiFish_0000810",0,52,NA,NA,NA,NA,NA,NA,NA,NA,NA
"MiFish_0000811",98.8571428571428,10,"Stegastes arcifrons","Eukaryota","Chordata","Actinopteri",NA,"Pomacentridae","Stegastes","Stegastes arcifrons","species"
"MiFish_0000812",0,14,NA,NA,NA,NA,NA,NA,NA,NA,NA
"MiFish_0000813",99.4047619047619,24,"Plagiotremus tapeinosoma","Eukaryota","Chordata","Actinopteri","Blenniiformes","Blenniidae","Plagiotremus",NA,"genus"
"MiFish_0000814",0,28,NA,NA,NA,NA,NA,NA,NA,NA,NA
"MiFish_0000815",100,397,"Plagiotremus tapeinosoma","Eukaryota","Chordata","Actinopteri","Blenniiformes","Blenniidae","Plagiotremus",NA,"genus"
"MiFish_0000816",0,21,NA,NA,NA,NA,NA,NA,NA,NA,NA
"MiFish_0000817",0,64,NA,NA,NA,NA,NA,NA,NA,NA,NA
"MiFish_0000818",0,31,NA,NA,NA,NA,NA,NA,NA,NA,NA
"MiFish_0000819",0,23,NA,NA,NA,NA,NA,NA,NA,NA,NA
"MiFish_0000820",0,128,NA,NA,NA,NA,NA,NA,NA,NA,NA
"MiFish_0000821",99.4117647058823,19,"Bodianus diplotaenia","Eukaryota","Chordata","Actinopteri","Labriformes","Labridae","Bodianus","Bodianus diplotaenia","species"
"MiFish_0000822",0,12,NA,NA,NA,NA,NA,NA,NA,NA,NA
"MiFish_0000823",0,46,NA,NA,NA,NA,NA,NA,NA,NA,NA
"MiFish_0000824",0,11,NA,NA,NA,NA,NA,NA,NA,NA,NA
"MiFish_0000825",0,11,NA,NA,NA,NA,NA,NA,NA,NA,NA
"MiFish_0000826",95.8579881656805,13,"Mycteroperca bonaci","Eukaryota","Chordata","Actinopteri","Perciformes","Serranidae","Mycteroperca",NA,"genus"
"MiFish_0000827",97.6608187134503,10,"Mugil thoburni","Eukaryota","Chordata","Actinopteri","Mugiliformes","Mugilidae","Mugil","Mugil thoburni","species"
"MiFish_0000828",0,10,NA,NA,NA,NA,NA,NA,NA,NA,NA
"MiFish_0000829",0,16,NA,NA,NA,NA,NA,NA,NA,NA,NA
"MiFish_0000830",0,49,NA,NA,NA,NA,NA,NA,NA,NA,NA
"MiFish_0000831",0,14,NA,NA,NA,NA,NA,NA,NA,NA,NA
"MiFish_0000832",0,31,NA,NA,NA,NA,NA,NA,NA,NA,NA
"MiFish_0000833",0,10,NA,NA,NA,NA,NA,NA,NA,NA,NA
"MiFish_0000834",0,68,NA,NA,NA,NA,NA,NA,NA,NA,NA
"MiFish_0000835",0,37,NA,NA,NA,NA,NA,NA,NA,NA,NA
"MiFish_0000836",0,32,NA,NA,NA,NA,NA,NA,NA,NA,NA
"MiFish_0000837",0,16,NA,NA,NA,NA,NA,NA,NA,NA,NA
"MiFish_0000838",97.6331360946746,15,"Orthopristis chrysoptera","Eukaryota","Chordata","Actinopteri","Lutjaniformes","Haemulidae","Orthopristis",NA,"genus"
"MiFish_0000839",97.6608187134503,16,"Mugil cephalus","Eukaryota","Chordata","Actinopteri","Mugiliformes","Mugilidae","Mugil","Mugil cephalus","species"
"MiFish_0000840",0,57,NA,NA,NA,NA,NA,NA,NA,NA,NA
"MiFish_0000841",98.2248520710059,10,"Lutjanus","Eukaryota","Chordata","Actinopteri","Lutjaniformes","Lutjanidae","Lutjanus",NA,"genus"
"MiFish_0000842",0,22,NA,NA,NA,NA,NA,NA,NA,NA,NA
"MiFish_0000843",0,10,NA,NA,NA,NA,NA,NA,NA,NA,NA
"MiFish_0000844",97.6470588235294,15,"Mugil thoburni","Eukaryota","Chordata","Actinopteri","Mugiliformes","Mugilidae","Mugil","Mugil thoburni","species"
"MiFish_0000845",0,20,NA,NA,NA,NA,NA,NA,NA,NA,NA
"MiFish_0000846",0,24,NA,NA,NA,NA,NA,NA,NA,NA,NA
"MiFish_0000847",95.906432748538,10,"Mugil cephalus","Eukaryota","Chordata","Actinopteri","Mugiliformes","Mugilidae","Mugil","Mugil cephalus","species"
"MiFish_0000848",98.8304093567252,13,"Mugil cephalus","Eukaryota","Chordata","Actinopteri","Mugiliformes","Mugilidae","Mugil","Mugil cephalus","species"
"MiFish_0000849",0,235,NA,NA,NA,NA,NA,NA,NA,NA,NA
"MiFish_0000850",0,38,NA,NA,NA,NA,NA,NA,NA,NA,NA
"MiFish_0000851",0,11,NA,NA,NA,NA,NA,NA,NA,NA,NA
"MiFish_0000852",99.4082840236686,12,"Gerres cinereus","Eukaryota","Chordata","Actinopteri","Gerreiformes","Gerreidae","Gerres","Gerres cinereus","species"
"MiFish_0000853",0,39,NA,NA,NA,NA,NA,NA,NA,NA,NA
"MiFish_0000854",0,22,NA,NA,NA,NA,NA,NA,NA,NA,NA
"MiFish_0000855",0,12,NA,NA,NA,NA,NA,NA,NA,NA,NA
"MiFish_0000856",100,718,"Lutjanus kasmira","Eukaryota","Chordata","Actinopteri","Lutjaniformes","Lutjanidae","Lutjanus","Lutjanus kasmira","species"
"MiFish_0000857",100,149,"Kyphosus","Eukaryota","Chordata","Actinopteri","Centrarchiformes","Kyphosidae","Kyphosus",NA,"genus"
"MiFish_0000858",100,680,"Oxyporhamphus micropterus micropterus","Eukaryota","Chordata","Actinopteri","Beloniformes","Hemiramphidae","Oxyporhamphus","Oxyporhamphus micropterus","species"
"MiFish_0000859",100,4833,"Thalassoma lucasanum","Eukaryota","Chordata","Actinopteri","Labriformes","Labridae","Thalassoma","Thalassoma lucasanum","species"
"MiFish_0000860",100,508,"Balistidae","Eukaryota","Chordata","Actinopteri","Tetraodontiformes","Balistidae",NA,NA,"family"
"MiFish_0000861",95.2095808383234,115,"Vinciguerria nimbaria","Eukaryota","Chordata","Actinopteri","Stomiiformes","Phosichthyidae","Vinciguerria","Vinciguerria nimbaria","species"
"MiFish_0000862",0,36,NA,NA,NA,NA,NA,NA,NA,NA,NA
"MiFish_0000863",0,926,NA,NA,NA,NA,NA,NA,NA,NA,NA
"MiFish_0000864",99.4152046783626,83,"Balistidae","Eukaryota","Chordata","Actinopteri","Tetraodontiformes","Balistidae",NA,NA,"family"
"MiFish_0000865",100,269,"Mulloidichthys vanicolensis","Eukaryota","Chordata","Actinopteri","Syngnathiformes","Mullidae","Mulloidichthys",NA,"genus"
"MiFish_0000866",97.6744186046512,1535,"Sphoeroides parvus","Eukaryota","Chordata","Actinopteri","Tetraodontiformes","Tetraodontidae","Sphoeroides",NA,"genus"
"MiFish_0000867",97.1098265895954,51,"Scarus","Eukaryota","Chordata","Actinopteri","Labriformes","Labridae","Scarus",NA,"genus"
"MiFish_0000868",0,39,NA,NA,NA,NA,NA,NA,NA,NA,NA
"MiFish_0000869",0,26,NA,NA,NA,NA,NA,NA,NA,NA,NA
"MiFish_0000870",0,11,NA,NA,NA,NA,NA,NA,NA,NA,NA
"MiFish_0000871",0,18,NA,NA,NA,NA,NA,NA,NA,NA,NA
"MiFish_0000872",0,26,NA,NA,NA,NA,NA,NA,NA,NA,NA
"MiFish_0000873",0,37,NA,NA,NA,NA,NA,NA,NA,NA,NA
"MiFish_0000874",0,14,NA,NA,NA,NA,NA,NA,NA,NA,NA
"MiFish_0000875",0,13,NA,NA,NA,NA,NA,NA,NA,NA,NA
"MiFish_0000876",97.6608187134503,30,"Mugil cephalus","Eukaryota","Chordata","Actinopteri","Mugiliformes","Mugilidae","Mugil","Mugil cephalus","species"
"MiFish_0000877",0,12,NA,NA,NA,NA,NA,NA,NA,NA,NA
"MiFish_0000878",99.4152046783626,20,"Arothron","Eukaryota","Chordata","Actinopteri","Tetraodontiformes","Tetraodontidae","Arothron",NA,"genus"
"MiFish_0000879",0,10,NA,NA,NA,NA,NA,NA,NA,NA,NA
"MiFish_0000880",0,12,NA,NA,NA,NA,NA,NA,NA,NA,NA
"MiFish_0000881",0,12,NA,NA,NA,NA,NA,NA,NA,NA,NA
"MiFish_0000882",97.6470588235294,36,"Mugil","Eukaryota","Chordata","Actinopteri","Mugiliformes","Mugilidae","Mugil",NA,"genus"
"MiFish_0000883",99.4285714285714,44,"Stegastes arcifrons","Eukaryota","Chordata","Actinopteri",NA,"Pomacentridae","Stegastes","Stegastes arcifrons","species"
"MiFish_0000884",96.5116279069768,18,"Eucinostomus melanopterus","Eukaryota","Chordata","Actinopteri","Gerreiformes","Gerreidae","Eucinostomus",NA,"genus"
"MiFish_0000885",97.0414201183432,20,"Lutjanus","Eukaryota","Chordata","Actinopteri","Lutjaniformes","Lutjanidae","Lutjanus",NA,"genus"
"MiFish_0000886",0,12,NA,NA,NA,NA,NA,NA,NA,NA,NA
"MiFish_0000887",0,12,NA,NA,NA,NA,NA,NA,NA,NA,NA
"MiFish_0000888",0,13,NA,NA,NA,NA,NA,NA,NA,NA,NA
"MiFish_0000889",97.6744186046512,102,"Bothus robinsi","Eukaryota","Chordata","Actinopteri","Pleuronectiformes","Bothidae","Bothus",NA,"genus"
"MiFish_0000890",0,10,NA,NA,NA,NA,NA,NA,NA,NA,NA
"MiFish_0000891",0,36,NA,NA,NA,NA,NA,NA,NA,NA,NA
"MiFish_0000892",0,26,NA,NA,NA,NA,NA,NA,NA,NA,NA
"MiFish_0000893",98.2954545454545,14,"Stegastes arcifrons","Eukaryota","Chordata","Actinopteri",NA,"Pomacentridae","Stegastes","Stegastes arcifrons","species"
"MiFish_0000894",0,17,NA,NA,NA,NA,NA,NA,NA,NA,NA
"MiFish_0000895",98.8571428571428,12,"Stegastes arcifrons","Eukaryota","Chordata","Actinopteri",NA,"Pomacentridae","Stegastes","Stegastes arcifrons","species"
"MiFish_0000896",99.4152046783626,22,"Arothron","Eukaryota","Chordata","Actinopteri","Tetraodontiformes","Tetraodontidae","Arothron",NA,"genus"
"MiFish_0000897",0,25,NA,NA,NA,NA,NA,NA,NA,NA,NA
"MiFish_0000898",0,16,NA,NA,NA,NA,NA,NA,NA,NA,NA
"MiFish_0000899",0,76,NA,NA,NA,NA,NA,NA,NA,NA,NA
"MiFish_0000900",0,10,NA,NA,NA,NA,NA,NA,NA,NA,NA
"MiFish_0000901",99.4082840236686,12,"Abudefduf taurus","Eukaryota","Chordata","Actinopteri",NA,"Pomacentridae","Abudefduf",NA,"genus"
"MiFish_0000902",0,261,NA,NA,NA,NA,NA,NA,NA,NA,NA
"MiFish_0000903",100,63,"Gymnothorax meleagris","Eukaryota","Chordata","Actinopteri","Anguilliformes","Muraenidae","Gymnothorax","Gymnothorax meleagris","species"
"MiFish_0000904",99.4082840236686,34,"Gerres cinereus","Eukaryota","Chordata","Actinopteri","Gerreiformes","Gerreidae","Gerres","Gerres cinereus","species"
"MiFish_0000905",0,29,NA,NA,NA,NA,NA,NA,NA,NA,NA
"MiFish_0000906",0,14,NA,NA,NA,NA,NA,NA,NA,NA,NA
"MiFish_0000907",0,12,NA,NA,NA,NA,NA,NA,NA,NA,NA
"MiFish_0000908",0,11,NA,NA,NA,NA,NA,NA,NA,NA,NA
"MiFish_0000909",99.4285714285714,32,"Stegastes arcifrons","Eukaryota","Chordata","Actinopteri",NA,"Pomacentridae","Stegastes","Stegastes arcifrons","species"
"MiFish_0000910",0,11,NA,NA,NA,NA,NA,NA,NA,NA,NA
"MiFish_0000911",99.4285714285714,44,"Stegastes arcifrons","Eukaryota","Chordata","Actinopteri",NA,"Pomacentridae","Stegastes","Stegastes arcifrons","species"
"MiFish_0000912",99.4318181818182,24,"Chanos chanos","Eukaryota","Chordata","Actinopteri","Gonorynchiformes","Chanidae","Chanos","Chanos chanos","species"
"MiFish_0000913",0,14,NA,NA,NA,NA,NA,NA,NA,NA,NA
"MiFish_0000914",98.2456140350877,19,"Mugil thoburni","Eukaryota","Chordata","Actinopteri","Mugiliformes","Mugilidae","Mugil","Mugil thoburni","species"
"MiFish_0000915",0,70,NA,NA,NA,NA,NA,NA,NA,NA,NA
"MiFish_0000916",0,10,NA,NA,NA,NA,NA,NA,NA,NA,NA
"MiFish_0000917",0,11,NA,NA,NA,NA,NA,NA,NA,NA,NA
"MiFish_0000918",99.4285714285714,17,"Stegastes beebei","Eukaryota","Chordata","Actinopteri",NA,"Pomacentridae","Stegastes","Stegastes beebei","species"
"MiFish_0000919",99.4082840236686,17,"Abudefduf taurus","Eukaryota","Chordata","Actinopteri",NA,"Pomacentridae","Abudefduf",NA,"genus"
"MiFish_0000920",98.8304093567252,50,"Mugil cephalus","Eukaryota","Chordata","Actinopteri","Mugiliformes","Mugilidae","Mugil","Mugil cephalus","species"
"MiFish_0000921",0,23,NA,NA,NA,NA,NA,NA,NA,NA,NA
"MiFish_0000922",0,31,NA,NA,NA,NA,NA,NA,NA,NA,NA
"MiFish_0000923",0,16,NA,NA,NA,NA,NA,NA,NA,NA,NA
"MiFish_0000924",0,14,NA,NA,NA,NA,NA,NA,NA,NA,NA
"MiFish_0000925",99.4318181818182,41,"Chanos chanos","Eukaryota","Chordata","Actinopteri","Gonorynchiformes","Chanidae","Chanos","Chanos chanos","species"
"MiFish_0000926",0,11,NA,NA,NA,NA,NA,NA,NA,NA,NA
"MiFish_0000927",0,24,NA,NA,NA,NA,NA,NA,NA,NA,NA
"MiFish_0000928",0,37,NA,NA,NA,NA,NA,NA,NA,NA,NA
"MiFish_0000929",0,15,NA,NA,NA,NA,NA,NA,NA,NA,NA
"MiFish_0000930",0,44,NA,NA,NA,NA,NA,NA,NA,NA,NA
"MiFish_0000931",0,328,NA,NA,NA,NA,NA,NA,NA,NA,NA
"MiFish_0000932",0,1222,NA,NA,NA,NA,NA,NA,NA,NA,NA
"MiFish_0000933",95.2380952380952,118,"Sciaenidae","Eukaryota","Chordata","Actinopteri",NA,"Sciaenidae",NA,NA,"family"
"MiFish_0000934",0,115,NA,NA,NA,NA,NA,NA,NA,NA,NA
"MiFish_0000935",97.0414201183432,173,"Lutjanus argentimaculatus","Eukaryota","Chordata","Actinopteri","Lutjaniformes","Lutjanidae","Lutjanus",NA,"genus"
"MiFish_0000936",0,70,NA,NA,NA,NA,NA,NA,NA,NA,NA
"MiFish_0000937",96.4705882352941,21,"Archosargus rhomboidalis","Eukaryota","Chordata","Actinopteri","Spariformes","Sparidae",NA,NA,"family"
"MiFish_0000938",0,56,NA,NA,NA,NA,NA,NA,NA,NA,NA
"MiFish_0000939",0,30,NA,NA,NA,NA,NA,NA,NA,NA,NA
"MiFish_0000940",0,337,NA,NA,NA,NA,NA,NA,NA,NA,NA
"MiFish_0000941",0,68,NA,NA,NA,NA,NA,NA,NA,NA,NA
"MiFish_0000942",98.8165680473373,111,"Muraena lentiginosa","Eukaryota","Chordata","Actinopteri","Anguilliformes","Muraenidae","Muraena","Muraena lentiginosa","species"
"MiFish_0000943",0,43,NA,NA,NA,NA,NA,NA,NA,NA,NA
"MiFish_0000944",100,311,"Holacanthus","Eukaryota","Chordata","Actinopteri",NA,"Pomacanthidae","Holacanthus",NA,"genus"
"MiFish_0000945",96.4497041420118,68,"Epinephelus bontoides","Eukaryota","Chordata","Actinopteri","Perciformes","Serranidae","Epinephelus",NA,"genus"
"MiFish_0000946",0,1878,NA,NA,NA,NA,NA,NA,NA,NA,NA
"MiFish_0000947",97.6331360946746,30,"Lutjanus argentimaculatus","Eukaryota","Chordata","Actinopteri","Lutjaniformes","Lutjanidae","Lutjanus",NA,"genus"
"MiFish_0000948",0,498,NA,NA,NA,NA,NA,NA,NA,NA,NA
"MiFish_0000949",95.2380952380952,41,"Sciaenidae","Eukaryota","Chordata","Actinopteri",NA,"Sciaenidae",NA,NA,"family"
"MiFish_0000950",0,162,NA,NA,NA,NA,NA,NA,NA,NA,NA
"MiFish_0000951",0,14,NA,NA,NA,NA,NA,NA,NA,NA,NA
"MiFish_0000952",98.8235294117647,275,"Prionurus biafraensis","Eukaryota","Chordata","Actinopteri","Acanthuriformes","Acanthuridae","Prionurus",NA,"genus"
"MiFish_0000953",99.4285714285714,16,"Stegastes beebei","Eukaryota","Chordata","Actinopteri",NA,"Pomacentridae","Stegastes","Stegastes beebei","species"
"MiFish_0000954",100,424,"Tetraodontiformes","Eukaryota","Chordata","Actinopteri","Tetraodontiformes",NA,NA,NA,"order"
"MiFish_0000955",0,15,NA,NA,NA,NA,NA,NA,NA,NA,NA
"MiFish_0000956",0,69,NA,NA,NA,NA,NA,NA,NA,NA,NA
"MiFish_0000957",0,13,NA,NA,NA,NA,NA,NA,NA,NA,NA
"MiFish_0000958",0,14,NA,NA,NA,NA,NA,NA,NA,NA,NA
"MiFish_0000959",0,17,NA,NA,NA,NA,NA,NA,NA,NA,NA
"MiFish_0000960",0,14,NA,NA,NA,NA,NA,NA,NA,NA,NA
"MiFish_0000961",99.4082840236686,14,"Gerres cinereus","Eukaryota","Chordata","Actinopteri","Gerreiformes","Gerreidae","Gerres","Gerres cinereus","species"
"MiFish_0000962",0,21,NA,NA,NA,NA,NA,NA,NA,NA,NA
"MiFish_0000963",0,37,NA,NA,NA,NA,NA,NA,NA,NA,NA
"MiFish_0000964",0,12,NA,NA,NA,NA,NA,NA,NA,NA,NA
"MiFish_0000965",0,26,NA,NA,NA,NA,NA,NA,NA,NA,NA
"MiFish_0000966",0,16,NA,NA,NA,NA,NA,NA,NA,NA,NA
"MiFish_0000967",0,11,NA,NA,NA,NA,NA,NA,NA,NA,NA
"MiFish_0000968",99.4186046511628,66,"Scarus ghobban","Eukaryota","Chordata","Actinopteri","Labriformes","Labridae","Scarus","Scarus ghobban","species"
"MiFish_0000969",0,14,NA,NA,NA,NA,NA,NA,NA,NA,NA
"MiFish_0000970",0,12,NA,NA,NA,NA,NA,NA,NA,NA,NA
"MiFish_0000971",100,209,"Scomber","Eukaryota","Chordata","Actinopteri","Scombriformes","Scombridae","Scomber",NA,"genus"
"MiFish_0000972",0,34,NA,NA,NA,NA,NA,NA,NA,NA,NA
"MiFish_0000973",0,13,NA,NA,NA,NA,NA,NA,NA,NA,NA
"MiFish_0000974",99.4152046783626,50,"Arothron","Eukaryota","Chordata","Actinopteri","Tetraodontiformes","Tetraodontidae","Arothron",NA,"genus"
"MiFish_0000975",0,50,NA,NA,NA,NA,NA,NA,NA,NA,NA
"MiFish_0000976",97.6470588235294,11,"Lutjanus","Eukaryota","Chordata","Actinopteri","Lutjaniformes","Lutjanidae","Lutjanus",NA,"genus"
"MiFish_0000977",99.4186046511628,70,"Scarus ghobban","Eukaryota","Chordata","Actinopteri","Labriformes","Labridae","Scarus","Scarus ghobban","species"
"MiFish_0000978",0,49,NA,NA,NA,NA,NA,NA,NA,NA,NA
"MiFish_0000979",0,18,NA,NA,NA,NA,NA,NA,NA,NA,NA
"MiFish_0000980",0,12,NA,NA,NA,NA,NA,NA,NA,NA,NA
"MiFish_0000981",0,716,NA,NA,NA,NA,NA,NA,NA,NA,NA
"MiFish_0000982",0,21,NA,NA,NA,NA,NA,NA,NA,NA,NA
"MiFish_0000983",0,29,NA,NA,NA,NA,NA,NA,NA,NA,NA
"MiFish_0000984",0,16,NA,NA,NA,NA,NA,NA,NA,NA,NA
"MiFish_0000985",99.4186046511628,26,"Scarus ghobban","Eukaryota","Chordata","Actinopteri","Labriformes","Labridae","Scarus","Scarus ghobban","species"
"MiFish_0000986",99.4082840236686,12,"Scomber","Eukaryota","Chordata","Actinopteri","Scombriformes","Scombridae","Scomber",NA,"genus"
"MiFish_0000987",0,34,NA,NA,NA,NA,NA,NA,NA,NA,NA
"MiFish_0000988",0,15,NA,NA,NA,NA,NA,NA,NA,NA,NA
"MiFish_0000989",0,15,NA,NA,NA,NA,NA,NA,NA,NA,NA
"MiFish_0000990",0,13,NA,NA,NA,NA,NA,NA,NA,NA,NA
"MiFish_0000991",99.4285714285714,29,"Stegastes arcifrons","Eukaryota","Chordata","Actinopteri",NA,"Pomacentridae","Stegastes","Stegastes arcifrons","species"
"MiFish_0000992",99.4186046511628,33,"Scarus ghobban","Eukaryota","Chordata","Actinopteri","Labriformes","Labridae","Scarus","Scarus ghobban","species"
"MiFish_0000993",0,32,NA,NA,NA,NA,NA,NA,NA,NA,NA
"MiFish_0000994",0,10,NA,NA,NA,NA,NA,NA,NA,NA,NA
"MiFish_0000995",99.4186046511628,20,"Scarus ghobban","Eukaryota","Chordata","Actinopteri","Labriformes","Labridae","Scarus","Scarus ghobban","species"
"MiFish_0000996",99.4152046783626,59,"Arothron","Eukaryota","Chordata","Actinopteri","Tetraodontiformes","Tetraodontidae","Arothron",NA,"genus"
"MiFish_0000997",98.8165680473373,63,"Muraena lentiginosa","Eukaryota","Chordata","Actinopteri","Anguilliformes","Muraenidae","Muraena","Muraena lentiginosa","species"
"MiFish_0000998",99.4285714285714,48,"Stegastes arcifrons","Eukaryota","Chordata","Actinopteri",NA,"Pomacentridae","Stegastes","Stegastes arcifrons","species"
"MiFish_0000999",0,15,NA,NA,NA,NA,NA,NA,NA,NA,NA
"MiFish_0001000",0,32,NA,NA,NA,NA,NA,NA,NA,NA,NA
"MiFish_0001001",0,39,NA,NA,NA,NA,NA,NA,NA,NA,NA
"MiFish_0001002",99.4011976047904,20,"Thalassoma lucasanum","Eukaryota","Chordata","Actinopteri","Labriformes","Labridae","Thalassoma","Thalassoma lucasanum","species"
"MiFish_0001003",99.4011976047904,37,"Thalassoma lucasanum","Eukaryota","Chordata","Actinopteri","Labriformes","Labridae","Thalassoma","Thalassoma lucasanum","species"
"MiFish_0001004",0,15,NA,NA,NA,NA,NA,NA,NA,NA,NA
"MiFish_0001005",98.2248520710059,18,"Lutjanus","Eukaryota","Chordata","Actinopteri","Lutjaniformes","Lutjanidae","Lutjanus",NA,"genus"
"MiFish_0001006",0,33,NA,NA,NA,NA,NA,NA,NA,NA,NA
"MiFish_0001007",98.8165680473373,23,"Abudefduf","Eukaryota","Chordata","Actinopteri",NA,"Pomacentridae","Abudefduf",NA,"genus"
"MiFish_0001008",0,18,NA,NA,NA,NA,NA,NA,NA,NA,NA
"MiFish_0001009",0,40,NA,NA,NA,NA,NA,NA,NA,NA,NA
"MiFish_0001010",0,37,NA,NA,NA,NA,NA,NA,NA,NA,NA
"MiFish_0001011",98.8235294117647,42,"Sphoeroides annulatus","Eukaryota","Chordata","Actinopteri","Tetraodontiformes","Tetraodontidae","Sphoeroides","Sphoeroides annulatus","species"
"MiFish_0001012",99.4082840236686,22,"Gerres cinereus","Eukaryota","Chordata","Actinopteri","Gerreiformes","Gerreidae","Gerres","Gerres cinereus","species"
"MiFish_0001013",0,11,NA,NA,NA,NA,NA,NA,NA,NA,NA
"MiFish_0001014",0,31,NA,NA,NA,NA,NA,NA,NA,NA,NA
"MiFish_0001015",97.6047904191617,175,"Halichoeres dispilus","Eukaryota","Chordata","Actinopteri","Labriformes","Labridae","Halichoeres","Halichoeres dispilus","species"
"MiFish_0001016",97.0059880239521,20,"Halichoeres dispilus","Eukaryota","Chordata","Actinopteri","Labriformes","Labridae","Halichoeres","Halichoeres dispilus","species"
"MiFish_0001017",0,55,NA,NA,NA,NA,NA,NA,NA,NA,NA
"MiFish_0001018",0,73,NA,NA,NA,NA,NA,NA,NA,NA,NA
"MiFish_0001019",97.0414201183432,170,"Lutjanus argentimaculatus","Eukaryota","Chordata","Actinopteri","Lutjaniformes","Lutjanidae","Lutjanus",NA,"genus"
"MiFish_0001020",0,11,NA,NA,NA,NA,NA,NA,NA,NA,NA
"MiFish_0001021",97.0414201183432,180,"Epinephelus bontoides","Eukaryota","Chordata","Actinopteri","Perciformes","Serranidae","Epinephelus",NA,"genus"
"MiFish_0001022",0,18,NA,NA,NA,NA,NA,NA,NA,NA,NA
"MiFish_0001023",98.8304093567252,12,"Mugil cephalus","Eukaryota","Chordata","Actinopteri","Mugiliformes","Mugilidae","Mugil","Mugil cephalus","species"
"MiFish_0001024",99.4318181818182,31,"Chanos chanos","Eukaryota","Chordata","Actinopteri","Gonorynchiformes","Chanidae","Chanos","Chanos chanos","species"
"MiFish_0001025",0,12,NA,NA,NA,NA,NA,NA,NA,NA,NA
"MiFish_0001026",99.4082840236686,10,"Abudefduf","Eukaryota","Chordata","Actinopteri",NA,"Pomacentridae","Abudefduf",NA,"genus"
"MiFish_0001027",0,14,NA,NA,NA,NA,NA,NA,NA,NA,NA
"MiFish_0001028",0,35,NA,NA,NA,NA,NA,NA,NA,NA,NA
"MiFish_0001029",95.2662721893491,13,"Haemulon plumierii","Eukaryota","Chordata","Actinopteri","Lutjaniformes","Haemulidae","Haemulon",NA,"genus"
"MiFish_0001030",98.2456140350877,26,"Mugil cephalus","Eukaryota","Chordata","Actinopteri","Mugiliformes","Mugilidae","Mugil","Mugil cephalus","species"
"MiFish_0001031",0,13,NA,NA,NA,NA,NA,NA,NA,NA,NA
"MiFish_0001032",0,11,NA,NA,NA,NA,NA,NA,NA,NA,NA
"MiFish_0001033",0,41,NA,NA,NA,NA,NA,NA,NA,NA,NA
"MiFish_0001034",0,10,NA,NA,NA,NA,NA,NA,NA,NA,NA
"MiFish_0001035",0,1104,NA,NA,NA,NA,NA,NA,NA,NA,NA
"MiFish_0001036",0,39,NA,NA,NA,NA,NA,NA,NA,NA,NA
"MiFish_0001037",0,40,NA,NA,NA,NA,NA,NA,NA,NA,NA
"MiFish_0001038",0,50,NA,NA,NA,NA,NA,NA,NA,NA,NA
"MiFish_0001039",97.0059880239521,118,"Halichoeres dispilus","Eukaryota","Chordata","Actinopteri","Labriformes","Labridae","Halichoeres","Halichoeres dispilus","species"
"MiFish_0001040",0,11,NA,NA,NA,NA,NA,NA,NA,NA,NA
"MiFish_0001041",96.4705882352941,13,"Mugil","Eukaryota","Chordata","Actinopteri","Mugiliformes","Mugilidae","Mugil",NA,"genus"
"MiFish_0001042",0,43,NA,NA,NA,NA,NA,NA,NA,NA,NA
"MiFish_0001043",0,26,NA,NA,NA,NA,NA,NA,NA,NA,NA
"MiFish_0001044",0,11,NA,NA,NA,NA,NA,NA,NA,NA,NA
"MiFish_0001045",99.4285714285714,12,"Stegastes beebei","Eukaryota","Chordata","Actinopteri",NA,"Pomacentridae","Stegastes","Stegastes beebei","species"
"MiFish_0001046",97.0414201183432,32,"Hyporthodus octofasciatus","Eukaryota","Chordata","Actinopteri","Perciformes","Serranidae","Hyporthodus",NA,"genus"
"MiFish_0001047",0,21,NA,NA,NA,NA,NA,NA,NA,NA,NA
"MiFish_0001048",0,34,NA,NA,NA,NA,NA,NA,NA,NA,NA
"MiFish_0001049",0,109,NA,NA,NA,NA,NA,NA,NA,NA,NA
"MiFish_0001050",97.0238095238095,40,"Pontinus macrocephalus","Eukaryota","Chordata","Actinopteri","Perciformes","Scorpaenidae","Pontinus",NA,"genus"
"MiFish_0001051",98.2456140350877,62,"Bothus robinsi","Eukaryota","Chordata","Actinopteri","Pleuronectiformes","Bothidae","Bothus",NA,"genus"
"MiFish_0001052",0,14,NA,NA,NA,NA,NA,NA,NA,NA,NA
"MiFish_0001053",0,11,NA,NA,NA,NA,NA,NA,NA,NA,NA
"MiFish_0001054",0,26,NA,NA,NA,NA,NA,NA,NA,NA,NA
"MiFish_0001055",96.551724137931,27,"Mugil cephalus","Eukaryota","Chordata","Actinopteri","Mugiliformes","Mugilidae","Mugil","Mugil cephalus","species"
"MiFish_0001056",0,30,NA,NA,NA,NA,NA,NA,NA,NA,NA
"MiFish_0001057",0,21,NA,NA,NA,NA,NA,NA,NA,NA,NA
"MiFish_0001058",0,16,NA,NA,NA,NA,NA,NA,NA,NA,NA
"MiFish_0001059",98.8235294117647,464,"Sphoeroides annulatus","Eukaryota","Chordata","Actinopteri","Tetraodontiformes","Tetraodontidae","Sphoeroides","Sphoeroides annulatus","species"
"MiFish_0001060",0,22,NA,NA,NA,NA,NA,NA,NA,NA,NA
"MiFish_0001061",0,13,NA,NA,NA,NA,NA,NA,NA,NA,NA
"MiFish_0001062",99.4318181818182,25,"Chanos chanos","Eukaryota","Chordata","Actinopteri","Gonorynchiformes","Chanidae","Chanos","Chanos chanos","species"
"MiFish_0001063",99.4047619047619,11,"Percomorphaceae","Eukaryota","Chordata","Actinopteri",NA,NA,NA,NA,"class"
"MiFish_0001064",99.4318181818182,13,"Chanos chanos","Eukaryota","Chordata","Actinopteri","Gonorynchiformes","Chanidae","Chanos","Chanos chanos","species"
"MiFish_0001065",95.8579881656805,16,"Mycteroperca bonaci","Eukaryota","Chordata","Actinopteri","Perciformes","Serranidae","Mycteroperca",NA,"genus"
"MiFish_0001066",0,17,NA,NA,NA,NA,NA,NA,NA,NA,NA
"MiFish_0001067",0,25,NA,NA,NA,NA,NA,NA,NA,NA,NA
"MiFish_0001068",99.4285714285714,43,"Stegastes arcifrons","Eukaryota","Chordata","Actinopteri",NA,"Pomacentridae","Stegastes","Stegastes arcifrons","species"
"MiFish_0001069",0,11,NA,NA,NA,NA,NA,NA,NA,NA,NA
"MiFish_0001070",99.4082840236686,18,"Abudefduf","Eukaryota","Chordata","Actinopteri",NA,"Pomacentridae","Abudefduf",NA,"genus"
"MiFish_0001071",0,56,NA,NA,NA,NA,NA,NA,NA,NA,NA
"MiFish_0001072",0,13,NA,NA,NA,NA,NA,NA,NA,NA,NA
"MiFish_0001073",97.6331360946746,626,"Orthopristis chrysoptera","Eukaryota","Chordata","Actinopteri","Lutjaniformes","Haemulidae","Orthopristis",NA,"genus"
"MiFish_0001074",0,21,NA,NA,NA,NA,NA,NA,NA,NA,NA
"MiFish_0001075",0,59,NA,NA,NA,NA,NA,NA,NA,NA,NA
"MiFish_0001076",0,18,NA,NA,NA,NA,NA,NA,NA,NA,NA
"MiFish_0001077",0,40,NA,NA,NA,NA,NA,NA,NA,NA,NA
"MiFish_0001078",0,40,NA,NA,NA,NA,NA,NA,NA,NA,NA
"MiFish_0001079",100,4886,"Selar crumenophthalmus","Eukaryota","Chordata","Actinopteri","Carangiformes","Carangidae","Selar","Selar crumenophthalmus","species"
"MiFish_0001080",97.6608187134503,27,"Mugil cephalus","Eukaryota","Chordata","Actinopteri","Mugiliformes","Mugilidae","Mugil","Mugil cephalus","species"
"MiFish_0001081",99.4082840236686,242,"Caranx","Eukaryota","Chordata","Actinopteri","Carangiformes","Carangidae","Caranx",NA,"genus"
"MiFish_0001082",0,20,NA,NA,NA,NA,NA,NA,NA,NA,NA
"MiFish_0001083",0,15,NA,NA,NA,NA,NA,NA,NA,NA,NA
"MiFish_0001084",0,17,NA,NA,NA,NA,NA,NA,NA,NA,NA
"MiFish_0001085",0,52,NA,NA,NA,NA,NA,NA,NA,NA,NA
"MiFish_0001086",0,87,NA,NA,NA,NA,NA,NA,NA,NA,NA
"MiFish_0001087",0,26,NA,NA,NA,NA,NA,NA,NA,NA,NA
"MiFish_0001088",0,19,NA,NA,NA,NA,NA,NA,NA,NA,NA
"MiFish_0001089",95.3488372093023,14,"Eucinostomus melanopterus","Eukaryota","Chordata","Actinopteri","Gerreiformes","Gerreidae","Eucinostomus",NA,"genus"
"MiFish_0001090",100,333,"Sphyrna lewini","Eukaryota","Chordata","Chondrichthyes","Carcharhiniformes","Carcharhinidae","Sphyrna","Sphyrna lewini","species"
"MiFish_0001091",0,12,NA,NA,NA,NA,NA,NA,NA,NA,NA
"MiFish_0001092",0,13,NA,NA,NA,NA,NA,NA,NA,NA,NA
"MiFish_0001093",0,26,NA,NA,NA,NA,NA,NA,NA,NA,NA
"MiFish_0001094",0,20,NA,NA,NA,NA,NA,NA,NA,NA,NA
"MiFish_0001095",0,22,NA,NA,NA,NA,NA,NA,NA,NA,NA
"MiFish_0001096",95.9302325581395,17,"Eucinostomus melanopterus","Eukaryota","Chordata","Actinopteri","Gerreiformes","Gerreidae","Eucinostomus",NA,"genus"
"MiFish_0001097",0,13,NA,NA,NA,NA,NA,NA,NA,NA,NA
"MiFish_0001098",100,1474,"Alectis ciliaris","Eukaryota","Chordata","Actinopteri","Carangiformes","Carangidae","Alectis","Alectis ciliaris","species"
"MiFish_0001099",0,97,NA,NA,NA,NA,NA,NA,NA,NA,NA
"MiFish_0001100",95.3757225433526,14,"Mugil cephalus","Eukaryota","Chordata","Actinopteri","Mugiliformes","Mugilidae","Mugil","Mugil cephalus","species"
"MiFish_0001101",0,23,NA,NA,NA,NA,NA,NA,NA,NA,NA
"MiFish_0001102",0,62,NA,NA,NA,NA,NA,NA,NA,NA,NA
"MiFish_0001103",0,12,NA,NA,NA,NA,NA,NA,NA,NA,NA
"MiFish_0001104",0,33,NA,NA,NA,NA,NA,NA,NA,NA,NA
"MiFish_0001105",0,10,NA,NA,NA,NA,NA,NA,NA,NA,NA
"MiFish_0001106",0,11,NA,NA,NA,NA,NA,NA,NA,NA,NA
"MiFish_0001107",0,44,NA,NA,NA,NA,NA,NA,NA,NA,NA
"MiFish_0001108",0,16,NA,NA,NA,NA,NA,NA,NA,NA,NA
"MiFish_0001109",0,10,NA,NA,NA,NA,NA,NA,NA,NA,NA
"MiFish_0001110",0,18,NA,NA,NA,NA,NA,NA,NA,NA,NA
"MiFish_0001111",0,16,NA,NA,NA,NA,NA,NA,NA,NA,NA
"MiFish_0001112",0,142,NA,NA,NA,NA,NA,NA,NA,NA,NA
"MiFish_0001113",0,10,NA,NA,NA,NA,NA,NA,NA,NA,NA
"MiFish_0001114",0,15,NA,NA,NA,NA,NA,NA,NA,NA,NA
"MiFish_0001115",97.0588235294118,11,"Caranx","Eukaryota","Chordata","Actinopteri","Carangiformes","Carangidae","Caranx",NA,"genus"
"MiFish_0001116",99.4318181818182,34,"Chanos chanos","Eukaryota","Chordata","Actinopteri","Gonorynchiformes","Chanidae","Chanos","Chanos chanos","species"
"MiFish_0001117",0,21,NA,NA,NA,NA,NA,NA,NA,NA,NA
"MiFish_0001118",0,1681,NA,NA,NA,NA,NA,NA,NA,NA,NA
"MiFish_0001119",99.4117647058823,20,"Selar crumenophthalmus","Eukaryota","Chordata","Actinopteri","Carangiformes","Carangidae","Selar","Selar crumenophthalmus","species"
"MiFish_0001120",0,29,NA,NA,NA,NA,NA,NA,NA,NA,NA
"MiFish_0001121",0,15,NA,NA,NA,NA,NA,NA,NA,NA,NA
"MiFish_0001122",0,12,NA,NA,NA,NA,NA,NA,NA,NA,NA
"MiFish_0001123",0,29,NA,NA,NA,NA,NA,NA,NA,NA,NA
"MiFish_0001124",97.6608187134503,14,"Mugil cephalus","Eukaryota","Chordata","Actinopteri","Mugiliformes","Mugilidae","Mugil","Mugil cephalus","species"
"MiFish_0001125",0,100,NA,NA,NA,NA,NA,NA,NA,NA,NA
"MiFish_0001126",0,171,NA,NA,NA,NA,NA,NA,NA,NA,NA
"MiFish_0001127",100,1083,"Caranx melampygus","Eukaryota","Chordata","Actinopteri","Carangiformes","Carangidae","Caranx","Caranx melampygus","species"
"MiFish_0001128",0,12,NA,NA,NA,NA,NA,NA,NA,NA,NA
"MiFish_0001129",99.4318181818182,15,"Chanos chanos","Eukaryota","Chordata","Actinopteri","Gonorynchiformes","Chanidae","Chanos","Chanos chanos","species"
"MiFish_0001130",0,11,NA,NA,NA,NA,NA,NA,NA,NA,NA
"MiFish_0001131",0,460,NA,NA,NA,NA,NA,NA,NA,NA,NA
"MiFish_0001132",0,18,NA,NA,NA,NA,NA,NA,NA,NA,NA
"MiFish_0001133",99.4117647058823,25,"Bodianus diplotaenia","Eukaryota","Chordata","Actinopteri","Labriformes","Labridae","Bodianus","Bodianus diplotaenia","species"
"MiFish_0001134",0,17,NA,NA,NA,NA,NA,NA,NA,NA,NA
"MiFish_0001135",0,19,NA,NA,NA,NA,NA,NA,NA,NA,NA
"MiFish_0001136",0,43,NA,NA,NA,NA,NA,NA,NA,NA,NA
"MiFish_0001137",0,39,NA,NA,NA,NA,NA,NA,NA,NA,NA
"MiFish_0001138",0,10,NA,NA,NA,NA,NA,NA,NA,NA,NA
"MiFish_0001139",98.8165680473373,99,"Abudefduf","Eukaryota","Chordata","Actinopteri",NA,"Pomacentridae","Abudefduf",NA,"genus"
"MiFish_0001140",0,30,NA,NA,NA,NA,NA,NA,NA,NA,NA
"MiFish_0001141",0,12,NA,NA,NA,NA,NA,NA,NA,NA,NA
"MiFish_0001142",0,22,NA,NA,NA,NA,NA,NA,NA,NA,NA
"MiFish_0001143",99.4082840236686,63,"Gerres cinereus","Eukaryota","Chordata","Actinopteri","Gerreiformes","Gerreidae","Gerres","Gerres cinereus","species"
"MiFish_0001144",0,60,NA,NA,NA,NA,NA,NA,NA,NA,NA
"MiFish_0001145",100,194,"Cubiceps squamiceps","Eukaryota","Chordata","Actinopteri","Scombriformes","Nomeidae","Cubiceps",NA,"genus"
"MiFish_0001146",99.4047619047619,16,"Percomorphaceae","Eukaryota","Chordata","Actinopteri",NA,NA,NA,NA,"class"
"MiFish_0001147",98.8095238095238,10,"Percomorphaceae","Eukaryota","Chordata","Actinopteri",NA,NA,NA,NA,"class"
"MiFish_0001148",0,109,NA,NA,NA,NA,NA,NA,NA,NA,NA
"MiFish_0001149",96.4497041420118,26,"Enchelycore nigricans","Eukaryota","Chordata","Actinopteri","Anguilliformes","Muraenidae","Enchelycore",NA,"genus"
"MiFish_0001150",0,10,NA,NA,NA,NA,NA,NA,NA,NA,NA
"MiFish_0001151",0,901,NA,NA,NA,NA,NA,NA,NA,NA,NA
"MiFish_0001152",97.6331360946746,158,"Orthopristis chrysoptera","Eukaryota","Chordata","Actinopteri","Lutjaniformes","Haemulidae","Orthopristis",NA,"genus"
"MiFish_0001153",0,45,NA,NA,NA,NA,NA,NA,NA,NA,NA
"MiFish_0001154",0,68,NA,NA,NA,NA,NA,NA,NA,NA,NA
"MiFish_0001155",96.4705882352941,36,"Archosargus rhomboidalis","Eukaryota","Chordata","Actinopteri","Spariformes","Sparidae",NA,NA,"family"
"MiFish_0001156",100,176,"Xiphias gladius","Eukaryota","Chordata","Actinopteri","Istiophoriformes","Xiphiidae","Xiphias","Xiphias gladius","species"
"MiFish_0001157",0,18,NA,NA,NA,NA,NA,NA,NA,NA,NA
"MiFish_0001158",0,13,NA,NA,NA,NA,NA,NA,NA,NA,NA
"MiFish_0001159",0,125,NA,NA,NA,NA,NA,NA,NA,NA,NA
"MiFish_0001160",0,86,NA,NA,NA,NA,NA,NA,NA,NA,NA
"MiFish_0001161",0,13,NA,NA,NA,NA,NA,NA,NA,NA,NA
"MiFish_0001162",0,98,NA,NA,NA,NA,NA,NA,NA,NA,NA
"MiFish_0001163",0,53,NA,NA,NA,NA,NA,NA,NA,NA,NA
"MiFish_0001164",100,282,"Seriola rivoliana","Eukaryota","Chordata","Actinopteri","Carangiformes","Carangidae","Seriola","Seriola rivoliana","species"
"MiFish_0001165",97.0414201183432,21,"Girella","Eukaryota","Chordata","Actinopteri","Centrarchiformes","Girellidae","Girella",NA,"genus"
"MiFish_0001166",96.4497041420118,11,"Epinephelus bontoides","Eukaryota","Chordata","Actinopteri","Perciformes","Serranidae","Epinephelus",NA,"genus"
"MiFish_0001167",0,441,NA,NA,NA,NA,NA,NA,NA,NA,NA
"MiFish_0001168",99.4082840236686,10,"Abudefduf taurus","Eukaryota","Chordata","Actinopteri",NA,"Pomacentridae","Abudefduf",NA,"genus"
"MiFish_0001169",0,931,NA,NA,NA,NA,NA,NA,NA,NA,NA
"MiFish_0001170",98.2857142857143,14,"Stegastes beebei","Eukaryota","Chordata","Actinopteri",NA,"Pomacentridae","Stegastes","Stegastes beebei","species"
"MiFish_0001171",0,131,NA,NA,NA,NA,NA,NA,NA,NA,NA
"MiFish_0001172",0,94,NA,NA,NA,NA,NA,NA,NA,NA,NA
"MiFish_0001173",99.4413407821229,223,"Stegastes rectifraenum","Eukaryota","Chordata","Actinopteri",NA,"Pomacentridae","Stegastes",NA,"genus"
"MiFish_0001174",98.8235294117647,64,"Mugil","Eukaryota","Chordata","Actinopteri","Mugiliformes","Mugilidae","Mugil",NA,"genus"
"MiFish_0001175",0,336,NA,NA,NA,NA,NA,NA,NA,NA,NA
"MiFish_0001176",99.4117647058823,284,"Bodianus diplotaenia","Eukaryota","Chordata","Actinopteri","Labriformes","Labridae","Bodianus","Bodianus diplotaenia","species"
"MiFish_0001177",95.1807228915663,661,"Microdesmus longipinnis","Eukaryota","Chordata","Actinopteri","Gobiiformes","Gobiidae","Microdesmus",NA,"genus"
"MiFish_0001178",0,18,NA,NA,NA,NA,NA,NA,NA,NA,NA
"MiFish_0001179",96.4705882352941,17,"Archosargus rhomboidalis","Eukaryota","Chordata","Actinopteri","Spariformes","Sparidae",NA,NA,"family"
"MiFish_0001180",0,760,NA,NA,NA,NA,NA,NA,NA,NA,NA
"MiFish_0001181",0,11,NA,NA,NA,NA,NA,NA,NA,NA,NA
"MiFish_0001182",0,38,NA,NA,NA,NA,NA,NA,NA,NA,NA
"MiFish_0001183",0,40,NA,NA,NA,NA,NA,NA,NA,NA,NA
"MiFish_0001184",0,21,NA,NA,NA,NA,NA,NA,NA,NA,NA
"MiFish_0001185",0,17,NA,NA,NA,NA,NA,NA,NA,NA,NA
"MiFish_0001186",0,81,NA,NA,NA,NA,NA,NA,NA,NA,NA
"MiFish_0001187",0,15,NA,NA,NA,NA,NA,NA,NA,NA,NA
"MiFish_0001188",97.093023255814,14,"Bothus robinsi","Eukaryota","Chordata","Actinopteri","Pleuronectiformes","Bothidae","Bothus",NA,"genus"
"MiFish_0001189",98.8235294117647,122,"Sphoeroides annulatus","Eukaryota","Chordata","Actinopteri","Tetraodontiformes","Tetraodontidae","Sphoeroides","Sphoeroides annulatus","species"
"MiFish_0001190",97.093023255814,17,"Bothus robinsi","Eukaryota","Chordata","Actinopteri","Pleuronectiformes","Bothidae","Bothus",NA,"genus"
"MiFish_0001191",0,16,NA,NA,NA,NA,NA,NA,NA,NA,NA
"MiFish_0001192",99.4082840236686,23,"Hyporhamphus yuri","Eukaryota","Chordata","Actinopteri","Beloniformes","Hemiramphidae","Hyporhamphus",NA,"genus"
"MiFish_0001193",0,13,NA,NA,NA,NA,NA,NA,NA,NA,NA
"MiFish_0001194",99.4082840236686,71,"Abudefduf taurus","Eukaryota","Chordata","Actinopteri",NA,"Pomacentridae","Abudefduf",NA,"genus"
"MiFish_0001195",0,85,NA,NA,NA,NA,NA,NA,NA,NA,NA
"MiFish_0001196",98.2248520710059,142,"Caranx crysos","Eukaryota","Chordata","Actinopteri","Carangiformes","Carangidae","Caranx",NA,"genus"
"MiFish_0001197",100,99,"Johnrandallia nigrirostris","Eukaryota","Chordata","Actinopteri","Chaetodontiformes","Chaetodontidae","Johnrandallia","Johnrandallia nigrirostris","species"
"MiFish_0001198",0,58,NA,NA,NA,NA,NA,NA,NA,NA,NA
"MiFish_0001199",0,21,NA,NA,NA,NA,NA,NA,NA,NA,NA
"MiFish_0001200",0,14,NA,NA,NA,NA,NA,NA,NA,NA,NA
"MiFish_0001201",100,33,"Platybelone argalus platyura","Eukaryota","Chordata","Actinopteri","Beloniformes","Belonidae",NA,NA,"family"
"MiFish_0001202",0,139,NA,NA,NA,NA,NA,NA,NA,NA,NA
"MiFish_0001203",99.4186046511628,10,"Scarus ghobban","Eukaryota","Chordata","Actinopteri","Labriformes","Labridae","Scarus","Scarus ghobban","species"
"MiFish_0001204",0,10,NA,NA,NA,NA,NA,NA,NA,NA,NA
"MiFish_0001205",0,27,NA,NA,NA,NA,NA,NA,NA,NA,NA
"MiFish_0001206",0,20,NA,NA,NA,NA,NA,NA,NA,NA,NA
"MiFish_0001207",0,18,NA,NA,NA,NA,NA,NA,NA,NA,NA
"MiFish_0001208",0,122,NA,NA,NA,NA,NA,NA,NA,NA,NA
"MiFish_0001209",0,15,NA,NA,NA,NA,NA,NA,NA,NA,NA
"MiFish_0001210",0,15,NA,NA,NA,NA,NA,NA,NA,NA,NA
"MiFish_0001211",0,11,NA,NA,NA,NA,NA,NA,NA,NA,NA
"MiFish_0001212",0,10,NA,NA,NA,NA,NA,NA,NA,NA,NA
"MiFish_0001213",0,64,NA,NA,NA,NA,NA,NA,NA,NA,NA
"MiFish_0001214",0,11,NA,NA,NA,NA,NA,NA,NA,NA,NA
"MiFish_0001215",0,83,NA,NA,NA,NA,NA,NA,NA,NA,NA
"MiFish_0001216",0,24,NA,NA,NA,NA,NA,NA,NA,NA,NA
"MiFish_0001217",0,10,NA,NA,NA,NA,NA,NA,NA,NA,NA
"MiFish_0001218",0,16,NA,NA,NA,NA,NA,NA,NA,NA,NA
"MiFish_0001219",0,31,NA,NA,NA,NA,NA,NA,NA,NA,NA
"MiFish_0001220",0,19,NA,NA,NA,NA,NA,NA,NA,NA,NA
"MiFish_0001221",0,10,NA,NA,NA,NA,NA,NA,NA,NA,NA
"MiFish_0001222",0,16,NA,NA,NA,NA,NA,NA,NA,NA,NA
"MiFish_0001223",100,268,"Prognichthys sealei","Eukaryota","Chordata","Actinopteri","Beloniformes","Exocoetidae","Prognichthys","Prognichthys sealei","species"
"MiFish_0001224",0,33,NA,NA,NA,NA,NA,NA,NA,NA,NA
"MiFish_0001225",0,12,NA,NA,NA,NA,NA,NA,NA,NA,NA
"MiFish_0001226",0,82,NA,NA,NA,NA,NA,NA,NA,NA,NA
"MiFish_0001227",0,10,NA,NA,NA,NA,NA,NA,NA,NA,NA
"MiFish_0001228",0,925,NA,NA,NA,NA,NA,NA,NA,NA,NA
"MiFish_0001229",0,28,NA,NA,NA,NA,NA,NA,NA,NA,NA
"MiFish_0001230",0,25,NA,NA,NA,NA,NA,NA,NA,NA,NA
"MiFish_0001231",0,10,NA,NA,NA,NA,NA,NA,NA,NA,NA
"MiFish_0001232",98.8826815642458,63,"Stegastes rectifraenum","Eukaryota","Chordata","Actinopteri",NA,"Pomacentridae","Stegastes",NA,"genus"
"MiFish_0001233",99.4082840236686,16,"Abudefduf taurus","Eukaryota","Chordata","Actinopteri",NA,"Pomacentridae","Abudefduf",NA,"genus"
"MiFish_0001234",99.4082840236686,56,"Abudefduf taurus","Eukaryota","Chordata","Actinopteri",NA,"Pomacentridae","Abudefduf",NA,"genus"
"MiFish_0001235",98.8095238095238,57,"Sarda orientalis","Eukaryota","Chordata","Actinopteri","Scombriformes","Scombridae","Sarda","Sarda orientalis","species"
"MiFish_0001236",0,105,NA,NA,NA,NA,NA,NA,NA,NA,NA
"MiFish_0001237",0,85,NA,NA,NA,NA,NA,NA,NA,NA,NA
"MiFish_0001238",97.6470588235294,35,"Prionurus","Eukaryota","Chordata","Actinopteri","Acanthuriformes","Acanthuridae","Prionurus",NA,"genus"
"MiFish_0001239",0,14,NA,NA,NA,NA,NA,NA,NA,NA,NA
"MiFish_0001240",0,36,NA,NA,NA,NA,NA,NA,NA,NA,NA
"MiFish_0001241",0,14,NA,NA,NA,NA,NA,NA,NA,NA,NA
"MiFish_0001242",0,11,NA,NA,NA,NA,NA,NA,NA,NA,NA
"MiFish_0001243",99.4082840236686,18,"Hyporhamphus yuri","Eukaryota","Chordata","Actinopteri","Beloniformes","Hemiramphidae","Hyporhamphus",NA,"genus"
"MiFish_0001244",95.2941176470588,10,"Alectis ciliaris","Eukaryota","Chordata","Actinopteri","Carangiformes","Carangidae","Alectis","Alectis ciliaris","species"
"MiFish_0001245",0,27,NA,NA,NA,NA,NA,NA,NA,NA,NA
"MiFish_0001246",0,12,NA,NA,NA,NA,NA,NA,NA,NA,NA
"MiFish_0001247",0,11,NA,NA,NA,NA,NA,NA,NA,NA,NA
"MiFish_0001248",97.7272727272727,49,"Stegastes arcifrons","Eukaryota","Chordata","Actinopteri",NA,"Pomacentridae","Stegastes","Stegastes arcifrons","species"
"MiFish_0001249",0,11,NA,NA,NA,NA,NA,NA,NA,NA,NA
"MiFish_0001250",0,18,NA,NA,NA,NA,NA,NA,NA,NA,NA
"MiFish_0001251",0,44,NA,NA,NA,NA,NA,NA,NA,NA,NA
"MiFish_0001252",0,120,NA,NA,NA,NA,NA,NA,NA,NA,NA
"MiFish_0001253",0,65,NA,NA,NA,NA,NA,NA,NA,NA,NA
"MiFish_0001254",0,12,NA,NA,NA,NA,NA,NA,NA,NA,NA
"MiFish_0001255",96.4705882352941,22,"Abudefduf","Eukaryota","Chordata","Actinopteri",NA,"Pomacentridae","Abudefduf",NA,"genus"
"MiFish_0001256",0,10,NA,NA,NA,NA,NA,NA,NA,NA,NA
"MiFish_0001257",0,10,NA,NA,NA,NA,NA,NA,NA,NA,NA
"MiFish_0001258",0,13,NA,NA,NA,NA,NA,NA,NA,NA,NA
"MiFish_0001259",0,12,NA,NA,NA,NA,NA,NA,NA,NA,NA
"MiFish_0001260",0,136,NA,NA,NA,NA,NA,NA,NA,NA,NA
"MiFish_0001261",0,11,NA,NA,NA,NA,NA,NA,NA,NA,NA
"MiFish_0001262",0,15,NA,NA,NA,NA,NA,NA,NA,NA,NA
"MiFish_0001263",0,15,NA,NA,NA,NA,NA,NA,NA,NA,NA
"MiFish_0001264",0,26,NA,NA,NA,NA,NA,NA,NA,NA,NA
"MiFish_0001265",0,73,NA,NA,NA,NA,NA,NA,NA,NA,NA
"MiFish_0001266",0,13,NA,NA,NA,NA,NA,NA,NA,NA,NA
"MiFish_0001267",0,12,NA,NA,NA,NA,NA,NA,NA,NA,NA
"MiFish_0001268",95.2662721893491,11,"Orthopristis chrysoptera","Eukaryota","Chordata","Actinopteri","Lutjaniformes","Haemulidae","Orthopristis",NA,"genus"
"MiFish_0001269",99.4475138121547,14,"Carcharhinus","Eukaryota","Chordata","Chondrichthyes","Carcharhiniformes","Carcharhinidae","Carcharhinus",NA,"genus"
"MiFish_0001270",0,15,NA,NA,NA,NA,NA,NA,NA,NA,NA
"MiFish_0001271",0,131,NA,NA,NA,NA,NA,NA,NA,NA,NA
"MiFish_0001272",0,109,NA,NA,NA,NA,NA,NA,NA,NA,NA
"MiFish_0001273",0,60,NA,NA,NA,NA,NA,NA,NA,NA,NA
"MiFish_0001274",0,13,NA,NA,NA,NA,NA,NA,NA,NA,NA
"MiFish_0001275",0,18,NA,NA,NA,NA,NA,NA,NA,NA,NA
"MiFish_0001276",0,17,NA,NA,NA,NA,NA,NA,NA,NA,NA
"MiFish_0001277",0,13,NA,NA,NA,NA,NA,NA,NA,NA,NA
"MiFish_0001278",96.4497041420118,11,"Orthopristis chrysoptera","Eukaryota","Chordata","Actinopteri","Lutjaniformes","Haemulidae","Orthopristis",NA,"genus"
"MiFish_0001279",0,19,NA,NA,NA,NA,NA,NA,NA,NA,NA
"MiFish_0001280",99.4186046511628,10,"Scarus ghobban","Eukaryota","Chordata","Actinopteri","Labriformes","Labridae","Scarus","Scarus ghobban","species"
"MiFish_0001281",99.4285714285714,14,"Stegastes beebei","Eukaryota","Chordata","Actinopteri",NA,"Pomacentridae","Stegastes","Stegastes beebei","species"
"MiFish_0001282",99.4011976047904,12,"Thalassoma lucasanum","Eukaryota","Chordata","Actinopteri","Labriformes","Labridae","Thalassoma","Thalassoma lucasanum","species"
"MiFish_0001283",100,50,"Aluterus","Eukaryota","Chordata","Actinopteri","Tetraodontiformes","Monacanthidae","Aluterus",NA,"genus"
"MiFish_0001284",0,49,NA,NA,NA,NA,NA,NA,NA,NA,NA
"MiFish_0001285",0,13,NA,NA,NA,NA,NA,NA,NA,NA,NA
"MiFish_0001286",0,21,NA,NA,NA,NA,NA,NA,NA,NA,NA
"MiFish_0001287",0,15,NA,NA,NA,NA,NA,NA,NA,NA,NA
"MiFish_0001288",0,16,NA,NA,NA,NA,NA,NA,NA,NA,NA
"MiFish_0001289",0,385,NA,NA,NA,NA,NA,NA,NA,NA,NA
"MiFish_0001290",0,16,NA,NA,NA,NA,NA,NA,NA,NA,NA
"MiFish_0001291",95.9302325581395,11,"Myripristis","Eukaryota","Chordata","Actinopteri","Holocentriformes","Holocentridae","Myripristis",NA,"genus"
"MiFish_0001292",0,15,NA,NA,NA,NA,NA,NA,NA,NA,NA
"MiFish_0001293",96.4497041420118,10,"Epinephelus bontoides","Eukaryota","Chordata","Actinopteri","Perciformes","Serranidae","Epinephelus",NA,"genus"
"MiFish_0001294",0,11,NA,NA,NA,NA,NA,NA,NA,NA,NA
"MiFish_0001295",0,18,NA,NA,NA,NA,NA,NA,NA,NA,NA
"MiFish_0001296",0,33,NA,NA,NA,NA,NA,NA,NA,NA,NA
"MiFish_0001297",0,18,NA,NA,NA,NA,NA,NA,NA,NA,NA
"MiFish_0001298",95.8579881656805,11,"Orthopristis chrysoptera","Eukaryota","Chordata","Actinopteri","Lutjaniformes","Haemulidae","Orthopristis",NA,"genus"
"MiFish_0001299",0,17,NA,NA,NA,NA,NA,NA,NA,NA,NA
"MiFish_0001300",0,38,NA,NA,NA,NA,NA,NA,NA,NA,NA
"MiFish_0001301",0,13,NA,NA,NA,NA,NA,NA,NA,NA,NA
"MiFish_0001302",0,15,NA,NA,NA,NA,NA,NA,NA,NA,NA
"MiFish_0001303",0,44,NA,NA,NA,NA,NA,NA,NA,NA,NA
"MiFish_0001304",0,16,NA,NA,NA,NA,NA,NA,NA,NA,NA
"MiFish_0001305",0,25,NA,NA,NA,NA,NA,NA,NA,NA,NA
"MiFish_0001306",0,42,NA,NA,NA,NA,NA,NA,NA,NA,NA
"MiFish_0001307",0,44,NA,NA,NA,NA,NA,NA,NA,NA,NA
"MiFish_0001308",0,841,NA,NA,NA,NA,NA,NA,NA,NA,NA
"MiFish_0001309",0,150,NA,NA,NA,NA,NA,NA,NA,NA,NA
"MiFish_0001310",99.4186046511628,14,"Scarus ghobban","Eukaryota","Chordata","Actinopteri","Labriformes","Labridae","Scarus","Scarus ghobban","species"
"MiFish_0001311",0,28,NA,NA,NA,NA,NA,NA,NA,NA,NA
"MiFish_0001312",0,33,NA,NA,NA,NA,NA,NA,NA,NA,NA
"MiFish_0001313",0,11,NA,NA,NA,NA,NA,NA,NA,NA,NA
"MiFish_0001314",97.0414201183432,230,"Lutjanus argentimaculatus","Eukaryota","Chordata","Actinopteri","Lutjaniformes","Lutjanidae","Lutjanus",NA,"genus"
"MiFish_0001315",99.4047619047619,31,"Thunnus","Eukaryota","Chordata","Actinopteri","Scombriformes","Scombridae","Thunnus",NA,"genus"
"MiFish_0001316",100,433,"Auxis rochei","Eukaryota","Chordata","Actinopteri","Scombriformes","Scombridae","Auxis","Auxis rochei","species"
"MiFish_0001317",99.4082840236686,35,"Auxis","Eukaryota","Chordata","Actinopteri","Scombriformes","Scombridae","Auxis",NA,"genus"
"MiFish_0001318",97.0588235294118,104,"Prionurus","Eukaryota","Chordata","Actinopteri","Acanthuriformes","Acanthuridae","Prionurus",NA,"genus"
"MiFish_0001319",96.4705882352941,13,"Prionurus","Eukaryota","Chordata","Actinopteri","Acanthuriformes","Acanthuridae","Prionurus",NA,"genus"
"MiFish_0001320",98.235294117647,15,"Prionurus","Eukaryota","Chordata","Actinopteri","Acanthuriformes","Acanthuridae","Prionurus",NA,"genus"
"MiFish_0001321",0,17,NA,NA,NA,NA,NA,NA,NA,NA,NA
"MiFish_0001322",0,17,NA,NA,NA,NA,NA,NA,NA,NA,NA
"MiFish_0001323",96.4497041420118,2626,"Epinephelus bontoides","Eukaryota","Chordata","Actinopteri","Perciformes","Serranidae","Epinephelus",NA,"genus"
"MiFish_0001324",99.4117647058823,19,"Prionurus laticlavius","Eukaryota","Chordata","Actinopteri","Acanthuriformes","Acanthuridae","Prionurus","Prionurus laticlavius","species"
"MiFish_0001325",100,32,"Scarus rubroviolaceus","Eukaryota","Chordata","Actinopteri","Labriformes","Labridae","Scarus","Scarus rubroviolaceus","species"
"MiFish_0001326",95.8579881656805,14,"Epinephelus bontoides","Eukaryota","Chordata","Actinopteri","Perciformes","Serranidae","Epinephelus",NA,"genus"
"MiFish_0001327",0,27,NA,NA,NA,NA,NA,NA,NA,NA,NA
"MiFish_0001328",0,172,NA,NA,NA,NA,NA,NA,NA,NA,NA
"MiFish_0001329",0,20,NA,NA,NA,NA,NA,NA,NA,NA,NA
"MiFish_0001330",0,10,NA,NA,NA,NA,NA,NA,NA,NA,NA
"MiFish_0001331",0,26,NA,NA,NA,NA,NA,NA,NA,NA,NA
"MiFish_0001332",0,18,NA,NA,NA,NA,NA,NA,NA,NA,NA
"MiFish_0001333",0,35,NA,NA,NA,NA,NA,NA,NA,NA,NA
"MiFish_0001334",0,23,NA,NA,NA,NA,NA,NA,NA,NA,NA
"MiFish_0001335",0,16,NA,NA,NA,NA,NA,NA,NA,NA,NA
"MiFish_0001336",0,124,NA,NA,NA,NA,NA,NA,NA,NA,NA
"MiFish_0001337",0,26,NA,NA,NA,NA,NA,NA,NA,NA,NA
"MiFish_0001338",0,14,NA,NA,NA,NA,NA,NA,NA,NA,NA
"MiFish_0001339",0,11,NA,NA,NA,NA,NA,NA,NA,NA,NA
"MiFish_0001340",0,20,NA,NA,NA,NA,NA,NA,NA,NA,NA
"MiFish_0001341",0,16,NA,NA,NA,NA,NA,NA,NA,NA,NA
"MiFish_0001342",0,17,NA,NA,NA,NA,NA,NA,NA,NA,NA
"MiFish_0001343",0,23,NA,NA,NA,NA,NA,NA,NA,NA,NA
"MiFish_0001344",0,36,NA,NA,NA,NA,NA,NA,NA,NA,NA
"MiFish_0001345",0,31,NA,NA,NA,NA,NA,NA,NA,NA,NA
"MiFish_0001346",0,18,NA,NA,NA,NA,NA,NA,NA,NA,NA
"MiFish_0001347",0,111,NA,NA,NA,NA,NA,NA,NA,NA,NA
"MiFish_0001348",0,21,NA,NA,NA,NA,NA,NA,NA,NA,NA
"MiFish_0001349",98.8165680473373,47,"Muraena lentiginosa","Eukaryota","Chordata","Actinopteri","Anguilliformes","Muraenidae","Muraena","Muraena lentiginosa","species"
"MiFish_0001350",98.8372093023256,19,"Mugil cephalus","Eukaryota","Chordata","Actinopteri","Mugiliformes","Mugilidae","Mugil","Mugil cephalus","species"
"MiFish_0001351",0,30,NA,NA,NA,NA,NA,NA,NA,NA,NA
"MiFish_0001352",96.4285714285714,38,"Pontinus macrocephalus","Eukaryota","Chordata","Actinopteri","Perciformes","Scorpaenidae","Pontinus",NA,"genus"
"MiFish_0001353",97.6470588235294,50,"Prionurus","Eukaryota","Chordata","Actinopteri","Acanthuriformes","Acanthuridae","Prionurus",NA,"genus"
"MiFish_0001354",98.8165680473373,20,"Abudefduf","Eukaryota","Chordata","Actinopteri",NA,"Pomacentridae","Abudefduf",NA,"genus"
"MiFish_0001355",0,277,NA,NA,NA,NA,NA,NA,NA,NA,NA
"MiFish_0001356",0,12,NA,NA,NA,NA,NA,NA,NA,NA,NA
"MiFish_0001357",0,12,NA,NA,NA,NA,NA,NA,NA,NA,NA
"MiFish_0001358",0,98,NA,NA,NA,NA,NA,NA,NA,NA,NA
"MiFish_0001359",0,12,NA,NA,NA,NA,NA,NA,NA,NA,NA
"MiFish_0001360",0,28,NA,NA,NA,NA,NA,NA,NA,NA,NA
"MiFish_0001361",0,52,NA,NA,NA,NA,NA,NA,NA,NA,NA
"MiFish_0001362",98.8505747126437,103,"Etrumeus micropus","Eukaryota","Chordata","Actinopteri","Clupeiformes","Dussumieriidae","Etrumeus","Etrumeus micropus","species"
"MiFish_0001363",98.2248520710059,12,"Decapterus","Eukaryota","Chordata","Actinopteri","Carangiformes","Carangidae","Decapterus",NA,"genus"
"MiFish_0001364",0,20,NA,NA,NA,NA,NA,NA,NA,NA,NA
"MiFish_0001365",97.0059880239521,131,"Halichoeres dispilus","Eukaryota","Chordata","Actinopteri","Labriformes","Labridae","Halichoeres","Halichoeres dispilus","species"
"MiFish_0001366",98.8165680473373,103,"Decapterus","Eukaryota","Chordata","Actinopteri","Carangiformes","Carangidae","Decapterus",NA,"genus"
"MiFish_0001367",0,11,NA,NA,NA,NA,NA,NA,NA,NA,NA
"MiFish_0001368",0,12,NA,NA,NA,NA,NA,NA,NA,NA,NA
"MiFish_0001369",0,12,NA,NA,NA,NA,NA,NA,NA,NA,NA
"MiFish_0001370",100,21,"Decapterus macrosoma","Eukaryota","Chordata","Actinopteri","Carangiformes","Carangidae","Decapterus","Decapterus macrosoma","species"
"MiFish_0001371",0,16,NA,NA,NA,NA,NA,NA,NA,NA,NA
"MiFish_0001372",0,16,NA,NA,NA,NA,NA,NA,NA,NA,NA
"MiFish_0001373",0,10,NA,NA,NA,NA,NA,NA,NA,NA,NA
"MiFish_0001374",0,11,NA,NA,NA,NA,NA,NA,NA,NA,NA
"MiFish_0001375",0,16,NA,NA,NA,NA,NA,NA,NA,NA,NA
"MiFish_0001376",99.4047619047619,11,"Thunnus","Eukaryota","Chordata","Actinopteri","Scombriformes","Scombridae","Thunnus",NA,"genus"
"MiFish_0001377",0,13,NA,NA,NA,NA,NA,NA,NA,NA,NA
"MiFish_0001378",0,11,NA,NA,NA,NA,NA,NA,NA,NA,NA
"MiFish_0001379",96.4285714285714,21,"Pontinus macrocephalus","Eukaryota","Chordata","Actinopteri","Perciformes","Scorpaenidae","Pontinus",NA,"genus"
"MiFish_0001380",0,29,NA,NA,NA,NA,NA,NA,NA,NA,NA
"MiFish_0001381",0,69,NA,NA,NA,NA,NA,NA,NA,NA,NA
"MiFish_0001382",98.8439306358382,26,"Sardinops","Eukaryota","Chordata","Actinopteri","Clupeiformes","Clupeidae","Sardinops",NA,"genus"
"MiFish_0001383",0,13,NA,NA,NA,NA,NA,NA,NA,NA,NA
"MiFish_0001384",0,34,NA,NA,NA,NA,NA,NA,NA,NA,NA
"MiFish_0001385",97.093023255814,98,"Achirus lineatus","Eukaryota","Chordata","Actinopteri","Pleuronectiformes","Achiridae",NA,NA,"family"
"MiFish_0001386",0,206,NA,NA,NA,NA,NA,NA,NA,NA,NA
"MiFish_0001387",98.8165680473373,43,"Abudefduf","Eukaryota","Chordata","Actinopteri",NA,"Pomacentridae","Abudefduf",NA,"genus"
"MiFish_0001388",0,12,NA,NA,NA,NA,NA,NA,NA,NA,NA
"MiFish_0001389",100,651,"Scomberomorus sierra","Eukaryota","Chordata","Actinopteri","Scombriformes","Scombridae","Scomberomorus","Scomberomorus sierra","species"
"MiFish_0001390",0,42,NA,NA,NA,NA,NA,NA,NA,NA,NA
"MiFish_0001391",0,13,NA,NA,NA,NA,NA,NA,NA,NA,NA
"MiFish_0001392",0,10,NA,NA,NA,NA,NA,NA,NA,NA,NA
"MiFish_0001393",0,18,NA,NA,NA,NA,NA,NA,NA,NA,NA
"MiFish_0001394",0,138,NA,NA,NA,NA,NA,NA,NA,NA,NA
"MiFish_0001395",0,163,NA,NA,NA,NA,NA,NA,NA,NA,NA
"MiFish_0001396",0,55,NA,NA,NA,NA,NA,NA,NA,NA,NA
"MiFish_0001397",0,16,NA,NA,NA,NA,NA,NA,NA,NA,NA
"MiFish_0001398",0,697,NA,NA,NA,NA,NA,NA,NA,NA,NA
"MiFish_0001399",98.2558139534884,33,"Anchoa hepsetus","Eukaryota","Chordata","Actinopteri","Clupeiformes","Engraulidae","Anchoa",NA,"genus"
"MiFish_0001400",0,361,NA,NA,NA,NA,NA,NA,NA,NA,NA
"MiFish_0001401",0,21,NA,NA,NA,NA,NA,NA,NA,NA,NA
"MiFish_0001402",0,12,NA,NA,NA,NA,NA,NA,NA,NA,NA
"MiFish_0001403",99.4117647058823,67,"Scomberomorus sierra","Eukaryota","Chordata","Actinopteri","Scombriformes","Scombridae","Scomberomorus","Scomberomorus sierra","species"
"MiFish_0001404",0,94,NA,NA,NA,NA,NA,NA,NA,NA,NA
"MiFish_0001405",0,14,NA,NA,NA,NA,NA,NA,NA,NA,NA
"MiFish_0001406",0,13,NA,NA,NA,NA,NA,NA,NA,NA,NA
"MiFish_0001407",0,296,NA,NA,NA,NA,NA,NA,NA,NA,NA
"MiFish_0001408",0,115,NA,NA,NA,NA,NA,NA,NA,NA,NA
"MiFish_0001409",0,223,NA,NA,NA,NA,NA,NA,NA,NA,NA
"MiFish_0001410",98.8304093567252,20,"Mugil cephalus","Eukaryota","Chordata","Actinopteri","Mugiliformes","Mugilidae","Mugil","Mugil cephalus","species"
"MiFish_0001411",0,132,NA,NA,NA,NA,NA,NA,NA,NA,NA
"MiFish_0001412",0,81,NA,NA,NA,NA,NA,NA,NA,NA,NA
"MiFish_0001413",0,489,NA,NA,NA,NA,NA,NA,NA,NA,NA
"MiFish_0001414",0,70,NA,NA,NA,NA,NA,NA,NA,NA,NA
"MiFish_0001415",0,850,NA,NA,NA,NA,NA,NA,NA,NA,NA
"MiFish_0001416",0,59,NA,NA,NA,NA,NA,NA,NA,NA,NA
"MiFish_0001417",0,454,NA,NA,NA,NA,NA,NA,NA,NA,NA
"MiFish_0001418",0,36,NA,NA,NA,NA,NA,NA,NA,NA,NA
"MiFish_0001419",0,391,NA,NA,NA,NA,NA,NA,NA,NA,NA
"MiFish_0001420",0,79,NA,NA,NA,NA,NA,NA,NA,NA,NA
"MiFish_0001421",0,166,NA,NA,NA,NA,NA,NA,NA,NA,NA
"MiFish_0001422",0,96,NA,NA,NA,NA,NA,NA,NA,NA,NA
"MiFish_0001423",98.2248520710059,11,"Muraena lentiginosa","Eukaryota","Chordata","Actinopteri","Anguilliformes","Muraenidae","Muraena","Muraena lentiginosa","species"
"MiFish_0001424",0,82,NA,NA,NA,NA,NA,NA,NA,NA,NA
"MiFish_0001425",0,131,NA,NA,NA,NA,NA,NA,NA,NA,NA
"MiFish_0001426",99.4152046783626,46,"Balistidae","Eukaryota","Chordata","Actinopteri","Tetraodontiformes","Balistidae",NA,NA,"family"
"MiFish_0001427",0,33,NA,NA,NA,NA,NA,NA,NA,NA,NA
"MiFish_0001428",0,68,NA,NA,NA,NA,NA,NA,NA,NA,NA
"MiFish_0001429",0,68,NA,NA,NA,NA,NA,NA,NA,NA,NA
"MiFish_0001430",0,166,NA,NA,NA,NA,NA,NA,NA,NA,NA
"MiFish_0001431",0,32,NA,NA,NA,NA,NA,NA,NA,NA,NA
"MiFish_0001432",98.8304093567252,29,"Mugil cephalus","Eukaryota","Chordata","Actinopteri","Mugiliformes","Mugilidae","Mugil","Mugil cephalus","species"
"MiFish_0001433",0,17,NA,NA,NA,NA,NA,NA,NA,NA,NA
"MiFish_0001434",97.6331360946746,16,"Orthopristis chrysoptera","Eukaryota","Chordata","Actinopteri","Lutjaniformes","Haemulidae","Orthopristis",NA,"genus"
"MiFish_0001435",97.1098265895954,67,"Muraena lentiginosa","Eukaryota","Chordata","Actinopteri","Anguilliformes","Muraenidae","Muraena","Muraena lentiginosa","species"
"MiFish_0001436",0,14,NA,NA,NA,NA,NA,NA,NA,NA,NA
"MiFish_0001437",0,17,NA,NA,NA,NA,NA,NA,NA,NA,NA
"MiFish_0001438",0,11,NA,NA,NA,NA,NA,NA,NA,NA,NA
