"Sample_name","BestTaxon","Class","nReads","name_match_type","domain","phylum","class","order","family","genus","species"
"RL2501_EN3825_3_MV1","Bos taurus","Mammalia",5,"scientific name","Eukaryota","Chordata","Mammalia","Artiodactyla","Bovidae","Bos","Bos taurus"
"RL2501_EN3825_3_MV1","Citharichthys sordidus","Actinopteri",7,"scientific name","Eukaryota","Chordata","Actinopteri","Pleuronectiformes","Cyclopsettidae","Citharichthys","Citharichthys sordidus"
"RL2501_EN3825_3_MV1","Delphinidae","Mammalia",21,"scientific name","Eukaryota","Chordata","Mammalia","Artiodactyla","Delphinidae",NA,NA
"RL2501_EN3825_3_MV1","Engraulis mordax","Actinopteri",920,"scientific name","Eukaryota","Chordata","Actinopteri","Clupeiformes","Engraulidae","Engraulis","Engraulis mordax"
"RL2501_EN3825_3_MV1","Homo sapiens","Mammalia",5,"scientific name","Eukaryota","Chordata","Mammalia","Primates","Hominidae","Homo","Homo sapiens"
"RL2501_EN3825_3_MV1","Merluccius productus","Actinopteri",2,"scientific name","Eukaryota","Chordata","Actinopteri","Gadiformes","Merlucciidae","Merluccius","Merluccius productus"
"RL2501_EN3825_3_MV1","Oneirodes","Actinopteri",3,"scientific name","Eukaryota","Chordata","Actinopteri","Lophiiformes","Oneirodidae","Oneirodes",NA
"RL2501_EN3825_3_MV1","Sebastes","Actinopteri",7,"scientific name","Eukaryota","Chordata","Actinopteri","Perciformes","Sebastidae","Sebastes",NA
"RL2501_EN3825_3_MV1","Symbolophorus californiensis","Actinopteri",36,"scientific name","Eukaryota","Chordata","Actinopteri","Myctophiformes","Myctophidae","Symbolophorus","Symbolophorus californiensis"
"RL2501_EN3825_3_MV1","Tetragonurus cuvieri","Actinopteri",37,"scientific name","Eukaryota","Chordata","Actinopteri","Scombriformes","Tetragonuridae","Tetragonurus","Tetragonurus cuvieri"
"RL2501_EN3825_3_MV1",NA,NA,708,NA,NA,NA,NA,NA,NA,NA,NA
"RL2501_EN3825_4_MV1","Engraulis mordax","Actinopteri",12,"scientific name","Eukaryota","Chordata","Actinopteri","Clupeiformes","Engraulidae","Engraulis","Engraulis mordax"
"RL2501_EN3825_4_MV1","Symbolophorus californiensis","Actinopteri",6,"scientific name","Eukaryota","Chordata","Actinopteri","Myctophiformes","Myctophidae","Symbolophorus","Symbolophorus californiensis"
"RL2501_EN3825_4_MV1",NA,NA,1164,NA,NA,NA,NA,NA,NA,NA,NA
"RL2501_EN91825_3_MV1","Citharichthys sordidus","Actinopteri",2,"scientific name","Eukaryota","Chordata","Actinopteri","Pleuronectiformes","Cyclopsettidae","Citharichthys","Citharichthys sordidus"
"RL2501_EN91825_3_MV1","Engraulis mordax","Actinopteri",19,"scientific name","Eukaryota","Chordata","Actinopteri","Clupeiformes","Engraulidae","Engraulis","Engraulis mordax"
"RL2501_EN91825_3_MV1","Homo sapiens","Mammalia",2,"scientific name","Eukaryota","Chordata","Mammalia","Primates","Hominidae","Homo","Homo sapiens"
"RL2501_EN91825_3_MV1","Pleuronectidae","Actinopteri",3,"scientific name","Eukaryota","Chordata","Actinopteri","Pleuronectiformes","Pleuronectidae",NA,NA
"RL2501_EN91825_3_MV1","Sebastes","Actinopteri",8,"scientific name","Eukaryota","Chordata","Actinopteri","Perciformes","Sebastidae","Sebastes",NA
"RL2501_EN91825_3_MV1","Syngnathus","Actinopteri",3,"scientific name","Eukaryota","Chordata","Actinopteri","Syngnathiformes","Syngnathidae","Syngnathus",NA
"RL2501_EN91825_4_MV1","Engraulis mordax","Actinopteri",3,"scientific name","Eukaryota","Chordata","Actinopteri","Clupeiformes","Engraulidae","Engraulis","Engraulis mordax"
"RL2501_F006_1_1_MV1","Astropecten verrilli","Asteroidea",61,"scientific name","Eukaryota","Echinodermata","Asteroidea","Paxillosida","Astropectinidae","Astropecten","Astropecten verrilli"
"RL2501_F006_1_1_MV1","Citharichthys sordidus","Actinopteri",298,"scientific name","Eukaryota","Chordata","Actinopteri","Pleuronectiformes","Cyclopsettidae","Citharichthys","Citharichthys sordidus"
"RL2501_F006_1_1_MV1","Engraulis mordax","Actinopteri",22288,"scientific name","Eukaryota","Chordata","Actinopteri","Clupeiformes","Engraulidae","Engraulis","Engraulis mordax"
"RL2501_F006_1_1_MV1","Homo sapiens","Mammalia",508,"scientific name","Eukaryota","Chordata","Mammalia","Primates","Hominidae","Homo","Homo sapiens"
"RL2501_F006_1_1_MV1","Icichthys lockingtoni","Actinopteri",612,"scientific name","Eukaryota","Chordata","Actinopteri","Scombriformes","Centrolophidae","Icichthys","Icichthys lockingtoni"
"RL2501_F006_1_1_MV1","Leuroglossus","Actinopteri",1013,"scientific name","Eukaryota","Chordata","Actinopteri","Argentiniformes","Bathylagidae","Leuroglossus",NA
"RL2501_F006_1_1_MV1","Phosichthyidae","Actinopteri",305,"scientific name","Eukaryota","Chordata","Actinopteri","Stomiiformes","Phosichthyidae",NA,NA
"RL2501_F006_1_1_MV1","Sebastes","Actinopteri",6753,"scientific name","Eukaryota","Chordata","Actinopteri","Perciformes","Sebastidae","Sebastes",NA
"RL2501_F006_1_1_MV1","Sebastes pinniger","Actinopteri",618,"scientific name","Eukaryota","Chordata","Actinopteri","Perciformes","Sebastidae","Sebastes","Sebastes pinniger"
"RL2501_F006_1_1_MV1","Syngnathus","Actinopteri",416,"scientific name","Eukaryota","Chordata","Actinopteri","Syngnathiformes","Syngnathidae","Syngnathus",NA
"RL2501_F006_1_1_MV1",NA,NA,6646,NA,NA,NA,NA,NA,NA,NA,NA
"RL2501_F006_1_2_MV1","Astropecten verrilli","Asteroidea",69,"scientific name","Eukaryota","Echinodermata","Asteroidea","Paxillosida","Astropectinidae","Astropecten","Astropecten verrilli"
"RL2501_F006_1_2_MV1","Bathylagoides wesethi","Actinopteri",416,"scientific name","Eukaryota","Chordata","Actinopteri","Argentiniformes","Bathylagidae","Bathylagoides","Bathylagoides wesethi"
"RL2501_F006_1_2_MV1","Chiasmodontidae","Actinopteri",3,"scientific name","Eukaryota","Chordata","Actinopteri","Scombriformes","Chiasmodontidae",NA,NA
"RL2501_F006_1_2_MV1","Citharichthys sordidus","Actinopteri",2,"scientific name","Eukaryota","Chordata","Actinopteri","Pleuronectiformes","Cyclopsettidae","Citharichthys","Citharichthys sordidus"
"RL2501_F006_1_2_MV1","Delphinidae","Mammalia",260,"scientific name","Eukaryota","Chordata","Mammalia","Artiodactyla","Delphinidae",NA,NA
"RL2501_F006_1_2_MV1","Engraulis mordax","Actinopteri",23832,"scientific name","Eukaryota","Chordata","Actinopteri","Clupeiformes","Engraulidae","Engraulis","Engraulis mordax"
"RL2501_F006_1_2_MV1","Homo sapiens","Mammalia",266,"scientific name","Eukaryota","Chordata","Mammalia","Primates","Hominidae","Homo","Homo sapiens"
"RL2501_F006_1_2_MV1","Leuroglossus","Actinopteri",1856,"scientific name","Eukaryota","Chordata","Actinopteri","Argentiniformes","Bathylagidae","Leuroglossus",NA
"RL2501_F006_1_2_MV1","Sebastes","Actinopteri",6228,"scientific name","Eukaryota","Chordata","Actinopteri","Perciformes","Sebastidae","Sebastes",NA
"RL2501_F006_1_2_MV1","Sebastes pinniger","Actinopteri",703,"scientific name","Eukaryota","Chordata","Actinopteri","Perciformes","Sebastidae","Sebastes","Sebastes pinniger"
"RL2501_F006_1_2_MV1","Stomias atriventer","Actinopteri",264,"scientific name","Eukaryota","Chordata","Actinopteri","Stomiiformes","Stomiidae","Stomias","Stomias atriventer"
"RL2501_F006_1_2_MV1","Strongylocentrotus purpuratus","Echinoidea",73,"scientific name","Eukaryota","Echinodermata","Echinoidea","Camarodonta","Strongylocentrotidae","Strongylocentrotus","Strongylocentrotus purpuratus"
"RL2501_F006_1_2_MV1","Syngnathus","Actinopteri",171,"scientific name","Eukaryota","Chordata","Actinopteri","Syngnathiformes","Syngnathidae","Syngnathus",NA
"RL2501_F006_1_2_MV1","Trachurus symmetricus","Actinopteri",223,"scientific name","Eukaryota","Chordata","Actinopteri","Carangiformes","Carangidae","Trachurus","Trachurus symmetricus"
"RL2501_F006_1_2_MV1","Triphoturus mexicanus","Actinopteri",755,"scientific name","Eukaryota","Chordata","Actinopteri","Myctophiformes","Myctophidae","Triphoturus","Triphoturus mexicanus"
"RL2501_F006_1_2_MV1",NA,NA,16391,NA,NA,NA,NA,NA,NA,NA,NA
"RL2501_F006_1_3_MV1","Astropecten verrilli","Asteroidea",969,"scientific name","Eukaryota","Echinodermata","Asteroidea","Paxillosida","Astropectinidae","Astropecten","Astropecten verrilli"
"RL2501_F006_1_3_MV1","Chiasmodontidae","Actinopteri",25,"scientific name","Eukaryota","Chordata","Actinopteri","Scombriformes","Chiasmodontidae",NA,NA
"RL2501_F006_1_3_MV1","Citharichthys","Actinopteri",64,"scientific name","Eukaryota","Chordata","Actinopteri","Pleuronectiformes","Cyclopsettidae","Citharichthys",NA
"RL2501_F006_1_3_MV1","Citharichthys sordidus","Actinopteri",1027,"scientific name","Eukaryota","Chordata","Actinopteri","Pleuronectiformes","Cyclopsettidae","Citharichthys","Citharichthys sordidus"
"RL2501_F006_1_3_MV1","Citharichthys stigmaeus","Actinopteri",261,"scientific name","Eukaryota","Chordata","Actinopteri","Pleuronectiformes","Cyclopsettidae","Citharichthys","Citharichthys stigmaeus"
"RL2501_F006_1_3_MV1","Delphinidae","Mammalia",60,"scientific name","Eukaryota","Chordata","Mammalia","Artiodactyla","Delphinidae",NA,NA
"RL2501_F006_1_3_MV1","Delphinus bairdii","Mammalia",46,"scientific name","Eukaryota","Chordata","Mammalia","Artiodactyla","Delphinidae","Delphinus","Delphinus bairdii"
"RL2501_F006_1_3_MV1","Engraulis mordax","Actinopteri",45506,"scientific name","Eukaryota","Chordata","Actinopteri","Clupeiformes","Engraulidae","Engraulis","Engraulis mordax"
"RL2501_F006_1_3_MV1","Evadne","Branchiopoda",6,"scientific name","Eukaryota","Arthropoda","Branchiopoda","Diplostraca","Podonidae","Evadne",NA
"RL2501_F006_1_3_MV1","Homo sapiens","Mammalia",858,"scientific name","Eukaryota","Chordata","Mammalia","Primates","Hominidae","Homo","Homo sapiens"
"RL2501_F006_1_3_MV1","Icichthys lockingtoni","Actinopteri",536,"scientific name","Eukaryota","Chordata","Actinopteri","Scombriformes","Centrolophidae","Icichthys","Icichthys lockingtoni"
"RL2501_F006_1_3_MV1","Leuroglossus","Actinopteri",1756,"scientific name","Eukaryota","Chordata","Actinopteri","Argentiniformes","Bathylagidae","Leuroglossus",NA
"RL2501_F006_1_3_MV1","Luidia foliolata","Asteroidea",14,"scientific name","Eukaryota","Echinodermata","Asteroidea","Paxillosida","Luidiidae","Luidia","Luidia foliolata"
"RL2501_F006_1_3_MV1","Merluccius productus","Actinopteri",1327,"scientific name","Eukaryota","Chordata","Actinopteri","Gadiformes","Merlucciidae","Merluccius","Merluccius productus"
"RL2501_F006_1_3_MV1","Mola","Actinopteri",19,"scientific name","Eukaryota","Chordata","Actinopteri","Tetraodontiformes","Molidae","Mola",NA
"RL2501_F006_1_3_MV1","Ostreococcus sp. lucimarinus","Mamiellophyceae",3,"synonym","Eukaryota","Chlorophyta","Mamiellophyceae","Mamiellales","Bathycoccaceae","Ostreococcus","Ostreococcus sp. 'lucimarinus'"
"RL2501_F006_1_3_MV1","Patiria miniata","Asteroidea",20,"scientific name","Eukaryota","Echinodermata","Asteroidea","Valvatida","Asterinidae","Patiria","Patiria miniata"
"RL2501_F006_1_3_MV1","Pisaster","Asteroidea",6,"scientific name","Eukaryota","Echinodermata","Asteroidea","Forcipulatida","Asteriidae","Pisaster",NA
"RL2501_F006_1_3_MV1","Psenes pellucidus","Actinopteri",18,"scientific name","Eukaryota","Chordata","Actinopteri","Scombriformes","Nomeidae","Psenes","Psenes pellucidus"
"RL2501_F006_1_3_MV1","Sebastes","Actinopteri",9230,"scientific name","Eukaryota","Chordata","Actinopteri","Perciformes","Sebastidae","Sebastes",NA
"RL2501_F006_1_3_MV1","Sebastes entomelas","Actinopteri",32,"scientific name","Eukaryota","Chordata","Actinopteri","Perciformes","Sebastidae","Sebastes","Sebastes entomelas"
"RL2501_F006_1_3_MV1","Strongylocentrotus purpuratus","Echinoidea",191,"scientific name","Eukaryota","Echinodermata","Echinoidea","Camarodonta","Strongylocentrotidae","Strongylocentrotus","Strongylocentrotus purpuratus"
"RL2501_F006_1_3_MV1","Symbolophorus californiensis","Actinopteri",34,"scientific name","Eukaryota","Chordata","Actinopteri","Myctophiformes","Myctophidae","Symbolophorus","Symbolophorus californiensis"
"RL2501_F006_1_3_MV1","Syngnathus","Actinopteri",313,"scientific name","Eukaryota","Chordata","Actinopteri","Syngnathiformes","Syngnathidae","Syngnathus",NA
"RL2501_F006_1_3_MV1","Triphoturus mexicanus","Actinopteri",19,"scientific name","Eukaryota","Chordata","Actinopteri","Myctophiformes","Myctophidae","Triphoturus","Triphoturus mexicanus"
"RL2501_F006_1_3_MV1","Zalophus californianus","Mammalia",84,"scientific name","Eukaryota","Chordata","Mammalia","Carnivora","Otariidae","Zalophus","Zalophus californianus"
"RL2501_F006_1_3_MV1",NA,NA,31730,NA,NA,NA,NA,NA,NA,NA,NA
"RL2501_F006_1_4_MV1","Chloropicon","Chloropicophyceae",10,"scientific name","Eukaryota","Chlorophyta","Chloropicophyceae","Chloropicales","Chloropicaceae","Chloropicon",NA
"RL2501_F006_1_4_MV1","Engraulis mordax","Actinopteri",5337,"scientific name","Eukaryota","Chordata","Actinopteri","Clupeiformes","Engraulidae","Engraulis","Engraulis mordax"
"RL2501_F006_1_4_MV1","Homo sapiens","Mammalia",134,"scientific name","Eukaryota","Chordata","Mammalia","Primates","Hominidae","Homo","Homo sapiens"
"RL2501_F006_1_4_MV1","Sebastes","Actinopteri",1412,"scientific name","Eukaryota","Chordata","Actinopteri","Perciformes","Sebastidae","Sebastes",NA
"RL2501_F006_1_4_MV1",NA,NA,12108,NA,NA,NA,NA,NA,NA,NA,NA
"RL2501_F011_1_MV1","Alopias vulpinus","Chondrichthyes",29,"scientific name","Eukaryota","Chordata","Chondrichthyes","Lamniformes","Alopiidae","Alopias","Alopias vulpinus"
"RL2501_F011_1_MV1","Ceratoscopelus","Actinopteri",7886,"scientific name","Eukaryota","Chordata","Actinopteri","Myctophiformes","Myctophidae","Ceratoscopelus",NA
"RL2501_F011_1_MV1","Cyclothone signata","Actinopteri",508,"scientific name","Eukaryota","Chordata","Actinopteri","Stomiiformes","Gonostomatidae","Cyclothone","Cyclothone signata"
"RL2501_F011_1_MV1","Delphinidae","Mammalia",337,"scientific name","Eukaryota","Chordata","Mammalia","Artiodactyla","Delphinidae",NA,NA
"RL2501_F011_1_MV1","Diogenichthys atlanticus","Actinopteri",102,"scientific name","Eukaryota","Chordata","Actinopteri","Myctophiformes","Myctophidae","Diogenichthys","Diogenichthys atlanticus"
"RL2501_F011_1_MV1","Diogenichthys laternatus","Actinopteri",306,"scientific name","Eukaryota","Chordata","Actinopteri","Myctophiformes","Myctophidae","Diogenichthys","Diogenichthys laternatus"
"RL2501_F011_1_MV1","Engraulis mordax","Actinopteri",1019,"scientific name","Eukaryota","Chordata","Actinopteri","Clupeiformes","Engraulidae","Engraulis","Engraulis mordax"
"RL2501_F011_1_MV1","Homo sapiens","Mammalia",162,"scientific name","Eukaryota","Chordata","Mammalia","Primates","Hominidae","Homo","Homo sapiens"
"RL2501_F011_1_MV1","Myctophum nitidulum","Actinopteri",14,"scientific name","Eukaryota","Chordata","Actinopteri","Myctophiformes","Myctophidae","Myctophum","Myctophum nitidulum"
"RL2501_F011_1_MV1","Notoscopelus","Actinopteri",306,"scientific name","Eukaryota","Chordata","Actinopteri","Myctophiformes","Myctophidae","Notoscopelus",NA
"RL2501_F011_1_MV1","Phosichthyidae","Actinopteri",2382,"scientific name","Eukaryota","Chordata","Actinopteri","Stomiiformes","Phosichthyidae",NA,NA
"RL2501_F011_1_MV1","Scomber japonicus","Actinopteri",142,"scientific name","Eukaryota","Chordata","Actinopteri","Scombriformes","Scombridae","Scomber","Scomber japonicus"
"RL2501_F011_1_MV1","Sebastes","Actinopteri",543,"scientific name","Eukaryota","Chordata","Actinopteri","Perciformes","Sebastidae","Sebastes",NA
"RL2501_F011_1_MV1","Stenella coeruleoalba","Mammalia",107,"scientific name","Eukaryota","Chordata","Mammalia","Artiodactyla","Delphinidae","Stenella","Stenella coeruleoalba"
"RL2501_F011_1_MV1","Stomias","Actinopteri",75,"scientific name","Eukaryota","Chordata","Actinopteri","Stomiiformes","Stomiidae","Stomias",NA
"RL2501_F011_1_MV1","Symbolophorus californiensis","Actinopteri",7384,"scientific name","Eukaryota","Chordata","Actinopteri","Myctophiformes","Myctophidae","Symbolophorus","Symbolophorus californiensis"
"RL2501_F011_1_MV1","Tetragonurus cuvieri","Actinopteri",94012,"scientific name","Eukaryota","Chordata","Actinopteri","Scombriformes","Tetragonuridae","Tetragonurus","Tetragonurus cuvieri"
"RL2501_F011_1_MV1","Trachurus symmetricus","Actinopteri",957,"scientific name","Eukaryota","Chordata","Actinopteri","Carangiformes","Carangidae","Trachurus","Trachurus symmetricus"
"RL2501_F011_1_MV1",NA,NA,7087,NA,NA,NA,NA,NA,NA,NA,NA
"RL2501_F011_2_MV1","Astropecten verrilli","Asteroidea",9,"scientific name","Eukaryota","Echinodermata","Asteroidea","Paxillosida","Astropectinidae","Astropecten","Astropecten verrilli"
"RL2501_F011_2_MV1","Bathycoccus prasinos","Mamiellophyceae",10,"scientific name","Eukaryota","Chlorophyta","Mamiellophyceae","Mamiellales","Bathycoccaceae","Bathycoccus","Bathycoccus prasinos"
"RL2501_F011_2_MV1","Ceratoscopelus","Actinopteri",3236,"scientific name","Eukaryota","Chordata","Actinopteri","Myctophiformes","Myctophidae","Ceratoscopelus",NA
"RL2501_F011_2_MV1","Cyclothone signata","Actinopteri",310,"scientific name","Eukaryota","Chordata","Actinopteri","Stomiiformes","Gonostomatidae","Cyclothone","Cyclothone signata"
"RL2501_F011_2_MV1","Engraulis mordax","Actinopteri",585,"scientific name","Eukaryota","Chordata","Actinopteri","Clupeiformes","Engraulidae","Engraulis","Engraulis mordax"
"RL2501_F011_2_MV1","Microstoma microstoma","Actinopteri",34,"scientific name","Eukaryota","Chordata","Actinopteri","Argentiniformes","Microstomatidae","Microstoma","Microstoma microstoma"
"RL2501_F011_2_MV1","Phosichthyidae","Actinopteri",473,"scientific name","Eukaryota","Chordata","Actinopteri","Stomiiformes","Phosichthyidae",NA,NA
"RL2501_F011_2_MV1","Sebastes","Actinopteri",105,"scientific name","Eukaryota","Chordata","Actinopteri","Perciformes","Sebastidae","Sebastes",NA
"RL2501_F011_2_MV1","Sebastes pinniger","Actinopteri",213,"scientific name","Eukaryota","Chordata","Actinopteri","Perciformes","Sebastidae","Sebastes","Sebastes pinniger"
"RL2501_F011_2_MV1","Symbolophorus californiensis","Actinopteri",4343,"scientific name","Eukaryota","Chordata","Actinopteri","Myctophiformes","Myctophidae","Symbolophorus","Symbolophorus californiensis"
"RL2501_F011_2_MV1","Tetragonurus cuvieri","Actinopteri",48747,"scientific name","Eukaryota","Chordata","Actinopteri","Scombriformes","Tetragonuridae","Tetragonurus","Tetragonurus cuvieri"
"RL2501_F011_2_MV1","Trachurus symmetricus","Actinopteri",707,"scientific name","Eukaryota","Chordata","Actinopteri","Carangiformes","Carangidae","Trachurus","Trachurus symmetricus"
"RL2501_F011_2_MV1",NA,NA,8624,NA,NA,NA,NA,NA,NA,NA,NA
"RL2501_F011_3_MV1","Alopias vulpinus","Chondrichthyes",32,"scientific name","Eukaryota","Chordata","Chondrichthyes","Lamniformes","Alopiidae","Alopias","Alopias vulpinus"
"RL2501_F011_3_MV1","Ceratoscopelus","Actinopteri",4289,"scientific name","Eukaryota","Chordata","Actinopteri","Myctophiformes","Myctophidae","Ceratoscopelus",NA
"RL2501_F011_3_MV1","Chiasmodontidae","Actinopteri",95,"scientific name","Eukaryota","Chordata","Actinopteri","Scombriformes","Chiasmodontidae",NA,NA
"RL2501_F011_3_MV1","Cololabis saira","Actinopteri",325,"scientific name","Eukaryota","Chordata","Actinopteri","Beloniformes","Belonidae","Cololabis","Cololabis saira"
"RL2501_F011_3_MV1","Cyclothone signata","Actinopteri",320,"scientific name","Eukaryota","Chordata","Actinopteri","Stomiiformes","Gonostomatidae","Cyclothone","Cyclothone signata"
"RL2501_F011_3_MV1","Cyclothone sp. CBM:ZF:14769","Actinopteri",111,NA,NA,NA,NA,NA,NA,NA,NA
"RL2501_F011_3_MV1","Delphinidae","Mammalia",174,"scientific name","Eukaryota","Chordata","Mammalia","Artiodactyla","Delphinidae",NA,NA
"RL2501_F011_3_MV1","Diogenichthys laternatus","Actinopteri",194,"scientific name","Eukaryota","Chordata","Actinopteri","Myctophiformes","Myctophidae","Diogenichthys","Diogenichthys laternatus"
"RL2501_F011_3_MV1","Engraulis mordax","Actinopteri",129,"scientific name","Eukaryota","Chordata","Actinopteri","Clupeiformes","Engraulidae","Engraulis","Engraulis mordax"
"RL2501_F011_3_MV1","Homo sapiens","Mammalia",104,"scientific name","Eukaryota","Chordata","Mammalia","Primates","Hominidae","Homo","Homo sapiens"
"RL2501_F011_3_MV1","Isurus oxyrinchus","Chondrichthyes",23,"scientific name","Eukaryota","Chordata","Chondrichthyes","Lamniformes","Lamnidae","Isurus","Isurus oxyrinchus"
"RL2501_F011_3_MV1","Lampanyctus tenuiformis","Actinopteri",303,"scientific name","Eukaryota","Chordata","Actinopteri","Myctophiformes","Myctophidae","Lampanyctus","Lampanyctus tenuiformis"
"RL2501_F011_3_MV1","Myctophum nitidulum","Actinopteri",7,"scientific name","Eukaryota","Chordata","Actinopteri","Myctophiformes","Myctophidae","Myctophum","Myctophum nitidulum"
"RL2501_F011_3_MV1","Ostreococcus sp. lucimarinus","Mamiellophyceae",6,"synonym","Eukaryota","Chlorophyta","Mamiellophyceae","Mamiellales","Bathycoccaceae","Ostreococcus","Ostreococcus sp. 'lucimarinus'"
"RL2501_F011_3_MV1","Phosichthyidae","Actinopteri",2089,"scientific name","Eukaryota","Chordata","Actinopteri","Stomiiformes","Phosichthyidae",NA,NA
"RL2501_F011_3_MV1","Sebastes","Actinopteri",381,"scientific name","Eukaryota","Chordata","Actinopteri","Perciformes","Sebastidae","Sebastes",NA
"RL2501_F011_3_MV1","Stenella coeruleoalba","Mammalia",96,"scientific name","Eukaryota","Chordata","Mammalia","Artiodactyla","Delphinidae","Stenella","Stenella coeruleoalba"
"RL2501_F011_3_MV1","Symbolophorus californiensis","Actinopteri",4442,"scientific name","Eukaryota","Chordata","Actinopteri","Myctophiformes","Myctophidae","Symbolophorus","Symbolophorus californiensis"
"RL2501_F011_3_MV1","Tetragonurus cuvieri","Actinopteri",74881,"scientific name","Eukaryota","Chordata","Actinopteri","Scombriformes","Tetragonuridae","Tetragonurus","Tetragonurus cuvieri"
"RL2501_F011_3_MV1","Trachurus symmetricus","Actinopteri",390,"scientific name","Eukaryota","Chordata","Actinopteri","Carangiformes","Carangidae","Trachurus","Trachurus symmetricus"
"RL2501_F011_3_MV1",NA,NA,17602,NA,NA,NA,NA,NA,NA,NA,NA
"RL2501_F011_4_MV1","Ceratoscopelus","Actinopteri",5079,"scientific name","Eukaryota","Chordata","Actinopteri","Myctophiformes","Myctophidae","Ceratoscopelus",NA
"RL2501_F011_4_MV1","Cololabis saira","Actinopteri",404,"scientific name","Eukaryota","Chordata","Actinopteri","Beloniformes","Belonidae","Cololabis","Cololabis saira"
"RL2501_F011_4_MV1","Delphinidae","Mammalia",115,"scientific name","Eukaryota","Chordata","Mammalia","Artiodactyla","Delphinidae",NA,NA
"RL2501_F011_4_MV1","Diogenichthys atlanticus","Actinopteri",146,"scientific name","Eukaryota","Chordata","Actinopteri","Myctophiformes","Myctophidae","Diogenichthys","Diogenichthys atlanticus"
"RL2501_F011_4_MV1","Engraulis mordax","Actinopteri",931,"scientific name","Eukaryota","Chordata","Actinopteri","Clupeiformes","Engraulidae","Engraulis","Engraulis mordax"
"RL2501_F011_4_MV1","Homo sapiens","Mammalia",775,"scientific name","Eukaryota","Chordata","Mammalia","Primates","Hominidae","Homo","Homo sapiens"
"RL2501_F011_4_MV1","Phosichthyidae","Actinopteri",612,"scientific name","Eukaryota","Chordata","Actinopteri","Stomiiformes","Phosichthyidae",NA,NA
"RL2501_F011_4_MV1","Sebastes","Actinopteri",933,"scientific name","Eukaryota","Chordata","Actinopteri","Perciformes","Sebastidae","Sebastes",NA
"RL2501_F011_4_MV1","Stomiidae","Actinopteri",573,"scientific name","Eukaryota","Chordata","Actinopteri","Stomiiformes","Stomiidae",NA,NA
"RL2501_F011_4_MV1","Symbolophorus californiensis","Actinopteri",3765,"scientific name","Eukaryota","Chordata","Actinopteri","Myctophiformes","Myctophidae","Symbolophorus","Symbolophorus californiensis"
"RL2501_F011_4_MV1","Syngnathus","Actinopteri",229,"scientific name","Eukaryota","Chordata","Actinopteri","Syngnathiformes","Syngnathidae","Syngnathus",NA
"RL2501_F011_4_MV1","Tetragonurus cuvieri","Actinopteri",83154,"scientific name","Eukaryota","Chordata","Actinopteri","Scombriformes","Tetragonuridae","Tetragonurus","Tetragonurus cuvieri"
"RL2501_F011_4_MV1","Trachurus symmetricus","Actinopteri",579,"scientific name","Eukaryota","Chordata","Actinopteri","Carangiformes","Carangidae","Trachurus","Trachurus symmetricus"
"RL2501_F011_4_MV1",NA,NA,15526,NA,NA,NA,NA,NA,NA,NA,NA
"RL2501_F012_1_MV1","Bathycoccus prasinos","Mamiellophyceae",7,"scientific name","Eukaryota","Chlorophyta","Mamiellophyceae","Mamiellales","Bathycoccaceae","Bathycoccus","Bathycoccus prasinos"
"RL2501_F012_1_MV1","Ceratoscopelus","Actinopteri",276,"scientific name","Eukaryota","Chordata","Actinopteri","Myctophiformes","Myctophidae","Ceratoscopelus",NA
"RL2501_F012_1_MV1","Delphinidae","Mammalia",258,"scientific name","Eukaryota","Chordata","Mammalia","Artiodactyla","Delphinidae",NA,NA
"RL2501_F012_1_MV1","Engraulis mordax","Actinopteri",2706,"scientific name","Eukaryota","Chordata","Actinopteri","Clupeiformes","Engraulidae","Engraulis","Engraulis mordax"
"RL2501_F012_1_MV1","Homo sapiens","Mammalia",130,"scientific name","Eukaryota","Chordata","Mammalia","Primates","Hominidae","Homo","Homo sapiens"
"RL2501_F012_1_MV1","Myctophum nitidulum","Actinopteri",3093,"scientific name","Eukaryota","Chordata","Actinopteri","Myctophiformes","Myctophidae","Myctophum","Myctophum nitidulum"
"RL2501_F012_1_MV1","Phosichthyidae","Actinopteri",68246,"scientific name","Eukaryota","Chordata","Actinopteri","Stomiiformes","Phosichthyidae",NA,NA
"RL2501_F012_1_MV1","Prionace glauca","Chondrichthyes",378,"scientific name","Eukaryota","Chordata","Chondrichthyes","Carcharhiniformes","Carcharhinidae","Prionace","Prionace glauca"
"RL2501_F012_1_MV1","Scomber japonicus","Actinopteri",552,"scientific name","Eukaryota","Chordata","Actinopteri","Scombriformes","Scombridae","Scomber","Scomber japonicus"
"RL2501_F012_1_MV1","Sebastes","Actinopteri",549,"scientific name","Eukaryota","Chordata","Actinopteri","Perciformes","Sebastidae","Sebastes",NA
"RL2501_F012_1_MV1","Stomias atriventer","Actinopteri",729,"scientific name","Eukaryota","Chordata","Actinopteri","Stomiiformes","Stomiidae","Stomias","Stomias atriventer"
"RL2501_F012_1_MV1","Symbolophorus californiensis","Actinopteri",6103,"scientific name","Eukaryota","Chordata","Actinopteri","Myctophiformes","Myctophidae","Symbolophorus","Symbolophorus californiensis"
"RL2501_F012_1_MV1","Tetragonurus cuvieri","Actinopteri",3605,"scientific name","Eukaryota","Chordata","Actinopteri","Scombriformes","Tetragonuridae","Tetragonurus","Tetragonurus cuvieri"
"RL2501_F012_1_MV1","Trachurus symmetricus","Actinopteri",2274,"scientific name","Eukaryota","Chordata","Actinopteri","Carangiformes","Carangidae","Trachurus","Trachurus symmetricus"
"RL2501_F012_1_MV1",NA,NA,11671,NA,NA,NA,NA,NA,NA,NA,NA
"RL2501_F012_2_MV1","Bathylagoides wesethi","Actinopteri",519,"scientific name","Eukaryota","Chordata","Actinopteri","Argentiniformes","Bathylagidae","Bathylagoides","Bathylagoides wesethi"
"RL2501_F012_2_MV1","Ceratoscopelus","Actinopteri",437,"scientific name","Eukaryota","Chordata","Actinopteri","Myctophiformes","Myctophidae","Ceratoscopelus",NA
"RL2501_F012_2_MV1","Homo sapiens","Mammalia",323,"scientific name","Eukaryota","Chordata","Mammalia","Primates","Hominidae","Homo","Homo sapiens"
"RL2501_F012_2_MV1","Isurus oxyrinchus","Chondrichthyes",126,"scientific name","Eukaryota","Chordata","Chondrichthyes","Lamniformes","Lamnidae","Isurus","Isurus oxyrinchus"
"RL2501_F012_2_MV1","Myctophum nitidulum","Actinopteri",419,"scientific name","Eukaryota","Chordata","Actinopteri","Myctophiformes","Myctophidae","Myctophum","Myctophum nitidulum"
"RL2501_F012_2_MV1","Phosichthyidae","Actinopteri",38195,"scientific name","Eukaryota","Chordata","Actinopteri","Stomiiformes","Phosichthyidae",NA,NA
"RL2501_F012_2_MV1","Prionace glauca","Chondrichthyes",155,"scientific name","Eukaryota","Chordata","Chondrichthyes","Carcharhiniformes","Carcharhinidae","Prionace","Prionace glauca"
"RL2501_F012_2_MV1","Sebastes","Actinopteri",223,"scientific name","Eukaryota","Chordata","Actinopteri","Perciformes","Sebastidae","Sebastes",NA
"RL2501_F012_2_MV1","Stenella coeruleoalba","Mammalia",110,"scientific name","Eukaryota","Chordata","Mammalia","Artiodactyla","Delphinidae","Stenella","Stenella coeruleoalba"
"RL2501_F012_2_MV1","Symbolophorus californiensis","Actinopteri",3470,"scientific name","Eukaryota","Chordata","Actinopteri","Myctophiformes","Myctophidae","Symbolophorus","Symbolophorus californiensis"
"RL2501_F012_2_MV1","Tetragonurus cuvieri","Actinopteri",1527,"scientific name","Eukaryota","Chordata","Actinopteri","Scombriformes","Tetragonuridae","Tetragonurus","Tetragonurus cuvieri"
"RL2501_F012_2_MV1","Trachurus symmetricus","Actinopteri",1463,"scientific name","Eukaryota","Chordata","Actinopteri","Carangiformes","Carangidae","Trachurus","Trachurus symmetricus"
"RL2501_F012_2_MV1",NA,NA,16021,NA,NA,NA,NA,NA,NA,NA,NA
"RL2501_F012_3_MV1","Alopias vulpinus","Chondrichthyes",18,"scientific name","Eukaryota","Chordata","Chondrichthyes","Lamniformes","Alopiidae","Alopias","Alopias vulpinus"
"RL2501_F012_3_MV1","Astropecten verrilli","Asteroidea",14,"scientific name","Eukaryota","Echinodermata","Asteroidea","Paxillosida","Astropectinidae","Astropecten","Astropecten verrilli"
"RL2501_F012_3_MV1","Atherinopsis californiensis","Actinopteri",2,"scientific name","Eukaryota","Chordata","Actinopteri","Atheriniformes","Atherinopsidae","Atherinopsis","Atherinopsis californiensis"
"RL2501_F012_3_MV1","Ceratoscopelus","Actinopteri",41,"scientific name","Eukaryota","Chordata","Actinopteri","Myctophiformes","Myctophidae","Ceratoscopelus",NA
"RL2501_F012_3_MV1","Citharichthys","Actinopteri",17,"scientific name","Eukaryota","Chordata","Actinopteri","Pleuronectiformes","Cyclopsettidae","Citharichthys",NA
"RL2501_F012_3_MV1","Citharichthys sordidus","Actinopteri",170,"scientific name","Eukaryota","Chordata","Actinopteri","Pleuronectiformes","Cyclopsettidae","Citharichthys","Citharichthys sordidus"
"RL2501_F012_3_MV1","Delphinidae","Mammalia",239,"scientific name","Eukaryota","Chordata","Mammalia","Artiodactyla","Delphinidae",NA,NA
"RL2501_F012_3_MV1","Delphinus bairdii","Mammalia",16,"scientific name","Eukaryota","Chordata","Mammalia","Artiodactyla","Delphinidae","Delphinus","Delphinus bairdii"
"RL2501_F012_3_MV1","Diogenichthys laternatus","Actinopteri",215,"scientific name","Eukaryota","Chordata","Actinopteri","Myctophiformes","Myctophidae","Diogenichthys","Diogenichthys laternatus"
"RL2501_F012_3_MV1","Engraulis mordax","Actinopteri",3891,"scientific name","Eukaryota","Chordata","Actinopteri","Clupeiformes","Engraulidae","Engraulis","Engraulis mordax"
"RL2501_F012_3_MV1","Gigantactis vanhoeffeni","Actinopteri",31,"scientific name","Eukaryota","Chordata","Actinopteri","Lophiiformes","Gigantactinidae","Gigantactis","Gigantactis vanhoeffeni"
"RL2501_F012_3_MV1","Hemilepidotus","Actinopteri",2,"scientific name","Eukaryota","Chordata","Actinopteri","Perciformes","Cottidae","Hemilepidotus",NA
"RL2501_F012_3_MV1","Homo sapiens","Mammalia",19,"scientific name","Eukaryota","Chordata","Mammalia","Primates","Hominidae","Homo","Homo sapiens"
"RL2501_F012_3_MV1","Leuroglossus","Actinopteri",4,"scientific name","Eukaryota","Chordata","Actinopteri","Argentiniformes","Bathylagidae","Leuroglossus",NA
"RL2501_F012_3_MV1","Merluccius productus","Actinopteri",3,"scientific name","Eukaryota","Chordata","Actinopteri","Gadiformes","Merlucciidae","Merluccius","Merluccius productus"
"RL2501_F012_3_MV1","Myctophum nitidulum","Actinopteri",646,"scientific name","Eukaryota","Chordata","Actinopteri","Myctophiformes","Myctophidae","Myctophum","Myctophum nitidulum"
"RL2501_F012_3_MV1","Paralichthys californicus","Actinopteri",3,"scientific name","Eukaryota","Chordata","Actinopteri","Pleuronectiformes","Paralichthyidae","Paralichthys","Paralichthys californicus"
"RL2501_F012_3_MV1","Phosichthyidae","Actinopteri",14168,"scientific name","Eukaryota","Chordata","Actinopteri","Stomiiformes","Phosichthyidae",NA,NA
"RL2501_F012_3_MV1","Pleuronectidae","Actinopteri",2,"scientific name","Eukaryota","Chordata","Actinopteri","Pleuronectiformes","Pleuronectidae",NA,NA
"RL2501_F012_3_MV1","Prionace glauca","Chondrichthyes",43,"scientific name","Eukaryota","Chordata","Chondrichthyes","Carcharhiniformes","Carcharhinidae","Prionace","Prionace glauca"
"RL2501_F012_3_MV1","Sardinops sagax","Actinopteri",2,"scientific name","Eukaryota","Chordata","Actinopteri","Clupeiformes","Clupeidae","Sardinops","Sardinops sagax"
"RL2501_F012_3_MV1","Sebastes","Actinopteri",167,"scientific name","Eukaryota","Chordata","Actinopteri","Perciformes","Sebastidae","Sebastes",NA
"RL2501_F012_3_MV1","Stomias atriventer","Actinopteri",201,"scientific name","Eukaryota","Chordata","Actinopteri","Stomiiformes","Stomiidae","Stomias","Stomias atriventer"
"RL2501_F012_3_MV1","Stomiidae","Actinopteri",38,"scientific name","Eukaryota","Chordata","Actinopteri","Stomiiformes","Stomiidae",NA,NA
"RL2501_F012_3_MV1","Symbolophorus californiensis","Actinopteri",1190,"scientific name","Eukaryota","Chordata","Actinopteri","Myctophiformes","Myctophidae","Symbolophorus","Symbolophorus californiensis"
"RL2501_F012_3_MV1","Syngnathus","Actinopteri",8,"scientific name","Eukaryota","Chordata","Actinopteri","Syngnathiformes","Syngnathidae","Syngnathus",NA
"RL2501_F012_3_MV1","Tetragonurus cuvieri","Actinopteri",194,"scientific name","Eukaryota","Chordata","Actinopteri","Scombriformes","Tetragonuridae","Tetragonurus","Tetragonurus cuvieri"
"RL2501_F012_3_MV1","Trachurus symmetricus","Actinopteri",357,"scientific name","Eukaryota","Chordata","Actinopteri","Carangiformes","Carangidae","Trachurus","Trachurus symmetricus"
"RL2501_F012_3_MV1","Zalophus californianus","Mammalia",4,"scientific name","Eukaryota","Chordata","Mammalia","Carnivora","Otariidae","Zalophus","Zalophus californianus"
"RL2501_F012_3_MV1",NA,NA,17190,NA,NA,NA,NA,NA,NA,NA,NA
"RL2501_F012_4_MV1","Ceratoscopelus","Actinopteri",1548,"scientific name","Eukaryota","Chordata","Actinopteri","Myctophiformes","Myctophidae","Ceratoscopelus",NA
"RL2501_F012_4_MV1","Engraulis mordax","Actinopteri",376,"scientific name","Eukaryota","Chordata","Actinopteri","Clupeiformes","Engraulidae","Engraulis","Engraulis mordax"
"RL2501_F012_4_MV1","Isurus oxyrinchus","Chondrichthyes",65,"scientific name","Eukaryota","Chordata","Chondrichthyes","Lamniformes","Lamnidae","Isurus","Isurus oxyrinchus"
"RL2501_F012_4_MV1","Myctophum nitidulum","Actinopteri",1000,"scientific name","Eukaryota","Chordata","Actinopteri","Myctophiformes","Myctophidae","Myctophum","Myctophum nitidulum"
"RL2501_F012_4_MV1","Phosichthyidae","Actinopteri",45013,"scientific name","Eukaryota","Chordata","Actinopteri","Stomiiformes","Phosichthyidae",NA,NA
"RL2501_F012_4_MV1","Scomber japonicus","Actinopteri",1966,"scientific name","Eukaryota","Chordata","Actinopteri","Scombriformes","Scombridae","Scomber","Scomber japonicus"
"RL2501_F012_4_MV1","Sebastes","Actinopteri",688,"scientific name","Eukaryota","Chordata","Actinopteri","Perciformes","Sebastidae","Sebastes",NA
"RL2501_F012_4_MV1","Symbolophorus californiensis","Actinopteri",7083,"scientific name","Eukaryota","Chordata","Actinopteri","Myctophiformes","Myctophidae","Symbolophorus","Symbolophorus californiensis"
"RL2501_F012_4_MV1","Tetragonurus cuvieri","Actinopteri",3854,"scientific name","Eukaryota","Chordata","Actinopteri","Scombriformes","Tetragonuridae","Tetragonurus","Tetragonurus cuvieri"
"RL2501_F012_4_MV1","Trachurus symmetricus","Actinopteri",3644,"scientific name","Eukaryota","Chordata","Actinopteri","Carangiformes","Carangidae","Trachurus","Trachurus symmetricus"
"RL2501_F012_4_MV1",NA,NA,40555,NA,NA,NA,NA,NA,NA,NA,NA
"RL2501_F013_1_MV1","Ceratoscopelus","Actinopteri",406,"scientific name","Eukaryota","Chordata","Actinopteri","Myctophiformes","Myctophidae","Ceratoscopelus",NA
"RL2501_F013_1_MV1","Cololabis saira","Actinopteri",298,"scientific name","Eukaryota","Chordata","Actinopteri","Beloniformes","Belonidae","Cololabis","Cololabis saira"
"RL2501_F013_1_MV1","Engraulis mordax","Actinopteri",219,"scientific name","Eukaryota","Chordata","Actinopteri","Clupeiformes","Engraulidae","Engraulis","Engraulis mordax"
"RL2501_F013_1_MV1","Homo sapiens","Mammalia",169,"scientific name","Eukaryota","Chordata","Mammalia","Primates","Hominidae","Homo","Homo sapiens"
"RL2501_F013_1_MV1","Lampadena urophaos","Actinopteri",13496,"scientific name","Eukaryota","Chordata","Actinopteri","Myctophiformes","Myctophidae","Lampadena","Lampadena urophaos"
"RL2501_F013_1_MV1","Patiria miniata","Asteroidea",3,"scientific name","Eukaryota","Echinodermata","Asteroidea","Valvatida","Asterinidae","Patiria","Patiria miniata"
"RL2501_F013_1_MV1","Phosichthyidae","Actinopteri",23496,"scientific name","Eukaryota","Chordata","Actinopteri","Stomiiformes","Phosichthyidae",NA,NA
"RL2501_F013_1_MV1","Stomias atriventer","Actinopteri",1479,"scientific name","Eukaryota","Chordata","Actinopteri","Stomiiformes","Stomiidae","Stomias","Stomias atriventer"
"RL2501_F013_1_MV1","Symbolophorus californiensis","Actinopteri",128428,"scientific name","Eukaryota","Chordata","Actinopteri","Myctophiformes","Myctophidae","Symbolophorus","Symbolophorus californiensis"
"RL2501_F013_1_MV1","Tetragonurus cuvieri","Actinopteri",660,"scientific name","Eukaryota","Chordata","Actinopteri","Scombriformes","Tetragonuridae","Tetragonurus","Tetragonurus cuvieri"
"RL2501_F013_1_MV1","Trachurus symmetricus","Actinopteri",948,"scientific name","Eukaryota","Chordata","Actinopteri","Carangiformes","Carangidae","Trachurus","Trachurus symmetricus"
"RL2501_F013_1_MV1",NA,NA,3867,NA,NA,NA,NA,NA,NA,NA,NA
"RL2501_F013_2_MV1","Ceratoscopelus","Actinopteri",38,"scientific name","Eukaryota","Chordata","Actinopteri","Myctophiformes","Myctophidae","Ceratoscopelus",NA
"RL2501_F013_2_MV1","Cololabis saira","Actinopteri",105,"scientific name","Eukaryota","Chordata","Actinopteri","Beloniformes","Belonidae","Cololabis","Cololabis saira"
"RL2501_F013_2_MV1","Engraulis mordax","Actinopteri",189,"scientific name","Eukaryota","Chordata","Actinopteri","Clupeiformes","Engraulidae","Engraulis","Engraulis mordax"
"RL2501_F013_2_MV1","Homo sapiens","Mammalia",104,"scientific name","Eukaryota","Chordata","Mammalia","Primates","Hominidae","Homo","Homo sapiens"
"RL2501_F013_2_MV1","Lampadena urophaos","Actinopteri",3286,"scientific name","Eukaryota","Chordata","Actinopteri","Myctophiformes","Myctophidae","Lampadena","Lampadena urophaos"
"RL2501_F013_2_MV1","Myctophum nitidulum","Actinopteri",14,"scientific name","Eukaryota","Chordata","Actinopteri","Myctophiformes","Myctophidae","Myctophum","Myctophum nitidulum"
"RL2501_F013_2_MV1","Phosichthyidae","Actinopteri",9882,"scientific name","Eukaryota","Chordata","Actinopteri","Stomiiformes","Phosichthyidae",NA,NA
"RL2501_F013_2_MV1","Stomias atriventer","Actinopteri",259,"scientific name","Eukaryota","Chordata","Actinopteri","Stomiiformes","Stomiidae","Stomias","Stomias atriventer"
"RL2501_F013_2_MV1","Symbolophorus californiensis","Actinopteri",53558,"scientific name","Eukaryota","Chordata","Actinopteri","Myctophiformes","Myctophidae","Symbolophorus","Symbolophorus californiensis"
"RL2501_F013_2_MV1","Trachurus symmetricus","Actinopteri",140,"scientific name","Eukaryota","Chordata","Actinopteri","Carangiformes","Carangidae","Trachurus","Trachurus symmetricus"
"RL2501_F013_2_MV1","Triphoturus mexicanus","Actinopteri",356,"scientific name","Eukaryota","Chordata","Actinopteri","Myctophiformes","Myctophidae","Triphoturus","Triphoturus mexicanus"
"RL2501_F013_2_MV1",NA,NA,7022,NA,NA,NA,NA,NA,NA,NA,NA
"RL2501_F013_3_MV1","Alopias vulpinus","Chondrichthyes",22,"scientific name","Eukaryota","Chordata","Chondrichthyes","Lamniformes","Alopiidae","Alopias","Alopias vulpinus"
"RL2501_F013_3_MV1","Ceratoscopelus","Actinopteri",16,"scientific name","Eukaryota","Chordata","Actinopteri","Myctophiformes","Myctophidae","Ceratoscopelus",NA
"RL2501_F013_3_MV1","Engraulis mordax","Actinopteri",596,"scientific name","Eukaryota","Chordata","Actinopteri","Clupeiformes","Engraulidae","Engraulis","Engraulis mordax"
"RL2501_F013_3_MV1","Lampadena urophaos","Actinopteri",6434,"scientific name","Eukaryota","Chordata","Actinopteri","Myctophiformes","Myctophidae","Lampadena","Lampadena urophaos"
"RL2501_F013_3_MV1","Phosichthyidae","Actinopteri",16994,"scientific name","Eukaryota","Chordata","Actinopteri","Stomiiformes","Phosichthyidae",NA,NA
"RL2501_F013_3_MV1","Stomias atriventer","Actinopteri",146,"scientific name","Eukaryota","Chordata","Actinopteri","Stomiiformes","Stomiidae","Stomias","Stomias atriventer"
"RL2501_F013_3_MV1","Symbolophorus californiensis","Actinopteri",78163,"scientific name","Eukaryota","Chordata","Actinopteri","Myctophiformes","Myctophidae","Symbolophorus","Symbolophorus californiensis"
"RL2501_F013_3_MV1","Tetragonurus cuvieri","Actinopteri",308,"scientific name","Eukaryota","Chordata","Actinopteri","Scombriformes","Tetragonuridae","Tetragonurus","Tetragonurus cuvieri"
"RL2501_F013_3_MV1","Trachurus symmetricus","Actinopteri",393,"scientific name","Eukaryota","Chordata","Actinopteri","Carangiformes","Carangidae","Trachurus","Trachurus symmetricus"
"RL2501_F013_3_MV1",NA,NA,11880,NA,NA,NA,NA,NA,NA,NA,NA
"RL2501_F013_4_MV1","Astropecten verrilli","Asteroidea",4,"scientific name","Eukaryota","Echinodermata","Asteroidea","Paxillosida","Astropectinidae","Astropecten","Astropecten verrilli"
"RL2501_F013_4_MV1","Bathycoccus prasinos","Mamiellophyceae",3,"scientific name","Eukaryota","Chlorophyta","Mamiellophyceae","Mamiellales","Bathycoccaceae","Bathycoccus","Bathycoccus prasinos"
"RL2501_F013_4_MV1","Ceratoscopelus","Actinopteri",61,"scientific name","Eukaryota","Chordata","Actinopteri","Myctophiformes","Myctophidae","Ceratoscopelus",NA
"RL2501_F013_4_MV1","Cololabis saira","Actinopteri",109,"scientific name","Eukaryota","Chordata","Actinopteri","Beloniformes","Belonidae","Cololabis","Cololabis saira"
"RL2501_F013_4_MV1","Delphinidae","Mammalia",84,"scientific name","Eukaryota","Chordata","Mammalia","Artiodactyla","Delphinidae",NA,NA
"RL2501_F013_4_MV1","Engraulis mordax","Actinopteri",390,"scientific name","Eukaryota","Chordata","Actinopteri","Clupeiformes","Engraulidae","Engraulis","Engraulis mordax"
"RL2501_F013_4_MV1","Homo sapiens","Mammalia",63,"scientific name","Eukaryota","Chordata","Mammalia","Primates","Hominidae","Homo","Homo sapiens"
"RL2501_F013_4_MV1","Lampadena urophaos","Actinopteri",4434,"scientific name","Eukaryota","Chordata","Actinopteri","Myctophiformes","Myctophidae","Lampadena","Lampadena urophaos"
"RL2501_F013_4_MV1","Phosichthyidae","Actinopteri",8337,"scientific name","Eukaryota","Chordata","Actinopteri","Stomiiformes","Phosichthyidae",NA,NA
"RL2501_F013_4_MV1","Sardinops sagax","Actinopteri",121,"scientific name","Eukaryota","Chordata","Actinopteri","Clupeiformes","Clupeidae","Sardinops","Sardinops sagax"
"RL2501_F013_4_MV1","Sebastes","Actinopteri",518,"scientific name","Eukaryota","Chordata","Actinopteri","Perciformes","Sebastidae","Sebastes",NA
"RL2501_F013_4_MV1","Symbolophorus californiensis","Actinopteri",68643,"scientific name","Eukaryota","Chordata","Actinopteri","Myctophiformes","Myctophidae","Symbolophorus","Symbolophorus californiensis"
"RL2501_F013_4_MV1","Trachurus symmetricus","Actinopteri",900,"scientific name","Eukaryota","Chordata","Actinopteri","Carangiformes","Carangidae","Trachurus","Trachurus symmetricus"
"RL2501_F013_4_MV1",NA,NA,11787,NA,NA,NA,NA,NA,NA,NA,NA
"RL2501_F014_1_MV1","Ceratoscopelus","Actinopteri",3152,"scientific name","Eukaryota","Chordata","Actinopteri","Myctophiformes","Myctophidae","Ceratoscopelus",NA
"RL2501_F014_1_MV1","Ceratoscopelus warmingii","Actinopteri",262,"scientific name","Eukaryota","Chordata","Actinopteri","Myctophiformes","Myctophidae","Ceratoscopelus","Ceratoscopelus warmingii"
"RL2501_F014_1_MV1","Cololabis saira","Actinopteri",1417,"scientific name","Eukaryota","Chordata","Actinopteri","Beloniformes","Belonidae","Cololabis","Cololabis saira"
"RL2501_F014_1_MV1","Cyclothone signata","Actinopteri",863,"scientific name","Eukaryota","Chordata","Actinopteri","Stomiiformes","Gonostomatidae","Cyclothone","Cyclothone signata"
"RL2501_F014_1_MV1","Delphinidae","Mammalia",1313,"scientific name","Eukaryota","Chordata","Mammalia","Artiodactyla","Delphinidae",NA,NA
"RL2501_F014_1_MV1","Diogenichthys","Actinopteri",1562,"scientific name","Eukaryota","Chordata","Actinopteri","Myctophiformes","Myctophidae","Diogenichthys",NA
"RL2501_F014_1_MV1","Homo sapiens","Mammalia",1453,"scientific name","Eukaryota","Chordata","Mammalia","Primates","Hominidae","Homo","Homo sapiens"
"RL2501_F014_1_MV1","Phosichthyidae","Actinopteri",94302,"scientific name","Eukaryota","Chordata","Actinopteri","Stomiiformes","Phosichthyidae",NA,NA
"RL2501_F014_1_MV1","Sebastes","Actinopteri",3665,"scientific name","Eukaryota","Chordata","Actinopteri","Perciformes","Sebastidae","Sebastes",NA
"RL2501_F014_1_MV1","Symbolophorus californiensis","Actinopteri",9247,"scientific name","Eukaryota","Chordata","Actinopteri","Myctophiformes","Myctophidae","Symbolophorus","Symbolophorus californiensis"
"RL2501_F014_1_MV1",NA,NA,17423,NA,NA,NA,NA,NA,NA,NA,NA
"RL2501_F014_2_MV1","Ceratoscopelus","Actinopteri",1208,"scientific name","Eukaryota","Chordata","Actinopteri","Myctophiformes","Myctophidae","Ceratoscopelus",NA
"RL2501_F014_2_MV1","Cololabis saira","Actinopteri",501,"scientific name","Eukaryota","Chordata","Actinopteri","Beloniformes","Belonidae","Cololabis","Cololabis saira"
"RL2501_F014_2_MV1","Cyclothone signata","Actinopteri",339,"scientific name","Eukaryota","Chordata","Actinopteri","Stomiiformes","Gonostomatidae","Cyclothone","Cyclothone signata"
"RL2501_F014_2_MV1","Delphinidae","Mammalia",157,"scientific name","Eukaryota","Chordata","Mammalia","Artiodactyla","Delphinidae",NA,NA
"RL2501_F014_2_MV1","Delphinus bairdii","Mammalia",181,"scientific name","Eukaryota","Chordata","Mammalia","Artiodactyla","Delphinidae","Delphinus","Delphinus bairdii"
"RL2501_F014_2_MV1","Engraulis mordax","Actinopteri",852,"scientific name","Eukaryota","Chordata","Actinopteri","Clupeiformes","Engraulidae","Engraulis","Engraulis mordax"
"RL2501_F014_2_MV1","Homo sapiens","Mammalia",540,"scientific name","Eukaryota","Chordata","Mammalia","Primates","Hominidae","Homo","Homo sapiens"
"RL2501_F014_2_MV1","Luvarus imperialis","Actinopteri",772,"scientific name","Eukaryota","Chordata","Actinopteri","Acanthuriformes","Luvaridae","Luvarus","Luvarus imperialis"
"RL2501_F014_2_MV1","Myctophum nitidulum","Actinopteri",84,"scientific name","Eukaryota","Chordata","Actinopteri","Myctophiformes","Myctophidae","Myctophum","Myctophum nitidulum"
"RL2501_F014_2_MV1","Phosichthyidae","Actinopteri",83181,"scientific name","Eukaryota","Chordata","Actinopteri","Stomiiformes","Phosichthyidae",NA,NA
"RL2501_F014_2_MV1","Symbolophorus californiensis","Actinopteri",1351,"scientific name","Eukaryota","Chordata","Actinopteri","Myctophiformes","Myctophidae","Symbolophorus","Symbolophorus californiensis"
"RL2501_F014_2_MV1","Trachurus symmetricus","Actinopteri",1310,"scientific name","Eukaryota","Chordata","Actinopteri","Carangiformes","Carangidae","Trachurus","Trachurus symmetricus"
"RL2501_F014_2_MV1",NA,NA,36364,NA,NA,NA,NA,NA,NA,NA,NA
"RL2501_F014_3_MV1","Argyropelecus affinis","Actinopteri",17,"scientific name","Eukaryota","Chordata","Actinopteri","Stomiiformes","Sternoptychidae","Argyropelecus","Argyropelecus affinis"
"RL2501_F014_3_MV1","Astropecten verrilli","Asteroidea",19,"scientific name","Eukaryota","Echinodermata","Asteroidea","Paxillosida","Astropectinidae","Astropecten","Astropecten verrilli"
"RL2501_F014_3_MV1","Balaenoptera physalus","Mammalia",4,"scientific name","Eukaryota","Chordata","Mammalia","Artiodactyla","Balaenopteridae","Balaenoptera","Balaenoptera physalus"
"RL2501_F014_3_MV1","Bathylagoides wesethi","Actinopteri",6,"scientific name","Eukaryota","Chordata","Actinopteri","Argentiniformes","Bathylagidae","Bathylagoides","Bathylagoides wesethi"
"RL2501_F014_3_MV1","Bos taurus","Mammalia",28,"scientific name","Eukaryota","Chordata","Mammalia","Artiodactyla","Bovidae","Bos","Bos taurus"
"RL2501_F014_3_MV1","Ceratoscopelus","Actinopteri",467,"scientific name","Eukaryota","Chordata","Actinopteri","Myctophiformes","Myctophidae","Ceratoscopelus",NA
"RL2501_F014_3_MV1","Citharichthys","Actinopteri",27,"scientific name","Eukaryota","Chordata","Actinopteri","Pleuronectiformes","Cyclopsettidae","Citharichthys",NA
"RL2501_F014_3_MV1","Citharichthys sordidus","Actinopteri",286,"scientific name","Eukaryota","Chordata","Actinopteri","Pleuronectiformes","Cyclopsettidae","Citharichthys","Citharichthys sordidus"
"RL2501_F014_3_MV1","Cyclothone signata","Actinopteri",2,"scientific name","Eukaryota","Chordata","Actinopteri","Stomiiformes","Gonostomatidae","Cyclothone","Cyclothone signata"
"RL2501_F014_3_MV1","Delphinidae","Mammalia",422,"scientific name","Eukaryota","Chordata","Mammalia","Artiodactyla","Delphinidae",NA,NA
"RL2501_F014_3_MV1","Delphinus bairdii","Mammalia",28,"scientific name","Eukaryota","Chordata","Mammalia","Artiodactyla","Delphinidae","Delphinus","Delphinus bairdii"
"RL2501_F014_3_MV1","Diogenichthys atlanticus","Actinopteri",3,"scientific name","Eukaryota","Chordata","Actinopteri","Myctophiformes","Myctophidae","Diogenichthys","Diogenichthys atlanticus"
"RL2501_F014_3_MV1","Engraulis mordax","Actinopteri",8936,"scientific name","Eukaryota","Chordata","Actinopteri","Clupeiformes","Engraulidae","Engraulis","Engraulis mordax"
"RL2501_F014_3_MV1","Hemilepidotus","Actinopteri",6,"scientific name","Eukaryota","Chordata","Actinopteri","Perciformes","Cottidae","Hemilepidotus",NA
"RL2501_F014_3_MV1","Homo sapiens","Mammalia",366,"scientific name","Eukaryota","Chordata","Mammalia","Primates","Hominidae","Homo","Homo sapiens"
"RL2501_F014_3_MV1","Hypsoblennius gilberti","Actinopteri",2,"scientific name","Eukaryota","Chordata","Actinopteri","Blenniiformes","Blenniidae","Hypsoblennius","Hypsoblennius gilberti"
"RL2501_F014_3_MV1","Leuroglossus","Actinopteri",9,"scientific name","Eukaryota","Chordata","Actinopteri","Argentiniformes","Bathylagidae","Leuroglossus",NA
"RL2501_F014_3_MV1","Myctophum nitidulum","Actinopteri",5,"scientific name","Eukaryota","Chordata","Actinopteri","Myctophiformes","Myctophidae","Myctophum","Myctophum nitidulum"
"RL2501_F014_3_MV1","Oneirodes","Actinopteri",6,"scientific name","Eukaryota","Chordata","Actinopteri","Lophiiformes","Oneirodidae","Oneirodes",NA
"RL2501_F014_3_MV1","Paralichthys californicus","Actinopteri",6,"scientific name","Eukaryota","Chordata","Actinopteri","Pleuronectiformes","Paralichthyidae","Paralichthys","Paralichthys californicus"
"RL2501_F014_3_MV1","Phosichthyidae","Actinopteri",21474,"scientific name","Eukaryota","Chordata","Actinopteri","Stomiiformes","Phosichthyidae",NA,NA
"RL2501_F014_3_MV1","Pleuronectidae","Actinopteri",7,"scientific name","Eukaryota","Chordata","Actinopteri","Pleuronectiformes","Pleuronectidae",NA,NA
"RL2501_F014_3_MV1","Prionace glauca","Chondrichthyes",5,"scientific name","Eukaryota","Chordata","Chondrichthyes","Carcharhiniformes","Carcharhinidae","Prionace","Prionace glauca"
"RL2501_F014_3_MV1","Sardinops sagax","Actinopteri",3,"scientific name","Eukaryota","Chordata","Actinopteri","Clupeiformes","Clupeidae","Sardinops","Sardinops sagax"
"RL2501_F014_3_MV1","Sebastes","Actinopteri",606,"scientific name","Eukaryota","Chordata","Actinopteri","Perciformes","Sebastidae","Sebastes",NA
"RL2501_F014_3_MV1","Seriola lalandi","Actinopteri",2,"scientific name","Eukaryota","Chordata","Actinopteri","Carangiformes","Carangidae","Seriola","Seriola lalandi"
"RL2501_F014_3_MV1","Sus scrofa","Mammalia",2,"scientific name","Eukaryota","Chordata","Mammalia","Artiodactyla","Suidae","Sus","Sus scrofa"
"RL2501_F014_3_MV1","Symbolophorus californiensis","Actinopteri",1047,"scientific name","Eukaryota","Chordata","Actinopteri","Myctophiformes","Myctophidae","Symbolophorus","Symbolophorus californiensis"
"RL2501_F014_3_MV1","Syngnathus","Actinopteri",6,"scientific name","Eukaryota","Chordata","Actinopteri","Syngnathiformes","Syngnathidae","Syngnathus",NA
"RL2501_F014_3_MV1","Tetragonurus cuvieri","Actinopteri",416,"scientific name","Eukaryota","Chordata","Actinopteri","Scombriformes","Tetragonuridae","Tetragonurus","Tetragonurus cuvieri"
"RL2501_F014_3_MV1","Trachurus symmetricus","Actinopteri",8,"scientific name","Eukaryota","Chordata","Actinopteri","Carangiformes","Carangidae","Trachurus","Trachurus symmetricus"
"RL2501_F014_3_MV1","Zalophus californianus","Mammalia",19,"scientific name","Eukaryota","Chordata","Mammalia","Carnivora","Otariidae","Zalophus","Zalophus californianus"
"RL2501_F014_3_MV1",NA,NA,21858,NA,NA,NA,NA,NA,NA,NA,NA
"RL2501_F014_4_MV1","Ceratoscopelus","Actinopteri",2670,"scientific name","Eukaryota","Chordata","Actinopteri","Myctophiformes","Myctophidae","Ceratoscopelus",NA
"RL2501_F014_4_MV1","Engraulis mordax","Actinopteri",1334,"scientific name","Eukaryota","Chordata","Actinopteri","Clupeiformes","Engraulidae","Engraulis","Engraulis mordax"
"RL2501_F014_4_MV1","Homo sapiens","Mammalia",938,"scientific name","Eukaryota","Chordata","Mammalia","Primates","Hominidae","Homo","Homo sapiens"
"RL2501_F014_4_MV1","Myctophum nitidulum","Actinopteri",77,"scientific name","Eukaryota","Chordata","Actinopteri","Myctophiformes","Myctophidae","Myctophum","Myctophum nitidulum"
"RL2501_F014_4_MV1","Phosichthyidae","Actinopteri",49629,"scientific name","Eukaryota","Chordata","Actinopteri","Stomiiformes","Phosichthyidae",NA,NA
"RL2501_F014_4_MV1","Symbolophorus californiensis","Actinopteri",3990,"scientific name","Eukaryota","Chordata","Actinopteri","Myctophiformes","Myctophidae","Symbolophorus","Symbolophorus californiensis"
"RL2501_F014_4_MV1",NA,NA,34956,NA,NA,NA,NA,NA,NA,NA,NA
"RL2501_F015_1_MV1","Ceratoscopelus","Actinopteri",43,"scientific name","Eukaryota","Chordata","Actinopteri","Myctophiformes","Myctophidae","Ceratoscopelus",NA
"RL2501_F015_1_MV1","Cyclothone signata","Actinopteri",122,"scientific name","Eukaryota","Chordata","Actinopteri","Stomiiformes","Gonostomatidae","Cyclothone","Cyclothone signata"
"RL2501_F015_1_MV1","Homo sapiens","Mammalia",95,"scientific name","Eukaryota","Chordata","Mammalia","Primates","Hominidae","Homo","Homo sapiens"
"RL2501_F015_1_MV1","Phosichthyidae","Actinopteri",5876,"scientific name","Eukaryota","Chordata","Actinopteri","Stomiiformes","Phosichthyidae",NA,NA
"RL2501_F015_1_MV1","Prionace glauca","Chondrichthyes",317,"scientific name","Eukaryota","Chordata","Chondrichthyes","Carcharhiniformes","Carcharhinidae","Prionace","Prionace glauca"
"RL2501_F015_1_MV1","Symbolophorus californiensis","Actinopteri",2304,"scientific name","Eukaryota","Chordata","Actinopteri","Myctophiformes","Myctophidae","Symbolophorus","Symbolophorus californiensis"
"RL2501_F015_1_MV1","Trachurus symmetricus","Actinopteri",198,"scientific name","Eukaryota","Chordata","Actinopteri","Carangiformes","Carangidae","Trachurus","Trachurus symmetricus"
"RL2501_F015_1_MV1",NA,NA,5608,NA,NA,NA,NA,NA,NA,NA,NA
"RL2501_F015_2_MV1","Ceratoscopelus","Actinopteri",30,"scientific name","Eukaryota","Chordata","Actinopteri","Myctophiformes","Myctophidae","Ceratoscopelus",NA
"RL2501_F015_2_MV1","Cyclothone signata","Actinopteri",222,"scientific name","Eukaryota","Chordata","Actinopteri","Stomiiformes","Gonostomatidae","Cyclothone","Cyclothone signata"
"RL2501_F015_2_MV1","Homo sapiens","Mammalia",44,"scientific name","Eukaryota","Chordata","Mammalia","Primates","Hominidae","Homo","Homo sapiens"
"RL2501_F015_2_MV1","Phosichthyidae","Actinopteri",3949,"scientific name","Eukaryota","Chordata","Actinopteri","Stomiiformes","Phosichthyidae",NA,NA
"RL2501_F015_2_MV1","Prionace glauca","Chondrichthyes",253,"scientific name","Eukaryota","Chordata","Chondrichthyes","Carcharhiniformes","Carcharhinidae","Prionace","Prionace glauca"
"RL2501_F015_2_MV1","Symbolophorus californiensis","Actinopteri",447,"scientific name","Eukaryota","Chordata","Actinopteri","Myctophiformes","Myctophidae","Symbolophorus","Symbolophorus californiensis"
"RL2501_F015_2_MV1",NA,NA,9669,NA,NA,NA,NA,NA,NA,NA,NA
"RL2501_F015_3_MV1","Ceratoscopelus","Actinopteri",10,"scientific name","Eukaryota","Chordata","Actinopteri","Myctophiformes","Myctophidae","Ceratoscopelus",NA
"RL2501_F015_3_MV1","Delphinidae","Mammalia",46,"scientific name","Eukaryota","Chordata","Mammalia","Artiodactyla","Delphinidae",NA,NA
"RL2501_F015_3_MV1","Engraulis mordax","Actinopteri",62,"scientific name","Eukaryota","Chordata","Actinopteri","Clupeiformes","Engraulidae","Engraulis","Engraulis mordax"
"RL2501_F015_3_MV1","Homo sapiens","Mammalia",51,"scientific name","Eukaryota","Chordata","Mammalia","Primates","Hominidae","Homo","Homo sapiens"
"RL2501_F015_3_MV1","Phosichthyidae","Actinopteri",3596,"scientific name","Eukaryota","Chordata","Actinopteri","Stomiiformes","Phosichthyidae",NA,NA
"RL2501_F015_3_MV1","Prionace glauca","Chondrichthyes",102,"scientific name","Eukaryota","Chordata","Chondrichthyes","Carcharhiniformes","Carcharhinidae","Prionace","Prionace glauca"
"RL2501_F015_3_MV1","Symbolophorus californiensis","Actinopteri",253,"scientific name","Eukaryota","Chordata","Actinopteri","Myctophiformes","Myctophidae","Symbolophorus","Symbolophorus californiensis"
"RL2501_F015_3_MV1",NA,NA,10807,NA,NA,NA,NA,NA,NA,NA,NA
"RL2501_F015_4_MV1","Ceratoscopelus","Actinopteri",48,"scientific name","Eukaryota","Chordata","Actinopteri","Myctophiformes","Myctophidae","Ceratoscopelus",NA
"RL2501_F015_4_MV1","Phosichthyidae","Actinopteri",2775,"scientific name","Eukaryota","Chordata","Actinopteri","Stomiiformes","Phosichthyidae",NA,NA
"RL2501_F015_4_MV1","Prionace glauca","Chondrichthyes",143,"scientific name","Eukaryota","Chordata","Chondrichthyes","Carcharhiniformes","Carcharhinidae","Prionace","Prionace glauca"
"RL2501_F015_4_MV1","Symbolophorus californiensis","Actinopteri",954,"scientific name","Eukaryota","Chordata","Actinopteri","Myctophiformes","Myctophidae","Symbolophorus","Symbolophorus californiensis"
"RL2501_F015_4_MV1","Tursiops truncatus","Mammalia",41,"scientific name","Eukaryota","Chordata","Mammalia","Artiodactyla","Delphinidae","Tursiops","Tursiops truncatus"
"RL2501_F015_4_MV1",NA,NA,9084,NA,NA,NA,NA,NA,NA,NA,NA
"RL2501_F016_1_MV1","Ceratoscopelus","Actinopteri",85,"scientific name","Eukaryota","Chordata","Actinopteri","Myctophiformes","Myctophidae","Ceratoscopelus",NA
"RL2501_F016_1_MV1","Delphinidae","Mammalia",27,"scientific name","Eukaryota","Chordata","Mammalia","Artiodactyla","Delphinidae",NA,NA
"RL2501_F016_1_MV1","Engraulis mordax","Actinopteri",23,"scientific name","Eukaryota","Chordata","Actinopteri","Clupeiformes","Engraulidae","Engraulis","Engraulis mordax"
"RL2501_F016_1_MV1","Gigantactis vanhoeffeni","Actinopteri",2166,"scientific name","Eukaryota","Chordata","Actinopteri","Lophiiformes","Gigantactinidae","Gigantactis","Gigantactis vanhoeffeni"
"RL2501_F016_1_MV1","Homo sapiens","Mammalia",220,"scientific name","Eukaryota","Chordata","Mammalia","Primates","Hominidae","Homo","Homo sapiens"
"RL2501_F016_1_MV1","Myctophum nitidulum","Actinopteri",16,"scientific name","Eukaryota","Chordata","Actinopteri","Myctophiformes","Myctophidae","Myctophum","Myctophum nitidulum"
"RL2501_F016_1_MV1","Phosichthyidae","Actinopteri",2621,"scientific name","Eukaryota","Chordata","Actinopteri","Stomiiformes","Phosichthyidae",NA,NA
"RL2501_F016_1_MV1","Prionace glauca","Chondrichthyes",14,"scientific name","Eukaryota","Chordata","Chondrichthyes","Carcharhiniformes","Carcharhinidae","Prionace","Prionace glauca"
"RL2501_F016_1_MV1","Sebastes","Actinopteri",894,"scientific name","Eukaryota","Chordata","Actinopteri","Perciformes","Sebastidae","Sebastes",NA
"RL2501_F016_1_MV1","Stomiidae","Actinopteri",8182,"scientific name","Eukaryota","Chordata","Actinopteri","Stomiiformes","Stomiidae",NA,NA
"RL2501_F016_1_MV1","Symbolophorus californiensis","Actinopteri",294,"scientific name","Eukaryota","Chordata","Actinopteri","Myctophiformes","Myctophidae","Symbolophorus","Symbolophorus californiensis"
"RL2501_F016_1_MV1",NA,NA,429,NA,NA,NA,NA,NA,NA,NA,NA
"RL2501_F016_2_MV1","Auxis rochei","Actinopteri",437,"scientific name","Eukaryota","Chordata","Actinopteri","Scombriformes","Scombridae","Auxis","Auxis rochei"
"RL2501_F016_2_MV1","Ceratoscopelus","Actinopteri",221,"scientific name","Eukaryota","Chordata","Actinopteri","Myctophiformes","Myctophidae","Ceratoscopelus",NA
"RL2501_F016_2_MV1","Cololabis saira","Actinopteri",125,"scientific name","Eukaryota","Chordata","Actinopteri","Beloniformes","Belonidae","Cololabis","Cololabis saira"
"RL2501_F016_2_MV1","Cyclothone acclinidens","Actinopteri",91,"scientific name","Eukaryota","Chordata","Actinopteri","Stomiiformes","Gonostomatidae","Cyclothone","Cyclothone acclinidens"
"RL2501_F016_2_MV1","Delphinidae","Mammalia",543,"scientific name","Eukaryota","Chordata","Mammalia","Artiodactyla","Delphinidae",NA,NA
"RL2501_F016_2_MV1","Diogenichthys","Actinopteri",80,"scientific name","Eukaryota","Chordata","Actinopteri","Myctophiformes","Myctophidae","Diogenichthys",NA
"RL2501_F016_2_MV1","Engraulis mordax","Actinopteri",140,"scientific name","Eukaryota","Chordata","Actinopteri","Clupeiformes","Engraulidae","Engraulis","Engraulis mordax"
"RL2501_F016_2_MV1","Gigantactis vanhoeffeni","Actinopteri",12176,"scientific name","Eukaryota","Chordata","Actinopteri","Lophiiformes","Gigantactinidae","Gigantactis","Gigantactis vanhoeffeni"
"RL2501_F016_2_MV1","Homo sapiens","Mammalia",372,"scientific name","Eukaryota","Chordata","Mammalia","Primates","Hominidae","Homo","Homo sapiens"
"RL2501_F016_2_MV1","Myctophum nitidulum","Actinopteri",19,"scientific name","Eukaryota","Chordata","Actinopteri","Myctophiformes","Myctophidae","Myctophum","Myctophum nitidulum"
"RL2501_F016_2_MV1","Phosichthyidae","Actinopteri",7752,"scientific name","Eukaryota","Chordata","Actinopteri","Stomiiformes","Phosichthyidae",NA,NA
"RL2501_F016_2_MV1","Prionace glauca","Chondrichthyes",191,"scientific name","Eukaryota","Chordata","Chondrichthyes","Carcharhiniformes","Carcharhinidae","Prionace","Prionace glauca"
"RL2501_F016_2_MV1","Sebastes","Actinopteri",955,"scientific name","Eukaryota","Chordata","Actinopteri","Perciformes","Sebastidae","Sebastes",NA
"RL2501_F016_2_MV1","Stenella coeruleoalba","Mammalia",179,"scientific name","Eukaryota","Chordata","Mammalia","Artiodactyla","Delphinidae","Stenella","Stenella coeruleoalba"
"RL2501_F016_2_MV1","Stomiidae","Actinopteri",15524,"scientific name","Eukaryota","Chordata","Actinopteri","Stomiiformes","Stomiidae",NA,NA
"RL2501_F016_2_MV1","Symbolophorus californiensis","Actinopteri",544,"scientific name","Eukaryota","Chordata","Actinopteri","Myctophiformes","Myctophidae","Symbolophorus","Symbolophorus californiensis"
"RL2501_F016_2_MV1",NA,NA,6714,NA,NA,NA,NA,NA,NA,NA,NA
"RL2501_F016_3_MV1","Ceratoscopelus","Actinopteri",518,"scientific name","Eukaryota","Chordata","Actinopteri","Myctophiformes","Myctophidae","Ceratoscopelus",NA
"RL2501_F016_3_MV1","Cololabis saira","Actinopteri",110,"scientific name","Eukaryota","Chordata","Actinopteri","Beloniformes","Belonidae","Cololabis","Cololabis saira"
"RL2501_F016_3_MV1","Cyclothone signata","Actinopteri",24,"scientific name","Eukaryota","Chordata","Actinopteri","Stomiiformes","Gonostomatidae","Cyclothone","Cyclothone signata"
"RL2501_F016_3_MV1","Delphinidae","Mammalia",119,"scientific name","Eukaryota","Chordata","Mammalia","Artiodactyla","Delphinidae",NA,NA
"RL2501_F016_3_MV1","Engraulis mordax","Actinopteri",315,"scientific name","Eukaryota","Chordata","Actinopteri","Clupeiformes","Engraulidae","Engraulis","Engraulis mordax"
"RL2501_F016_3_MV1","Gigantactis","Actinopteri",25,"scientific name","Eukaryota","Chordata","Actinopteri","Lophiiformes","Gigantactinidae","Gigantactis",NA
"RL2501_F016_3_MV1","Gigantactis vanhoeffeni","Actinopteri",12160,"scientific name","Eukaryota","Chordata","Actinopteri","Lophiiformes","Gigantactinidae","Gigantactis","Gigantactis vanhoeffeni"
"RL2501_F016_3_MV1","Homo sapiens","Mammalia",363,"scientific name","Eukaryota","Chordata","Mammalia","Primates","Hominidae","Homo","Homo sapiens"
"RL2501_F016_3_MV1","Lampadena urophaos","Actinopteri",244,"scientific name","Eukaryota","Chordata","Actinopteri","Myctophiformes","Myctophidae","Lampadena","Lampadena urophaos"
"RL2501_F016_3_MV1","Phosichthyidae","Actinopteri",8922,"scientific name","Eukaryota","Chordata","Actinopteri","Stomiiformes","Phosichthyidae",NA,NA
"RL2501_F016_3_MV1","Prionace glauca","Chondrichthyes",124,"scientific name","Eukaryota","Chordata","Chondrichthyes","Carcharhiniformes","Carcharhinidae","Prionace","Prionace glauca"
"RL2501_F016_3_MV1","Sebastes","Actinopteri",1674,"scientific name","Eukaryota","Chordata","Actinopteri","Perciformes","Sebastidae","Sebastes",NA
"RL2501_F016_3_MV1","Stomiidae","Actinopteri",15998,"scientific name","Eukaryota","Chordata","Actinopteri","Stomiiformes","Stomiidae",NA,NA
"RL2501_F016_3_MV1","Symbolophorus californiensis","Actinopteri",633,"scientific name","Eukaryota","Chordata","Actinopteri","Myctophiformes","Myctophidae","Symbolophorus","Symbolophorus californiensis"
"RL2501_F016_3_MV1","Syngnathus","Actinopteri",99,"scientific name","Eukaryota","Chordata","Actinopteri","Syngnathiformes","Syngnathidae","Syngnathus",NA
"RL2501_F016_3_MV1",NA,NA,9500,NA,NA,NA,NA,NA,NA,NA,NA
"RL2501_F016_4_MV1","Brama","Actinopteri",53,"scientific name","Eukaryota","Chordata","Actinopteri","Scombriformes","Bramidae","Brama",NA
"RL2501_F016_4_MV1","Ceratoscopelus","Actinopteri",573,"scientific name","Eukaryota","Chordata","Actinopteri","Myctophiformes","Myctophidae","Ceratoscopelus",NA
"RL2501_F016_4_MV1","Diogenichthys","Actinopteri",189,"scientific name","Eukaryota","Chordata","Actinopteri","Myctophiformes","Myctophidae","Diogenichthys",NA
"RL2501_F016_4_MV1","Gigantactis","Actinopteri",71,"scientific name","Eukaryota","Chordata","Actinopteri","Lophiiformes","Gigantactinidae","Gigantactis",NA
"RL2501_F016_4_MV1","Gigantactis vanhoeffeni","Actinopteri",11804,"scientific name","Eukaryota","Chordata","Actinopteri","Lophiiformes","Gigantactinidae","Gigantactis","Gigantactis vanhoeffeni"
"RL2501_F016_4_MV1","Homo sapiens","Mammalia",160,"scientific name","Eukaryota","Chordata","Mammalia","Primates","Hominidae","Homo","Homo sapiens"
"RL2501_F016_4_MV1","Phosichthyidae","Actinopteri",8913,"scientific name","Eukaryota","Chordata","Actinopteri","Stomiiformes","Phosichthyidae",NA,NA
"RL2501_F016_4_MV1","Prionace glauca","Chondrichthyes",97,"scientific name","Eukaryota","Chordata","Chondrichthyes","Carcharhiniformes","Carcharhinidae","Prionace","Prionace glauca"
"RL2501_F016_4_MV1","Sebastes","Actinopteri",866,"scientific name","Eukaryota","Chordata","Actinopteri","Perciformes","Sebastidae","Sebastes",NA
"RL2501_F016_4_MV1","Stenella coeruleoalba","Mammalia",141,"scientific name","Eukaryota","Chordata","Mammalia","Artiodactyla","Delphinidae","Stenella","Stenella coeruleoalba"
"RL2501_F016_4_MV1","Stomiidae","Actinopteri",19369,"scientific name","Eukaryota","Chordata","Actinopteri","Stomiiformes","Stomiidae",NA,NA
"RL2501_F016_4_MV1","Symbolophorus californiensis","Actinopteri",415,"scientific name","Eukaryota","Chordata","Actinopteri","Myctophiformes","Myctophidae","Symbolophorus","Symbolophorus californiensis"
"RL2501_F016_4_MV1",NA,NA,10348,NA,NA,NA,NA,NA,NA,NA,NA
"RL2501_F017_1_MV1","Ceratoscopelus","Actinopteri",2934,"scientific name","Eukaryota","Chordata","Actinopteri","Myctophiformes","Myctophidae","Ceratoscopelus",NA
"RL2501_F017_1_MV1","Cyclothone acclinidens","Actinopteri",126,"scientific name","Eukaryota","Chordata","Actinopteri","Stomiiformes","Gonostomatidae","Cyclothone","Cyclothone acclinidens"
"RL2501_F017_1_MV1","Delphinidae","Mammalia",419,"scientific name","Eukaryota","Chordata","Mammalia","Artiodactyla","Delphinidae",NA,NA
"RL2501_F017_1_MV1","Engraulis mordax","Actinopteri",2,"scientific name","Eukaryota","Chordata","Actinopteri","Clupeiformes","Engraulidae","Engraulis","Engraulis mordax"
"RL2501_F017_1_MV1","Gigantactis vanhoeffeni","Actinopteri",1514,"scientific name","Eukaryota","Chordata","Actinopteri","Lophiiformes","Gigantactinidae","Gigantactis","Gigantactis vanhoeffeni"
"RL2501_F017_1_MV1","Phosichthyidae","Actinopteri",574,"scientific name","Eukaryota","Chordata","Actinopteri","Stomiiformes","Phosichthyidae",NA,NA
"RL2501_F017_1_MV1","Stomiidae","Actinopteri",371,"scientific name","Eukaryota","Chordata","Actinopteri","Stomiiformes","Stomiidae",NA,NA
"RL2501_F017_1_MV1","Symbolophorus californiensis","Actinopteri",315,"scientific name","Eukaryota","Chordata","Actinopteri","Myctophiformes","Myctophidae","Symbolophorus","Symbolophorus californiensis"
"RL2501_F017_1_MV1",NA,NA,4253,NA,NA,NA,NA,NA,NA,NA,NA
"RL2501_F017_2_MV1","Ceratoscopelus","Actinopteri",2430,"scientific name","Eukaryota","Chordata","Actinopteri","Myctophiformes","Myctophidae","Ceratoscopelus",NA
"RL2501_F017_2_MV1","Cololabis saira","Actinopteri",187,"scientific name","Eukaryota","Chordata","Actinopteri","Beloniformes","Belonidae","Cololabis","Cololabis saira"
"RL2501_F017_2_MV1","Delphinidae","Mammalia",128,"scientific name","Eukaryota","Chordata","Mammalia","Artiodactyla","Delphinidae",NA,NA
"RL2501_F017_2_MV1","Engraulis mordax","Actinopteri",243,"scientific name","Eukaryota","Chordata","Actinopteri","Clupeiformes","Engraulidae","Engraulis","Engraulis mordax"
"RL2501_F017_2_MV1","Gigantactis vanhoeffeni","Actinopteri",590,"scientific name","Eukaryota","Chordata","Actinopteri","Lophiiformes","Gigantactinidae","Gigantactis","Gigantactis vanhoeffeni"
"RL2501_F017_2_MV1","Homo sapiens","Mammalia",188,"scientific name","Eukaryota","Chordata","Mammalia","Primates","Hominidae","Homo","Homo sapiens"
"RL2501_F017_2_MV1","Phosichthyidae","Actinopteri",308,"scientific name","Eukaryota","Chordata","Actinopteri","Stomiiformes","Phosichthyidae",NA,NA
"RL2501_F017_2_MV1","Sebastes","Actinopteri",180,"scientific name","Eukaryota","Chordata","Actinopteri","Perciformes","Sebastidae","Sebastes",NA
"RL2501_F017_2_MV1","Stomiidae","Actinopteri",583,"scientific name","Eukaryota","Chordata","Actinopteri","Stomiiformes","Stomiidae",NA,NA
"RL2501_F017_2_MV1",NA,NA,10000,NA,NA,NA,NA,NA,NA,NA,NA
"RL2501_F017_3_MV1","Ceratoscopelus","Actinopteri",2480,"scientific name","Eukaryota","Chordata","Actinopteri","Myctophiformes","Myctophidae","Ceratoscopelus",NA
"RL2501_F017_3_MV1","Engraulis mordax","Actinopteri",132,"scientific name","Eukaryota","Chordata","Actinopteri","Clupeiformes","Engraulidae","Engraulis","Engraulis mordax"
"RL2501_F017_3_MV1","Gigantactis vanhoeffeni","Actinopteri",710,"scientific name","Eukaryota","Chordata","Actinopteri","Lophiiformes","Gigantactinidae","Gigantactis","Gigantactis vanhoeffeni"
"RL2501_F017_3_MV1","Homo sapiens","Mammalia",194,"scientific name","Eukaryota","Chordata","Mammalia","Primates","Hominidae","Homo","Homo sapiens"
"RL2501_F017_3_MV1",NA,NA,12282,NA,NA,NA,NA,NA,NA,NA,NA
"RL2501_F017_4_MV1","Ceratoscopelus","Actinopteri",1620,"scientific name","Eukaryota","Chordata","Actinopteri","Myctophiformes","Myctophidae","Ceratoscopelus",NA
"RL2501_F017_4_MV1","Cololabis saira","Actinopteri",144,"scientific name","Eukaryota","Chordata","Actinopteri","Beloniformes","Belonidae","Cololabis","Cololabis saira"
"RL2501_F017_4_MV1","Engraulis mordax","Actinopteri",266,"scientific name","Eukaryota","Chordata","Actinopteri","Clupeiformes","Engraulidae","Engraulis","Engraulis mordax"
"RL2501_F017_4_MV1","Gigantactis vanhoeffeni","Actinopteri",244,"scientific name","Eukaryota","Chordata","Actinopteri","Lophiiformes","Gigantactinidae","Gigantactis","Gigantactis vanhoeffeni"
"RL2501_F017_4_MV1","Homo sapiens","Mammalia",192,"scientific name","Eukaryota","Chordata","Mammalia","Primates","Hominidae","Homo","Homo sapiens"
"RL2501_F017_4_MV1","Stomiidae","Actinopteri",544,"scientific name","Eukaryota","Chordata","Actinopteri","Stomiiformes","Stomiidae",NA,NA
"RL2501_F017_4_MV1","Symbolophorus californiensis","Actinopteri",56,"scientific name","Eukaryota","Chordata","Actinopteri","Myctophiformes","Myctophidae","Symbolophorus","Symbolophorus californiensis"
"RL2501_F017_4_MV1",NA,NA,7953,NA,NA,NA,NA,NA,NA,NA,NA
"RL2501_F018_1_MV1","Ceratoscopelus","Actinopteri",7617,"scientific name","Eukaryota","Chordata","Actinopteri","Myctophiformes","Myctophidae","Ceratoscopelus",NA
"RL2501_F018_1_MV1","Cololabis saira","Actinopteri",283,"scientific name","Eukaryota","Chordata","Actinopteri","Beloniformes","Belonidae","Cololabis","Cololabis saira"
"RL2501_F018_1_MV1","Cyclothone signata","Actinopteri",3897,"scientific name","Eukaryota","Chordata","Actinopteri","Stomiiformes","Gonostomatidae","Cyclothone","Cyclothone signata"
"RL2501_F018_1_MV1","Delphinidae","Mammalia",145,"scientific name","Eukaryota","Chordata","Mammalia","Artiodactyla","Delphinidae",NA,NA
"RL2501_F018_1_MV1","Gigantactis vanhoeffeni","Actinopteri",229,"scientific name","Eukaryota","Chordata","Actinopteri","Lophiiformes","Gigantactinidae","Gigantactis","Gigantactis vanhoeffeni"
"RL2501_F018_1_MV1","Lampanyctus tenuiformis","Actinopteri",307,"scientific name","Eukaryota","Chordata","Actinopteri","Myctophiformes","Myctophidae","Lampanyctus","Lampanyctus tenuiformis"
"RL2501_F018_1_MV1","Myctophum nitidulum","Actinopteri",55,"scientific name","Eukaryota","Chordata","Actinopteri","Myctophiformes","Myctophidae","Myctophum","Myctophum nitidulum"
"RL2501_F018_1_MV1","Notoscopelus","Actinopteri",307,"scientific name","Eukaryota","Chordata","Actinopteri","Myctophiformes","Myctophidae","Notoscopelus",NA
"RL2501_F018_1_MV1","Phosichthyidae","Actinopteri",45270,"scientific name","Eukaryota","Chordata","Actinopteri","Stomiiformes","Phosichthyidae",NA,NA
"RL2501_F018_1_MV1","Sebastes","Actinopteri",240,"scientific name","Eukaryota","Chordata","Actinopteri","Perciformes","Sebastidae","Sebastes",NA
"RL2501_F018_1_MV1","Stenella coeruleoalba","Mammalia",50,"scientific name","Eukaryota","Chordata","Mammalia","Artiodactyla","Delphinidae","Stenella","Stenella coeruleoalba"
"RL2501_F018_1_MV1","Stomiidae","Actinopteri",330,"scientific name","Eukaryota","Chordata","Actinopteri","Stomiiformes","Stomiidae",NA,NA
"RL2501_F018_1_MV1","Symbolophorus californiensis","Actinopteri",5616,"scientific name","Eukaryota","Chordata","Actinopteri","Myctophiformes","Myctophidae","Symbolophorus","Symbolophorus californiensis"
"RL2501_F018_1_MV1",NA,NA,3710,NA,NA,NA,NA,NA,NA,NA,NA
"RL2501_F018_2_MV1","Astropecten verrilli","Asteroidea",3,"scientific name","Eukaryota","Echinodermata","Asteroidea","Paxillosida","Astropectinidae","Astropecten","Astropecten verrilli"
"RL2501_F018_2_MV1","Bathycoccus prasinos","Mamiellophyceae",9,"scientific name","Eukaryota","Chlorophyta","Mamiellophyceae","Mamiellales","Bathycoccaceae","Bathycoccus","Bathycoccus prasinos"
"RL2501_F018_2_MV1","Ceratoscopelus","Actinopteri",6169,"scientific name","Eukaryota","Chordata","Actinopteri","Myctophiformes","Myctophidae","Ceratoscopelus",NA
"RL2501_F018_2_MV1","Cyclothone signata","Actinopteri",2533,"scientific name","Eukaryota","Chordata","Actinopteri","Stomiiformes","Gonostomatidae","Cyclothone","Cyclothone signata"
"RL2501_F018_2_MV1","Delphinidae","Mammalia",110,"scientific name","Eukaryota","Chordata","Mammalia","Artiodactyla","Delphinidae",NA,NA
"RL2501_F018_2_MV1","Engraulis mordax","Actinopteri",277,"scientific name","Eukaryota","Chordata","Actinopteri","Clupeiformes","Engraulidae","Engraulis","Engraulis mordax"
"RL2501_F018_2_MV1","Gigantactis vanhoeffeni","Actinopteri",175,"scientific name","Eukaryota","Chordata","Actinopteri","Lophiiformes","Gigantactinidae","Gigantactis","Gigantactis vanhoeffeni"
"RL2501_F018_2_MV1","Lampanyctus reinhardti","Actinopteri",323,"scientific name","Eukaryota","Chordata","Actinopteri","Myctophiformes","Myctophidae","Lampanyctus","Lampanyctus reinhardti"
"RL2501_F018_2_MV1","Myctophum nitidulum","Actinopteri",100,"scientific name","Eukaryota","Chordata","Actinopteri","Myctophiformes","Myctophidae","Myctophum","Myctophum nitidulum"
"RL2501_F018_2_MV1","Phosichthyidae","Actinopteri",51906,"scientific name","Eukaryota","Chordata","Actinopteri","Stomiiformes","Phosichthyidae",NA,NA
"RL2501_F018_2_MV1","Symbolophorus californiensis","Actinopteri",4528,"scientific name","Eukaryota","Chordata","Actinopteri","Myctophiformes","Myctophidae","Symbolophorus","Symbolophorus californiensis"
"RL2501_F018_2_MV1",NA,NA,13378,NA,NA,NA,NA,NA,NA,NA,NA
"RL2501_F018_3_MV1","Ceratoscopelus","Actinopteri",4815,"scientific name","Eukaryota","Chordata","Actinopteri","Myctophiformes","Myctophidae","Ceratoscopelus",NA
"RL2501_F018_3_MV1","Cyclothone signata","Actinopteri",4546,"scientific name","Eukaryota","Chordata","Actinopteri","Stomiiformes","Gonostomatidae","Cyclothone","Cyclothone signata"
"RL2501_F018_3_MV1","Engraulis mordax","Actinopteri",3,"scientific name","Eukaryota","Chordata","Actinopteri","Clupeiformes","Engraulidae","Engraulis","Engraulis mordax"
"RL2501_F018_3_MV1","Gigantactis vanhoeffeni","Actinopteri",67,"scientific name","Eukaryota","Chordata","Actinopteri","Lophiiformes","Gigantactinidae","Gigantactis","Gigantactis vanhoeffeni"
"RL2501_F018_3_MV1","Grampus griseus","Mammalia",29,"scientific name","Eukaryota","Chordata","Mammalia","Artiodactyla","Delphinidae","Grampus","Grampus griseus"
"RL2501_F018_3_MV1","Homo sapiens","Mammalia",26,"scientific name","Eukaryota","Chordata","Mammalia","Primates","Hominidae","Homo","Homo sapiens"
"RL2501_F018_3_MV1","Lampanyctus tenuiformis","Actinopteri",180,"scientific name","Eukaryota","Chordata","Actinopteri","Myctophiformes","Myctophidae","Lampanyctus","Lampanyctus tenuiformis"
"RL2501_F018_3_MV1","Myctophum nitidulum","Actinopteri",35,"scientific name","Eukaryota","Chordata","Actinopteri","Myctophiformes","Myctophidae","Myctophum","Myctophum nitidulum"
"RL2501_F018_3_MV1","Phosichthyidae","Actinopteri",36794,"scientific name","Eukaryota","Chordata","Actinopteri","Stomiiformes","Phosichthyidae",NA,NA
"RL2501_F018_3_MV1","Sebastes","Actinopteri",210,"scientific name","Eukaryota","Chordata","Actinopteri","Perciformes","Sebastidae","Sebastes",NA
"RL2501_F018_3_MV1","Symbolophorus californiensis","Actinopteri",2125,"scientific name","Eukaryota","Chordata","Actinopteri","Myctophiformes","Myctophidae","Symbolophorus","Symbolophorus californiensis"
"RL2501_F018_3_MV1",NA,NA,11190,NA,NA,NA,NA,NA,NA,NA,NA
"RL2501_F018_4_MV1","Ceratoscopelus","Actinopteri",2665,"scientific name","Eukaryota","Chordata","Actinopteri","Myctophiformes","Myctophidae","Ceratoscopelus",NA
"RL2501_F018_4_MV1","Cololabis saira","Actinopteri",100,"scientific name","Eukaryota","Chordata","Actinopteri","Beloniformes","Belonidae","Cololabis","Cololabis saira"
"RL2501_F018_4_MV1","Cyclothone signata","Actinopteri",2276,"scientific name","Eukaryota","Chordata","Actinopteri","Stomiiformes","Gonostomatidae","Cyclothone","Cyclothone signata"
"RL2501_F018_4_MV1","Notolychnus valdiviae","Actinopteri",8,"scientific name","Eukaryota","Chordata","Actinopteri","Myctophiformes","Myctophidae","Notolychnus","Notolychnus valdiviae"
"RL2501_F018_4_MV1","Phosichthyidae","Actinopteri",38101,"scientific name","Eukaryota","Chordata","Actinopteri","Stomiiformes","Phosichthyidae",NA,NA
"RL2501_F018_4_MV1","Prionace glauca","Chondrichthyes",23,"scientific name","Eukaryota","Chordata","Chondrichthyes","Carcharhiniformes","Carcharhinidae","Prionace","Prionace glauca"
"RL2501_F018_4_MV1","Stenella coeruleoalba","Mammalia",104,"scientific name","Eukaryota","Chordata","Mammalia","Artiodactyla","Delphinidae","Stenella","Stenella coeruleoalba"
"RL2501_F018_4_MV1","Symbolophorus californiensis","Actinopteri",2474,"scientific name","Eukaryota","Chordata","Actinopteri","Myctophiformes","Myctophidae","Symbolophorus","Symbolophorus californiensis"
"RL2501_F018_4_MV1",NA,NA,11660,NA,NA,NA,NA,NA,NA,NA,NA
"RL2501_F019_1_1_MV1","Ceratoscopelus","Actinopteri",7467,"scientific name","Eukaryota","Chordata","Actinopteri","Myctophiformes","Myctophidae","Ceratoscopelus",NA
"RL2501_F019_1_1_MV1","Cololabis saira","Actinopteri",235,"scientific name","Eukaryota","Chordata","Actinopteri","Beloniformes","Belonidae","Cololabis","Cololabis saira"
"RL2501_F019_1_1_MV1","Cyclothone signata","Actinopteri",760,"scientific name","Eukaryota","Chordata","Actinopteri","Stomiiformes","Gonostomatidae","Cyclothone","Cyclothone signata"
"RL2501_F019_1_1_MV1","Engraulis mordax","Actinopteri",1131,"scientific name","Eukaryota","Chordata","Actinopteri","Clupeiformes","Engraulidae","Engraulis","Engraulis mordax"
"RL2501_F019_1_1_MV1","Notoscopelus","Actinopteri",256,"scientific name","Eukaryota","Chordata","Actinopteri","Myctophiformes","Myctophidae","Notoscopelus",NA
"RL2501_F019_1_1_MV1","Phosichthyidae","Actinopteri",5783,"scientific name","Eukaryota","Chordata","Actinopteri","Stomiiformes","Phosichthyidae",NA,NA
"RL2501_F019_1_1_MV1","Symbolophorus californiensis","Actinopteri",5131,"scientific name","Eukaryota","Chordata","Actinopteri","Myctophiformes","Myctophidae","Symbolophorus","Symbolophorus californiensis"
"RL2501_F019_1_1_MV1",NA,NA,19069,NA,NA,NA,NA,NA,NA,NA,NA
"RL2501_F019_1_2_MV1","Ceratoscopelus","Actinopteri",1645,"scientific name","Eukaryota","Chordata","Actinopteri","Myctophiformes","Myctophidae","Ceratoscopelus",NA
"RL2501_F019_1_2_MV1","Ceratoscopelus warmingii","Actinopteri",139,"scientific name","Eukaryota","Chordata","Actinopteri","Myctophiformes","Myctophidae","Ceratoscopelus","Ceratoscopelus warmingii"
"RL2501_F019_1_2_MV1","Diogenichthys atlanticus","Actinopteri",404,"scientific name","Eukaryota","Chordata","Actinopteri","Myctophiformes","Myctophidae","Diogenichthys","Diogenichthys atlanticus"
"RL2501_F019_1_2_MV1","Engraulis mordax","Actinopteri",132,"scientific name","Eukaryota","Chordata","Actinopteri","Clupeiformes","Engraulidae","Engraulis","Engraulis mordax"
"RL2501_F019_1_2_MV1","Homo sapiens","Mammalia",410,"scientific name","Eukaryota","Chordata","Mammalia","Primates","Hominidae","Homo","Homo sapiens"
"RL2501_F019_1_2_MV1","Lampanyctus bristori","Actinopteri",558,"scientific name","Eukaryota","Chordata","Actinopteri","Myctophiformes","Myctophidae","Lampanyctus","Lampanyctus bristori"
"RL2501_F019_1_2_MV1","Notoscopelus","Actinopteri",378,"scientific name","Eukaryota","Chordata","Actinopteri","Myctophiformes","Myctophidae","Notoscopelus",NA
"RL2501_F019_1_2_MV1","Phosichthyidae","Actinopteri",633,"scientific name","Eukaryota","Chordata","Actinopteri","Stomiiformes","Phosichthyidae",NA,NA
"RL2501_F019_1_2_MV1","Sebastes","Actinopteri",3,"scientific name","Eukaryota","Chordata","Actinopteri","Perciformes","Sebastidae","Sebastes",NA
"RL2501_F019_1_2_MV1","Symbolophorus californiensis","Actinopteri",974,"scientific name","Eukaryota","Chordata","Actinopteri","Myctophiformes","Myctophidae","Symbolophorus","Symbolophorus californiensis"
"RL2501_F019_1_2_MV1","Trachurus symmetricus","Actinopteri",398,"scientific name","Eukaryota","Chordata","Actinopteri","Carangiformes","Carangidae","Trachurus","Trachurus symmetricus"
"RL2501_F019_1_2_MV1",NA,NA,15681,NA,NA,NA,NA,NA,NA,NA,NA
"RL2501_F019_1_3_MV1","Ceratoscopelus","Actinopteri",1281,"scientific name","Eukaryota","Chordata","Actinopteri","Myctophiformes","Myctophidae","Ceratoscopelus",NA
"RL2501_F019_1_3_MV1","Chiasmodontidae","Actinopteri",45,"scientific name","Eukaryota","Chordata","Actinopteri","Scombriformes","Chiasmodontidae",NA,NA
"RL2501_F019_1_3_MV1","Diogenichthys","Actinopteri",42,"scientific name","Eukaryota","Chordata","Actinopteri","Myctophiformes","Myctophidae","Diogenichthys",NA
"RL2501_F019_1_3_MV1","Diogenichthys atlanticus","Actinopteri",122,"scientific name","Eukaryota","Chordata","Actinopteri","Myctophiformes","Myctophidae","Diogenichthys","Diogenichthys atlanticus"
"RL2501_F019_1_3_MV1","Leuroglossus","Actinopteri",109,"scientific name","Eukaryota","Chordata","Actinopteri","Argentiniformes","Bathylagidae","Leuroglossus",NA
"RL2501_F019_1_3_MV1","Myctophum nitidulum","Actinopteri",81,"scientific name","Eukaryota","Chordata","Actinopteri","Myctophiformes","Myctophidae","Myctophum","Myctophum nitidulum"
"RL2501_F019_1_3_MV1","Notoscopelus","Actinopteri",78,"scientific name","Eukaryota","Chordata","Actinopteri","Myctophiformes","Myctophidae","Notoscopelus",NA
"RL2501_F019_1_3_MV1","Phosichthyidae","Actinopteri",153,"scientific name","Eukaryota","Chordata","Actinopteri","Stomiiformes","Phosichthyidae",NA,NA
"RL2501_F019_1_3_MV1","Sebastes","Actinopteri",52,"scientific name","Eukaryota","Chordata","Actinopteri","Perciformes","Sebastidae","Sebastes",NA
"RL2501_F019_1_3_MV1","Stomiidae","Actinopteri",126,"scientific name","Eukaryota","Chordata","Actinopteri","Stomiiformes","Stomiidae",NA,NA
"RL2501_F019_1_3_MV1","Symbolophorus californiensis","Actinopteri",460,"scientific name","Eukaryota","Chordata","Actinopteri","Myctophiformes","Myctophidae","Symbolophorus","Symbolophorus californiensis"
"RL2501_F019_1_3_MV1",NA,NA,9250,NA,NA,NA,NA,NA,NA,NA,NA
"RL2501_F019_1_4_MV1","Ceratoscopelus","Actinopteri",2446,"scientific name","Eukaryota","Chordata","Actinopteri","Myctophiformes","Myctophidae","Ceratoscopelus",NA
"RL2501_F019_1_4_MV1","Ceratoscopelus warmingii","Actinopteri",79,"scientific name","Eukaryota","Chordata","Actinopteri","Myctophiformes","Myctophidae","Ceratoscopelus","Ceratoscopelus warmingii"
"RL2501_F019_1_4_MV1","Diogenichthys atlanticus","Actinopteri",2733,"scientific name","Eukaryota","Chordata","Actinopteri","Myctophiformes","Myctophidae","Diogenichthys","Diogenichthys atlanticus"
"RL2501_F019_1_4_MV1","Isurus oxyrinchus","Chondrichthyes",252,"scientific name","Eukaryota","Chordata","Chondrichthyes","Lamniformes","Lamnidae","Isurus","Isurus oxyrinchus"
"RL2501_F019_1_4_MV1","Phosichthyidae","Actinopteri",1025,"scientific name","Eukaryota","Chordata","Actinopteri","Stomiiformes","Phosichthyidae",NA,NA
"RL2501_F019_1_4_MV1","Sardinops sagax","Actinopteri",1118,"scientific name","Eukaryota","Chordata","Actinopteri","Clupeiformes","Clupeidae","Sardinops","Sardinops sagax"
"RL2501_F019_1_4_MV1","Stomiidae","Actinopteri",1083,"scientific name","Eukaryota","Chordata","Actinopteri","Stomiiformes","Stomiidae",NA,NA
"RL2501_F019_1_4_MV1","Symbolophorus californiensis","Actinopteri",5122,"scientific name","Eukaryota","Chordata","Actinopteri","Myctophiformes","Myctophidae","Symbolophorus","Symbolophorus californiensis"
"RL2501_F019_1_4_MV1",NA,NA,29601,NA,NA,NA,NA,NA,NA,NA,NA
"RL2501_F019_2_1_MV1","Ceratoscopelus","Actinopteri",326,"scientific name","Eukaryota","Chordata","Actinopteri","Myctophiformes","Myctophidae","Ceratoscopelus",NA
"RL2501_F019_2_1_MV1","Engraulis mordax","Actinopteri",448,"scientific name","Eukaryota","Chordata","Actinopteri","Clupeiformes","Engraulidae","Engraulis","Engraulis mordax"
"RL2501_F019_2_1_MV1",NA,NA,23343,NA,NA,NA,NA,NA,NA,NA,NA
"RL2501_F019_2_2_MV1","Ceratoscopelus","Actinopteri",574,"scientific name","Eukaryota","Chordata","Actinopteri","Myctophiformes","Myctophidae","Ceratoscopelus",NA
"RL2501_F019_2_2_MV1","Symbolophorus californiensis","Actinopteri",805,"scientific name","Eukaryota","Chordata","Actinopteri","Myctophiformes","Myctophidae","Symbolophorus","Symbolophorus californiensis"
"RL2501_F019_2_2_MV1",NA,NA,38372,NA,NA,NA,NA,NA,NA,NA,NA
"RL2501_F019_2_3_MV1","Astropecten verrilli","Asteroidea",37,"scientific name","Eukaryota","Echinodermata","Asteroidea","Paxillosida","Astropectinidae","Astropecten","Astropecten verrilli"
"RL2501_F019_2_3_MV1","Atherinopsis californiensis","Actinopteri",2,"scientific name","Eukaryota","Chordata","Actinopteri","Atheriniformes","Atherinopsidae","Atherinopsis","Atherinopsis californiensis"
"RL2501_F019_2_3_MV1","Balaenoptera physalus","Mammalia",9,"scientific name","Eukaryota","Chordata","Mammalia","Artiodactyla","Balaenopteridae","Balaenoptera","Balaenoptera physalus"
"RL2501_F019_2_3_MV1","Bathylagoides wesethi","Actinopteri",7,"scientific name","Eukaryota","Chordata","Actinopteri","Argentiniformes","Bathylagidae","Bathylagoides","Bathylagoides wesethi"
"RL2501_F019_2_3_MV1","Bos taurus","Mammalia",21,"scientific name","Eukaryota","Chordata","Mammalia","Artiodactyla","Bovidae","Bos","Bos taurus"
"RL2501_F019_2_3_MV1","Brachygenys californiensis","Actinopteri",3,"scientific name","Eukaryota","Chordata","Actinopteri","Lutjaniformes","Haemulidae","Brachygenys","Brachygenys californiensis"
"RL2501_F019_2_3_MV1","Ceratoscopelus","Actinopteri",535,"scientific name","Eukaryota","Chordata","Actinopteri","Myctophiformes","Myctophidae","Ceratoscopelus",NA
"RL2501_F019_2_3_MV1","Citharichthys","Actinopteri",35,"scientific name","Eukaryota","Chordata","Actinopteri","Pleuronectiformes","Cyclopsettidae","Citharichthys",NA
"RL2501_F019_2_3_MV1","Citharichthys sordidus","Actinopteri",303,"scientific name","Eukaryota","Chordata","Actinopteri","Pleuronectiformes","Cyclopsettidae","Citharichthys","Citharichthys sordidus"
"RL2501_F019_2_3_MV1","Cyclothone signata","Actinopteri",11,"scientific name","Eukaryota","Chordata","Actinopteri","Stomiiformes","Gonostomatidae","Cyclothone","Cyclothone signata"
"RL2501_F019_2_3_MV1","Delphinidae","Mammalia",790,"scientific name","Eukaryota","Chordata","Mammalia","Artiodactyla","Delphinidae",NA,NA
"RL2501_F019_2_3_MV1","Delphinus bairdii","Mammalia",62,"scientific name","Eukaryota","Chordata","Mammalia","Artiodactyla","Delphinidae","Delphinus","Delphinus bairdii"
"RL2501_F019_2_3_MV1","Diogenichthys atlanticus","Actinopteri",2,"scientific name","Eukaryota","Chordata","Actinopteri","Myctophiformes","Myctophidae","Diogenichthys","Diogenichthys atlanticus"
"RL2501_F019_2_3_MV1","Engraulis mordax","Actinopteri",17040,"scientific name","Eukaryota","Chordata","Actinopteri","Clupeiformes","Engraulidae","Engraulis","Engraulis mordax"
"RL2501_F019_2_3_MV1","Gallus","Aves",6,"scientific name","Eukaryota","Chordata","Aves","Galliformes","Phasianidae","Gallus",NA
"RL2501_F019_2_3_MV1","Hemilepidotus","Actinopteri",6,"scientific name","Eukaryota","Chordata","Actinopteri","Perciformes","Cottidae","Hemilepidotus",NA
"RL2501_F019_2_3_MV1","Homo sapiens","Mammalia",208,"scientific name","Eukaryota","Chordata","Mammalia","Primates","Hominidae","Homo","Homo sapiens"
"RL2501_F019_2_3_MV1","Icichthys lockingtoni","Actinopteri",7,"scientific name","Eukaryota","Chordata","Actinopteri","Scombriformes","Centrolophidae","Icichthys","Icichthys lockingtoni"
"RL2501_F019_2_3_MV1","Isurus oxyrinchus","Chondrichthyes",130,"scientific name","Eukaryota","Chordata","Chondrichthyes","Lamniformes","Lamnidae","Isurus","Isurus oxyrinchus"
"RL2501_F019_2_3_MV1","Leuroglossus","Actinopteri",11,"scientific name","Eukaryota","Chordata","Actinopteri","Argentiniformes","Bathylagidae","Leuroglossus",NA
"RL2501_F019_2_3_MV1","Luvarus imperialis","Actinopteri",5,"scientific name","Eukaryota","Chordata","Actinopteri","Acanthuriformes","Luvaridae","Luvarus","Luvarus imperialis"
"RL2501_F019_2_3_MV1","Merluccius productus","Actinopteri",7,"scientific name","Eukaryota","Chordata","Actinopteri","Gadiformes","Merlucciidae","Merluccius","Merluccius productus"
"RL2501_F019_2_3_MV1","Myctophum nitidulum","Actinopteri",7,"scientific name","Eukaryota","Chordata","Actinopteri","Myctophiformes","Myctophidae","Myctophum","Myctophum nitidulum"
"RL2501_F019_2_3_MV1","Oneirodes","Actinopteri",21,"scientific name","Eukaryota","Chordata","Actinopteri","Lophiiformes","Oneirodidae","Oneirodes",NA
"RL2501_F019_2_3_MV1","Paralichthys californicus","Actinopteri",8,"scientific name","Eukaryota","Chordata","Actinopteri","Pleuronectiformes","Paralichthyidae","Paralichthys","Paralichthys californicus"
"RL2501_F019_2_3_MV1","Phosichthyidae","Actinopteri",794,"scientific name","Eukaryota","Chordata","Actinopteri","Stomiiformes","Phosichthyidae",NA,NA
"RL2501_F019_2_3_MV1","Pleuronectidae","Actinopteri",11,"scientific name","Eukaryota","Chordata","Actinopteri","Pleuronectiformes","Pleuronectidae",NA,NA
"RL2501_F019_2_3_MV1","Prionace glauca","Chondrichthyes",39,"scientific name","Eukaryota","Chordata","Chondrichthyes","Carcharhiniformes","Carcharhinidae","Prionace","Prionace glauca"
"RL2501_F019_2_3_MV1","Sardinops sagax","Actinopteri",5,"scientific name","Eukaryota","Chordata","Actinopteri","Clupeiformes","Clupeidae","Sardinops","Sardinops sagax"
"RL2501_F019_2_3_MV1","Sebastes","Actinopteri",437,"scientific name","Eukaryota","Chordata","Actinopteri","Perciformes","Sebastidae","Sebastes",NA
"RL2501_F019_2_3_MV1","Stenobrachius leucopsarus","Actinopteri",7,"scientific name","Eukaryota","Chordata","Actinopteri","Myctophiformes","Myctophidae","Stenobrachius","Stenobrachius leucopsarus"
"RL2501_F019_2_3_MV1","Symbolophorus californiensis","Actinopteri",170,"scientific name","Eukaryota","Chordata","Actinopteri","Myctophiformes","Myctophidae","Symbolophorus","Symbolophorus californiensis"
"RL2501_F019_2_3_MV1","Syngnathus","Actinopteri",7,"scientific name","Eukaryota","Chordata","Actinopteri","Syngnathiformes","Syngnathidae","Syngnathus",NA
"RL2501_F019_2_3_MV1","Tetragonurus cuvieri","Actinopteri",106,"scientific name","Eukaryota","Chordata","Actinopteri","Scombriformes","Tetragonuridae","Tetragonurus","Tetragonurus cuvieri"
"RL2501_F019_2_3_MV1","Trachurus symmetricus","Actinopteri",23,"scientific name","Eukaryota","Chordata","Actinopteri","Carangiformes","Carangidae","Trachurus","Trachurus symmetricus"
"RL2501_F019_2_3_MV1","Uria","Aves",2,"scientific name","Eukaryota","Chordata","Aves","Charadriiformes","Alcidae","Uria",NA
"RL2501_F019_2_3_MV1","Zalophus californianus","Mammalia",6,"scientific name","Eukaryota","Chordata","Mammalia","Carnivora","Otariidae","Zalophus","Zalophus californianus"
"RL2501_F019_2_3_MV1",NA,NA,38415,NA,NA,NA,NA,NA,NA,NA,NA
"RL2501_F019_2_4_MV1","Ceratoscopelus","Actinopteri",159,"scientific name","Eukaryota","Chordata","Actinopteri","Myctophiformes","Myctophidae","Ceratoscopelus",NA
"RL2501_F019_2_4_MV1","Engraulis mordax","Actinopteri",674,"scientific name","Eukaryota","Chordata","Actinopteri","Clupeiformes","Engraulidae","Engraulis","Engraulis mordax"
"RL2501_F019_2_4_MV1","Homo sapiens","Mammalia",430,"scientific name","Eukaryota","Chordata","Mammalia","Primates","Hominidae","Homo","Homo sapiens"
"RL2501_F019_2_4_MV1","Nansenia ardesiaca","Actinopteri",142,"scientific name","Eukaryota","Chordata","Actinopteri","Argentiniformes","Microstomatidae","Nansenia","Nansenia ardesiaca"
"RL2501_F019_2_4_MV1","Phosichthyidae","Actinopteri",590,"scientific name","Eukaryota","Chordata","Actinopteri","Stomiiformes","Phosichthyidae",NA,NA
"RL2501_F019_2_4_MV1","Photonectes margarita","Actinopteri",581,"scientific name","Eukaryota","Chordata","Actinopteri","Stomiiformes","Stomiidae","Photonectes","Photonectes margarita"
"RL2501_F019_2_4_MV1",NA,NA,38651,NA,NA,NA,NA,NA,NA,NA,NA
"RL2501_F020_1_1_MV1","Ceratoscopelus","Actinopteri",570,"scientific name","Eukaryota","Chordata","Actinopteri","Myctophiformes","Myctophidae","Ceratoscopelus",NA
"RL2501_F020_1_1_MV1","Cyclothone signata","Actinopteri",1165,"scientific name","Eukaryota","Chordata","Actinopteri","Stomiiformes","Gonostomatidae","Cyclothone","Cyclothone signata"
"RL2501_F020_1_1_MV1","Delphinidae","Mammalia",3,"scientific name","Eukaryota","Chordata","Mammalia","Artiodactyla","Delphinidae",NA,NA
"RL2501_F020_1_1_MV1","Gigantactis vanhoeffeni","Actinopteri",138,"scientific name","Eukaryota","Chordata","Actinopteri","Lophiiformes","Gigantactinidae","Gigantactis","Gigantactis vanhoeffeni"
"RL2501_F020_1_1_MV1","Lampadena urophaos","Actinopteri",328,"scientific name","Eukaryota","Chordata","Actinopteri","Myctophiformes","Myctophidae","Lampadena","Lampadena urophaos"
"RL2501_F020_1_1_MV1","Myctophum nitidulum","Actinopteri",352,"scientific name","Eukaryota","Chordata","Actinopteri","Myctophiformes","Myctophidae","Myctophum","Myctophum nitidulum"
"RL2501_F020_1_1_MV1","Phosichthyidae","Actinopteri",9631,"scientific name","Eukaryota","Chordata","Actinopteri","Stomiiformes","Phosichthyidae",NA,NA
"RL2501_F020_1_1_MV1","Stenella coeruleoalba","Mammalia",94,"scientific name","Eukaryota","Chordata","Mammalia","Artiodactyla","Delphinidae","Stenella","Stenella coeruleoalba"
"RL2501_F020_1_1_MV1","Symbolophorus californiensis","Actinopteri",442,"scientific name","Eukaryota","Chordata","Actinopteri","Myctophiformes","Myctophidae","Symbolophorus","Symbolophorus californiensis"
"RL2501_F020_1_1_MV1","Tursiops truncatus","Mammalia",126,"scientific name","Eukaryota","Chordata","Mammalia","Artiodactyla","Delphinidae","Tursiops","Tursiops truncatus"
"RL2501_F020_1_1_MV1",NA,NA,7407,NA,NA,NA,NA,NA,NA,NA,NA
"RL2501_F020_1_2_MV1","Alopias superciliosus","Chondrichthyes",44,"scientific name","Eukaryota","Chordata","Chondrichthyes","Lamniformes","Alopiidae","Alopias","Alopias superciliosus"
"RL2501_F020_1_2_MV1","Bolinichthys longipes","Actinopteri",216,"scientific name","Eukaryota","Chordata","Actinopteri","Myctophiformes","Myctophidae","Bolinichthys","Bolinichthys longipes"
"RL2501_F020_1_2_MV1","Ceratoscopelus","Actinopteri",1377,"scientific name","Eukaryota","Chordata","Actinopteri","Myctophiformes","Myctophidae","Ceratoscopelus",NA
"RL2501_F020_1_2_MV1","Cyclothone signata","Actinopteri",1569,"scientific name","Eukaryota","Chordata","Actinopteri","Stomiiformes","Gonostomatidae","Cyclothone","Cyclothone signata"
"RL2501_F020_1_2_MV1","Engraulis mordax","Actinopteri",331,"scientific name","Eukaryota","Chordata","Actinopteri","Clupeiformes","Engraulidae","Engraulis","Engraulis mordax"
"RL2501_F020_1_2_MV1","Homo sapiens","Mammalia",334,"scientific name","Eukaryota","Chordata","Mammalia","Primates","Hominidae","Homo","Homo sapiens"
"RL2501_F020_1_2_MV1","Myctophum nitidulum","Actinopteri",124,"scientific name","Eukaryota","Chordata","Actinopteri","Myctophiformes","Myctophidae","Myctophum","Myctophum nitidulum"
"RL2501_F020_1_2_MV1","Phosichthyidae","Actinopteri",11626,"scientific name","Eukaryota","Chordata","Actinopteri","Stomiiformes","Phosichthyidae",NA,NA
"RL2501_F020_1_2_MV1","Symbolophorus californiensis","Actinopteri",766,"scientific name","Eukaryota","Chordata","Actinopteri","Myctophiformes","Myctophidae","Symbolophorus","Symbolophorus californiensis"
"RL2501_F020_1_2_MV1","Tetragonurus cuvieri","Actinopteri",2,"scientific name","Eukaryota","Chordata","Actinopteri","Scombriformes","Tetragonuridae","Tetragonurus","Tetragonurus cuvieri"
"RL2501_F020_1_2_MV1",NA,NA,12004,NA,NA,NA,NA,NA,NA,NA,NA
"RL2501_F020_1_3_MV1","Bathylagoides wesethi","Actinopteri",223,"scientific name","Eukaryota","Chordata","Actinopteri","Argentiniformes","Bathylagidae","Bathylagoides","Bathylagoides wesethi"
"RL2501_F020_1_3_MV1","Ceratoscopelus","Actinopteri",1212,"scientific name","Eukaryota","Chordata","Actinopteri","Myctophiformes","Myctophidae","Ceratoscopelus",NA
"RL2501_F020_1_3_MV1","Cyclothone signata","Actinopteri",1518,"scientific name","Eukaryota","Chordata","Actinopteri","Stomiiformes","Gonostomatidae","Cyclothone","Cyclothone signata"
"RL2501_F020_1_3_MV1","Engraulis mordax","Actinopteri",16,"scientific name","Eukaryota","Chordata","Actinopteri","Clupeiformes","Engraulidae","Engraulis","Engraulis mordax"
"RL2501_F020_1_3_MV1","Lampanyctus tenuiformis","Actinopteri",76,"scientific name","Eukaryota","Chordata","Actinopteri","Myctophiformes","Myctophidae","Lampanyctus","Lampanyctus tenuiformis"
"RL2501_F020_1_3_MV1","Myctophum nitidulum","Actinopteri",57,"scientific name","Eukaryota","Chordata","Actinopteri","Myctophiformes","Myctophidae","Myctophum","Myctophum nitidulum"
"RL2501_F020_1_3_MV1","Phosichthyidae","Actinopteri",9411,"scientific name","Eukaryota","Chordata","Actinopteri","Stomiiformes","Phosichthyidae",NA,NA
"RL2501_F020_1_3_MV1","Stenella coeruleoalba","Mammalia",75,"scientific name","Eukaryota","Chordata","Mammalia","Artiodactyla","Delphinidae","Stenella","Stenella coeruleoalba"
"RL2501_F020_1_3_MV1","Symbolophorus californiensis","Actinopteri",124,"scientific name","Eukaryota","Chordata","Actinopteri","Myctophiformes","Myctophidae","Symbolophorus","Symbolophorus californiensis"
"RL2501_F020_1_3_MV1","Trachurus symmetricus","Actinopteri",108,"scientific name","Eukaryota","Chordata","Actinopteri","Carangiformes","Carangidae","Trachurus","Trachurus symmetricus"
"RL2501_F020_1_3_MV1",NA,NA,11804,NA,NA,NA,NA,NA,NA,NA,NA
"RL2501_F020_1_4_MV1","Alopias superciliosus","Chondrichthyes",7,"scientific name","Eukaryota","Chordata","Chondrichthyes","Lamniformes","Alopiidae","Alopias","Alopias superciliosus"
"RL2501_F020_1_4_MV1","Alopias vulpinus","Chondrichthyes",12,"scientific name","Eukaryota","Chordata","Chondrichthyes","Lamniformes","Alopiidae","Alopias","Alopias vulpinus"
"RL2501_F020_1_4_MV1","Ceratoscopelus","Actinopteri",2469,"scientific name","Eukaryota","Chordata","Actinopteri","Myctophiformes","Myctophidae","Ceratoscopelus",NA
"RL2501_F020_1_4_MV1","Cyclothone signata","Actinopteri",1613,"scientific name","Eukaryota","Chordata","Actinopteri","Stomiiformes","Gonostomatidae","Cyclothone","Cyclothone signata"
"RL2501_F020_1_4_MV1","Delphinidae","Mammalia",639,"scientific name","Eukaryota","Chordata","Mammalia","Artiodactyla","Delphinidae",NA,NA
"RL2501_F020_1_4_MV1","Lampris incognitus","Actinopteri",144,"scientific name","Eukaryota","Chordata","Actinopteri","Lampriformes","Lampridae","Lampris","Lampris incognitus"
"RL2501_F020_1_4_MV1","Lestidium","Actinopteri",227,"scientific name","Eukaryota","Chordata","Actinopteri","Aulopiformes","Paralepididae","Lestidium",NA
"RL2501_F020_1_4_MV1","Mesoplodon ginkgodens","Mammalia",131,"scientific name","Eukaryota","Chordata","Mammalia","Artiodactyla","Ziphiidae","Mesoplodon","Mesoplodon ginkgodens"
"RL2501_F020_1_4_MV1","Myctophum nitidulum","Actinopteri",424,"scientific name","Eukaryota","Chordata","Actinopteri","Myctophiformes","Myctophidae","Myctophum","Myctophum nitidulum"
"RL2501_F020_1_4_MV1","Phosichthyidae","Actinopteri",33458,"scientific name","Eukaryota","Chordata","Actinopteri","Stomiiformes","Phosichthyidae",NA,NA
"RL2501_F020_1_4_MV1","Scomber japonicus","Actinopteri",496,"scientific name","Eukaryota","Chordata","Actinopteri","Scombriformes","Scombridae","Scomber","Scomber japonicus"
"RL2501_F020_1_4_MV1","Stenella coeruleoalba","Mammalia",272,"scientific name","Eukaryota","Chordata","Mammalia","Artiodactyla","Delphinidae","Stenella","Stenella coeruleoalba"
"RL2501_F020_1_4_MV1","Tetragonurus cuvieri","Actinopteri",426,"scientific name","Eukaryota","Chordata","Actinopteri","Scombriformes","Tetragonuridae","Tetragonurus","Tetragonurus cuvieri"
"RL2501_F020_1_4_MV1","Trachurus symmetricus","Actinopteri",204,"scientific name","Eukaryota","Chordata","Actinopteri","Carangiformes","Carangidae","Trachurus","Trachurus symmetricus"
"RL2501_F020_1_4_MV1",NA,NA,8840,NA,NA,NA,NA,NA,NA,NA,NA
"RL2501_F020_2_1_MV1","Ceratoscopelus","Actinopteri",6908,"scientific name","Eukaryota","Chordata","Actinopteri","Myctophiformes","Myctophidae","Ceratoscopelus",NA
"RL2501_F020_2_1_MV1","Cololabis saira","Actinopteri",963,"scientific name","Eukaryota","Chordata","Actinopteri","Beloniformes","Belonidae","Cololabis","Cololabis saira"
"RL2501_F020_2_1_MV1","Cyclothone signata","Actinopteri",4927,"scientific name","Eukaryota","Chordata","Actinopteri","Stomiiformes","Gonostomatidae","Cyclothone","Cyclothone signata"
"RL2501_F020_2_1_MV1","Engraulis mordax","Actinopteri",3,"scientific name","Eukaryota","Chordata","Actinopteri","Clupeiformes","Engraulidae","Engraulis","Engraulis mordax"
"RL2501_F020_2_1_MV1","Homo sapiens","Mammalia",990,"scientific name","Eukaryota","Chordata","Mammalia","Primates","Hominidae","Homo","Homo sapiens"
"RL2501_F020_2_1_MV1","Myctophum nitidulum","Actinopteri",706,"scientific name","Eukaryota","Chordata","Actinopteri","Myctophiformes","Myctophidae","Myctophum","Myctophum nitidulum"
"RL2501_F020_2_1_MV1","Notoscopelus","Actinopteri",1051,"scientific name","Eukaryota","Chordata","Actinopteri","Myctophiformes","Myctophidae","Notoscopelus",NA
"RL2501_F020_2_1_MV1","Notoscopelus resplendens","Actinopteri",133,"scientific name","Eukaryota","Chordata","Actinopteri","Myctophiformes","Myctophidae","Notoscopelus","Notoscopelus resplendens"
"RL2501_F020_2_1_MV1","Phosichthyidae","Actinopteri",75583,"scientific name","Eukaryota","Chordata","Actinopteri","Stomiiformes","Phosichthyidae",NA,NA
"RL2501_F020_2_1_MV1","Stenella coeruleoalba","Mammalia",438,"scientific name","Eukaryota","Chordata","Mammalia","Artiodactyla","Delphinidae","Stenella","Stenella coeruleoalba"
"RL2501_F020_2_1_MV1","Symbolophorus californiensis","Actinopteri",2389,"scientific name","Eukaryota","Chordata","Actinopteri","Myctophiformes","Myctophidae","Symbolophorus","Symbolophorus californiensis"
"RL2501_F020_2_1_MV1","Tetragonurus cuvieri","Actinopteri",1892,"scientific name","Eukaryota","Chordata","Actinopteri","Scombriformes","Tetragonuridae","Tetragonurus","Tetragonurus cuvieri"
"RL2501_F020_2_1_MV1",NA,NA,21265,NA,NA,NA,NA,NA,NA,NA,NA
"RL2501_F020_2_2_MV1","Ceratoscopelus","Actinopteri",6945,"scientific name","Eukaryota","Chordata","Actinopteri","Myctophiformes","Myctophidae","Ceratoscopelus",NA
"RL2501_F020_2_2_MV1","Cyclothone signata","Actinopteri",11153,"scientific name","Eukaryota","Chordata","Actinopteri","Stomiiformes","Gonostomatidae","Cyclothone","Cyclothone signata"
"RL2501_F020_2_2_MV1","Delphinidae","Mammalia",140,"scientific name","Eukaryota","Chordata","Mammalia","Artiodactyla","Delphinidae",NA,NA
"RL2501_F020_2_2_MV1","Engraulis mordax","Actinopteri",65,"scientific name","Eukaryota","Chordata","Actinopteri","Clupeiformes","Engraulidae","Engraulis","Engraulis mordax"
"RL2501_F020_2_2_MV1","Homo sapiens","Mammalia",335,"scientific name","Eukaryota","Chordata","Mammalia","Primates","Hominidae","Homo","Homo sapiens"
"RL2501_F020_2_2_MV1","Lampanyctus","Actinopteri",1144,"scientific name","Eukaryota","Chordata","Actinopteri","Myctophiformes","Myctophidae","Lampanyctus",NA
"RL2501_F020_2_2_MV1","Myctophum nitidulum","Actinopteri",2536,"scientific name","Eukaryota","Chordata","Actinopteri","Myctophiformes","Myctophidae","Myctophum","Myctophum nitidulum"
"RL2501_F020_2_2_MV1","Phosichthyidae","Actinopteri",25936,"scientific name","Eukaryota","Chordata","Actinopteri","Stomiiformes","Phosichthyidae",NA,NA
"RL2501_F020_2_2_MV1","Symbolophorus californiensis","Actinopteri",617,"scientific name","Eukaryota","Chordata","Actinopteri","Myctophiformes","Myctophidae","Symbolophorus","Symbolophorus californiensis"
"RL2501_F020_2_2_MV1","Trachurus symmetricus","Actinopteri",945,"scientific name","Eukaryota","Chordata","Actinopteri","Carangiformes","Carangidae","Trachurus","Trachurus symmetricus"
"RL2501_F020_2_2_MV1",NA,NA,21281,NA,NA,NA,NA,NA,NA,NA,NA
"RL2501_F020_2_3_MV1","Ceratoscopelus","Actinopteri",6273,"scientific name","Eukaryota","Chordata","Actinopteri","Myctophiformes","Myctophidae","Ceratoscopelus",NA
"RL2501_F020_2_3_MV1","Cololabis saira","Actinopteri",310,"scientific name","Eukaryota","Chordata","Actinopteri","Beloniformes","Belonidae","Cololabis","Cololabis saira"
"RL2501_F020_2_3_MV1","Cyclothone signata","Actinopteri",3793,"scientific name","Eukaryota","Chordata","Actinopteri","Stomiiformes","Gonostomatidae","Cyclothone","Cyclothone signata"
"RL2501_F020_2_3_MV1","Diogenichthys atlanticus","Actinopteri",84,"scientific name","Eukaryota","Chordata","Actinopteri","Myctophiformes","Myctophidae","Diogenichthys","Diogenichthys atlanticus"
"RL2501_F020_2_3_MV1","Homo sapiens","Mammalia",24,"scientific name","Eukaryota","Chordata","Mammalia","Primates","Hominidae","Homo","Homo sapiens"
"RL2501_F020_2_3_MV1","Isurus oxyrinchus","Chondrichthyes",31,"scientific name","Eukaryota","Chordata","Chondrichthyes","Lamniformes","Lamnidae","Isurus","Isurus oxyrinchus"
"RL2501_F020_2_3_MV1","Myctophum nitidulum","Actinopteri",844,"scientific name","Eukaryota","Chordata","Actinopteri","Myctophiformes","Myctophidae","Myctophum","Myctophum nitidulum"
"RL2501_F020_2_3_MV1","Phosichthyidae","Actinopteri",12310,"scientific name","Eukaryota","Chordata","Actinopteri","Stomiiformes","Phosichthyidae",NA,NA
"RL2501_F020_2_3_MV1","Symbolophorus californiensis","Actinopteri",74,"scientific name","Eukaryota","Chordata","Actinopteri","Myctophiformes","Myctophidae","Symbolophorus","Symbolophorus californiensis"
"RL2501_F020_2_3_MV1","Trachurus symmetricus","Actinopteri",160,"scientific name","Eukaryota","Chordata","Actinopteri","Carangiformes","Carangidae","Trachurus","Trachurus symmetricus"
"RL2501_F020_2_3_MV1",NA,NA,10421,NA,NA,NA,NA,NA,NA,NA,NA
"RL2501_F020_2_4_MV1","Ceratoscopelus","Actinopteri",6242,"scientific name","Eukaryota","Chordata","Actinopteri","Myctophiformes","Myctophidae","Ceratoscopelus",NA
"RL2501_F020_2_4_MV1","Cyclothone signata","Actinopteri",5652,"scientific name","Eukaryota","Chordata","Actinopteri","Stomiiformes","Gonostomatidae","Cyclothone","Cyclothone signata"
"RL2501_F020_2_4_MV1","Lampanyctus reinhardti","Actinopteri",4145,"scientific name","Eukaryota","Chordata","Actinopteri","Myctophiformes","Myctophidae","Lampanyctus","Lampanyctus reinhardti"
"RL2501_F020_2_4_MV1","Myctophum nitidulum","Actinopteri",2709,"scientific name","Eukaryota","Chordata","Actinopteri","Myctophiformes","Myctophidae","Myctophum","Myctophum nitidulum"
"RL2501_F020_2_4_MV1","Phosichthyidae","Actinopteri",49962,"scientific name","Eukaryota","Chordata","Actinopteri","Stomiiformes","Phosichthyidae",NA,NA
"RL2501_F020_2_4_MV1","Scomber japonicus","Actinopteri",2244,"scientific name","Eukaryota","Chordata","Actinopteri","Scombriformes","Scombridae","Scomber","Scomber japonicus"
"RL2501_F020_2_4_MV1","Stenella coeruleoalba","Mammalia",307,"scientific name","Eukaryota","Chordata","Mammalia","Artiodactyla","Delphinidae","Stenella","Stenella coeruleoalba"
"RL2501_F020_2_4_MV1","Symbolophorus californiensis","Actinopteri",2608,"scientific name","Eukaryota","Chordata","Actinopteri","Myctophiformes","Myctophidae","Symbolophorus","Symbolophorus californiensis"
"RL2501_F020_2_4_MV1",NA,NA,26630,NA,NA,NA,NA,NA,NA,NA,NA
"RL2501_F021_1_MV1","Alopias superciliosus","Chondrichthyes",31,"scientific name","Eukaryota","Chordata","Chondrichthyes","Lamniformes","Alopiidae","Alopias","Alopias superciliosus"
"RL2501_F021_1_MV1","Ceratoscopelus","Actinopteri",830,"scientific name","Eukaryota","Chordata","Actinopteri","Myctophiformes","Myctophidae","Ceratoscopelus",NA
"RL2501_F021_1_MV1","Cyclothone signata","Actinopteri",43589,"scientific name","Eukaryota","Chordata","Actinopteri","Stomiiformes","Gonostomatidae","Cyclothone","Cyclothone signata"
"RL2501_F021_1_MV1","Engraulis mordax","Actinopteri",288,"scientific name","Eukaryota","Chordata","Actinopteri","Clupeiformes","Engraulidae","Engraulis","Engraulis mordax"
"RL2501_F021_1_MV1","Phosichthyidae","Actinopteri",362,"scientific name","Eukaryota","Chordata","Actinopteri","Stomiiformes","Phosichthyidae",NA,NA
"RL2501_F021_1_MV1","Sternoptyx diaphana","Actinopteri",42,"scientific name","Eukaryota","Chordata","Actinopteri","Stomiiformes","Sternoptychidae","Sternoptyx","Sternoptyx diaphana"
"RL2501_F021_1_MV1",NA,NA,7300,NA,NA,NA,NA,NA,NA,NA,NA
"RL2501_F021_2_MV1","Astropecten verrilli","Asteroidea",2,"scientific name","Eukaryota","Echinodermata","Asteroidea","Paxillosida","Astropectinidae","Astropecten","Astropecten verrilli"
"RL2501_F021_2_MV1","Ceratoscopelus","Actinopteri",364,"scientific name","Eukaryota","Chordata","Actinopteri","Myctophiformes","Myctophidae","Ceratoscopelus",NA
"RL2501_F021_2_MV1","Cyclothone signata","Actinopteri",29098,"scientific name","Eukaryota","Chordata","Actinopteri","Stomiiformes","Gonostomatidae","Cyclothone","Cyclothone signata"
"RL2501_F021_2_MV1","Homo sapiens","Mammalia",76,"scientific name","Eukaryota","Chordata","Mammalia","Primates","Hominidae","Homo","Homo sapiens"
"RL2501_F021_2_MV1","Lampanyctus reinhardti","Actinopteri",156,"scientific name","Eukaryota","Chordata","Actinopteri","Myctophiformes","Myctophidae","Lampanyctus","Lampanyctus reinhardti"
"RL2501_F021_2_MV1","Phosichthyidae","Actinopteri",149,"scientific name","Eukaryota","Chordata","Actinopteri","Stomiiformes","Phosichthyidae",NA,NA
"RL2501_F021_2_MV1",NA,NA,16566,NA,NA,NA,NA,NA,NA,NA,NA
"RL2501_F021_3_MV1","Alopias superciliosus","Chondrichthyes",27,"scientific name","Eukaryota","Chordata","Chondrichthyes","Lamniformes","Alopiidae","Alopias","Alopias superciliosus"
"RL2501_F021_3_MV1","Ceratoscopelus","Actinopteri",307,"scientific name","Eukaryota","Chordata","Actinopteri","Myctophiformes","Myctophidae","Ceratoscopelus",NA
"RL2501_F021_3_MV1","Citharichthys sordidus","Actinopteri",2,"scientific name","Eukaryota","Chordata","Actinopteri","Pleuronectiformes","Cyclopsettidae","Citharichthys","Citharichthys sordidus"
"RL2501_F021_3_MV1","Cyclothone signata","Actinopteri",24309,"scientific name","Eukaryota","Chordata","Actinopteri","Stomiiformes","Gonostomatidae","Cyclothone","Cyclothone signata"
"RL2501_F021_3_MV1","Engraulis mordax","Actinopteri",9,"scientific name","Eukaryota","Chordata","Actinopteri","Clupeiformes","Engraulidae","Engraulis","Engraulis mordax"
"RL2501_F021_3_MV1","Homo sapiens","Mammalia",18,"scientific name","Eukaryota","Chordata","Mammalia","Primates","Hominidae","Homo","Homo sapiens"
"RL2501_F021_3_MV1","Myctophum nitidulum","Actinopteri",14,"scientific name","Eukaryota","Chordata","Actinopteri","Myctophiformes","Myctophidae","Myctophum","Myctophum nitidulum"
"RL2501_F021_3_MV1","Notoscopelus","Actinopteri",118,"scientific name","Eukaryota","Chordata","Actinopteri","Myctophiformes","Myctophidae","Notoscopelus",NA
"RL2501_F021_3_MV1","Phosichthyidae","Actinopteri",106,"scientific name","Eukaryota","Chordata","Actinopteri","Stomiiformes","Phosichthyidae",NA,NA
"RL2501_F021_3_MV1","Sebastes","Actinopteri",4,"scientific name","Eukaryota","Chordata","Actinopteri","Perciformes","Sebastidae","Sebastes",NA
"RL2501_F021_3_MV1",NA,NA,14546,NA,NA,NA,NA,NA,NA,NA,NA
"RL2501_F021_4_MV1","Ceratoscopelus","Actinopteri",188,"scientific name","Eukaryota","Chordata","Actinopteri","Myctophiformes","Myctophidae","Ceratoscopelus",NA
"RL2501_F021_4_MV1","Cyclothone signata","Actinopteri",29287,"scientific name","Eukaryota","Chordata","Actinopteri","Stomiiformes","Gonostomatidae","Cyclothone","Cyclothone signata"
"RL2501_F021_4_MV1","Delphinidae","Mammalia",71,"scientific name","Eukaryota","Chordata","Mammalia","Artiodactyla","Delphinidae",NA,NA
"RL2501_F021_4_MV1","Lampanyctus reinhardti","Actinopteri",203,"scientific name","Eukaryota","Chordata","Actinopteri","Myctophiformes","Myctophidae","Lampanyctus","Lampanyctus reinhardti"
"RL2501_F021_4_MV1","Megaptera novaeangliae","Mammalia",100,"scientific name","Eukaryota","Chordata","Mammalia","Artiodactyla","Balaenopteridae","Megaptera","Megaptera novaeangliae"
"RL2501_F021_4_MV1","Phosichthyidae","Actinopteri",528,"scientific name","Eukaryota","Chordata","Actinopteri","Stomiiformes","Phosichthyidae",NA,NA
"RL2501_F021_4_MV1",NA,NA,15752,NA,NA,NA,NA,NA,NA,NA,NA
"RL2501_F0230_1_MV1","Astropecten verrilli","Asteroidea",1170,"scientific name","Eukaryota","Echinodermata","Asteroidea","Paxillosida","Astropectinidae","Astropecten","Astropecten verrilli"
"RL2501_F0230_1_MV1","Citharichthys sordidus","Actinopteri",22592,"scientific name","Eukaryota","Chordata","Actinopteri","Pleuronectiformes","Cyclopsettidae","Citharichthys","Citharichthys sordidus"
"RL2501_F0230_1_MV1","Delphinidae","Mammalia",6733,"scientific name","Eukaryota","Chordata","Mammalia","Artiodactyla","Delphinidae",NA,NA
"RL2501_F0230_1_MV1","Delphinus bairdii","Mammalia",5675,"scientific name","Eukaryota","Chordata","Mammalia","Artiodactyla","Delphinidae","Delphinus","Delphinus bairdii"
"RL2501_F0230_1_MV1","Diaphus theta","Actinopteri",254,"scientific name","Eukaryota","Chordata","Actinopteri","Myctophiformes","Myctophidae","Diaphus","Diaphus theta"
"RL2501_F0230_1_MV1","Engraulis mordax","Actinopteri",159695,"scientific name","Eukaryota","Chordata","Actinopteri","Clupeiformes","Engraulidae","Engraulis","Engraulis mordax"
"RL2501_F0230_1_MV1","Homo sapiens","Mammalia",1313,"scientific name","Eukaryota","Chordata","Mammalia","Primates","Hominidae","Homo","Homo sapiens"
"RL2501_F0230_1_MV1","Leuroglossus","Actinopteri",3044,"scientific name","Eukaryota","Chordata","Actinopteri","Argentiniformes","Bathylagidae","Leuroglossus",NA
"RL2501_F0230_1_MV1","Merluccius productus","Actinopteri",35,"scientific name","Eukaryota","Chordata","Actinopteri","Gadiformes","Merlucciidae","Merluccius","Merluccius productus"
"RL2501_F0230_1_MV1","Patiria miniata","Asteroidea",292,"scientific name","Eukaryota","Echinodermata","Asteroidea","Valvatida","Asterinidae","Patiria","Patiria miniata"
"RL2501_F0230_1_MV1","Phosichthyidae","Actinopteri",1429,"scientific name","Eukaryota","Chordata","Actinopteri","Stomiiformes","Phosichthyidae",NA,NA
"RL2501_F0230_1_MV1","Sebastes","Actinopteri",4072,"scientific name","Eukaryota","Chordata","Actinopteri","Perciformes","Sebastidae","Sebastes",NA
"RL2501_F0230_1_MV1","Sebastes paucispinis","Actinopteri",274,"scientific name","Eukaryota","Chordata","Actinopteri","Perciformes","Sebastidae","Sebastes","Sebastes paucispinis"
"RL2501_F0230_1_MV1",NA,NA,11911,NA,NA,NA,NA,NA,NA,NA,NA
"RL2501_F0230_2_MV1","Astropecten verrilli","Asteroidea",1121,"scientific name","Eukaryota","Echinodermata","Asteroidea","Paxillosida","Astropectinidae","Astropecten","Astropecten verrilli"
"RL2501_F0230_2_MV1","Bathycoccus prasinos","Mamiellophyceae",8,"scientific name","Eukaryota","Chlorophyta","Mamiellophyceae","Mamiellales","Bathycoccaceae","Bathycoccus","Bathycoccus prasinos"
"RL2501_F0230_2_MV1","Chiasmodontidae","Actinopteri",431,"scientific name","Eukaryota","Chordata","Actinopteri","Scombriformes","Chiasmodontidae",NA,NA
"RL2501_F0230_2_MV1","Citharichthys sordidus","Actinopteri",18533,"scientific name","Eukaryota","Chordata","Actinopteri","Pleuronectiformes","Cyclopsettidae","Citharichthys","Citharichthys sordidus"
"RL2501_F0230_2_MV1","Delphinidae","Mammalia",6316,"scientific name","Eukaryota","Chordata","Mammalia","Artiodactyla","Delphinidae",NA,NA
"RL2501_F0230_2_MV1","Delphinus bairdii","Mammalia",4057,"scientific name","Eukaryota","Chordata","Mammalia","Artiodactyla","Delphinidae","Delphinus","Delphinus bairdii"
"RL2501_F0230_2_MV1","Engraulis mordax","Actinopteri",188016,"scientific name","Eukaryota","Chordata","Actinopteri","Clupeiformes","Engraulidae","Engraulis","Engraulis mordax"
"RL2501_F0230_2_MV1","Evadne","Branchiopoda",3,"scientific name","Eukaryota","Arthropoda","Branchiopoda","Diplostraca","Podonidae","Evadne",NA
"RL2501_F0230_2_MV1","Homo sapiens","Mammalia",2508,"scientific name","Eukaryota","Chordata","Mammalia","Primates","Hominidae","Homo","Homo sapiens"
"RL2501_F0230_2_MV1","Icichthys lockingtoni","Actinopteri",243,"scientific name","Eukaryota","Chordata","Actinopteri","Scombriformes","Centrolophidae","Icichthys","Icichthys lockingtoni"
"RL2501_F0230_2_MV1","Lampanyctus tenuiformis","Actinopteri",856,"scientific name","Eukaryota","Chordata","Actinopteri","Myctophiformes","Myctophidae","Lampanyctus","Lampanyctus tenuiformis"
"RL2501_F0230_2_MV1","Merluccius productus","Actinopteri",50,"scientific name","Eukaryota","Chordata","Actinopteri","Gadiformes","Merlucciidae","Merluccius","Merluccius productus"
"RL2501_F0230_2_MV1","Patiria miniata","Asteroidea",233,"scientific name","Eukaryota","Echinodermata","Asteroidea","Valvatida","Asterinidae","Patiria","Patiria miniata"
"RL2501_F0230_2_MV1","Phosichthyidae","Actinopteri",635,"scientific name","Eukaryota","Chordata","Actinopteri","Stomiiformes","Phosichthyidae",NA,NA
"RL2501_F0230_2_MV1","Prionace glauca","Chondrichthyes",43,"scientific name","Eukaryota","Chordata","Chondrichthyes","Carcharhiniformes","Carcharhinidae","Prionace","Prionace glauca"
"RL2501_F0230_2_MV1","Pteroplatytrygon violacea","Chondrichthyes",2,"scientific name","Eukaryota","Chordata","Chondrichthyes","Myliobatiformes","Dasyatidae","Pteroplatytrygon","Pteroplatytrygon violacea"
"RL2501_F0230_2_MV1","Sebastes","Actinopteri",6186,"scientific name","Eukaryota","Chordata","Actinopteri","Perciformes","Sebastidae","Sebastes",NA
"RL2501_F0230_2_MV1","Sebastes mystinus","Actinopteri",363,"scientific name","Eukaryota","Chordata","Actinopteri","Perciformes","Sebastidae","Sebastes","Sebastes mystinus"
"RL2501_F0230_2_MV1","Sebastes pinniger","Actinopteri",182,"scientific name","Eukaryota","Chordata","Actinopteri","Perciformes","Sebastidae","Sebastes","Sebastes pinniger"
"RL2501_F0230_2_MV1","Syngnathus","Actinopteri",294,"scientific name","Eukaryota","Chordata","Actinopteri","Syngnathiformes","Syngnathidae","Syngnathus",NA
"RL2501_F0230_2_MV1","Trachurus symmetricus","Actinopteri",253,"scientific name","Eukaryota","Chordata","Actinopteri","Carangiformes","Carangidae","Trachurus","Trachurus symmetricus"
"RL2501_F0230_2_MV1","Triphoturus mexicanus","Actinopteri",523,"scientific name","Eukaryota","Chordata","Actinopteri","Myctophiformes","Myctophidae","Triphoturus","Triphoturus mexicanus"
"RL2501_F0230_2_MV1",NA,NA,13336,NA,NA,NA,NA,NA,NA,NA,NA
"RL2501_F0230_3_MV1","Astropecten verrilli","Asteroidea",781,"scientific name","Eukaryota","Echinodermata","Asteroidea","Paxillosida","Astropectinidae","Astropecten","Astropecten verrilli"
"RL2501_F0230_3_MV1","Bathycoccus prasinos","Mamiellophyceae",3,"scientific name","Eukaryota","Chlorophyta","Mamiellophyceae","Mamiellales","Bathycoccaceae","Bathycoccus","Bathycoccus prasinos"
"RL2501_F0230_3_MV1","Citharichthys sordidus","Actinopteri",14831,"scientific name","Eukaryota","Chordata","Actinopteri","Pleuronectiformes","Cyclopsettidae","Citharichthys","Citharichthys sordidus"
"RL2501_F0230_3_MV1","Delphinidae","Mammalia",1391,"scientific name","Eukaryota","Chordata","Mammalia","Artiodactyla","Delphinidae",NA,NA
"RL2501_F0230_3_MV1","Delphinus bairdii","Mammalia",3323,"scientific name","Eukaryota","Chordata","Mammalia","Artiodactyla","Delphinidae","Delphinus","Delphinus bairdii"
"RL2501_F0230_3_MV1","Engraulis mordax","Actinopteri",145154,"scientific name","Eukaryota","Chordata","Actinopteri","Clupeiformes","Engraulidae","Engraulis","Engraulis mordax"
"RL2501_F0230_3_MV1","Evadne","Branchiopoda",3,"scientific name","Eukaryota","Arthropoda","Branchiopoda","Diplostraca","Podonidae","Evadne",NA
"RL2501_F0230_3_MV1","Homo sapiens","Mammalia",712,"scientific name","Eukaryota","Chordata","Mammalia","Primates","Hominidae","Homo","Homo sapiens"
"RL2501_F0230_3_MV1","Icichthys lockingtoni","Actinopteri",604,"scientific name","Eukaryota","Chordata","Actinopteri","Scombriformes","Centrolophidae","Icichthys","Icichthys lockingtoni"
"RL2501_F0230_3_MV1","Leuroglossus","Actinopteri",356,"scientific name","Eukaryota","Chordata","Actinopteri","Argentiniformes","Bathylagidae","Leuroglossus",NA
"RL2501_F0230_3_MV1","Patiria miniata","Asteroidea",174,"scientific name","Eukaryota","Echinodermata","Asteroidea","Valvatida","Asterinidae","Patiria","Patiria miniata"
"RL2501_F0230_3_MV1","Phosichthyidae","Actinopteri",1581,"scientific name","Eukaryota","Chordata","Actinopteri","Stomiiformes","Phosichthyidae",NA,NA
"RL2501_F0230_3_MV1","Sebastes","Actinopteri",5202,"scientific name","Eukaryota","Chordata","Actinopteri","Perciformes","Sebastidae","Sebastes",NA
"RL2501_F0230_3_MV1","Strongylocentrotus purpuratus","Echinoidea",139,"scientific name","Eukaryota","Echinodermata","Echinoidea","Camarodonta","Strongylocentrotidae","Strongylocentrotus","Strongylocentrotus purpuratus"
"RL2501_F0230_3_MV1","Triphoturus mexicanus","Actinopteri",707,"scientific name","Eukaryota","Chordata","Actinopteri","Myctophiformes","Myctophidae","Triphoturus","Triphoturus mexicanus"
"RL2501_F0230_3_MV1",NA,NA,13086,NA,NA,NA,NA,NA,NA,NA,NA
"RL2501_F0230_4_MV1","Astropecten verrilli","Asteroidea",915,"scientific name","Eukaryota","Echinodermata","Asteroidea","Paxillosida","Astropectinidae","Astropecten","Astropecten verrilli"
"RL2501_F0230_4_MV1","Chiasmodontidae","Actinopteri",511,"scientific name","Eukaryota","Chordata","Actinopteri","Scombriformes","Chiasmodontidae",NA,NA
"RL2501_F0230_4_MV1","Citharichthys sordidus","Actinopteri",9430,"scientific name","Eukaryota","Chordata","Actinopteri","Pleuronectiformes","Cyclopsettidae","Citharichthys","Citharichthys sordidus"
"RL2501_F0230_4_MV1","Delphinidae","Mammalia",2015,"scientific name","Eukaryota","Chordata","Mammalia","Artiodactyla","Delphinidae",NA,NA
"RL2501_F0230_4_MV1","Delphinus bairdii","Mammalia",2452,"scientific name","Eukaryota","Chordata","Mammalia","Artiodactyla","Delphinidae","Delphinus","Delphinus bairdii"
"RL2501_F0230_4_MV1","Engraulis mordax","Actinopteri",110150,"scientific name","Eukaryota","Chordata","Actinopteri","Clupeiformes","Engraulidae","Engraulis","Engraulis mordax"
"RL2501_F0230_4_MV1","Evadne","Branchiopoda",9,"scientific name","Eukaryota","Arthropoda","Branchiopoda","Diplostraca","Podonidae","Evadne",NA
"RL2501_F0230_4_MV1","Homo sapiens","Mammalia",1153,"scientific name","Eukaryota","Chordata","Mammalia","Primates","Hominidae","Homo","Homo sapiens"
"RL2501_F0230_4_MV1","Icichthys lockingtoni","Actinopteri",509,"scientific name","Eukaryota","Chordata","Actinopteri","Scombriformes","Centrolophidae","Icichthys","Icichthys lockingtoni"
"RL2501_F0230_4_MV1","Lampanyctus tenuiformis","Actinopteri",504,"scientific name","Eukaryota","Chordata","Actinopteri","Myctophiformes","Myctophidae","Lampanyctus","Lampanyctus tenuiformis"
"RL2501_F0230_4_MV1","Leuroglossus","Actinopteri",1186,"scientific name","Eukaryota","Chordata","Actinopteri","Argentiniformes","Bathylagidae","Leuroglossus",NA
"RL2501_F0230_4_MV1","Merluccius","Actinopteri",94,"scientific name","Eukaryota","Chordata","Actinopteri","Gadiformes","Merlucciidae","Merluccius",NA
"RL2501_F0230_4_MV1","Patiria miniata","Asteroidea",133,"scientific name","Eukaryota","Echinodermata","Asteroidea","Valvatida","Asterinidae","Patiria","Patiria miniata"
"RL2501_F0230_4_MV1","Sebastes","Actinopteri",2883,"scientific name","Eukaryota","Chordata","Actinopteri","Perciformes","Sebastidae","Sebastes",NA
"RL2501_F0230_4_MV1","Sebastes pinniger","Actinopteri",197,"scientific name","Eukaryota","Chordata","Actinopteri","Perciformes","Sebastidae","Sebastes","Sebastes pinniger"
"RL2501_F0230_4_MV1","Strongylocentrotus purpuratus","Echinoidea",222,"scientific name","Eukaryota","Echinodermata","Echinoidea","Camarodonta","Strongylocentrotidae","Strongylocentrotus","Strongylocentrotus purpuratus"
"RL2501_F0230_4_MV1","Syngnathus","Actinopteri",322,"scientific name","Eukaryota","Chordata","Actinopteri","Syngnathiformes","Syngnathidae","Syngnathus",NA
"RL2501_F0230_4_MV1","Triphoturus mexicanus","Actinopteri",343,"scientific name","Eukaryota","Chordata","Actinopteri","Myctophiformes","Myctophidae","Triphoturus","Triphoturus mexicanus"
"RL2501_F0230_4_MV1","Tursiops truncatus","Mammalia",106,"scientific name","Eukaryota","Chordata","Mammalia","Artiodactyla","Delphinidae","Tursiops","Tursiops truncatus"
"RL2501_F0230_4_MV1",NA,NA,13928,NA,NA,NA,NA,NA,NA,NA,NA
"RL2501_F023_1_MV1","Bathycoccus prasinos","Mamiellophyceae",44,"scientific name","Eukaryota","Chlorophyta","Mamiellophyceae","Mamiellales","Bathycoccaceae","Bathycoccus","Bathycoccus prasinos"
"RL2501_F023_1_MV1","Ceratoscopelus","Actinopteri",516,"scientific name","Eukaryota","Chordata","Actinopteri","Myctophiformes","Myctophidae","Ceratoscopelus",NA
"RL2501_F023_1_MV1","Delphinidae","Mammalia",670,"scientific name","Eukaryota","Chordata","Mammalia","Artiodactyla","Delphinidae",NA,NA
"RL2501_F023_1_MV1","Engraulis mordax","Actinopteri",3884,"scientific name","Eukaryota","Chordata","Actinopteri","Clupeiformes","Engraulidae","Engraulis","Engraulis mordax"
"RL2501_F023_1_MV1","Homo sapiens","Mammalia",2263,"scientific name","Eukaryota","Chordata","Mammalia","Primates","Hominidae","Homo","Homo sapiens"
"RL2501_F023_1_MV1","Icichthys lockingtoni","Actinopteri",1252,"scientific name","Eukaryota","Chordata","Actinopteri","Scombriformes","Centrolophidae","Icichthys","Icichthys lockingtoni"
"RL2501_F023_1_MV1","Isurus oxyrinchus","Chondrichthyes",28,"scientific name","Eukaryota","Chordata","Chondrichthyes","Lamniformes","Lamnidae","Isurus","Isurus oxyrinchus"
"RL2501_F023_1_MV1","Lampanyctus reinhardti","Actinopteri",380,"scientific name","Eukaryota","Chordata","Actinopteri","Myctophiformes","Myctophidae","Lampanyctus","Lampanyctus reinhardti"
"RL2501_F023_1_MV1","Notoscopelus","Actinopteri",606,"scientific name","Eukaryota","Chordata","Actinopteri","Myctophiformes","Myctophidae","Notoscopelus",NA
"RL2501_F023_1_MV1","Phosichthyidae","Actinopteri",984,"scientific name","Eukaryota","Chordata","Actinopteri","Stomiiformes","Phosichthyidae",NA,NA
"RL2501_F023_1_MV1","Prionace glauca","Chondrichthyes",227,"scientific name","Eukaryota","Chordata","Chondrichthyes","Carcharhiniformes","Carcharhinidae","Prionace","Prionace glauca"
"RL2501_F023_1_MV1","Sus scrofa","Mammalia",89,"scientific name","Eukaryota","Chordata","Mammalia","Artiodactyla","Suidae","Sus","Sus scrofa"
"RL2501_F023_1_MV1","Symbolophorus californiensis","Actinopteri",55193,"scientific name","Eukaryota","Chordata","Actinopteri","Myctophiformes","Myctophidae","Symbolophorus","Symbolophorus californiensis"
"RL2501_F023_1_MV1","Tetragonurus cuvieri","Actinopteri",72464,"scientific name","Eukaryota","Chordata","Actinopteri","Scombriformes","Tetragonuridae","Tetragonurus","Tetragonurus cuvieri"
"RL2501_F023_1_MV1","Trachipterus","Actinopteri",551,"scientific name","Eukaryota","Chordata","Actinopteri","Lampriformes","Trachipteridae","Trachipterus",NA
"RL2501_F023_1_MV1","Trachurus symmetricus","Actinopteri",1122,"scientific name","Eukaryota","Chordata","Actinopteri","Carangiformes","Carangidae","Trachurus","Trachurus symmetricus"
"RL2501_F023_1_MV1",NA,NA,5887,NA,NA,NA,NA,NA,NA,NA,NA
"RL2501_F023_2_MV1","Bathycoccus prasinos","Mamiellophyceae",3,"scientific name","Eukaryota","Chlorophyta","Mamiellophyceae","Mamiellales","Bathycoccaceae","Bathycoccus","Bathycoccus prasinos"
"RL2501_F023_2_MV1","Ceratoscopelus","Actinopteri",335,"scientific name","Eukaryota","Chordata","Actinopteri","Myctophiformes","Myctophidae","Ceratoscopelus",NA
"RL2501_F023_2_MV1","Chiasmodontidae","Actinopteri",346,"scientific name","Eukaryota","Chordata","Actinopteri","Scombriformes","Chiasmodontidae",NA,NA
"RL2501_F023_2_MV1","Delphinidae","Mammalia",511,"scientific name","Eukaryota","Chordata","Mammalia","Artiodactyla","Delphinidae",NA,NA
"RL2501_F023_2_MV1","Diaphus theta","Actinopteri",263,"scientific name","Eukaryota","Chordata","Actinopteri","Myctophiformes","Myctophidae","Diaphus","Diaphus theta"
"RL2501_F023_2_MV1","Diogenichthys atlanticus","Actinopteri",391,"scientific name","Eukaryota","Chordata","Actinopteri","Myctophiformes","Myctophidae","Diogenichthys","Diogenichthys atlanticus"
"RL2501_F023_2_MV1","Engraulis mordax","Actinopteri",363,"scientific name","Eukaryota","Chordata","Actinopteri","Clupeiformes","Engraulidae","Engraulis","Engraulis mordax"
"RL2501_F023_2_MV1","Homo sapiens","Mammalia",1358,"scientific name","Eukaryota","Chordata","Mammalia","Primates","Hominidae","Homo","Homo sapiens"
"RL2501_F023_2_MV1","Icichthys lockingtoni","Actinopteri",277,"scientific name","Eukaryota","Chordata","Actinopteri","Scombriformes","Centrolophidae","Icichthys","Icichthys lockingtoni"
"RL2501_F023_2_MV1","Isurus oxyrinchus","Chondrichthyes",95,"scientific name","Eukaryota","Chordata","Chondrichthyes","Lamniformes","Lamnidae","Isurus","Isurus oxyrinchus"
"RL2501_F023_2_MV1","Notoscopelus","Actinopteri",443,"scientific name","Eukaryota","Chordata","Actinopteri","Myctophiformes","Myctophidae","Notoscopelus",NA
"RL2501_F023_2_MV1","Phosichthyidae","Actinopteri",599,"scientific name","Eukaryota","Chordata","Actinopteri","Stomiiformes","Phosichthyidae",NA,NA
"RL2501_F023_2_MV1","Prionace glauca","Chondrichthyes",70,"scientific name","Eukaryota","Chordata","Chondrichthyes","Carcharhiniformes","Carcharhinidae","Prionace","Prionace glauca"
"RL2501_F023_2_MV1","Symbolophorus californiensis","Actinopteri",37845,"scientific name","Eukaryota","Chordata","Actinopteri","Myctophiformes","Myctophidae","Symbolophorus","Symbolophorus californiensis"
"RL2501_F023_2_MV1","Tetragonurus cuvieri","Actinopteri",58253,"scientific name","Eukaryota","Chordata","Actinopteri","Scombriformes","Tetragonuridae","Tetragonurus","Tetragonurus cuvieri"
"RL2501_F023_2_MV1","Trachurus symmetricus","Actinopteri",682,"scientific name","Eukaryota","Chordata","Actinopteri","Carangiformes","Carangidae","Trachurus","Trachurus symmetricus"
"RL2501_F023_2_MV1",NA,NA,12623,NA,NA,NA,NA,NA,NA,NA,NA
"RL2501_F023_3_MV1","Ceratoscopelus","Actinopteri",53,"scientific name","Eukaryota","Chordata","Actinopteri","Myctophiformes","Myctophidae","Ceratoscopelus",NA
"RL2501_F023_3_MV1","Chiasmodontidae","Actinopteri",357,"scientific name","Eukaryota","Chordata","Actinopteri","Scombriformes","Chiasmodontidae",NA,NA
"RL2501_F023_3_MV1","Engraulis mordax","Actinopteri",1189,"scientific name","Eukaryota","Chordata","Actinopteri","Clupeiformes","Engraulidae","Engraulis","Engraulis mordax"
"RL2501_F023_3_MV1","Homo sapiens","Mammalia",554,"scientific name","Eukaryota","Chordata","Mammalia","Primates","Hominidae","Homo","Homo sapiens"
"RL2501_F023_3_MV1","Icichthys lockingtoni","Actinopteri",516,"scientific name","Eukaryota","Chordata","Actinopteri","Scombriformes","Centrolophidae","Icichthys","Icichthys lockingtoni"
"RL2501_F023_3_MV1","Ostreococcus sp. lucimarinus","Mamiellophyceae",61,"synonym","Eukaryota","Chlorophyta","Mamiellophyceae","Mamiellales","Bathycoccaceae","Ostreococcus","Ostreococcus sp. 'lucimarinus'"
"RL2501_F023_3_MV1","Phosichthyidae","Actinopteri",282,"scientific name","Eukaryota","Chordata","Actinopteri","Stomiiformes","Phosichthyidae",NA,NA
"RL2501_F023_3_MV1","Prionace glauca","Chondrichthyes",45,"scientific name","Eukaryota","Chordata","Chondrichthyes","Carcharhiniformes","Carcharhinidae","Prionace","Prionace glauca"
"RL2501_F023_3_MV1","Symbolophorus californiensis","Actinopteri",20932,"scientific name","Eukaryota","Chordata","Actinopteri","Myctophiformes","Myctophidae","Symbolophorus","Symbolophorus californiensis"
"RL2501_F023_3_MV1","Tetragonurus cuvieri","Actinopteri",31689,"scientific name","Eukaryota","Chordata","Actinopteri","Scombriformes","Tetragonuridae","Tetragonurus","Tetragonurus cuvieri"
"RL2501_F023_3_MV1","Trachurus symmetricus","Actinopteri",345,"scientific name","Eukaryota","Chordata","Actinopteri","Carangiformes","Carangidae","Trachurus","Trachurus symmetricus"
"RL2501_F023_3_MV1",NA,NA,14940,NA,NA,NA,NA,NA,NA,NA,NA
"RL2501_F023_4_MV1","Homo sapiens","Mammalia",14,"scientific name","Eukaryota","Chordata","Mammalia","Primates","Hominidae","Homo","Homo sapiens"
"RL2501_F023_4_MV1","Symbolophorus californiensis","Actinopteri",2037,"scientific name","Eukaryota","Chordata","Actinopteri","Myctophiformes","Myctophidae","Symbolophorus","Symbolophorus californiensis"
"RL2501_F023_4_MV1","Tetragonurus cuvieri","Actinopteri",383,"scientific name","Eukaryota","Chordata","Actinopteri","Scombriformes","Tetragonuridae","Tetragonurus","Tetragonurus cuvieri"
"RL2501_F023_4_MV1",NA,NA,7496,NA,NA,NA,NA,NA,NA,NA,NA
"RL2501_F024_1_MV1","Arctocephalus townsendi","Mammalia",385,"scientific name","Eukaryota","Chordata","Mammalia","Carnivora","Otariidae","Arctocephalus","Arctocephalus townsendi"
"RL2501_F024_1_MV1","Bathylagoides wesethi","Actinopteri",1213,"scientific name","Eukaryota","Chordata","Actinopteri","Argentiniformes","Bathylagidae","Bathylagoides","Bathylagoides wesethi"
"RL2501_F024_1_MV1","Ceratoscopelus","Actinopteri",179,"scientific name","Eukaryota","Chordata","Actinopteri","Myctophiformes","Myctophidae","Ceratoscopelus",NA
"RL2501_F024_1_MV1","Cololabis saira","Actinopteri",401,"scientific name","Eukaryota","Chordata","Actinopteri","Beloniformes","Belonidae","Cololabis","Cololabis saira"
"RL2501_F024_1_MV1","Delphinidae","Mammalia",611,"scientific name","Eukaryota","Chordata","Mammalia","Artiodactyla","Delphinidae",NA,NA
"RL2501_F024_1_MV1","Engraulis mordax","Actinopteri",1962,"scientific name","Eukaryota","Chordata","Actinopteri","Clupeiformes","Engraulidae","Engraulis","Engraulis mordax"
"RL2501_F024_1_MV1","Homo sapiens","Mammalia",1059,"scientific name","Eukaryota","Chordata","Mammalia","Primates","Hominidae","Homo","Homo sapiens"
"RL2501_F024_1_MV1","Icichthys lockingtoni","Actinopteri",5996,"scientific name","Eukaryota","Chordata","Actinopteri","Scombriformes","Centrolophidae","Icichthys","Icichthys lockingtoni"
"RL2501_F024_1_MV1","Lampanyctus tenuiformis","Actinopteri",997,"scientific name","Eukaryota","Chordata","Actinopteri","Myctophiformes","Myctophidae","Lampanyctus","Lampanyctus tenuiformis"
"RL2501_F024_1_MV1","Merluccius productus","Actinopteri",1200,"scientific name","Eukaryota","Chordata","Actinopteri","Gadiformes","Merlucciidae","Merluccius","Merluccius productus"
"RL2501_F024_1_MV1","Phosichthyidae","Actinopteri",3380,"scientific name","Eukaryota","Chordata","Actinopteri","Stomiiformes","Phosichthyidae",NA,NA
"RL2501_F024_1_MV1","Symbolophorus californiensis","Actinopteri",7891,"scientific name","Eukaryota","Chordata","Actinopteri","Myctophiformes","Myctophidae","Symbolophorus","Symbolophorus californiensis"
"RL2501_F024_1_MV1","Tetragonurus cuvieri","Actinopteri",2532,"scientific name","Eukaryota","Chordata","Actinopteri","Scombriformes","Tetragonuridae","Tetragonurus","Tetragonurus cuvieri"
"RL2501_F024_1_MV1","Trachurus symmetricus","Actinopteri",9699,"scientific name","Eukaryota","Chordata","Actinopteri","Carangiformes","Carangidae","Trachurus","Trachurus symmetricus"
"RL2501_F024_1_MV1",NA,NA,2606,NA,NA,NA,NA,NA,NA,NA,NA
"RL2501_F024_2_MV1","Ceratoscopelus","Actinopteri",346,"scientific name","Eukaryota","Chordata","Actinopteri","Myctophiformes","Myctophidae","Ceratoscopelus",NA
"RL2501_F024_2_MV1","Delphinidae","Mammalia",594,"scientific name","Eukaryota","Chordata","Mammalia","Artiodactyla","Delphinidae",NA,NA
"RL2501_F024_2_MV1","Engraulis mordax","Actinopteri",3641,"scientific name","Eukaryota","Chordata","Actinopteri","Clupeiformes","Engraulidae","Engraulis","Engraulis mordax"
"RL2501_F024_2_MV1","Homo sapiens","Mammalia",748,"scientific name","Eukaryota","Chordata","Mammalia","Primates","Hominidae","Homo","Homo sapiens"
"RL2501_F024_2_MV1","Icichthys lockingtoni","Actinopteri",1964,"scientific name","Eukaryota","Chordata","Actinopteri","Scombriformes","Centrolophidae","Icichthys","Icichthys lockingtoni"
"RL2501_F024_2_MV1","Lampanyctus","Actinopteri",1378,"scientific name","Eukaryota","Chordata","Actinopteri","Myctophiformes","Myctophidae","Lampanyctus",NA
"RL2501_F024_2_MV1","Lampanyctus tenuiformis","Actinopteri",2691,"scientific name","Eukaryota","Chordata","Actinopteri","Myctophiformes","Myctophidae","Lampanyctus","Lampanyctus tenuiformis"
"RL2501_F024_2_MV1","Leuroglossus","Actinopteri",2308,"scientific name","Eukaryota","Chordata","Actinopteri","Argentiniformes","Bathylagidae","Leuroglossus",NA
"RL2501_F024_2_MV1","Lipolagus ochotensis","Actinopteri",1202,"scientific name","Eukaryota","Chordata","Actinopteri","Argentiniformes","Bathylagidae","Lipolagus","Lipolagus ochotensis"
"RL2501_F024_2_MV1","Prionace glauca","Chondrichthyes",144,"scientific name","Eukaryota","Chordata","Chondrichthyes","Carcharhiniformes","Carcharhinidae","Prionace","Prionace glauca"
"RL2501_F024_2_MV1","Scomber japonicus","Actinopteri",783,"scientific name","Eukaryota","Chordata","Actinopteri","Scombriformes","Scombridae","Scomber","Scomber japonicus"
"RL2501_F024_2_MV1","Stomias atriventer","Actinopteri",1863,"scientific name","Eukaryota","Chordata","Actinopteri","Stomiiformes","Stomiidae","Stomias","Stomias atriventer"
"RL2501_F024_2_MV1","Symbolophorus californiensis","Actinopteri",14616,"scientific name","Eukaryota","Chordata","Actinopteri","Myctophiformes","Myctophidae","Symbolophorus","Symbolophorus californiensis"
"RL2501_F024_2_MV1","Tetragonurus cuvieri","Actinopteri",5487,"scientific name","Eukaryota","Chordata","Actinopteri","Scombriformes","Tetragonuridae","Tetragonurus","Tetragonurus cuvieri"
"RL2501_F024_2_MV1","Trachurus symmetricus","Actinopteri",11798,"scientific name","Eukaryota","Chordata","Actinopteri","Carangiformes","Carangidae","Trachurus","Trachurus symmetricus"
"RL2501_F024_2_MV1","Triphoturus mexicanus","Actinopteri",674,"scientific name","Eukaryota","Chordata","Actinopteri","Myctophiformes","Myctophidae","Triphoturus","Triphoturus mexicanus"
"RL2501_F024_2_MV1",NA,NA,7417,NA,NA,NA,NA,NA,NA,NA,NA
"RL2501_F024_3_MV1","Bathylagoides wesethi","Actinopteri",632,"scientific name","Eukaryota","Chordata","Actinopteri","Argentiniformes","Bathylagidae","Bathylagoides","Bathylagoides wesethi"
"RL2501_F024_3_MV1","Ceratoscopelus","Actinopteri",395,"scientific name","Eukaryota","Chordata","Actinopteri","Myctophiformes","Myctophidae","Ceratoscopelus",NA
"RL2501_F024_3_MV1","Delphinidae","Mammalia",580,"scientific name","Eukaryota","Chordata","Mammalia","Artiodactyla","Delphinidae",NA,NA
"RL2501_F024_3_MV1","Engraulis mordax","Actinopteri",3564,"scientific name","Eukaryota","Chordata","Actinopteri","Clupeiformes","Engraulidae","Engraulis","Engraulis mordax"
"RL2501_F024_3_MV1","Gallus","Aves",367,"scientific name","Eukaryota","Chordata","Aves","Galliformes","Phasianidae","Gallus",NA
"RL2501_F024_3_MV1","Homo sapiens","Mammalia",1380,"scientific name","Eukaryota","Chordata","Mammalia","Primates","Hominidae","Homo","Homo sapiens"
"RL2501_F024_3_MV1","Icichthys lockingtoni","Actinopteri",897,"scientific name","Eukaryota","Chordata","Actinopteri","Scombriformes","Centrolophidae","Icichthys","Icichthys lockingtoni"
"RL2501_F024_3_MV1","Leuroglossus","Actinopteri",705,"scientific name","Eukaryota","Chordata","Actinopteri","Argentiniformes","Bathylagidae","Leuroglossus",NA
"RL2501_F024_3_MV1","Phosichthyidae","Actinopteri",1544,"scientific name","Eukaryota","Chordata","Actinopteri","Stomiiformes","Phosichthyidae",NA,NA
"RL2501_F024_3_MV1","Stomias atriventer","Actinopteri",1076,"scientific name","Eukaryota","Chordata","Actinopteri","Stomiiformes","Stomiidae","Stomias","Stomias atriventer"
"RL2501_F024_3_MV1","Symbolophorus californiensis","Actinopteri",9754,"scientific name","Eukaryota","Chordata","Actinopteri","Myctophiformes","Myctophidae","Symbolophorus","Symbolophorus californiensis"
"RL2501_F024_3_MV1","Tetragonurus cuvieri","Actinopteri",4675,"scientific name","Eukaryota","Chordata","Actinopteri","Scombriformes","Tetragonuridae","Tetragonurus","Tetragonurus cuvieri"
"RL2501_F024_3_MV1","Trachurus symmetricus","Actinopteri",10174,"scientific name","Eukaryota","Chordata","Actinopteri","Carangiformes","Carangidae","Trachurus","Trachurus symmetricus"
"RL2501_F024_3_MV1",NA,NA,10609,NA,NA,NA,NA,NA,NA,NA,NA
"RL2501_F024_4_MV1","Bathycoccus prasinos","Mamiellophyceae",8,"scientific name","Eukaryota","Chlorophyta","Mamiellophyceae","Mamiellales","Bathycoccaceae","Bathycoccus","Bathycoccus prasinos"
"RL2501_F024_4_MV1","Ceratoscopelus","Actinopteri",27,"scientific name","Eukaryota","Chordata","Actinopteri","Myctophiformes","Myctophidae","Ceratoscopelus",NA
"RL2501_F024_4_MV1","Engraulis mordax","Actinopteri",2,"scientific name","Eukaryota","Chordata","Actinopteri","Clupeiformes","Engraulidae","Engraulis","Engraulis mordax"
"RL2501_F024_4_MV1","Homo sapiens","Mammalia",406,"scientific name","Eukaryota","Chordata","Mammalia","Primates","Hominidae","Homo","Homo sapiens"
"RL2501_F024_4_MV1","Icichthys lockingtoni","Actinopteri",2158,"scientific name","Eukaryota","Chordata","Actinopteri","Scombriformes","Centrolophidae","Icichthys","Icichthys lockingtoni"
"RL2501_F024_4_MV1","Lampanyctus tenuiformis","Actinopteri",649,"scientific name","Eukaryota","Chordata","Actinopteri","Myctophiformes","Myctophidae","Lampanyctus","Lampanyctus tenuiformis"
"RL2501_F024_4_MV1","Leuroglossus","Actinopteri",623,"scientific name","Eukaryota","Chordata","Actinopteri","Argentiniformes","Bathylagidae","Leuroglossus",NA
"RL2501_F024_4_MV1","Lipolagus ochotensis","Actinopteri",358,"scientific name","Eukaryota","Chordata","Actinopteri","Argentiniformes","Bathylagidae","Lipolagus","Lipolagus ochotensis"
"RL2501_F024_4_MV1","Prionace glauca","Chondrichthyes",149,"scientific name","Eukaryota","Chordata","Chondrichthyes","Carcharhiniformes","Carcharhinidae","Prionace","Prionace glauca"
"RL2501_F024_4_MV1","Symbolophorus californiensis","Actinopteri",2802,"scientific name","Eukaryota","Chordata","Actinopteri","Myctophiformes","Myctophidae","Symbolophorus","Symbolophorus californiensis"
"RL2501_F024_4_MV1","Tetragonurus cuvieri","Actinopteri",876,"scientific name","Eukaryota","Chordata","Actinopteri","Scombriformes","Tetragonuridae","Tetragonurus","Tetragonurus cuvieri"
"RL2501_F024_4_MV1","Trachurus symmetricus","Actinopteri",5879,"scientific name","Eukaryota","Chordata","Actinopteri","Carangiformes","Carangidae","Trachurus","Trachurus symmetricus"
"RL2501_F024_4_MV1",NA,NA,9507,NA,NA,NA,NA,NA,NA,NA,NA
"RL2501_F025_1_MV1","Astropecten verrilli","Asteroidea",315,"scientific name","Eukaryota","Echinodermata","Asteroidea","Paxillosida","Astropectinidae","Astropecten","Astropecten verrilli"
"RL2501_F025_1_MV1","Ceratoscopelus","Actinopteri",31,"scientific name","Eukaryota","Chordata","Actinopteri","Myctophiformes","Myctophidae","Ceratoscopelus",NA
"RL2501_F025_1_MV1","Chiasmodontidae","Actinopteri",1141,"scientific name","Eukaryota","Chordata","Actinopteri","Scombriformes","Chiasmodontidae",NA,NA
"RL2501_F025_1_MV1","Cololabis saira","Actinopteri",455,"scientific name","Eukaryota","Chordata","Actinopteri","Beloniformes","Belonidae","Cololabis","Cololabis saira"
"RL2501_F025_1_MV1","Delphinidae","Mammalia",9045,"scientific name","Eukaryota","Chordata","Mammalia","Artiodactyla","Delphinidae",NA,NA
"RL2501_F025_1_MV1","Diogenichthys laternatus","Actinopteri",1986,"scientific name","Eukaryota","Chordata","Actinopteri","Myctophiformes","Myctophidae","Diogenichthys","Diogenichthys laternatus"
"RL2501_F025_1_MV1","Engraulis mordax","Actinopteri",19292,"scientific name","Eukaryota","Chordata","Actinopteri","Clupeiformes","Engraulidae","Engraulis","Engraulis mordax"
"RL2501_F025_1_MV1","Homo sapiens","Mammalia",4216,"scientific name","Eukaryota","Chordata","Mammalia","Primates","Hominidae","Homo","Homo sapiens"
"RL2501_F025_1_MV1","Icichthys lockingtoni","Actinopteri",7178,"scientific name","Eukaryota","Chordata","Actinopteri","Scombriformes","Centrolophidae","Icichthys","Icichthys lockingtoni"
"RL2501_F025_1_MV1","Leuroglossus","Actinopteri",1447,"scientific name","Eukaryota","Chordata","Actinopteri","Argentiniformes","Bathylagidae","Leuroglossus",NA
"RL2501_F025_1_MV1","Patiria miniata","Asteroidea",11,"scientific name","Eukaryota","Echinodermata","Asteroidea","Valvatida","Asterinidae","Patiria","Patiria miniata"
"RL2501_F025_1_MV1","Phosichthyidae","Actinopteri",2305,"scientific name","Eukaryota","Chordata","Actinopteri","Stomiiformes","Phosichthyidae",NA,NA
"RL2501_F025_1_MV1","Sebastes","Actinopteri",26999,"scientific name","Eukaryota","Chordata","Actinopteri","Perciformes","Sebastidae","Sebastes",NA
"RL2501_F025_1_MV1","Stomias atriventer","Actinopteri",988,"scientific name","Eukaryota","Chordata","Actinopteri","Stomiiformes","Stomiidae","Stomias","Stomias atriventer"
"RL2501_F025_1_MV1","Symbolophorus californiensis","Actinopteri",2774,"scientific name","Eukaryota","Chordata","Actinopteri","Myctophiformes","Myctophidae","Symbolophorus","Symbolophorus californiensis"
"RL2501_F025_1_MV1","Trachurus symmetricus","Actinopteri",2136,"scientific name","Eukaryota","Chordata","Actinopteri","Carangiformes","Carangidae","Trachurus","Trachurus symmetricus"
"RL2501_F025_1_MV1","Triphoturus mexicanus","Actinopteri",1748,"scientific name","Eukaryota","Chordata","Actinopteri","Myctophiformes","Myctophidae","Triphoturus","Triphoturus mexicanus"
"RL2501_F025_1_MV1",NA,NA,1602,NA,NA,NA,NA,NA,NA,NA,NA
"RL2501_F025_2_MV1","Astropecten verrilli","Asteroidea",372,"scientific name","Eukaryota","Echinodermata","Asteroidea","Paxillosida","Astropectinidae","Astropecten","Astropecten verrilli"
"RL2501_F025_2_MV1","Bathycoccus prasinos","Mamiellophyceae",57,"scientific name","Eukaryota","Chlorophyta","Mamiellophyceae","Mamiellales","Bathycoccaceae","Bathycoccus","Bathycoccus prasinos"
"RL2501_F025_2_MV1","Ceratoscopelus","Actinopteri",68,"scientific name","Eukaryota","Chordata","Actinopteri","Myctophiformes","Myctophidae","Ceratoscopelus",NA
"RL2501_F025_2_MV1","Chiasmodontidae","Actinopteri",1398,"scientific name","Eukaryota","Chordata","Actinopteri","Scombriformes","Chiasmodontidae",NA,NA
"RL2501_F025_2_MV1","Delphinidae","Mammalia",6165,"scientific name","Eukaryota","Chordata","Mammalia","Artiodactyla","Delphinidae",NA,NA
"RL2501_F025_2_MV1","Engraulis mordax","Actinopteri",31848,"scientific name","Eukaryota","Chordata","Actinopteri","Clupeiformes","Engraulidae","Engraulis","Engraulis mordax"
"RL2501_F025_2_MV1","Homo sapiens","Mammalia",6882,"scientific name","Eukaryota","Chordata","Mammalia","Primates","Hominidae","Homo","Homo sapiens"
"RL2501_F025_2_MV1","Icichthys lockingtoni","Actinopteri",4932,"scientific name","Eukaryota","Chordata","Actinopteri","Scombriformes","Centrolophidae","Icichthys","Icichthys lockingtoni"
"RL2501_F025_2_MV1","Merluccius productus","Actinopteri",1146,"scientific name","Eukaryota","Chordata","Actinopteri","Gadiformes","Merlucciidae","Merluccius","Merluccius productus"
"RL2501_F025_2_MV1","Myctophidae","Actinopteri",9,"scientific name","Eukaryota","Chordata","Actinopteri","Myctophiformes","Myctophidae",NA,NA
"RL2501_F025_2_MV1","Prionace glauca","Chondrichthyes",238,"scientific name","Eukaryota","Chordata","Chondrichthyes","Carcharhiniformes","Carcharhinidae","Prionace","Prionace glauca"
"RL2501_F025_2_MV1","Sebastes","Actinopteri",25728,"scientific name","Eukaryota","Chordata","Actinopteri","Perciformes","Sebastidae","Sebastes",NA
"RL2501_F025_2_MV1","Strongylocentrotus purpuratus","Echinoidea",537,"scientific name","Eukaryota","Echinodermata","Echinoidea","Camarodonta","Strongylocentrotidae","Strongylocentrotus","Strongylocentrotus purpuratus"
"RL2501_F025_2_MV1","Symbolophorus californiensis","Actinopteri",1011,"scientific name","Eukaryota","Chordata","Actinopteri","Myctophiformes","Myctophidae","Symbolophorus","Symbolophorus californiensis"
"RL2501_F025_2_MV1","Trachurus symmetricus","Actinopteri",6184,"scientific name","Eukaryota","Chordata","Actinopteri","Carangiformes","Carangidae","Trachurus","Trachurus symmetricus"
"RL2501_F025_2_MV1",NA,NA,2423,NA,NA,NA,NA,NA,NA,NA,NA
"RL2501_F025_3_MV1","Astropecten verrilli","Asteroidea",93,"scientific name","Eukaryota","Echinodermata","Asteroidea","Paxillosida","Astropectinidae","Astropecten","Astropecten verrilli"
"RL2501_F025_3_MV1","Delphinidae","Mammalia",2624,"scientific name","Eukaryota","Chordata","Mammalia","Artiodactyla","Delphinidae",NA,NA
"RL2501_F025_3_MV1","Diaphus theta","Actinopteri",1822,"scientific name","Eukaryota","Chordata","Actinopteri","Myctophiformes","Myctophidae","Diaphus","Diaphus theta"
"RL2501_F025_3_MV1","Engraulis mordax","Actinopteri",24243,"scientific name","Eukaryota","Chordata","Actinopteri","Clupeiformes","Engraulidae","Engraulis","Engraulis mordax"
"RL2501_F025_3_MV1","Gallus","Aves",701,"scientific name","Eukaryota","Chordata","Aves","Galliformes","Phasianidae","Gallus",NA
"RL2501_F025_3_MV1","Homo sapiens","Mammalia",5048,"scientific name","Eukaryota","Chordata","Mammalia","Primates","Hominidae","Homo","Homo sapiens"
"RL2501_F025_3_MV1","Icichthys lockingtoni","Actinopteri",5267,"scientific name","Eukaryota","Chordata","Actinopteri","Scombriformes","Centrolophidae","Icichthys","Icichthys lockingtoni"
"RL2501_F025_3_MV1","Leuroglossus","Actinopteri",802,"scientific name","Eukaryota","Chordata","Actinopteri","Argentiniformes","Bathylagidae","Leuroglossus",NA
"RL2501_F025_3_MV1","Phosichthyidae","Actinopteri",1711,"scientific name","Eukaryota","Chordata","Actinopteri","Stomiiformes","Phosichthyidae",NA,NA
"RL2501_F025_3_MV1","Prionace glauca","Chondrichthyes",63,"scientific name","Eukaryota","Chordata","Chondrichthyes","Carcharhiniformes","Carcharhinidae","Prionace","Prionace glauca"
"RL2501_F025_3_MV1","Sebastes","Actinopteri",26575,"scientific name","Eukaryota","Chordata","Actinopteri","Perciformes","Sebastidae","Sebastes",NA
"RL2501_F025_3_MV1","Symbolophorus californiensis","Actinopteri",5100,"scientific name","Eukaryota","Chordata","Actinopteri","Myctophiformes","Myctophidae","Symbolophorus","Symbolophorus californiensis"
"RL2501_F025_3_MV1","Tetragonurus cuvieri","Actinopteri",1886,"scientific name","Eukaryota","Chordata","Actinopteri","Scombriformes","Tetragonuridae","Tetragonurus","Tetragonurus cuvieri"
"RL2501_F025_3_MV1","Trachurus symmetricus","Actinopteri",4142,"scientific name","Eukaryota","Chordata","Actinopteri","Carangiformes","Carangidae","Trachurus","Trachurus symmetricus"
"RL2501_F025_3_MV1","Triphoturus mexicanus","Actinopteri",3184,"scientific name","Eukaryota","Chordata","Actinopteri","Myctophiformes","Myctophidae","Triphoturus","Triphoturus mexicanus"
"RL2501_F025_3_MV1",NA,NA,5587,NA,NA,NA,NA,NA,NA,NA,NA
"RL2501_F025_4_MV1","Artiodactyla","Mammalia",576,"scientific name","Eukaryota","Chordata","Mammalia","Artiodactyla",NA,NA,NA
"RL2501_F025_4_MV1","Astropecten verrilli","Asteroidea",157,"scientific name","Eukaryota","Echinodermata","Asteroidea","Paxillosida","Astropectinidae","Astropecten","Astropecten verrilli"
"RL2501_F025_4_MV1","Ceratoscopelus","Actinopteri",225,"scientific name","Eukaryota","Chordata","Actinopteri","Myctophiformes","Myctophidae","Ceratoscopelus",NA
"RL2501_F025_4_MV1","Cololabis saira","Actinopteri",544,"scientific name","Eukaryota","Chordata","Actinopteri","Beloniformes","Belonidae","Cololabis","Cololabis saira"
"RL2501_F025_4_MV1","Delphinidae","Mammalia",325,"scientific name","Eukaryota","Chordata","Mammalia","Artiodactyla","Delphinidae",NA,NA
"RL2501_F025_4_MV1","Diaphus theta","Actinopteri",1398,"scientific name","Eukaryota","Chordata","Actinopteri","Myctophiformes","Myctophidae","Diaphus","Diaphus theta"
"RL2501_F025_4_MV1","Engraulis mordax","Actinopteri",17300,"scientific name","Eukaryota","Chordata","Actinopteri","Clupeiformes","Engraulidae","Engraulis","Engraulis mordax"
"RL2501_F025_4_MV1","Homo sapiens","Mammalia",6724,"scientific name","Eukaryota","Chordata","Mammalia","Primates","Hominidae","Homo","Homo sapiens"
"RL2501_F025_4_MV1","Icichthys lockingtoni","Actinopteri",1758,"scientific name","Eukaryota","Chordata","Actinopteri","Scombriformes","Centrolophidae","Icichthys","Icichthys lockingtoni"
"RL2501_F025_4_MV1","Leuroglossus","Actinopteri",17,"scientific name","Eukaryota","Chordata","Actinopteri","Argentiniformes","Bathylagidae","Leuroglossus",NA
"RL2501_F025_4_MV1","Patiria miniata","Asteroidea",7,"scientific name","Eukaryota","Echinodermata","Asteroidea","Valvatida","Asterinidae","Patiria","Patiria miniata"
"RL2501_F025_4_MV1","Prionace glauca","Chondrichthyes",24,"scientific name","Eukaryota","Chordata","Chondrichthyes","Carcharhiniformes","Carcharhinidae","Prionace","Prionace glauca"
"RL2501_F025_4_MV1","Sebastes","Actinopteri",14413,"scientific name","Eukaryota","Chordata","Actinopteri","Perciformes","Sebastidae","Sebastes",NA
"RL2501_F025_4_MV1","Symbolophorus californiensis","Actinopteri",2102,"scientific name","Eukaryota","Chordata","Actinopteri","Myctophiformes","Myctophidae","Symbolophorus","Symbolophorus californiensis"
"RL2501_F025_4_MV1","Trachurus symmetricus","Actinopteri",1632,"scientific name","Eukaryota","Chordata","Actinopteri","Carangiformes","Carangidae","Trachurus","Trachurus symmetricus"
"RL2501_F025_4_MV1",NA,NA,6264,NA,NA,NA,NA,NA,NA,NA,NA
"RL2501_F026_1_MV1","Astropecten verrilli","Asteroidea",406,"scientific name","Eukaryota","Echinodermata","Asteroidea","Paxillosida","Astropectinidae","Astropecten","Astropecten verrilli"
"RL2501_F026_1_MV1","Bathycoccus prasinos","Mamiellophyceae",7,"scientific name","Eukaryota","Chlorophyta","Mamiellophyceae","Mamiellales","Bathycoccaceae","Bathycoccus","Bathycoccus prasinos"
"RL2501_F026_1_MV1","Ceratoscopelus","Actinopteri",197,"scientific name","Eukaryota","Chordata","Actinopteri","Myctophiformes","Myctophidae","Ceratoscopelus",NA
"RL2501_F026_1_MV1","Citharichthys sordidus","Actinopteri",3673,"scientific name","Eukaryota","Chordata","Actinopteri","Pleuronectiformes","Cyclopsettidae","Citharichthys","Citharichthys sordidus"
"RL2501_F026_1_MV1","Citharichthys stigmaeus","Actinopteri",406,"scientific name","Eukaryota","Chordata","Actinopteri","Pleuronectiformes","Cyclopsettidae","Citharichthys","Citharichthys stigmaeus"
"RL2501_F026_1_MV1","Delphinidae","Mammalia",432,"scientific name","Eukaryota","Chordata","Mammalia","Artiodactyla","Delphinidae",NA,NA
"RL2501_F026_1_MV1","Engraulis mordax","Actinopteri",48283,"scientific name","Eukaryota","Chordata","Actinopteri","Clupeiformes","Engraulidae","Engraulis","Engraulis mordax"
"RL2501_F026_1_MV1","Evadne","Branchiopoda",126,"scientific name","Eukaryota","Arthropoda","Branchiopoda","Diplostraca","Podonidae","Evadne",NA
"RL2501_F026_1_MV1","Homo sapiens","Mammalia",3530,"scientific name","Eukaryota","Chordata","Mammalia","Primates","Hominidae","Homo","Homo sapiens"
"RL2501_F026_1_MV1","Leuroglossus","Actinopteri",942,"scientific name","Eukaryota","Chordata","Actinopteri","Argentiniformes","Bathylagidae","Leuroglossus",NA
"RL2501_F026_1_MV1","Patiria miniata","Asteroidea",2457,"scientific name","Eukaryota","Echinodermata","Asteroidea","Valvatida","Asterinidae","Patiria","Patiria miniata"
"RL2501_F026_1_MV1","Sebastes","Actinopteri",2165,"scientific name","Eukaryota","Chordata","Actinopteri","Perciformes","Sebastidae","Sebastes",NA
"RL2501_F026_1_MV1","Stenella coeruleoalba","Mammalia",369,"scientific name","Eukaryota","Chordata","Mammalia","Artiodactyla","Delphinidae","Stenella","Stenella coeruleoalba"
"RL2501_F026_1_MV1","Strongylocentrotus purpuratus","Echinoidea",390,"scientific name","Eukaryota","Echinodermata","Echinoidea","Camarodonta","Strongylocentrotidae","Strongylocentrotus","Strongylocentrotus purpuratus"
"RL2501_F026_1_MV1","Symbolophorus californiensis","Actinopteri",1675,"scientific name","Eukaryota","Chordata","Actinopteri","Myctophiformes","Myctophidae","Symbolophorus","Symbolophorus californiensis"
"RL2501_F026_1_MV1","Trachipterus","Actinopteri",5708,"scientific name","Eukaryota","Chordata","Actinopteri","Lampriformes","Trachipteridae","Trachipterus",NA
"RL2501_F026_1_MV1",NA,NA,30416,NA,NA,NA,NA,NA,NA,NA,NA
"RL2501_F026_2_MV1","Astropecten verrilli","Asteroidea",251,"scientific name","Eukaryota","Echinodermata","Asteroidea","Paxillosida","Astropectinidae","Astropecten","Astropecten verrilli"
"RL2501_F026_2_MV1","Balaenoptera physalus","Mammalia",6,"scientific name","Eukaryota","Chordata","Mammalia","Artiodactyla","Balaenopteridae","Balaenoptera","Balaenoptera physalus"
"RL2501_F026_2_MV1","Ceratoscopelus","Actinopteri",45,"scientific name","Eukaryota","Chordata","Actinopteri","Myctophiformes","Myctophidae","Ceratoscopelus",NA
"RL2501_F026_2_MV1","Citharichthys sordidus","Actinopteri",1662,"scientific name","Eukaryota","Chordata","Actinopteri","Pleuronectiformes","Cyclopsettidae","Citharichthys","Citharichthys sordidus"
"RL2501_F026_2_MV1","Engraulis mordax","Actinopteri",29052,"scientific name","Eukaryota","Chordata","Actinopteri","Clupeiformes","Engraulidae","Engraulis","Engraulis mordax"
"RL2501_F026_2_MV1","Evadne","Branchiopoda",67,"scientific name","Eukaryota","Arthropoda","Branchiopoda","Diplostraca","Podonidae","Evadne",NA
"RL2501_F026_2_MV1","Homo sapiens","Mammalia",3753,"scientific name","Eukaryota","Chordata","Mammalia","Primates","Hominidae","Homo","Homo sapiens"
"RL2501_F026_2_MV1","Lipolagus ochotensis","Actinopteri",624,"scientific name","Eukaryota","Chordata","Actinopteri","Argentiniformes","Bathylagidae","Lipolagus","Lipolagus ochotensis"
"RL2501_F026_2_MV1","Patiria miniata","Asteroidea",1797,"scientific name","Eukaryota","Echinodermata","Asteroidea","Valvatida","Asterinidae","Patiria","Patiria miniata"
"RL2501_F026_2_MV1","Sebastes","Actinopteri",973,"scientific name","Eukaryota","Chordata","Actinopteri","Perciformes","Sebastidae","Sebastes",NA
"RL2501_F026_2_MV1","Stenella coeruleoalba","Mammalia",169,"scientific name","Eukaryota","Chordata","Mammalia","Artiodactyla","Delphinidae","Stenella","Stenella coeruleoalba"
"RL2501_F026_2_MV1","Strongylocentrotus purpuratus","Echinoidea",582,"scientific name","Eukaryota","Echinodermata","Echinoidea","Camarodonta","Strongylocentrotidae","Strongylocentrotus","Strongylocentrotus purpuratus"
"RL2501_F026_2_MV1","Symbolophorus californiensis","Actinopteri",782,"scientific name","Eukaryota","Chordata","Actinopteri","Myctophiformes","Myctophidae","Symbolophorus","Symbolophorus californiensis"
"RL2501_F026_2_MV1","Trachipterus","Actinopteri",5054,"scientific name","Eukaryota","Chordata","Actinopteri","Lampriformes","Trachipteridae","Trachipterus",NA
"RL2501_F026_2_MV1",NA,NA,27134,NA,NA,NA,NA,NA,NA,NA,NA
"RL2501_F026_3_MV1","Astropecten verrilli","Asteroidea",187,"scientific name","Eukaryota","Echinodermata","Asteroidea","Paxillosida","Astropectinidae","Astropecten","Astropecten verrilli"
"RL2501_F026_3_MV1","Citharichthys sordidus","Actinopteri",648,"scientific name","Eukaryota","Chordata","Actinopteri","Pleuronectiformes","Cyclopsettidae","Citharichthys","Citharichthys sordidus"
"RL2501_F026_3_MV1","Citharichthys stigmaeus","Actinopteri",938,"scientific name","Eukaryota","Chordata","Actinopteri","Pleuronectiformes","Cyclopsettidae","Citharichthys","Citharichthys stigmaeus"
"RL2501_F026_3_MV1","Engraulis mordax","Actinopteri",36212,"scientific name","Eukaryota","Chordata","Actinopteri","Clupeiformes","Engraulidae","Engraulis","Engraulis mordax"
"RL2501_F026_3_MV1","Evadne","Branchiopoda",172,"scientific name","Eukaryota","Arthropoda","Branchiopoda","Diplostraca","Podonidae","Evadne",NA
"RL2501_F026_3_MV1","Homo sapiens","Mammalia",1549,"scientific name","Eukaryota","Chordata","Mammalia","Primates","Hominidae","Homo","Homo sapiens"
"RL2501_F026_3_MV1","Leuroglossus","Actinopteri",428,"scientific name","Eukaryota","Chordata","Actinopteri","Argentiniformes","Bathylagidae","Leuroglossus",NA
"RL2501_F026_3_MV1","Ostreococcus sp. lucimarinus","Mamiellophyceae",231,"synonym","Eukaryota","Chlorophyta","Mamiellophyceae","Mamiellales","Bathycoccaceae","Ostreococcus","Ostreococcus sp. 'lucimarinus'"
"RL2501_F026_3_MV1","Patiria miniata","Asteroidea",1059,"scientific name","Eukaryota","Echinodermata","Asteroidea","Valvatida","Asterinidae","Patiria","Patiria miniata"
"RL2501_F026_3_MV1","Sebastes","Actinopteri",2771,"scientific name","Eukaryota","Chordata","Actinopteri","Perciformes","Sebastidae","Sebastes",NA
"RL2501_F026_3_MV1","Stenella coeruleoalba","Mammalia",254,"scientific name","Eukaryota","Chordata","Mammalia","Artiodactyla","Delphinidae","Stenella","Stenella coeruleoalba"
"RL2501_F026_3_MV1","Strongylocentrotus purpuratus","Echinoidea",555,"scientific name","Eukaryota","Echinodermata","Echinoidea","Camarodonta","Strongylocentrotidae","Strongylocentrotus","Strongylocentrotus purpuratus"
"RL2501_F026_3_MV1","Symbolophorus californiensis","Actinopteri",1006,"scientific name","Eukaryota","Chordata","Actinopteri","Myctophiformes","Myctophidae","Symbolophorus","Symbolophorus californiensis"
"RL2501_F026_3_MV1","Trachipterus","Actinopteri",5612,"scientific name","Eukaryota","Chordata","Actinopteri","Lampriformes","Trachipteridae","Trachipterus",NA
"RL2501_F026_3_MV1",NA,NA,30659,NA,NA,NA,NA,NA,NA,NA,NA
"RL2501_F026_4_MV1","Astropecten verrilli","Asteroidea",511,"scientific name","Eukaryota","Echinodermata","Asteroidea","Paxillosida","Astropectinidae","Astropecten","Astropecten verrilli"
"RL2501_F026_4_MV1","Ceratoscopelus","Actinopteri",89,"scientific name","Eukaryota","Chordata","Actinopteri","Myctophiformes","Myctophidae","Ceratoscopelus",NA
"RL2501_F026_4_MV1","Citharichthys sordidus","Actinopteri",2921,"scientific name","Eukaryota","Chordata","Actinopteri","Pleuronectiformes","Cyclopsettidae","Citharichthys","Citharichthys sordidus"
"RL2501_F026_4_MV1","Citharichthys stigmaeus","Actinopteri",347,"scientific name","Eukaryota","Chordata","Actinopteri","Pleuronectiformes","Cyclopsettidae","Citharichthys","Citharichthys stigmaeus"
"RL2501_F026_4_MV1","Cololabis saira","Actinopteri",388,"scientific name","Eukaryota","Chordata","Actinopteri","Beloniformes","Belonidae","Cololabis","Cololabis saira"
"RL2501_F026_4_MV1","Engraulis mordax","Actinopteri",26071,"scientific name","Eukaryota","Chordata","Actinopteri","Clupeiformes","Engraulidae","Engraulis","Engraulis mordax"
"RL2501_F026_4_MV1","Evadne","Branchiopoda",172,"scientific name","Eukaryota","Arthropoda","Branchiopoda","Diplostraca","Podonidae","Evadne",NA
"RL2501_F026_4_MV1","Homo sapiens","Mammalia",2812,"scientific name","Eukaryota","Chordata","Mammalia","Primates","Hominidae","Homo","Homo sapiens"
"RL2501_F026_4_MV1","Leuroglossus","Actinopteri",346,"scientific name","Eukaryota","Chordata","Actinopteri","Argentiniformes","Bathylagidae","Leuroglossus",NA
"RL2501_F026_4_MV1","Patiria miniata","Asteroidea",1736,"scientific name","Eukaryota","Echinodermata","Asteroidea","Valvatida","Asterinidae","Patiria","Patiria miniata"
"RL2501_F026_4_MV1","Sardinops sagax","Actinopteri",651,"scientific name","Eukaryota","Chordata","Actinopteri","Clupeiformes","Clupeidae","Sardinops","Sardinops sagax"
"RL2501_F026_4_MV1","Sebastes","Actinopteri",3257,"scientific name","Eukaryota","Chordata","Actinopteri","Perciformes","Sebastidae","Sebastes",NA
"RL2501_F026_4_MV1","Strongylocentrotus purpuratus","Echinoidea",728,"scientific name","Eukaryota","Echinodermata","Echinoidea","Camarodonta","Strongylocentrotidae","Strongylocentrotus","Strongylocentrotus purpuratus"
"RL2501_F026_4_MV1","Symbolophorus californiensis","Actinopteri",1245,"scientific name","Eukaryota","Chordata","Actinopteri","Myctophiformes","Myctophidae","Symbolophorus","Symbolophorus californiensis"
"RL2501_F026_4_MV1","Trachipterus","Actinopteri",3375,"scientific name","Eukaryota","Chordata","Actinopteri","Lampriformes","Trachipteridae","Trachipterus",NA
"RL2501_F026_4_MV1",NA,NA,28031,NA,NA,NA,NA,NA,NA,NA,NA
"RL2501_F027_1_MV1","Astropecten verrilli","Asteroidea",79,"scientific name","Eukaryota","Echinodermata","Asteroidea","Paxillosida","Astropectinidae","Astropecten","Astropecten verrilli"
"RL2501_F027_1_MV1","Balaenoptera physalus","Mammalia",170,"scientific name","Eukaryota","Chordata","Mammalia","Artiodactyla","Balaenopteridae","Balaenoptera","Balaenoptera physalus"
"RL2501_F027_1_MV1","Chiasmodontidae","Actinopteri",1513,"scientific name","Eukaryota","Chordata","Actinopteri","Scombriformes","Chiasmodontidae",NA,NA
"RL2501_F027_1_MV1","Engraulis mordax","Actinopteri",84389,"scientific name","Eukaryota","Chordata","Actinopteri","Clupeiformes","Engraulidae","Engraulis","Engraulis mordax"
"RL2501_F027_1_MV1","Homo sapiens","Mammalia",470,"scientific name","Eukaryota","Chordata","Mammalia","Primates","Hominidae","Homo","Homo sapiens"
"RL2501_F027_1_MV1","Icichthys lockingtoni","Actinopteri",642,"scientific name","Eukaryota","Chordata","Actinopteri","Scombriformes","Centrolophidae","Icichthys","Icichthys lockingtoni"
"RL2501_F027_1_MV1","Luidia foliolata","Asteroidea",2,"scientific name","Eukaryota","Echinodermata","Asteroidea","Paxillosida","Luidiidae","Luidia","Luidia foliolata"
"RL2501_F027_1_MV1","Merluccius productus","Actinopteri",1088,"scientific name","Eukaryota","Chordata","Actinopteri","Gadiformes","Merlucciidae","Merluccius","Merluccius productus"
"RL2501_F027_1_MV1","Mola","Actinopteri",299,"scientific name","Eukaryota","Chordata","Actinopteri","Tetraodontiformes","Molidae","Mola",NA
"RL2501_F027_1_MV1","Paralepididae","Actinopteri",361,"scientific name","Eukaryota","Chordata","Actinopteri","Aulopiformes","Paralepididae",NA,NA
"RL2501_F027_1_MV1","Patiria miniata","Asteroidea",112,"scientific name","Eukaryota","Echinodermata","Asteroidea","Valvatida","Asterinidae","Patiria","Patiria miniata"
"RL2501_F027_1_MV1","Phosichthyidae","Actinopteri",932,"scientific name","Eukaryota","Chordata","Actinopteri","Stomiiformes","Phosichthyidae",NA,NA
"RL2501_F027_1_MV1","Pisaster","Asteroidea",45,"scientific name","Eukaryota","Echinodermata","Asteroidea","Forcipulatida","Asteriidae","Pisaster",NA
"RL2501_F027_1_MV1","Prionace glauca","Chondrichthyes",27,"scientific name","Eukaryota","Chordata","Chondrichthyes","Carcharhiniformes","Carcharhinidae","Prionace","Prionace glauca"
"RL2501_F027_1_MV1","Scomber japonicus","Actinopteri",127,"scientific name","Eukaryota","Chordata","Actinopteri","Scombriformes","Scombridae","Scomber","Scomber japonicus"
"RL2501_F027_1_MV1","Sebastes","Actinopteri",148490,"scientific name","Eukaryota","Chordata","Actinopteri","Perciformes","Sebastidae","Sebastes",NA
"RL2501_F027_1_MV1","Sebastes pinniger","Actinopteri",8129,"scientific name","Eukaryota","Chordata","Actinopteri","Perciformes","Sebastidae","Sebastes","Sebastes pinniger"
"RL2501_F027_1_MV1","Stomias atriventer","Actinopteri",11072,"scientific name","Eukaryota","Chordata","Actinopteri","Stomiiformes","Stomiidae","Stomias","Stomias atriventer"
"RL2501_F027_1_MV1","Symbolophorus californiensis","Actinopteri",429,"scientific name","Eukaryota","Chordata","Actinopteri","Myctophiformes","Myctophidae","Symbolophorus","Symbolophorus californiensis"
"RL2501_F027_1_MV1","Thunnus","Actinopteri",2086,"scientific name","Eukaryota","Chordata","Actinopteri","Scombriformes","Scombridae","Thunnus",NA
"RL2501_F027_1_MV1","Trachipterus","Actinopteri",216,"scientific name","Eukaryota","Chordata","Actinopteri","Lampriformes","Trachipteridae","Trachipterus",NA
"RL2501_F027_1_MV1",NA,NA,3629,NA,NA,NA,NA,NA,NA,NA,NA
"RL2501_F027_2_MV1","Astropecten verrilli","Asteroidea",72,"scientific name","Eukaryota","Echinodermata","Asteroidea","Paxillosida","Astropectinidae","Astropecten","Astropecten verrilli"
"RL2501_F027_2_MV1","Chiasmodontidae","Actinopteri",2000,"scientific name","Eukaryota","Chordata","Actinopteri","Scombriformes","Chiasmodontidae",NA,NA
"RL2501_F027_2_MV1","Citharichthys sordidus","Actinopteri",161,"scientific name","Eukaryota","Chordata","Actinopteri","Pleuronectiformes","Cyclopsettidae","Citharichthys","Citharichthys sordidus"
"RL2501_F027_2_MV1","Cololabis saira","Actinopteri",275,"scientific name","Eukaryota","Chordata","Actinopteri","Beloniformes","Belonidae","Cololabis","Cololabis saira"
"RL2501_F027_2_MV1","Engraulis mordax","Actinopteri",98790,"scientific name","Eukaryota","Chordata","Actinopteri","Clupeiformes","Engraulidae","Engraulis","Engraulis mordax"
"RL2501_F027_2_MV1","Homo sapiens","Mammalia",591,"scientific name","Eukaryota","Chordata","Mammalia","Primates","Hominidae","Homo","Homo sapiens"
"RL2501_F027_2_MV1","Icichthys lockingtoni","Actinopteri",515,"scientific name","Eukaryota","Chordata","Actinopteri","Scombriformes","Centrolophidae","Icichthys","Icichthys lockingtoni"
"RL2501_F027_2_MV1","Lagenorhynchus obliquidens","Mammalia",162,"synonym","Eukaryota","Chordata","Mammalia","Artiodactyla","Delphinidae","Sagmatias","Sagmatias obliquidens"
"RL2501_F027_2_MV1","Leuroglossus","Actinopteri",220,"scientific name","Eukaryota","Chordata","Actinopteri","Argentiniformes","Bathylagidae","Leuroglossus",NA
"RL2501_F027_2_MV1","Merluccius productus","Actinopteri",439,"scientific name","Eukaryota","Chordata","Actinopteri","Gadiformes","Merlucciidae","Merluccius","Merluccius productus"
"RL2501_F027_2_MV1","Ostreococcus sp. lucimarinus","Mamiellophyceae",75,"synonym","Eukaryota","Chlorophyta","Mamiellophyceae","Mamiellales","Bathycoccaceae","Ostreococcus","Ostreococcus sp. 'lucimarinus'"
"RL2501_F027_2_MV1","Paralepididae","Actinopteri",351,"scientific name","Eukaryota","Chordata","Actinopteri","Aulopiformes","Paralepididae",NA,NA
"RL2501_F027_2_MV1","Patiria miniata","Asteroidea",62,"scientific name","Eukaryota","Echinodermata","Asteroidea","Valvatida","Asterinidae","Patiria","Patiria miniata"
"RL2501_F027_2_MV1","Phosichthyidae","Actinopteri",539,"scientific name","Eukaryota","Chordata","Actinopteri","Stomiiformes","Phosichthyidae",NA,NA
"RL2501_F027_2_MV1","Pisaster","Asteroidea",35,"scientific name","Eukaryota","Echinodermata","Asteroidea","Forcipulatida","Asteriidae","Pisaster",NA
"RL2501_F027_2_MV1","Prionace glauca","Chondrichthyes",8,"scientific name","Eukaryota","Chordata","Chondrichthyes","Carcharhiniformes","Carcharhinidae","Prionace","Prionace glauca"
"RL2501_F027_2_MV1","Rosenblattichthys volucris","Actinopteri",319,"scientific name","Eukaryota","Chordata","Actinopteri","Aulopiformes","Scopelarchidae","Rosenblattichthys","Rosenblattichthys volucris"
"RL2501_F027_2_MV1","Sebastes","Actinopteri",186088,"scientific name","Eukaryota","Chordata","Actinopteri","Perciformes","Sebastidae","Sebastes",NA
"RL2501_F027_2_MV1","Sebastes pinniger","Actinopteri",9200,"scientific name","Eukaryota","Chordata","Actinopteri","Perciformes","Sebastidae","Sebastes","Sebastes pinniger"
"RL2501_F027_2_MV1","Stomias atriventer","Actinopteri",13366,"scientific name","Eukaryota","Chordata","Actinopteri","Stomiiformes","Stomiidae","Stomias","Stomias atriventer"
"RL2501_F027_2_MV1","Strongylocentrotus purpuratus","Echinoidea",62,"scientific name","Eukaryota","Echinodermata","Echinoidea","Camarodonta","Strongylocentrotidae","Strongylocentrotus","Strongylocentrotus purpuratus"
"RL2501_F027_2_MV1","Symbolophorus californiensis","Actinopteri",568,"scientific name","Eukaryota","Chordata","Actinopteri","Myctophiformes","Myctophidae","Symbolophorus","Symbolophorus californiensis"
"RL2501_F027_2_MV1","Thunnus","Actinopteri",1100,"scientific name","Eukaryota","Chordata","Actinopteri","Scombriformes","Scombridae","Thunnus",NA
"RL2501_F027_2_MV1","Zalophus californianus","Mammalia",54,"scientific name","Eukaryota","Chordata","Mammalia","Carnivora","Otariidae","Zalophus","Zalophus californianus"
"RL2501_F027_2_MV1",NA,NA,5684,NA,NA,NA,NA,NA,NA,NA,NA
"RL2501_F027_3_MV1","Astropecten verrilli","Asteroidea",75,"scientific name","Eukaryota","Echinodermata","Asteroidea","Paxillosida","Astropectinidae","Astropecten","Astropecten verrilli"
"RL2501_F027_3_MV1","Balaenoptera physalus","Mammalia",70,"scientific name","Eukaryota","Chordata","Mammalia","Artiodactyla","Balaenopteridae","Balaenoptera","Balaenoptera physalus"
"RL2501_F027_3_MV1","Chiasmodontidae","Actinopteri",914,"scientific name","Eukaryota","Chordata","Actinopteri","Scombriformes","Chiasmodontidae",NA,NA
"RL2501_F027_3_MV1","Citharichthys sordidus","Actinopteri",276,"scientific name","Eukaryota","Chordata","Actinopteri","Pleuronectiformes","Cyclopsettidae","Citharichthys","Citharichthys sordidus"
"RL2501_F027_3_MV1","Engraulis mordax","Actinopteri",68723,"scientific name","Eukaryota","Chordata","Actinopteri","Clupeiformes","Engraulidae","Engraulis","Engraulis mordax"
"RL2501_F027_3_MV1","Homo sapiens","Mammalia",569,"scientific name","Eukaryota","Chordata","Mammalia","Primates","Hominidae","Homo","Homo sapiens"
"RL2501_F027_3_MV1","Icichthys lockingtoni","Actinopteri",787,"scientific name","Eukaryota","Chordata","Actinopteri","Scombriformes","Centrolophidae","Icichthys","Icichthys lockingtoni"
"RL2501_F027_3_MV1","Leuroglossus","Actinopteri",184,"scientific name","Eukaryota","Chordata","Actinopteri","Argentiniformes","Bathylagidae","Leuroglossus",NA
"RL2501_F027_3_MV1","Paralepididae","Actinopteri",635,"scientific name","Eukaryota","Chordata","Actinopteri","Aulopiformes","Paralepididae",NA,NA
"RL2501_F027_3_MV1","Patiria miniata","Asteroidea",117,"scientific name","Eukaryota","Echinodermata","Asteroidea","Valvatida","Asterinidae","Patiria","Patiria miniata"
"RL2501_F027_3_MV1","Pisaster","Asteroidea",20,"scientific name","Eukaryota","Echinodermata","Asteroidea","Forcipulatida","Asteriidae","Pisaster",NA
"RL2501_F027_3_MV1","Prionace glauca","Chondrichthyes",22,"scientific name","Eukaryota","Chordata","Chondrichthyes","Carcharhiniformes","Carcharhinidae","Prionace","Prionace glauca"
"RL2501_F027_3_MV1","Sebastes","Actinopteri",138610,"scientific name","Eukaryota","Chordata","Actinopteri","Perciformes","Sebastidae","Sebastes",NA
"RL2501_F027_3_MV1","Sebastes pinniger","Actinopteri",5944,"scientific name","Eukaryota","Chordata","Actinopteri","Perciformes","Sebastidae","Sebastes","Sebastes pinniger"
"RL2501_F027_3_MV1","Stomias atriventer","Actinopteri",8306,"scientific name","Eukaryota","Chordata","Actinopteri","Stomiiformes","Stomiidae","Stomias","Stomias atriventer"
"RL2501_F027_3_MV1","Strongylocentrotus purpuratus","Echinoidea",400,"scientific name","Eukaryota","Echinodermata","Echinoidea","Camarodonta","Strongylocentrotidae","Strongylocentrotus","Strongylocentrotus purpuratus"
"RL2501_F027_3_MV1","Thunnus","Actinopteri",897,"scientific name","Eukaryota","Chordata","Actinopteri","Scombriformes","Scombridae","Thunnus",NA
"RL2501_F027_3_MV1",NA,NA,8127,NA,NA,NA,NA,NA,NA,NA,NA
"RL2501_F027_4_MV1","Astropecten verrilli","Asteroidea",103,"scientific name","Eukaryota","Echinodermata","Asteroidea","Paxillosida","Astropectinidae","Astropecten","Astropecten verrilli"
"RL2501_F027_4_MV1","Balaenoptera physalus","Mammalia",66,"scientific name","Eukaryota","Chordata","Mammalia","Artiodactyla","Balaenopteridae","Balaenoptera","Balaenoptera physalus"
"RL2501_F027_4_MV1","Chiasmodontidae","Actinopteri",727,"scientific name","Eukaryota","Chordata","Actinopteri","Scombriformes","Chiasmodontidae",NA,NA
"RL2501_F027_4_MV1","Citharichthys sordidus","Actinopteri",459,"scientific name","Eukaryota","Chordata","Actinopteri","Pleuronectiformes","Cyclopsettidae","Citharichthys","Citharichthys sordidus"
"RL2501_F027_4_MV1","Citharichthys stigmaeus","Actinopteri",20,"scientific name","Eukaryota","Chordata","Actinopteri","Pleuronectiformes","Cyclopsettidae","Citharichthys","Citharichthys stigmaeus"
"RL2501_F027_4_MV1","Cololabis saira","Actinopteri",137,"scientific name","Eukaryota","Chordata","Actinopteri","Beloniformes","Belonidae","Cololabis","Cololabis saira"
"RL2501_F027_4_MV1","Engraulis mordax","Actinopteri",85618,"scientific name","Eukaryota","Chordata","Actinopteri","Clupeiformes","Engraulidae","Engraulis","Engraulis mordax"
"RL2501_F027_4_MV1","Homo sapiens","Mammalia",564,"scientific name","Eukaryota","Chordata","Mammalia","Primates","Hominidae","Homo","Homo sapiens"
"RL2501_F027_4_MV1","Icichthys lockingtoni","Actinopteri",755,"scientific name","Eukaryota","Chordata","Actinopteri","Scombriformes","Centrolophidae","Icichthys","Icichthys lockingtoni"
"RL2501_F027_4_MV1","Lagenorhynchus obliquidens","Mammalia",43,"synonym","Eukaryota","Chordata","Mammalia","Artiodactyla","Delphinidae","Sagmatias","Sagmatias obliquidens"
"RL2501_F027_4_MV1","Lampanyctus tenuiformis","Actinopteri",279,"scientific name","Eukaryota","Chordata","Actinopteri","Myctophiformes","Myctophidae","Lampanyctus","Lampanyctus tenuiformis"
"RL2501_F027_4_MV1","Leuroglossus","Actinopteri",233,"scientific name","Eukaryota","Chordata","Actinopteri","Argentiniformes","Bathylagidae","Leuroglossus",NA
"RL2501_F027_4_MV1","Merluccius productus","Actinopteri",432,"scientific name","Eukaryota","Chordata","Actinopteri","Gadiformes","Merlucciidae","Merluccius","Merluccius productus"
"RL2501_F027_4_MV1","Paralepididae","Actinopteri",217,"scientific name","Eukaryota","Chordata","Actinopteri","Aulopiformes","Paralepididae",NA,NA
"RL2501_F027_4_MV1","Patiria miniata","Asteroidea",104,"scientific name","Eukaryota","Echinodermata","Asteroidea","Valvatida","Asterinidae","Patiria","Patiria miniata"
"RL2501_F027_4_MV1","Phosichthyidae","Actinopteri",916,"scientific name","Eukaryota","Chordata","Actinopteri","Stomiiformes","Phosichthyidae",NA,NA
"RL2501_F027_4_MV1","Pisaster","Asteroidea",14,"scientific name","Eukaryota","Echinodermata","Asteroidea","Forcipulatida","Asteriidae","Pisaster",NA
"RL2501_F027_4_MV1","Sebastes","Actinopteri",171932,"scientific name","Eukaryota","Chordata","Actinopteri","Perciformes","Sebastidae","Sebastes",NA
"RL2501_F027_4_MV1","Sebastes pinniger","Actinopteri",9348,"scientific name","Eukaryota","Chordata","Actinopteri","Perciformes","Sebastidae","Sebastes","Sebastes pinniger"
"RL2501_F027_4_MV1","Stenella coeruleoalba","Mammalia",75,"scientific name","Eukaryota","Chordata","Mammalia","Artiodactyla","Delphinidae","Stenella","Stenella coeruleoalba"
"RL2501_F027_4_MV1","Stenobrachius leucopsarus","Actinopteri",209,"scientific name","Eukaryota","Chordata","Actinopteri","Myctophiformes","Myctophidae","Stenobrachius","Stenobrachius leucopsarus"
"RL2501_F027_4_MV1","Stomias atriventer","Actinopteri",9639,"scientific name","Eukaryota","Chordata","Actinopteri","Stomiiformes","Stomiidae","Stomias","Stomias atriventer"
"RL2501_F027_4_MV1","Strongylocentrotus purpuratus","Echinoidea",35,"scientific name","Eukaryota","Echinodermata","Echinoidea","Camarodonta","Strongylocentrotidae","Strongylocentrotus","Strongylocentrotus purpuratus"
"RL2501_F027_4_MV1","Symbolophorus californiensis","Actinopteri",940,"scientific name","Eukaryota","Chordata","Actinopteri","Myctophiformes","Myctophidae","Symbolophorus","Symbolophorus californiensis"
"RL2501_F027_4_MV1","Thunnus","Actinopteri",804,"scientific name","Eukaryota","Chordata","Actinopteri","Scombriformes","Scombridae","Thunnus",NA
"RL2501_F027_4_MV1",NA,NA,4524,NA,NA,NA,NA,NA,NA,NA,NA
"RL2501_F028_1_MV1","Astropecten verrilli","Asteroidea",258,"scientific name","Eukaryota","Echinodermata","Asteroidea","Paxillosida","Astropectinidae","Astropecten","Astropecten verrilli"
"RL2501_F028_1_MV1","Balaenoptera physalus","Mammalia",1594,"scientific name","Eukaryota","Chordata","Mammalia","Artiodactyla","Balaenopteridae","Balaenoptera","Balaenoptera physalus"
"RL2501_F028_1_MV1","Engraulis mordax","Actinopteri",183207,"scientific name","Eukaryota","Chordata","Actinopteri","Clupeiformes","Engraulidae","Engraulis","Engraulis mordax"
"RL2501_F028_1_MV1","Homo sapiens","Mammalia",1035,"scientific name","Eukaryota","Chordata","Mammalia","Primates","Hominidae","Homo","Homo sapiens"
"RL2501_F028_1_MV1","Merluccius productus","Actinopteri",93,"scientific name","Eukaryota","Chordata","Actinopteri","Gadiformes","Merlucciidae","Merluccius","Merluccius productus"
"RL2501_F028_1_MV1","Patiria miniata","Asteroidea",23,"scientific name","Eukaryota","Echinodermata","Asteroidea","Valvatida","Asterinidae","Patiria","Patiria miniata"
"RL2501_F028_1_MV1","Phosichthyidae","Actinopteri",399,"scientific name","Eukaryota","Chordata","Actinopteri","Stomiiformes","Phosichthyidae",NA,NA
"RL2501_F028_1_MV1","Sebastes","Actinopteri",22026,"scientific name","Eukaryota","Chordata","Actinopteri","Perciformes","Sebastidae","Sebastes",NA
"RL2501_F028_1_MV1","Sebastes pinniger","Actinopteri",2208,"scientific name","Eukaryota","Chordata","Actinopteri","Perciformes","Sebastidae","Sebastes","Sebastes pinniger"
"RL2501_F028_1_MV1","Strongylocentrotus purpuratus","Echinoidea",65,"scientific name","Eukaryota","Echinodermata","Echinoidea","Camarodonta","Strongylocentrotidae","Strongylocentrotus","Strongylocentrotus purpuratus"
"RL2501_F028_1_MV1","Symbolophorus californiensis","Actinopteri",834,"scientific name","Eukaryota","Chordata","Actinopteri","Myctophiformes","Myctophidae","Symbolophorus","Symbolophorus californiensis"
"RL2501_F028_1_MV1",NA,NA,3143,NA,NA,NA,NA,NA,NA,NA,NA
"RL2501_F028_2_MV1","Astropecten verrilli","Asteroidea",151,"scientific name","Eukaryota","Echinodermata","Asteroidea","Paxillosida","Astropectinidae","Astropecten","Astropecten verrilli"
"RL2501_F028_2_MV1","Balaenoptera physalus","Mammalia",1235,"scientific name","Eukaryota","Chordata","Mammalia","Artiodactyla","Balaenopteridae","Balaenoptera","Balaenoptera physalus"
"RL2501_F028_2_MV1","Delphinidae","Mammalia",51,"scientific name","Eukaryota","Chordata","Mammalia","Artiodactyla","Delphinidae",NA,NA
"RL2501_F028_2_MV1","Engraulis mordax","Actinopteri",177776,"scientific name","Eukaryota","Chordata","Actinopteri","Clupeiformes","Engraulidae","Engraulis","Engraulis mordax"
"RL2501_F028_2_MV1","Homo sapiens","Mammalia",339,"scientific name","Eukaryota","Chordata","Mammalia","Primates","Hominidae","Homo","Homo sapiens"
"RL2501_F028_2_MV1","Lagenorhynchus obliquidens","Mammalia",213,"synonym","Eukaryota","Chordata","Mammalia","Artiodactyla","Delphinidae","Sagmatias","Sagmatias obliquidens"
"RL2501_F028_2_MV1","Leuroglossus","Actinopteri",219,"scientific name","Eukaryota","Chordata","Actinopteri","Argentiniformes","Bathylagidae","Leuroglossus",NA
"RL2501_F028_2_MV1","Merluccius productus","Actinopteri",86,"scientific name","Eukaryota","Chordata","Actinopteri","Gadiformes","Merlucciidae","Merluccius","Merluccius productus"
"RL2501_F028_2_MV1","Patiria miniata","Asteroidea",20,"scientific name","Eukaryota","Echinodermata","Asteroidea","Valvatida","Asterinidae","Patiria","Patiria miniata"
"RL2501_F028_2_MV1","Sebastes","Actinopteri",21038,"scientific name","Eukaryota","Chordata","Actinopteri","Perciformes","Sebastidae","Sebastes",NA
"RL2501_F028_2_MV1","Sebastes pinniger","Actinopteri",2618,"scientific name","Eukaryota","Chordata","Actinopteri","Perciformes","Sebastidae","Sebastes","Sebastes pinniger"
"RL2501_F028_2_MV1","Stomias atriventer","Actinopteri",194,"scientific name","Eukaryota","Chordata","Actinopteri","Stomiiformes","Stomiidae","Stomias","Stomias atriventer"
"RL2501_F028_2_MV1","Strongylocentrotus purpuratus","Echinoidea",253,"scientific name","Eukaryota","Echinodermata","Echinoidea","Camarodonta","Strongylocentrotidae","Strongylocentrotus","Strongylocentrotus purpuratus"
"RL2501_F028_2_MV1","Symbolophorus californiensis","Actinopteri",1289,"scientific name","Eukaryota","Chordata","Actinopteri","Myctophiformes","Myctophidae","Symbolophorus","Symbolophorus californiensis"
"RL2501_F028_2_MV1","Thunnus","Actinopteri",314,"scientific name","Eukaryota","Chordata","Actinopteri","Scombriformes","Scombridae","Thunnus",NA
"RL2501_F028_2_MV1",NA,NA,7008,NA,NA,NA,NA,NA,NA,NA,NA
"RL2501_F028_3_MV1","Astropecten verrilli","Asteroidea",148,"scientific name","Eukaryota","Echinodermata","Asteroidea","Paxillosida","Astropectinidae","Astropecten","Astropecten verrilli"
"RL2501_F028_3_MV1","Balaenoptera physalus","Mammalia",168,"scientific name","Eukaryota","Chordata","Mammalia","Artiodactyla","Balaenopteridae","Balaenoptera","Balaenoptera physalus"
"RL2501_F028_3_MV1","Bathycoccus prasinos","Mamiellophyceae",61,"scientific name","Eukaryota","Chlorophyta","Mamiellophyceae","Mamiellales","Bathycoccaceae","Bathycoccus","Bathycoccus prasinos"
"RL2501_F028_3_MV1","Delphinidae","Mammalia",150,"scientific name","Eukaryota","Chordata","Mammalia","Artiodactyla","Delphinidae",NA,NA
"RL2501_F028_3_MV1","Engraulis mordax","Actinopteri",168659,"scientific name","Eukaryota","Chordata","Actinopteri","Clupeiformes","Engraulidae","Engraulis","Engraulis mordax"
"RL2501_F028_3_MV1","Homo sapiens","Mammalia",298,"scientific name","Eukaryota","Chordata","Mammalia","Primates","Hominidae","Homo","Homo sapiens"
"RL2501_F028_3_MV1","Lagenorhynchus obliquidens","Mammalia",53,"synonym","Eukaryota","Chordata","Mammalia","Artiodactyla","Delphinidae","Sagmatias","Sagmatias obliquidens"
"RL2501_F028_3_MV1","Patiria miniata","Asteroidea",19,"scientific name","Eukaryota","Echinodermata","Asteroidea","Valvatida","Asterinidae","Patiria","Patiria miniata"
"RL2501_F028_3_MV1","Phosichthyidae","Actinopteri",71,"scientific name","Eukaryota","Chordata","Actinopteri","Stomiiformes","Phosichthyidae",NA,NA
"RL2501_F028_3_MV1","Sebastes","Actinopteri",23054,"scientific name","Eukaryota","Chordata","Actinopteri","Perciformes","Sebastidae","Sebastes",NA
"RL2501_F028_3_MV1","Sebastes pinniger","Actinopteri",3708,"scientific name","Eukaryota","Chordata","Actinopteri","Perciformes","Sebastidae","Sebastes","Sebastes pinniger"
"RL2501_F028_3_MV1","Strongylocentrotus purpuratus","Echinoidea",205,"scientific name","Eukaryota","Echinodermata","Echinoidea","Camarodonta","Strongylocentrotidae","Strongylocentrotus","Strongylocentrotus purpuratus"
"RL2501_F028_3_MV1","Symbolophorus californiensis","Actinopteri",182,"scientific name","Eukaryota","Chordata","Actinopteri","Myctophiformes","Myctophidae","Symbolophorus","Symbolophorus californiensis"
"RL2501_F028_3_MV1","Trachipterus","Actinopteri",304,"scientific name","Eukaryota","Chordata","Actinopteri","Lampriformes","Trachipteridae","Trachipterus",NA
"RL2501_F028_3_MV1",NA,NA,7419,NA,NA,NA,NA,NA,NA,NA,NA
"RL2501_F028_4_MV1","Astropecten verrilli","Asteroidea",159,"scientific name","Eukaryota","Echinodermata","Asteroidea","Paxillosida","Astropectinidae","Astropecten","Astropecten verrilli"
"RL2501_F028_4_MV1","Balaenoptera physalus","Mammalia",1346,"scientific name","Eukaryota","Chordata","Mammalia","Artiodactyla","Balaenopteridae","Balaenoptera","Balaenoptera physalus"
"RL2501_F028_4_MV1","Chiasmodontidae","Actinopteri",190,"scientific name","Eukaryota","Chordata","Actinopteri","Scombriformes","Chiasmodontidae",NA,NA
"RL2501_F028_4_MV1","Citharichthys stigmaeus","Actinopteri",155,"scientific name","Eukaryota","Chordata","Actinopteri","Pleuronectiformes","Cyclopsettidae","Citharichthys","Citharichthys stigmaeus"
"RL2501_F028_4_MV1","Engraulis mordax","Actinopteri",171423,"scientific name","Eukaryota","Chordata","Actinopteri","Clupeiformes","Engraulidae","Engraulis","Engraulis mordax"
"RL2501_F028_4_MV1","Homo sapiens","Mammalia",228,"scientific name","Eukaryota","Chordata","Mammalia","Primates","Hominidae","Homo","Homo sapiens"
"RL2501_F028_4_MV1","Isurus oxyrinchus","Chondrichthyes",249,"scientific name","Eukaryota","Chordata","Chondrichthyes","Lamniformes","Lamnidae","Isurus","Isurus oxyrinchus"
"RL2501_F028_4_MV1","Patiria miniata","Asteroidea",64,"scientific name","Eukaryota","Echinodermata","Asteroidea","Valvatida","Asterinidae","Patiria","Patiria miniata"
"RL2501_F028_4_MV1","Sebastes","Actinopteri",15105,"scientific name","Eukaryota","Chordata","Actinopteri","Perciformes","Sebastidae","Sebastes",NA
"RL2501_F028_4_MV1","Sebastes pinniger","Actinopteri",2052,"scientific name","Eukaryota","Chordata","Actinopteri","Perciformes","Sebastidae","Sebastes","Sebastes pinniger"
"RL2501_F028_4_MV1","Strongylocentrotus purpuratus","Echinoidea",71,"scientific name","Eukaryota","Echinodermata","Echinoidea","Camarodonta","Strongylocentrotidae","Strongylocentrotus","Strongylocentrotus purpuratus"
"RL2501_F028_4_MV1",NA,NA,6343,NA,NA,NA,NA,NA,NA,NA,NA
"RL2501_F029_1_MV1","Astropecten verrilli","Asteroidea",445,"scientific name","Eukaryota","Echinodermata","Asteroidea","Paxillosida","Astropectinidae","Astropecten","Astropecten verrilli"
"RL2501_F029_1_MV1","Balaenoptera physalus","Mammalia",162,"scientific name","Eukaryota","Chordata","Mammalia","Artiodactyla","Balaenopteridae","Balaenoptera","Balaenoptera physalus"
"RL2501_F029_1_MV1","Chiasmodontidae","Actinopteri",190,"scientific name","Eukaryota","Chordata","Actinopteri","Scombriformes","Chiasmodontidae",NA,NA
"RL2501_F029_1_MV1","Citharichthys sordidus","Actinopteri",6220,"scientific name","Eukaryota","Chordata","Actinopteri","Pleuronectiformes","Cyclopsettidae","Citharichthys","Citharichthys sordidus"
"RL2501_F029_1_MV1","Citharichthys stigmaeus","Actinopteri",74,"scientific name","Eukaryota","Chordata","Actinopteri","Pleuronectiformes","Cyclopsettidae","Citharichthys","Citharichthys stigmaeus"
"RL2501_F029_1_MV1","Delphinidae","Mammalia",117,"scientific name","Eukaryota","Chordata","Mammalia","Artiodactyla","Delphinidae",NA,NA
"RL2501_F029_1_MV1","Engraulis mordax","Actinopteri",188435,"scientific name","Eukaryota","Chordata","Actinopteri","Clupeiformes","Engraulidae","Engraulis","Engraulis mordax"
"RL2501_F029_1_MV1","Evadne","Branchiopoda",9,"scientific name","Eukaryota","Arthropoda","Branchiopoda","Diplostraca","Podonidae","Evadne",NA
"RL2501_F029_1_MV1","Leuroglossus","Actinopteri",228,"scientific name","Eukaryota","Chordata","Actinopteri","Argentiniformes","Bathylagidae","Leuroglossus",NA
"RL2501_F029_1_MV1","Merluccius productus","Actinopteri",123,"scientific name","Eukaryota","Chordata","Actinopteri","Gadiformes","Merlucciidae","Merluccius","Merluccius productus"
"RL2501_F029_1_MV1","Mola","Actinopteri",227,"scientific name","Eukaryota","Chordata","Actinopteri","Tetraodontiformes","Molidae","Mola",NA
"RL2501_F029_1_MV1","Patiria miniata","Asteroidea",3,"scientific name","Eukaryota","Echinodermata","Asteroidea","Valvatida","Asterinidae","Patiria","Patiria miniata"
"RL2501_F029_1_MV1","Phosichthyidae","Actinopteri",2,"scientific name","Eukaryota","Chordata","Actinopteri","Stomiiformes","Phosichthyidae",NA,NA
"RL2501_F029_1_MV1","Pisaster","Asteroidea",4,"scientific name","Eukaryota","Echinodermata","Asteroidea","Forcipulatida","Asteriidae","Pisaster",NA
"RL2501_F029_1_MV1","Prionace glauca","Chondrichthyes",34,"scientific name","Eukaryota","Chordata","Chondrichthyes","Carcharhiniformes","Carcharhinidae","Prionace","Prionace glauca"
"RL2501_F029_1_MV1","Sebastes","Actinopteri",22581,"scientific name","Eukaryota","Chordata","Actinopteri","Perciformes","Sebastidae","Sebastes",NA
"RL2501_F029_1_MV1","Sebastes pinniger","Actinopteri",134,"scientific name","Eukaryota","Chordata","Actinopteri","Perciformes","Sebastidae","Sebastes","Sebastes pinniger"
"RL2501_F029_1_MV1","Strongylocentrotus purpuratus","Echinoidea",28,"scientific name","Eukaryota","Echinodermata","Echinoidea","Camarodonta","Strongylocentrotidae","Strongylocentrotus","Strongylocentrotus purpuratus"
"RL2501_F029_1_MV1","Triphoturus mexicanus","Actinopteri",443,"scientific name","Eukaryota","Chordata","Actinopteri","Myctophiformes","Myctophidae","Triphoturus","Triphoturus mexicanus"
"RL2501_F029_1_MV1","Zalophus californianus","Mammalia",129,"scientific name","Eukaryota","Chordata","Mammalia","Carnivora","Otariidae","Zalophus","Zalophus californianus"
"RL2501_F029_1_MV1",NA,NA,2837,NA,NA,NA,NA,NA,NA,NA,NA
"RL2501_F029_2_MV1","Astropecten verrilli","Asteroidea",426,"scientific name","Eukaryota","Echinodermata","Asteroidea","Paxillosida","Astropectinidae","Astropecten","Astropecten verrilli"
"RL2501_F029_2_MV1","Balaenoptera physalus","Mammalia",56,"scientific name","Eukaryota","Chordata","Mammalia","Artiodactyla","Balaenopteridae","Balaenoptera","Balaenoptera physalus"
"RL2501_F029_2_MV1","Citharichthys sordidus","Actinopteri",5939,"scientific name","Eukaryota","Chordata","Actinopteri","Pleuronectiformes","Cyclopsettidae","Citharichthys","Citharichthys sordidus"
"RL2501_F029_2_MV1","Cololabis saira","Actinopteri",170,"scientific name","Eukaryota","Chordata","Actinopteri","Beloniformes","Belonidae","Cololabis","Cololabis saira"
"RL2501_F029_2_MV1","Cyclothone acclinidens","Actinopteri",20,"scientific name","Eukaryota","Chordata","Actinopteri","Stomiiformes","Gonostomatidae","Cyclothone","Cyclothone acclinidens"
"RL2501_F029_2_MV1","Delphinus bairdii","Mammalia",64,"scientific name","Eukaryota","Chordata","Mammalia","Artiodactyla","Delphinidae","Delphinus","Delphinus bairdii"
"RL2501_F029_2_MV1","Engraulis mordax","Actinopteri",217601,"scientific name","Eukaryota","Chordata","Actinopteri","Clupeiformes","Engraulidae","Engraulis","Engraulis mordax"
"RL2501_F029_2_MV1","Evadne","Branchiopoda",33,"scientific name","Eukaryota","Arthropoda","Branchiopoda","Diplostraca","Podonidae","Evadne",NA
"RL2501_F029_2_MV1","Homo sapiens","Mammalia",144,"scientific name","Eukaryota","Chordata","Mammalia","Primates","Hominidae","Homo","Homo sapiens"
"RL2501_F029_2_MV1","Idiacanthus antrostomus","Actinopteri",427,"scientific name","Eukaryota","Chordata","Actinopteri","Stomiiformes","Stomiidae","Idiacanthus","Idiacanthus antrostomus"
"RL2501_F029_2_MV1","Luidia foliolata","Asteroidea",3,"scientific name","Eukaryota","Echinodermata","Asteroidea","Paxillosida","Luidiidae","Luidia","Luidia foliolata"
"RL2501_F029_2_MV1","Patiria miniata","Asteroidea",35,"scientific name","Eukaryota","Echinodermata","Asteroidea","Valvatida","Asterinidae","Patiria","Patiria miniata"
"RL2501_F029_2_MV1","Phosichthyidae","Actinopteri",326,"scientific name","Eukaryota","Chordata","Actinopteri","Stomiiformes","Phosichthyidae",NA,NA
"RL2501_F029_2_MV1","Pisaster","Asteroidea",12,"scientific name","Eukaryota","Echinodermata","Asteroidea","Forcipulatida","Asteriidae","Pisaster",NA
"RL2501_F029_2_MV1","Sebastes","Actinopteri",29240,"scientific name","Eukaryota","Chordata","Actinopteri","Perciformes","Sebastidae","Sebastes",NA
"RL2501_F029_2_MV1","Sebastes pinniger","Actinopteri",724,"scientific name","Eukaryota","Chordata","Actinopteri","Perciformes","Sebastidae","Sebastes","Sebastes pinniger"
"RL2501_F029_2_MV1","Strongylocentrotus purpuratus","Echinoidea",98,"scientific name","Eukaryota","Echinodermata","Echinoidea","Camarodonta","Strongylocentrotidae","Strongylocentrotus","Strongylocentrotus purpuratus"
"RL2501_F029_2_MV1","Symbolophorus californiensis","Actinopteri",466,"scientific name","Eukaryota","Chordata","Actinopteri","Myctophiformes","Myctophidae","Symbolophorus","Symbolophorus californiensis"
"RL2501_F029_2_MV1","Triphoturus mexicanus","Actinopteri",762,"scientific name","Eukaryota","Chordata","Actinopteri","Myctophiformes","Myctophidae","Triphoturus","Triphoturus mexicanus"
"RL2501_F029_2_MV1","Zalophus californianus","Mammalia",153,"scientific name","Eukaryota","Chordata","Mammalia","Carnivora","Otariidae","Zalophus","Zalophus californianus"
"RL2501_F029_2_MV1",NA,NA,5872,NA,NA,NA,NA,NA,NA,NA,NA
"RL2501_F029_3_MV1","Astropecten verrilli","Asteroidea",272,"scientific name","Eukaryota","Echinodermata","Asteroidea","Paxillosida","Astropectinidae","Astropecten","Astropecten verrilli"
"RL2501_F029_3_MV1","Ceratoscopelus","Actinopteri",17,"scientific name","Eukaryota","Chordata","Actinopteri","Myctophiformes","Myctophidae","Ceratoscopelus",NA
"RL2501_F029_3_MV1","Chiasmodontidae","Actinopteri",445,"scientific name","Eukaryota","Chordata","Actinopteri","Scombriformes","Chiasmodontidae",NA,NA
"RL2501_F029_3_MV1","Citharichthys sordidus","Actinopteri",5763,"scientific name","Eukaryota","Chordata","Actinopteri","Pleuronectiformes","Cyclopsettidae","Citharichthys","Citharichthys sordidus"
"RL2501_F029_3_MV1","Delphinidae","Mammalia",141,"scientific name","Eukaryota","Chordata","Mammalia","Artiodactyla","Delphinidae",NA,NA
"RL2501_F029_3_MV1","Engraulis mordax","Actinopteri",164282,"scientific name","Eukaryota","Chordata","Actinopteri","Clupeiformes","Engraulidae","Engraulis","Engraulis mordax"
"RL2501_F029_3_MV1","Evadne","Branchiopoda",33,"scientific name","Eukaryota","Arthropoda","Branchiopoda","Diplostraca","Podonidae","Evadne",NA
"RL2501_F029_3_MV1","Homo sapiens","Mammalia",90,"scientific name","Eukaryota","Chordata","Mammalia","Primates","Hominidae","Homo","Homo sapiens"
"RL2501_F029_3_MV1","Leuroglossus","Actinopteri",311,"scientific name","Eukaryota","Chordata","Actinopteri","Argentiniformes","Bathylagidae","Leuroglossus",NA
"RL2501_F029_3_MV1","Merluccius productus","Actinopteri",15,"scientific name","Eukaryota","Chordata","Actinopteri","Gadiformes","Merlucciidae","Merluccius","Merluccius productus"
"RL2501_F029_3_MV1","Mola","Actinopteri",287,"scientific name","Eukaryota","Chordata","Actinopteri","Tetraodontiformes","Molidae","Mola",NA
"RL2501_F029_3_MV1","Oneirodes","Actinopteri",3,"scientific name","Eukaryota","Chordata","Actinopteri","Lophiiformes","Oneirodidae","Oneirodes",NA
"RL2501_F029_3_MV1","Patiria miniata","Asteroidea",7,"scientific name","Eukaryota","Echinodermata","Asteroidea","Valvatida","Asterinidae","Patiria","Patiria miniata"
"RL2501_F029_3_MV1","Pisaster","Asteroidea",5,"scientific name","Eukaryota","Echinodermata","Asteroidea","Forcipulatida","Asteriidae","Pisaster",NA
"RL2501_F029_3_MV1","Psenes pellucidus","Actinopteri",246,"scientific name","Eukaryota","Chordata","Actinopteri","Scombriformes","Nomeidae","Psenes","Psenes pellucidus"
"RL2501_F029_3_MV1","Sebastes","Actinopteri",22807,"scientific name","Eukaryota","Chordata","Actinopteri","Perciformes","Sebastidae","Sebastes",NA
"RL2501_F029_3_MV1","Strongylocentrotus purpuratus","Echinoidea",101,"scientific name","Eukaryota","Echinodermata","Echinoidea","Camarodonta","Strongylocentrotidae","Strongylocentrotus","Strongylocentrotus purpuratus"
"RL2501_F029_3_MV1","Symbolophorus californiensis","Actinopteri",5,"scientific name","Eukaryota","Chordata","Actinopteri","Myctophiformes","Myctophidae","Symbolophorus","Symbolophorus californiensis"
"RL2501_F029_3_MV1","Syngnathus","Actinopteri",5,"scientific name","Eukaryota","Chordata","Actinopteri","Syngnathiformes","Syngnathidae","Syngnathus",NA
"RL2501_F029_3_MV1","Triphoturus mexicanus","Actinopteri",231,"scientific name","Eukaryota","Chordata","Actinopteri","Myctophiformes","Myctophidae","Triphoturus","Triphoturus mexicanus"
"RL2501_F029_3_MV1","Zalophus californianus","Mammalia",2,"scientific name","Eukaryota","Chordata","Mammalia","Carnivora","Otariidae","Zalophus","Zalophus californianus"
"RL2501_F029_3_MV1",NA,NA,6717,NA,NA,NA,NA,NA,NA,NA,NA
"RL2501_F029_4_MV1","Astropecten verrilli","Asteroidea",430,"scientific name","Eukaryota","Echinodermata","Asteroidea","Paxillosida","Astropectinidae","Astropecten","Astropecten verrilli"
"RL2501_F029_4_MV1","Citharichthys sordidus","Actinopteri",6144,"scientific name","Eukaryota","Chordata","Actinopteri","Pleuronectiformes","Cyclopsettidae","Citharichthys","Citharichthys sordidus"
"RL2501_F029_4_MV1","Delphinidae","Mammalia",54,"scientific name","Eukaryota","Chordata","Mammalia","Artiodactyla","Delphinidae",NA,NA
"RL2501_F029_4_MV1","Engraulis mordax","Actinopteri",177267,"scientific name","Eukaryota","Chordata","Actinopteri","Clupeiformes","Engraulidae","Engraulis","Engraulis mordax"
"RL2501_F029_4_MV1","Evadne","Branchiopoda",51,"scientific name","Eukaryota","Arthropoda","Branchiopoda","Diplostraca","Podonidae","Evadne",NA
"RL2501_F029_4_MV1","Leuroglossus","Actinopteri",300,"scientific name","Eukaryota","Chordata","Actinopteri","Argentiniformes","Bathylagidae","Leuroglossus",NA
"RL2501_F029_4_MV1","Mola","Actinopteri",631,"scientific name","Eukaryota","Chordata","Actinopteri","Tetraodontiformes","Molidae","Mola",NA
"RL2501_F029_4_MV1","Patiria miniata","Asteroidea",18,"scientific name","Eukaryota","Echinodermata","Asteroidea","Valvatida","Asterinidae","Patiria","Patiria miniata"
"RL2501_F029_4_MV1","Pisaster","Asteroidea",15,"scientific name","Eukaryota","Echinodermata","Asteroidea","Forcipulatida","Asteriidae","Pisaster",NA
"RL2501_F029_4_MV1","Sebastes","Actinopteri",23008,"scientific name","Eukaryota","Chordata","Actinopteri","Perciformes","Sebastidae","Sebastes",NA
"RL2501_F029_4_MV1","Sebastes pinniger","Actinopteri",63,"scientific name","Eukaryota","Chordata","Actinopteri","Perciformes","Sebastidae","Sebastes","Sebastes pinniger"
"RL2501_F029_4_MV1","Strongylocentrotus purpuratus","Echinoidea",115,"scientific name","Eukaryota","Echinodermata","Echinoidea","Camarodonta","Strongylocentrotidae","Strongylocentrotus","Strongylocentrotus purpuratus"
"RL2501_F029_4_MV1","Symbolophorus californiensis","Actinopteri",115,"scientific name","Eukaryota","Chordata","Actinopteri","Myctophiformes","Myctophidae","Symbolophorus","Symbolophorus californiensis"
"RL2501_F029_4_MV1","Triphoturus mexicanus","Actinopteri",349,"scientific name","Eukaryota","Chordata","Actinopteri","Myctophiformes","Myctophidae","Triphoturus","Triphoturus mexicanus"
"RL2501_F029_4_MV1",NA,NA,7837,NA,NA,NA,NA,NA,NA,NA,NA
"RL2501_F031_2_1_MV1","Astropecten verrilli","Asteroidea",12649,"scientific name","Eukaryota","Echinodermata","Asteroidea","Paxillosida","Astropectinidae","Astropecten","Astropecten verrilli"
"RL2501_F031_2_1_MV1","Chiasmodontidae","Actinopteri",4356,"scientific name","Eukaryota","Chordata","Actinopteri","Scombriformes","Chiasmodontidae",NA,NA
"RL2501_F031_2_1_MV1","Citharichthys sordidus","Actinopteri",2830,"scientific name","Eukaryota","Chordata","Actinopteri","Pleuronectiformes","Cyclopsettidae","Citharichthys","Citharichthys sordidus"
"RL2501_F031_2_1_MV1","Delphinidae","Mammalia",1854,"scientific name","Eukaryota","Chordata","Mammalia","Artiodactyla","Delphinidae",NA,NA
"RL2501_F031_2_1_MV1","Delphinus bairdii","Mammalia",173,"scientific name","Eukaryota","Chordata","Mammalia","Artiodactyla","Delphinidae","Delphinus","Delphinus bairdii"
"RL2501_F031_2_1_MV1","Engraulis mordax","Actinopteri",170897,"scientific name","Eukaryota","Chordata","Actinopteri","Clupeiformes","Engraulidae","Engraulis","Engraulis mordax"
"RL2501_F031_2_1_MV1","Homo sapiens","Mammalia",519,"scientific name","Eukaryota","Chordata","Mammalia","Primates","Hominidae","Homo","Homo sapiens"
"RL2501_F031_2_1_MV1","Merluccius","Actinopteri",1170,"scientific name","Eukaryota","Chordata","Actinopteri","Gadiformes","Merlucciidae","Merluccius",NA
"RL2501_F031_2_1_MV1","Patiria miniata","Asteroidea",147,"scientific name","Eukaryota","Echinodermata","Asteroidea","Valvatida","Asterinidae","Patiria","Patiria miniata"
"RL2501_F031_2_1_MV1","Sebastes","Actinopteri",22096,"scientific name","Eukaryota","Chordata","Actinopteri","Perciformes","Sebastidae","Sebastes",NA
"RL2501_F031_2_1_MV1","Strongylocentrotus purpuratus","Echinoidea",833,"scientific name","Eukaryota","Echinodermata","Echinoidea","Camarodonta","Strongylocentrotidae","Strongylocentrotus","Strongylocentrotus purpuratus"
"RL2501_F031_2_1_MV1","Syngnathus","Actinopteri",107,"scientific name","Eukaryota","Chordata","Actinopteri","Syngnathiformes","Syngnathidae","Syngnathus",NA
"RL2501_F031_2_1_MV1",NA,NA,18908,NA,NA,NA,NA,NA,NA,NA,NA
"RL2501_F031_2_2_MV1","Astropecten verrilli","Asteroidea",5159,"scientific name","Eukaryota","Echinodermata","Asteroidea","Paxillosida","Astropectinidae","Astropecten","Astropecten verrilli"
"RL2501_F031_2_2_MV1","Chiasmodontidae","Actinopteri",2969,"scientific name","Eukaryota","Chordata","Actinopteri","Scombriformes","Chiasmodontidae",NA,NA
"RL2501_F031_2_2_MV1","Citharichthys sordidus","Actinopteri",1854,"scientific name","Eukaryota","Chordata","Actinopteri","Pleuronectiformes","Cyclopsettidae","Citharichthys","Citharichthys sordidus"
"RL2501_F031_2_2_MV1","Delphinidae","Mammalia",1585,"scientific name","Eukaryota","Chordata","Mammalia","Artiodactyla","Delphinidae",NA,NA
"RL2501_F031_2_2_MV1","Delphinus bairdii","Mammalia",364,"scientific name","Eukaryota","Chordata","Mammalia","Artiodactyla","Delphinidae","Delphinus","Delphinus bairdii"
"RL2501_F031_2_2_MV1","Engraulis mordax","Actinopteri",120018,"scientific name","Eukaryota","Chordata","Actinopteri","Clupeiformes","Engraulidae","Engraulis","Engraulis mordax"
"RL2501_F031_2_2_MV1","Patiria miniata","Asteroidea",182,"scientific name","Eukaryota","Echinodermata","Asteroidea","Valvatida","Asterinidae","Patiria","Patiria miniata"
"RL2501_F031_2_2_MV1","Sebastes","Actinopteri",19242,"scientific name","Eukaryota","Chordata","Actinopteri","Perciformes","Sebastidae","Sebastes",NA
"RL2501_F031_2_2_MV1","Sebastes pinniger","Actinopteri",2220,"scientific name","Eukaryota","Chordata","Actinopteri","Perciformes","Sebastidae","Sebastes","Sebastes pinniger"
"RL2501_F031_2_2_MV1","Stenella coeruleoalba","Mammalia",207,"scientific name","Eukaryota","Chordata","Mammalia","Artiodactyla","Delphinidae","Stenella","Stenella coeruleoalba"
"RL2501_F031_2_2_MV1","Strongylocentrotus purpuratus","Echinoidea",716,"scientific name","Eukaryota","Echinodermata","Echinoidea","Camarodonta","Strongylocentrotidae","Strongylocentrotus","Strongylocentrotus purpuratus"
"RL2501_F031_2_2_MV1",NA,NA,13279,NA,NA,NA,NA,NA,NA,NA,NA
"RL2501_F031_2_3_MV1","Astropecten verrilli","Asteroidea",612,"scientific name","Eukaryota","Echinodermata","Asteroidea","Paxillosida","Astropectinidae","Astropecten","Astropecten verrilli"
"RL2501_F031_2_3_MV1","Chiasmodontidae","Actinopteri",347,"scientific name","Eukaryota","Chordata","Actinopteri","Scombriformes","Chiasmodontidae",NA,NA
"RL2501_F031_2_3_MV1","Citharichthys sordidus","Actinopteri",595,"scientific name","Eukaryota","Chordata","Actinopteri","Pleuronectiformes","Cyclopsettidae","Citharichthys","Citharichthys sordidus"
"RL2501_F031_2_3_MV1","Delphinidae","Mammalia",30,"scientific name","Eukaryota","Chordata","Mammalia","Artiodactyla","Delphinidae",NA,NA
"RL2501_F031_2_3_MV1","Engraulis mordax","Actinopteri",41797,"scientific name","Eukaryota","Chordata","Actinopteri","Clupeiformes","Engraulidae","Engraulis","Engraulis mordax"
"RL2501_F031_2_3_MV1","Hominidae","Mammalia",14,"scientific name","Eukaryota","Chordata","Mammalia","Primates","Hominidae",NA,NA
"RL2501_F031_2_3_MV1","Homo sapiens","Mammalia",48,"scientific name","Eukaryota","Chordata","Mammalia","Primates","Hominidae","Homo","Homo sapiens"
"RL2501_F031_2_3_MV1","Patiria miniata","Asteroidea",8,"scientific name","Eukaryota","Echinodermata","Asteroidea","Valvatida","Asterinidae","Patiria","Patiria miniata"
"RL2501_F031_2_3_MV1","Pteroplatytrygon violacea","Chondrichthyes",10,"scientific name","Eukaryota","Chordata","Chondrichthyes","Myliobatiformes","Dasyatidae","Pteroplatytrygon","Pteroplatytrygon violacea"
"RL2501_F031_2_3_MV1","Sebastes","Actinopteri",2334,"scientific name","Eukaryota","Chordata","Actinopteri","Perciformes","Sebastidae","Sebastes",NA
"RL2501_F031_2_3_MV1","Stenella coeruleoalba","Mammalia",33,"scientific name","Eukaryota","Chordata","Mammalia","Artiodactyla","Delphinidae","Stenella","Stenella coeruleoalba"
"RL2501_F031_2_3_MV1","Strongylocentrotus purpuratus","Echinoidea",86,"scientific name","Eukaryota","Echinodermata","Echinoidea","Camarodonta","Strongylocentrotidae","Strongylocentrotus","Strongylocentrotus purpuratus"
"RL2501_F031_2_3_MV1",NA,NA,2599,NA,NA,NA,NA,NA,NA,NA,NA
"RL2501_F031_2_4_MV1","Astropecten verrilli","Asteroidea",8819,"scientific name","Eukaryota","Echinodermata","Asteroidea","Paxillosida","Astropectinidae","Astropecten","Astropecten verrilli"
"RL2501_F031_2_4_MV1","Chiasmodontidae","Actinopteri",2110,"scientific name","Eukaryota","Chordata","Actinopteri","Scombriformes","Chiasmodontidae",NA,NA
"RL2501_F031_2_4_MV1","Citharichthys sordidus","Actinopteri",1423,"scientific name","Eukaryota","Chordata","Actinopteri","Pleuronectiformes","Cyclopsettidae","Citharichthys","Citharichthys sordidus"
"RL2501_F031_2_4_MV1","Delphinidae","Mammalia",835,"scientific name","Eukaryota","Chordata","Mammalia","Artiodactyla","Delphinidae",NA,NA
"RL2501_F031_2_4_MV1","Engraulis mordax","Actinopteri",112214,"scientific name","Eukaryota","Chordata","Actinopteri","Clupeiformes","Engraulidae","Engraulis","Engraulis mordax"
"RL2501_F031_2_4_MV1","Patiria miniata","Asteroidea",94,"scientific name","Eukaryota","Echinodermata","Asteroidea","Valvatida","Asterinidae","Patiria","Patiria miniata"
"RL2501_F031_2_4_MV1","Prionace glauca","Chondrichthyes",72,"scientific name","Eukaryota","Chordata","Chondrichthyes","Carcharhiniformes","Carcharhinidae","Prionace","Prionace glauca"
"RL2501_F031_2_4_MV1","Sebastes","Actinopteri",13649,"scientific name","Eukaryota","Chordata","Actinopteri","Perciformes","Sebastidae","Sebastes",NA
"RL2501_F031_2_4_MV1","Strongylocentrotus purpuratus","Echinoidea",1350,"scientific name","Eukaryota","Echinodermata","Echinoidea","Camarodonta","Strongylocentrotidae","Strongylocentrotus","Strongylocentrotus purpuratus"
"RL2501_F031_2_4_MV1",NA,NA,28267,NA,NA,NA,NA,NA,NA,NA,NA
"RL2501_F032_1_1_MV1","Astropecten verrilli","Asteroidea",17786,"scientific name","Eukaryota","Echinodermata","Asteroidea","Paxillosida","Astropectinidae","Astropecten","Astropecten verrilli"
"RL2501_F032_1_1_MV1","Bathycoccus prasinos","Mamiellophyceae",2,"scientific name","Eukaryota","Chlorophyta","Mamiellophyceae","Mamiellales","Bathycoccaceae","Bathycoccus","Bathycoccus prasinos"
"RL2501_F032_1_1_MV1","Citharichthys sordidus","Actinopteri",1153,"scientific name","Eukaryota","Chordata","Actinopteri","Pleuronectiformes","Cyclopsettidae","Citharichthys","Citharichthys sordidus"
"RL2501_F032_1_1_MV1","Delphinidae","Mammalia",1246,"scientific name","Eukaryota","Chordata","Mammalia","Artiodactyla","Delphinidae",NA,NA
"RL2501_F032_1_1_MV1","Delphinus bairdii","Mammalia",338,"scientific name","Eukaryota","Chordata","Mammalia","Artiodactyla","Delphinidae","Delphinus","Delphinus bairdii"
"RL2501_F032_1_1_MV1","Engraulis mordax","Actinopteri",51359,"scientific name","Eukaryota","Chordata","Actinopteri","Clupeiformes","Engraulidae","Engraulis","Engraulis mordax"
"RL2501_F032_1_1_MV1","Gallus","Aves",382,"scientific name","Eukaryota","Chordata","Aves","Galliformes","Phasianidae","Gallus",NA
"RL2501_F032_1_1_MV1","Homo sapiens","Mammalia",1031,"scientific name","Eukaryota","Chordata","Mammalia","Primates","Hominidae","Homo","Homo sapiens"
"RL2501_F032_1_1_MV1","Luidia foliolata","Asteroidea",10,"scientific name","Eukaryota","Echinodermata","Asteroidea","Paxillosida","Luidiidae","Luidia","Luidia foliolata"
"RL2501_F032_1_1_MV1","Patiria miniata","Asteroidea",1162,"scientific name","Eukaryota","Echinodermata","Asteroidea","Valvatida","Asterinidae","Patiria","Patiria miniata"
"RL2501_F032_1_1_MV1","Sebastes","Actinopteri",4476,"scientific name","Eukaryota","Chordata","Actinopteri","Perciformes","Sebastidae","Sebastes",NA
"RL2501_F032_1_1_MV1","Strongylocentrotus purpuratus","Echinoidea",1999,"scientific name","Eukaryota","Echinodermata","Echinoidea","Camarodonta","Strongylocentrotidae","Strongylocentrotus","Strongylocentrotus purpuratus"
"RL2501_F032_1_1_MV1",NA,NA,14868,NA,NA,NA,NA,NA,NA,NA,NA
"RL2501_F032_1_2_MV1","Astropecten verrilli","Asteroidea",12775,"scientific name","Eukaryota","Echinodermata","Asteroidea","Paxillosida","Astropectinidae","Astropecten","Astropecten verrilli"
"RL2501_F032_1_2_MV1","Citharichthys sordidus","Actinopteri",1022,"scientific name","Eukaryota","Chordata","Actinopteri","Pleuronectiformes","Cyclopsettidae","Citharichthys","Citharichthys sordidus"
"RL2501_F032_1_2_MV1","Delphinidae","Mammalia",164,"scientific name","Eukaryota","Chordata","Mammalia","Artiodactyla","Delphinidae",NA,NA
"RL2501_F032_1_2_MV1","Engraulis mordax","Actinopteri",35184,"scientific name","Eukaryota","Chordata","Actinopteri","Clupeiformes","Engraulidae","Engraulis","Engraulis mordax"
"RL2501_F032_1_2_MV1","Homo sapiens","Mammalia",1358,"scientific name","Eukaryota","Chordata","Mammalia","Primates","Hominidae","Homo","Homo sapiens"
"RL2501_F032_1_2_MV1","Leuroglossus","Actinopteri",229,"scientific name","Eukaryota","Chordata","Actinopteri","Argentiniformes","Bathylagidae","Leuroglossus",NA
"RL2501_F032_1_2_MV1","Luidia foliolata","Asteroidea",9,"scientific name","Eukaryota","Echinodermata","Asteroidea","Paxillosida","Luidiidae","Luidia","Luidia foliolata"
"RL2501_F032_1_2_MV1","Patiria miniata","Asteroidea",662,"scientific name","Eukaryota","Echinodermata","Asteroidea","Valvatida","Asterinidae","Patiria","Patiria miniata"
"RL2501_F032_1_2_MV1","Peprilus","Actinopteri",259,"scientific name","Eukaryota","Chordata","Actinopteri","Scombriformes","Stromateidae","Peprilus",NA
"RL2501_F032_1_2_MV1","Sebastes","Actinopteri",4040,"scientific name","Eukaryota","Chordata","Actinopteri","Perciformes","Sebastidae","Sebastes",NA
"RL2501_F032_1_2_MV1","Strongylocentrotus purpuratus","Echinoidea",1262,"scientific name","Eukaryota","Echinodermata","Echinoidea","Camarodonta","Strongylocentrotidae","Strongylocentrotus","Strongylocentrotus purpuratus"
"RL2501_F032_1_2_MV1",NA,NA,21839,NA,NA,NA,NA,NA,NA,NA,NA
"RL2501_F032_1_3_MV1","Astropecten verrilli","Asteroidea",8979,"scientific name","Eukaryota","Echinodermata","Asteroidea","Paxillosida","Astropectinidae","Astropecten","Astropecten verrilli"
"RL2501_F032_1_3_MV1","Bathycoccus prasinos","Mamiellophyceae",11,"scientific name","Eukaryota","Chlorophyta","Mamiellophyceae","Mamiellales","Bathycoccaceae","Bathycoccus","Bathycoccus prasinos"
"RL2501_F032_1_3_MV1","Ceratoscopelus","Actinopteri",18,"scientific name","Eukaryota","Chordata","Actinopteri","Myctophiformes","Myctophidae","Ceratoscopelus",NA
"RL2501_F032_1_3_MV1","Citharichthys sordidus","Actinopteri",1211,"scientific name","Eukaryota","Chordata","Actinopteri","Pleuronectiformes","Cyclopsettidae","Citharichthys","Citharichthys sordidus"
"RL2501_F032_1_3_MV1","Delphinidae","Mammalia",541,"scientific name","Eukaryota","Chordata","Mammalia","Artiodactyla","Delphinidae",NA,NA
"RL2501_F032_1_3_MV1","Engraulis mordax","Actinopteri",32765,"scientific name","Eukaryota","Chordata","Actinopteri","Clupeiformes","Engraulidae","Engraulis","Engraulis mordax"
"RL2501_F032_1_3_MV1","Gallus","Aves",164,"scientific name","Eukaryota","Chordata","Aves","Galliformes","Phasianidae","Gallus",NA
"RL2501_F032_1_3_MV1","Homo sapiens","Mammalia",805,"scientific name","Eukaryota","Chordata","Mammalia","Primates","Hominidae","Homo","Homo sapiens"
"RL2501_F032_1_3_MV1","Luidia foliolata","Asteroidea",11,"scientific name","Eukaryota","Echinodermata","Asteroidea","Paxillosida","Luidiidae","Luidia","Luidia foliolata"
"RL2501_F032_1_3_MV1","Mola","Actinopteri",451,"scientific name","Eukaryota","Chordata","Actinopteri","Tetraodontiformes","Molidae","Mola",NA
"RL2501_F032_1_3_MV1","Patiria miniata","Asteroidea",769,"scientific name","Eukaryota","Echinodermata","Asteroidea","Valvatida","Asterinidae","Patiria","Patiria miniata"
"RL2501_F032_1_3_MV1","Sebastes","Actinopteri",5886,"scientific name","Eukaryota","Chordata","Actinopteri","Perciformes","Sebastidae","Sebastes",NA
"RL2501_F032_1_3_MV1","Sebastes zacentrus","Actinopteri",4,"scientific name","Eukaryota","Chordata","Actinopteri","Perciformes","Sebastidae","Sebastes","Sebastes zacentrus"
"RL2501_F032_1_3_MV1","Strongylocentrotus purpuratus","Echinoidea",877,"scientific name","Eukaryota","Echinodermata","Echinoidea","Camarodonta","Strongylocentrotidae","Strongylocentrotus","Strongylocentrotus purpuratus"
"RL2501_F032_1_3_MV1",NA,NA,20528,NA,NA,NA,NA,NA,NA,NA,NA
"RL2501_F032_1_4_MV1","Astropecten verrilli","Asteroidea",12230,"scientific name","Eukaryota","Echinodermata","Asteroidea","Paxillosida","Astropectinidae","Astropecten","Astropecten verrilli"
"RL2501_F032_1_4_MV1","Citharichthys sordidus","Actinopteri",1014,"scientific name","Eukaryota","Chordata","Actinopteri","Pleuronectiformes","Cyclopsettidae","Citharichthys","Citharichthys sordidus"
"RL2501_F032_1_4_MV1","Delphinidae","Mammalia",1326,"scientific name","Eukaryota","Chordata","Mammalia","Artiodactyla","Delphinidae",NA,NA
"RL2501_F032_1_4_MV1","Delphinus bairdii","Mammalia",120,"scientific name","Eukaryota","Chordata","Mammalia","Artiodactyla","Delphinidae","Delphinus","Delphinus bairdii"
"RL2501_F032_1_4_MV1","Engraulis mordax","Actinopteri",47073,"scientific name","Eukaryota","Chordata","Actinopteri","Clupeiformes","Engraulidae","Engraulis","Engraulis mordax"
"RL2501_F032_1_4_MV1","Gallus","Aves",407,"scientific name","Eukaryota","Chordata","Aves","Galliformes","Phasianidae","Gallus",NA
"RL2501_F032_1_4_MV1","Homo sapiens","Mammalia",2875,"scientific name","Eukaryota","Chordata","Mammalia","Primates","Hominidae","Homo","Homo sapiens"
"RL2501_F032_1_4_MV1","Luidia foliolata","Asteroidea",19,"scientific name","Eukaryota","Echinodermata","Asteroidea","Paxillosida","Luidiidae","Luidia","Luidia foliolata"
"RL2501_F032_1_4_MV1","Merluccius","Actinopteri",246,"scientific name","Eukaryota","Chordata","Actinopteri","Gadiformes","Merlucciidae","Merluccius",NA
"RL2501_F032_1_4_MV1","Patiria miniata","Asteroidea",506,"scientific name","Eukaryota","Echinodermata","Asteroidea","Valvatida","Asterinidae","Patiria","Patiria miniata"
"RL2501_F032_1_4_MV1","Sebastes","Actinopteri",4425,"scientific name","Eukaryota","Chordata","Actinopteri","Perciformes","Sebastidae","Sebastes",NA
"RL2501_F032_1_4_MV1","Strongylocentrotus purpuratus","Echinoidea",1383,"scientific name","Eukaryota","Echinodermata","Echinoidea","Camarodonta","Strongylocentrotidae","Strongylocentrotus","Strongylocentrotus purpuratus"
"RL2501_F032_1_4_MV1","Syngnathus","Actinopteri",242,"scientific name","Eukaryota","Chordata","Actinopteri","Syngnathiformes","Syngnathidae","Syngnathus",NA
"RL2501_F032_1_4_MV1",NA,NA,19807,NA,NA,NA,NA,NA,NA,NA,NA
"RL2501_F032_2_1_MV1","Astropecten verrilli","Asteroidea",20317,"scientific name","Eukaryota","Echinodermata","Asteroidea","Paxillosida","Astropectinidae","Astropecten","Astropecten verrilli"
"RL2501_F032_2_1_MV1","Bathycoccus prasinos","Mamiellophyceae",3,"scientific name","Eukaryota","Chlorophyta","Mamiellophyceae","Mamiellales","Bathycoccaceae","Bathycoccus","Bathycoccus prasinos"
"RL2501_F032_2_1_MV1","Citharichthys sordidus","Actinopteri",6325,"scientific name","Eukaryota","Chordata","Actinopteri","Pleuronectiformes","Cyclopsettidae","Citharichthys","Citharichthys sordidus"
"RL2501_F032_2_1_MV1","Delphinidae","Mammalia",1714,"scientific name","Eukaryota","Chordata","Mammalia","Artiodactyla","Delphinidae",NA,NA
"RL2501_F032_2_1_MV1","Engraulis mordax","Actinopteri",93588,"scientific name","Eukaryota","Chordata","Actinopteri","Clupeiformes","Engraulidae","Engraulis","Engraulis mordax"
"RL2501_F032_2_1_MV1","Homo sapiens","Mammalia",423,"scientific name","Eukaryota","Chordata","Mammalia","Primates","Hominidae","Homo","Homo sapiens"
"RL2501_F032_2_1_MV1","Leuroglossus","Actinopteri",520,"scientific name","Eukaryota","Chordata","Actinopteri","Argentiniformes","Bathylagidae","Leuroglossus",NA
"RL2501_F032_2_1_MV1","Luidia foliolata","Asteroidea",41,"scientific name","Eukaryota","Echinodermata","Asteroidea","Paxillosida","Luidiidae","Luidia","Luidia foliolata"
"RL2501_F032_2_1_MV1","Oneirodes","Actinopteri",4,"scientific name","Eukaryota","Chordata","Actinopteri","Lophiiformes","Oneirodidae","Oneirodes",NA
"RL2501_F032_2_1_MV1","Patiria miniata","Asteroidea",1658,"scientific name","Eukaryota","Echinodermata","Asteroidea","Valvatida","Asterinidae","Patiria","Patiria miniata"
"RL2501_F032_2_1_MV1","Sebastes","Actinopteri",12548,"scientific name","Eukaryota","Chordata","Actinopteri","Perciformes","Sebastidae","Sebastes",NA
"RL2501_F032_2_1_MV1","Strongylocentrotus purpuratus","Echinoidea",1446,"scientific name","Eukaryota","Echinodermata","Echinoidea","Camarodonta","Strongylocentrotidae","Strongylocentrotus","Strongylocentrotus purpuratus"
"RL2501_F032_2_1_MV1",NA,NA,20180,NA,NA,NA,NA,NA,NA,NA,NA
"RL2501_F032_2_2_MV1","Astropecten verrilli","Asteroidea",17102,"scientific name","Eukaryota","Echinodermata","Asteroidea","Paxillosida","Astropectinidae","Astropecten","Astropecten verrilli"
"RL2501_F032_2_2_MV1","Citharichthys sordidus","Actinopteri",4578,"scientific name","Eukaryota","Chordata","Actinopteri","Pleuronectiformes","Cyclopsettidae","Citharichthys","Citharichthys sordidus"
"RL2501_F032_2_2_MV1","Delphinidae","Mammalia",1519,"scientific name","Eukaryota","Chordata","Mammalia","Artiodactyla","Delphinidae",NA,NA
"RL2501_F032_2_2_MV1","Engraulis mordax","Actinopteri",66592,"scientific name","Eukaryota","Chordata","Actinopteri","Clupeiformes","Engraulidae","Engraulis","Engraulis mordax"
"RL2501_F032_2_2_MV1","Homo sapiens","Mammalia",623,"scientific name","Eukaryota","Chordata","Mammalia","Primates","Hominidae","Homo","Homo sapiens"
"RL2501_F032_2_2_MV1","Luidia foliolata","Asteroidea",23,"scientific name","Eukaryota","Echinodermata","Asteroidea","Paxillosida","Luidiidae","Luidia","Luidia foliolata"
"RL2501_F032_2_2_MV1","Patiria miniata","Asteroidea",1648,"scientific name","Eukaryota","Echinodermata","Asteroidea","Valvatida","Asterinidae","Patiria","Patiria miniata"
"RL2501_F032_2_2_MV1","Sebastes","Actinopteri",10789,"scientific name","Eukaryota","Chordata","Actinopteri","Perciformes","Sebastidae","Sebastes",NA
"RL2501_F032_2_2_MV1","Strongylocentrotus purpuratus","Echinoidea",1273,"scientific name","Eukaryota","Echinodermata","Echinoidea","Camarodonta","Strongylocentrotidae","Strongylocentrotus","Strongylocentrotus purpuratus"
"RL2501_F032_2_2_MV1",NA,NA,22244,NA,NA,NA,NA,NA,NA,NA,NA
"RL2501_F032_2_3_MV1","Astropecten verrilli","Asteroidea",8598,"scientific name","Eukaryota","Echinodermata","Asteroidea","Paxillosida","Astropectinidae","Astropecten","Astropecten verrilli"
"RL2501_F032_2_3_MV1","Citharichthys sordidus","Actinopteri",1590,"scientific name","Eukaryota","Chordata","Actinopteri","Pleuronectiformes","Cyclopsettidae","Citharichthys","Citharichthys sordidus"
"RL2501_F032_2_3_MV1","Delphinidae","Mammalia",828,"scientific name","Eukaryota","Chordata","Mammalia","Artiodactyla","Delphinidae",NA,NA
"RL2501_F032_2_3_MV1","Delphinus bairdii","Mammalia",185,"scientific name","Eukaryota","Chordata","Mammalia","Artiodactyla","Delphinidae","Delphinus","Delphinus bairdii"
"RL2501_F032_2_3_MV1","Engraulis mordax","Actinopteri",45278,"scientific name","Eukaryota","Chordata","Actinopteri","Clupeiformes","Engraulidae","Engraulis","Engraulis mordax"
"RL2501_F032_2_3_MV1","Homo sapiens","Mammalia",1483,"scientific name","Eukaryota","Chordata","Mammalia","Primates","Hominidae","Homo","Homo sapiens"
"RL2501_F032_2_3_MV1","Luidia foliolata","Asteroidea",26,"scientific name","Eukaryota","Echinodermata","Asteroidea","Paxillosida","Luidiidae","Luidia","Luidia foliolata"
"RL2501_F032_2_3_MV1","Patiria miniata","Asteroidea",762,"scientific name","Eukaryota","Echinodermata","Asteroidea","Valvatida","Asterinidae","Patiria","Patiria miniata"
"RL2501_F032_2_3_MV1","Sebastes","Actinopteri",5206,"scientific name","Eukaryota","Chordata","Actinopteri","Perciformes","Sebastidae","Sebastes",NA
"RL2501_F032_2_3_MV1","Stenella coeruleoalba","Mammalia",150,"scientific name","Eukaryota","Chordata","Mammalia","Artiodactyla","Delphinidae","Stenella","Stenella coeruleoalba"
"RL2501_F032_2_3_MV1","Strongylocentrotus purpuratus","Echinoidea",989,"scientific name","Eukaryota","Echinodermata","Echinoidea","Camarodonta","Strongylocentrotidae","Strongylocentrotus","Strongylocentrotus purpuratus"
"RL2501_F032_2_3_MV1","Symbolophorus californiensis","Actinopteri",158,"scientific name","Eukaryota","Chordata","Actinopteri","Myctophiformes","Myctophidae","Symbolophorus","Symbolophorus californiensis"
"RL2501_F032_2_3_MV1",NA,NA,16029,NA,NA,NA,NA,NA,NA,NA,NA
"RL2501_F032_2_4_MV1","Astropecten verrilli","Asteroidea",9414,"scientific name","Eukaryota","Echinodermata","Asteroidea","Paxillosida","Astropectinidae","Astropecten","Astropecten verrilli"
"RL2501_F032_2_4_MV1","Bathycoccus prasinos","Mamiellophyceae",16,"scientific name","Eukaryota","Chlorophyta","Mamiellophyceae","Mamiellales","Bathycoccaceae","Bathycoccus","Bathycoccus prasinos"
"RL2501_F032_2_4_MV1","Citharichthys sordidus","Actinopteri",667,"scientific name","Eukaryota","Chordata","Actinopteri","Pleuronectiformes","Cyclopsettidae","Citharichthys","Citharichthys sordidus"
"RL2501_F032_2_4_MV1","Delphinidae","Mammalia",718,"scientific name","Eukaryota","Chordata","Mammalia","Artiodactyla","Delphinidae",NA,NA
"RL2501_F032_2_4_MV1","Engraulis mordax","Actinopteri",46277,"scientific name","Eukaryota","Chordata","Actinopteri","Clupeiformes","Engraulidae","Engraulis","Engraulis mordax"
"RL2501_F032_2_4_MV1","Homo sapiens","Mammalia",1244,"scientific name","Eukaryota","Chordata","Mammalia","Primates","Hominidae","Homo","Homo sapiens"
"RL2501_F032_2_4_MV1","Patiria miniata","Asteroidea",813,"scientific name","Eukaryota","Echinodermata","Asteroidea","Valvatida","Asterinidae","Patiria","Patiria miniata"
"RL2501_F032_2_4_MV1","Sebastes","Actinopteri",2487,"scientific name","Eukaryota","Chordata","Actinopteri","Perciformes","Sebastidae","Sebastes",NA
"RL2501_F032_2_4_MV1","Stenella coeruleoalba","Mammalia",354,"scientific name","Eukaryota","Chordata","Mammalia","Artiodactyla","Delphinidae","Stenella","Stenella coeruleoalba"
"RL2501_F032_2_4_MV1","Strongylocentrotus purpuratus","Echinoidea",1426,"scientific name","Eukaryota","Echinodermata","Echinoidea","Camarodonta","Strongylocentrotidae","Strongylocentrotus","Strongylocentrotus purpuratus"
"RL2501_F032_2_4_MV1","Zalophus californianus","Mammalia",444,"scientific name","Eukaryota","Chordata","Mammalia","Carnivora","Otariidae","Zalophus","Zalophus californianus"
"RL2501_F032_2_4_MV1",NA,NA,18388,NA,NA,NA,NA,NA,NA,NA,NA
"RL2501_F033_1_MV1","Astropecten verrilli","Asteroidea",472,"scientific name","Eukaryota","Echinodermata","Asteroidea","Paxillosida","Astropectinidae","Astropecten","Astropecten verrilli"
"RL2501_F033_1_MV1","Atherinopsis californiensis","Actinopteri",662,"scientific name","Eukaryota","Chordata","Actinopteri","Atheriniformes","Atherinopsidae","Atherinopsis","Atherinopsis californiensis"
"RL2501_F033_1_MV1","Citharichthys sordidus","Actinopteri",3813,"scientific name","Eukaryota","Chordata","Actinopteri","Pleuronectiformes","Cyclopsettidae","Citharichthys","Citharichthys sordidus"
"RL2501_F033_1_MV1","Delphinidae","Mammalia",805,"scientific name","Eukaryota","Chordata","Mammalia","Artiodactyla","Delphinidae",NA,NA
"RL2501_F033_1_MV1","Delphinus bairdii","Mammalia",435,"scientific name","Eukaryota","Chordata","Mammalia","Artiodactyla","Delphinidae","Delphinus","Delphinus bairdii"
"RL2501_F033_1_MV1","Engraulis mordax","Actinopteri",42697,"scientific name","Eukaryota","Chordata","Actinopteri","Clupeiformes","Engraulidae","Engraulis","Engraulis mordax"
"RL2501_F033_1_MV1","Homo sapiens","Mammalia",996,"scientific name","Eukaryota","Chordata","Mammalia","Primates","Hominidae","Homo","Homo sapiens"
"RL2501_F033_1_MV1","Patiria miniata","Asteroidea",288,"scientific name","Eukaryota","Echinodermata","Asteroidea","Valvatida","Asterinidae","Patiria","Patiria miniata"
"RL2501_F033_1_MV1","Phalacrocorax","Aves",1574,"scientific name","Eukaryota","Chordata","Aves","Suliformes","Phalacrocoracidae","Phalacrocorax",NA
"RL2501_F033_1_MV1","Sardinops sagax","Actinopteri",5042,"scientific name","Eukaryota","Chordata","Actinopteri","Clupeiformes","Clupeidae","Sardinops","Sardinops sagax"
"RL2501_F033_1_MV1","Scomber japonicus","Actinopteri",7632,"scientific name","Eukaryota","Chordata","Actinopteri","Scombriformes","Scombridae","Scomber","Scomber japonicus"
"RL2501_F033_1_MV1","Sebastes","Actinopteri",619,"scientific name","Eukaryota","Chordata","Actinopteri","Perciformes","Sebastidae","Sebastes",NA
"RL2501_F033_1_MV1","Strongylocentrotus purpuratus","Echinoidea",138,"scientific name","Eukaryota","Echinodermata","Echinoidea","Camarodonta","Strongylocentrotidae","Strongylocentrotus","Strongylocentrotus purpuratus"
"RL2501_F033_1_MV1","Tursiops truncatus","Mammalia",221,"scientific name","Eukaryota","Chordata","Mammalia","Artiodactyla","Delphinidae","Tursiops","Tursiops truncatus"
"RL2501_F033_1_MV1",NA,NA,5115,NA,NA,NA,NA,NA,NA,NA,NA
"RL2501_F033_2_MV1","Astropecten verrilli","Asteroidea",189,"scientific name","Eukaryota","Echinodermata","Asteroidea","Paxillosida","Astropectinidae","Astropecten","Astropecten verrilli"
"RL2501_F033_2_MV1","Citharichthys sordidus","Actinopteri",2969,"scientific name","Eukaryota","Chordata","Actinopteri","Pleuronectiformes","Cyclopsettidae","Citharichthys","Citharichthys sordidus"
"RL2501_F033_2_MV1","Delphinidae","Mammalia",1337,"scientific name","Eukaryota","Chordata","Mammalia","Artiodactyla","Delphinidae",NA,NA
"RL2501_F033_2_MV1","Delphinus bairdii","Mammalia",155,"scientific name","Eukaryota","Chordata","Mammalia","Artiodactyla","Delphinidae","Delphinus","Delphinus bairdii"
"RL2501_F033_2_MV1","Engraulis mordax","Actinopteri",29746,"scientific name","Eukaryota","Chordata","Actinopteri","Clupeiformes","Engraulidae","Engraulis","Engraulis mordax"
"RL2501_F033_2_MV1","Evadne","Branchiopoda",3,"scientific name","Eukaryota","Arthropoda","Branchiopoda","Diplostraca","Podonidae","Evadne",NA
"RL2501_F033_2_MV1","Homo sapiens","Mammalia",230,"scientific name","Eukaryota","Chordata","Mammalia","Primates","Hominidae","Homo","Homo sapiens"
"RL2501_F033_2_MV1","Patiria miniata","Asteroidea",38,"scientific name","Eukaryota","Echinodermata","Asteroidea","Valvatida","Asterinidae","Patiria","Patiria miniata"
"RL2501_F033_2_MV1","Phalacrocorax","Aves",154,"scientific name","Eukaryota","Chordata","Aves","Suliformes","Phalacrocoracidae","Phalacrocorax",NA
"RL2501_F033_2_MV1","Sardinops sagax","Actinopteri",6229,"scientific name","Eukaryota","Chordata","Actinopteri","Clupeiformes","Clupeidae","Sardinops","Sardinops sagax"
"RL2501_F033_2_MV1","Scomber japonicus","Actinopteri",2992,"scientific name","Eukaryota","Chordata","Actinopteri","Scombriformes","Scombridae","Scomber","Scomber japonicus"
"RL2501_F033_2_MV1","Sebastes","Actinopteri",798,"scientific name","Eukaryota","Chordata","Actinopteri","Perciformes","Sebastidae","Sebastes",NA
"RL2501_F033_2_MV1",NA,NA,11035,NA,NA,NA,NA,NA,NA,NA,NA
"RL2501_F033_3_MV1","Astropecten verrilli","Asteroidea",93,"scientific name","Eukaryota","Echinodermata","Asteroidea","Paxillosida","Astropectinidae","Astropecten","Astropecten verrilli"
"RL2501_F033_3_MV1","Atherinopsis californiensis","Actinopteri",189,"scientific name","Eukaryota","Chordata","Actinopteri","Atheriniformes","Atherinopsidae","Atherinopsis","Atherinopsis californiensis"
"RL2501_F033_3_MV1","Citharichthys sordidus","Actinopteri",718,"scientific name","Eukaryota","Chordata","Actinopteri","Pleuronectiformes","Cyclopsettidae","Citharichthys","Citharichthys sordidus"
"RL2501_F033_3_MV1","Delphinidae","Mammalia",575,"scientific name","Eukaryota","Chordata","Mammalia","Artiodactyla","Delphinidae",NA,NA
"RL2501_F033_3_MV1","Delphinus bairdii","Mammalia",100,"scientific name","Eukaryota","Chordata","Mammalia","Artiodactyla","Delphinidae","Delphinus","Delphinus bairdii"
"RL2501_F033_3_MV1","Engraulis mordax","Actinopteri",18923,"scientific name","Eukaryota","Chordata","Actinopteri","Clupeiformes","Engraulidae","Engraulis","Engraulis mordax"
"RL2501_F033_3_MV1","Evadne","Branchiopoda",3,"scientific name","Eukaryota","Arthropoda","Branchiopoda","Diplostraca","Podonidae","Evadne",NA
"RL2501_F033_3_MV1","Homo sapiens","Mammalia",215,"scientific name","Eukaryota","Chordata","Mammalia","Primates","Hominidae","Homo","Homo sapiens"
"RL2501_F033_3_MV1","Leuresthes tenuis","Actinopteri",183,"scientific name","Eukaryota","Chordata","Actinopteri","Atheriniformes","Atherinopsidae","Leuresthes","Leuresthes tenuis"
"RL2501_F033_3_MV1","Merluccius productus","Actinopteri",79,"scientific name","Eukaryota","Chordata","Actinopteri","Gadiformes","Merlucciidae","Merluccius","Merluccius productus"
"RL2501_F033_3_MV1","Patiria miniata","Asteroidea",135,"scientific name","Eukaryota","Echinodermata","Asteroidea","Valvatida","Asterinidae","Patiria","Patiria miniata"
"RL2501_F033_3_MV1","Phalacrocorax","Aves",729,"scientific name","Eukaryota","Chordata","Aves","Suliformes","Phalacrocoracidae","Phalacrocorax",NA
"RL2501_F033_3_MV1","Sardinops sagax","Actinopteri",3916,"scientific name","Eukaryota","Chordata","Actinopteri","Clupeiformes","Clupeidae","Sardinops","Sardinops sagax"
"RL2501_F033_3_MV1","Scomber japonicus","Actinopteri",2157,"scientific name","Eukaryota","Chordata","Actinopteri","Scombriformes","Scombridae","Scomber","Scomber japonicus"
"RL2501_F033_3_MV1","Sebastes","Actinopteri",341,"scientific name","Eukaryota","Chordata","Actinopteri","Perciformes","Sebastidae","Sebastes",NA
"RL2501_F033_3_MV1","Tetragonurus cuvieri","Actinopteri",430,"scientific name","Eukaryota","Chordata","Actinopteri","Scombriformes","Tetragonuridae","Tetragonurus","Tetragonurus cuvieri"
"RL2501_F033_3_MV1","Triphoturus mexicanus","Actinopteri",240,"scientific name","Eukaryota","Chordata","Actinopteri","Myctophiformes","Myctophidae","Triphoturus","Triphoturus mexicanus"
"RL2501_F033_3_MV1","Zalophus californianus","Mammalia",239,"scientific name","Eukaryota","Chordata","Mammalia","Carnivora","Otariidae","Zalophus","Zalophus californianus"
"RL2501_F033_3_MV1",NA,NA,6807,NA,NA,NA,NA,NA,NA,NA,NA
"RL2501_F033_4_MV1","Astropecten verrilli","Asteroidea",378,"scientific name","Eukaryota","Echinodermata","Asteroidea","Paxillosida","Astropectinidae","Astropecten","Astropecten verrilli"
"RL2501_F033_4_MV1","Atherinopsis californiensis","Actinopteri",222,"scientific name","Eukaryota","Chordata","Actinopteri","Atheriniformes","Atherinopsidae","Atherinopsis","Atherinopsis californiensis"
"RL2501_F033_4_MV1","Citharichthys sordidus","Actinopteri",1234,"scientific name","Eukaryota","Chordata","Actinopteri","Pleuronectiformes","Cyclopsettidae","Citharichthys","Citharichthys sordidus"
"RL2501_F033_4_MV1","Engraulis mordax","Actinopteri",26328,"scientific name","Eukaryota","Chordata","Actinopteri","Clupeiformes","Engraulidae","Engraulis","Engraulis mordax"
"RL2501_F033_4_MV1","Homo sapiens","Mammalia",298,"scientific name","Eukaryota","Chordata","Mammalia","Primates","Hominidae","Homo","Homo sapiens"
"RL2501_F033_4_MV1","Patiria miniata","Asteroidea",123,"scientific name","Eukaryota","Echinodermata","Asteroidea","Valvatida","Asterinidae","Patiria","Patiria miniata"
"RL2501_F033_4_MV1","Phalacrocorax","Aves",415,"scientific name","Eukaryota","Chordata","Aves","Suliformes","Phalacrocoracidae","Phalacrocorax",NA
"RL2501_F033_4_MV1","Sardinops sagax","Actinopteri",327,"scientific name","Eukaryota","Chordata","Actinopteri","Clupeiformes","Clupeidae","Sardinops","Sardinops sagax"
"RL2501_F033_4_MV1","Scomber japonicus","Actinopteri",6839,"scientific name","Eukaryota","Chordata","Actinopteri","Scombriformes","Scombridae","Scomber","Scomber japonicus"
"RL2501_F033_4_MV1","Sebastes pinniger","Actinopteri",665,"scientific name","Eukaryota","Chordata","Actinopteri","Perciformes","Sebastidae","Sebastes","Sebastes pinniger"
"RL2501_F033_4_MV1",NA,NA,20768,NA,NA,NA,NA,NA,NA,NA,NA
"RL2501_F034_1_MV1","Astropecten verrilli","Asteroidea",1155,"scientific name","Eukaryota","Echinodermata","Asteroidea","Paxillosida","Astropectinidae","Astropecten","Astropecten verrilli"
"RL2501_F034_1_MV1","Chiasmodontidae","Actinopteri",908,"scientific name","Eukaryota","Chordata","Actinopteri","Scombriformes","Chiasmodontidae",NA,NA
"RL2501_F034_1_MV1","Citharichthys","Actinopteri",2924,"scientific name","Eukaryota","Chordata","Actinopteri","Pleuronectiformes","Cyclopsettidae","Citharichthys",NA
"RL2501_F034_1_MV1","Citharichthys sordidus","Actinopteri",38285,"scientific name","Eukaryota","Chordata","Actinopteri","Pleuronectiformes","Cyclopsettidae","Citharichthys","Citharichthys sordidus"
"RL2501_F034_1_MV1","Delphinidae","Mammalia",15515,"scientific name","Eukaryota","Chordata","Mammalia","Artiodactyla","Delphinidae",NA,NA
"RL2501_F034_1_MV1","Delphinus bairdii","Mammalia",1281,"scientific name","Eukaryota","Chordata","Mammalia","Artiodactyla","Delphinidae","Delphinus","Delphinus bairdii"
"RL2501_F034_1_MV1","Engraulis mordax","Actinopteri",68626,"scientific name","Eukaryota","Chordata","Actinopteri","Clupeiformes","Engraulidae","Engraulis","Engraulis mordax"
"RL2501_F034_1_MV1","Evadne","Branchiopoda",4,"scientific name","Eukaryota","Arthropoda","Branchiopoda","Diplostraca","Podonidae","Evadne",NA
"RL2501_F034_1_MV1","Homo sapiens","Mammalia",648,"scientific name","Eukaryota","Chordata","Mammalia","Primates","Hominidae","Homo","Homo sapiens"
"RL2501_F034_1_MV1","Larus","Aves",893,"scientific name","Eukaryota","Chordata","Aves","Charadriiformes","Laridae","Larus",NA
"RL2501_F034_1_MV1","Merluccius productus","Actinopteri",197,"scientific name","Eukaryota","Chordata","Actinopteri","Gadiformes","Merlucciidae","Merluccius","Merluccius productus"
"RL2501_F034_1_MV1","Scorpaena guttata","Actinopteri",570,"scientific name","Eukaryota","Chordata","Actinopteri","Perciformes","Scorpaenidae","Scorpaena","Scorpaena guttata"
"RL2501_F034_1_MV1","Sebastes","Actinopteri",38675,"scientific name","Eukaryota","Chordata","Actinopteri","Perciformes","Sebastidae","Sebastes",NA
"RL2501_F034_1_MV1","Tursiops truncatus","Mammalia",332,"scientific name","Eukaryota","Chordata","Mammalia","Artiodactyla","Delphinidae","Tursiops","Tursiops truncatus"
"RL2501_F034_1_MV1","Zalophus californianus","Mammalia",2112,"scientific name","Eukaryota","Chordata","Mammalia","Carnivora","Otariidae","Zalophus","Zalophus californianus"
"RL2501_F034_1_MV1",NA,NA,4342,NA,NA,NA,NA,NA,NA,NA,NA
"RL2501_F034_2_MV1","Astropecten verrilli","Asteroidea",2044,"scientific name","Eukaryota","Echinodermata","Asteroidea","Paxillosida","Astropectinidae","Astropecten","Astropecten verrilli"
"RL2501_F034_2_MV1","Ceratoscopelus","Actinopteri",2,"scientific name","Eukaryota","Chordata","Actinopteri","Myctophiformes","Myctophidae","Ceratoscopelus",NA
"RL2501_F034_2_MV1","Citharichthys","Actinopteri",4119,"scientific name","Eukaryota","Chordata","Actinopteri","Pleuronectiformes","Cyclopsettidae","Citharichthys",NA
"RL2501_F034_2_MV1","Citharichthys sordidus","Actinopteri",45904,"scientific name","Eukaryota","Chordata","Actinopteri","Pleuronectiformes","Cyclopsettidae","Citharichthys","Citharichthys sordidus"
"RL2501_F034_2_MV1","Delphinidae","Mammalia",18940,"scientific name","Eukaryota","Chordata","Mammalia","Artiodactyla","Delphinidae",NA,NA
"RL2501_F034_2_MV1","Delphinus bairdii","Mammalia",1453,"scientific name","Eukaryota","Chordata","Mammalia","Artiodactyla","Delphinidae","Delphinus","Delphinus bairdii"
"RL2501_F034_2_MV1","Engraulis mordax","Actinopteri",86566,"scientific name","Eukaryota","Chordata","Actinopteri","Clupeiformes","Engraulidae","Engraulis","Engraulis mordax"
"RL2501_F034_2_MV1","Evadne","Branchiopoda",10,"scientific name","Eukaryota","Arthropoda","Branchiopoda","Diplostraca","Podonidae","Evadne",NA
"RL2501_F034_2_MV1","Homo sapiens","Mammalia",2721,"scientific name","Eukaryota","Chordata","Mammalia","Primates","Hominidae","Homo","Homo sapiens"
"RL2501_F034_2_MV1","Leuroglossus","Actinopteri",964,"scientific name","Eukaryota","Chordata","Actinopteri","Argentiniformes","Bathylagidae","Leuroglossus",NA
"RL2501_F034_2_MV1","Merluccius productus","Actinopteri",847,"scientific name","Eukaryota","Chordata","Actinopteri","Gadiformes","Merlucciidae","Merluccius","Merluccius productus"
"RL2501_F034_2_MV1","Sebastes","Actinopteri",46556,"scientific name","Eukaryota","Chordata","Actinopteri","Perciformes","Sebastidae","Sebastes",NA
"RL2501_F034_2_MV1","Strongylocentrotus purpuratus","Echinoidea",115,"scientific name","Eukaryota","Echinodermata","Echinoidea","Camarodonta","Strongylocentrotidae","Strongylocentrotus","Strongylocentrotus purpuratus"
"RL2501_F034_2_MV1","Sus scrofa","Mammalia",264,"scientific name","Eukaryota","Chordata","Mammalia","Artiodactyla","Suidae","Sus","Sus scrofa"
"RL2501_F034_2_MV1","Zalophus californianus","Mammalia",1691,"scientific name","Eukaryota","Chordata","Mammalia","Carnivora","Otariidae","Zalophus","Zalophus californianus"
"RL2501_F034_2_MV1",NA,NA,6344,NA,NA,NA,NA,NA,NA,NA,NA
"RL2501_F034_3_MV1","Astropecten verrilli","Asteroidea",797,"scientific name","Eukaryota","Echinodermata","Asteroidea","Paxillosida","Astropectinidae","Astropecten","Astropecten verrilli"
"RL2501_F034_3_MV1","Bos taurus","Mammalia",5,"scientific name","Eukaryota","Chordata","Mammalia","Artiodactyla","Bovidae","Bos","Bos taurus"
"RL2501_F034_3_MV1","Citharichthys","Actinopteri",949,"scientific name","Eukaryota","Chordata","Actinopteri","Pleuronectiformes","Cyclopsettidae","Citharichthys",NA
"RL2501_F034_3_MV1","Citharichthys sordidus","Actinopteri",25703,"scientific name","Eukaryota","Chordata","Actinopteri","Pleuronectiformes","Cyclopsettidae","Citharichthys","Citharichthys sordidus"
"RL2501_F034_3_MV1","Cololabis saira","Actinopteri",2,"scientific name","Eukaryota","Chordata","Actinopteri","Beloniformes","Belonidae","Cololabis","Cololabis saira"
"RL2501_F034_3_MV1","Delphinidae","Mammalia",4218,"scientific name","Eukaryota","Chordata","Mammalia","Artiodactyla","Delphinidae",NA,NA
"RL2501_F034_3_MV1","Delphinus bairdii","Mammalia",537,"scientific name","Eukaryota","Chordata","Mammalia","Artiodactyla","Delphinidae","Delphinus","Delphinus bairdii"
"RL2501_F034_3_MV1","Engraulis mordax","Actinopteri",58429,"scientific name","Eukaryota","Chordata","Actinopteri","Clupeiformes","Engraulidae","Engraulis","Engraulis mordax"
"RL2501_F034_3_MV1","Evadne","Branchiopoda",14,"scientific name","Eukaryota","Arthropoda","Branchiopoda","Diplostraca","Podonidae","Evadne",NA
"RL2501_F034_3_MV1","Homo sapiens","Mammalia",316,"scientific name","Eukaryota","Chordata","Mammalia","Primates","Hominidae","Homo","Homo sapiens"
"RL2501_F034_3_MV1","Leuroglossus","Actinopteri",770,"scientific name","Eukaryota","Chordata","Actinopteri","Argentiniformes","Bathylagidae","Leuroglossus",NA
"RL2501_F034_3_MV1","Oneirodes","Actinopteri",3,"scientific name","Eukaryota","Chordata","Actinopteri","Lophiiformes","Oneirodidae","Oneirodes",NA
"RL2501_F034_3_MV1","Phosichthyidae","Actinopteri",131,"scientific name","Eukaryota","Chordata","Actinopteri","Stomiiformes","Phosichthyidae",NA,NA
"RL2501_F034_3_MV1","Pleuronectidae","Actinopteri",6,"scientific name","Eukaryota","Chordata","Actinopteri","Pleuronectiformes","Pleuronectidae",NA,NA
"RL2501_F034_3_MV1","Prionace glauca","Chondrichthyes",5,"scientific name","Eukaryota","Chordata","Chondrichthyes","Carcharhiniformes","Carcharhinidae","Prionace","Prionace glauca"
"RL2501_F034_3_MV1","Sebastes","Actinopteri",32758,"scientific name","Eukaryota","Chordata","Actinopteri","Perciformes","Sebastidae","Sebastes",NA
"RL2501_F034_3_MV1","Symbolophorus californiensis","Actinopteri",60,"scientific name","Eukaryota","Chordata","Actinopteri","Myctophiformes","Myctophidae","Symbolophorus","Symbolophorus californiensis"
"RL2501_F034_3_MV1","Syngnathus","Actinopteri",6,"scientific name","Eukaryota","Chordata","Actinopteri","Syngnathiformes","Syngnathidae","Syngnathus",NA
"RL2501_F034_3_MV1","Tetragonurus cuvieri","Actinopteri",13,"scientific name","Eukaryota","Chordata","Actinopteri","Scombriformes","Tetragonuridae","Tetragonurus","Tetragonurus cuvieri"
"RL2501_F034_3_MV1","Trachurus symmetricus","Actinopteri",11,"scientific name","Eukaryota","Chordata","Actinopteri","Carangiformes","Carangidae","Trachurus","Trachurus symmetricus"
"RL2501_F034_3_MV1","Zalophus californianus","Mammalia",527,"scientific name","Eukaryota","Chordata","Mammalia","Carnivora","Otariidae","Zalophus","Zalophus californianus"
"RL2501_F034_3_MV1",NA,NA,7325,NA,NA,NA,NA,NA,NA,NA,NA
"RL2501_F034_4_MV1","Artiodactyla","Mammalia",708,"scientific name","Eukaryota","Chordata","Mammalia","Artiodactyla",NA,NA,NA
"RL2501_F034_4_MV1","Astropecten verrilli","Asteroidea",2466,"scientific name","Eukaryota","Echinodermata","Asteroidea","Paxillosida","Astropectinidae","Astropecten","Astropecten verrilli"
"RL2501_F034_4_MV1","Bathycoccus prasinos","Mamiellophyceae",65,"scientific name","Eukaryota","Chlorophyta","Mamiellophyceae","Mamiellales","Bathycoccaceae","Bathycoccus","Bathycoccus prasinos"
"RL2501_F034_4_MV1","Citharichthys","Actinopteri",3200,"scientific name","Eukaryota","Chordata","Actinopteri","Pleuronectiformes","Cyclopsettidae","Citharichthys",NA
"RL2501_F034_4_MV1","Citharichthys sordidus","Actinopteri",24329,"scientific name","Eukaryota","Chordata","Actinopteri","Pleuronectiformes","Cyclopsettidae","Citharichthys","Citharichthys sordidus"
"RL2501_F034_4_MV1","Delphinidae","Mammalia",11942,"scientific name","Eukaryota","Chordata","Mammalia","Artiodactyla","Delphinidae",NA,NA
"RL2501_F034_4_MV1","Delphinus bairdii","Mammalia",3119,"scientific name","Eukaryota","Chordata","Mammalia","Artiodactyla","Delphinidae","Delphinus","Delphinus bairdii"
"RL2501_F034_4_MV1","Engraulis mordax","Actinopteri",69552,"scientific name","Eukaryota","Chordata","Actinopteri","Clupeiformes","Engraulidae","Engraulis","Engraulis mordax"
"RL2501_F034_4_MV1","Evadne","Branchiopoda",17,"scientific name","Eukaryota","Arthropoda","Branchiopoda","Diplostraca","Podonidae","Evadne",NA
"RL2501_F034_4_MV1","Homo sapiens","Mammalia",538,"scientific name","Eukaryota","Chordata","Mammalia","Primates","Hominidae","Homo","Homo sapiens"
"RL2501_F034_4_MV1","Paralabrax clathratus","Actinopteri",1786,"scientific name","Eukaryota","Chordata","Actinopteri","Perciformes","Serranidae","Paralabrax","Paralabrax clathratus"
"RL2501_F034_4_MV1","Sarda","Actinopteri",5,"scientific name","Eukaryota","Chordata","Actinopteri","Scombriformes","Scombridae","Sarda",NA
"RL2501_F034_4_MV1","Sebastes","Actinopteri",27063,"scientific name","Eukaryota","Chordata","Actinopteri","Perciformes","Sebastidae","Sebastes",NA
"RL2501_F034_4_MV1","Strongylocentrotus purpuratus","Echinoidea",381,"scientific name","Eukaryota","Echinodermata","Echinoidea","Camarodonta","Strongylocentrotidae","Strongylocentrotus","Strongylocentrotus purpuratus"
"RL2501_F034_4_MV1","Symbolophorus californiensis","Actinopteri",39,"scientific name","Eukaryota","Chordata","Actinopteri","Myctophiformes","Myctophidae","Symbolophorus","Symbolophorus californiensis"
"RL2501_F034_4_MV1","Tursiops truncatus","Mammalia",464,"scientific name","Eukaryota","Chordata","Mammalia","Artiodactyla","Delphinidae","Tursiops","Tursiops truncatus"
"RL2501_F034_4_MV1","Zalophus californianus","Mammalia",633,"scientific name","Eukaryota","Chordata","Mammalia","Carnivora","Otariidae","Zalophus","Zalophus californianus"
"RL2501_F034_4_MV1",NA,NA,26233,NA,NA,NA,NA,NA,NA,NA,NA
"RL2501_F036_1_MV1","Astropecten verrilli","Asteroidea",1568,"scientific name","Eukaryota","Echinodermata","Asteroidea","Paxillosida","Astropectinidae","Astropecten","Astropecten verrilli"
"RL2501_F036_1_MV1","Citharichthys sordidus","Actinopteri",58516,"scientific name","Eukaryota","Chordata","Actinopteri","Pleuronectiformes","Cyclopsettidae","Citharichthys","Citharichthys sordidus"
"RL2501_F036_1_MV1","Delphinidae","Mammalia",744,"scientific name","Eukaryota","Chordata","Mammalia","Artiodactyla","Delphinidae",NA,NA
"RL2501_F036_1_MV1","Engraulis mordax","Actinopteri",234115,"scientific name","Eukaryota","Chordata","Actinopteri","Clupeiformes","Engraulidae","Engraulis","Engraulis mordax"
"RL2501_F036_1_MV1","Evadne","Branchiopoda",3,"scientific name","Eukaryota","Arthropoda","Branchiopoda","Diplostraca","Podonidae","Evadne",NA
"RL2501_F036_1_MV1","Myliobatis californica","Chondrichthyes",20,"scientific name","Eukaryota","Chordata","Chondrichthyes","Myliobatiformes","Myliobatidae","Myliobatis","Myliobatis californica"
"RL2501_F036_1_MV1","Sebastes","Actinopteri",1621,"scientific name","Eukaryota","Chordata","Actinopteri","Perciformes","Sebastidae","Sebastes",NA
"RL2501_F036_1_MV1","Strongylocentrotus purpuratus","Echinoidea",219,"scientific name","Eukaryota","Echinodermata","Echinoidea","Camarodonta","Strongylocentrotidae","Strongylocentrotus","Strongylocentrotus purpuratus"
"RL2501_F036_1_MV1",NA,NA,846,NA,NA,NA,NA,NA,NA,NA,NA
"RL2501_F036_2_MV1","Astropecten verrilli","Asteroidea",1656,"scientific name","Eukaryota","Echinodermata","Asteroidea","Paxillosida","Astropectinidae","Astropecten","Astropecten verrilli"
"RL2501_F036_2_MV1","Citharichthys sordidus","Actinopteri",55458,"scientific name","Eukaryota","Chordata","Actinopteri","Pleuronectiformes","Cyclopsettidae","Citharichthys","Citharichthys sordidus"
"RL2501_F036_2_MV1","Engraulis mordax","Actinopteri",222105,"scientific name","Eukaryota","Chordata","Actinopteri","Clupeiformes","Engraulidae","Engraulis","Engraulis mordax"
"RL2501_F036_2_MV1","Homo sapiens","Mammalia",679,"scientific name","Eukaryota","Chordata","Mammalia","Primates","Hominidae","Homo","Homo sapiens"
"RL2501_F036_2_MV1","Merluccius productus","Actinopteri",731,"scientific name","Eukaryota","Chordata","Actinopteri","Gadiformes","Merlucciidae","Merluccius","Merluccius productus"
"RL2501_F036_2_MV1","Sebastes","Actinopteri",1536,"scientific name","Eukaryota","Chordata","Actinopteri","Perciformes","Sebastidae","Sebastes",NA
"RL2501_F036_2_MV1",NA,NA,6143,NA,NA,NA,NA,NA,NA,NA,NA
"RL2501_F036_3_MV1","Astropecten verrilli","Asteroidea",533,"scientific name","Eukaryota","Echinodermata","Asteroidea","Paxillosida","Astropectinidae","Astropecten","Astropecten verrilli"
"RL2501_F036_3_MV1","Citharichthys sordidus","Actinopteri",50799,"scientific name","Eukaryota","Chordata","Actinopteri","Pleuronectiformes","Cyclopsettidae","Citharichthys","Citharichthys sordidus"
"RL2501_F036_3_MV1","Engraulis mordax","Actinopteri",189404,"scientific name","Eukaryota","Chordata","Actinopteri","Clupeiformes","Engraulidae","Engraulis","Engraulis mordax"
"RL2501_F036_3_MV1","Patiria miniata","Asteroidea",12,"scientific name","Eukaryota","Echinodermata","Asteroidea","Valvatida","Asterinidae","Patiria","Patiria miniata"
"RL2501_F036_3_MV1","Sebastes","Actinopteri",5373,"scientific name","Eukaryota","Chordata","Actinopteri","Perciformes","Sebastidae","Sebastes",NA
"RL2501_F036_3_MV1",NA,NA,6439,NA,NA,NA,NA,NA,NA,NA,NA
"RL2501_F036_4_MV1","Astropecten verrilli","Asteroidea",5228,"scientific name","Eukaryota","Echinodermata","Asteroidea","Paxillosida","Astropectinidae","Astropecten","Astropecten verrilli"
"RL2501_F036_4_MV1","Citharichthys sordidus","Actinopteri",22492,"scientific name","Eukaryota","Chordata","Actinopteri","Pleuronectiformes","Cyclopsettidae","Citharichthys","Citharichthys sordidus"
"RL2501_F036_4_MV1","Engraulis mordax","Actinopteri",172175,"scientific name","Eukaryota","Chordata","Actinopteri","Clupeiformes","Engraulidae","Engraulis","Engraulis mordax"
"RL2501_F036_4_MV1","Evadne","Branchiopoda",32,"scientific name","Eukaryota","Arthropoda","Branchiopoda","Diplostraca","Podonidae","Evadne",NA
"RL2501_F036_4_MV1","Homo sapiens","Mammalia",1087,"scientific name","Eukaryota","Chordata","Mammalia","Primates","Hominidae","Homo","Homo sapiens"
"RL2501_F036_4_MV1","Sarda","Actinopteri",2,"scientific name","Eukaryota","Chordata","Actinopteri","Scombriformes","Scombridae","Sarda",NA
"RL2501_F036_4_MV1",NA,NA,15845,NA,NA,NA,NA,NA,NA,NA,NA
"RL2501_F038_1_MV1","Astropecten verrilli","Asteroidea",12443,"scientific name","Eukaryota","Echinodermata","Asteroidea","Paxillosida","Astropectinidae","Astropecten","Astropecten verrilli"
"RL2501_F038_1_MV1","Citharichthys stigmaeus","Actinopteri",7895,"scientific name","Eukaryota","Chordata","Actinopteri","Pleuronectiformes","Cyclopsettidae","Citharichthys","Citharichthys stigmaeus"
"RL2501_F038_1_MV1","Delphinidae","Mammalia",8683,"scientific name","Eukaryota","Chordata","Mammalia","Artiodactyla","Delphinidae",NA,NA
"RL2501_F038_1_MV1","Engraulis mordax","Actinopteri",146579,"scientific name","Eukaryota","Chordata","Actinopteri","Clupeiformes","Engraulidae","Engraulis","Engraulis mordax"
"RL2501_F038_1_MV1","Gavia stellata","Aves",1511,"scientific name","Eukaryota","Chordata","Aves","Gaviiformes","Gaviidae","Gavia","Gavia stellata"
"RL2501_F038_1_MV1","Lampanyctus tenuiformis","Actinopteri",14599,"scientific name","Eukaryota","Chordata","Actinopteri","Myctophiformes","Myctophidae","Lampanyctus","Lampanyctus tenuiformis"
"RL2501_F038_1_MV1","Leuroglossus","Actinopteri",40,"scientific name","Eukaryota","Chordata","Actinopteri","Argentiniformes","Bathylagidae","Leuroglossus",NA
"RL2501_F038_1_MV1","Merluccius","Actinopteri",39,"scientific name","Eukaryota","Chordata","Actinopteri","Gadiformes","Merlucciidae","Merluccius",NA
"RL2501_F038_1_MV1","Merluccius productus","Actinopteri",38384,"scientific name","Eukaryota","Chordata","Actinopteri","Gadiformes","Merlucciidae","Merluccius","Merluccius productus"
"RL2501_F038_1_MV1","Paralichthys californicus","Actinopteri",14798,"scientific name","Eukaryota","Chordata","Actinopteri","Pleuronectiformes","Paralichthyidae","Paralichthys","Paralichthys californicus"
"RL2501_F038_1_MV1","Patiria miniata","Asteroidea",2658,"scientific name","Eukaryota","Echinodermata","Asteroidea","Valvatida","Asterinidae","Patiria","Patiria miniata"
"RL2501_F038_1_MV1","Prionace glauca","Chondrichthyes",20,"scientific name","Eukaryota","Chordata","Chondrichthyes","Carcharhiniformes","Carcharhinidae","Prionace","Prionace glauca"
"RL2501_F038_1_MV1","Sebastes","Actinopteri",5020,"scientific name","Eukaryota","Chordata","Actinopteri","Perciformes","Sebastidae","Sebastes",NA
"RL2501_F038_1_MV1","Strongylocentrotus purpuratus","Echinoidea",862,"scientific name","Eukaryota","Echinodermata","Echinoidea","Camarodonta","Strongylocentrotidae","Strongylocentrotus","Strongylocentrotus purpuratus"
"RL2501_F038_1_MV1","Syngnathus","Actinopteri",14940,"scientific name","Eukaryota","Chordata","Actinopteri","Syngnathiformes","Syngnathidae","Syngnathus",NA
"RL2501_F038_1_MV1",NA,NA,29059,NA,NA,NA,NA,NA,NA,NA,NA
"RL2501_F038_2_MV1","Astropecten verrilli","Asteroidea",16708,"scientific name","Eukaryota","Echinodermata","Asteroidea","Paxillosida","Astropectinidae","Astropecten","Astropecten verrilli"
"RL2501_F038_2_MV1","Citharichthys stigmaeus","Actinopteri",16995,"scientific name","Eukaryota","Chordata","Actinopteri","Pleuronectiformes","Cyclopsettidae","Citharichthys","Citharichthys stigmaeus"
"RL2501_F038_2_MV1","Delphinidae","Mammalia",5052,"scientific name","Eukaryota","Chordata","Mammalia","Artiodactyla","Delphinidae",NA,NA
"RL2501_F038_2_MV1","Delphinus bairdii","Mammalia",1091,"scientific name","Eukaryota","Chordata","Mammalia","Artiodactyla","Delphinidae","Delphinus","Delphinus bairdii"
"RL2501_F038_2_MV1","Engraulis mordax","Actinopteri",100529,"scientific name","Eukaryota","Chordata","Actinopteri","Clupeiformes","Engraulidae","Engraulis","Engraulis mordax"
"RL2501_F038_2_MV1","Lampanyctus tenuiformis","Actinopteri",16762,"scientific name","Eukaryota","Chordata","Actinopteri","Myctophiformes","Myctophidae","Lampanyctus","Lampanyctus tenuiformis"
"RL2501_F038_2_MV1","Merluccius productus","Actinopteri",29081,"scientific name","Eukaryota","Chordata","Actinopteri","Gadiformes","Merlucciidae","Merluccius","Merluccius productus"
"RL2501_F038_2_MV1","Paralichthys californicus","Actinopteri",5038,"scientific name","Eukaryota","Chordata","Actinopteri","Pleuronectiformes","Paralichthyidae","Paralichthys","Paralichthys californicus"
"RL2501_F038_2_MV1","Patiria miniata","Asteroidea",3836,"scientific name","Eukaryota","Echinodermata","Asteroidea","Valvatida","Asterinidae","Patiria","Patiria miniata"
"RL2501_F038_2_MV1","Strongylocentrotus purpuratus","Echinoidea",1650,"scientific name","Eukaryota","Echinodermata","Echinoidea","Camarodonta","Strongylocentrotidae","Strongylocentrotus","Strongylocentrotus purpuratus"
"RL2501_F038_2_MV1","Syngnathus","Actinopteri",15817,"scientific name","Eukaryota","Chordata","Actinopteri","Syngnathiformes","Syngnathidae","Syngnathus",NA
"RL2501_F038_2_MV1",NA,NA,58216,NA,NA,NA,NA,NA,NA,NA,NA
"RL2501_F038_3_MV1","Astropecten verrilli","Asteroidea",1848,"scientific name","Eukaryota","Echinodermata","Asteroidea","Paxillosida","Astropectinidae","Astropecten","Astropecten verrilli"
"RL2501_F038_3_MV1","Atherinopsis californiensis","Actinopteri",648,"scientific name","Eukaryota","Chordata","Actinopteri","Atheriniformes","Atherinopsidae","Atherinopsis","Atherinopsis californiensis"
"RL2501_F038_3_MV1","Citharichthys","Actinopteri",29,"scientific name","Eukaryota","Chordata","Actinopteri","Pleuronectiformes","Cyclopsettidae","Citharichthys",NA
"RL2501_F038_3_MV1","Citharichthys sordidus","Actinopteri",55,"scientific name","Eukaryota","Chordata","Actinopteri","Pleuronectiformes","Cyclopsettidae","Citharichthys","Citharichthys sordidus"
"RL2501_F038_3_MV1","Citharichthys stigmaeus","Actinopteri",2252,"scientific name","Eukaryota","Chordata","Actinopteri","Pleuronectiformes","Cyclopsettidae","Citharichthys","Citharichthys stigmaeus"
"RL2501_F038_3_MV1","Delphinidae","Mammalia",482,"scientific name","Eukaryota","Chordata","Mammalia","Artiodactyla","Delphinidae",NA,NA
"RL2501_F038_3_MV1","Delphinus bairdii","Mammalia",63,"scientific name","Eukaryota","Chordata","Mammalia","Artiodactyla","Delphinidae","Delphinus","Delphinus bairdii"
"RL2501_F038_3_MV1","Engraulis mordax","Actinopteri",34577,"scientific name","Eukaryota","Chordata","Actinopteri","Clupeiformes","Engraulidae","Engraulis","Engraulis mordax"
"RL2501_F038_3_MV1","Gavia stellata","Aves",296,"scientific name","Eukaryota","Chordata","Aves","Gaviiformes","Gaviidae","Gavia","Gavia stellata"
"RL2501_F038_3_MV1","Lampanyctus tenuiformis","Actinopteri",7007,"scientific name","Eukaryota","Chordata","Actinopteri","Myctophiformes","Myctophidae","Lampanyctus","Lampanyctus tenuiformis"
"RL2501_F038_3_MV1","Luidia foliolata","Asteroidea",4,"scientific name","Eukaryota","Echinodermata","Asteroidea","Paxillosida","Luidiidae","Luidia","Luidia foliolata"
"RL2501_F038_3_MV1","Merluccius productus","Actinopteri",4675,"scientific name","Eukaryota","Chordata","Actinopteri","Gadiformes","Merlucciidae","Merluccius","Merluccius productus"
"RL2501_F038_3_MV1","Paralichthys californicus","Actinopteri",4330,"scientific name","Eukaryota","Chordata","Actinopteri","Pleuronectiformes","Paralichthyidae","Paralichthys","Paralichthys californicus"
"RL2501_F038_3_MV1","Patiria miniata","Asteroidea",362,"scientific name","Eukaryota","Echinodermata","Asteroidea","Valvatida","Asterinidae","Patiria","Patiria miniata"
"RL2501_F038_3_MV1","Sebastes","Actinopteri",597,"scientific name","Eukaryota","Chordata","Actinopteri","Perciformes","Sebastidae","Sebastes",NA
"RL2501_F038_3_MV1","Strongylocentrotus purpuratus","Echinoidea",240,"scientific name","Eukaryota","Echinodermata","Echinoidea","Camarodonta","Strongylocentrotidae","Strongylocentrotus","Strongylocentrotus purpuratus"
"RL2501_F038_3_MV1","Symbolophorus californiensis","Actinopteri",16,"scientific name","Eukaryota","Chordata","Actinopteri","Myctophiformes","Myctophidae","Symbolophorus","Symbolophorus californiensis"
"RL2501_F038_3_MV1","Syngnathus","Actinopteri",2457,"scientific name","Eukaryota","Chordata","Actinopteri","Syngnathiformes","Syngnathidae","Syngnathus",NA
"RL2501_F038_3_MV1","Tursiops truncatus","Mammalia",69,"scientific name","Eukaryota","Chordata","Mammalia","Artiodactyla","Delphinidae","Tursiops","Tursiops truncatus"
"RL2501_F038_3_MV1","Zalophus californianus","Mammalia",158,"scientific name","Eukaryota","Chordata","Mammalia","Carnivora","Otariidae","Zalophus","Zalophus californianus"
"RL2501_F038_3_MV1",NA,NA,15422,NA,NA,NA,NA,NA,NA,NA,NA
"RL2501_F038_4_MV1","Astropecten verrilli","Asteroidea",10183,"scientific name","Eukaryota","Echinodermata","Asteroidea","Paxillosida","Astropectinidae","Astropecten","Astropecten verrilli"
"RL2501_F038_4_MV1","Bathycoccus prasinos","Mamiellophyceae",2,"scientific name","Eukaryota","Chlorophyta","Mamiellophyceae","Mamiellales","Bathycoccaceae","Bathycoccus","Bathycoccus prasinos"
"RL2501_F038_4_MV1","Citharichthys stigmaeus","Actinopteri",7796,"scientific name","Eukaryota","Chordata","Actinopteri","Pleuronectiformes","Cyclopsettidae","Citharichthys","Citharichthys stigmaeus"
"RL2501_F038_4_MV1","Delphinus bairdii","Mammalia",999,"scientific name","Eukaryota","Chordata","Mammalia","Artiodactyla","Delphinidae","Delphinus","Delphinus bairdii"
"RL2501_F038_4_MV1","Engraulis mordax","Actinopteri",108123,"scientific name","Eukaryota","Chordata","Actinopteri","Clupeiformes","Engraulidae","Engraulis","Engraulis mordax"
"RL2501_F038_4_MV1","Gavia stellata","Aves",1613,"scientific name","Eukaryota","Chordata","Aves","Gaviiformes","Gaviidae","Gavia","Gavia stellata"
"RL2501_F038_4_MV1","Homo sapiens","Mammalia",1663,"scientific name","Eukaryota","Chordata","Mammalia","Primates","Hominidae","Homo","Homo sapiens"
"RL2501_F038_4_MV1","Merluccius","Actinopteri",55,"scientific name","Eukaryota","Chordata","Actinopteri","Gadiformes","Merlucciidae","Merluccius",NA
"RL2501_F038_4_MV1","Merluccius productus","Actinopteri",14473,"scientific name","Eukaryota","Chordata","Actinopteri","Gadiformes","Merlucciidae","Merluccius","Merluccius productus"
"RL2501_F038_4_MV1","Paralichthys californicus","Actinopteri",10997,"scientific name","Eukaryota","Chordata","Actinopteri","Pleuronectiformes","Paralichthyidae","Paralichthys","Paralichthys californicus"
"RL2501_F038_4_MV1","Patiria miniata","Asteroidea",3937,"scientific name","Eukaryota","Echinodermata","Asteroidea","Valvatida","Asterinidae","Patiria","Patiria miniata"
"RL2501_F038_4_MV1","Phosichthyidae","Actinopteri",6,"scientific name","Eukaryota","Chordata","Actinopteri","Stomiiformes","Phosichthyidae",NA,NA
"RL2501_F038_4_MV1","Sebastes","Actinopteri",11,"scientific name","Eukaryota","Chordata","Actinopteri","Perciformes","Sebastidae","Sebastes",NA
"RL2501_F038_4_MV1","Strongylocentrotus purpuratus","Echinoidea",678,"scientific name","Eukaryota","Echinodermata","Echinoidea","Camarodonta","Strongylocentrotidae","Strongylocentrotus","Strongylocentrotus purpuratus"
"RL2501_F038_4_MV1","Syngnathus","Actinopteri",23260,"scientific name","Eukaryota","Chordata","Actinopteri","Syngnathiformes","Syngnathidae","Syngnathus",NA
"RL2501_F038_4_MV1",NA,NA,49372,NA,NA,NA,NA,NA,NA,NA,NA
"RL2501_F039_1_MV1","Artiodactyla","Mammalia",864,"scientific name","Eukaryota","Chordata","Mammalia","Artiodactyla",NA,NA,NA
"RL2501_F039_1_MV1","Astropecten verrilli","Asteroidea",22409,"scientific name","Eukaryota","Echinodermata","Asteroidea","Paxillosida","Astropectinidae","Astropecten","Astropecten verrilli"
"RL2501_F039_1_MV1","Atherinops affinis","Actinopteri",1168,"scientific name","Eukaryota","Chordata","Actinopteri","Atheriniformes","Atherinopsidae","Atherinops","Atherinops affinis"
"RL2501_F039_1_MV1","Aulorhynchus flavidus","Actinopteri",1503,"scientific name","Eukaryota","Chordata","Actinopteri","Perciformes","Aulorhynchidae","Aulorhynchus","Aulorhynchus flavidus"
"RL2501_F039_1_MV1","Bathycoccus prasinos","Mamiellophyceae",174,"scientific name","Eukaryota","Chlorophyta","Mamiellophyceae","Mamiellales","Bathycoccaceae","Bathycoccus","Bathycoccus prasinos"
"RL2501_F039_1_MV1","Citharichthys","Actinopteri",2263,"scientific name","Eukaryota","Chordata","Actinopteri","Pleuronectiformes","Cyclopsettidae","Citharichthys",NA
"RL2501_F039_1_MV1","Citharichthys sordidus","Actinopteri",15828,"scientific name","Eukaryota","Chordata","Actinopteri","Pleuronectiformes","Cyclopsettidae","Citharichthys","Citharichthys sordidus"
"RL2501_F039_1_MV1","Citharichthys stigmaeus","Actinopteri",6605,"scientific name","Eukaryota","Chordata","Actinopteri","Pleuronectiformes","Cyclopsettidae","Citharichthys","Citharichthys stigmaeus"
"RL2501_F039_1_MV1","Delphinidae","Mammalia",1685,"scientific name","Eukaryota","Chordata","Mammalia","Artiodactyla","Delphinidae",NA,NA
"RL2501_F039_1_MV1","Engraulis mordax","Actinopteri",88177,"scientific name","Eukaryota","Chordata","Actinopteri","Clupeiformes","Engraulidae","Engraulis","Engraulis mordax"
"RL2501_F039_1_MV1","Evadne","Branchiopoda",13,"scientific name","Eukaryota","Arthropoda","Branchiopoda","Diplostraca","Podonidae","Evadne",NA
"RL2501_F039_1_MV1","Luidia foliolata","Asteroidea",17,"scientific name","Eukaryota","Echinodermata","Asteroidea","Paxillosida","Luidiidae","Luidia","Luidia foliolata"
"RL2501_F039_1_MV1","Merluccius productus","Actinopteri",35655,"scientific name","Eukaryota","Chordata","Actinopteri","Gadiformes","Merlucciidae","Merluccius","Merluccius productus"
"RL2501_F039_1_MV1","Patiria miniata","Asteroidea",331,"scientific name","Eukaryota","Echinodermata","Asteroidea","Valvatida","Asterinidae","Patiria","Patiria miniata"
"RL2501_F039_1_MV1","Pisaster","Asteroidea",264,"scientific name","Eukaryota","Echinodermata","Asteroidea","Forcipulatida","Asteriidae","Pisaster",NA
"RL2501_F039_1_MV1","Sebastes","Actinopteri",1212,"scientific name","Eukaryota","Chordata","Actinopteri","Perciformes","Sebastidae","Sebastes",NA
"RL2501_F039_1_MV1","Strongylocentrotus purpuratus","Echinoidea",731,"scientific name","Eukaryota","Echinodermata","Echinoidea","Camarodonta","Strongylocentrotidae","Strongylocentrotus","Strongylocentrotus purpuratus"
"RL2501_F039_1_MV1","Syngnathus","Actinopteri",5442,"scientific name","Eukaryota","Chordata","Actinopteri","Syngnathiformes","Syngnathidae","Syngnathus",NA
"RL2501_F039_1_MV1","Tursiops truncatus","Mammalia",647,"scientific name","Eukaryota","Chordata","Mammalia","Artiodactyla","Delphinidae","Tursiops","Tursiops truncatus"
"RL2501_F039_1_MV1","Zalophus californianus","Mammalia",2454,"scientific name","Eukaryota","Chordata","Mammalia","Carnivora","Otariidae","Zalophus","Zalophus californianus"
"RL2501_F039_1_MV1",NA,NA,48339,NA,NA,NA,NA,NA,NA,NA,NA
"RL2501_F039_2_MV1","Astropecten verrilli","Asteroidea",18508,"scientific name","Eukaryota","Echinodermata","Asteroidea","Paxillosida","Astropectinidae","Astropecten","Astropecten verrilli"
"RL2501_F039_2_MV1","Bathycoccus prasinos","Mamiellophyceae",8,"scientific name","Eukaryota","Chlorophyta","Mamiellophyceae","Mamiellales","Bathycoccaceae","Bathycoccus","Bathycoccus prasinos"
"RL2501_F039_2_MV1","Citharichthys","Actinopteri",5933,"scientific name","Eukaryota","Chordata","Actinopteri","Pleuronectiformes","Cyclopsettidae","Citharichthys",NA
"RL2501_F039_2_MV1","Citharichthys sordidus","Actinopteri",6198,"scientific name","Eukaryota","Chordata","Actinopteri","Pleuronectiformes","Cyclopsettidae","Citharichthys","Citharichthys sordidus"
"RL2501_F039_2_MV1","Citharichthys stigmaeus","Actinopteri",1673,"scientific name","Eukaryota","Chordata","Actinopteri","Pleuronectiformes","Cyclopsettidae","Citharichthys","Citharichthys stigmaeus"
"RL2501_F039_2_MV1","Engraulis mordax","Actinopteri",67274,"scientific name","Eukaryota","Chordata","Actinopteri","Clupeiformes","Engraulidae","Engraulis","Engraulis mordax"
"RL2501_F039_2_MV1","Evadne","Branchiopoda",4,"scientific name","Eukaryota","Arthropoda","Branchiopoda","Diplostraca","Podonidae","Evadne",NA
"RL2501_F039_2_MV1","Grampus griseus","Mammalia",317,"scientific name","Eukaryota","Chordata","Mammalia","Artiodactyla","Delphinidae","Grampus","Grampus griseus"
"RL2501_F039_2_MV1","Homo sapiens","Mammalia",224,"scientific name","Eukaryota","Chordata","Mammalia","Primates","Hominidae","Homo","Homo sapiens"
"RL2501_F039_2_MV1","Icichthys lockingtoni","Actinopteri",267,"scientific name","Eukaryota","Chordata","Actinopteri","Scombriformes","Centrolophidae","Icichthys","Icichthys lockingtoni"
"RL2501_F039_2_MV1","Merluccius productus","Actinopteri",21634,"scientific name","Eukaryota","Chordata","Actinopteri","Gadiformes","Merlucciidae","Merluccius","Merluccius productus"
"RL2501_F039_2_MV1","Patiria miniata","Asteroidea",37,"scientific name","Eukaryota","Echinodermata","Asteroidea","Valvatida","Asterinidae","Patiria","Patiria miniata"
"RL2501_F039_2_MV1","Pisaster","Asteroidea",304,"scientific name","Eukaryota","Echinodermata","Asteroidea","Forcipulatida","Asteriidae","Pisaster",NA
"RL2501_F039_2_MV1","Pisaster ochraceus","Asteroidea",170,"scientific name","Eukaryota","Echinodermata","Asteroidea","Forcipulatida","Asteriidae","Pisaster","Pisaster ochraceus"
"RL2501_F039_2_MV1","Sardinops sagax","Actinopteri",25,"scientific name","Eukaryota","Chordata","Actinopteri","Clupeiformes","Clupeidae","Sardinops","Sardinops sagax"
"RL2501_F039_2_MV1","Sebastes","Actinopteri",397,"scientific name","Eukaryota","Chordata","Actinopteri","Perciformes","Sebastidae","Sebastes",NA
"RL2501_F039_2_MV1","Sebastes pinniger","Actinopteri",131,"scientific name","Eukaryota","Chordata","Actinopteri","Perciformes","Sebastidae","Sebastes","Sebastes pinniger"
"RL2501_F039_2_MV1","Strongylocentrotus purpuratus","Echinoidea",951,"scientific name","Eukaryota","Echinodermata","Echinoidea","Camarodonta","Strongylocentrotidae","Strongylocentrotus","Strongylocentrotus purpuratus"
"RL2501_F039_2_MV1","Syngnathus","Actinopteri",3166,"scientific name","Eukaryota","Chordata","Actinopteri","Syngnathiformes","Syngnathidae","Syngnathus",NA
"RL2501_F039_2_MV1","Trachurus symmetricus","Actinopteri",22,"scientific name","Eukaryota","Chordata","Actinopteri","Carangiformes","Carangidae","Trachurus","Trachurus symmetricus"
"RL2501_F039_2_MV1","Zalophus californianus","Mammalia",9,"scientific name","Eukaryota","Chordata","Mammalia","Carnivora","Otariidae","Zalophus","Zalophus californianus"
"RL2501_F039_2_MV1",NA,NA,47971,NA,NA,NA,NA,NA,NA,NA,NA
"RL2501_F039_3_MV1","Astropecten verrilli","Asteroidea",13198,"scientific name","Eukaryota","Echinodermata","Asteroidea","Paxillosida","Astropectinidae","Astropecten","Astropecten verrilli"
"RL2501_F039_3_MV1","Ceratoscopelus","Actinopteri",6,"scientific name","Eukaryota","Chordata","Actinopteri","Myctophiformes","Myctophidae","Ceratoscopelus",NA
"RL2501_F039_3_MV1","Chiasmodontidae","Actinopteri",45,"scientific name","Eukaryota","Chordata","Actinopteri","Scombriformes","Chiasmodontidae",NA,NA
"RL2501_F039_3_MV1","Citharichthys","Actinopteri",712,"scientific name","Eukaryota","Chordata","Actinopteri","Pleuronectiformes","Cyclopsettidae","Citharichthys",NA
"RL2501_F039_3_MV1","Citharichthys sordidus","Actinopteri",2018,"scientific name","Eukaryota","Chordata","Actinopteri","Pleuronectiformes","Cyclopsettidae","Citharichthys","Citharichthys sordidus"
"RL2501_F039_3_MV1","Citharichthys stigmaeus","Actinopteri",2967,"scientific name","Eukaryota","Chordata","Actinopteri","Pleuronectiformes","Cyclopsettidae","Citharichthys","Citharichthys stigmaeus"
"RL2501_F039_3_MV1","Delphinidae","Mammalia",758,"scientific name","Eukaryota","Chordata","Mammalia","Artiodactyla","Delphinidae",NA,NA
"RL2501_F039_3_MV1","Delphinus bairdii","Mammalia",584,"scientific name","Eukaryota","Chordata","Mammalia","Artiodactyla","Delphinidae","Delphinus","Delphinus bairdii"
"RL2501_F039_3_MV1","Engraulis mordax","Actinopteri",63171,"scientific name","Eukaryota","Chordata","Actinopteri","Clupeiformes","Engraulidae","Engraulis","Engraulis mordax"
"RL2501_F039_3_MV1","Evadne","Branchiopoda",30,"scientific name","Eukaryota","Arthropoda","Branchiopoda","Diplostraca","Podonidae","Evadne",NA
"RL2501_F039_3_MV1","Leuroglossus","Actinopteri",23,"scientific name","Eukaryota","Chordata","Actinopteri","Argentiniformes","Bathylagidae","Leuroglossus",NA
"RL2501_F039_3_MV1","Luidia foliolata","Asteroidea",80,"scientific name","Eukaryota","Echinodermata","Asteroidea","Paxillosida","Luidiidae","Luidia","Luidia foliolata"
"RL2501_F039_3_MV1","Merluccius productus","Actinopteri",15662,"scientific name","Eukaryota","Chordata","Actinopteri","Gadiformes","Merlucciidae","Merluccius","Merluccius productus"
"RL2501_F039_3_MV1","Mola","Actinopteri",11,"scientific name","Eukaryota","Chordata","Actinopteri","Tetraodontiformes","Molidae","Mola",NA
"RL2501_F039_3_MV1","Patiria miniata","Asteroidea",278,"scientific name","Eukaryota","Echinodermata","Asteroidea","Valvatida","Asterinidae","Patiria","Patiria miniata"
"RL2501_F039_3_MV1","Pisaster","Asteroidea",82,"scientific name","Eukaryota","Echinodermata","Asteroidea","Forcipulatida","Asteriidae","Pisaster",NA
"RL2501_F039_3_MV1","Psenes pellucidus","Actinopteri",27,"scientific name","Eukaryota","Chordata","Actinopteri","Scombriformes","Nomeidae","Psenes","Psenes pellucidus"
"RL2501_F039_3_MV1","Sebastes","Actinopteri",1648,"scientific name","Eukaryota","Chordata","Actinopteri","Perciformes","Sebastidae","Sebastes",NA
"RL2501_F039_3_MV1","Strongylocentrotus purpuratus","Echinoidea",1389,"scientific name","Eukaryota","Echinodermata","Echinoidea","Camarodonta","Strongylocentrotidae","Strongylocentrotus","Strongylocentrotus purpuratus"
"RL2501_F039_3_MV1","Symbolophorus californiensis","Actinopteri",308,"scientific name","Eukaryota","Chordata","Actinopteri","Myctophiformes","Myctophidae","Symbolophorus","Symbolophorus californiensis"
"RL2501_F039_3_MV1","Syngnathus","Actinopteri",3683,"scientific name","Eukaryota","Chordata","Actinopteri","Syngnathiformes","Syngnathidae","Syngnathus",NA
"RL2501_F039_3_MV1","Triphoturus mexicanus","Actinopteri",24,"scientific name","Eukaryota","Chordata","Actinopteri","Myctophiformes","Myctophidae","Triphoturus","Triphoturus mexicanus"
"RL2501_F039_3_MV1","Zalophus californianus","Mammalia",875,"scientific name","Eukaryota","Chordata","Mammalia","Carnivora","Otariidae","Zalophus","Zalophus californianus"
"RL2501_F039_3_MV1",NA,NA,46068,NA,NA,NA,NA,NA,NA,NA,NA
"RL2501_F039_4_MV1","Astropecten verrilli","Asteroidea",14438,"scientific name","Eukaryota","Echinodermata","Asteroidea","Paxillosida","Astropectinidae","Astropecten","Astropecten verrilli"
"RL2501_F039_4_MV1","Citharichthys","Actinopteri",2467,"scientific name","Eukaryota","Chordata","Actinopteri","Pleuronectiformes","Cyclopsettidae","Citharichthys",NA
"RL2501_F039_4_MV1","Citharichthys sordidus","Actinopteri",4673,"scientific name","Eukaryota","Chordata","Actinopteri","Pleuronectiformes","Cyclopsettidae","Citharichthys","Citharichthys sordidus"
"RL2501_F039_4_MV1","Citharichthys stigmaeus","Actinopteri",3338,"scientific name","Eukaryota","Chordata","Actinopteri","Pleuronectiformes","Cyclopsettidae","Citharichthys","Citharichthys stigmaeus"
"RL2501_F039_4_MV1","Delphinidae","Mammalia",634,"scientific name","Eukaryota","Chordata","Mammalia","Artiodactyla","Delphinidae",NA,NA
"RL2501_F039_4_MV1","Engraulis mordax","Actinopteri",32967,"scientific name","Eukaryota","Chordata","Actinopteri","Clupeiformes","Engraulidae","Engraulis","Engraulis mordax"
"RL2501_F039_4_MV1","Evadne","Branchiopoda",6,"scientific name","Eukaryota","Arthropoda","Branchiopoda","Diplostraca","Podonidae","Evadne",NA
"RL2501_F039_4_MV1","Homo sapiens","Mammalia",199,"scientific name","Eukaryota","Chordata","Mammalia","Primates","Hominidae","Homo","Homo sapiens"
"RL2501_F039_4_MV1","Luidia foliolata","Asteroidea",38,"scientific name","Eukaryota","Echinodermata","Asteroidea","Paxillosida","Luidiidae","Luidia","Luidia foliolata"
"RL2501_F039_4_MV1","Merluccius productus","Actinopteri",9539,"scientific name","Eukaryota","Chordata","Actinopteri","Gadiformes","Merlucciidae","Merluccius","Merluccius productus"
"RL2501_F039_4_MV1","Patiria miniata","Asteroidea",68,"scientific name","Eukaryota","Echinodermata","Asteroidea","Valvatida","Asterinidae","Patiria","Patiria miniata"
"RL2501_F039_4_MV1","Pisaster","Asteroidea",296,"scientific name","Eukaryota","Echinodermata","Asteroidea","Forcipulatida","Asteriidae","Pisaster",NA
"RL2501_F039_4_MV1","Strongylocentrotus purpuratus","Echinoidea",431,"scientific name","Eukaryota","Echinodermata","Echinoidea","Camarodonta","Strongylocentrotidae","Strongylocentrotus","Strongylocentrotus purpuratus"
"RL2501_F039_4_MV1","Syngnathus","Actinopteri",1558,"scientific name","Eukaryota","Chordata","Actinopteri","Syngnathiformes","Syngnathidae","Syngnathus",NA
"RL2501_F039_4_MV1","Triakis semifasciata","Chondrichthyes",374,"scientific name","Eukaryota","Chordata","Chondrichthyes","Carcharhiniformes","Triakidae","Triakis","Triakis semifasciata"
"RL2501_F039_4_MV1","Zalophus californianus","Mammalia",840,"scientific name","Eukaryota","Chordata","Mammalia","Carnivora","Otariidae","Zalophus","Zalophus californianus"
"RL2501_F039_4_MV1",NA,NA,39958,NA,NA,NA,NA,NA,NA,NA,NA
"RL2501_F040_1_MV1","Astropecten verrilli","Asteroidea",239,"scientific name","Eukaryota","Echinodermata","Asteroidea","Paxillosida","Astropectinidae","Astropecten","Astropecten verrilli"
"RL2501_F040_1_MV1","Citharichthys sordidus","Actinopteri",1044,"scientific name","Eukaryota","Chordata","Actinopteri","Pleuronectiformes","Cyclopsettidae","Citharichthys","Citharichthys sordidus"
"RL2501_F040_1_MV1","Cololabis saira","Actinopteri",1369,"scientific name","Eukaryota","Chordata","Actinopteri","Beloniformes","Belonidae","Cololabis","Cololabis saira"
"RL2501_F040_1_MV1","Delphinidae","Mammalia",5413,"scientific name","Eukaryota","Chordata","Mammalia","Artiodactyla","Delphinidae",NA,NA
"RL2501_F040_1_MV1","Engraulis mordax","Actinopteri",198099,"scientific name","Eukaryota","Chordata","Actinopteri","Clupeiformes","Engraulidae","Engraulis","Engraulis mordax"
"RL2501_F040_1_MV1","Grampus griseus","Mammalia",1215,"scientific name","Eukaryota","Chordata","Mammalia","Artiodactyla","Delphinidae","Grampus","Grampus griseus"
"RL2501_F040_1_MV1","Homo sapiens","Mammalia",1244,"scientific name","Eukaryota","Chordata","Mammalia","Primates","Hominidae","Homo","Homo sapiens"
"RL2501_F040_1_MV1","Merluccius productus","Actinopteri",1200,"scientific name","Eukaryota","Chordata","Actinopteri","Gadiformes","Merlucciidae","Merluccius","Merluccius productus"
"RL2501_F040_1_MV1","Patiria miniata","Asteroidea",194,"scientific name","Eukaryota","Echinodermata","Asteroidea","Valvatida","Asterinidae","Patiria","Patiria miniata"
"RL2501_F040_1_MV1","Poraniopsis inflata","Asteroidea",183,"scientific name","Eukaryota","Echinodermata","Asteroidea","Valvatida","Poraniidae","Poraniopsis","Poraniopsis inflata"
"RL2501_F040_1_MV1","Sebastes","Actinopteri",7526,"scientific name","Eukaryota","Chordata","Actinopteri","Perciformes","Sebastidae","Sebastes",NA
"RL2501_F040_1_MV1","Stenella coeruleoalba","Mammalia",1137,"scientific name","Eukaryota","Chordata","Mammalia","Artiodactyla","Delphinidae","Stenella","Stenella coeruleoalba"
"RL2501_F040_1_MV1","Strongylocentrotus purpuratus","Echinoidea",44,"scientific name","Eukaryota","Echinodermata","Echinoidea","Camarodonta","Strongylocentrotidae","Strongylocentrotus","Strongylocentrotus purpuratus"
"RL2501_F040_1_MV1","Symbolophorus","Actinopteri",9,"scientific name","Eukaryota","Chordata","Actinopteri","Myctophiformes","Myctophidae","Symbolophorus",NA
"RL2501_F040_1_MV1","Symbolophorus californiensis","Actinopteri",1174,"scientific name","Eukaryota","Chordata","Actinopteri","Myctophiformes","Myctophidae","Symbolophorus","Symbolophorus californiensis"
"RL2501_F040_1_MV1","Syngnathus","Actinopteri",1179,"scientific name","Eukaryota","Chordata","Actinopteri","Syngnathiformes","Syngnathidae","Syngnathus",NA
"RL2501_F040_1_MV1","Tursiops truncatus","Mammalia",3725,"scientific name","Eukaryota","Chordata","Mammalia","Artiodactyla","Delphinidae","Tursiops","Tursiops truncatus"
"RL2501_F040_1_MV1","Zalophus californianus","Mammalia",638,"scientific name","Eukaryota","Chordata","Mammalia","Carnivora","Otariidae","Zalophus","Zalophus californianus"
"RL2501_F040_1_MV1",NA,NA,8846,NA,NA,NA,NA,NA,NA,NA,NA
"RL2501_F040_2_MV1","Astropecten verrilli","Asteroidea",157,"scientific name","Eukaryota","Echinodermata","Asteroidea","Paxillosida","Astropectinidae","Astropecten","Astropecten verrilli"
"RL2501_F040_2_MV1","Delphinidae","Mammalia",676,"scientific name","Eukaryota","Chordata","Mammalia","Artiodactyla","Delphinidae",NA,NA
"RL2501_F040_2_MV1","Engraulis mordax","Actinopteri",179083,"scientific name","Eukaryota","Chordata","Actinopteri","Clupeiformes","Engraulidae","Engraulis","Engraulis mordax"
"RL2501_F040_2_MV1","Grampus griseus","Mammalia",1241,"scientific name","Eukaryota","Chordata","Mammalia","Artiodactyla","Delphinidae","Grampus","Grampus griseus"
"RL2501_F040_2_MV1","Homo sapiens","Mammalia",1024,"scientific name","Eukaryota","Chordata","Mammalia","Primates","Hominidae","Homo","Homo sapiens"
"RL2501_F040_2_MV1","Lagenorhynchus obliquidens","Mammalia",173,"synonym","Eukaryota","Chordata","Mammalia","Artiodactyla","Delphinidae","Sagmatias","Sagmatias obliquidens"
"RL2501_F040_2_MV1","Merluccius productus","Actinopteri",1907,"scientific name","Eukaryota","Chordata","Actinopteri","Gadiformes","Merlucciidae","Merluccius","Merluccius productus"
"RL2501_F040_2_MV1","Patiria miniata","Asteroidea",64,"scientific name","Eukaryota","Echinodermata","Asteroidea","Valvatida","Asterinidae","Patiria","Patiria miniata"
"RL2501_F040_2_MV1","Pelecanus occidentalis","Aves",1906,"scientific name","Eukaryota","Chordata","Aves","Pelecaniformes","Pelecanidae","Pelecanus","Pelecanus occidentalis"
"RL2501_F040_2_MV1","Sebastes","Actinopteri",2291,"scientific name","Eukaryota","Chordata","Actinopteri","Perciformes","Sebastidae","Sebastes",NA
"RL2501_F040_2_MV1","Strongylocentrotus purpuratus","Echinoidea",151,"scientific name","Eukaryota","Echinodermata","Echinoidea","Camarodonta","Strongylocentrotidae","Strongylocentrotus","Strongylocentrotus purpuratus"
"RL2501_F040_2_MV1","Trachipterus","Actinopteri",410,"scientific name","Eukaryota","Chordata","Actinopteri","Lampriformes","Trachipteridae","Trachipterus",NA
"RL2501_F040_2_MV1","Tursiops truncatus","Mammalia",2610,"scientific name","Eukaryota","Chordata","Mammalia","Artiodactyla","Delphinidae","Tursiops","Tursiops truncatus"
"RL2501_F040_2_MV1","Zalophus californianus","Mammalia",375,"scientific name","Eukaryota","Chordata","Mammalia","Carnivora","Otariidae","Zalophus","Zalophus californianus"
"RL2501_F040_2_MV1",NA,NA,10410,NA,NA,NA,NA,NA,NA,NA,NA
"RL2501_F040_3_MV1","Astropecten verrilli","Asteroidea",186,"scientific name","Eukaryota","Echinodermata","Asteroidea","Paxillosida","Astropectinidae","Astropecten","Astropecten verrilli"
"RL2501_F040_3_MV1","Bathycoccus prasinos","Mamiellophyceae",65,"scientific name","Eukaryota","Chlorophyta","Mamiellophyceae","Mamiellales","Bathycoccaceae","Bathycoccus","Bathycoccus prasinos"
"RL2501_F040_3_MV1","Citharichthys sordidus","Actinopteri",6,"scientific name","Eukaryota","Chordata","Actinopteri","Pleuronectiformes","Cyclopsettidae","Citharichthys","Citharichthys sordidus"
"RL2501_F040_3_MV1","Delphinidae","Mammalia",190,"scientific name","Eukaryota","Chordata","Mammalia","Artiodactyla","Delphinidae",NA,NA
"RL2501_F040_3_MV1","Diaphus theta","Actinopteri",522,"scientific name","Eukaryota","Chordata","Actinopteri","Myctophiformes","Myctophidae","Diaphus","Diaphus theta"
"RL2501_F040_3_MV1","Engraulis mordax","Actinopteri",108507,"scientific name","Eukaryota","Chordata","Actinopteri","Clupeiformes","Engraulidae","Engraulis","Engraulis mordax"
"RL2501_F040_3_MV1","Merluccius productus","Actinopteri",745,"scientific name","Eukaryota","Chordata","Actinopteri","Gadiformes","Merlucciidae","Merluccius","Merluccius productus"
"RL2501_F040_3_MV1","Patiria miniata","Asteroidea",60,"scientific name","Eukaryota","Echinodermata","Asteroidea","Valvatida","Asterinidae","Patiria","Patiria miniata"
"RL2501_F040_3_MV1","Sebastes","Actinopteri",2586,"scientific name","Eukaryota","Chordata","Actinopteri","Perciformes","Sebastidae","Sebastes",NA
"RL2501_F040_3_MV1","Strongylocentrotus purpuratus","Echinoidea",177,"scientific name","Eukaryota","Echinodermata","Echinoidea","Camarodonta","Strongylocentrotidae","Strongylocentrotus","Strongylocentrotus purpuratus"
"RL2501_F040_3_MV1","Syngnathus","Actinopteri",1732,"scientific name","Eukaryota","Chordata","Actinopteri","Syngnathiformes","Syngnathidae","Syngnathus",NA
"RL2501_F040_3_MV1","Tursiops truncatus","Mammalia",1315,"scientific name","Eukaryota","Chordata","Mammalia","Artiodactyla","Delphinidae","Tursiops","Tursiops truncatus"
"RL2501_F040_3_MV1","Zalophus californianus","Mammalia",431,"scientific name","Eukaryota","Chordata","Mammalia","Carnivora","Otariidae","Zalophus","Zalophus californianus"
"RL2501_F040_3_MV1",NA,NA,13380,NA,NA,NA,NA,NA,NA,NA,NA
"RL2501_F040_4_MV1","Astropecten verrilli","Asteroidea",462,"scientific name","Eukaryota","Echinodermata","Asteroidea","Paxillosida","Astropectinidae","Astropecten","Astropecten verrilli"
"RL2501_F040_4_MV1","Bathycoccus prasinos","Mamiellophyceae",5,"scientific name","Eukaryota","Chlorophyta","Mamiellophyceae","Mamiellales","Bathycoccaceae","Bathycoccus","Bathycoccus prasinos"
"RL2501_F040_4_MV1","Citharichthys sordidus","Actinopteri",199,"scientific name","Eukaryota","Chordata","Actinopteri","Pleuronectiformes","Cyclopsettidae","Citharichthys","Citharichthys sordidus"
"RL2501_F040_4_MV1","Delphinidae","Mammalia",2952,"scientific name","Eukaryota","Chordata","Mammalia","Artiodactyla","Delphinidae",NA,NA
"RL2501_F040_4_MV1","Engraulis mordax","Actinopteri",268848,"scientific name","Eukaryota","Chordata","Actinopteri","Clupeiformes","Engraulidae","Engraulis","Engraulis mordax"
"RL2501_F040_4_MV1","Homo sapiens","Mammalia",2,"scientific name","Eukaryota","Chordata","Mammalia","Primates","Hominidae","Homo","Homo sapiens"
"RL2501_F040_4_MV1","Merluccius productus","Actinopteri",5683,"scientific name","Eukaryota","Chordata","Actinopteri","Gadiformes","Merlucciidae","Merluccius","Merluccius productus"
"RL2501_F040_4_MV1","Ostreococcus sp. lucimarinus","Mamiellophyceae",4,"synonym","Eukaryota","Chlorophyta","Mamiellophyceae","Mamiellales","Bathycoccaceae","Ostreococcus","Ostreococcus sp. 'lucimarinus'"
"RL2501_F040_4_MV1","Patiria miniata","Asteroidea",86,"scientific name","Eukaryota","Echinodermata","Asteroidea","Valvatida","Asterinidae","Patiria","Patiria miniata"
"RL2501_F040_4_MV1","Sebastes","Actinopteri",5396,"scientific name","Eukaryota","Chordata","Actinopteri","Perciformes","Sebastidae","Sebastes",NA
"RL2501_F040_4_MV1","Sebastes pinniger","Actinopteri",1771,"scientific name","Eukaryota","Chordata","Actinopteri","Perciformes","Sebastidae","Sebastes","Sebastes pinniger"
"RL2501_F040_4_MV1","Strongylocentrotus purpuratus","Echinoidea",196,"scientific name","Eukaryota","Echinodermata","Echinoidea","Camarodonta","Strongylocentrotidae","Strongylocentrotus","Strongylocentrotus purpuratus"
"RL2501_F040_4_MV1","Syngnathus","Actinopteri",1648,"scientific name","Eukaryota","Chordata","Actinopteri","Syngnathiformes","Syngnathidae","Syngnathus",NA
"RL2501_F040_4_MV1","Tursiops truncatus","Mammalia",8278,"scientific name","Eukaryota","Chordata","Mammalia","Artiodactyla","Delphinidae","Tursiops","Tursiops truncatus"
"RL2501_F040_4_MV1","Zalophus californianus","Mammalia",570,"scientific name","Eukaryota","Chordata","Mammalia","Carnivora","Otariidae","Zalophus","Zalophus californianus"
"RL2501_F040_4_MV1",NA,NA,6050,NA,NA,NA,NA,NA,NA,NA,NA
"RL2501_F043_1_MV1","Citharichthys sordidus","Actinopteri",1720,"scientific name","Eukaryota","Chordata","Actinopteri","Pleuronectiformes","Cyclopsettidae","Citharichthys","Citharichthys sordidus"
"RL2501_F043_1_MV1","Engraulis mordax","Actinopteri",287402,"scientific name","Eukaryota","Chordata","Actinopteri","Clupeiformes","Engraulidae","Engraulis","Engraulis mordax"
"RL2501_F043_1_MV1","Homo sapiens","Mammalia",244,"scientific name","Eukaryota","Chordata","Mammalia","Primates","Hominidae","Homo","Homo sapiens"
"RL2501_F043_1_MV1","Merluccius productus","Actinopteri",494,"scientific name","Eukaryota","Chordata","Actinopteri","Gadiformes","Merlucciidae","Merluccius","Merluccius productus"
"RL2501_F043_1_MV1","Sebastes","Actinopteri",9548,"scientific name","Eukaryota","Chordata","Actinopteri","Perciformes","Sebastidae","Sebastes",NA
"RL2501_F043_1_MV1","Sebastes pinniger","Actinopteri",230,"scientific name","Eukaryota","Chordata","Actinopteri","Perciformes","Sebastidae","Sebastes","Sebastes pinniger"
"RL2501_F043_1_MV1","Syngnathus","Actinopteri",2,"scientific name","Eukaryota","Chordata","Actinopteri","Syngnathiformes","Syngnathidae","Syngnathus",NA
"RL2501_F043_1_MV1",NA,NA,4141,NA,NA,NA,NA,NA,NA,NA,NA
"RL2501_F043_2_MV1","Astropecten verrilli","Asteroidea",9,"scientific name","Eukaryota","Echinodermata","Asteroidea","Paxillosida","Astropectinidae","Astropecten","Astropecten verrilli"
"RL2501_F043_2_MV1","Engraulis mordax","Actinopteri",209524,"scientific name","Eukaryota","Chordata","Actinopteri","Clupeiformes","Engraulidae","Engraulis","Engraulis mordax"
"RL2501_F043_2_MV1","Homo sapiens","Mammalia",545,"scientific name","Eukaryota","Chordata","Mammalia","Primates","Hominidae","Homo","Homo sapiens"
"RL2501_F043_2_MV1","Sebastes","Actinopteri",2195,"scientific name","Eukaryota","Chordata","Actinopteri","Perciformes","Sebastidae","Sebastes",NA
"RL2501_F043_2_MV1","Sebastes pinniger","Actinopteri",1206,"scientific name","Eukaryota","Chordata","Actinopteri","Perciformes","Sebastidae","Sebastes","Sebastes pinniger"
"RL2501_F043_2_MV1",NA,NA,7591,NA,NA,NA,NA,NA,NA,NA,NA
"RL2501_F043_3_MV1","Citharichthys sordidus","Actinopteri",94,"scientific name","Eukaryota","Chordata","Actinopteri","Pleuronectiformes","Cyclopsettidae","Citharichthys","Citharichthys sordidus"
"RL2501_F043_3_MV1","Engraulis mordax","Actinopteri",134081,"scientific name","Eukaryota","Chordata","Actinopteri","Clupeiformes","Engraulidae","Engraulis","Engraulis mordax"
"RL2501_F043_3_MV1","Homo sapiens","Mammalia",101,"scientific name","Eukaryota","Chordata","Mammalia","Primates","Hominidae","Homo","Homo sapiens"
"RL2501_F043_3_MV1","Sebastes","Actinopteri",760,"scientific name","Eukaryota","Chordata","Actinopteri","Perciformes","Sebastidae","Sebastes",NA
"RL2501_F043_3_MV1","Stenella coeruleoalba","Mammalia",5,"scientific name","Eukaryota","Chordata","Mammalia","Artiodactyla","Delphinidae","Stenella","Stenella coeruleoalba"
"RL2501_F043_3_MV1",NA,NA,13057,NA,NA,NA,NA,NA,NA,NA,NA
"RL2501_F043_4_MV1","Bathycoccus prasinos","Mamiellophyceae",26,"scientific name","Eukaryota","Chlorophyta","Mamiellophyceae","Mamiellales","Bathycoccaceae","Bathycoccus","Bathycoccus prasinos"
"RL2501_F043_4_MV1","Engraulis mordax","Actinopteri",214591,"scientific name","Eukaryota","Chordata","Actinopteri","Clupeiformes","Engraulidae","Engraulis","Engraulis mordax"
"RL2501_F043_4_MV1","Homo sapiens","Mammalia",672,"scientific name","Eukaryota","Chordata","Mammalia","Primates","Hominidae","Homo","Homo sapiens"
"RL2501_F043_4_MV1","Sebastes","Actinopteri",4952,"scientific name","Eukaryota","Chordata","Actinopteri","Perciformes","Sebastidae","Sebastes",NA
"RL2501_F043_4_MV1",NA,NA,22619,NA,NA,NA,NA,NA,NA,NA,NA
"RL2501_F044_1_MV1","Astropecten verrilli","Asteroidea",24,"scientific name","Eukaryota","Echinodermata","Asteroidea","Paxillosida","Astropectinidae","Astropecten","Astropecten verrilli"
"RL2501_F044_1_MV1","Engraulis mordax","Actinopteri",82488,"scientific name","Eukaryota","Chordata","Actinopteri","Clupeiformes","Engraulidae","Engraulis","Engraulis mordax"
"RL2501_F044_1_MV1","Evadne","Branchiopoda",4,"scientific name","Eukaryota","Arthropoda","Branchiopoda","Diplostraca","Podonidae","Evadne",NA
"RL2501_F044_1_MV1","Homo sapiens","Mammalia",5098,"scientific name","Eukaryota","Chordata","Mammalia","Primates","Hominidae","Homo","Homo sapiens"
"RL2501_F044_1_MV1","Megaptera novaeangliae","Mammalia",453,"scientific name","Eukaryota","Chordata","Mammalia","Artiodactyla","Balaenopteridae","Megaptera","Megaptera novaeangliae"
"RL2501_F044_1_MV1","Merluccius productus","Actinopteri",717,"scientific name","Eukaryota","Chordata","Actinopteri","Gadiformes","Merlucciidae","Merluccius","Merluccius productus"
"RL2501_F044_1_MV1","Patiria miniata","Asteroidea",4,"scientific name","Eukaryota","Echinodermata","Asteroidea","Valvatida","Asterinidae","Patiria","Patiria miniata"
"RL2501_F044_1_MV1","Sardinops sagax","Actinopteri",642,"scientific name","Eukaryota","Chordata","Actinopteri","Clupeiformes","Clupeidae","Sardinops","Sardinops sagax"
"RL2501_F044_1_MV1","Sebastes","Actinopteri",21051,"scientific name","Eukaryota","Chordata","Actinopteri","Perciformes","Sebastidae","Sebastes",NA
"RL2501_F044_1_MV1","Sebastes pinniger","Actinopteri",7906,"scientific name","Eukaryota","Chordata","Actinopteri","Perciformes","Sebastidae","Sebastes","Sebastes pinniger"
"RL2501_F044_1_MV1","Stenella coeruleoalba","Mammalia",217,"scientific name","Eukaryota","Chordata","Mammalia","Artiodactyla","Delphinidae","Stenella","Stenella coeruleoalba"
"RL2501_F044_1_MV1","Strongylocentrotus purpuratus","Echinoidea",8,"scientific name","Eukaryota","Echinodermata","Echinoidea","Camarodonta","Strongylocentrotidae","Strongylocentrotus","Strongylocentrotus purpuratus"
"RL2501_F044_1_MV1","Trachurus symmetricus","Actinopteri",242,"scientific name","Eukaryota","Chordata","Actinopteri","Carangiformes","Carangidae","Trachurus","Trachurus symmetricus"
"RL2501_F044_1_MV1",NA,NA,1234,NA,NA,NA,NA,NA,NA,NA,NA
"RL2501_F044_2_MV1","Astropecten verrilli","Asteroidea",78,"scientific name","Eukaryota","Echinodermata","Asteroidea","Paxillosida","Astropectinidae","Astropecten","Astropecten verrilli"
"RL2501_F044_2_MV1","Engraulis mordax","Actinopteri",107610,"scientific name","Eukaryota","Chordata","Actinopteri","Clupeiformes","Engraulidae","Engraulis","Engraulis mordax"
"RL2501_F044_2_MV1","Evadne","Branchiopoda",118,"scientific name","Eukaryota","Arthropoda","Branchiopoda","Diplostraca","Podonidae","Evadne",NA
"RL2501_F044_2_MV1","Homo sapiens","Mammalia",2909,"scientific name","Eukaryota","Chordata","Mammalia","Primates","Hominidae","Homo","Homo sapiens"
"RL2501_F044_2_MV1","Patiria miniata","Asteroidea",5,"scientific name","Eukaryota","Echinodermata","Asteroidea","Valvatida","Asterinidae","Patiria","Patiria miniata"
"RL2501_F044_2_MV1","Sardinops sagax","Actinopteri",1517,"scientific name","Eukaryota","Chordata","Actinopteri","Clupeiformes","Clupeidae","Sardinops","Sardinops sagax"
"RL2501_F044_2_MV1","Sebastes","Actinopteri",29536,"scientific name","Eukaryota","Chordata","Actinopteri","Perciformes","Sebastidae","Sebastes",NA
"RL2501_F044_2_MV1","Sebastes pinniger","Actinopteri",9791,"scientific name","Eukaryota","Chordata","Actinopteri","Perciformes","Sebastidae","Sebastes","Sebastes pinniger"
"RL2501_F044_2_MV1","Strongylocentrotus purpuratus","Echinoidea",24,"scientific name","Eukaryota","Echinodermata","Echinoidea","Camarodonta","Strongylocentrotidae","Strongylocentrotus","Strongylocentrotus purpuratus"
"RL2501_F044_2_MV1","Trachurus symmetricus","Actinopteri",1459,"scientific name","Eukaryota","Chordata","Actinopteri","Carangiformes","Carangidae","Trachurus","Trachurus symmetricus"
"RL2501_F044_2_MV1","Zalophus californianus","Mammalia",501,"scientific name","Eukaryota","Chordata","Mammalia","Carnivora","Otariidae","Zalophus","Zalophus californianus"
"RL2501_F044_2_MV1",NA,NA,13813,NA,NA,NA,NA,NA,NA,NA,NA
"RL2501_F044_3_MV1","Astropecten verrilli","Asteroidea",25,"scientific name","Eukaryota","Echinodermata","Asteroidea","Paxillosida","Astropectinidae","Astropecten","Astropecten verrilli"
"RL2501_F044_3_MV1","Citharichthys sordidus","Actinopteri",327,"scientific name","Eukaryota","Chordata","Actinopteri","Pleuronectiformes","Cyclopsettidae","Citharichthys","Citharichthys sordidus"
"RL2501_F044_3_MV1","Engraulis mordax","Actinopteri",59773,"scientific name","Eukaryota","Chordata","Actinopteri","Clupeiformes","Engraulidae","Engraulis","Engraulis mordax"
"RL2501_F044_3_MV1","Evadne","Branchiopoda",16,"scientific name","Eukaryota","Arthropoda","Branchiopoda","Diplostraca","Podonidae","Evadne",NA
"RL2501_F044_3_MV1","Homo sapiens","Mammalia",1186,"scientific name","Eukaryota","Chordata","Mammalia","Primates","Hominidae","Homo","Homo sapiens"
"RL2501_F044_3_MV1","Merluccius productus","Actinopteri",65,"scientific name","Eukaryota","Chordata","Actinopteri","Gadiformes","Merlucciidae","Merluccius","Merluccius productus"
"RL2501_F044_3_MV1","Patiria miniata","Asteroidea",7,"scientific name","Eukaryota","Echinodermata","Asteroidea","Valvatida","Asterinidae","Patiria","Patiria miniata"
"RL2501_F044_3_MV1","Sardinops sagax","Actinopteri",274,"scientific name","Eukaryota","Chordata","Actinopteri","Clupeiformes","Clupeidae","Sardinops","Sardinops sagax"
"RL2501_F044_3_MV1","Scomber japonicus","Actinopteri",406,"scientific name","Eukaryota","Chordata","Actinopteri","Scombriformes","Scombridae","Scomber","Scomber japonicus"
"RL2501_F044_3_MV1","Sebastes","Actinopteri",14437,"scientific name","Eukaryota","Chordata","Actinopteri","Perciformes","Sebastidae","Sebastes",NA
"RL2501_F044_3_MV1","Sebastes pinniger","Actinopteri",2724,"scientific name","Eukaryota","Chordata","Actinopteri","Perciformes","Sebastidae","Sebastes","Sebastes pinniger"
"RL2501_F044_3_MV1","Thunnus","Actinopteri",57,"scientific name","Eukaryota","Chordata","Actinopteri","Scombriformes","Scombridae","Thunnus",NA
"RL2501_F044_3_MV1","Trachurus symmetricus","Actinopteri",99,"scientific name","Eukaryota","Chordata","Actinopteri","Carangiformes","Carangidae","Trachurus","Trachurus symmetricus"
"RL2501_F044_3_MV1",NA,NA,9775,NA,NA,NA,NA,NA,NA,NA,NA
"RL2501_F044_4_MV1","Astropecten verrilli","Asteroidea",313,"scientific name","Eukaryota","Echinodermata","Asteroidea","Paxillosida","Astropectinidae","Astropecten","Astropecten verrilli"
"RL2501_F044_4_MV1","Engraulis mordax","Actinopteri",218367,"scientific name","Eukaryota","Chordata","Actinopteri","Clupeiformes","Engraulidae","Engraulis","Engraulis mordax"
"RL2501_F044_4_MV1","Evadne","Branchiopoda",247,"scientific name","Eukaryota","Arthropoda","Branchiopoda","Diplostraca","Podonidae","Evadne",NA
"RL2501_F044_4_MV1","Homo sapiens","Mammalia",7125,"scientific name","Eukaryota","Chordata","Mammalia","Primates","Hominidae","Homo","Homo sapiens"
"RL2501_F044_4_MV1","Merluccius productus","Actinopteri",6560,"scientific name","Eukaryota","Chordata","Actinopteri","Gadiformes","Merlucciidae","Merluccius","Merluccius productus"
"RL2501_F044_4_MV1","Patiria miniata","Asteroidea",2,"scientific name","Eukaryota","Echinodermata","Asteroidea","Valvatida","Asterinidae","Patiria","Patiria miniata"
"RL2501_F044_4_MV1","Prionace glauca","Chondrichthyes",388,"scientific name","Eukaryota","Chordata","Chondrichthyes","Carcharhiniformes","Carcharhinidae","Prionace","Prionace glauca"
"RL2501_F044_4_MV1","Sebastes","Actinopteri",53422,"scientific name","Eukaryota","Chordata","Actinopteri","Perciformes","Sebastidae","Sebastes",NA
"RL2501_F044_4_MV1","Sebastes pinniger","Actinopteri",13970,"scientific name","Eukaryota","Chordata","Actinopteri","Perciformes","Sebastidae","Sebastes","Sebastes pinniger"
"RL2501_F044_4_MV1","Stenella coeruleoalba","Mammalia",105,"scientific name","Eukaryota","Chordata","Mammalia","Artiodactyla","Delphinidae","Stenella","Stenella coeruleoalba"
"RL2501_F044_4_MV1","Thunnus","Actinopteri",6557,"scientific name","Eukaryota","Chordata","Actinopteri","Scombriformes","Scombridae","Thunnus",NA
"RL2501_F044_4_MV1",NA,NA,72726,NA,NA,NA,NA,NA,NA,NA,NA
"RL2501_F045_1_MV1","Astropecten verrilli","Asteroidea",28,"scientific name","Eukaryota","Echinodermata","Asteroidea","Paxillosida","Astropectinidae","Astropecten","Astropecten verrilli"
"RL2501_F045_1_MV1","Ceratoscopelus","Actinopteri",204,"scientific name","Eukaryota","Chordata","Actinopteri","Myctophiformes","Myctophidae","Ceratoscopelus",NA
"RL2501_F045_1_MV1","Delphinidae","Mammalia",3307,"scientific name","Eukaryota","Chordata","Mammalia","Artiodactyla","Delphinidae",NA,NA
"RL2501_F045_1_MV1","Diaphus theta","Actinopteri",593,"scientific name","Eukaryota","Chordata","Actinopteri","Myctophiformes","Myctophidae","Diaphus","Diaphus theta"
"RL2501_F045_1_MV1","Engraulis mordax","Actinopteri",94160,"scientific name","Eukaryota","Chordata","Actinopteri","Clupeiformes","Engraulidae","Engraulis","Engraulis mordax"
"RL2501_F045_1_MV1","Homo sapiens","Mammalia",645,"scientific name","Eukaryota","Chordata","Mammalia","Primates","Hominidae","Homo","Homo sapiens"
"RL2501_F045_1_MV1","Sebastes","Actinopteri",1621,"scientific name","Eukaryota","Chordata","Actinopteri","Perciformes","Sebastidae","Sebastes",NA
"RL2501_F045_1_MV1","Symbolophorus californiensis","Actinopteri",3205,"scientific name","Eukaryota","Chordata","Actinopteri","Myctophiformes","Myctophidae","Symbolophorus","Symbolophorus californiensis"
"RL2501_F045_1_MV1","Tarletonbeania crenularis","Actinopteri",658,"scientific name","Eukaryota","Chordata","Actinopteri","Myctophiformes","Myctophidae","Tarletonbeania","Tarletonbeania crenularis"
"RL2501_F045_1_MV1",NA,NA,3525,NA,NA,NA,NA,NA,NA,NA,NA
"RL2501_F045_2_MV1","Astropecten verrilli","Asteroidea",146,"scientific name","Eukaryota","Echinodermata","Asteroidea","Paxillosida","Astropectinidae","Astropecten","Astropecten verrilli"
"RL2501_F045_2_MV1","Ceratoscopelus","Actinopteri",43,"scientific name","Eukaryota","Chordata","Actinopteri","Myctophiformes","Myctophidae","Ceratoscopelus",NA
"RL2501_F045_2_MV1","Delphinidae","Mammalia",6272,"scientific name","Eukaryota","Chordata","Mammalia","Artiodactyla","Delphinidae",NA,NA
"RL2501_F045_2_MV1","Engraulis mordax","Actinopteri",122949,"scientific name","Eukaryota","Chordata","Actinopteri","Clupeiformes","Engraulidae","Engraulis","Engraulis mordax"
"RL2501_F045_2_MV1","Homo sapiens","Mammalia",3508,"scientific name","Eukaryota","Chordata","Mammalia","Primates","Hominidae","Homo","Homo sapiens"
"RL2501_F045_2_MV1","Prionace glauca","Chondrichthyes",12,"scientific name","Eukaryota","Chordata","Chondrichthyes","Carcharhiniformes","Carcharhinidae","Prionace","Prionace glauca"
"RL2501_F045_2_MV1","Sardinops sagax","Actinopteri",1374,"scientific name","Eukaryota","Chordata","Actinopteri","Clupeiformes","Clupeidae","Sardinops","Sardinops sagax"
"RL2501_F045_2_MV1","Sebastes","Actinopteri",976,"scientific name","Eukaryota","Chordata","Actinopteri","Perciformes","Sebastidae","Sebastes",NA
"RL2501_F045_2_MV1","Symbolophorus californiensis","Actinopteri",1917,"scientific name","Eukaryota","Chordata","Actinopteri","Myctophiformes","Myctophidae","Symbolophorus","Symbolophorus californiensis"
"RL2501_F045_2_MV1",NA,NA,10293,NA,NA,NA,NA,NA,NA,NA,NA
"RL2501_F045_3_MV1","Astropecten verrilli","Asteroidea",41,"scientific name","Eukaryota","Echinodermata","Asteroidea","Paxillosida","Astropectinidae","Astropecten","Astropecten verrilli"
"RL2501_F045_3_MV1","Citharichthys stigmaeus","Actinopteri",253,"scientific name","Eukaryota","Chordata","Actinopteri","Pleuronectiformes","Cyclopsettidae","Citharichthys","Citharichthys stigmaeus"
"RL2501_F045_3_MV1","Delphinidae","Mammalia",3323,"scientific name","Eukaryota","Chordata","Mammalia","Artiodactyla","Delphinidae",NA,NA
"RL2501_F045_3_MV1","Engraulis mordax","Actinopteri",61011,"scientific name","Eukaryota","Chordata","Actinopteri","Clupeiformes","Engraulidae","Engraulis","Engraulis mordax"
"RL2501_F045_3_MV1","Evadne","Branchiopoda",5,"scientific name","Eukaryota","Arthropoda","Branchiopoda","Diplostraca","Podonidae","Evadne",NA
"RL2501_F045_3_MV1","Homo sapiens","Mammalia",323,"scientific name","Eukaryota","Chordata","Mammalia","Primates","Hominidae","Homo","Homo sapiens"
"RL2501_F045_3_MV1","Sebastes","Actinopteri",1329,"scientific name","Eukaryota","Chordata","Actinopteri","Perciformes","Sebastidae","Sebastes",NA
"RL2501_F045_3_MV1","Symbolophorus californiensis","Actinopteri",1854,"scientific name","Eukaryota","Chordata","Actinopteri","Myctophiformes","Myctophidae","Symbolophorus","Symbolophorus californiensis"
"RL2501_F045_3_MV1","Syngnathus","Actinopteri",306,"scientific name","Eukaryota","Chordata","Actinopteri","Syngnathiformes","Syngnathidae","Syngnathus",NA
"RL2501_F045_3_MV1","Trachipterus","Actinopteri",469,"scientific name","Eukaryota","Chordata","Actinopteri","Lampriformes","Trachipteridae","Trachipterus",NA
"RL2501_F045_3_MV1",NA,NA,14782,NA,NA,NA,NA,NA,NA,NA,NA
"RL2501_F045_4_MV1","Astropecten verrilli","Asteroidea",4,"scientific name","Eukaryota","Echinodermata","Asteroidea","Paxillosida","Astropectinidae","Astropecten","Astropecten verrilli"
"RL2501_F045_4_MV1","Delphinidae","Mammalia",4641,"scientific name","Eukaryota","Chordata","Mammalia","Artiodactyla","Delphinidae",NA,NA
"RL2501_F045_4_MV1","Engraulis mordax","Actinopteri",49858,"scientific name","Eukaryota","Chordata","Actinopteri","Clupeiformes","Engraulidae","Engraulis","Engraulis mordax"
"RL2501_F045_4_MV1","Sebastes","Actinopteri",1089,"scientific name","Eukaryota","Chordata","Actinopteri","Perciformes","Sebastidae","Sebastes",NA
"RL2501_F045_4_MV1","Symbolophorus californiensis","Actinopteri",2224,"scientific name","Eukaryota","Chordata","Actinopteri","Myctophiformes","Myctophidae","Symbolophorus","Symbolophorus californiensis"
"RL2501_F045_4_MV1",NA,NA,14494,NA,NA,NA,NA,NA,NA,NA,NA
"RL2501_F051_1_MV1","Astropecten verrilli","Asteroidea",181,"scientific name","Eukaryota","Echinodermata","Asteroidea","Paxillosida","Astropectinidae","Astropecten","Astropecten verrilli"
"RL2501_F051_1_MV1","Bathycoccus prasinos","Mamiellophyceae",17,"scientific name","Eukaryota","Chlorophyta","Mamiellophyceae","Mamiellales","Bathycoccaceae","Bathycoccus","Bathycoccus prasinos"
"RL2501_F051_1_MV1","Ceratoscopelus","Actinopteri",81785,"scientific name","Eukaryota","Chordata","Actinopteri","Myctophiformes","Myctophidae","Ceratoscopelus",NA
"RL2501_F051_1_MV1","Cololabis saira","Actinopteri",249,"scientific name","Eukaryota","Chordata","Actinopteri","Beloniformes","Belonidae","Cololabis","Cololabis saira"
"RL2501_F051_1_MV1","Delphinidae","Mammalia",311,"scientific name","Eukaryota","Chordata","Mammalia","Artiodactyla","Delphinidae",NA,NA
"RL2501_F051_1_MV1","Engraulis mordax","Actinopteri",3126,"scientific name","Eukaryota","Chordata","Actinopteri","Clupeiformes","Engraulidae","Engraulis","Engraulis mordax"
"RL2501_F051_1_MV1","Homo sapiens","Mammalia",651,"scientific name","Eukaryota","Chordata","Mammalia","Primates","Hominidae","Homo","Homo sapiens"
"RL2501_F051_1_MV1","Phosichthyidae","Actinopteri",1225,"scientific name","Eukaryota","Chordata","Actinopteri","Stomiiformes","Phosichthyidae",NA,NA
"RL2501_F051_1_MV1","Scomber japonicus","Actinopteri",365,"scientific name","Eukaryota","Chordata","Actinopteri","Scombriformes","Scombridae","Scomber","Scomber japonicus"
"RL2501_F051_1_MV1","Sebastes","Actinopteri",340,"scientific name","Eukaryota","Chordata","Actinopteri","Perciformes","Sebastidae","Sebastes",NA
"RL2501_F051_1_MV1","Symbolophorus californiensis","Actinopteri",686,"scientific name","Eukaryota","Chordata","Actinopteri","Myctophiformes","Myctophidae","Symbolophorus","Symbolophorus californiensis"
"RL2501_F051_1_MV1","Tetragonurus cuvieri","Actinopteri",929,"scientific name","Eukaryota","Chordata","Actinopteri","Scombriformes","Tetragonuridae","Tetragonurus","Tetragonurus cuvieri"
"RL2501_F051_1_MV1","Trachurus symmetricus","Actinopteri",679,"scientific name","Eukaryota","Chordata","Actinopteri","Carangiformes","Carangidae","Trachurus","Trachurus symmetricus"
"RL2501_F051_1_MV1",NA,NA,4489,NA,NA,NA,NA,NA,NA,NA,NA
"RL2501_F051_2_MV1","Astropecten verrilli","Asteroidea",136,"scientific name","Eukaryota","Echinodermata","Asteroidea","Paxillosida","Astropectinidae","Astropecten","Astropecten verrilli"
"RL2501_F051_2_MV1","Ceratoscopelus","Actinopteri",82201,"scientific name","Eukaryota","Chordata","Actinopteri","Myctophiformes","Myctophidae","Ceratoscopelus",NA
"RL2501_F051_2_MV1","Cololabis saira","Actinopteri",386,"scientific name","Eukaryota","Chordata","Actinopteri","Beloniformes","Belonidae","Cololabis","Cololabis saira"
"RL2501_F051_2_MV1","Delphinidae","Mammalia",79,"scientific name","Eukaryota","Chordata","Mammalia","Artiodactyla","Delphinidae",NA,NA
"RL2501_F051_2_MV1","Engraulis mordax","Actinopteri",1306,"scientific name","Eukaryota","Chordata","Actinopteri","Clupeiformes","Engraulidae","Engraulis","Engraulis mordax"
"RL2501_F051_2_MV1","Grampus griseus","Mammalia",18,"scientific name","Eukaryota","Chordata","Mammalia","Artiodactyla","Delphinidae","Grampus","Grampus griseus"
"RL2501_F051_2_MV1","Homo sapiens","Mammalia",811,"scientific name","Eukaryota","Chordata","Mammalia","Primates","Hominidae","Homo","Homo sapiens"
"RL2501_F051_2_MV1","Mola","Actinopteri",560,"scientific name","Eukaryota","Chordata","Actinopteri","Tetraodontiformes","Molidae","Mola",NA
"RL2501_F051_2_MV1","Phosichthyidae","Actinopteri",551,"scientific name","Eukaryota","Chordata","Actinopteri","Stomiiformes","Phosichthyidae",NA,NA
"RL2501_F051_2_MV1","Tetragonurus cuvieri","Actinopteri",1643,"scientific name","Eukaryota","Chordata","Actinopteri","Scombriformes","Tetragonuridae","Tetragonurus","Tetragonurus cuvieri"
"RL2501_F051_2_MV1","Trachurus symmetricus","Actinopteri",301,"scientific name","Eukaryota","Chordata","Actinopteri","Carangiformes","Carangidae","Trachurus","Trachurus symmetricus"
"RL2501_F051_2_MV1",NA,NA,9367,NA,NA,NA,NA,NA,NA,NA,NA
"RL2501_F051_3_MV1","Astropecten verrilli","Asteroidea",30,"scientific name","Eukaryota","Echinodermata","Asteroidea","Paxillosida","Astropectinidae","Astropecten","Astropecten verrilli"
"RL2501_F051_3_MV1","Ceratoscopelus","Actinopteri",117081,"scientific name","Eukaryota","Chordata","Actinopteri","Myctophiformes","Myctophidae","Ceratoscopelus",NA
"RL2501_F051_3_MV1","Cololabis saira","Actinopteri",131,"scientific name","Eukaryota","Chordata","Actinopteri","Beloniformes","Belonidae","Cololabis","Cololabis saira"
"RL2501_F051_3_MV1","Delphinidae","Mammalia",26,"scientific name","Eukaryota","Chordata","Mammalia","Artiodactyla","Delphinidae",NA,NA
"RL2501_F051_3_MV1","Engraulis mordax","Actinopteri",878,"scientific name","Eukaryota","Chordata","Actinopteri","Clupeiformes","Engraulidae","Engraulis","Engraulis mordax"
"RL2501_F051_3_MV1","Homo sapiens","Mammalia",591,"scientific name","Eukaryota","Chordata","Mammalia","Primates","Hominidae","Homo","Homo sapiens"
"RL2501_F051_3_MV1","Myctophidae","Actinopteri",7,"scientific name","Eukaryota","Chordata","Actinopteri","Myctophiformes","Myctophidae",NA,NA
"RL2501_F051_3_MV1","Myctophum nitidulum","Actinopteri",104,"scientific name","Eukaryota","Chordata","Actinopteri","Myctophiformes","Myctophidae","Myctophum","Myctophum nitidulum"
"RL2501_F051_3_MV1","Phosichthyidae","Actinopteri",667,"scientific name","Eukaryota","Chordata","Actinopteri","Stomiiformes","Phosichthyidae",NA,NA
"RL2501_F051_3_MV1","Stenella coeruleoalba","Mammalia",40,"scientific name","Eukaryota","Chordata","Mammalia","Artiodactyla","Delphinidae","Stenella","Stenella coeruleoalba"
"RL2501_F051_3_MV1","Symbolophorus californiensis","Actinopteri",101,"scientific name","Eukaryota","Chordata","Actinopteri","Myctophiformes","Myctophidae","Symbolophorus","Symbolophorus californiensis"
"RL2501_F051_3_MV1","Tetragonurus cuvieri","Actinopteri",167,"scientific name","Eukaryota","Chordata","Actinopteri","Scombriformes","Tetragonuridae","Tetragonurus","Tetragonurus cuvieri"
"RL2501_F051_3_MV1","Trachurus","Actinopteri",45,"scientific name","Eukaryota","Chordata","Actinopteri","Carangiformes","Carangidae","Trachurus",NA
"RL2501_F051_3_MV1","Trachurus symmetricus","Actinopteri",184,"scientific name","Eukaryota","Chordata","Actinopteri","Carangiformes","Carangidae","Trachurus","Trachurus symmetricus"
"RL2501_F051_3_MV1",NA,NA,8338,NA,NA,NA,NA,NA,NA,NA,NA
"RL2501_F051_4_MV1","Astropecten verrilli","Asteroidea",153,"scientific name","Eukaryota","Echinodermata","Asteroidea","Paxillosida","Astropectinidae","Astropecten","Astropecten verrilli"
"RL2501_F051_4_MV1","Ceratoscopelus","Actinopteri",90478,"scientific name","Eukaryota","Chordata","Actinopteri","Myctophiformes","Myctophidae","Ceratoscopelus",NA
"RL2501_F051_4_MV1","Delphinidae","Mammalia",228,"scientific name","Eukaryota","Chordata","Mammalia","Artiodactyla","Delphinidae",NA,NA
"RL2501_F051_4_MV1","Engraulis mordax","Actinopteri",2474,"scientific name","Eukaryota","Chordata","Actinopteri","Clupeiformes","Engraulidae","Engraulis","Engraulis mordax"
"RL2501_F051_4_MV1","Homo sapiens","Mammalia",1360,"scientific name","Eukaryota","Chordata","Mammalia","Primates","Hominidae","Homo","Homo sapiens"
"RL2501_F051_4_MV1","Mola","Actinopteri",667,"scientific name","Eukaryota","Chordata","Actinopteri","Tetraodontiformes","Molidae","Mola",NA
"RL2501_F051_4_MV1","Myctophum nitidulum","Actinopteri",21,"scientific name","Eukaryota","Chordata","Actinopteri","Myctophiformes","Myctophidae","Myctophum","Myctophum nitidulum"
"RL2501_F051_4_MV1","Phosichthyidae","Actinopteri",1103,"scientific name","Eukaryota","Chordata","Actinopteri","Stomiiformes","Phosichthyidae",NA,NA
"RL2501_F051_4_MV1","Stenella coeruleoalba","Mammalia",153,"scientific name","Eukaryota","Chordata","Mammalia","Artiodactyla","Delphinidae","Stenella","Stenella coeruleoalba"
"RL2501_F051_4_MV1","Symbolophorus californiensis","Actinopteri",302,"scientific name","Eukaryota","Chordata","Actinopteri","Myctophiformes","Myctophidae","Symbolophorus","Symbolophorus californiensis"
"RL2501_F051_4_MV1",NA,NA,18293,NA,NA,NA,NA,NA,NA,NA,NA
"RL2501_F057_1_MV1","Astropecten verrilli","Asteroidea",119,"scientific name","Eukaryota","Echinodermata","Asteroidea","Paxillosida","Astropectinidae","Astropecten","Astropecten verrilli"
"RL2501_F057_1_MV1","Bathycoccus prasinos","Mamiellophyceae",20,"scientific name","Eukaryota","Chlorophyta","Mamiellophyceae","Mamiellales","Bathycoccaceae","Bathycoccus","Bathycoccus prasinos"
"RL2501_F057_1_MV1","Carcharhinidae","Chondrichthyes",4,"scientific name","Eukaryota","Chordata","Chondrichthyes","Carcharhiniformes","Carcharhinidae",NA,NA
"RL2501_F057_1_MV1","Ceratoscopelus","Actinopteri",311,"scientific name","Eukaryota","Chordata","Actinopteri","Myctophiformes","Myctophidae","Ceratoscopelus",NA
"RL2501_F057_1_MV1","Citharichthys sordidus","Actinopteri",106,"scientific name","Eukaryota","Chordata","Actinopteri","Pleuronectiformes","Cyclopsettidae","Citharichthys","Citharichthys sordidus"
"RL2501_F057_1_MV1","Citharichthys stigmaeus","Actinopteri",806,"scientific name","Eukaryota","Chordata","Actinopteri","Pleuronectiformes","Cyclopsettidae","Citharichthys","Citharichthys stigmaeus"
"RL2501_F057_1_MV1","Delphinidae","Mammalia",18430,"scientific name","Eukaryota","Chordata","Mammalia","Artiodactyla","Delphinidae",NA,NA
"RL2501_F057_1_MV1","Engraulis mordax","Actinopteri",1124,"scientific name","Eukaryota","Chordata","Actinopteri","Clupeiformes","Engraulidae","Engraulis","Engraulis mordax"
"RL2501_F057_1_MV1","Gallus","Aves",119,"scientific name","Eukaryota","Chordata","Aves","Galliformes","Phasianidae","Gallus",NA
"RL2501_F057_1_MV1","Homo sapiens","Mammalia",7068,"scientific name","Eukaryota","Chordata","Mammalia","Primates","Hominidae","Homo","Homo sapiens"
"RL2501_F057_1_MV1","Icichthys lockingtoni","Actinopteri",41135,"scientific name","Eukaryota","Chordata","Actinopteri","Scombriformes","Centrolophidae","Icichthys","Icichthys lockingtoni"
"RL2501_F057_1_MV1","Lampanyctus tenuiformis","Actinopteri",4429,"scientific name","Eukaryota","Chordata","Actinopteri","Myctophiformes","Myctophidae","Lampanyctus","Lampanyctus tenuiformis"
"RL2501_F057_1_MV1","Phosichthyidae","Actinopteri",1750,"scientific name","Eukaryota","Chordata","Actinopteri","Stomiiformes","Phosichthyidae",NA,NA
"RL2501_F057_1_MV1","Sarda","Actinopteri",50,"scientific name","Eukaryota","Chordata","Actinopteri","Scombriformes","Scombridae","Sarda",NA
"RL2501_F057_1_MV1","Sardinops sagax","Actinopteri",44,"scientific name","Eukaryota","Chordata","Actinopteri","Clupeiformes","Clupeidae","Sardinops","Sardinops sagax"
"RL2501_F057_1_MV1","Sebastes","Actinopteri",103,"scientific name","Eukaryota","Chordata","Actinopteri","Perciformes","Sebastidae","Sebastes",NA
"RL2501_F057_1_MV1","Symbolophorus californiensis","Actinopteri",1460,"scientific name","Eukaryota","Chordata","Actinopteri","Myctophiformes","Myctophidae","Symbolophorus","Symbolophorus californiensis"
"RL2501_F057_1_MV1","Tetragonurus cuvieri","Actinopteri",2340,"scientific name","Eukaryota","Chordata","Actinopteri","Scombriformes","Tetragonuridae","Tetragonurus","Tetragonurus cuvieri"
"RL2501_F057_1_MV1","Trachipterus","Actinopteri",7268,"scientific name","Eukaryota","Chordata","Actinopteri","Lampriformes","Trachipteridae","Trachipterus",NA
"RL2501_F057_1_MV1","Zalophus californianus","Mammalia",6,"scientific name","Eukaryota","Chordata","Mammalia","Carnivora","Otariidae","Zalophus","Zalophus californianus"
"RL2501_F057_1_MV1",NA,NA,1199,NA,NA,NA,NA,NA,NA,NA,NA
"RL2501_F057_2_MV1","Astropecten verrilli","Asteroidea",22,"scientific name","Eukaryota","Echinodermata","Asteroidea","Paxillosida","Astropectinidae","Astropecten","Astropecten verrilli"
"RL2501_F057_2_MV1","Bathycoccus prasinos","Mamiellophyceae",16,"scientific name","Eukaryota","Chlorophyta","Mamiellophyceae","Mamiellales","Bathycoccaceae","Bathycoccus","Bathycoccus prasinos"
"RL2501_F057_2_MV1","Ceratoscopelus","Actinopteri",75,"scientific name","Eukaryota","Chordata","Actinopteri","Myctophiformes","Myctophidae","Ceratoscopelus",NA
"RL2501_F057_2_MV1","Cololabis saira","Actinopteri",452,"scientific name","Eukaryota","Chordata","Actinopteri","Beloniformes","Belonidae","Cololabis","Cololabis saira"
"RL2501_F057_2_MV1","Delphinidae","Mammalia",3777,"scientific name","Eukaryota","Chordata","Mammalia","Artiodactyla","Delphinidae",NA,NA
"RL2501_F057_2_MV1","Homo sapiens","Mammalia",2549,"scientific name","Eukaryota","Chordata","Mammalia","Primates","Hominidae","Homo","Homo sapiens"
"RL2501_F057_2_MV1","Icichthys lockingtoni","Actinopteri",13702,"scientific name","Eukaryota","Chordata","Actinopteri","Scombriformes","Centrolophidae","Icichthys","Icichthys lockingtoni"
"RL2501_F057_2_MV1","Lamna ditropis","Chondrichthyes",47,"scientific name","Eukaryota","Chordata","Chondrichthyes","Lamniformes","Lamnidae","Lamna","Lamna ditropis"
"RL2501_F057_2_MV1","Prionace glauca","Chondrichthyes",342,"scientific name","Eukaryota","Chordata","Chondrichthyes","Carcharhiniformes","Carcharhinidae","Prionace","Prionace glauca"
"RL2501_F057_2_MV1","Symbolophorus californiensis","Actinopteri",576,"scientific name","Eukaryota","Chordata","Actinopteri","Myctophiformes","Myctophidae","Symbolophorus","Symbolophorus californiensis"
"RL2501_F057_2_MV1","Tetragonurus cuvieri","Actinopteri",649,"scientific name","Eukaryota","Chordata","Actinopteri","Scombriformes","Tetragonuridae","Tetragonurus","Tetragonurus cuvieri"
"RL2501_F057_2_MV1","Trachipterus","Actinopteri",5326,"scientific name","Eukaryota","Chordata","Actinopteri","Lampriformes","Trachipteridae","Trachipterus",NA
"RL2501_F057_2_MV1",NA,NA,5033,NA,NA,NA,NA,NA,NA,NA,NA
"RL2501_F057_3_MV1","Astropecten verrilli","Asteroidea",11,"scientific name","Eukaryota","Echinodermata","Asteroidea","Paxillosida","Astropectinidae","Astropecten","Astropecten verrilli"
"RL2501_F057_3_MV1","Ceratoscopelus","Actinopteri",1123,"scientific name","Eukaryota","Chordata","Actinopteri","Myctophiformes","Myctophidae","Ceratoscopelus",NA
"RL2501_F057_3_MV1","Cololabis saira","Actinopteri",496,"scientific name","Eukaryota","Chordata","Actinopteri","Beloniformes","Belonidae","Cololabis","Cololabis saira"
"RL2501_F057_3_MV1","Delphinidae","Mammalia",971,"scientific name","Eukaryota","Chordata","Mammalia","Artiodactyla","Delphinidae",NA,NA
"RL2501_F057_3_MV1","Homo sapiens","Mammalia",66,"scientific name","Eukaryota","Chordata","Mammalia","Primates","Hominidae","Homo","Homo sapiens"
"RL2501_F057_3_MV1","Icichthys lockingtoni","Actinopteri",15745,"scientific name","Eukaryota","Chordata","Actinopteri","Scombriformes","Centrolophidae","Icichthys","Icichthys lockingtoni"
"RL2501_F057_3_MV1","Lampanyctus tenuiformis","Actinopteri",1341,"scientific name","Eukaryota","Chordata","Actinopteri","Myctophiformes","Myctophidae","Lampanyctus","Lampanyctus tenuiformis"
"RL2501_F057_3_MV1","Prionace glauca","Chondrichthyes",231,"scientific name","Eukaryota","Chordata","Chondrichthyes","Carcharhiniformes","Carcharhinidae","Prionace","Prionace glauca"
"RL2501_F057_3_MV1","Symbolophorus californiensis","Actinopteri",421,"scientific name","Eukaryota","Chordata","Actinopteri","Myctophiformes","Myctophidae","Symbolophorus","Symbolophorus californiensis"
"RL2501_F057_3_MV1","Tarletonbeania crenularis","Actinopteri",1160,"scientific name","Eukaryota","Chordata","Actinopteri","Myctophiformes","Myctophidae","Tarletonbeania","Tarletonbeania crenularis"
"RL2501_F057_3_MV1","Trachipterus","Actinopteri",5212,"scientific name","Eukaryota","Chordata","Actinopteri","Lampriformes","Trachipteridae","Trachipterus",NA
"RL2501_F057_3_MV1",NA,NA,19433,NA,NA,NA,NA,NA,NA,NA,NA
"RL2501_F057_4_MV1","Astropecten verrilli","Asteroidea",110,"scientific name","Eukaryota","Echinodermata","Asteroidea","Paxillosida","Astropectinidae","Astropecten","Astropecten verrilli"
"RL2501_F057_4_MV1","Balaenoptera acutorostrata","Mammalia",3,"scientific name","Eukaryota","Chordata","Mammalia","Artiodactyla","Balaenopteridae","Balaenoptera","Balaenoptera acutorostrata"
"RL2501_F057_4_MV1","Bathycoccus prasinos","Mamiellophyceae",4,"scientific name","Eukaryota","Chlorophyta","Mamiellophyceae","Mamiellales","Bathycoccaceae","Bathycoccus","Bathycoccus prasinos"
"RL2501_F057_4_MV1","Ceratoscopelus","Actinopteri",1850,"scientific name","Eukaryota","Chordata","Actinopteri","Myctophiformes","Myctophidae","Ceratoscopelus",NA
"RL2501_F057_4_MV1","Citharichthys sordidus","Actinopteri",138,"scientific name","Eukaryota","Chordata","Actinopteri","Pleuronectiformes","Cyclopsettidae","Citharichthys","Citharichthys sordidus"
"RL2501_F057_4_MV1","Citharichthys stigmaeus","Actinopteri",18,"scientific name","Eukaryota","Chordata","Actinopteri","Pleuronectiformes","Cyclopsettidae","Citharichthys","Citharichthys stigmaeus"
"RL2501_F057_4_MV1","Delphinidae","Mammalia",4190,"scientific name","Eukaryota","Chordata","Mammalia","Artiodactyla","Delphinidae",NA,NA
"RL2501_F057_4_MV1","Engraulis mordax","Actinopteri",2617,"scientific name","Eukaryota","Chordata","Actinopteri","Clupeiformes","Engraulidae","Engraulis","Engraulis mordax"
"RL2501_F057_4_MV1","Evadne","Branchiopoda",4,"scientific name","Eukaryota","Arthropoda","Branchiopoda","Diplostraca","Podonidae","Evadne",NA
"RL2501_F057_4_MV1","Gallus","Aves",29,"scientific name","Eukaryota","Chordata","Aves","Galliformes","Phasianidae","Gallus",NA
"RL2501_F057_4_MV1","Homo sapiens","Mammalia",3063,"scientific name","Eukaryota","Chordata","Mammalia","Primates","Hominidae","Homo","Homo sapiens"
"RL2501_F057_4_MV1","Icichthys lockingtoni","Actinopteri",20466,"scientific name","Eukaryota","Chordata","Actinopteri","Scombriformes","Centrolophidae","Icichthys","Icichthys lockingtoni"
"RL2501_F057_4_MV1","Phosichthyidae","Actinopteri",3,"scientific name","Eukaryota","Chordata","Actinopteri","Stomiiformes","Phosichthyidae",NA,NA
"RL2501_F057_4_MV1","Prionace glauca","Chondrichthyes",296,"scientific name","Eukaryota","Chordata","Chondrichthyes","Carcharhiniformes","Carcharhinidae","Prionace","Prionace glauca"
"RL2501_F057_4_MV1","Sarda","Actinopteri",35,"scientific name","Eukaryota","Chordata","Actinopteri","Scombriformes","Scombridae","Sarda",NA
"RL2501_F057_4_MV1","Sardinops sagax","Actinopteri",38,"scientific name","Eukaryota","Chordata","Actinopteri","Clupeiformes","Clupeidae","Sardinops","Sardinops sagax"
"RL2501_F057_4_MV1","Sebastes","Actinopteri",19,"scientific name","Eukaryota","Chordata","Actinopteri","Perciformes","Sebastidae","Sebastes",NA
"RL2501_F057_4_MV1","Squalus","Chondrichthyes",2,"scientific name","Eukaryota","Chordata","Chondrichthyes","Squaliformes","Squalidae","Squalus",NA
"RL2501_F057_4_MV1","Symbolophorus californiensis","Actinopteri",2469,"scientific name","Eukaryota","Chordata","Actinopteri","Myctophiformes","Myctophidae","Symbolophorus","Symbolophorus californiensis"
"RL2501_F057_4_MV1","Syngnathus","Actinopteri",3,"scientific name","Eukaryota","Chordata","Actinopteri","Syngnathiformes","Syngnathidae","Syngnathus",NA
"RL2501_F057_4_MV1","Tetragonurus cuvieri","Actinopteri",1637,"scientific name","Eukaryota","Chordata","Actinopteri","Scombriformes","Tetragonuridae","Tetragonurus","Tetragonurus cuvieri"
"RL2501_F057_4_MV1","Trachipterus","Actinopteri",23715,"scientific name","Eukaryota","Chordata","Actinopteri","Lampriformes","Trachipteridae","Trachipterus",NA
"RL2501_F057_4_MV1","Zalophus californianus","Mammalia",17,"scientific name","Eukaryota","Chordata","Mammalia","Carnivora","Otariidae","Zalophus","Zalophus californianus"
"RL2501_F057_4_MV1",NA,NA,1494,NA,NA,NA,NA,NA,NA,NA,NA
"RL2501_F063_1_MV1","Astropecten verrilli","Asteroidea",1422,"scientific name","Eukaryota","Echinodermata","Asteroidea","Paxillosida","Astropectinidae","Astropecten","Astropecten verrilli"
"RL2501_F063_1_MV1","Citharichthys sordidus","Actinopteri",1783,"scientific name","Eukaryota","Chordata","Actinopteri","Pleuronectiformes","Cyclopsettidae","Citharichthys","Citharichthys sordidus"
"RL2501_F063_1_MV1","Engraulis mordax","Actinopteri",237370,"scientific name","Eukaryota","Chordata","Actinopteri","Clupeiformes","Engraulidae","Engraulis","Engraulis mordax"
"RL2501_F063_1_MV1","Evadne","Branchiopoda",7,"scientific name","Eukaryota","Arthropoda","Branchiopoda","Diplostraca","Podonidae","Evadne",NA
"RL2501_F063_1_MV1","Merluccius productus","Actinopteri",358,"scientific name","Eukaryota","Chordata","Actinopteri","Gadiformes","Merlucciidae","Merluccius","Merluccius productus"
"RL2501_F063_1_MV1","Orcinus orca","Mammalia",421,"scientific name","Eukaryota","Chordata","Mammalia","Artiodactyla","Delphinidae","Orcinus","Orcinus orca"
"RL2501_F063_1_MV1","Patiria miniata","Asteroidea",52,"scientific name","Eukaryota","Echinodermata","Asteroidea","Valvatida","Asterinidae","Patiria","Patiria miniata"
"RL2501_F063_1_MV1","Pisaster","Asteroidea",9,"scientific name","Eukaryota","Echinodermata","Asteroidea","Forcipulatida","Asteriidae","Pisaster",NA
"RL2501_F063_1_MV1","Sebastes","Actinopteri",11321,"scientific name","Eukaryota","Chordata","Actinopteri","Perciformes","Sebastidae","Sebastes",NA
"RL2501_F063_1_MV1","Strongylocentrotus purpuratus","Echinoidea",37,"scientific name","Eukaryota","Echinodermata","Echinoidea","Camarodonta","Strongylocentrotidae","Strongylocentrotus","Strongylocentrotus purpuratus"
"RL2501_F063_1_MV1",NA,NA,6939,NA,NA,NA,NA,NA,NA,NA,NA
"RL2501_F063_2_MV1","Astropecten verrilli","Asteroidea",1141,"scientific name","Eukaryota","Echinodermata","Asteroidea","Paxillosida","Astropectinidae","Astropecten","Astropecten verrilli"
"RL2501_F063_2_MV1","Citharichthys sordidus","Actinopteri",7648,"scientific name","Eukaryota","Chordata","Actinopteri","Pleuronectiformes","Cyclopsettidae","Citharichthys","Citharichthys sordidus"
"RL2501_F063_2_MV1","Delphinidae","Mammalia",494,"scientific name","Eukaryota","Chordata","Mammalia","Artiodactyla","Delphinidae",NA,NA
"RL2501_F063_2_MV1","Engraulis mordax","Actinopteri",239480,"scientific name","Eukaryota","Chordata","Actinopteri","Clupeiformes","Engraulidae","Engraulis","Engraulis mordax"
"RL2501_F063_2_MV1","Evadne","Branchiopoda",16,"scientific name","Eukaryota","Arthropoda","Branchiopoda","Diplostraca","Podonidae","Evadne",NA
"RL2501_F063_2_MV1","Homo sapiens","Mammalia",167,"scientific name","Eukaryota","Chordata","Mammalia","Primates","Hominidae","Homo","Homo sapiens"
"RL2501_F063_2_MV1","Leuroglossus","Actinopteri",650,"scientific name","Eukaryota","Chordata","Actinopteri","Argentiniformes","Bathylagidae","Leuroglossus",NA
"RL2501_F063_2_MV1","Merluccius productus","Actinopteri",1985,"scientific name","Eukaryota","Chordata","Actinopteri","Gadiformes","Merlucciidae","Merluccius","Merluccius productus"
"RL2501_F063_2_MV1","Orcinus orca","Mammalia",2050,"scientific name","Eukaryota","Chordata","Mammalia","Artiodactyla","Delphinidae","Orcinus","Orcinus orca"
"RL2501_F063_2_MV1","Patiria miniata","Asteroidea",26,"scientific name","Eukaryota","Echinodermata","Asteroidea","Valvatida","Asterinidae","Patiria","Patiria miniata"
"RL2501_F063_2_MV1","Pelecanus occidentalis","Aves",2720,"scientific name","Eukaryota","Chordata","Aves","Pelecaniformes","Pelecanidae","Pelecanus","Pelecanus occidentalis"
"RL2501_F063_2_MV1","Peprilus","Actinopteri",2929,"scientific name","Eukaryota","Chordata","Actinopteri","Scombriformes","Stromateidae","Peprilus",NA
"RL2501_F063_2_MV1","Poraniopsis inflata","Asteroidea",2,"scientific name","Eukaryota","Echinodermata","Asteroidea","Valvatida","Poraniidae","Poraniopsis","Poraniopsis inflata"
"RL2501_F063_2_MV1","Prionace glauca","Chondrichthyes",23,"scientific name","Eukaryota","Chordata","Chondrichthyes","Carcharhiniformes","Carcharhinidae","Prionace","Prionace glauca"
"RL2501_F063_2_MV1","Sebastes","Actinopteri",9542,"scientific name","Eukaryota","Chordata","Actinopteri","Perciformes","Sebastidae","Sebastes",NA
"RL2501_F063_2_MV1","Sebastes pinniger","Actinopteri",2411,"scientific name","Eukaryota","Chordata","Actinopteri","Perciformes","Sebastidae","Sebastes","Sebastes pinniger"
"RL2501_F063_2_MV1","Strongylocentrotus purpuratus","Echinoidea",634,"scientific name","Eukaryota","Echinodermata","Echinoidea","Camarodonta","Strongylocentrotidae","Strongylocentrotus","Strongylocentrotus purpuratus"
"RL2501_F063_2_MV1",NA,NA,14778,NA,NA,NA,NA,NA,NA,NA,NA
"RL2501_F063_3_MV1","Astropecten verrilli","Asteroidea",40,"scientific name","Eukaryota","Echinodermata","Asteroidea","Paxillosida","Astropectinidae","Astropecten","Astropecten verrilli"
"RL2501_F063_3_MV1","Citharichthys sordidus","Actinopteri",361,"scientific name","Eukaryota","Chordata","Actinopteri","Pleuronectiformes","Cyclopsettidae","Citharichthys","Citharichthys sordidus"
"RL2501_F063_3_MV1","Engraulis mordax","Actinopteri",155772,"scientific name","Eukaryota","Chordata","Actinopteri","Clupeiformes","Engraulidae","Engraulis","Engraulis mordax"
"RL2501_F063_3_MV1","Merluccius productus","Actinopteri",70,"scientific name","Eukaryota","Chordata","Actinopteri","Gadiformes","Merlucciidae","Merluccius","Merluccius productus"
"RL2501_F063_3_MV1","Orcinus orca","Mammalia",53,"scientific name","Eukaryota","Chordata","Mammalia","Artiodactyla","Delphinidae","Orcinus","Orcinus orca"
"RL2501_F063_3_MV1","Pisaster","Asteroidea",5,"scientific name","Eukaryota","Echinodermata","Asteroidea","Forcipulatida","Asteriidae","Pisaster",NA
"RL2501_F063_3_MV1","Sebastes","Actinopteri",4037,"scientific name","Eukaryota","Chordata","Actinopteri","Perciformes","Sebastidae","Sebastes",NA
"RL2501_F063_3_MV1","Strongylocentrotus purpuratus","Echinoidea",29,"scientific name","Eukaryota","Echinodermata","Echinoidea","Camarodonta","Strongylocentrotidae","Strongylocentrotus","Strongylocentrotus purpuratus"
"RL2501_F063_3_MV1","Zalophus californianus","Mammalia",99,"scientific name","Eukaryota","Chordata","Mammalia","Carnivora","Otariidae","Zalophus","Zalophus californianus"
"RL2501_F063_3_MV1",NA,NA,2950,NA,NA,NA,NA,NA,NA,NA,NA
"RL2501_F063_4_MV1","Astropecten verrilli","Asteroidea",1032,"scientific name","Eukaryota","Echinodermata","Asteroidea","Paxillosida","Astropectinidae","Astropecten","Astropecten verrilli"
"RL2501_F063_4_MV1","Citharichthys sordidus","Actinopteri",936,"scientific name","Eukaryota","Chordata","Actinopteri","Pleuronectiformes","Cyclopsettidae","Citharichthys","Citharichthys sordidus"
"RL2501_F063_4_MV1","Engraulis mordax","Actinopteri",177510,"scientific name","Eukaryota","Chordata","Actinopteri","Clupeiformes","Engraulidae","Engraulis","Engraulis mordax"
"RL2501_F063_4_MV1","Evadne","Branchiopoda",175,"scientific name","Eukaryota","Arthropoda","Branchiopoda","Diplostraca","Podonidae","Evadne",NA
"RL2501_F063_4_MV1","Leuroglossus","Actinopteri",1458,"scientific name","Eukaryota","Chordata","Actinopteri","Argentiniformes","Bathylagidae","Leuroglossus",NA
"RL2501_F063_4_MV1","Merluccius angustimanus","Actinopteri",522,"scientific name","Eukaryota","Chordata","Actinopteri","Gadiformes","Merlucciidae","Merluccius","Merluccius angustimanus"
"RL2501_F063_4_MV1","Merluccius productus","Actinopteri",1310,"scientific name","Eukaryota","Chordata","Actinopteri","Gadiformes","Merlucciidae","Merluccius","Merluccius productus"
"RL2501_F063_4_MV1","Patiria miniata","Asteroidea",31,"scientific name","Eukaryota","Echinodermata","Asteroidea","Valvatida","Asterinidae","Patiria","Patiria miniata"
"RL2501_F063_4_MV1","Pisaster","Asteroidea",63,"scientific name","Eukaryota","Echinodermata","Asteroidea","Forcipulatida","Asteriidae","Pisaster",NA
"RL2501_F063_4_MV1","Sebastes","Actinopteri",7390,"scientific name","Eukaryota","Chordata","Actinopteri","Perciformes","Sebastidae","Sebastes",NA
"RL2501_F063_4_MV1","Strongylocentrotus purpuratus","Echinoidea",672,"scientific name","Eukaryota","Echinodermata","Echinoidea","Camarodonta","Strongylocentrotidae","Strongylocentrotus","Strongylocentrotus purpuratus"
"RL2501_F063_4_MV1",NA,NA,21801,NA,NA,NA,NA,NA,NA,NA,NA
"RL2501_F071_1_MV1","Astropecten verrilli","Asteroidea",1681,"scientific name","Eukaryota","Echinodermata","Asteroidea","Paxillosida","Astropectinidae","Astropecten","Astropecten verrilli"
"RL2501_F071_1_MV1","Bathycoccus prasinos","Mamiellophyceae",22,"scientific name","Eukaryota","Chlorophyta","Mamiellophyceae","Mamiellales","Bathycoccaceae","Bathycoccus","Bathycoccus prasinos"
"RL2501_F071_1_MV1","Citharichthys sordidus","Actinopteri",23879,"scientific name","Eukaryota","Chordata","Actinopteri","Pleuronectiformes","Cyclopsettidae","Citharichthys","Citharichthys sordidus"
"RL2501_F071_1_MV1","Engraulis mordax","Actinopteri",18407,"scientific name","Eukaryota","Chordata","Actinopteri","Clupeiformes","Engraulidae","Engraulis","Engraulis mordax"
"RL2501_F071_1_MV1","Evadne","Branchiopoda",188,"scientific name","Eukaryota","Arthropoda","Branchiopoda","Diplostraca","Podonidae","Evadne",NA
"RL2501_F071_1_MV1","Hominidae","Mammalia",851,"scientific name","Eukaryota","Chordata","Mammalia","Primates","Hominidae",NA,NA
"RL2501_F071_1_MV1","Sardinops sagax","Actinopteri",1611,"scientific name","Eukaryota","Chordata","Actinopteri","Clupeiformes","Clupeidae","Sardinops","Sardinops sagax"
"RL2501_F071_1_MV1",NA,NA,33341,NA,NA,NA,NA,NA,NA,NA,NA
"RL2501_F071_2_MV1","Astropecten verrilli","Asteroidea",553,"scientific name","Eukaryota","Echinodermata","Asteroidea","Paxillosida","Astropectinidae","Astropecten","Astropecten verrilli"
"RL2501_F071_2_MV1","Bathycoccus prasinos","Mamiellophyceae",102,"scientific name","Eukaryota","Chlorophyta","Mamiellophyceae","Mamiellales","Bathycoccaceae","Bathycoccus","Bathycoccus prasinos"
"RL2501_F071_2_MV1","Citharichthys sordidus","Actinopteri",8368,"scientific name","Eukaryota","Chordata","Actinopteri","Pleuronectiformes","Cyclopsettidae","Citharichthys","Citharichthys sordidus"
"RL2501_F071_2_MV1","Delphinidae","Mammalia",129,"scientific name","Eukaryota","Chordata","Mammalia","Artiodactyla","Delphinidae",NA,NA
"RL2501_F071_2_MV1","Engraulis mordax","Actinopteri",2581,"scientific name","Eukaryota","Chordata","Actinopteri","Clupeiformes","Engraulidae","Engraulis","Engraulis mordax"
"RL2501_F071_2_MV1","Evadne","Branchiopoda",59,"scientific name","Eukaryota","Arthropoda","Branchiopoda","Diplostraca","Podonidae","Evadne",NA
"RL2501_F071_2_MV1","Homo sapiens","Mammalia",168,"scientific name","Eukaryota","Chordata","Mammalia","Primates","Hominidae","Homo","Homo sapiens"
"RL2501_F071_2_MV1","Ostreococcus sp. lucimarinus","Mamiellophyceae",266,"synonym","Eukaryota","Chlorophyta","Mamiellophyceae","Mamiellales","Bathycoccaceae","Ostreococcus","Ostreococcus sp. 'lucimarinus'"
"RL2501_F071_2_MV1","Sebastes","Actinopteri",325,"scientific name","Eukaryota","Chordata","Actinopteri","Perciformes","Sebastidae","Sebastes",NA
"RL2501_F071_2_MV1",NA,NA,18915,NA,NA,NA,NA,NA,NA,NA,NA
"RL2501_F071_3_MV1","Astropecten verrilli","Asteroidea",625,"scientific name","Eukaryota","Echinodermata","Asteroidea","Paxillosida","Astropectinidae","Astropecten","Astropecten verrilli"
"RL2501_F071_3_MV1","Bathycoccus prasinos","Mamiellophyceae",195,"scientific name","Eukaryota","Chlorophyta","Mamiellophyceae","Mamiellales","Bathycoccaceae","Bathycoccus","Bathycoccus prasinos"
"RL2501_F071_3_MV1","Bos taurus","Mammalia",18,"scientific name","Eukaryota","Chordata","Mammalia","Artiodactyla","Bovidae","Bos","Bos taurus"
"RL2501_F071_3_MV1","Carcharhinus longimanus","Chondrichthyes",12,"scientific name","Eukaryota","Chordata","Chondrichthyes","Carcharhiniformes","Carcharhinidae","Carcharhinus","Carcharhinus longimanus"
"RL2501_F071_3_MV1","Citharichthys sordidus","Actinopteri",19207,"scientific name","Eukaryota","Chordata","Actinopteri","Pleuronectiformes","Cyclopsettidae","Citharichthys","Citharichthys sordidus"
"RL2501_F071_3_MV1","Engraulis mordax","Actinopteri",2599,"scientific name","Eukaryota","Chordata","Actinopteri","Clupeiformes","Engraulidae","Engraulis","Engraulis mordax"
"RL2501_F071_3_MV1","Evadne","Branchiopoda",87,"scientific name","Eukaryota","Arthropoda","Branchiopoda","Diplostraca","Podonidae","Evadne",NA
"RL2501_F071_3_MV1","Homo sapiens","Mammalia",304,"scientific name","Eukaryota","Chordata","Mammalia","Primates","Hominidae","Homo","Homo sapiens"
"RL2501_F071_3_MV1","Scombridae","Actinopteri",54,"scientific name","Eukaryota","Chordata","Actinopteri","Scombriformes","Scombridae",NA,NA
"RL2501_F071_3_MV1","Sebastes","Actinopteri",304,"scientific name","Eukaryota","Chordata","Actinopteri","Perciformes","Sebastidae","Sebastes",NA
"RL2501_F071_3_MV1","Sus scrofa","Mammalia",263,"scientific name","Eukaryota","Chordata","Mammalia","Artiodactyla","Suidae","Sus","Sus scrofa"
"RL2501_F071_3_MV1",NA,NA,41547,NA,NA,NA,NA,NA,NA,NA,NA
"RL2501_F071_4_MV1","Astropecten verrilli","Asteroidea",729,"scientific name","Eukaryota","Echinodermata","Asteroidea","Paxillosida","Astropectinidae","Astropecten","Astropecten verrilli"
"RL2501_F071_4_MV1","Citharichthys sordidus","Actinopteri",9369,"scientific name","Eukaryota","Chordata","Actinopteri","Pleuronectiformes","Cyclopsettidae","Citharichthys","Citharichthys sordidus"
"RL2501_F071_4_MV1","Citharichthys stigmaeus","Actinopteri",24,"scientific name","Eukaryota","Chordata","Actinopteri","Pleuronectiformes","Cyclopsettidae","Citharichthys","Citharichthys stigmaeus"
"RL2501_F071_4_MV1","Delphinidae","Mammalia",11,"scientific name","Eukaryota","Chordata","Mammalia","Artiodactyla","Delphinidae",NA,NA
"RL2501_F071_4_MV1","Engraulis mordax","Actinopteri",3717,"scientific name","Eukaryota","Chordata","Actinopteri","Clupeiformes","Engraulidae","Engraulis","Engraulis mordax"
"RL2501_F071_4_MV1","Evadne","Branchiopoda",185,"scientific name","Eukaryota","Arthropoda","Branchiopoda","Diplostraca","Podonidae","Evadne",NA
"RL2501_F071_4_MV1","Gallus","Aves",198,"scientific name","Eukaryota","Chordata","Aves","Galliformes","Phasianidae","Gallus",NA
"RL2501_F071_4_MV1","Homo sapiens","Mammalia",160,"scientific name","Eukaryota","Chordata","Mammalia","Primates","Hominidae","Homo","Homo sapiens"
"RL2501_F071_4_MV1","Ostreococcus sp. lucimarinus","Mamiellophyceae",321,"synonym","Eukaryota","Chlorophyta","Mamiellophyceae","Mamiellales","Bathycoccaceae","Ostreococcus","Ostreococcus sp. 'lucimarinus'"
"RL2501_F071_4_MV1","Patiria miniata","Asteroidea",2,"scientific name","Eukaryota","Echinodermata","Asteroidea","Valvatida","Asterinidae","Patiria","Patiria miniata"
"RL2501_F071_4_MV1","Sarda","Actinopteri",91,"scientific name","Eukaryota","Chordata","Actinopteri","Scombriformes","Scombridae","Sarda",NA
"RL2501_F071_4_MV1","Sardinops sagax","Actinopteri",58,"scientific name","Eukaryota","Chordata","Actinopteri","Clupeiformes","Clupeidae","Sardinops","Sardinops sagax"
"RL2501_F071_4_MV1","Scombridae","Actinopteri",20,"scientific name","Eukaryota","Chordata","Actinopteri","Scombriformes","Scombridae",NA,NA
"RL2501_F071_4_MV1","Sebastes","Actinopteri",1412,"scientific name","Eukaryota","Chordata","Actinopteri","Perciformes","Sebastidae","Sebastes",NA
"RL2501_F071_4_MV1","Squalus","Chondrichthyes",5,"scientific name","Eukaryota","Chordata","Chondrichthyes","Squaliformes","Squalidae","Squalus",NA
"RL2501_F071_4_MV1","Zalophus californianus","Mammalia",15,"scientific name","Eukaryota","Chordata","Mammalia","Carnivora","Otariidae","Zalophus","Zalophus californianus"
"RL2501_F071_4_MV1",NA,NA,46241,NA,NA,NA,NA,NA,NA,NA,NA
"RL2501_F072_1_MV1","Astropecten verrilli","Asteroidea",2182,"scientific name","Eukaryota","Echinodermata","Asteroidea","Paxillosida","Astropectinidae","Astropecten","Astropecten verrilli"
"RL2501_F072_1_MV1","Carcharhinidae","Chondrichthyes",191,"scientific name","Eukaryota","Chordata","Chondrichthyes","Carcharhiniformes","Carcharhinidae",NA,NA
"RL2501_F072_1_MV1","Delphinidae","Mammalia",449,"scientific name","Eukaryota","Chordata","Mammalia","Artiodactyla","Delphinidae",NA,NA
"RL2501_F072_1_MV1","Engraulis mordax","Actinopteri",126931,"scientific name","Eukaryota","Chordata","Actinopteri","Clupeiformes","Engraulidae","Engraulis","Engraulis mordax"
"RL2501_F072_1_MV1","Gallus","Aves",6971,"scientific name","Eukaryota","Chordata","Aves","Galliformes","Phasianidae","Gallus",NA
"RL2501_F072_1_MV1","Gallus gallus","Aves",532,"scientific name","Eukaryota","Chordata","Aves","Galliformes","Phasianidae","Gallus","Gallus gallus"
"RL2501_F072_1_MV1","Homo sapiens","Mammalia",14203,"scientific name","Eukaryota","Chordata","Mammalia","Primates","Hominidae","Homo","Homo sapiens"
"RL2501_F072_1_MV1","Patiria miniata","Asteroidea",13,"scientific name","Eukaryota","Echinodermata","Asteroidea","Valvatida","Asterinidae","Patiria","Patiria miniata"
"RL2501_F072_1_MV1","Sarda","Actinopteri",3767,"scientific name","Eukaryota","Chordata","Actinopteri","Scombriformes","Scombridae","Sarda",NA
"RL2501_F072_1_MV1","Sardinops sagax","Actinopteri",6139,"scientific name","Eukaryota","Chordata","Actinopteri","Clupeiformes","Clupeidae","Sardinops","Sardinops sagax"
"RL2501_F072_1_MV1","Scombridae","Actinopteri",704,"scientific name","Eukaryota","Chordata","Actinopteri","Scombriformes","Scombridae",NA,NA
"RL2501_F072_1_MV1","Sebastes","Actinopteri",1664,"scientific name","Eukaryota","Chordata","Actinopteri","Perciformes","Sebastidae","Sebastes",NA
"RL2501_F072_1_MV1",NA,NA,52936,NA,NA,NA,NA,NA,NA,NA,NA
"RL2501_F072_2_MV1","Astropecten verrilli","Asteroidea",4011,"scientific name","Eukaryota","Echinodermata","Asteroidea","Paxillosida","Astropectinidae","Astropecten","Astropecten verrilli"
"RL2501_F072_2_MV1","Bathycoccus prasinos","Mamiellophyceae",11,"scientific name","Eukaryota","Chlorophyta","Mamiellophyceae","Mamiellales","Bathycoccaceae","Bathycoccus","Bathycoccus prasinos"
"RL2501_F072_2_MV1","Delphinidae","Mammalia",297,"scientific name","Eukaryota","Chordata","Mammalia","Artiodactyla","Delphinidae",NA,NA
"RL2501_F072_2_MV1","Engraulis mordax","Actinopteri",86179,"scientific name","Eukaryota","Chordata","Actinopteri","Clupeiformes","Engraulidae","Engraulis","Engraulis mordax"
"RL2501_F072_2_MV1","Evadne","Branchiopoda",14,"scientific name","Eukaryota","Arthropoda","Branchiopoda","Diplostraca","Podonidae","Evadne",NA
"RL2501_F072_2_MV1","Homo sapiens","Mammalia",932,"scientific name","Eukaryota","Chordata","Mammalia","Primates","Hominidae","Homo","Homo sapiens"
"RL2501_F072_2_MV1","Patiria miniata","Asteroidea",11,"scientific name","Eukaryota","Echinodermata","Asteroidea","Valvatida","Asterinidae","Patiria","Patiria miniata"
"RL2501_F072_2_MV1","Sardinops sagax","Actinopteri",5093,"scientific name","Eukaryota","Chordata","Actinopteri","Clupeiformes","Clupeidae","Sardinops","Sardinops sagax"
"RL2501_F072_2_MV1",NA,NA,48962,NA,NA,NA,NA,NA,NA,NA,NA
"RL2501_F072_3_MV1","Astropecten verrilli","Asteroidea",1207,"scientific name","Eukaryota","Echinodermata","Asteroidea","Paxillosida","Astropectinidae","Astropecten","Astropecten verrilli"
"RL2501_F072_3_MV1","Atherinops affinis","Actinopteri",211,"scientific name","Eukaryota","Chordata","Actinopteri","Atheriniformes","Atherinopsidae","Atherinops","Atherinops affinis"
"RL2501_F072_3_MV1","Balaenoptera physalus","Mammalia",76,"scientific name","Eukaryota","Chordata","Mammalia","Artiodactyla","Balaenopteridae","Balaenoptera","Balaenoptera physalus"
"RL2501_F072_3_MV1","Bathycoccus prasinos","Mamiellophyceae",28,"scientific name","Eukaryota","Chlorophyta","Mamiellophyceae","Mamiellales","Bathycoccaceae","Bathycoccus","Bathycoccus prasinos"
"RL2501_F072_3_MV1","Bathylagoides wesethi","Actinopteri",6,"scientific name","Eukaryota","Chordata","Actinopteri","Argentiniformes","Bathylagidae","Bathylagoides","Bathylagoides wesethi"
"RL2501_F072_3_MV1","Bos taurus","Mammalia",15,"scientific name","Eukaryota","Chordata","Mammalia","Artiodactyla","Bovidae","Bos","Bos taurus"
"RL2501_F072_3_MV1","Brachygenys californiensis","Actinopteri",3,"scientific name","Eukaryota","Chordata","Actinopteri","Lutjaniformes","Haemulidae","Brachygenys","Brachygenys californiensis"
"RL2501_F072_3_MV1","Carcharhinus longimanus","Chondrichthyes",6,"scientific name","Eukaryota","Chordata","Chondrichthyes","Carcharhiniformes","Carcharhinidae","Carcharhinus","Carcharhinus longimanus"
"RL2501_F072_3_MV1","Ceratoscopelus","Actinopteri",43,"scientific name","Eukaryota","Chordata","Actinopteri","Myctophiformes","Myctophidae","Ceratoscopelus",NA
"RL2501_F072_3_MV1","Citharichthys sordidus","Actinopteri",6888,"scientific name","Eukaryota","Chordata","Actinopteri","Pleuronectiformes","Cyclopsettidae","Citharichthys","Citharichthys sordidus"
"RL2501_F072_3_MV1","Cyclothone signata","Actinopteri",3,"scientific name","Eukaryota","Chordata","Actinopteri","Stomiiformes","Gonostomatidae","Cyclothone","Cyclothone signata"
"RL2501_F072_3_MV1","Delphinidae","Mammalia",198,"scientific name","Eukaryota","Chordata","Mammalia","Artiodactyla","Delphinidae",NA,NA
"RL2501_F072_3_MV1","Engraulis mordax","Actinopteri",62901,"scientific name","Eukaryota","Chordata","Actinopteri","Clupeiformes","Engraulidae","Engraulis","Engraulis mordax"
"RL2501_F072_3_MV1","Evadne","Branchiopoda",5,"scientific name","Eukaryota","Arthropoda","Branchiopoda","Diplostraca","Podonidae","Evadne",NA
"RL2501_F072_3_MV1","Gallus","Aves",8,"scientific name","Eukaryota","Chordata","Aves","Galliformes","Phasianidae","Gallus",NA
"RL2501_F072_3_MV1","Hemilepidotus","Actinopteri",3,"scientific name","Eukaryota","Chordata","Actinopteri","Perciformes","Cottidae","Hemilepidotus",NA
"RL2501_F072_3_MV1","Homo sapiens","Mammalia",511,"scientific name","Eukaryota","Chordata","Mammalia","Primates","Hominidae","Homo","Homo sapiens"
"RL2501_F072_3_MV1","Icichthys lockingtoni","Actinopteri",4,"scientific name","Eukaryota","Chordata","Actinopteri","Scombriformes","Centrolophidae","Icichthys","Icichthys lockingtoni"
"RL2501_F072_3_MV1","Isurus oxyrinchus","Chondrichthyes",2,"scientific name","Eukaryota","Chordata","Chondrichthyes","Lamniformes","Lamnidae","Isurus","Isurus oxyrinchus"
"RL2501_F072_3_MV1","Lagenorhynchus obliquidens","Mammalia",14,"synonym","Eukaryota","Chordata","Mammalia","Artiodactyla","Delphinidae","Sagmatias","Sagmatias obliquidens"
"RL2501_F072_3_MV1","Merluccius productus","Actinopteri",69,"scientific name","Eukaryota","Chordata","Actinopteri","Gadiformes","Merlucciidae","Merluccius","Merluccius productus"
"RL2501_F072_3_MV1","Oneirodes","Actinopteri",12,"scientific name","Eukaryota","Chordata","Actinopteri","Lophiiformes","Oneirodidae","Oneirodes",NA
"RL2501_F072_3_MV1","Paralichthys californicus","Actinopteri",5,"scientific name","Eukaryota","Chordata","Actinopteri","Pleuronectiformes","Paralichthyidae","Paralichthys","Paralichthys californicus"
"RL2501_F072_3_MV1","Patiria miniata","Asteroidea",20,"scientific name","Eukaryota","Echinodermata","Asteroidea","Valvatida","Asterinidae","Patiria","Patiria miniata"
"RL2501_F072_3_MV1","Phalacrocorax","Aves",2,"scientific name","Eukaryota","Chordata","Aves","Suliformes","Phalacrocoracidae","Phalacrocorax",NA
"RL2501_F072_3_MV1","Phosichthyidae","Actinopteri",313,"scientific name","Eukaryota","Chordata","Actinopteri","Stomiiformes","Phosichthyidae",NA,NA
"RL2501_F072_3_MV1","Pleuronectidae","Actinopteri",13,"scientific name","Eukaryota","Chordata","Actinopteri","Pleuronectiformes","Pleuronectidae",NA,NA
"RL2501_F072_3_MV1","Sardinops sagax","Actinopteri",86,"scientific name","Eukaryota","Chordata","Actinopteri","Clupeiformes","Clupeidae","Sardinops","Sardinops sagax"
"RL2501_F072_3_MV1","Scombridae","Actinopteri",26,"scientific name","Eukaryota","Chordata","Actinopteri","Scombriformes","Scombridae",NA,NA
"RL2501_F072_3_MV1","Sebastes","Actinopteri",8293,"scientific name","Eukaryota","Chordata","Actinopteri","Perciformes","Sebastidae","Sebastes",NA
"RL2501_F072_3_MV1","Sebastes pinniger","Actinopteri",1110,"scientific name","Eukaryota","Chordata","Actinopteri","Perciformes","Sebastidae","Sebastes","Sebastes pinniger"
"RL2501_F072_3_MV1","Seriola lalandi","Actinopteri",5,"scientific name","Eukaryota","Chordata","Actinopteri","Carangiformes","Carangidae","Seriola","Seriola lalandi"
"RL2501_F072_3_MV1","Stenobrachius leucopsarus","Actinopteri",3,"scientific name","Eukaryota","Chordata","Actinopteri","Myctophiformes","Myctophidae","Stenobrachius","Stenobrachius leucopsarus"
"RL2501_F072_3_MV1","Strongylocentrotus purpuratus","Echinoidea",105,"scientific name","Eukaryota","Echinodermata","Echinoidea","Camarodonta","Strongylocentrotidae","Strongylocentrotus","Strongylocentrotus purpuratus"
"RL2501_F072_3_MV1","Sus scrofa","Mammalia",386,"scientific name","Eukaryota","Chordata","Mammalia","Artiodactyla","Suidae","Sus","Sus scrofa"
"RL2501_F072_3_MV1","Symbolophorus californiensis","Actinopteri",169,"scientific name","Eukaryota","Chordata","Actinopteri","Myctophiformes","Myctophidae","Symbolophorus","Symbolophorus californiensis"
"RL2501_F072_3_MV1","Syngnathus","Actinopteri",15,"scientific name","Eukaryota","Chordata","Actinopteri","Syngnathiformes","Syngnathidae","Syngnathus",NA
"RL2501_F072_3_MV1","Tetragonurus cuvieri","Actinopteri",24,"scientific name","Eukaryota","Chordata","Actinopteri","Scombriformes","Tetragonuridae","Tetragonurus","Tetragonurus cuvieri"
"RL2501_F072_3_MV1","Trachipterus","Actinopteri",87,"scientific name","Eukaryota","Chordata","Actinopteri","Lampriformes","Trachipteridae","Trachipterus",NA
"RL2501_F072_3_MV1","Trachurus symmetricus","Actinopteri",12,"scientific name","Eukaryota","Chordata","Actinopteri","Carangiformes","Carangidae","Trachurus","Trachurus symmetricus"
"RL2501_F072_3_MV1","Zalophus californianus","Mammalia",8,"scientific name","Eukaryota","Chordata","Mammalia","Carnivora","Otariidae","Zalophus","Zalophus californianus"
"RL2501_F072_3_MV1",NA,NA,16168,NA,NA,NA,NA,NA,NA,NA,NA
"RL2501_F072_4_MV1","Astropecten verrilli","Asteroidea",3607,"scientific name","Eukaryota","Echinodermata","Asteroidea","Paxillosida","Astropectinidae","Astropecten","Astropecten verrilli"
"RL2501_F072_4_MV1","Balaenoptera acutorostrata","Mammalia",76,"scientific name","Eukaryota","Chordata","Mammalia","Artiodactyla","Balaenopteridae","Balaenoptera","Balaenoptera acutorostrata"
"RL2501_F072_4_MV1","Bathycoccus prasinos","Mamiellophyceae",28,"scientific name","Eukaryota","Chlorophyta","Mamiellophyceae","Mamiellales","Bathycoccaceae","Bathycoccus","Bathycoccus prasinos"
"RL2501_F072_4_MV1","Citharichthys sordidus","Actinopteri",2930,"scientific name","Eukaryota","Chordata","Actinopteri","Pleuronectiformes","Cyclopsettidae","Citharichthys","Citharichthys sordidus"
"RL2501_F072_4_MV1","Citharichthys stigmaeus","Actinopteri",499,"scientific name","Eukaryota","Chordata","Actinopteri","Pleuronectiformes","Cyclopsettidae","Citharichthys","Citharichthys stigmaeus"
"RL2501_F072_4_MV1","Delphinidae","Mammalia",296,"scientific name","Eukaryota","Chordata","Mammalia","Artiodactyla","Delphinidae",NA,NA
"RL2501_F072_4_MV1","Delphinus bairdii","Mammalia",17,"scientific name","Eukaryota","Chordata","Mammalia","Artiodactyla","Delphinidae","Delphinus","Delphinus bairdii"
"RL2501_F072_4_MV1","Engraulis mordax","Actinopteri",51287,"scientific name","Eukaryota","Chordata","Actinopteri","Clupeiformes","Engraulidae","Engraulis","Engraulis mordax"
"RL2501_F072_4_MV1","Evadne","Branchiopoda",42,"scientific name","Eukaryota","Arthropoda","Branchiopoda","Diplostraca","Podonidae","Evadne",NA
"RL2501_F072_4_MV1","Gallus","Aves",2027,"scientific name","Eukaryota","Chordata","Aves","Galliformes","Phasianidae","Gallus",NA
"RL2501_F072_4_MV1","Gallus gallus","Aves",421,"scientific name","Eukaryota","Chordata","Aves","Galliformes","Phasianidae","Gallus","Gallus gallus"
"RL2501_F072_4_MV1","Gavia stellata","Aves",29,"scientific name","Eukaryota","Chordata","Aves","Gaviiformes","Gaviidae","Gavia","Gavia stellata"
"RL2501_F072_4_MV1","Homo sapiens","Mammalia",3023,"scientific name","Eukaryota","Chordata","Mammalia","Primates","Hominidae","Homo","Homo sapiens"
"RL2501_F072_4_MV1","Icichthys lockingtoni","Actinopteri",6,"scientific name","Eukaryota","Chordata","Actinopteri","Scombriformes","Centrolophidae","Icichthys","Icichthys lockingtoni"
"RL2501_F072_4_MV1","Merluccius productus","Actinopteri",231,"scientific name","Eukaryota","Chordata","Actinopteri","Gadiformes","Merlucciidae","Merluccius","Merluccius productus"
"RL2501_F072_4_MV1","Ostreococcus sp. lucimarinus","Mamiellophyceae",73,"synonym","Eukaryota","Chlorophyta","Mamiellophyceae","Mamiellales","Bathycoccaceae","Ostreococcus","Ostreococcus sp. 'lucimarinus'"
"RL2501_F072_4_MV1","Paralichthys californicus","Actinopteri",149,"scientific name","Eukaryota","Chordata","Actinopteri","Pleuronectiformes","Paralichthyidae","Paralichthys","Paralichthys californicus"
"RL2501_F072_4_MV1","Patiria miniata","Asteroidea",51,"scientific name","Eukaryota","Echinodermata","Asteroidea","Valvatida","Asterinidae","Patiria","Patiria miniata"
"RL2501_F072_4_MV1","Sarda","Actinopteri",2084,"scientific name","Eukaryota","Chordata","Actinopteri","Scombriformes","Scombridae","Sarda",NA
"RL2501_F072_4_MV1","Sardinops sagax","Actinopteri",1622,"scientific name","Eukaryota","Chordata","Actinopteri","Clupeiformes","Clupeidae","Sardinops","Sardinops sagax"
"RL2501_F072_4_MV1","Scombridae","Actinopteri",290,"scientific name","Eukaryota","Chordata","Actinopteri","Scombriformes","Scombridae",NA,NA
"RL2501_F072_4_MV1","Sebastes","Actinopteri",275,"scientific name","Eukaryota","Chordata","Actinopteri","Perciformes","Sebastidae","Sebastes",NA
"RL2501_F072_4_MV1","Squalus","Chondrichthyes",162,"scientific name","Eukaryota","Chordata","Chondrichthyes","Squaliformes","Squalidae","Squalus",NA
"RL2501_F072_4_MV1","Syngnathus","Actinopteri",311,"scientific name","Eukaryota","Chordata","Actinopteri","Syngnathiformes","Syngnathidae","Syngnathus",NA
"RL2501_F072_4_MV1","Trachipterus","Actinopteri",3,"scientific name","Eukaryota","Chordata","Actinopteri","Lampriformes","Trachipteridae","Trachipterus",NA
"RL2501_F072_4_MV1","Zalophus californianus","Mammalia",603,"scientific name","Eukaryota","Chordata","Mammalia","Carnivora","Otariidae","Zalophus","Zalophus californianus"
"RL2501_F072_4_MV1",NA,NA,53049,NA,NA,NA,NA,NA,NA,NA,NA
"RL2501_F087_2_1_MV1","Astropecten verrilli","Asteroidea",333,"scientific name","Eukaryota","Echinodermata","Asteroidea","Paxillosida","Astropectinidae","Astropecten","Astropecten verrilli"
"RL2501_F087_2_1_MV1","Ceratoscopelus","Actinopteri",7,"scientific name","Eukaryota","Chordata","Actinopteri","Myctophiformes","Myctophidae","Ceratoscopelus",NA
"RL2501_F087_2_1_MV1","Cololabis saira","Actinopteri",3389,"scientific name","Eukaryota","Chordata","Actinopteri","Beloniformes","Belonidae","Cololabis","Cololabis saira"
"RL2501_F087_2_1_MV1","Delphinidae","Mammalia",906,"scientific name","Eukaryota","Chordata","Mammalia","Artiodactyla","Delphinidae",NA,NA
"RL2501_F087_2_1_MV1","Engraulis mordax","Actinopteri",9574,"scientific name","Eukaryota","Chordata","Actinopteri","Clupeiformes","Engraulidae","Engraulis","Engraulis mordax"
"RL2501_F087_2_1_MV1","Evadne","Branchiopoda",8,"scientific name","Eukaryota","Arthropoda","Branchiopoda","Diplostraca","Podonidae","Evadne",NA
"RL2501_F087_2_1_MV1","Hominidae","Mammalia",41,"scientific name","Eukaryota","Chordata","Mammalia","Primates","Hominidae",NA,NA
"RL2501_F087_2_1_MV1","Homo sapiens","Mammalia",7129,"scientific name","Eukaryota","Chordata","Mammalia","Primates","Hominidae","Homo","Homo sapiens"
"RL2501_F087_2_1_MV1","Lamna ditropis","Chondrichthyes",1439,"scientific name","Eukaryota","Chordata","Chondrichthyes","Lamniformes","Lamnidae","Lamna","Lamna ditropis"
"RL2501_F087_2_1_MV1","Leuroglossus","Actinopteri",30,"scientific name","Eukaryota","Chordata","Actinopteri","Argentiniformes","Bathylagidae","Leuroglossus",NA
"RL2501_F087_2_1_MV1","Medialuna californiensis","Actinopteri",21,"scientific name","Eukaryota","Chordata","Actinopteri","Centrarchiformes","Kyphosidae","Medialuna","Medialuna californiensis"
"RL2501_F087_2_1_MV1","Oneirodes","Actinopteri",1206,"scientific name","Eukaryota","Chordata","Actinopteri","Lophiiformes","Oneirodidae","Oneirodes",NA
"RL2501_F087_2_1_MV1","Patiria miniata","Asteroidea",9,"scientific name","Eukaryota","Echinodermata","Asteroidea","Valvatida","Asterinidae","Patiria","Patiria miniata"
"RL2501_F087_2_1_MV1","Peprilus","Actinopteri",59,"scientific name","Eukaryota","Chordata","Actinopteri","Scombriformes","Stromateidae","Peprilus",NA
"RL2501_F087_2_1_MV1","Python","Lepidosauria",202,"scientific name","Eukaryota","Chordata","Lepidosauria","Squamata","Pythonidae","Python",NA
"RL2501_F087_2_1_MV1","Sardinops sagax","Actinopteri",13,"scientific name","Eukaryota","Chordata","Actinopteri","Clupeiformes","Clupeidae","Sardinops","Sardinops sagax"
"RL2501_F087_2_1_MV1","Scomber japonicus","Actinopteri",413,"scientific name","Eukaryota","Chordata","Actinopteri","Scombriformes","Scombridae","Scomber","Scomber japonicus"
"RL2501_F087_2_1_MV1","Sebastes","Actinopteri",5843,"scientific name","Eukaryota","Chordata","Actinopteri","Perciformes","Sebastidae","Sebastes",NA
"RL2501_F087_2_1_MV1","Seriola lalandi","Actinopteri",39358,"scientific name","Eukaryota","Chordata","Actinopteri","Carangiformes","Carangidae","Seriola","Seriola lalandi"
"RL2501_F087_2_1_MV1","Strongylocentrotus purpuratus","Echinoidea",83,"scientific name","Eukaryota","Echinodermata","Echinoidea","Camarodonta","Strongylocentrotidae","Strongylocentrotus","Strongylocentrotus purpuratus"
"RL2501_F087_2_1_MV1","Symbolophorus californiensis","Actinopteri",388,"scientific name","Eukaryota","Chordata","Actinopteri","Myctophiformes","Myctophidae","Symbolophorus","Symbolophorus californiensis"
"RL2501_F087_2_1_MV1","Syngnathus","Actinopteri",13577,"scientific name","Eukaryota","Chordata","Actinopteri","Syngnathiformes","Syngnathidae","Syngnathus",NA
"RL2501_F087_2_1_MV1",NA,NA,9923,NA,NA,NA,NA,NA,NA,NA,NA
"RL2501_F087_2_2_MV1","Bos taurus","Mammalia",16,"scientific name","Eukaryota","Chordata","Mammalia","Artiodactyla","Bovidae","Bos","Bos taurus"
"RL2501_F087_2_2_MV1","Ceratoscopelus","Actinopteri",72,"scientific name","Eukaryota","Chordata","Actinopteri","Myctophiformes","Myctophidae","Ceratoscopelus",NA
"RL2501_F087_2_2_MV1","Cololabis saira","Actinopteri",824,"scientific name","Eukaryota","Chordata","Actinopteri","Beloniformes","Belonidae","Cololabis","Cololabis saira"
"RL2501_F087_2_2_MV1","Delphinidae","Mammalia",524,"scientific name","Eukaryota","Chordata","Mammalia","Artiodactyla","Delphinidae",NA,NA
"RL2501_F087_2_2_MV1","Engraulis mordax","Actinopteri",8848,"scientific name","Eukaryota","Chordata","Actinopteri","Clupeiformes","Engraulidae","Engraulis","Engraulis mordax"
"RL2501_F087_2_2_MV1","Homo sapiens","Mammalia",13005,"scientific name","Eukaryota","Chordata","Mammalia","Primates","Hominidae","Homo","Homo sapiens"
"RL2501_F087_2_2_MV1","Phalaropus lobatus","Aves",1073,"synonym","Eukaryota","Chordata","Aves","Charadriiformes","Scolopacidae","Tringa","Tringa tobata"
"RL2501_F087_2_2_MV1","Sebastes","Actinopteri",1990,"scientific name","Eukaryota","Chordata","Actinopteri","Perciformes","Sebastidae","Sebastes",NA
"RL2501_F087_2_2_MV1","Stenella coeruleoalba","Mammalia",583,"scientific name","Eukaryota","Chordata","Mammalia","Artiodactyla","Delphinidae","Stenella","Stenella coeruleoalba"
"RL2501_F087_2_2_MV1",NA,NA,13737,NA,NA,NA,NA,NA,NA,NA,NA
"RL2501_F087_2_3_MV1","Ceratoscopelus","Actinopteri",638,"scientific name","Eukaryota","Chordata","Actinopteri","Myctophiformes","Myctophidae","Ceratoscopelus",NA
"RL2501_F087_2_3_MV1","Cololabis saira","Actinopteri",381,"scientific name","Eukaryota","Chordata","Actinopteri","Beloniformes","Belonidae","Cololabis","Cololabis saira"
"RL2501_F087_2_3_MV1","Delphinidae","Mammalia",50,"scientific name","Eukaryota","Chordata","Mammalia","Artiodactyla","Delphinidae",NA,NA
"RL2501_F087_2_3_MV1","Engraulis mordax","Actinopteri",1377,"scientific name","Eukaryota","Chordata","Actinopteri","Clupeiformes","Engraulidae","Engraulis","Engraulis mordax"
"RL2501_F087_2_3_MV1","Homo sapiens","Mammalia",625,"scientific name","Eukaryota","Chordata","Mammalia","Primates","Hominidae","Homo","Homo sapiens"
"RL2501_F087_2_3_MV1","Merluccius productus","Actinopteri",2,"scientific name","Eukaryota","Chordata","Actinopteri","Gadiformes","Merlucciidae","Merluccius","Merluccius productus"
"RL2501_F087_2_3_MV1","Notoscopelus","Actinopteri",261,"scientific name","Eukaryota","Chordata","Actinopteri","Myctophiformes","Myctophidae","Notoscopelus",NA
"RL2501_F087_2_3_MV1","Pleuronectidae","Actinopteri",2,"scientific name","Eukaryota","Chordata","Actinopteri","Pleuronectiformes","Pleuronectidae",NA,NA
"RL2501_F087_2_3_MV1","Sebastes","Actinopteri",404,"scientific name","Eukaryota","Chordata","Actinopteri","Perciformes","Sebastidae","Sebastes",NA
"RL2501_F087_2_3_MV1","Tetragonurus cuvieri","Actinopteri",4,"scientific name","Eukaryota","Chordata","Actinopteri","Scombriformes","Tetragonuridae","Tetragonurus","Tetragonurus cuvieri"
"RL2501_F087_2_3_MV1","Trachurus symmetricus","Actinopteri",2,"scientific name","Eukaryota","Chordata","Actinopteri","Carangiformes","Carangidae","Trachurus","Trachurus symmetricus"
"RL2501_F087_2_3_MV1",NA,NA,6535,NA,NA,NA,NA,NA,NA,NA,NA
"RL2501_F087_2_4_MV1","Astropecten verrilli","Asteroidea",48,"scientific name","Eukaryota","Echinodermata","Asteroidea","Paxillosida","Astropectinidae","Astropecten","Astropecten verrilli"
"RL2501_F087_2_4_MV1","Bathycoccus prasinos","Mamiellophyceae",201,"scientific name","Eukaryota","Chlorophyta","Mamiellophyceae","Mamiellales","Bathycoccaceae","Bathycoccus","Bathycoccus prasinos"
"RL2501_F087_2_4_MV1","Engraulis mordax","Actinopteri",2981,"scientific name","Eukaryota","Chordata","Actinopteri","Clupeiformes","Engraulidae","Engraulis","Engraulis mordax"
"RL2501_F087_2_4_MV1","Homo sapiens","Mammalia",2076,"scientific name","Eukaryota","Chordata","Mammalia","Primates","Hominidae","Homo","Homo sapiens"
"RL2501_F087_2_4_MV1","Ostreococcus sp. lucimarinus","Mamiellophyceae",6,"synonym","Eukaryota","Chlorophyta","Mamiellophyceae","Mamiellales","Bathycoccaceae","Ostreococcus","Ostreococcus sp. 'lucimarinus'"
"RL2501_F087_2_4_MV1","Paralabrax clathratus","Actinopteri",20,"scientific name","Eukaryota","Chordata","Actinopteri","Perciformes","Serranidae","Paralabrax","Paralabrax clathratus"
"RL2501_F087_2_4_MV1","Python","Lepidosauria",8,"scientific name","Eukaryota","Chordata","Lepidosauria","Squamata","Pythonidae","Python",NA
"RL2501_F087_2_4_MV1","Sardinops sagax","Actinopteri",72,"scientific name","Eukaryota","Chordata","Actinopteri","Clupeiformes","Clupeidae","Sardinops","Sardinops sagax"
"RL2501_F087_2_4_MV1","Sebastes","Actinopteri",3846,"scientific name","Eukaryota","Chordata","Actinopteri","Perciformes","Sebastidae","Sebastes",NA
"RL2501_F087_2_4_MV1","Seriola lalandi","Actinopteri",23055,"scientific name","Eukaryota","Chordata","Actinopteri","Carangiformes","Carangidae","Seriola","Seriola lalandi"
"RL2501_F087_2_4_MV1","Symbolophorus californiensis","Actinopteri",12,"scientific name","Eukaryota","Chordata","Actinopteri","Myctophiformes","Myctophidae","Symbolophorus","Symbolophorus californiensis"
"RL2501_F087_2_4_MV1","Syngnathus","Actinopteri",3152,"scientific name","Eukaryota","Chordata","Actinopteri","Syngnathiformes","Syngnathidae","Syngnathus",NA
"RL2501_F087_2_4_MV1",NA,NA,28841,NA,NA,NA,NA,NA,NA,NA,NA
"RL2501_F088_1_1_MV1","Astropecten verrilli","Asteroidea",559,"scientific name","Eukaryota","Echinodermata","Asteroidea","Paxillosida","Astropectinidae","Astropecten","Astropecten verrilli"
"RL2501_F088_1_1_MV1","Balaenoptera physalus","Mammalia",14,"scientific name","Eukaryota","Chordata","Mammalia","Artiodactyla","Balaenopteridae","Balaenoptera","Balaenoptera physalus"
"RL2501_F088_1_1_MV1","Ceratoscopelus","Actinopteri",78,"scientific name","Eukaryota","Chordata","Actinopteri","Myctophiformes","Myctophidae","Ceratoscopelus",NA
"RL2501_F088_1_1_MV1","Cololabis saira","Actinopteri",14831,"scientific name","Eukaryota","Chordata","Actinopteri","Beloniformes","Belonidae","Cololabis","Cololabis saira"
"RL2501_F088_1_1_MV1","Delphinidae","Mammalia",828,"scientific name","Eukaryota","Chordata","Mammalia","Artiodactyla","Delphinidae",NA,NA
"RL2501_F088_1_1_MV1","Engraulis mordax","Actinopteri",4863,"scientific name","Eukaryota","Chordata","Actinopteri","Clupeiformes","Engraulidae","Engraulis","Engraulis mordax"
"RL2501_F088_1_1_MV1","Evadne","Branchiopoda",11,"scientific name","Eukaryota","Arthropoda","Branchiopoda","Diplostraca","Podonidae","Evadne",NA
"RL2501_F088_1_1_MV1","Hominidae","Mammalia",104,"scientific name","Eukaryota","Chordata","Mammalia","Primates","Hominidae",NA,NA
"RL2501_F088_1_1_MV1","Homo sapiens","Mammalia",21112,"scientific name","Eukaryota","Chordata","Mammalia","Primates","Hominidae","Homo","Homo sapiens"
"RL2501_F088_1_1_MV1","Lamna ditropis","Chondrichthyes",644,"scientific name","Eukaryota","Chordata","Chondrichthyes","Lamniformes","Lamnidae","Lamna","Lamna ditropis"
"RL2501_F088_1_1_MV1","Leuroglossus","Actinopteri",159,"scientific name","Eukaryota","Chordata","Actinopteri","Argentiniformes","Bathylagidae","Leuroglossus",NA
"RL2501_F088_1_1_MV1","Lipolagus ochotensis","Actinopteri",4,"scientific name","Eukaryota","Chordata","Actinopteri","Argentiniformes","Bathylagidae","Lipolagus","Lipolagus ochotensis"
"RL2501_F088_1_1_MV1","Medialuna californiensis","Actinopteri",138,"scientific name","Eukaryota","Chordata","Actinopteri","Centrarchiformes","Kyphosidae","Medialuna","Medialuna californiensis"
"RL2501_F088_1_1_MV1","Oneirodes","Actinopteri",10903,"scientific name","Eukaryota","Chordata","Actinopteri","Lophiiformes","Oneirodidae","Oneirodes",NA
"RL2501_F088_1_1_MV1","Ovis","Mammalia",3,"scientific name","Eukaryota","Chordata","Mammalia","Artiodactyla","Bovidae","Ovis",NA
"RL2501_F088_1_1_MV1","Patiria miniata","Asteroidea",19,"scientific name","Eukaryota","Echinodermata","Asteroidea","Valvatida","Asterinidae","Patiria","Patiria miniata"
"RL2501_F088_1_1_MV1","Peprilus","Actinopteri",54,"scientific name","Eukaryota","Chordata","Actinopteri","Scombriformes","Stromateidae","Peprilus",NA
"RL2501_F088_1_1_MV1","Pisaster","Asteroidea",3,"scientific name","Eukaryota","Echinodermata","Asteroidea","Forcipulatida","Asteriidae","Pisaster",NA
"RL2501_F088_1_1_MV1","Python","Lepidosauria",41,"scientific name","Eukaryota","Chordata","Lepidosauria","Squamata","Pythonidae","Python",NA
"RL2501_F088_1_1_MV1","Sagmatias","Mammalia",79,"scientific name","Eukaryota","Chordata","Mammalia","Artiodactyla","Delphinidae","Sagmatias",NA
"RL2501_F088_1_1_MV1","Sardinops sagax","Actinopteri",108,"scientific name","Eukaryota","Chordata","Actinopteri","Clupeiformes","Clupeidae","Sardinops","Sardinops sagax"
"RL2501_F088_1_1_MV1","Scomber japonicus","Actinopteri",23,"scientific name","Eukaryota","Chordata","Actinopteri","Scombriformes","Scombridae","Scomber","Scomber japonicus"
"RL2501_F088_1_1_MV1","Sebastes","Actinopteri",1835,"scientific name","Eukaryota","Chordata","Actinopteri","Perciformes","Sebastidae","Sebastes",NA
"RL2501_F088_1_1_MV1","Sebastes mystinus","Actinopteri",67,"scientific name","Eukaryota","Chordata","Actinopteri","Perciformes","Sebastidae","Sebastes","Sebastes mystinus"
"RL2501_F088_1_1_MV1","Seriola lalandi","Actinopteri",1896,"scientific name","Eukaryota","Chordata","Actinopteri","Carangiformes","Carangidae","Seriola","Seriola lalandi"
"RL2501_F088_1_1_MV1","Strongylocentrotus purpuratus","Echinoidea",93,"scientific name","Eukaryota","Echinodermata","Echinoidea","Camarodonta","Strongylocentrotidae","Strongylocentrotus","Strongylocentrotus purpuratus"
"RL2501_F088_1_1_MV1","Symbolophorus californiensis","Actinopteri",40,"scientific name","Eukaryota","Chordata","Actinopteri","Myctophiformes","Myctophidae","Symbolophorus","Symbolophorus californiensis"
"RL2501_F088_1_1_MV1","Syngnathus","Actinopteri",2098,"scientific name","Eukaryota","Chordata","Actinopteri","Syngnathiformes","Syngnathidae","Syngnathus",NA
"RL2501_F088_1_1_MV1","Tarletonbeania crenularis","Actinopteri",5,"scientific name","Eukaryota","Chordata","Actinopteri","Myctophiformes","Myctophidae","Tarletonbeania","Tarletonbeania crenularis"
"RL2501_F088_1_1_MV1",NA,NA,7355,NA,NA,NA,NA,NA,NA,NA,NA
"RL2501_F088_1_2_MV1","Astropecten verrilli","Asteroidea",16,"scientific name","Eukaryota","Echinodermata","Asteroidea","Paxillosida","Astropectinidae","Astropecten","Astropecten verrilli"
"RL2501_F088_1_2_MV1","Bathycoccus prasinos","Mamiellophyceae",18,"scientific name","Eukaryota","Chlorophyta","Mamiellophyceae","Mamiellales","Bathycoccaceae","Bathycoccus","Bathycoccus prasinos"
"RL2501_F088_1_2_MV1","Chloropicon roscoffensis","Chloropicophyceae",2,"scientific name","Eukaryota","Chlorophyta","Chloropicophyceae","Chloropicales","Chloropicaceae","Chloropicon","Chloropicon roscoffensis"
"RL2501_F088_1_2_MV1","Cololabis saira","Actinopteri",118,"scientific name","Eukaryota","Chordata","Actinopteri","Beloniformes","Belonidae","Cololabis","Cololabis saira"
"RL2501_F088_1_2_MV1","Homo sapiens","Mammalia",2100,"scientific name","Eukaryota","Chordata","Mammalia","Primates","Hominidae","Homo","Homo sapiens"
"RL2501_F088_1_2_MV1","Prionace glauca","Chondrichthyes",92,"scientific name","Eukaryota","Chordata","Chondrichthyes","Carcharhiniformes","Carcharhinidae","Prionace","Prionace glauca"
"RL2501_F088_1_2_MV1",NA,NA,6226,NA,NA,NA,NA,NA,NA,NA,NA
"RL2501_F088_1_3_MV1","Astropecten verrilli","Asteroidea",13,"scientific name","Eukaryota","Echinodermata","Asteroidea","Paxillosida","Astropectinidae","Astropecten","Astropecten verrilli"
"RL2501_F088_1_3_MV1","Ceratoscopelus","Actinopteri",151,"scientific name","Eukaryota","Chordata","Actinopteri","Myctophiformes","Myctophidae","Ceratoscopelus",NA
"RL2501_F088_1_3_MV1","Cololabis saira","Actinopteri",3163,"scientific name","Eukaryota","Chordata","Actinopteri","Beloniformes","Belonidae","Cololabis","Cololabis saira"
"RL2501_F088_1_3_MV1","Engraulis mordax","Actinopteri",18,"scientific name","Eukaryota","Chordata","Actinopteri","Clupeiformes","Engraulidae","Engraulis","Engraulis mordax"
"RL2501_F088_1_3_MV1","Homo sapiens","Mammalia",7129,"scientific name","Eukaryota","Chordata","Mammalia","Primates","Hominidae","Homo","Homo sapiens"
"RL2501_F088_1_3_MV1","Lamna ditropis","Chondrichthyes",59,"scientific name","Eukaryota","Chordata","Chondrichthyes","Lamniformes","Lamnidae","Lamna","Lamna ditropis"
"RL2501_F088_1_3_MV1","Prionace glauca","Chondrichthyes",380,"scientific name","Eukaryota","Chordata","Chondrichthyes","Carcharhiniformes","Carcharhinidae","Prionace","Prionace glauca"
"RL2501_F088_1_3_MV1","Sebastes","Actinopteri",22,"scientific name","Eukaryota","Chordata","Actinopteri","Perciformes","Sebastidae","Sebastes",NA
"RL2501_F088_1_3_MV1",NA,NA,22047,NA,NA,NA,NA,NA,NA,NA,NA
"RL2501_F088_1_4_MV1","Astropecten verrilli","Asteroidea",27,"scientific name","Eukaryota","Echinodermata","Asteroidea","Paxillosida","Astropectinidae","Astropecten","Astropecten verrilli"
"RL2501_F088_1_4_MV1","Bathycoccus prasinos","Mamiellophyceae",215,"scientific name","Eukaryota","Chlorophyta","Mamiellophyceae","Mamiellales","Bathycoccaceae","Bathycoccus","Bathycoccus prasinos"
"RL2501_F088_1_4_MV1","Cololabis saira","Actinopteri",505,"scientific name","Eukaryota","Chordata","Actinopteri","Beloniformes","Belonidae","Cololabis","Cololabis saira"
"RL2501_F088_1_4_MV1","Engraulis mordax","Actinopteri",487,"scientific name","Eukaryota","Chordata","Actinopteri","Clupeiformes","Engraulidae","Engraulis","Engraulis mordax"
"RL2501_F088_1_4_MV1","Homo sapiens","Mammalia",8145,"scientific name","Eukaryota","Chordata","Mammalia","Primates","Hominidae","Homo","Homo sapiens"
"RL2501_F088_1_4_MV1","Prionace glauca","Chondrichthyes",342,"scientific name","Eukaryota","Chordata","Chondrichthyes","Carcharhiniformes","Carcharhinidae","Prionace","Prionace glauca"
"RL2501_F088_1_4_MV1",NA,NA,34440,NA,NA,NA,NA,NA,NA,NA,NA
"RL2501_F089_1_MV1","Astropecten verrilli","Asteroidea",2773,"scientific name","Eukaryota","Echinodermata","Asteroidea","Paxillosida","Astropectinidae","Astropecten","Astropecten verrilli"
"RL2501_F089_1_MV1","Balaenoptera physalus","Mammalia",428,"scientific name","Eukaryota","Chordata","Mammalia","Artiodactyla","Balaenopteridae","Balaenoptera","Balaenoptera physalus"
"RL2501_F089_1_MV1","Caliraja inornata","Chondrichthyes",9,"scientific name","Eukaryota","Chordata","Chondrichthyes","Rajiformes","Rajidae","Caliraja","Caliraja inornata"
"RL2501_F089_1_MV1","Callorhinus ursinus","Mammalia",13,"scientific name","Eukaryota","Chordata","Mammalia","Carnivora","Otariidae","Callorhinus","Callorhinus ursinus"
"RL2501_F089_1_MV1","Ceratoscopelus","Actinopteri",195,"scientific name","Eukaryota","Chordata","Actinopteri","Myctophiformes","Myctophidae","Ceratoscopelus",NA
"RL2501_F089_1_MV1","Citharichthys sordidus","Actinopteri",41,"scientific name","Eukaryota","Chordata","Actinopteri","Pleuronectiformes","Cyclopsettidae","Citharichthys","Citharichthys sordidus"
"RL2501_F089_1_MV1","Cololabis saira","Actinopteri",1374,"scientific name","Eukaryota","Chordata","Actinopteri","Beloniformes","Belonidae","Cololabis","Cololabis saira"
"RL2501_F089_1_MV1","Delphinidae","Mammalia",82,"scientific name","Eukaryota","Chordata","Mammalia","Artiodactyla","Delphinidae",NA,NA
"RL2501_F089_1_MV1","Diaphus theta","Actinopteri",661,"scientific name","Eukaryota","Chordata","Actinopteri","Myctophiformes","Myctophidae","Diaphus","Diaphus theta"
"RL2501_F089_1_MV1","Engraulis mordax","Actinopteri",21521,"scientific name","Eukaryota","Chordata","Actinopteri","Clupeiformes","Engraulidae","Engraulis","Engraulis mordax"
"RL2501_F089_1_MV1","Eschrichtius robustus","Mammalia",29,"scientific name","Eukaryota","Chordata","Mammalia","Artiodactyla","Eschrichtiidae","Eschrichtius","Eschrichtius robustus"
"RL2501_F089_1_MV1","Evadne","Branchiopoda",2,"scientific name","Eukaryota","Arthropoda","Branchiopoda","Diplostraca","Podonidae","Evadne",NA
"RL2501_F089_1_MV1","Gallus","Aves",37,"scientific name","Eukaryota","Chordata","Aves","Galliformes","Phasianidae","Gallus",NA
"RL2501_F089_1_MV1","Hominidae","Mammalia",47,"scientific name","Eukaryota","Chordata","Mammalia","Primates","Hominidae",NA,NA
"RL2501_F089_1_MV1","Homo sapiens","Mammalia",9590,"scientific name","Eukaryota","Chordata","Mammalia","Primates","Hominidae","Homo","Homo sapiens"
"RL2501_F089_1_MV1","Icichthys lockingtoni","Actinopteri",8187,"scientific name","Eukaryota","Chordata","Actinopteri","Scombriformes","Centrolophidae","Icichthys","Icichthys lockingtoni"
"RL2501_F089_1_MV1","Lagenorhynchus obliquidens","Mammalia",73,"synonym","Eukaryota","Chordata","Mammalia","Artiodactyla","Delphinidae","Sagmatias","Sagmatias obliquidens"
"RL2501_F089_1_MV1","Lamna ditropis","Chondrichthyes",33,"scientific name","Eukaryota","Chordata","Chondrichthyes","Lamniformes","Lamnidae","Lamna","Lamna ditropis"
"RL2501_F089_1_MV1","Leuroglossus","Actinopteri",67,"scientific name","Eukaryota","Chordata","Actinopteri","Argentiniformes","Bathylagidae","Leuroglossus",NA
"RL2501_F089_1_MV1","Luidia foliolata","Asteroidea",67,"scientific name","Eukaryota","Echinodermata","Asteroidea","Paxillosida","Luidiidae","Luidia","Luidia foliolata"
"RL2501_F089_1_MV1","Medialuna californiensis","Actinopteri",63,"scientific name","Eukaryota","Chordata","Actinopteri","Centrarchiformes","Kyphosidae","Medialuna","Medialuna californiensis"
"RL2501_F089_1_MV1","Megaptera novaeangliae","Mammalia",137,"scientific name","Eukaryota","Chordata","Mammalia","Artiodactyla","Balaenopteridae","Megaptera","Megaptera novaeangliae"
"RL2501_F089_1_MV1","Merluccius productus","Actinopteri",884,"scientific name","Eukaryota","Chordata","Actinopteri","Gadiformes","Merlucciidae","Merluccius","Merluccius productus"
"RL2501_F089_1_MV1","Oneirodes","Actinopteri",3424,"scientific name","Eukaryota","Chordata","Actinopteri","Lophiiformes","Oneirodidae","Oneirodes",NA
"RL2501_F089_1_MV1","Orcinus orca","Mammalia",65,"scientific name","Eukaryota","Chordata","Mammalia","Artiodactyla","Delphinidae","Orcinus","Orcinus orca"
"RL2501_F089_1_MV1","Ovis","Mammalia",108,"scientific name","Eukaryota","Chordata","Mammalia","Artiodactyla","Bovidae","Ovis",NA
"RL2501_F089_1_MV1","Patiria miniata","Asteroidea",51,"scientific name","Eukaryota","Echinodermata","Asteroidea","Valvatida","Asterinidae","Patiria","Patiria miniata"
"RL2501_F089_1_MV1","Peprilus","Actinopteri",15,"scientific name","Eukaryota","Chordata","Actinopteri","Scombriformes","Stromateidae","Peprilus",NA
"RL2501_F089_1_MV1","Pisaster","Asteroidea",1140,"scientific name","Eukaryota","Echinodermata","Asteroidea","Forcipulatida","Asteriidae","Pisaster",NA
"RL2501_F089_1_MV1","Python","Lepidosauria",42,"scientific name","Eukaryota","Chordata","Lepidosauria","Squamata","Pythonidae","Python",NA
"RL2501_F089_1_MV1","Sagmatias","Mammalia",46,"scientific name","Eukaryota","Chordata","Mammalia","Artiodactyla","Delphinidae","Sagmatias",NA
"RL2501_F089_1_MV1","Sarda","Actinopteri",7,"scientific name","Eukaryota","Chordata","Actinopteri","Scombriformes","Scombridae","Sarda",NA
"RL2501_F089_1_MV1","Sardinops sagax","Actinopteri",137,"scientific name","Eukaryota","Chordata","Actinopteri","Clupeiformes","Clupeidae","Sardinops","Sardinops sagax"
"RL2501_F089_1_MV1","Scomber japonicus","Actinopteri",32,"scientific name","Eukaryota","Chordata","Actinopteri","Scombriformes","Scombridae","Scomber","Scomber japonicus"
"RL2501_F089_1_MV1","Sebastes","Actinopteri",3064,"scientific name","Eukaryota","Chordata","Actinopteri","Perciformes","Sebastidae","Sebastes",NA
"RL2501_F089_1_MV1","Sebastes mystinus","Actinopteri",83,"scientific name","Eukaryota","Chordata","Actinopteri","Perciformes","Sebastidae","Sebastes","Sebastes mystinus"
"RL2501_F089_1_MV1","Seriola lalandi","Actinopteri",3234,"scientific name","Eukaryota","Chordata","Actinopteri","Carangiformes","Carangidae","Seriola","Seriola lalandi"
"RL2501_F089_1_MV1","Stenella coeruleoalba","Mammalia",922,"scientific name","Eukaryota","Chordata","Mammalia","Artiodactyla","Delphinidae","Stenella","Stenella coeruleoalba"
"RL2501_F089_1_MV1","Stenobrachius leucopsarus","Actinopteri",561,"scientific name","Eukaryota","Chordata","Actinopteri","Myctophiformes","Myctophidae","Stenobrachius","Stenobrachius leucopsarus"
"RL2501_F089_1_MV1","Strongylocentrotus purpuratus","Echinoidea",1507,"scientific name","Eukaryota","Echinodermata","Echinoidea","Camarodonta","Strongylocentrotidae","Strongylocentrotus","Strongylocentrotus purpuratus"
"RL2501_F089_1_MV1","Sus scrofa","Mammalia",17,"scientific name","Eukaryota","Chordata","Mammalia","Artiodactyla","Suidae","Sus","Sus scrofa"
"RL2501_F089_1_MV1","Symbolophorus californiensis","Actinopteri",53464,"scientific name","Eukaryota","Chordata","Actinopteri","Myctophiformes","Myctophidae","Symbolophorus","Symbolophorus californiensis"
"RL2501_F089_1_MV1","Syngnathus","Actinopteri",5550,"scientific name","Eukaryota","Chordata","Actinopteri","Syngnathiformes","Syngnathidae","Syngnathus",NA
"RL2501_F089_1_MV1","Tarletonbeania crenularis","Actinopteri",141,"scientific name","Eukaryota","Chordata","Actinopteri","Myctophiformes","Myctophidae","Tarletonbeania","Tarletonbeania crenularis"
"RL2501_F089_1_MV1","Trachipterus","Actinopteri",108,"scientific name","Eukaryota","Chordata","Actinopteri","Lampriformes","Trachipteridae","Trachipterus",NA
"RL2501_F089_1_MV1","Uria","Aves",5,"scientific name","Eukaryota","Chordata","Aves","Charadriiformes","Alcidae","Uria",NA
"RL2501_F089_1_MV1",NA,NA,30307,NA,NA,NA,NA,NA,NA,NA,NA
"RL2501_F089_2_MV1","Artiodactyla","Mammalia",35,"scientific name","Eukaryota","Chordata","Mammalia","Artiodactyla",NA,NA,NA
"RL2501_F089_2_MV1","Astropecten verrilli","Asteroidea",617,"scientific name","Eukaryota","Echinodermata","Asteroidea","Paxillosida","Astropectinidae","Astropecten","Astropecten verrilli"
"RL2501_F089_2_MV1","Ceratoscopelus","Actinopteri",68,"scientific name","Eukaryota","Chordata","Actinopteri","Myctophiformes","Myctophidae","Ceratoscopelus",NA
"RL2501_F089_2_MV1","Diaphus theta","Actinopteri",528,"scientific name","Eukaryota","Chordata","Actinopteri","Myctophiformes","Myctophidae","Diaphus","Diaphus theta"
"RL2501_F089_2_MV1","Engraulis mordax","Actinopteri",10158,"scientific name","Eukaryota","Chordata","Actinopteri","Clupeiformes","Engraulidae","Engraulis","Engraulis mordax"
"RL2501_F089_2_MV1","Evadne","Branchiopoda",2,"scientific name","Eukaryota","Arthropoda","Branchiopoda","Diplostraca","Podonidae","Evadne",NA
"RL2501_F089_2_MV1","Homo sapiens","Mammalia",1545,"scientific name","Eukaryota","Chordata","Mammalia","Primates","Hominidae","Homo","Homo sapiens"
"RL2501_F089_2_MV1","Hypsoblennius jenkinsi","Actinopteri",57,"scientific name","Eukaryota","Chordata","Actinopteri","Blenniiformes","Blenniidae","Hypsoblennius","Hypsoblennius jenkinsi"
"RL2501_F089_2_MV1","Icichthys lockingtoni","Actinopteri",1095,"scientific name","Eukaryota","Chordata","Actinopteri","Scombriformes","Centrolophidae","Icichthys","Icichthys lockingtoni"
"RL2501_F089_2_MV1","Leuroglossus","Actinopteri",404,"scientific name","Eukaryota","Chordata","Actinopteri","Argentiniformes","Bathylagidae","Leuroglossus",NA
"RL2501_F089_2_MV1","Luidia foliolata","Asteroidea",20,"scientific name","Eukaryota","Echinodermata","Asteroidea","Paxillosida","Luidiidae","Luidia","Luidia foliolata"
"RL2501_F089_2_MV1","Oneirodes","Actinopteri",12501,"scientific name","Eukaryota","Chordata","Actinopteri","Lophiiformes","Oneirodidae","Oneirodes",NA
"RL2501_F089_2_MV1","Patiria miniata","Asteroidea",15,"scientific name","Eukaryota","Echinodermata","Asteroidea","Valvatida","Asterinidae","Patiria","Patiria miniata"
"RL2501_F089_2_MV1","Pisaster","Asteroidea",140,"scientific name","Eukaryota","Echinodermata","Asteroidea","Forcipulatida","Asteriidae","Pisaster",NA
"RL2501_F089_2_MV1","Python","Lepidosauria",2,"scientific name","Eukaryota","Chordata","Lepidosauria","Squamata","Pythonidae","Python",NA
"RL2501_F089_2_MV1","Sardinops sagax","Actinopteri",31,"scientific name","Eukaryota","Chordata","Actinopteri","Clupeiformes","Clupeidae","Sardinops","Sardinops sagax"
"RL2501_F089_2_MV1","Scomber japonicus","Actinopteri",75,"scientific name","Eukaryota","Chordata","Actinopteri","Scombriformes","Scombridae","Scomber","Scomber japonicus"
"RL2501_F089_2_MV1","Seriola lalandi","Actinopteri",816,"scientific name","Eukaryota","Chordata","Actinopteri","Carangiformes","Carangidae","Seriola","Seriola lalandi"
"RL2501_F089_2_MV1","Strongylocentrotus purpuratus","Echinoidea",966,"scientific name","Eukaryota","Echinodermata","Echinoidea","Camarodonta","Strongylocentrotidae","Strongylocentrotus","Strongylocentrotus purpuratus"
"RL2501_F089_2_MV1","Symbolophorus californiensis","Actinopteri",35894,"scientific name","Eukaryota","Chordata","Actinopteri","Myctophiformes","Myctophidae","Symbolophorus","Symbolophorus californiensis"
"RL2501_F089_2_MV1","Syngnathus","Actinopteri",600,"scientific name","Eukaryota","Chordata","Actinopteri","Syngnathiformes","Syngnathidae","Syngnathus",NA
"RL2501_F089_2_MV1",NA,NA,21394,NA,NA,NA,NA,NA,NA,NA,NA
"RL2501_F089_3_MV1","Astropecten verrilli","Asteroidea",773,"scientific name","Eukaryota","Echinodermata","Asteroidea","Paxillosida","Astropectinidae","Astropecten","Astropecten verrilli"
"RL2501_F089_3_MV1","Cololabis saira","Actinopteri",344,"scientific name","Eukaryota","Chordata","Actinopteri","Beloniformes","Belonidae","Cololabis","Cololabis saira"
"RL2501_F089_3_MV1","Diaphus theta","Actinopteri",1268,"scientific name","Eukaryota","Chordata","Actinopteri","Myctophiformes","Myctophidae","Diaphus","Diaphus theta"
"RL2501_F089_3_MV1","Engraulis mordax","Actinopteri",16919,"scientific name","Eukaryota","Chordata","Actinopteri","Clupeiformes","Engraulidae","Engraulis","Engraulis mordax"
"RL2501_F089_3_MV1","Homo sapiens","Mammalia",4222,"scientific name","Eukaryota","Chordata","Mammalia","Primates","Hominidae","Homo","Homo sapiens"
"RL2501_F089_3_MV1","Icichthys lockingtoni","Actinopteri",5075,"scientific name","Eukaryota","Chordata","Actinopteri","Scombriformes","Centrolophidae","Icichthys","Icichthys lockingtoni"
"RL2501_F089_3_MV1","Lagenorhynchus obliquidens","Mammalia",60,"synonym","Eukaryota","Chordata","Mammalia","Artiodactyla","Delphinidae","Sagmatias","Sagmatias obliquidens"
"RL2501_F089_3_MV1","Luidia foliolata","Asteroidea",21,"scientific name","Eukaryota","Echinodermata","Asteroidea","Paxillosida","Luidiidae","Luidia","Luidia foliolata"
"RL2501_F089_3_MV1","Merluccius productus","Actinopteri",171,"scientific name","Eukaryota","Chordata","Actinopteri","Gadiformes","Merlucciidae","Merluccius","Merluccius productus"
"RL2501_F089_3_MV1","Myctophidae","Actinopteri",393,"scientific name","Eukaryota","Chordata","Actinopteri","Myctophiformes","Myctophidae",NA,NA
"RL2501_F089_3_MV1","Patiria miniata","Asteroidea",31,"scientific name","Eukaryota","Echinodermata","Asteroidea","Valvatida","Asterinidae","Patiria","Patiria miniata"
"RL2501_F089_3_MV1","Pisaster","Asteroidea",139,"scientific name","Eukaryota","Echinodermata","Asteroidea","Forcipulatida","Asteriidae","Pisaster",NA
"RL2501_F089_3_MV1","Stenella coeruleoalba","Mammalia",66,"scientific name","Eukaryota","Chordata","Mammalia","Artiodactyla","Delphinidae","Stenella","Stenella coeruleoalba"
"RL2501_F089_3_MV1","Strongylocentrotus purpuratus","Echinoidea",1507,"scientific name","Eukaryota","Echinodermata","Echinoidea","Camarodonta","Strongylocentrotidae","Strongylocentrotus","Strongylocentrotus purpuratus"
"RL2501_F089_3_MV1","Symbolophorus californiensis","Actinopteri",51894,"scientific name","Eukaryota","Chordata","Actinopteri","Myctophiformes","Myctophidae","Symbolophorus","Symbolophorus californiensis"
"RL2501_F089_3_MV1",NA,NA,39570,NA,NA,NA,NA,NA,NA,NA,NA
"RL2501_F089_4_MV1","Astropecten verrilli","Asteroidea",765,"scientific name","Eukaryota","Echinodermata","Asteroidea","Paxillosida","Astropectinidae","Astropecten","Astropecten verrilli"
"RL2501_F089_4_MV1","Ceratoscopelus","Actinopteri",470,"scientific name","Eukaryota","Chordata","Actinopteri","Myctophiformes","Myctophidae","Ceratoscopelus",NA
"RL2501_F089_4_MV1","Engraulis mordax","Actinopteri",12144,"scientific name","Eukaryota","Chordata","Actinopteri","Clupeiformes","Engraulidae","Engraulis","Engraulis mordax"
"RL2501_F089_4_MV1","Homo sapiens","Mammalia",5559,"scientific name","Eukaryota","Chordata","Mammalia","Primates","Hominidae","Homo","Homo sapiens"
"RL2501_F089_4_MV1","Icichthys lockingtoni","Actinopteri",5425,"scientific name","Eukaryota","Chordata","Actinopteri","Scombriformes","Centrolophidae","Icichthys","Icichthys lockingtoni"
"RL2501_F089_4_MV1","Luidia foliolata","Asteroidea",17,"scientific name","Eukaryota","Echinodermata","Asteroidea","Paxillosida","Luidiidae","Luidia","Luidia foliolata"
"RL2501_F089_4_MV1","Megaptera novaeangliae","Mammalia",9,"scientific name","Eukaryota","Chordata","Mammalia","Artiodactyla","Balaenopteridae","Megaptera","Megaptera novaeangliae"
"RL2501_F089_4_MV1","Oneirodes","Actinopteri",7,"scientific name","Eukaryota","Chordata","Actinopteri","Lophiiformes","Oneirodidae","Oneirodes",NA
"RL2501_F089_4_MV1","Patiria miniata","Asteroidea",136,"scientific name","Eukaryota","Echinodermata","Asteroidea","Valvatida","Asterinidae","Patiria","Patiria miniata"
"RL2501_F089_4_MV1","Pisaster","Asteroidea",71,"scientific name","Eukaryota","Echinodermata","Asteroidea","Forcipulatida","Asteriidae","Pisaster",NA
"RL2501_F089_4_MV1","Prionace glauca","Chondrichthyes",194,"scientific name","Eukaryota","Chordata","Chondrichthyes","Carcharhiniformes","Carcharhinidae","Prionace","Prionace glauca"
"RL2501_F089_4_MV1","Seriola lalandi","Actinopteri",2,"scientific name","Eukaryota","Chordata","Actinopteri","Carangiformes","Carangidae","Seriola","Seriola lalandi"
"RL2501_F089_4_MV1","Stenella coeruleoalba","Mammalia",252,"scientific name","Eukaryota","Chordata","Mammalia","Artiodactyla","Delphinidae","Stenella","Stenella coeruleoalba"
"RL2501_F089_4_MV1","Strongylocentrotus purpuratus","Echinoidea",944,"scientific name","Eukaryota","Echinodermata","Echinoidea","Camarodonta","Strongylocentrotidae","Strongylocentrotus","Strongylocentrotus purpuratus"
"RL2501_F089_4_MV1","Symbolophorus californiensis","Actinopteri",49319,"scientific name","Eukaryota","Chordata","Actinopteri","Myctophiformes","Myctophidae","Symbolophorus","Symbolophorus californiensis"
"RL2501_F089_4_MV1","Syngnathus","Actinopteri",35,"scientific name","Eukaryota","Chordata","Actinopteri","Syngnathiformes","Syngnathidae","Syngnathus",NA
"RL2501_F089_4_MV1","Tarletonbeania crenularis","Actinopteri",16,"scientific name","Eukaryota","Chordata","Actinopteri","Myctophiformes","Myctophidae","Tarletonbeania","Tarletonbeania crenularis"
"RL2501_F089_4_MV1","Trachipterus","Actinopteri",15,"scientific name","Eukaryota","Chordata","Actinopteri","Lampriformes","Trachipteridae","Trachipterus",NA
"RL2501_F089_4_MV1","Triphoturus mexicanus","Actinopteri",534,"scientific name","Eukaryota","Chordata","Actinopteri","Myctophiformes","Myctophidae","Triphoturus","Triphoturus mexicanus"
"RL2501_F089_4_MV1",NA,NA,45696,NA,NA,NA,NA,NA,NA,NA,NA
"RL2501_F090_1_MV1","Astropecten verrilli","Asteroidea",1647,"scientific name","Eukaryota","Echinodermata","Asteroidea","Paxillosida","Astropectinidae","Astropecten","Astropecten verrilli"
"RL2501_F090_1_MV1","Balaenoptera physalus","Mammalia",468,"scientific name","Eukaryota","Chordata","Mammalia","Artiodactyla","Balaenopteridae","Balaenoptera","Balaenoptera physalus"
"RL2501_F090_1_MV1","Callorhinus ursinus","Mammalia",26,"scientific name","Eukaryota","Chordata","Mammalia","Carnivora","Otariidae","Callorhinus","Callorhinus ursinus"
"RL2501_F090_1_MV1","Ceratoscopelus","Actinopteri",165,"scientific name","Eukaryota","Chordata","Actinopteri","Myctophiformes","Myctophidae","Ceratoscopelus",NA
"RL2501_F090_1_MV1","Citharichthys sordidus","Actinopteri",67,"scientific name","Eukaryota","Chordata","Actinopteri","Pleuronectiformes","Cyclopsettidae","Citharichthys","Citharichthys sordidus"
"RL2501_F090_1_MV1","Cololabis saira","Actinopteri",819,"scientific name","Eukaryota","Chordata","Actinopteri","Beloniformes","Belonidae","Cololabis","Cololabis saira"
"RL2501_F090_1_MV1","Delphinidae","Mammalia",90,"scientific name","Eukaryota","Chordata","Mammalia","Artiodactyla","Delphinidae",NA,NA
"RL2501_F090_1_MV1","Diaphus theta","Actinopteri",378,"scientific name","Eukaryota","Chordata","Actinopteri","Myctophiformes","Myctophidae","Diaphus","Diaphus theta"
"RL2501_F090_1_MV1","Engraulis mordax","Actinopteri",101982,"scientific name","Eukaryota","Chordata","Actinopteri","Clupeiformes","Engraulidae","Engraulis","Engraulis mordax"
"RL2501_F090_1_MV1","Eschrichtius robustus","Mammalia",13,"scientific name","Eukaryota","Chordata","Mammalia","Artiodactyla","Eschrichtiidae","Eschrichtius","Eschrichtius robustus"
"RL2501_F090_1_MV1","Gallus","Aves",94,"scientific name","Eukaryota","Chordata","Aves","Galliformes","Phasianidae","Gallus",NA
"RL2501_F090_1_MV1","Hominidae","Mammalia",39,"scientific name","Eukaryota","Chordata","Mammalia","Primates","Hominidae",NA,NA
"RL2501_F090_1_MV1","Homo sapiens","Mammalia",8922,"scientific name","Eukaryota","Chordata","Mammalia","Primates","Hominidae","Homo","Homo sapiens"
"RL2501_F090_1_MV1","Icichthys lockingtoni","Actinopteri",3270,"scientific name","Eukaryota","Chordata","Actinopteri","Scombriformes","Centrolophidae","Icichthys","Icichthys lockingtoni"
"RL2501_F090_1_MV1","Lagenorhynchus obliquidens","Mammalia",401,"synonym","Eukaryota","Chordata","Mammalia","Artiodactyla","Delphinidae","Sagmatias","Sagmatias obliquidens"
"RL2501_F090_1_MV1","Lamna ditropis","Chondrichthyes",25,"scientific name","Eukaryota","Chordata","Chondrichthyes","Lamniformes","Lamnidae","Lamna","Lamna ditropis"
"RL2501_F090_1_MV1","Leuroglossus","Actinopteri",21,"scientific name","Eukaryota","Chordata","Actinopteri","Argentiniformes","Bathylagidae","Leuroglossus",NA
"RL2501_F090_1_MV1","Lipolagus ochotensis","Actinopteri",8,"scientific name","Eukaryota","Chordata","Actinopteri","Argentiniformes","Bathylagidae","Lipolagus","Lipolagus ochotensis"
"RL2501_F090_1_MV1","Luidia foliolata","Asteroidea",23,"scientific name","Eukaryota","Echinodermata","Asteroidea","Paxillosida","Luidiidae","Luidia","Luidia foliolata"
"RL2501_F090_1_MV1","Medialuna californiensis","Actinopteri",15,"scientific name","Eukaryota","Chordata","Actinopteri","Centrarchiformes","Kyphosidae","Medialuna","Medialuna californiensis"
"RL2501_F090_1_MV1","Megaptera novaeangliae","Mammalia",1050,"scientific name","Eukaryota","Chordata","Mammalia","Artiodactyla","Balaenopteridae","Megaptera","Megaptera novaeangliae"
"RL2501_F090_1_MV1","Merluccius productus","Actinopteri",1005,"scientific name","Eukaryota","Chordata","Actinopteri","Gadiformes","Merlucciidae","Merluccius","Merluccius productus"
"RL2501_F090_1_MV1","Oneirodes","Actinopteri",1557,"scientific name","Eukaryota","Chordata","Actinopteri","Lophiiformes","Oneirodidae","Oneirodes",NA
"RL2501_F090_1_MV1","Orcinus orca","Mammalia",64,"scientific name","Eukaryota","Chordata","Mammalia","Artiodactyla","Delphinidae","Orcinus","Orcinus orca"
"RL2501_F090_1_MV1","Ovis","Mammalia",54,"scientific name","Eukaryota","Chordata","Mammalia","Artiodactyla","Bovidae","Ovis",NA
"RL2501_F090_1_MV1","Patiria miniata","Asteroidea",50,"scientific name","Eukaryota","Echinodermata","Asteroidea","Valvatida","Asterinidae","Patiria","Patiria miniata"
"RL2501_F090_1_MV1","Peprilus","Actinopteri",27,"scientific name","Eukaryota","Chordata","Actinopteri","Scombriformes","Stromateidae","Peprilus",NA
"RL2501_F090_1_MV1","Pisaster","Asteroidea",316,"scientific name","Eukaryota","Echinodermata","Asteroidea","Forcipulatida","Asteriidae","Pisaster",NA
"RL2501_F090_1_MV1","Prionace glauca","Chondrichthyes",3,"scientific name","Eukaryota","Chordata","Chondrichthyes","Carcharhiniformes","Carcharhinidae","Prionace","Prionace glauca"
"RL2501_F090_1_MV1","Python","Lepidosauria",26,"scientific name","Eukaryota","Chordata","Lepidosauria","Squamata","Pythonidae","Python",NA
"RL2501_F090_1_MV1","Sagmatias","Mammalia",37,"scientific name","Eukaryota","Chordata","Mammalia","Artiodactyla","Delphinidae","Sagmatias",NA
"RL2501_F090_1_MV1","Sarda","Actinopteri",36,"scientific name","Eukaryota","Chordata","Actinopteri","Scombriformes","Scombridae","Sarda",NA
"RL2501_F090_1_MV1","Sardinops sagax","Actinopteri",168,"scientific name","Eukaryota","Chordata","Actinopteri","Clupeiformes","Clupeidae","Sardinops","Sardinops sagax"
"RL2501_F090_1_MV1","Scomber japonicus","Actinopteri",37,"scientific name","Eukaryota","Chordata","Actinopteri","Scombriformes","Scombridae","Scomber","Scomber japonicus"
"RL2501_F090_1_MV1","Sebastes","Actinopteri",5393,"scientific name","Eukaryota","Chordata","Actinopteri","Perciformes","Sebastidae","Sebastes",NA
"RL2501_F090_1_MV1","Sebastes mystinus","Actinopteri",71,"scientific name","Eukaryota","Chordata","Actinopteri","Perciformes","Sebastidae","Sebastes","Sebastes mystinus"
"RL2501_F090_1_MV1","Seriola lalandi","Actinopteri",2462,"scientific name","Eukaryota","Chordata","Actinopteri","Carangiformes","Carangidae","Seriola","Seriola lalandi"
"RL2501_F090_1_MV1","Stenella coeruleoalba","Mammalia",738,"scientific name","Eukaryota","Chordata","Mammalia","Artiodactyla","Delphinidae","Stenella","Stenella coeruleoalba"
"RL2501_F090_1_MV1","Stenobrachius leucopsarus","Actinopteri",214,"scientific name","Eukaryota","Chordata","Actinopteri","Myctophiformes","Myctophidae","Stenobrachius","Stenobrachius leucopsarus"
"RL2501_F090_1_MV1","Strongylocentrotus purpuratus","Echinoidea",850,"scientific name","Eukaryota","Echinodermata","Echinoidea","Camarodonta","Strongylocentrotidae","Strongylocentrotus","Strongylocentrotus purpuratus"
"RL2501_F090_1_MV1","Sus scrofa","Mammalia",21,"scientific name","Eukaryota","Chordata","Mammalia","Artiodactyla","Suidae","Sus","Sus scrofa"
"RL2501_F090_1_MV1","Symbolophorus californiensis","Actinopteri",26161,"scientific name","Eukaryota","Chordata","Actinopteri","Myctophiformes","Myctophidae","Symbolophorus","Symbolophorus californiensis"
"RL2501_F090_1_MV1","Syngnathus","Actinopteri",9817,"scientific name","Eukaryota","Chordata","Actinopteri","Syngnathiformes","Syngnathidae","Syngnathus",NA
"RL2501_F090_1_MV1","Tarletonbeania crenularis","Actinopteri",245,"scientific name","Eukaryota","Chordata","Actinopteri","Myctophiformes","Myctophidae","Tarletonbeania","Tarletonbeania crenularis"
"RL2501_F090_1_MV1","Trachipterus","Actinopteri",1106,"scientific name","Eukaryota","Chordata","Actinopteri","Lampriformes","Trachipteridae","Trachipterus",NA
"RL2501_F090_1_MV1","Zalophus californianus","Mammalia",7,"scientific name","Eukaryota","Chordata","Mammalia","Carnivora","Otariidae","Zalophus","Zalophus californianus"
"RL2501_F090_1_MV1",NA,NA,22106,NA,NA,NA,NA,NA,NA,NA,NA
"RL2501_F090_2_MV1","Astropecten verrilli","Asteroidea",995,"scientific name","Eukaryota","Echinodermata","Asteroidea","Paxillosida","Astropectinidae","Astropecten","Astropecten verrilli"
"RL2501_F090_2_MV1","Engraulis mordax","Actinopteri",167084,"scientific name","Eukaryota","Chordata","Actinopteri","Clupeiformes","Engraulidae","Engraulis","Engraulis mordax"
"RL2501_F090_2_MV1","Homo sapiens","Mammalia",1225,"scientific name","Eukaryota","Chordata","Mammalia","Primates","Hominidae","Homo","Homo sapiens"
"RL2501_F090_2_MV1","Lagenorhynchus obliquidens","Mammalia",220,"synonym","Eukaryota","Chordata","Mammalia","Artiodactyla","Delphinidae","Sagmatias","Sagmatias obliquidens"
"RL2501_F090_2_MV1","Megaptera novaeangliae","Mammalia",5171,"scientific name","Eukaryota","Chordata","Mammalia","Artiodactyla","Balaenopteridae","Megaptera","Megaptera novaeangliae"
"RL2501_F090_2_MV1","Patiria miniata","Asteroidea",140,"scientific name","Eukaryota","Echinodermata","Asteroidea","Valvatida","Asterinidae","Patiria","Patiria miniata"
"RL2501_F090_2_MV1","Pisaster","Asteroidea",54,"scientific name","Eukaryota","Echinodermata","Asteroidea","Forcipulatida","Asteriidae","Pisaster",NA
"RL2501_F090_2_MV1","Strongylocentrotus purpuratus","Echinoidea",6,"scientific name","Eukaryota","Echinodermata","Echinoidea","Camarodonta","Strongylocentrotidae","Strongylocentrotus","Strongylocentrotus purpuratus"
"RL2501_F090_2_MV1","Symbolophorus californiensis","Actinopteri",860,"scientific name","Eukaryota","Chordata","Actinopteri","Myctophiformes","Myctophidae","Symbolophorus","Symbolophorus californiensis"
"RL2501_F090_2_MV1","Syngnathus","Actinopteri",1410,"scientific name","Eukaryota","Chordata","Actinopteri","Syngnathiformes","Syngnathidae","Syngnathus",NA
"RL2501_F090_2_MV1",NA,NA,17926,NA,NA,NA,NA,NA,NA,NA,NA
"RL2501_F090_3_MV1","Astropecten verrilli","Asteroidea",355,"scientific name","Eukaryota","Echinodermata","Asteroidea","Paxillosida","Astropectinidae","Astropecten","Astropecten verrilli"
"RL2501_F090_3_MV1","Ceratoscopelus","Actinopteri",23,"scientific name","Eukaryota","Chordata","Actinopteri","Myctophiformes","Myctophidae","Ceratoscopelus",NA
"RL2501_F090_3_MV1","Delphinidae","Mammalia",28,"scientific name","Eukaryota","Chordata","Mammalia","Artiodactyla","Delphinidae",NA,NA
"RL2501_F090_3_MV1","Diaphus theta","Actinopteri",2,"scientific name","Eukaryota","Chordata","Actinopteri","Myctophiformes","Myctophidae","Diaphus","Diaphus theta"
"RL2501_F090_3_MV1","Diogenichthys atlanticus","Actinopteri",8,"scientific name","Eukaryota","Chordata","Actinopteri","Myctophiformes","Myctophidae","Diogenichthys","Diogenichthys atlanticus"
"RL2501_F090_3_MV1","Engraulis mordax","Actinopteri",67594,"scientific name","Eukaryota","Chordata","Actinopteri","Clupeiformes","Engraulidae","Engraulis","Engraulis mordax"
"RL2501_F090_3_MV1","Homo sapiens","Mammalia",235,"scientific name","Eukaryota","Chordata","Mammalia","Primates","Hominidae","Homo","Homo sapiens"
"RL2501_F090_3_MV1","Lagenorhynchus obliquidens","Mammalia",49,"synonym","Eukaryota","Chordata","Mammalia","Artiodactyla","Delphinidae","Sagmatias","Sagmatias obliquidens"
"RL2501_F090_3_MV1","Lampanyctus bristori","Actinopteri",6,"scientific name","Eukaryota","Chordata","Actinopteri","Myctophiformes","Myctophidae","Lampanyctus","Lampanyctus bristori"
"RL2501_F090_3_MV1","Medialuna californiensis","Actinopteri",2,"scientific name","Eukaryota","Chordata","Actinopteri","Centrarchiformes","Kyphosidae","Medialuna","Medialuna californiensis"
"RL2501_F090_3_MV1","Patiria miniata","Asteroidea",36,"scientific name","Eukaryota","Echinodermata","Asteroidea","Valvatida","Asterinidae","Patiria","Patiria miniata"
"RL2501_F090_3_MV1","Phosichthyidae","Actinopteri",5,"scientific name","Eukaryota","Chordata","Actinopteri","Stomiiformes","Phosichthyidae",NA,NA
"RL2501_F090_3_MV1","Sebastes","Actinopteri",328,"scientific name","Eukaryota","Chordata","Actinopteri","Perciformes","Sebastidae","Sebastes",NA
"RL2501_F090_3_MV1","Stenella coeruleoalba","Mammalia",85,"scientific name","Eukaryota","Chordata","Mammalia","Artiodactyla","Delphinidae","Stenella","Stenella coeruleoalba"
"RL2501_F090_3_MV1","Strongylocentrotus purpuratus","Echinoidea",78,"scientific name","Eukaryota","Echinodermata","Echinoidea","Camarodonta","Strongylocentrotidae","Strongylocentrotus","Strongylocentrotus purpuratus"
"RL2501_F090_3_MV1","Syngnathus","Actinopteri",422,"scientific name","Eukaryota","Chordata","Actinopteri","Syngnathiformes","Syngnathidae","Syngnathus",NA
"RL2501_F090_3_MV1",NA,NA,7880,NA,NA,NA,NA,NA,NA,NA,NA
"RL2501_F090_4_MV1","Astropecten verrilli","Asteroidea",652,"scientific name","Eukaryota","Echinodermata","Asteroidea","Paxillosida","Astropectinidae","Astropecten","Astropecten verrilli"
"RL2501_F090_4_MV1","Engraulis mordax","Actinopteri",82739,"scientific name","Eukaryota","Chordata","Actinopteri","Clupeiformes","Engraulidae","Engraulis","Engraulis mordax"
"RL2501_F090_4_MV1","Lagenorhynchus obliquidens","Mammalia",665,"synonym","Eukaryota","Chordata","Mammalia","Artiodactyla","Delphinidae","Sagmatias","Sagmatias obliquidens"
"RL2501_F090_4_MV1","Luidia foliolata","Asteroidea",10,"scientific name","Eukaryota","Echinodermata","Asteroidea","Paxillosida","Luidiidae","Luidia","Luidia foliolata"
"RL2501_F090_4_MV1","Megaptera novaeangliae","Mammalia",905,"scientific name","Eukaryota","Chordata","Mammalia","Artiodactyla","Balaenopteridae","Megaptera","Megaptera novaeangliae"
"RL2501_F090_4_MV1","Patiria miniata","Asteroidea",32,"scientific name","Eukaryota","Echinodermata","Asteroidea","Valvatida","Asterinidae","Patiria","Patiria miniata"
"RL2501_F090_4_MV1","Sebastes","Actinopteri",4,"scientific name","Eukaryota","Chordata","Actinopteri","Perciformes","Sebastidae","Sebastes",NA
"RL2501_F090_4_MV1","Stenella coeruleoalba","Mammalia",366,"scientific name","Eukaryota","Chordata","Mammalia","Artiodactyla","Delphinidae","Stenella","Stenella coeruleoalba"
"RL2501_F090_4_MV1","Syngnathus","Actinopteri",3604,"scientific name","Eukaryota","Chordata","Actinopteri","Syngnathiformes","Syngnathidae","Syngnathus",NA
"RL2501_F090_4_MV1","Tarletonbeania crenularis","Actinopteri",1745,"scientific name","Eukaryota","Chordata","Actinopteri","Myctophiformes","Myctophidae","Tarletonbeania","Tarletonbeania crenularis"
"RL2501_F090_4_MV1","Trachipterus","Actinopteri",1599,"scientific name","Eukaryota","Chordata","Actinopteri","Lampriformes","Trachipteridae","Trachipterus",NA
"RL2501_F090_4_MV1",NA,NA,59023,NA,NA,NA,NA,NA,NA,NA,NA
"RL2501_F091_1_MV1","Astropecten verrilli","Asteroidea",1335,"scientific name","Eukaryota","Echinodermata","Asteroidea","Paxillosida","Astropectinidae","Astropecten","Astropecten verrilli"
"RL2501_F091_1_MV1","Engraulis mordax","Actinopteri",178831,"scientific name","Eukaryota","Chordata","Actinopteri","Clupeiformes","Engraulidae","Engraulis","Engraulis mordax"
"RL2501_F091_1_MV1","Evadne","Branchiopoda",4,"scientific name","Eukaryota","Arthropoda","Branchiopoda","Diplostraca","Podonidae","Evadne",NA
"RL2501_F091_1_MV1","Patiria miniata","Asteroidea",42,"scientific name","Eukaryota","Echinodermata","Asteroidea","Valvatida","Asterinidae","Patiria","Patiria miniata"
"RL2501_F091_1_MV1","Pisaster","Asteroidea",13,"scientific name","Eukaryota","Echinodermata","Asteroidea","Forcipulatida","Asteriidae","Pisaster",NA
"RL2501_F091_1_MV1","Sebastes","Actinopteri",15518,"scientific name","Eukaryota","Chordata","Actinopteri","Perciformes","Sebastidae","Sebastes",NA
"RL2501_F091_1_MV1","Symbolophorus californiensis","Actinopteri",26078,"scientific name","Eukaryota","Chordata","Actinopteri","Myctophiformes","Myctophidae","Symbolophorus","Symbolophorus californiensis"
"RL2501_F091_1_MV1","Syngnathus","Actinopteri",23220,"scientific name","Eukaryota","Chordata","Actinopteri","Syngnathiformes","Syngnathidae","Syngnathus",NA
"RL2501_F091_1_MV1","Zalophus californianus","Mammalia",1583,"scientific name","Eukaryota","Chordata","Mammalia","Carnivora","Otariidae","Zalophus","Zalophus californianus"
"RL2501_F091_1_MV1",NA,NA,9924,NA,NA,NA,NA,NA,NA,NA,NA
"RL2501_F091_2_MV1","Astropecten verrilli","Asteroidea",1392,"scientific name","Eukaryota","Echinodermata","Asteroidea","Paxillosida","Astropectinidae","Astropecten","Astropecten verrilli"
"RL2501_F091_2_MV1","Balaenoptera physalus","Mammalia",2,"scientific name","Eukaryota","Chordata","Mammalia","Artiodactyla","Balaenopteridae","Balaenoptera","Balaenoptera physalus"
"RL2501_F091_2_MV1","Ceratoscopelus","Actinopteri",16,"scientific name","Eukaryota","Chordata","Actinopteri","Myctophiformes","Myctophidae","Ceratoscopelus",NA
"RL2501_F091_2_MV1","Engraulis mordax","Actinopteri",167849,"scientific name","Eukaryota","Chordata","Actinopteri","Clupeiformes","Engraulidae","Engraulis","Engraulis mordax"
"RL2501_F091_2_MV1","Homo sapiens","Mammalia",12,"scientific name","Eukaryota","Chordata","Mammalia","Primates","Hominidae","Homo","Homo sapiens"
"RL2501_F091_2_MV1","Luidia foliolata","Asteroidea",41,"scientific name","Eukaryota","Echinodermata","Asteroidea","Paxillosida","Luidiidae","Luidia","Luidia foliolata"
"RL2501_F091_2_MV1","Merluccius productus","Actinopteri",2,"scientific name","Eukaryota","Chordata","Actinopteri","Gadiformes","Merlucciidae","Merluccius","Merluccius productus"
"RL2501_F091_2_MV1","Patiria miniata","Asteroidea",19,"scientific name","Eukaryota","Echinodermata","Asteroidea","Valvatida","Asterinidae","Patiria","Patiria miniata"
"RL2501_F091_2_MV1","Pisaster","Asteroidea",2,"scientific name","Eukaryota","Echinodermata","Asteroidea","Forcipulatida","Asteriidae","Pisaster",NA
"RL2501_F091_2_MV1","Sebastes","Actinopteri",18137,"scientific name","Eukaryota","Chordata","Actinopteri","Perciformes","Sebastidae","Sebastes",NA
"RL2501_F091_2_MV1","Symbolophorus californiensis","Actinopteri",9009,"scientific name","Eukaryota","Chordata","Actinopteri","Myctophiformes","Myctophidae","Symbolophorus","Symbolophorus californiensis"
"RL2501_F091_2_MV1","Syngnathus","Actinopteri",12815,"scientific name","Eukaryota","Chordata","Actinopteri","Syngnathiformes","Syngnathidae","Syngnathus",NA
"RL2501_F091_2_MV1",NA,NA,45019,NA,NA,NA,NA,NA,NA,NA,NA
"RL2501_F091_3_MV1","Astropecten verrilli","Asteroidea",668,"scientific name","Eukaryota","Echinodermata","Asteroidea","Paxillosida","Astropectinidae","Astropecten","Astropecten verrilli"
"RL2501_F091_3_MV1","Bos taurus","Mammalia",10,"scientific name","Eukaryota","Chordata","Mammalia","Artiodactyla","Bovidae","Bos","Bos taurus"
"RL2501_F091_3_MV1","Ceratoscopelus","Actinopteri",22,"scientific name","Eukaryota","Chordata","Actinopteri","Myctophiformes","Myctophidae","Ceratoscopelus",NA
"RL2501_F091_3_MV1","Citharichthys","Actinopteri",27,"scientific name","Eukaryota","Chordata","Actinopteri","Pleuronectiformes","Cyclopsettidae","Citharichthys",NA
"RL2501_F091_3_MV1","Citharichthys sordidus","Actinopteri",277,"scientific name","Eukaryota","Chordata","Actinopteri","Pleuronectiformes","Cyclopsettidae","Citharichthys","Citharichthys sordidus"
"RL2501_F091_3_MV1","Cyclothone signata","Actinopteri",3,"scientific name","Eukaryota","Chordata","Actinopteri","Stomiiformes","Gonostomatidae","Cyclothone","Cyclothone signata"
"RL2501_F091_3_MV1","Delphinidae","Mammalia",116,"scientific name","Eukaryota","Chordata","Mammalia","Artiodactyla","Delphinidae",NA,NA
"RL2501_F091_3_MV1","Delphinus bairdii","Mammalia",18,"scientific name","Eukaryota","Chordata","Mammalia","Artiodactyla","Delphinidae","Delphinus","Delphinus bairdii"
"RL2501_F091_3_MV1","Engraulis mordax","Actinopteri",31901,"scientific name","Eukaryota","Chordata","Actinopteri","Clupeiformes","Engraulidae","Engraulis","Engraulis mordax"
"RL2501_F091_3_MV1","Homo sapiens","Mammalia",39,"scientific name","Eukaryota","Chordata","Mammalia","Primates","Hominidae","Homo","Homo sapiens"
"RL2501_F091_3_MV1","Hypsoblennius jenkinsi","Actinopteri",2,"scientific name","Eukaryota","Chordata","Actinopteri","Blenniiformes","Blenniidae","Hypsoblennius","Hypsoblennius jenkinsi"
"RL2501_F091_3_MV1","Icichthys lockingtoni","Actinopteri",8,"scientific name","Eukaryota","Chordata","Actinopteri","Scombriformes","Centrolophidae","Icichthys","Icichthys lockingtoni"
"RL2501_F091_3_MV1","Leuroglossus","Actinopteri",3,"scientific name","Eukaryota","Chordata","Actinopteri","Argentiniformes","Bathylagidae","Leuroglossus",NA
"RL2501_F091_3_MV1","Luidia foliolata","Asteroidea",3,"scientific name","Eukaryota","Echinodermata","Asteroidea","Paxillosida","Luidiidae","Luidia","Luidia foliolata"
"RL2501_F091_3_MV1","Merluccius productus","Actinopteri",10,"scientific name","Eukaryota","Chordata","Actinopteri","Gadiformes","Merlucciidae","Merluccius","Merluccius productus"
"RL2501_F091_3_MV1","Mola","Actinopteri",2,"scientific name","Eukaryota","Chordata","Actinopteri","Tetraodontiformes","Molidae","Mola",NA
"RL2501_F091_3_MV1","Oneirodes","Actinopteri",4,"scientific name","Eukaryota","Chordata","Actinopteri","Lophiiformes","Oneirodidae","Oneirodes",NA
"RL2501_F091_3_MV1","Paralichthys californicus","Actinopteri",10,"scientific name","Eukaryota","Chordata","Actinopteri","Pleuronectiformes","Paralichthyidae","Paralichthys","Paralichthys californicus"
"RL2501_F091_3_MV1","Patiria miniata","Asteroidea",7,"scientific name","Eukaryota","Echinodermata","Asteroidea","Valvatida","Asterinidae","Patiria","Patiria miniata"
"RL2501_F091_3_MV1","Pelecanus occidentalis","Aves",1206,"scientific name","Eukaryota","Chordata","Aves","Pelecaniformes","Pelecanidae","Pelecanus","Pelecanus occidentalis"
"RL2501_F091_3_MV1","Phosichthyidae","Actinopteri",56,"scientific name","Eukaryota","Chordata","Actinopteri","Stomiiformes","Phosichthyidae",NA,NA
"RL2501_F091_3_MV1","Pleuronectidae","Actinopteri",7,"scientific name","Eukaryota","Chordata","Actinopteri","Pleuronectiformes","Pleuronectidae",NA,NA
"RL2501_F091_3_MV1","Prionace glauca","Chondrichthyes",3,"scientific name","Eukaryota","Chordata","Chondrichthyes","Carcharhiniformes","Carcharhinidae","Prionace","Prionace glauca"
"RL2501_F091_3_MV1","Sebastes","Actinopteri",2346,"scientific name","Eukaryota","Chordata","Actinopteri","Perciformes","Sebastidae","Sebastes",NA
"RL2501_F091_3_MV1","Seriola lalandi","Actinopteri",3,"scientific name","Eukaryota","Chordata","Actinopteri","Carangiformes","Carangidae","Seriola","Seriola lalandi"
"RL2501_F091_3_MV1","Stenobrachius","Actinopteri",2,"scientific name","Eukaryota","Chordata","Actinopteri","Myctophiformes","Myctophidae","Stenobrachius",NA
"RL2501_F091_3_MV1","Symbolophorus californiensis","Actinopteri",2411,"scientific name","Eukaryota","Chordata","Actinopteri","Myctophiformes","Myctophidae","Symbolophorus","Symbolophorus californiensis"
"RL2501_F091_3_MV1","Syngnathus","Actinopteri",520,"scientific name","Eukaryota","Chordata","Actinopteri","Syngnathiformes","Syngnathidae","Syngnathus",NA
"RL2501_F091_3_MV1","Tarletonbeania crenularis","Actinopteri",892,"scientific name","Eukaryota","Chordata","Actinopteri","Myctophiformes","Myctophidae","Tarletonbeania","Tarletonbeania crenularis"
"RL2501_F091_3_MV1","Tetragonurus cuvieri","Actinopteri",175,"scientific name","Eukaryota","Chordata","Actinopteri","Scombriformes","Tetragonuridae","Tetragonurus","Tetragonurus cuvieri"
"RL2501_F091_3_MV1","Trachurus symmetricus","Actinopteri",6,"scientific name","Eukaryota","Chordata","Actinopteri","Carangiformes","Carangidae","Trachurus","Trachurus symmetricus"
"RL2501_F091_3_MV1","Zalophus californianus","Mammalia",877,"scientific name","Eukaryota","Chordata","Mammalia","Carnivora","Otariidae","Zalophus","Zalophus californianus"
"RL2501_F091_3_MV1",NA,NA,24085,NA,NA,NA,NA,NA,NA,NA,NA
"RL2501_F091_4_MV1","Astropecten verrilli","Asteroidea",897,"scientific name","Eukaryota","Echinodermata","Asteroidea","Paxillosida","Astropectinidae","Astropecten","Astropecten verrilli"
"RL2501_F091_4_MV1","Engraulis mordax","Actinopteri",52271,"scientific name","Eukaryota","Chordata","Actinopteri","Clupeiformes","Engraulidae","Engraulis","Engraulis mordax"
"RL2501_F091_4_MV1","Homo sapiens","Mammalia",14,"scientific name","Eukaryota","Chordata","Mammalia","Primates","Hominidae","Homo","Homo sapiens"
"RL2501_F091_4_MV1","Leuroglossus","Actinopteri",2,"scientific name","Eukaryota","Chordata","Actinopteri","Argentiniformes","Bathylagidae","Leuroglossus",NA
"RL2501_F091_4_MV1","Patiria miniata","Asteroidea",60,"scientific name","Eukaryota","Echinodermata","Asteroidea","Valvatida","Asterinidae","Patiria","Patiria miniata"
"RL2501_F091_4_MV1","Sebastes","Actinopteri",6269,"scientific name","Eukaryota","Chordata","Actinopteri","Perciformes","Sebastidae","Sebastes",NA
"RL2501_F091_4_MV1","Symbolophorus californiensis","Actinopteri",4923,"scientific name","Eukaryota","Chordata","Actinopteri","Myctophiformes","Myctophidae","Symbolophorus","Symbolophorus californiensis"
"RL2501_F091_4_MV1","Syngnathus","Actinopteri",1587,"scientific name","Eukaryota","Chordata","Actinopteri","Syngnathiformes","Syngnathidae","Syngnathus",NA
"RL2501_F091_4_MV1",NA,NA,88484,NA,NA,NA,NA,NA,NA,NA,NA
"RL2501_F092_1_MV1","Astropecten verrilli","Asteroidea",4623,"scientific name","Eukaryota","Echinodermata","Asteroidea","Paxillosida","Astropectinidae","Astropecten","Astropecten verrilli"
"RL2501_F092_1_MV1","Beringraja binoculata","Chondrichthyes",811,"scientific name","Eukaryota","Chordata","Chondrichthyes","Rajiformes","Rajidae","Beringraja","Beringraja binoculata"
"RL2501_F092_1_MV1","Engraulis mordax","Actinopteri",24972,"scientific name","Eukaryota","Chordata","Actinopteri","Clupeiformes","Engraulidae","Engraulis","Engraulis mordax"
"RL2501_F092_1_MV1","Evadne","Branchiopoda",53,"scientific name","Eukaryota","Arthropoda","Branchiopoda","Diplostraca","Podonidae","Evadne",NA
"RL2501_F092_1_MV1","Homo sapiens","Mammalia",8454,"scientific name","Eukaryota","Chordata","Mammalia","Primates","Hominidae","Homo","Homo sapiens"
"RL2501_F092_1_MV1","Luidia foliolata","Asteroidea",7,"scientific name","Eukaryota","Echinodermata","Asteroidea","Paxillosida","Luidiidae","Luidia","Luidia foliolata"
"RL2501_F092_1_MV1","Merluccius productus","Actinopteri",2,"scientific name","Eukaryota","Chordata","Actinopteri","Gadiformes","Merlucciidae","Merluccius","Merluccius productus"
"RL2501_F092_1_MV1","Patiria miniata","Asteroidea",100,"scientific name","Eukaryota","Echinodermata","Asteroidea","Valvatida","Asterinidae","Patiria","Patiria miniata"
"RL2501_F092_1_MV1","Sebastes","Actinopteri",7372,"scientific name","Eukaryota","Chordata","Actinopteri","Perciformes","Sebastidae","Sebastes",NA
"RL2501_F092_1_MV1","Strongylocentrotus purpuratus","Echinoidea",1299,"scientific name","Eukaryota","Echinodermata","Echinoidea","Camarodonta","Strongylocentrotidae","Strongylocentrotus","Strongylocentrotus purpuratus"
"RL2501_F092_1_MV1","Symbolophorus californiensis","Actinopteri",5793,"scientific name","Eukaryota","Chordata","Actinopteri","Myctophiformes","Myctophidae","Symbolophorus","Symbolophorus californiensis"
"RL2501_F092_1_MV1",NA,NA,44440,NA,NA,NA,NA,NA,NA,NA,NA
"RL2501_F092_2_MV1","Astropecten verrilli","Asteroidea",2437,"scientific name","Eukaryota","Echinodermata","Asteroidea","Paxillosida","Astropectinidae","Astropecten","Astropecten verrilli"
"RL2501_F092_2_MV1","Balaenoptera physalus","Mammalia",48,"scientific name","Eukaryota","Chordata","Mammalia","Artiodactyla","Balaenopteridae","Balaenoptera","Balaenoptera physalus"
"RL2501_F092_2_MV1","Ceratoscopelus","Actinopteri",434,"scientific name","Eukaryota","Chordata","Actinopteri","Myctophiformes","Myctophidae","Ceratoscopelus",NA
"RL2501_F092_2_MV1","Engraulis mordax","Actinopteri",16900,"scientific name","Eukaryota","Chordata","Actinopteri","Clupeiformes","Engraulidae","Engraulis","Engraulis mordax"
"RL2501_F092_2_MV1","Homo sapiens","Mammalia",2334,"scientific name","Eukaryota","Chordata","Mammalia","Primates","Hominidae","Homo","Homo sapiens"
"RL2501_F092_2_MV1","Lagenorhynchus obliquidens","Mammalia",629,"synonym","Eukaryota","Chordata","Mammalia","Artiodactyla","Delphinidae","Sagmatias","Sagmatias obliquidens"
"RL2501_F092_2_MV1","Luidia foliolata","Asteroidea",26,"scientific name","Eukaryota","Echinodermata","Asteroidea","Paxillosida","Luidiidae","Luidia","Luidia foliolata"
"RL2501_F092_2_MV1","Merluccius productus","Actinopteri",1213,"scientific name","Eukaryota","Chordata","Actinopteri","Gadiformes","Merlucciidae","Merluccius","Merluccius productus"
"RL2501_F092_2_MV1","Prionace glauca","Chondrichthyes",32,"scientific name","Eukaryota","Chordata","Chondrichthyes","Carcharhiniformes","Carcharhinidae","Prionace","Prionace glauca"
"RL2501_F092_2_MV1","Sebastes","Actinopteri",6443,"scientific name","Eukaryota","Chordata","Actinopteri","Perciformes","Sebastidae","Sebastes",NA
"RL2501_F092_2_MV1","Strongylocentrotus purpuratus","Echinoidea",288,"scientific name","Eukaryota","Echinodermata","Echinoidea","Camarodonta","Strongylocentrotidae","Strongylocentrotus","Strongylocentrotus purpuratus"
"RL2501_F092_2_MV1","Symbolophorus californiensis","Actinopteri",4682,"scientific name","Eukaryota","Chordata","Actinopteri","Myctophiformes","Myctophidae","Symbolophorus","Symbolophorus californiensis"
"RL2501_F092_2_MV1","Syngnathus","Actinopteri",369,"scientific name","Eukaryota","Chordata","Actinopteri","Syngnathiformes","Syngnathidae","Syngnathus",NA
"RL2501_F092_2_MV1",NA,NA,37631,NA,NA,NA,NA,NA,NA,NA,NA
"RL2501_F092_3_MV1","Astropecten verrilli","Asteroidea",3704,"scientific name","Eukaryota","Echinodermata","Asteroidea","Paxillosida","Astropectinidae","Astropecten","Astropecten verrilli"
"RL2501_F092_3_MV1","Balaenoptera physalus","Mammalia",13,"scientific name","Eukaryota","Chordata","Mammalia","Artiodactyla","Balaenopteridae","Balaenoptera","Balaenoptera physalus"
"RL2501_F092_3_MV1","Citharichthys sordidus","Actinopteri",576,"scientific name","Eukaryota","Chordata","Actinopteri","Pleuronectiformes","Cyclopsettidae","Citharichthys","Citharichthys sordidus"
"RL2501_F092_3_MV1","Citharichthys stigmaeus","Actinopteri",42,"scientific name","Eukaryota","Chordata","Actinopteri","Pleuronectiformes","Cyclopsettidae","Citharichthys","Citharichthys stigmaeus"
"RL2501_F092_3_MV1","Delphinidae","Mammalia",506,"scientific name","Eukaryota","Chordata","Mammalia","Artiodactyla","Delphinidae",NA,NA
"RL2501_F092_3_MV1","Engraulis mordax","Actinopteri",24083,"scientific name","Eukaryota","Chordata","Actinopteri","Clupeiformes","Engraulidae","Engraulis","Engraulis mordax"
"RL2501_F092_3_MV1","Evadne","Branchiopoda",19,"scientific name","Eukaryota","Arthropoda","Branchiopoda","Diplostraca","Podonidae","Evadne",NA
"RL2501_F092_3_MV1","Homo sapiens","Mammalia",2907,"scientific name","Eukaryota","Chordata","Mammalia","Primates","Hominidae","Homo","Homo sapiens"
"RL2501_F092_3_MV1","Luidia foliolata","Asteroidea",16,"scientific name","Eukaryota","Echinodermata","Asteroidea","Paxillosida","Luidiidae","Luidia","Luidia foliolata"
"RL2501_F092_3_MV1","Ostreococcus sp. lucimarinus","Mamiellophyceae",486,"synonym","Eukaryota","Chlorophyta","Mamiellophyceae","Mamiellales","Bathycoccaceae","Ostreococcus","Ostreococcus sp. 'lucimarinus'"
"RL2501_F092_3_MV1","Patiria miniata","Asteroidea",115,"scientific name","Eukaryota","Echinodermata","Asteroidea","Valvatida","Asterinidae","Patiria","Patiria miniata"
"RL2501_F092_3_MV1","Peprilus","Actinopteri",194,"scientific name","Eukaryota","Chordata","Actinopteri","Scombriformes","Stromateidae","Peprilus",NA
"RL2501_F092_3_MV1","Pisaster","Asteroidea",53,"scientific name","Eukaryota","Echinodermata","Asteroidea","Forcipulatida","Asteriidae","Pisaster",NA
"RL2501_F092_3_MV1","Prionace glauca","Chondrichthyes",3,"scientific name","Eukaryota","Chordata","Chondrichthyes","Carcharhiniformes","Carcharhinidae","Prionace","Prionace glauca"
"RL2501_F092_3_MV1","Sebastes","Actinopteri",11128,"scientific name","Eukaryota","Chordata","Actinopteri","Perciformes","Sebastidae","Sebastes",NA
"RL2501_F092_3_MV1","Stenella coeruleoalba","Mammalia",300,"scientific name","Eukaryota","Chordata","Mammalia","Artiodactyla","Delphinidae","Stenella","Stenella coeruleoalba"
"RL2501_F092_3_MV1","Strongylocentrotus purpuratus","Echinoidea",1324,"scientific name","Eukaryota","Echinodermata","Echinoidea","Camarodonta","Strongylocentrotidae","Strongylocentrotus","Strongylocentrotus purpuratus"
"RL2501_F092_3_MV1","Symbolophorus californiensis","Actinopteri",3126,"scientific name","Eukaryota","Chordata","Actinopteri","Myctophiformes","Myctophidae","Symbolophorus","Symbolophorus californiensis"
"RL2501_F092_3_MV1","Syngnathus","Actinopteri",1226,"scientific name","Eukaryota","Chordata","Actinopteri","Syngnathiformes","Syngnathidae","Syngnathus",NA
"RL2501_F092_3_MV1","Tarletonbeania crenularis","Actinopteri",165,"scientific name","Eukaryota","Chordata","Actinopteri","Myctophiformes","Myctophidae","Tarletonbeania","Tarletonbeania crenularis"
"RL2501_F092_3_MV1",NA,NA,62652,NA,NA,NA,NA,NA,NA,NA,NA
"RL2501_F092_4_MV1","Astropecten verrilli","Asteroidea",898,"scientific name","Eukaryota","Echinodermata","Asteroidea","Paxillosida","Astropectinidae","Astropecten","Astropecten verrilli"
"RL2501_F092_4_MV1","Engraulis mordax","Actinopteri",5633,"scientific name","Eukaryota","Chordata","Actinopteri","Clupeiformes","Engraulidae","Engraulis","Engraulis mordax"
"RL2501_F092_4_MV1","Homo sapiens","Mammalia",1972,"scientific name","Eukaryota","Chordata","Mammalia","Primates","Hominidae","Homo","Homo sapiens"
"RL2501_F092_4_MV1","Luidia foliolata","Asteroidea",2,"scientific name","Eukaryota","Echinodermata","Asteroidea","Paxillosida","Luidiidae","Luidia","Luidia foliolata"
"RL2501_F092_4_MV1","Peprilus","Actinopteri",839,"scientific name","Eukaryota","Chordata","Actinopteri","Scombriformes","Stromateidae","Peprilus",NA
"RL2501_F092_4_MV1","Strongylocentrotus purpuratus","Echinoidea",634,"scientific name","Eukaryota","Echinodermata","Echinoidea","Camarodonta","Strongylocentrotidae","Strongylocentrotus","Strongylocentrotus purpuratus"
"RL2501_F092_4_MV1","Symbolophorus californiensis","Actinopteri",1842,"scientific name","Eukaryota","Chordata","Actinopteri","Myctophiformes","Myctophidae","Symbolophorus","Symbolophorus californiensis"
"RL2501_F092_4_MV1",NA,NA,38193,NA,NA,NA,NA,NA,NA,NA,NA
"RL2501_F093_1_MV1","Astropecten verrilli","Asteroidea",13654,"scientific name","Eukaryota","Echinodermata","Asteroidea","Paxillosida","Astropectinidae","Astropecten","Astropecten verrilli"
"RL2501_F093_1_MV1","Balaenoptera physalus","Mammalia",13,"scientific name","Eukaryota","Chordata","Mammalia","Artiodactyla","Balaenopteridae","Balaenoptera","Balaenoptera physalus"
"RL2501_F093_1_MV1","Delphinidae","Mammalia",2408,"scientific name","Eukaryota","Chordata","Mammalia","Artiodactyla","Delphinidae",NA,NA
"RL2501_F093_1_MV1","Diaphus theta","Actinopteri",7,"scientific name","Eukaryota","Chordata","Actinopteri","Myctophiformes","Myctophidae","Diaphus","Diaphus theta"
"RL2501_F093_1_MV1","Engraulis mordax","Actinopteri",43907,"scientific name","Eukaryota","Chordata","Actinopteri","Clupeiformes","Engraulidae","Engraulis","Engraulis mordax"
"RL2501_F093_1_MV1","Evadne","Branchiopoda",95,"scientific name","Eukaryota","Arthropoda","Branchiopoda","Diplostraca","Podonidae","Evadne",NA
"RL2501_F093_1_MV1","Homo sapiens","Mammalia",5660,"scientific name","Eukaryota","Chordata","Mammalia","Primates","Hominidae","Homo","Homo sapiens"
"RL2501_F093_1_MV1","Lipolagus ochotensis","Actinopteri",10,"scientific name","Eukaryota","Chordata","Actinopteri","Argentiniformes","Bathylagidae","Lipolagus","Lipolagus ochotensis"
"RL2501_F093_1_MV1","Luidia foliolata","Asteroidea",43,"scientific name","Eukaryota","Echinodermata","Asteroidea","Paxillosida","Luidiidae","Luidia","Luidia foliolata"
"RL2501_F093_1_MV1","Oneirodes","Actinopteri",322,"scientific name","Eukaryota","Chordata","Actinopteri","Lophiiformes","Oneirodidae","Oneirodes",NA
"RL2501_F093_1_MV1","Patiria miniata","Asteroidea",730,"scientific name","Eukaryota","Echinodermata","Asteroidea","Valvatida","Asterinidae","Patiria","Patiria miniata"
"RL2501_F093_1_MV1","Peprilus","Actinopteri",3211,"scientific name","Eukaryota","Chordata","Actinopteri","Scombriformes","Stromateidae","Peprilus",NA
"RL2501_F093_1_MV1","Pisaster","Asteroidea",155,"scientific name","Eukaryota","Echinodermata","Asteroidea","Forcipulatida","Asteriidae","Pisaster",NA
"RL2501_F093_1_MV1","Sardinops sagax","Actinopteri",4,"scientific name","Eukaryota","Chordata","Actinopteri","Clupeiformes","Clupeidae","Sardinops","Sardinops sagax"
"RL2501_F093_1_MV1","Sebastes","Actinopteri",35609,"scientific name","Eukaryota","Chordata","Actinopteri","Perciformes","Sebastidae","Sebastes",NA
"RL2501_F093_1_MV1","Seriola lalandi","Actinopteri",29,"scientific name","Eukaryota","Chordata","Actinopteri","Carangiformes","Carangidae","Seriola","Seriola lalandi"
"RL2501_F093_1_MV1","Strongylocentrotus purpuratus","Echinoidea",4589,"scientific name","Eukaryota","Echinodermata","Echinoidea","Camarodonta","Strongylocentrotidae","Strongylocentrotus","Strongylocentrotus purpuratus"
"RL2501_F093_1_MV1","Syngnathus","Actinopteri",68,"scientific name","Eukaryota","Chordata","Actinopteri","Syngnathiformes","Syngnathidae","Syngnathus",NA
"RL2501_F093_1_MV1","Tarletonbeania crenularis","Actinopteri",8,"scientific name","Eukaryota","Chordata","Actinopteri","Myctophiformes","Myctophidae","Tarletonbeania","Tarletonbeania crenularis"
"RL2501_F093_1_MV1",NA,NA,49945,NA,NA,NA,NA,NA,NA,NA,NA
"RL2501_F093_2_MV1","Astropecten verrilli","Asteroidea",9313,"scientific name","Eukaryota","Echinodermata","Asteroidea","Paxillosida","Astropectinidae","Astropecten","Astropecten verrilli"
"RL2501_F093_2_MV1","Citharichthys sordidus","Actinopteri",1054,"scientific name","Eukaryota","Chordata","Actinopteri","Pleuronectiformes","Cyclopsettidae","Citharichthys","Citharichthys sordidus"
"RL2501_F093_2_MV1","Citharichthys xanthostigma","Actinopteri",748,"scientific name","Eukaryota","Chordata","Actinopteri","Pleuronectiformes","Cyclopsettidae","Citharichthys","Citharichthys xanthostigma"
"RL2501_F093_2_MV1","Delphinidae","Mammalia",1472,"scientific name","Eukaryota","Chordata","Mammalia","Artiodactyla","Delphinidae",NA,NA
"RL2501_F093_2_MV1","Engraulis mordax","Actinopteri",30278,"scientific name","Eukaryota","Chordata","Actinopteri","Clupeiformes","Engraulidae","Engraulis","Engraulis mordax"
"RL2501_F093_2_MV1","Evadne","Branchiopoda",25,"scientific name","Eukaryota","Arthropoda","Branchiopoda","Diplostraca","Podonidae","Evadne",NA
"RL2501_F093_2_MV1","Homo sapiens","Mammalia",1770,"scientific name","Eukaryota","Chordata","Mammalia","Primates","Hominidae","Homo","Homo sapiens"
"RL2501_F093_2_MV1","Patiria miniata","Asteroidea",699,"scientific name","Eukaryota","Echinodermata","Asteroidea","Valvatida","Asterinidae","Patiria","Patiria miniata"
"RL2501_F093_2_MV1","Peprilus","Actinopteri",1233,"scientific name","Eukaryota","Chordata","Actinopteri","Scombriformes","Stromateidae","Peprilus",NA
"RL2501_F093_2_MV1","Pisaster","Asteroidea",7,"scientific name","Eukaryota","Echinodermata","Asteroidea","Forcipulatida","Asteriidae","Pisaster",NA
"RL2501_F093_2_MV1","Sebastes","Actinopteri",31720,"scientific name","Eukaryota","Chordata","Actinopteri","Perciformes","Sebastidae","Sebastes",NA
"RL2501_F093_2_MV1","Strongylocentrotus purpuratus","Echinoidea",2017,"scientific name","Eukaryota","Echinodermata","Echinoidea","Camarodonta","Strongylocentrotidae","Strongylocentrotus","Strongylocentrotus purpuratus"
"RL2501_F093_2_MV1",NA,NA,38275,NA,NA,NA,NA,NA,NA,NA,NA
"RL2501_F093_3_MV1","Astropecten verrilli","Asteroidea",6511,"scientific name","Eukaryota","Echinodermata","Asteroidea","Paxillosida","Astropectinidae","Astropecten","Astropecten verrilli"
"RL2501_F093_3_MV1","Balaenoptera physalus","Mammalia",125,"scientific name","Eukaryota","Chordata","Mammalia","Artiodactyla","Balaenopteridae","Balaenoptera","Balaenoptera physalus"
"RL2501_F093_3_MV1","Citharichthys sordidus","Actinopteri",2003,"scientific name","Eukaryota","Chordata","Actinopteri","Pleuronectiformes","Cyclopsettidae","Citharichthys","Citharichthys sordidus"
"RL2501_F093_3_MV1","Citharichthys stigmaeus","Actinopteri",128,"scientific name","Eukaryota","Chordata","Actinopteri","Pleuronectiformes","Cyclopsettidae","Citharichthys","Citharichthys stigmaeus"
"RL2501_F093_3_MV1","Delphinidae","Mammalia",1889,"scientific name","Eukaryota","Chordata","Mammalia","Artiodactyla","Delphinidae",NA,NA
"RL2501_F093_3_MV1","Engraulis mordax","Actinopteri",41701,"scientific name","Eukaryota","Chordata","Actinopteri","Clupeiformes","Engraulidae","Engraulis","Engraulis mordax"
"RL2501_F093_3_MV1","Evadne","Branchiopoda",37,"scientific name","Eukaryota","Arthropoda","Branchiopoda","Diplostraca","Podonidae","Evadne",NA
"RL2501_F093_3_MV1","Homo sapiens","Mammalia",2756,"scientific name","Eukaryota","Chordata","Mammalia","Primates","Hominidae","Homo","Homo sapiens"
"RL2501_F093_3_MV1","Luidia foliolata","Asteroidea",40,"scientific name","Eukaryota","Echinodermata","Asteroidea","Paxillosida","Luidiidae","Luidia","Luidia foliolata"
"RL2501_F093_3_MV1","Ostreococcus sp. lucimarinus","Mamiellophyceae",62,"synonym","Eukaryota","Chlorophyta","Mamiellophyceae","Mamiellales","Bathycoccaceae","Ostreococcus","Ostreococcus sp. 'lucimarinus'"
"RL2501_F093_3_MV1","Patiria miniata","Asteroidea",306,"scientific name","Eukaryota","Echinodermata","Asteroidea","Valvatida","Asterinidae","Patiria","Patiria miniata"
"RL2501_F093_3_MV1","Peprilus","Actinopteri",796,"scientific name","Eukaryota","Chordata","Actinopteri","Scombriformes","Stromateidae","Peprilus",NA
"RL2501_F093_3_MV1","Pisaster","Asteroidea",87,"scientific name","Eukaryota","Echinodermata","Asteroidea","Forcipulatida","Asteriidae","Pisaster",NA
"RL2501_F093_3_MV1","Prionace glauca","Chondrichthyes",27,"scientific name","Eukaryota","Chordata","Chondrichthyes","Carcharhiniformes","Carcharhinidae","Prionace","Prionace glauca"
"RL2501_F093_3_MV1","Sebastes","Actinopteri",36900,"scientific name","Eukaryota","Chordata","Actinopteri","Perciformes","Sebastidae","Sebastes",NA
"RL2501_F093_3_MV1","Sebastes paucispinis","Actinopteri",281,"scientific name","Eukaryota","Chordata","Actinopteri","Perciformes","Sebastidae","Sebastes","Sebastes paucispinis"
"RL2501_F093_3_MV1","Stenella coeruleoalba","Mammalia",212,"scientific name","Eukaryota","Chordata","Mammalia","Artiodactyla","Delphinidae","Stenella","Stenella coeruleoalba"
"RL2501_F093_3_MV1","Strongylocentrotus purpuratus","Echinoidea",3061,"scientific name","Eukaryota","Echinodermata","Echinoidea","Camarodonta","Strongylocentrotidae","Strongylocentrotus","Strongylocentrotus purpuratus"
"RL2501_F093_3_MV1","Symbolophorus californiensis","Actinopteri",435,"scientific name","Eukaryota","Chordata","Actinopteri","Myctophiformes","Myctophidae","Symbolophorus","Symbolophorus californiensis"
"RL2501_F093_3_MV1","Syngnathus","Actinopteri",512,"scientific name","Eukaryota","Chordata","Actinopteri","Syngnathiformes","Syngnathidae","Syngnathus",NA
"RL2501_F093_3_MV1","Tarletonbeania crenularis","Actinopteri",1094,"scientific name","Eukaryota","Chordata","Actinopteri","Myctophiformes","Myctophidae","Tarletonbeania","Tarletonbeania crenularis"
"RL2501_F093_3_MV1",NA,NA,52948,NA,NA,NA,NA,NA,NA,NA,NA
"RL2501_F093_4_MV1","Astropecten verrilli","Asteroidea",3854,"scientific name","Eukaryota","Echinodermata","Asteroidea","Paxillosida","Astropectinidae","Astropecten","Astropecten verrilli"
"RL2501_F093_4_MV1","Citharichthys sordidus","Actinopteri",1809,"scientific name","Eukaryota","Chordata","Actinopteri","Pleuronectiformes","Cyclopsettidae","Citharichthys","Citharichthys sordidus"
"RL2501_F093_4_MV1","Delphinidae","Mammalia",294,"scientific name","Eukaryota","Chordata","Mammalia","Artiodactyla","Delphinidae",NA,NA
"RL2501_F093_4_MV1","Engraulis mordax","Actinopteri",18953,"scientific name","Eukaryota","Chordata","Actinopteri","Clupeiformes","Engraulidae","Engraulis","Engraulis mordax"
"RL2501_F093_4_MV1","Evadne","Branchiopoda",31,"scientific name","Eukaryota","Arthropoda","Branchiopoda","Diplostraca","Podonidae","Evadne",NA
"RL2501_F093_4_MV1","Homo sapiens","Mammalia",1475,"scientific name","Eukaryota","Chordata","Mammalia","Primates","Hominidae","Homo","Homo sapiens"
"RL2501_F093_4_MV1","Patiria miniata","Asteroidea",147,"scientific name","Eukaryota","Echinodermata","Asteroidea","Valvatida","Asterinidae","Patiria","Patiria miniata"
"RL2501_F093_4_MV1","Pisaster","Asteroidea",13,"scientific name","Eukaryota","Echinodermata","Asteroidea","Forcipulatida","Asteriidae","Pisaster",NA
"RL2501_F093_4_MV1","Sebastes","Actinopteri",12761,"scientific name","Eukaryota","Chordata","Actinopteri","Perciformes","Sebastidae","Sebastes",NA
"RL2501_F093_4_MV1","Strongylocentrotus purpuratus","Echinoidea",1109,"scientific name","Eukaryota","Echinodermata","Echinoidea","Camarodonta","Strongylocentrotidae","Strongylocentrotus","Strongylocentrotus purpuratus"
"RL2501_F093_4_MV1","Syngnathus","Actinopteri",612,"scientific name","Eukaryota","Chordata","Actinopteri","Syngnathiformes","Syngnathidae","Syngnathus",NA
"RL2501_F093_4_MV1",NA,NA,40140,NA,NA,NA,NA,NA,NA,NA,NA
"RL2501_F094_1_MV1","Astropecten verrilli","Asteroidea",8065,"scientific name","Eukaryota","Echinodermata","Asteroidea","Paxillosida","Astropectinidae","Astropecten","Astropecten verrilli"
"RL2501_F094_1_MV1","Balaenoptera physalus","Mammalia",2,"scientific name","Eukaryota","Chordata","Mammalia","Artiodactyla","Balaenopteridae","Balaenoptera","Balaenoptera physalus"
"RL2501_F094_1_MV1","Delphinidae","Mammalia",11,"scientific name","Eukaryota","Chordata","Mammalia","Artiodactyla","Delphinidae",NA,NA
"RL2501_F094_1_MV1","Diaphus theta","Actinopteri",3,"scientific name","Eukaryota","Chordata","Actinopteri","Myctophiformes","Myctophidae","Diaphus","Diaphus theta"
"RL2501_F094_1_MV1","Engraulis mordax","Actinopteri",38275,"scientific name","Eukaryota","Chordata","Actinopteri","Clupeiformes","Engraulidae","Engraulis","Engraulis mordax"
"RL2501_F094_1_MV1","Evadne","Branchiopoda",272,"scientific name","Eukaryota","Arthropoda","Branchiopoda","Diplostraca","Podonidae","Evadne",NA
"RL2501_F094_1_MV1","Hominidae","Mammalia",315,"scientific name","Eukaryota","Chordata","Mammalia","Primates","Hominidae",NA,NA
"RL2501_F094_1_MV1","Homo sapiens","Mammalia",7164,"scientific name","Eukaryota","Chordata","Mammalia","Primates","Hominidae","Homo","Homo sapiens"
"RL2501_F094_1_MV1","Lipolagus ochotensis","Actinopteri",2,"scientific name","Eukaryota","Chordata","Actinopteri","Argentiniformes","Bathylagidae","Lipolagus","Lipolagus ochotensis"
"RL2501_F094_1_MV1","Oneirodes","Actinopteri",10,"scientific name","Eukaryota","Chordata","Actinopteri","Lophiiformes","Oneirodidae","Oneirodes",NA
"RL2501_F094_1_MV1","Peprilus","Actinopteri",32,"scientific name","Eukaryota","Chordata","Actinopteri","Scombriformes","Stromateidae","Peprilus",NA
"RL2501_F094_1_MV1","Sebastes","Actinopteri",33857,"scientific name","Eukaryota","Chordata","Actinopteri","Perciformes","Sebastidae","Sebastes",NA
"RL2501_F094_1_MV1","Strongylocentrotus purpuratus","Echinoidea",1000,"scientific name","Eukaryota","Echinodermata","Echinoidea","Camarodonta","Strongylocentrotidae","Strongylocentrotus","Strongylocentrotus purpuratus"
"RL2501_F094_1_MV1","Symbolophorus californiensis","Actinopteri",4,"scientific name","Eukaryota","Chordata","Actinopteri","Myctophiformes","Myctophidae","Symbolophorus","Symbolophorus californiensis"
"RL2501_F094_1_MV1","Syngnathus","Actinopteri",7,"scientific name","Eukaryota","Chordata","Actinopteri","Syngnathiformes","Syngnathidae","Syngnathus",NA
"RL2501_F094_1_MV1","Tarletonbeania crenularis","Actinopteri",4,"scientific name","Eukaryota","Chordata","Actinopteri","Myctophiformes","Myctophidae","Tarletonbeania","Tarletonbeania crenularis"
"RL2501_F094_1_MV1",NA,NA,49461,NA,NA,NA,NA,NA,NA,NA,NA
"RL2501_F094_2_MV1","Astropecten verrilli","Asteroidea",4425,"scientific name","Eukaryota","Echinodermata","Asteroidea","Paxillosida","Astropectinidae","Astropecten","Astropecten verrilli"
"RL2501_F094_2_MV1","Citharichthys sordidus","Actinopteri",320,"scientific name","Eukaryota","Chordata","Actinopteri","Pleuronectiformes","Cyclopsettidae","Citharichthys","Citharichthys sordidus"
"RL2501_F094_2_MV1","Delphinidae","Mammalia",108,"scientific name","Eukaryota","Chordata","Mammalia","Artiodactyla","Delphinidae",NA,NA
"RL2501_F094_2_MV1","Engraulis mordax","Actinopteri",29923,"scientific name","Eukaryota","Chordata","Actinopteri","Clupeiformes","Engraulidae","Engraulis","Engraulis mordax"
"RL2501_F094_2_MV1","Evadne","Branchiopoda",115,"scientific name","Eukaryota","Arthropoda","Branchiopoda","Diplostraca","Podonidae","Evadne",NA
"RL2501_F094_2_MV1","Homo sapiens","Mammalia",4421,"scientific name","Eukaryota","Chordata","Mammalia","Primates","Hominidae","Homo","Homo sapiens"
"RL2501_F094_2_MV1","Sebastes","Actinopteri",24489,"scientific name","Eukaryota","Chordata","Actinopteri","Perciformes","Sebastidae","Sebastes",NA
"RL2501_F094_2_MV1","Strongylocentrotus purpuratus","Echinoidea",547,"scientific name","Eukaryota","Echinodermata","Echinoidea","Camarodonta","Strongylocentrotidae","Strongylocentrotus","Strongylocentrotus purpuratus"
"RL2501_F094_2_MV1","Symbolophorus californiensis","Actinopteri",348,"scientific name","Eukaryota","Chordata","Actinopteri","Myctophiformes","Myctophidae","Symbolophorus","Symbolophorus californiensis"
"RL2501_F094_2_MV1",NA,NA,39481,NA,NA,NA,NA,NA,NA,NA,NA
"RL2501_F094_3_MV1","Astropecten verrilli","Asteroidea",3088,"scientific name","Eukaryota","Echinodermata","Asteroidea","Paxillosida","Astropectinidae","Astropecten","Astropecten verrilli"
"RL2501_F094_3_MV1","Balaenoptera physalus","Mammalia",5,"scientific name","Eukaryota","Chordata","Mammalia","Artiodactyla","Balaenopteridae","Balaenoptera","Balaenoptera physalus"
"RL2501_F094_3_MV1","Citharichthys sordidus","Actinopteri",422,"scientific name","Eukaryota","Chordata","Actinopteri","Pleuronectiformes","Cyclopsettidae","Citharichthys","Citharichthys sordidus"
"RL2501_F094_3_MV1","Citharichthys stigmaeus","Actinopteri",645,"scientific name","Eukaryota","Chordata","Actinopteri","Pleuronectiformes","Cyclopsettidae","Citharichthys","Citharichthys stigmaeus"
"RL2501_F094_3_MV1","Delphinidae","Mammalia",88,"scientific name","Eukaryota","Chordata","Mammalia","Artiodactyla","Delphinidae",NA,NA
"RL2501_F094_3_MV1","Engraulis mordax","Actinopteri",36453,"scientific name","Eukaryota","Chordata","Actinopteri","Clupeiformes","Engraulidae","Engraulis","Engraulis mordax"
"RL2501_F094_3_MV1","Evadne","Branchiopoda",242,"scientific name","Eukaryota","Arthropoda","Branchiopoda","Diplostraca","Podonidae","Evadne",NA
"RL2501_F094_3_MV1","Homo sapiens","Mammalia",1382,"scientific name","Eukaryota","Chordata","Mammalia","Primates","Hominidae","Homo","Homo sapiens"
"RL2501_F094_3_MV1","Ostreococcus sp. lucimarinus","Mamiellophyceae",181,"synonym","Eukaryota","Chlorophyta","Mamiellophyceae","Mamiellales","Bathycoccaceae","Ostreococcus","Ostreococcus sp. 'lucimarinus'"
"RL2501_F094_3_MV1","Patiria miniata","Asteroidea",34,"scientific name","Eukaryota","Echinodermata","Asteroidea","Valvatida","Asterinidae","Patiria","Patiria miniata"
"RL2501_F094_3_MV1","Peprilus","Actinopteri",142,"scientific name","Eukaryota","Chordata","Actinopteri","Scombriformes","Stromateidae","Peprilus",NA
"RL2501_F094_3_MV1","Sebastes","Actinopteri",40924,"scientific name","Eukaryota","Chordata","Actinopteri","Perciformes","Sebastidae","Sebastes",NA
"RL2501_F094_3_MV1","Strongylocentrotus purpuratus","Echinoidea",1198,"scientific name","Eukaryota","Echinodermata","Echinoidea","Camarodonta","Strongylocentrotidae","Strongylocentrotus","Strongylocentrotus purpuratus"
"RL2501_F094_3_MV1","Symbolophorus californiensis","Actinopteri",17,"scientific name","Eukaryota","Chordata","Actinopteri","Myctophiformes","Myctophidae","Symbolophorus","Symbolophorus californiensis"
"RL2501_F094_3_MV1","Syngnathus","Actinopteri",24,"scientific name","Eukaryota","Chordata","Actinopteri","Syngnathiformes","Syngnathidae","Syngnathus",NA
"RL2501_F094_3_MV1","Tarletonbeania crenularis","Actinopteri",27,"scientific name","Eukaryota","Chordata","Actinopteri","Myctophiformes","Myctophidae","Tarletonbeania","Tarletonbeania crenularis"
"RL2501_F094_3_MV1",NA,NA,31480,NA,NA,NA,NA,NA,NA,NA,NA
"RL2501_F094_4_MV1","Astropecten verrilli","Asteroidea",3158,"scientific name","Eukaryota","Echinodermata","Asteroidea","Paxillosida","Astropectinidae","Astropecten","Astropecten verrilli"
"RL2501_F094_4_MV1","Engraulis mordax","Actinopteri",15121,"scientific name","Eukaryota","Chordata","Actinopteri","Clupeiformes","Engraulidae","Engraulis","Engraulis mordax"
"RL2501_F094_4_MV1","Evadne","Branchiopoda",63,"scientific name","Eukaryota","Arthropoda","Branchiopoda","Diplostraca","Podonidae","Evadne",NA
"RL2501_F094_4_MV1","Homo sapiens","Mammalia",2319,"scientific name","Eukaryota","Chordata","Mammalia","Primates","Hominidae","Homo","Homo sapiens"
"RL2501_F094_4_MV1","Ostreococcus sp. lucimarinus","Mamiellophyceae",353,"synonym","Eukaryota","Chlorophyta","Mamiellophyceae","Mamiellales","Bathycoccaceae","Ostreococcus","Ostreococcus sp. 'lucimarinus'"
"RL2501_F094_4_MV1","Paralabrax clathratus","Actinopteri",727,"scientific name","Eukaryota","Chordata","Actinopteri","Perciformes","Serranidae","Paralabrax","Paralabrax clathratus"
"RL2501_F094_4_MV1","Sebastes","Actinopteri",24702,"scientific name","Eukaryota","Chordata","Actinopteri","Perciformes","Sebastidae","Sebastes",NA
"RL2501_F094_4_MV1","Seriola lalandi","Actinopteri",314,"scientific name","Eukaryota","Chordata","Actinopteri","Carangiformes","Carangidae","Seriola","Seriola lalandi"
"RL2501_F094_4_MV1","Strongylocentrotus purpuratus","Echinoidea",824,"scientific name","Eukaryota","Echinodermata","Echinoidea","Camarodonta","Strongylocentrotidae","Strongylocentrotus","Strongylocentrotus purpuratus"
"RL2501_F094_4_MV1","Symbolophorus californiensis","Actinopteri",380,"scientific name","Eukaryota","Chordata","Actinopteri","Myctophiformes","Myctophidae","Symbolophorus","Symbolophorus californiensis"
"RL2501_F094_4_MV1","Syngnathus","Actinopteri",636,"scientific name","Eukaryota","Chordata","Actinopteri","Syngnathiformes","Syngnathidae","Syngnathus",NA
"RL2501_F094_4_MV1",NA,NA,44448,NA,NA,NA,NA,NA,NA,NA,NA
"RL2501_F096_1_MV1","Astropecten verrilli","Asteroidea",422,"scientific name","Eukaryota","Echinodermata","Asteroidea","Paxillosida","Astropectinidae","Astropecten","Astropecten verrilli"
"RL2501_F096_1_MV1","Cololabis saira","Actinopteri",61,"scientific name","Eukaryota","Chordata","Actinopteri","Beloniformes","Belonidae","Cololabis","Cololabis saira"
"RL2501_F096_1_MV1","Delphinidae","Mammalia",42,"scientific name","Eukaryota","Chordata","Mammalia","Artiodactyla","Delphinidae",NA,NA
"RL2501_F096_1_MV1","Diaphus theta","Actinopteri",72,"scientific name","Eukaryota","Chordata","Actinopteri","Myctophiformes","Myctophidae","Diaphus","Diaphus theta"
"RL2501_F096_1_MV1","Engraulis mordax","Actinopteri",23747,"scientific name","Eukaryota","Chordata","Actinopteri","Clupeiformes","Engraulidae","Engraulis","Engraulis mordax"
"RL2501_F096_1_MV1","Evadne","Branchiopoda",3,"scientific name","Eukaryota","Arthropoda","Branchiopoda","Diplostraca","Podonidae","Evadne",NA
"RL2501_F096_1_MV1","Hominidae","Mammalia",538,"scientific name","Eukaryota","Chordata","Mammalia","Primates","Hominidae",NA,NA
"RL2501_F096_1_MV1","Homo sapiens","Mammalia",3319,"scientific name","Eukaryota","Chordata","Mammalia","Primates","Hominidae","Homo","Homo sapiens"
"RL2501_F096_1_MV1","Icichthys lockingtoni","Actinopteri",3,"scientific name","Eukaryota","Chordata","Actinopteri","Scombriformes","Centrolophidae","Icichthys","Icichthys lockingtoni"
"RL2501_F096_1_MV1","Lamna ditropis","Chondrichthyes",3,"scientific name","Eukaryota","Chordata","Chondrichthyes","Lamniformes","Lamnidae","Lamna","Lamna ditropis"
"RL2501_F096_1_MV1","Leuroglossus","Actinopteri",99,"scientific name","Eukaryota","Chordata","Actinopteri","Argentiniformes","Bathylagidae","Leuroglossus",NA
"RL2501_F096_1_MV1","Medialuna californiensis","Actinopteri",94,"scientific name","Eukaryota","Chordata","Actinopteri","Centrarchiformes","Kyphosidae","Medialuna","Medialuna californiensis"
"RL2501_F096_1_MV1","Merluccius productus","Actinopteri",18,"scientific name","Eukaryota","Chordata","Actinopteri","Gadiformes","Merlucciidae","Merluccius","Merluccius productus"
"RL2501_F096_1_MV1","Oneirodes","Actinopteri",7284,"scientific name","Eukaryota","Chordata","Actinopteri","Lophiiformes","Oneirodidae","Oneirodes",NA
"RL2501_F096_1_MV1","Peprilus","Actinopteri",11,"scientific name","Eukaryota","Chordata","Actinopteri","Scombriformes","Stromateidae","Peprilus",NA
"RL2501_F096_1_MV1","Pisaster","Asteroidea",7,"scientific name","Eukaryota","Echinodermata","Asteroidea","Forcipulatida","Asteriidae","Pisaster",NA
"RL2501_F096_1_MV1","Poraniopsis inflata","Asteroidea",3,"scientific name","Eukaryota","Echinodermata","Asteroidea","Valvatida","Poraniidae","Poraniopsis","Poraniopsis inflata"
"RL2501_F096_1_MV1","Python","Lepidosauria",16,"scientific name","Eukaryota","Chordata","Lepidosauria","Squamata","Pythonidae","Python",NA
"RL2501_F096_1_MV1","Sagmatias","Mammalia",1037,"scientific name","Eukaryota","Chordata","Mammalia","Artiodactyla","Delphinidae","Sagmatias",NA
"RL2501_F096_1_MV1","Sardinops sagax","Actinopteri",1484,"scientific name","Eukaryota","Chordata","Actinopteri","Clupeiformes","Clupeidae","Sardinops","Sardinops sagax"
"RL2501_F096_1_MV1","Scomber japonicus","Actinopteri",8,"scientific name","Eukaryota","Chordata","Actinopteri","Scombriformes","Scombridae","Scomber","Scomber japonicus"
"RL2501_F096_1_MV1","Sebastes","Actinopteri",5726,"scientific name","Eukaryota","Chordata","Actinopteri","Perciformes","Sebastidae","Sebastes",NA
"RL2501_F096_1_MV1","Sebastes mystinus","Actinopteri",740,"scientific name","Eukaryota","Chordata","Actinopteri","Perciformes","Sebastidae","Sebastes","Sebastes mystinus"
"RL2501_F096_1_MV1","Seriola lalandi","Actinopteri",580,"scientific name","Eukaryota","Chordata","Actinopteri","Carangiformes","Carangidae","Seriola","Seriola lalandi"
"RL2501_F096_1_MV1","Stenella coeruleoalba","Mammalia",259,"scientific name","Eukaryota","Chordata","Mammalia","Artiodactyla","Delphinidae","Stenella","Stenella coeruleoalba"
"RL2501_F096_1_MV1","Strongylocentrotus purpuratus","Echinoidea",53,"scientific name","Eukaryota","Echinodermata","Echinoidea","Camarodonta","Strongylocentrotidae","Strongylocentrotus","Strongylocentrotus purpuratus"
"RL2501_F096_1_MV1","Symbolophorus californiensis","Actinopteri",305,"scientific name","Eukaryota","Chordata","Actinopteri","Myctophiformes","Myctophidae","Symbolophorus","Symbolophorus californiensis"
"RL2501_F096_1_MV1","Syngnathus","Actinopteri",1102,"scientific name","Eukaryota","Chordata","Actinopteri","Syngnathiformes","Syngnathidae","Syngnathus",NA
"RL2501_F096_1_MV1",NA,NA,17272,NA,NA,NA,NA,NA,NA,NA,NA
"RL2501_F096_2_MV1","Astropecten verrilli","Asteroidea",180,"scientific name","Eukaryota","Echinodermata","Asteroidea","Paxillosida","Astropectinidae","Astropecten","Astropecten verrilli"
"RL2501_F096_2_MV1","Engraulis mordax","Actinopteri",29287,"scientific name","Eukaryota","Chordata","Actinopteri","Clupeiformes","Engraulidae","Engraulis","Engraulis mordax"
"RL2501_F096_2_MV1","Fratercula","Aves",1494,"scientific name","Eukaryota","Chordata","Aves","Charadriiformes","Alcidae","Fratercula",NA
"RL2501_F096_2_MV1","Homo sapiens","Mammalia",828,"scientific name","Eukaryota","Chordata","Mammalia","Primates","Hominidae","Homo","Homo sapiens"
"RL2501_F096_2_MV1","Ovis","Mammalia",6,"scientific name","Eukaryota","Chordata","Mammalia","Artiodactyla","Bovidae","Ovis",NA
"RL2501_F096_2_MV1","Sardinops sagax","Actinopteri",1626,"scientific name","Eukaryota","Chordata","Actinopteri","Clupeiformes","Clupeidae","Sardinops","Sardinops sagax"
"RL2501_F096_2_MV1","Sebastes","Actinopteri",18179,"scientific name","Eukaryota","Chordata","Actinopteri","Perciformes","Sebastidae","Sebastes",NA
"RL2501_F096_2_MV1","Sebastes mystinus","Actinopteri",1757,"scientific name","Eukaryota","Chordata","Actinopteri","Perciformes","Sebastidae","Sebastes","Sebastes mystinus"
"RL2501_F096_2_MV1","Stenella coeruleoalba","Mammalia",1177,"scientific name","Eukaryota","Chordata","Mammalia","Artiodactyla","Delphinidae","Stenella","Stenella coeruleoalba"
"RL2501_F096_2_MV1","Strongylocentrotus purpuratus","Echinoidea",988,"scientific name","Eukaryota","Echinodermata","Echinoidea","Camarodonta","Strongylocentrotidae","Strongylocentrotus","Strongylocentrotus purpuratus"
"RL2501_F096_2_MV1","Syngnathus","Actinopteri",2,"scientific name","Eukaryota","Chordata","Actinopteri","Syngnathiformes","Syngnathidae","Syngnathus",NA
"RL2501_F096_2_MV1",NA,NA,49241,NA,NA,NA,NA,NA,NA,NA,NA
"RL2501_F096_3_MV1","Astropecten verrilli","Asteroidea",54,"scientific name","Eukaryota","Echinodermata","Asteroidea","Paxillosida","Astropectinidae","Astropecten","Astropecten verrilli"
"RL2501_F096_3_MV1","Diaphus theta","Actinopteri",48,"scientific name","Eukaryota","Chordata","Actinopteri","Myctophiformes","Myctophidae","Diaphus","Diaphus theta"
"RL2501_F096_3_MV1","Engraulis mordax","Actinopteri",18843,"scientific name","Eukaryota","Chordata","Actinopteri","Clupeiformes","Engraulidae","Engraulis","Engraulis mordax"
"RL2501_F096_3_MV1","Eschrichtius robustus","Mammalia",25,"scientific name","Eukaryota","Chordata","Mammalia","Artiodactyla","Eschrichtiidae","Eschrichtius","Eschrichtius robustus"
"RL2501_F096_3_MV1","Homo sapiens","Mammalia",1553,"scientific name","Eukaryota","Chordata","Mammalia","Primates","Hominidae","Homo","Homo sapiens"
"RL2501_F096_3_MV1","Mola","Actinopteri",862,"scientific name","Eukaryota","Chordata","Actinopteri","Tetraodontiformes","Molidae","Mola",NA
"RL2501_F096_3_MV1","Ovis","Mammalia",191,"scientific name","Eukaryota","Chordata","Mammalia","Artiodactyla","Bovidae","Ovis",NA
"RL2501_F096_3_MV1","Sardinops sagax","Actinopteri",839,"scientific name","Eukaryota","Chordata","Actinopteri","Clupeiformes","Clupeidae","Sardinops","Sardinops sagax"
"RL2501_F096_3_MV1","Scorpaenichthys marmoratus","Actinopteri",31,"scientific name","Eukaryota","Chordata","Actinopteri","Perciformes","Cottidae","Scorpaenichthys","Scorpaenichthys marmoratus"
"RL2501_F096_3_MV1","Sebastes","Actinopteri",12335,"scientific name","Eukaryota","Chordata","Actinopteri","Perciformes","Sebastidae","Sebastes",NA
"RL2501_F096_3_MV1","Sebastes mystinus","Actinopteri",468,"scientific name","Eukaryota","Chordata","Actinopteri","Perciformes","Sebastidae","Sebastes","Sebastes mystinus"
"RL2501_F096_3_MV1","Stenella coeruleoalba","Mammalia",85,"scientific name","Eukaryota","Chordata","Mammalia","Artiodactyla","Delphinidae","Stenella","Stenella coeruleoalba"
"RL2501_F096_3_MV1","Stenobrachius nannochir","Actinopteri",42,"scientific name","Eukaryota","Chordata","Actinopteri","Myctophiformes","Myctophidae","Stenobrachius","Stenobrachius nannochir"
"RL2501_F096_3_MV1","Strongylocentrotus purpuratus","Echinoidea",451,"scientific name","Eukaryota","Echinodermata","Echinoidea","Camarodonta","Strongylocentrotidae","Strongylocentrotus","Strongylocentrotus purpuratus"
"RL2501_F096_3_MV1","Symbolophorus californiensis","Actinopteri",318,"scientific name","Eukaryota","Chordata","Actinopteri","Myctophiformes","Myctophidae","Symbolophorus","Symbolophorus californiensis"
"RL2501_F096_3_MV1","Tarletonbeania crenularis","Actinopteri",47,"scientific name","Eukaryota","Chordata","Actinopteri","Myctophiformes","Myctophidae","Tarletonbeania","Tarletonbeania crenularis"
"RL2501_F096_3_MV1","Uria","Aves",36,"scientific name","Eukaryota","Chordata","Aves","Charadriiformes","Alcidae","Uria",NA
"RL2501_F096_3_MV1",NA,NA,23062,NA,NA,NA,NA,NA,NA,NA,NA
"RL2501_F096_4_MV1","Astropecten verrilli","Asteroidea",241,"scientific name","Eukaryota","Echinodermata","Asteroidea","Paxillosida","Astropectinidae","Astropecten","Astropecten verrilli"
"RL2501_F096_4_MV1","Chloropicon","Chloropicophyceae",29,"scientific name","Eukaryota","Chlorophyta","Chloropicophyceae","Chloropicales","Chloropicaceae","Chloropicon",NA
"RL2501_F096_4_MV1","Engraulis mordax","Actinopteri",14762,"scientific name","Eukaryota","Chordata","Actinopteri","Clupeiformes","Engraulidae","Engraulis","Engraulis mordax"
"RL2501_F096_4_MV1","Fratercula","Aves",1010,"scientific name","Eukaryota","Chordata","Aves","Charadriiformes","Alcidae","Fratercula",NA
"RL2501_F096_4_MV1","Patiria miniata","Asteroidea",10,"scientific name","Eukaryota","Echinodermata","Asteroidea","Valvatida","Asterinidae","Patiria","Patiria miniata"
"RL2501_F096_4_MV1","Sardinops sagax","Actinopteri",3451,"scientific name","Eukaryota","Chordata","Actinopteri","Clupeiformes","Clupeidae","Sardinops","Sardinops sagax"
"RL2501_F096_4_MV1","Sebastes","Actinopteri",5151,"scientific name","Eukaryota","Chordata","Actinopteri","Perciformes","Sebastidae","Sebastes",NA
"RL2501_F096_4_MV1","Sebastes mystinus","Actinopteri",1244,"scientific name","Eukaryota","Chordata","Actinopteri","Perciformes","Sebastidae","Sebastes","Sebastes mystinus"
"RL2501_F096_4_MV1",NA,NA,28566,NA,NA,NA,NA,NA,NA,NA,NA
"RL2501_F097_1_MV1","Astropecten verrilli","Asteroidea",888,"scientific name","Eukaryota","Echinodermata","Asteroidea","Paxillosida","Astropectinidae","Astropecten","Astropecten verrilli"
"RL2501_F097_1_MV1","Diaphus theta","Actinopteri",5741,"scientific name","Eukaryota","Chordata","Actinopteri","Myctophiformes","Myctophidae","Diaphus","Diaphus theta"
"RL2501_F097_1_MV1","Engraulis mordax","Actinopteri",79503,"scientific name","Eukaryota","Chordata","Actinopteri","Clupeiformes","Engraulidae","Engraulis","Engraulis mordax"
"RL2501_F097_1_MV1","Homo sapiens","Mammalia",12234,"scientific name","Eukaryota","Chordata","Mammalia","Primates","Hominidae","Homo","Homo sapiens"
"RL2501_F097_1_MV1","Icichthys lockingtoni","Actinopteri",3,"scientific name","Eukaryota","Chordata","Actinopteri","Scombriformes","Centrolophidae","Icichthys","Icichthys lockingtoni"
"RL2501_F097_1_MV1","Medialuna californiensis","Actinopteri",3,"scientific name","Eukaryota","Chordata","Actinopteri","Centrarchiformes","Kyphosidae","Medialuna","Medialuna californiensis"
"RL2501_F097_1_MV1","Merluccius productus","Actinopteri",852,"scientific name","Eukaryota","Chordata","Actinopteri","Gadiformes","Merlucciidae","Merluccius","Merluccius productus"
"RL2501_F097_1_MV1","Oneirodes","Actinopteri",93,"scientific name","Eukaryota","Chordata","Actinopteri","Lophiiformes","Oneirodidae","Oneirodes",NA
"RL2501_F097_1_MV1","Patiria miniata","Asteroidea",6,"scientific name","Eukaryota","Echinodermata","Asteroidea","Valvatida","Asterinidae","Patiria","Patiria miniata"
"RL2501_F097_1_MV1","Pisaster","Asteroidea",686,"scientific name","Eukaryota","Echinodermata","Asteroidea","Forcipulatida","Asteriidae","Pisaster",NA
"RL2501_F097_1_MV1","Poraniopsis inflata","Asteroidea",80,"scientific name","Eukaryota","Echinodermata","Asteroidea","Valvatida","Poraniidae","Poraniopsis","Poraniopsis inflata"
"RL2501_F097_1_MV1","Sebastes","Actinopteri",4326,"scientific name","Eukaryota","Chordata","Actinopteri","Perciformes","Sebastidae","Sebastes",NA
"RL2501_F097_1_MV1","Seriola lalandi","Actinopteri",4,"scientific name","Eukaryota","Chordata","Actinopteri","Carangiformes","Carangidae","Seriola","Seriola lalandi"
"RL2501_F097_1_MV1","Strongylocentrotus purpuratus","Echinoidea",1860,"scientific name","Eukaryota","Echinodermata","Echinoidea","Camarodonta","Strongylocentrotidae","Strongylocentrotus","Strongylocentrotus purpuratus"
"RL2501_F097_1_MV1","Symbolophorus californiensis","Actinopteri",17473,"scientific name","Eukaryota","Chordata","Actinopteri","Myctophiformes","Myctophidae","Symbolophorus","Symbolophorus californiensis"
"RL2501_F097_1_MV1","Syngnathus","Actinopteri",9,"scientific name","Eukaryota","Chordata","Actinopteri","Syngnathiformes","Syngnathidae","Syngnathus",NA
"RL2501_F097_1_MV1",NA,NA,47070,NA,NA,NA,NA,NA,NA,NA,NA
"RL2501_F097_2_MV1","Astropecten verrilli","Asteroidea",369,"scientific name","Eukaryota","Echinodermata","Asteroidea","Paxillosida","Astropectinidae","Astropecten","Astropecten verrilli"
"RL2501_F097_2_MV1","Citharichthys sordidus","Actinopteri",123,"scientific name","Eukaryota","Chordata","Actinopteri","Pleuronectiformes","Cyclopsettidae","Citharichthys","Citharichthys sordidus"
"RL2501_F097_2_MV1","Diaphus theta","Actinopteri",1238,"scientific name","Eukaryota","Chordata","Actinopteri","Myctophiformes","Myctophidae","Diaphus","Diaphus theta"
"RL2501_F097_2_MV1","Engraulis mordax","Actinopteri",41876,"scientific name","Eukaryota","Chordata","Actinopteri","Clupeiformes","Engraulidae","Engraulis","Engraulis mordax"
"RL2501_F097_2_MV1","Eschrichtius robustus","Mammalia",43,"scientific name","Eukaryota","Chordata","Mammalia","Artiodactyla","Eschrichtiidae","Eschrichtius","Eschrichtius robustus"
"RL2501_F097_2_MV1","Fratercula","Aves",49,"scientific name","Eukaryota","Chordata","Aves","Charadriiformes","Alcidae","Fratercula",NA
"RL2501_F097_2_MV1","Homo sapiens","Mammalia",8211,"scientific name","Eukaryota","Chordata","Mammalia","Primates","Hominidae","Homo","Homo sapiens"
"RL2501_F097_2_MV1","Ovis","Mammalia",1050,"scientific name","Eukaryota","Chordata","Mammalia","Artiodactyla","Bovidae","Ovis",NA
"RL2501_F097_2_MV1","Phocoenoides dalli","Mammalia",578,"scientific name","Eukaryota","Chordata","Mammalia","Artiodactyla","Phocoenidae","Phocoenoides","Phocoenoides dalli"
"RL2501_F097_2_MV1","Pisaster","Asteroidea",89,"scientific name","Eukaryota","Echinodermata","Asteroidea","Forcipulatida","Asteriidae","Pisaster",NA
"RL2501_F097_2_MV1","Poraniopsis inflata","Asteroidea",20,"scientific name","Eukaryota","Echinodermata","Asteroidea","Valvatida","Poraniidae","Poraniopsis","Poraniopsis inflata"
"RL2501_F097_2_MV1","Sardinops sagax","Actinopteri",58,"scientific name","Eukaryota","Chordata","Actinopteri","Clupeiformes","Clupeidae","Sardinops","Sardinops sagax"
"RL2501_F097_2_MV1","Sebastes","Actinopteri",6318,"scientific name","Eukaryota","Chordata","Actinopteri","Perciformes","Sebastidae","Sebastes",NA
"RL2501_F097_2_MV1","Sebastes mystinus","Actinopteri",173,"scientific name","Eukaryota","Chordata","Actinopteri","Perciformes","Sebastidae","Sebastes","Sebastes mystinus"
"RL2501_F097_2_MV1","Stenella coeruleoalba","Mammalia",45,"scientific name","Eukaryota","Chordata","Mammalia","Artiodactyla","Delphinidae","Stenella","Stenella coeruleoalba"
"RL2501_F097_2_MV1","Strongylocentrotus purpuratus","Echinoidea",269,"scientific name","Eukaryota","Echinodermata","Echinoidea","Camarodonta","Strongylocentrotidae","Strongylocentrotus","Strongylocentrotus purpuratus"
"RL2501_F097_2_MV1","Symbolophorus californiensis","Actinopteri",8370,"scientific name","Eukaryota","Chordata","Actinopteri","Myctophiformes","Myctophidae","Symbolophorus","Symbolophorus californiensis"
"RL2501_F097_2_MV1","Syngnathus","Actinopteri",53,"scientific name","Eukaryota","Chordata","Actinopteri","Syngnathiformes","Syngnathidae","Syngnathus",NA
"RL2501_F097_2_MV1","Uria","Aves",112,"scientific name","Eukaryota","Chordata","Aves","Charadriiformes","Alcidae","Uria",NA
"RL2501_F097_2_MV1",NA,NA,27542,NA,NA,NA,NA,NA,NA,NA,NA
"RL2501_F097_3_MV1","Alosa","Actinopteri",30,"scientific name","Eukaryota","Chordata","Actinopteri","Clupeiformes","Clupeidae","Alosa",NA
"RL2501_F097_3_MV1","Astropecten verrilli","Asteroidea",198,"scientific name","Eukaryota","Echinodermata","Asteroidea","Paxillosida","Astropectinidae","Astropecten","Astropecten verrilli"
"RL2501_F097_3_MV1","Balaenoptera physalus","Mammalia",18,"scientific name","Eukaryota","Chordata","Mammalia","Artiodactyla","Balaenopteridae","Balaenoptera","Balaenoptera physalus"
"RL2501_F097_3_MV1","Clupea pallasii","Actinopteri",93,"scientific name","Eukaryota","Chordata","Actinopteri","Clupeiformes","Clupeidae","Clupea","Clupea pallasii"
"RL2501_F097_3_MV1","Diaphus theta","Actinopteri",1427,"scientific name","Eukaryota","Chordata","Actinopteri","Myctophiformes","Myctophidae","Diaphus","Diaphus theta"
"RL2501_F097_3_MV1","Engraulis mordax","Actinopteri",48833,"scientific name","Eukaryota","Chordata","Actinopteri","Clupeiformes","Engraulidae","Engraulis","Engraulis mordax"
"RL2501_F097_3_MV1","Felis","Mammalia",25,"scientific name","Eukaryota","Chordata","Mammalia","Carnivora","Felidae","Felis",NA
"RL2501_F097_3_MV1","Homo sapiens","Mammalia",5790,"scientific name","Eukaryota","Chordata","Mammalia","Primates","Hominidae","Homo","Homo sapiens"
"RL2501_F097_3_MV1","Luidia foliolata","Asteroidea",3,"scientific name","Eukaryota","Echinodermata","Asteroidea","Paxillosida","Luidiidae","Luidia","Luidia foliolata"
"RL2501_F097_3_MV1","Mola","Actinopteri",45,"scientific name","Eukaryota","Chordata","Actinopteri","Tetraodontiformes","Molidae","Mola",NA
"RL2501_F097_3_MV1","Ovis","Mammalia",2,"scientific name","Eukaryota","Chordata","Mammalia","Artiodactyla","Bovidae","Ovis",NA
"RL2501_F097_3_MV1","Paralichthys californicus","Actinopteri",23,"scientific name","Eukaryota","Chordata","Actinopteri","Pleuronectiformes","Paralichthyidae","Paralichthys","Paralichthys californicus"
"RL2501_F097_3_MV1","Pisaster","Asteroidea",62,"scientific name","Eukaryota","Echinodermata","Asteroidea","Forcipulatida","Asteriidae","Pisaster",NA
"RL2501_F097_3_MV1","Sardinops sagax","Actinopteri",58,"scientific name","Eukaryota","Chordata","Actinopteri","Clupeiformes","Clupeidae","Sardinops","Sardinops sagax"
"RL2501_F097_3_MV1","Sebastes","Actinopteri",15005,"scientific name","Eukaryota","Chordata","Actinopteri","Perciformes","Sebastidae","Sebastes",NA
"RL2501_F097_3_MV1","Sebastes mystinus","Actinopteri",422,"scientific name","Eukaryota","Chordata","Actinopteri","Perciformes","Sebastidae","Sebastes","Sebastes mystinus"
"RL2501_F097_3_MV1","Stenella coeruleoalba","Mammalia",3,"scientific name","Eukaryota","Chordata","Mammalia","Artiodactyla","Delphinidae","Stenella","Stenella coeruleoalba"
"RL2501_F097_3_MV1","Strongylocentrotus purpuratus","Echinoidea",990,"scientific name","Eukaryota","Echinodermata","Echinoidea","Camarodonta","Strongylocentrotidae","Strongylocentrotus","Strongylocentrotus purpuratus"
"RL2501_F097_3_MV1","Symbolophorus californiensis","Actinopteri",9528,"scientific name","Eukaryota","Chordata","Actinopteri","Myctophiformes","Myctophidae","Symbolophorus","Symbolophorus californiensis"
"RL2501_F097_3_MV1","Tarletonbeania crenularis","Actinopteri",282,"scientific name","Eukaryota","Chordata","Actinopteri","Myctophiformes","Myctophidae","Tarletonbeania","Tarletonbeania crenularis"
"RL2501_F097_3_MV1",NA,NA,30112,NA,NA,NA,NA,NA,NA,NA,NA
"RL2501_F097_4_MV1","Astropecten verrilli","Asteroidea",251,"scientific name","Eukaryota","Echinodermata","Asteroidea","Paxillosida","Astropectinidae","Astropecten","Astropecten verrilli"
"RL2501_F097_4_MV1","Ceratoscopelus","Actinopteri",66,"scientific name","Eukaryota","Chordata","Actinopteri","Myctophiformes","Myctophidae","Ceratoscopelus",NA
"RL2501_F097_4_MV1","Cololabis saira","Actinopteri",550,"scientific name","Eukaryota","Chordata","Actinopteri","Beloniformes","Belonidae","Cololabis","Cololabis saira"
"RL2501_F097_4_MV1","Diaphus theta","Actinopteri",336,"scientific name","Eukaryota","Chordata","Actinopteri","Myctophiformes","Myctophidae","Diaphus","Diaphus theta"
"RL2501_F097_4_MV1","Engraulis mordax","Actinopteri",45655,"scientific name","Eukaryota","Chordata","Actinopteri","Clupeiformes","Engraulidae","Engraulis","Engraulis mordax"
"RL2501_F097_4_MV1","Homo sapiens","Mammalia",6341,"scientific name","Eukaryota","Chordata","Mammalia","Primates","Hominidae","Homo","Homo sapiens"
"RL2501_F097_4_MV1","Sebastes","Actinopteri",6499,"scientific name","Eukaryota","Chordata","Actinopteri","Perciformes","Sebastidae","Sebastes",NA
"RL2501_F097_4_MV1","Strongylocentrotus purpuratus","Echinoidea",1105,"scientific name","Eukaryota","Echinodermata","Echinoidea","Camarodonta","Strongylocentrotidae","Strongylocentrotus","Strongylocentrotus purpuratus"
"RL2501_F097_4_MV1","Symbolophorus californiensis","Actinopteri",11353,"scientific name","Eukaryota","Chordata","Actinopteri","Myctophiformes","Myctophidae","Symbolophorus","Symbolophorus californiensis"
"RL2501_F097_4_MV1",NA,NA,41633,NA,NA,NA,NA,NA,NA,NA,NA
"RL2501_F098_1_MV1","Astropecten verrilli","Asteroidea",480,"scientific name","Eukaryota","Echinodermata","Asteroidea","Paxillosida","Astropectinidae","Astropecten","Astropecten verrilli"
"RL2501_F098_1_MV1","Balaenoptera physalus","Mammalia",88,"scientific name","Eukaryota","Chordata","Mammalia","Artiodactyla","Balaenopteridae","Balaenoptera","Balaenoptera physalus"
"RL2501_F098_1_MV1","Callorhinus ursinus","Mammalia",98,"scientific name","Eukaryota","Chordata","Mammalia","Carnivora","Otariidae","Callorhinus","Callorhinus ursinus"
"RL2501_F098_1_MV1","Cololabis saira","Actinopteri",5,"scientific name","Eukaryota","Chordata","Actinopteri","Beloniformes","Belonidae","Cololabis","Cololabis saira"
"RL2501_F098_1_MV1","Delphinidae","Mammalia",416,"scientific name","Eukaryota","Chordata","Mammalia","Artiodactyla","Delphinidae",NA,NA
"RL2501_F098_1_MV1","Diaphus theta","Actinopteri",877,"scientific name","Eukaryota","Chordata","Actinopteri","Myctophiformes","Myctophidae","Diaphus","Diaphus theta"
"RL2501_F098_1_MV1","Engraulis mordax","Actinopteri",57456,"scientific name","Eukaryota","Chordata","Actinopteri","Clupeiformes","Engraulidae","Engraulis","Engraulis mordax"
"RL2501_F098_1_MV1","Gallus","Aves",1166,"scientific name","Eukaryota","Chordata","Aves","Galliformes","Phasianidae","Gallus",NA
"RL2501_F098_1_MV1","Homo sapiens","Mammalia",49609,"scientific name","Eukaryota","Chordata","Mammalia","Primates","Hominidae","Homo","Homo sapiens"
"RL2501_F098_1_MV1","Icichthys lockingtoni","Actinopteri",91,"scientific name","Eukaryota","Chordata","Actinopteri","Scombriformes","Centrolophidae","Icichthys","Icichthys lockingtoni"
"RL2501_F098_1_MV1","Lagenorhynchus obliquidens","Mammalia",107,"synonym","Eukaryota","Chordata","Mammalia","Artiodactyla","Delphinidae","Sagmatias","Sagmatias obliquidens"
"RL2501_F098_1_MV1","Megaptera novaeangliae","Mammalia",294,"scientific name","Eukaryota","Chordata","Mammalia","Artiodactyla","Balaenopteridae","Megaptera","Megaptera novaeangliae"
"RL2501_F098_1_MV1","Merluccius productus","Actinopteri",420,"scientific name","Eukaryota","Chordata","Actinopteri","Gadiformes","Merlucciidae","Merluccius","Merluccius productus"
"RL2501_F098_1_MV1","Oneirodes","Actinopteri",32,"scientific name","Eukaryota","Chordata","Actinopteri","Lophiiformes","Oneirodidae","Oneirodes",NA
"RL2501_F098_1_MV1","Orcinus orca","Mammalia",1175,"scientific name","Eukaryota","Chordata","Mammalia","Artiodactyla","Delphinidae","Orcinus","Orcinus orca"
"RL2501_F098_1_MV1","Pisaster","Asteroidea",99,"scientific name","Eukaryota","Echinodermata","Asteroidea","Forcipulatida","Asteriidae","Pisaster",NA
"RL2501_F098_1_MV1","Poraniopsis inflata","Asteroidea",9,"scientific name","Eukaryota","Echinodermata","Asteroidea","Valvatida","Poraniidae","Poraniopsis","Poraniopsis inflata"
"RL2501_F098_1_MV1","Sebastes","Actinopteri",8586,"scientific name","Eukaryota","Chordata","Actinopteri","Perciformes","Sebastidae","Sebastes",NA
"RL2501_F098_1_MV1","Sebastes mystinus","Actinopteri",71,"scientific name","Eukaryota","Chordata","Actinopteri","Perciformes","Sebastidae","Sebastes","Sebastes mystinus"
"RL2501_F098_1_MV1","Seriola lalandi","Actinopteri",2,"scientific name","Eukaryota","Chordata","Actinopteri","Carangiformes","Carangidae","Seriola","Seriola lalandi"
"RL2501_F098_1_MV1","Stenella coeruleoalba","Mammalia",7882,"scientific name","Eukaryota","Chordata","Mammalia","Artiodactyla","Delphinidae","Stenella","Stenella coeruleoalba"
"RL2501_F098_1_MV1","Stenobrachius leucopsarus","Actinopteri",78,"scientific name","Eukaryota","Chordata","Actinopteri","Myctophiformes","Myctophidae","Stenobrachius","Stenobrachius leucopsarus"
"RL2501_F098_1_MV1","Strongylocentrotus purpuratus","Echinoidea",2018,"scientific name","Eukaryota","Echinodermata","Echinoidea","Camarodonta","Strongylocentrotidae","Strongylocentrotus","Strongylocentrotus purpuratus"
"RL2501_F098_1_MV1","Symbolophorus californiensis","Actinopteri",5558,"scientific name","Eukaryota","Chordata","Actinopteri","Myctophiformes","Myctophidae","Symbolophorus","Symbolophorus californiensis"
"RL2501_F098_1_MV1","Syngnathus","Actinopteri",560,"scientific name","Eukaryota","Chordata","Actinopteri","Syngnathiformes","Syngnathidae","Syngnathus",NA
"RL2501_F098_1_MV1","Tarletonbeania crenularis","Actinopteri",2952,"scientific name","Eukaryota","Chordata","Actinopteri","Myctophiformes","Myctophidae","Tarletonbeania","Tarletonbeania crenularis"
"RL2501_F098_1_MV1","Trachipterus","Actinopteri",251,"scientific name","Eukaryota","Chordata","Actinopteri","Lampriformes","Trachipteridae","Trachipterus",NA
"RL2501_F098_1_MV1",NA,NA,28799,NA,NA,NA,NA,NA,NA,NA,NA
"RL2501_F098_2_MV1","Astropecten verrilli","Asteroidea",97,"scientific name","Eukaryota","Echinodermata","Asteroidea","Paxillosida","Astropectinidae","Astropecten","Astropecten verrilli"
"RL2501_F098_2_MV1","Diaphus theta","Actinopteri",1882,"scientific name","Eukaryota","Chordata","Actinopteri","Myctophiformes","Myctophidae","Diaphus","Diaphus theta"
"RL2501_F098_2_MV1","Engraulis mordax","Actinopteri",22490,"scientific name","Eukaryota","Chordata","Actinopteri","Clupeiformes","Engraulidae","Engraulis","Engraulis mordax"
"RL2501_F098_2_MV1","Homo sapiens","Mammalia",43120,"scientific name","Eukaryota","Chordata","Mammalia","Primates","Hominidae","Homo","Homo sapiens"
"RL2501_F098_2_MV1","Icichthys lockingtoni","Actinopteri",471,"scientific name","Eukaryota","Chordata","Actinopteri","Scombriformes","Centrolophidae","Icichthys","Icichthys lockingtoni"
"RL2501_F098_2_MV1","Sebastes","Actinopteri",1960,"scientific name","Eukaryota","Chordata","Actinopteri","Perciformes","Sebastidae","Sebastes",NA
"RL2501_F098_2_MV1","Stenella coeruleoalba","Mammalia",3200,"scientific name","Eukaryota","Chordata","Mammalia","Artiodactyla","Delphinidae","Stenella","Stenella coeruleoalba"
"RL2501_F098_2_MV1","Strongylocentrotus purpuratus","Echinoidea",751,"scientific name","Eukaryota","Echinodermata","Echinoidea","Camarodonta","Strongylocentrotidae","Strongylocentrotus","Strongylocentrotus purpuratus"
"RL2501_F098_2_MV1","Symbolophorus californiensis","Actinopteri",964,"scientific name","Eukaryota","Chordata","Actinopteri","Myctophiformes","Myctophidae","Symbolophorus","Symbolophorus californiensis"
"RL2501_F098_2_MV1","Tarletonbeania crenularis","Actinopteri",6029,"scientific name","Eukaryota","Chordata","Actinopteri","Myctophiformes","Myctophidae","Tarletonbeania","Tarletonbeania crenularis"
"RL2501_F098_2_MV1","Trachurus symmetricus","Actinopteri",2700,"scientific name","Eukaryota","Chordata","Actinopteri","Carangiformes","Carangidae","Trachurus","Trachurus symmetricus"
"RL2501_F098_2_MV1",NA,NA,31592,NA,NA,NA,NA,NA,NA,NA,NA
"RL2501_F098_3_MV1","Astropecten verrilli","Asteroidea",3,"scientific name","Eukaryota","Echinodermata","Asteroidea","Paxillosida","Astropectinidae","Astropecten","Astropecten verrilli"
"RL2501_F098_3_MV1","Bathycoccus prasinos","Mamiellophyceae",8,"scientific name","Eukaryota","Chlorophyta","Mamiellophyceae","Mamiellales","Bathycoccaceae","Bathycoccus","Bathycoccus prasinos"
"RL2501_F098_3_MV1","Engraulis mordax","Actinopteri",5236,"scientific name","Eukaryota","Chordata","Actinopteri","Clupeiformes","Engraulidae","Engraulis","Engraulis mordax"
"RL2501_F098_3_MV1","Homo sapiens","Mammalia",13421,"scientific name","Eukaryota","Chordata","Mammalia","Primates","Hominidae","Homo","Homo sapiens"
"RL2501_F098_3_MV1","Pisaster","Asteroidea",16,"scientific name","Eukaryota","Echinodermata","Asteroidea","Forcipulatida","Asteriidae","Pisaster",NA
"RL2501_F098_3_MV1","Sebastes","Actinopteri",568,"scientific name","Eukaryota","Chordata","Actinopteri","Perciformes","Sebastidae","Sebastes",NA
"RL2501_F098_3_MV1","Stenella coeruleoalba","Mammalia",667,"scientific name","Eukaryota","Chordata","Mammalia","Artiodactyla","Delphinidae","Stenella","Stenella coeruleoalba"
"RL2501_F098_3_MV1","Strongylocentrotus purpuratus","Echinoidea",383,"scientific name","Eukaryota","Echinodermata","Echinoidea","Camarodonta","Strongylocentrotidae","Strongylocentrotus","Strongylocentrotus purpuratus"
"RL2501_F098_3_MV1","Symbolophorus californiensis","Actinopteri",223,"scientific name","Eukaryota","Chordata","Actinopteri","Myctophiformes","Myctophidae","Symbolophorus","Symbolophorus californiensis"
"RL2501_F098_3_MV1","Tarletonbeania crenularis","Actinopteri",837,"scientific name","Eukaryota","Chordata","Actinopteri","Myctophiformes","Myctophidae","Tarletonbeania","Tarletonbeania crenularis"
"RL2501_F098_3_MV1",NA,NA,9029,NA,NA,NA,NA,NA,NA,NA,NA
"RL2501_F098_4_MV1","Astropecten verrilli","Asteroidea",72,"scientific name","Eukaryota","Echinodermata","Asteroidea","Paxillosida","Astropectinidae","Astropecten","Astropecten verrilli"
"RL2501_F098_4_MV1","Ceratoscopelus","Actinopteri",5,"scientific name","Eukaryota","Chordata","Actinopteri","Myctophiformes","Myctophidae","Ceratoscopelus",NA
"RL2501_F098_4_MV1","Cololabis saira","Actinopteri",2,"scientific name","Eukaryota","Chordata","Actinopteri","Beloniformes","Belonidae","Cololabis","Cololabis saira"
"RL2501_F098_4_MV1","Delphinidae","Mammalia",49,"scientific name","Eukaryota","Chordata","Mammalia","Artiodactyla","Delphinidae",NA,NA
"RL2501_F098_4_MV1","Diaphus theta","Actinopteri",1835,"scientific name","Eukaryota","Chordata","Actinopteri","Myctophiformes","Myctophidae","Diaphus","Diaphus theta"
"RL2501_F098_4_MV1","Engraulis mordax","Actinopteri",16134,"scientific name","Eukaryota","Chordata","Actinopteri","Clupeiformes","Engraulidae","Engraulis","Engraulis mordax"
"RL2501_F098_4_MV1","Homo sapiens","Mammalia",29397,"scientific name","Eukaryota","Chordata","Mammalia","Primates","Hominidae","Homo","Homo sapiens"
"RL2501_F098_4_MV1","Mirounga angustirostris","Mammalia",4,"scientific name","Eukaryota","Chordata","Mammalia","Carnivora","Phocidae","Mirounga","Mirounga angustirostris"
"RL2501_F098_4_MV1","Paralichthys californicus","Actinopteri",3,"scientific name","Eukaryota","Chordata","Actinopteri","Pleuronectiformes","Paralichthyidae","Paralichthys","Paralichthys californicus"
"RL2501_F098_4_MV1","Pisaster","Asteroidea",77,"scientific name","Eukaryota","Echinodermata","Asteroidea","Forcipulatida","Asteriidae","Pisaster",NA
"RL2501_F098_4_MV1","Sebastes","Actinopteri",489,"scientific name","Eukaryota","Chordata","Actinopteri","Perciformes","Sebastidae","Sebastes",NA
"RL2501_F098_4_MV1","Stenella coeruleoalba","Mammalia",3312,"scientific name","Eukaryota","Chordata","Mammalia","Artiodactyla","Delphinidae","Stenella","Stenella coeruleoalba"
"RL2501_F098_4_MV1","Strongylocentrotus purpuratus","Echinoidea",181,"scientific name","Eukaryota","Echinodermata","Echinoidea","Camarodonta","Strongylocentrotidae","Strongylocentrotus","Strongylocentrotus purpuratus"
"RL2501_F098_4_MV1","Symbolophorus californiensis","Actinopteri",1755,"scientific name","Eukaryota","Chordata","Actinopteri","Myctophiformes","Myctophidae","Symbolophorus","Symbolophorus californiensis"
"RL2501_F098_4_MV1","Syngnathus","Actinopteri",28,"scientific name","Eukaryota","Chordata","Actinopteri","Syngnathiformes","Syngnathidae","Syngnathus",NA
"RL2501_F098_4_MV1","Tarletonbeania crenularis","Actinopteri",8679,"scientific name","Eukaryota","Chordata","Actinopteri","Myctophiformes","Myctophidae","Tarletonbeania","Tarletonbeania crenularis"
"RL2501_F098_4_MV1","Trachurus symmetricus","Actinopteri",2,"scientific name","Eukaryota","Chordata","Actinopteri","Carangiformes","Carangidae","Trachurus","Trachurus symmetricus"
"RL2501_F098_4_MV1",NA,NA,34257,NA,NA,NA,NA,NA,NA,NA,NA
"RL2501_F121_1_MV1","Astropecten verrilli","Asteroidea",7,"scientific name","Eukaryota","Echinodermata","Asteroidea","Paxillosida","Astropectinidae","Astropecten","Astropecten verrilli"
"RL2501_F121_1_MV1","Diaphus theta","Actinopteri",2435,"scientific name","Eukaryota","Chordata","Actinopteri","Myctophiformes","Myctophidae","Diaphus","Diaphus theta"
"RL2501_F121_1_MV1","Engraulis mordax","Actinopteri",4430,"scientific name","Eukaryota","Chordata","Actinopteri","Clupeiformes","Engraulidae","Engraulis","Engraulis mordax"
"RL2501_F121_1_MV1","Homo sapiens","Mammalia",4471,"scientific name","Eukaryota","Chordata","Mammalia","Primates","Hominidae","Homo","Homo sapiens"
"RL2501_F121_1_MV1","Lamna ditropis","Chondrichthyes",482,"scientific name","Eukaryota","Chordata","Chondrichthyes","Lamniformes","Lamnidae","Lamna","Lamna ditropis"
"RL2501_F121_1_MV1","Lipolagus ochotensis","Actinopteri",1965,"scientific name","Eukaryota","Chordata","Actinopteri","Argentiniformes","Bathylagidae","Lipolagus","Lipolagus ochotensis"
"RL2501_F121_1_MV1","Mola","Actinopteri",1651,"scientific name","Eukaryota","Chordata","Actinopteri","Tetraodontiformes","Molidae","Mola",NA
"RL2501_F121_1_MV1","Prionace glauca","Chondrichthyes",1004,"scientific name","Eukaryota","Chordata","Chondrichthyes","Carcharhiniformes","Carcharhinidae","Prionace","Prionace glauca"
"RL2501_F121_1_MV1","Sebastes paucispinis","Actinopteri",839,"scientific name","Eukaryota","Chordata","Actinopteri","Perciformes","Sebastidae","Sebastes","Sebastes paucispinis"
"RL2501_F121_1_MV1","Stenella coeruleoalba","Mammalia",2363,"scientific name","Eukaryota","Chordata","Mammalia","Artiodactyla","Delphinidae","Stenella","Stenella coeruleoalba"
"RL2501_F121_1_MV1","Strongylocentrotus purpuratus","Echinoidea",1167,"scientific name","Eukaryota","Echinodermata","Echinoidea","Camarodonta","Strongylocentrotidae","Strongylocentrotus","Strongylocentrotus purpuratus"
"RL2501_F121_1_MV1","Symbolophorus californiensis","Actinopteri",16484,"scientific name","Eukaryota","Chordata","Actinopteri","Myctophiformes","Myctophidae","Symbolophorus","Symbolophorus californiensis"
"RL2501_F121_1_MV1","Syngnathus","Actinopteri",14935,"scientific name","Eukaryota","Chordata","Actinopteri","Syngnathiformes","Syngnathidae","Syngnathus",NA
"RL2501_F121_1_MV1","Tarletonbeania","Actinopteri",985,"scientific name","Eukaryota","Chordata","Actinopteri","Myctophiformes","Myctophidae","Tarletonbeania",NA
"RL2501_F121_1_MV1","Tarletonbeania crenularis","Actinopteri",60526,"scientific name","Eukaryota","Chordata","Actinopteri","Myctophiformes","Myctophidae","Tarletonbeania","Tarletonbeania crenularis"
"RL2501_F121_1_MV1",NA,NA,11050,NA,NA,NA,NA,NA,NA,NA,NA
"RL2501_F121_2_MV1","Ceratoscopelus","Actinopteri",393,"scientific name","Eukaryota","Chordata","Actinopteri","Myctophiformes","Myctophidae","Ceratoscopelus",NA
"RL2501_F121_2_MV1","Diaphus theta","Actinopteri",2611,"scientific name","Eukaryota","Chordata","Actinopteri","Myctophiformes","Myctophidae","Diaphus","Diaphus theta"
"RL2501_F121_2_MV1","Engraulis mordax","Actinopteri",3390,"scientific name","Eukaryota","Chordata","Actinopteri","Clupeiformes","Engraulidae","Engraulis","Engraulis mordax"
"RL2501_F121_2_MV1","Homo sapiens","Mammalia",953,"scientific name","Eukaryota","Chordata","Mammalia","Primates","Hominidae","Homo","Homo sapiens"
"RL2501_F121_2_MV1","Lipolagus ochotensis","Actinopteri",1626,"scientific name","Eukaryota","Chordata","Actinopteri","Argentiniformes","Bathylagidae","Lipolagus","Lipolagus ochotensis"
"RL2501_F121_2_MV1","Stenella coeruleoalba","Mammalia",1296,"scientific name","Eukaryota","Chordata","Mammalia","Artiodactyla","Delphinidae","Stenella","Stenella coeruleoalba"
"RL2501_F121_2_MV1","Stenobrachius leucopsarus","Actinopteri",1938,"scientific name","Eukaryota","Chordata","Actinopteri","Myctophiformes","Myctophidae","Stenobrachius","Stenobrachius leucopsarus"
"RL2501_F121_2_MV1","Strongylocentrotus purpuratus","Echinoidea",515,"scientific name","Eukaryota","Echinodermata","Echinoidea","Camarodonta","Strongylocentrotidae","Strongylocentrotus","Strongylocentrotus purpuratus"
"RL2501_F121_2_MV1","Symbolophorus californiensis","Actinopteri",8479,"scientific name","Eukaryota","Chordata","Actinopteri","Myctophiformes","Myctophidae","Symbolophorus","Symbolophorus californiensis"
"RL2501_F121_2_MV1","Syngnathus","Actinopteri",2265,"scientific name","Eukaryota","Chordata","Actinopteri","Syngnathiformes","Syngnathidae","Syngnathus",NA
"RL2501_F121_2_MV1","Tarletonbeania","Actinopteri",918,"scientific name","Eukaryota","Chordata","Actinopteri","Myctophiformes","Myctophidae","Tarletonbeania",NA
"RL2501_F121_2_MV1","Tarletonbeania crenularis","Actinopteri",27063,"scientific name","Eukaryota","Chordata","Actinopteri","Myctophiformes","Myctophidae","Tarletonbeania","Tarletonbeania crenularis"
"RL2501_F121_2_MV1","Triphoturus mexicanus","Actinopteri",412,"scientific name","Eukaryota","Chordata","Actinopteri","Myctophiformes","Myctophidae","Triphoturus","Triphoturus mexicanus"
"RL2501_F121_2_MV1",NA,NA,16761,NA,NA,NA,NA,NA,NA,NA,NA
"RL2501_F121_3_MV1","Astropecten verrilli","Asteroidea",5,"scientific name","Eukaryota","Echinodermata","Asteroidea","Paxillosida","Astropectinidae","Astropecten","Astropecten verrilli"
"RL2501_F121_3_MV1","Diaphus theta","Actinopteri",2230,"scientific name","Eukaryota","Chordata","Actinopteri","Myctophiformes","Myctophidae","Diaphus","Diaphus theta"
"RL2501_F121_3_MV1","Engraulis mordax","Actinopteri",2547,"scientific name","Eukaryota","Chordata","Actinopteri","Clupeiformes","Engraulidae","Engraulis","Engraulis mordax"
"RL2501_F121_3_MV1","Homo sapiens","Mammalia",712,"scientific name","Eukaryota","Chordata","Mammalia","Primates","Hominidae","Homo","Homo sapiens"
"RL2501_F121_3_MV1","Icichthys lockingtoni","Actinopteri",149,"scientific name","Eukaryota","Chordata","Actinopteri","Scombriformes","Centrolophidae","Icichthys","Icichthys lockingtoni"
"RL2501_F121_3_MV1","Lampanyctus tenuiformis","Actinopteri",614,"scientific name","Eukaryota","Chordata","Actinopteri","Myctophiformes","Myctophidae","Lampanyctus","Lampanyctus tenuiformis"
"RL2501_F121_3_MV1","Sebastes paucispinis","Actinopteri",1796,"scientific name","Eukaryota","Chordata","Actinopteri","Perciformes","Sebastidae","Sebastes","Sebastes paucispinis"
"RL2501_F121_3_MV1","Stenella coeruleoalba","Mammalia",144,"scientific name","Eukaryota","Chordata","Mammalia","Artiodactyla","Delphinidae","Stenella","Stenella coeruleoalba"
"RL2501_F121_3_MV1","Stenobrachius leucopsarus","Actinopteri",1077,"scientific name","Eukaryota","Chordata","Actinopteri","Myctophiformes","Myctophidae","Stenobrachius","Stenobrachius leucopsarus"
"RL2501_F121_3_MV1","Strongylocentrotus purpuratus","Echinoidea",362,"scientific name","Eukaryota","Echinodermata","Echinoidea","Camarodonta","Strongylocentrotidae","Strongylocentrotus","Strongylocentrotus purpuratus"
"RL2501_F121_3_MV1","Symbolophorus californiensis","Actinopteri",8689,"scientific name","Eukaryota","Chordata","Actinopteri","Myctophiformes","Myctophidae","Symbolophorus","Symbolophorus californiensis"
"RL2501_F121_3_MV1","Syngnathus","Actinopteri",4509,"scientific name","Eukaryota","Chordata","Actinopteri","Syngnathiformes","Syngnathidae","Syngnathus",NA
"RL2501_F121_3_MV1","Tarletonbeania crenularis","Actinopteri",27205,"scientific name","Eukaryota","Chordata","Actinopteri","Myctophiformes","Myctophidae","Tarletonbeania","Tarletonbeania crenularis"
"RL2501_F121_3_MV1",NA,NA,14075,NA,NA,NA,NA,NA,NA,NA,NA
"RL2501_F121_4_MV1","Astropecten verrilli","Asteroidea",17,"scientific name","Eukaryota","Echinodermata","Asteroidea","Paxillosida","Astropectinidae","Astropecten","Astropecten verrilli"
"RL2501_F121_4_MV1","Engraulis mordax","Actinopteri",1406,"scientific name","Eukaryota","Chordata","Actinopteri","Clupeiformes","Engraulidae","Engraulis","Engraulis mordax"
"RL2501_F121_4_MV1","Homo sapiens","Mammalia",2888,"scientific name","Eukaryota","Chordata","Mammalia","Primates","Hominidae","Homo","Homo sapiens"
"RL2501_F121_4_MV1","Leuroglossus","Actinopteri",564,"scientific name","Eukaryota","Chordata","Actinopteri","Argentiniformes","Bathylagidae","Leuroglossus",NA
"RL2501_F121_4_MV1","Lipolagus ochotensis","Actinopteri",543,"scientific name","Eukaryota","Chordata","Actinopteri","Argentiniformes","Bathylagidae","Lipolagus","Lipolagus ochotensis"
"RL2501_F121_4_MV1","Stenella coeruleoalba","Mammalia",521,"scientific name","Eukaryota","Chordata","Mammalia","Artiodactyla","Delphinidae","Stenella","Stenella coeruleoalba"
"RL2501_F121_4_MV1","Strongylocentrotus purpuratus","Echinoidea",550,"scientific name","Eukaryota","Echinodermata","Echinoidea","Camarodonta","Strongylocentrotidae","Strongylocentrotus","Strongylocentrotus purpuratus"
"RL2501_F121_4_MV1","Symbolophorus californiensis","Actinopteri",2722,"scientific name","Eukaryota","Chordata","Actinopteri","Myctophiformes","Myctophidae","Symbolophorus","Symbolophorus californiensis"
"RL2501_F121_4_MV1","Syngnathus","Actinopteri",3731,"scientific name","Eukaryota","Chordata","Actinopteri","Syngnathiformes","Syngnathidae","Syngnathus",NA
"RL2501_F121_4_MV1","Tarletonbeania crenularis","Actinopteri",15579,"scientific name","Eukaryota","Chordata","Actinopteri","Myctophiformes","Myctophidae","Tarletonbeania","Tarletonbeania crenularis"
"RL2501_F121_4_MV1",NA,NA,25205,NA,NA,NA,NA,NA,NA,NA,NA
"RL2501_F122_1_MV1","Astropecten verrilli","Asteroidea",8,"scientific name","Eukaryota","Echinodermata","Asteroidea","Paxillosida","Astropectinidae","Astropecten","Astropecten verrilli"
"RL2501_F122_1_MV1","Balaenoptera physalus","Mammalia",3998,"scientific name","Eukaryota","Chordata","Mammalia","Artiodactyla","Balaenopteridae","Balaenoptera","Balaenoptera physalus"
"RL2501_F122_1_MV1","Diaphus theta","Actinopteri",1182,"scientific name","Eukaryota","Chordata","Actinopteri","Myctophiformes","Myctophidae","Diaphus","Diaphus theta"
"RL2501_F122_1_MV1","Engraulis mordax","Actinopteri",5054,"scientific name","Eukaryota","Chordata","Actinopteri","Clupeiformes","Engraulidae","Engraulis","Engraulis mordax"
"RL2501_F122_1_MV1","Homo sapiens","Mammalia",8178,"scientific name","Eukaryota","Chordata","Mammalia","Primates","Hominidae","Homo","Homo sapiens"
"RL2501_F122_1_MV1","Lipolagus ochotensis","Actinopteri",1494,"scientific name","Eukaryota","Chordata","Actinopteri","Argentiniformes","Bathylagidae","Lipolagus","Lipolagus ochotensis"
"RL2501_F122_1_MV1","Prionace glauca","Chondrichthyes",1064,"scientific name","Eukaryota","Chordata","Chondrichthyes","Carcharhiniformes","Carcharhinidae","Prionace","Prionace glauca"
"RL2501_F122_1_MV1","Stenella coeruleoalba","Mammalia",300,"scientific name","Eukaryota","Chordata","Mammalia","Artiodactyla","Delphinidae","Stenella","Stenella coeruleoalba"
"RL2501_F122_1_MV1","Strongylocentrotus purpuratus","Echinoidea",5622,"scientific name","Eukaryota","Echinodermata","Echinoidea","Camarodonta","Strongylocentrotidae","Strongylocentrotus","Strongylocentrotus purpuratus"
"RL2501_F122_1_MV1","Symbolophorus californiensis","Actinopteri",2436,"scientific name","Eukaryota","Chordata","Actinopteri","Myctophiformes","Myctophidae","Symbolophorus","Symbolophorus californiensis"
"RL2501_F122_1_MV1","Syngnathus","Actinopteri",4586,"scientific name","Eukaryota","Chordata","Actinopteri","Syngnathiformes","Syngnathidae","Syngnathus",NA
"RL2501_F122_1_MV1","Tarletonbeania crenularis","Actinopteri",3057,"scientific name","Eukaryota","Chordata","Actinopteri","Myctophiformes","Myctophidae","Tarletonbeania","Tarletonbeania crenularis"
"RL2501_F122_1_MV1",NA,NA,37927,NA,NA,NA,NA,NA,NA,NA,NA
"RL2501_F122_2_MV1","Astropecten verrilli","Asteroidea",15,"scientific name","Eukaryota","Echinodermata","Asteroidea","Paxillosida","Astropectinidae","Astropecten","Astropecten verrilli"
"RL2501_F122_2_MV1","Balaenoptera physalus","Mammalia",1949,"scientific name","Eukaryota","Chordata","Mammalia","Artiodactyla","Balaenopteridae","Balaenoptera","Balaenoptera physalus"
"RL2501_F122_2_MV1","Diaphus theta","Actinopteri",189,"scientific name","Eukaryota","Chordata","Actinopteri","Myctophiformes","Myctophidae","Diaphus","Diaphus theta"
"RL2501_F122_2_MV1","Engraulis mordax","Actinopteri",2698,"scientific name","Eukaryota","Chordata","Actinopteri","Clupeiformes","Engraulidae","Engraulis","Engraulis mordax"
"RL2501_F122_2_MV1","Homo sapiens","Mammalia",1477,"scientific name","Eukaryota","Chordata","Mammalia","Primates","Hominidae","Homo","Homo sapiens"
"RL2501_F122_2_MV1","Lipolagus ochotensis","Actinopteri",97,"scientific name","Eukaryota","Chordata","Actinopteri","Argentiniformes","Bathylagidae","Lipolagus","Lipolagus ochotensis"
"RL2501_F122_2_MV1","Prionace glauca","Chondrichthyes",115,"scientific name","Eukaryota","Chordata","Chondrichthyes","Carcharhiniformes","Carcharhinidae","Prionace","Prionace glauca"
"RL2501_F122_2_MV1","Stenella coeruleoalba","Mammalia",23,"scientific name","Eukaryota","Chordata","Mammalia","Artiodactyla","Delphinidae","Stenella","Stenella coeruleoalba"
"RL2501_F122_2_MV1","Strongylocentrotus purpuratus","Echinoidea",1392,"scientific name","Eukaryota","Echinodermata","Echinoidea","Camarodonta","Strongylocentrotidae","Strongylocentrotus","Strongylocentrotus purpuratus"
"RL2501_F122_2_MV1","Symbolophorus californiensis","Actinopteri",376,"scientific name","Eukaryota","Chordata","Actinopteri","Myctophiformes","Myctophidae","Symbolophorus","Symbolophorus californiensis"
"RL2501_F122_2_MV1","Syngnathus","Actinopteri",82,"scientific name","Eukaryota","Chordata","Actinopteri","Syngnathiformes","Syngnathidae","Syngnathus",NA
"RL2501_F122_2_MV1","Tarletonbeania crenularis","Actinopteri",1149,"scientific name","Eukaryota","Chordata","Actinopteri","Myctophiformes","Myctophidae","Tarletonbeania","Tarletonbeania crenularis"
"RL2501_F122_2_MV1","Tetragonurus cuvieri","Actinopteri",389,"scientific name","Eukaryota","Chordata","Actinopteri","Scombriformes","Tetragonuridae","Tetragonurus","Tetragonurus cuvieri"
"RL2501_F122_2_MV1",NA,NA,16329,NA,NA,NA,NA,NA,NA,NA,NA
"RL2501_F122_3_MV1","Balaenoptera physalus","Mammalia",670,"scientific name","Eukaryota","Chordata","Mammalia","Artiodactyla","Balaenopteridae","Balaenoptera","Balaenoptera physalus"
"RL2501_F122_3_MV1","Delphinidae","Mammalia",161,"scientific name","Eukaryota","Chordata","Mammalia","Artiodactyla","Delphinidae",NA,NA
"RL2501_F122_3_MV1","Engraulis mordax","Actinopteri",5689,"scientific name","Eukaryota","Chordata","Actinopteri","Clupeiformes","Engraulidae","Engraulis","Engraulis mordax"
"RL2501_F122_3_MV1","Homo sapiens","Mammalia",2265,"scientific name","Eukaryota","Chordata","Mammalia","Primates","Hominidae","Homo","Homo sapiens"
"RL2501_F122_3_MV1","Ostreococcus sp. lucimarinus","Mamiellophyceae",43,"synonym","Eukaryota","Chlorophyta","Mamiellophyceae","Mamiellales","Bathycoccaceae","Ostreococcus","Ostreococcus sp. 'lucimarinus'"
"RL2501_F122_3_MV1","Prionace glauca","Chondrichthyes",60,"scientific name","Eukaryota","Chordata","Chondrichthyes","Carcharhiniformes","Carcharhinidae","Prionace","Prionace glauca"
"RL2501_F122_3_MV1","Sebastes","Actinopteri",20,"scientific name","Eukaryota","Chordata","Actinopteri","Perciformes","Sebastidae","Sebastes",NA
"RL2501_F122_3_MV1","Sebastes paucispinis","Actinopteri",728,"scientific name","Eukaryota","Chordata","Actinopteri","Perciformes","Sebastidae","Sebastes","Sebastes paucispinis"
"RL2501_F122_3_MV1","Stenella coeruleoalba","Mammalia",842,"scientific name","Eukaryota","Chordata","Mammalia","Artiodactyla","Delphinidae","Stenella","Stenella coeruleoalba"
"RL2501_F122_3_MV1","Strongylocentrotus purpuratus","Echinoidea",4801,"scientific name","Eukaryota","Echinodermata","Echinoidea","Camarodonta","Strongylocentrotidae","Strongylocentrotus","Strongylocentrotus purpuratus"
"RL2501_F122_3_MV1","Symbolophorus californiensis","Actinopteri",1070,"scientific name","Eukaryota","Chordata","Actinopteri","Myctophiformes","Myctophidae","Symbolophorus","Symbolophorus californiensis"
"RL2501_F122_3_MV1","Syngnathus","Actinopteri",1866,"scientific name","Eukaryota","Chordata","Actinopteri","Syngnathiformes","Syngnathidae","Syngnathus",NA
"RL2501_F122_3_MV1","Tarletonbeania crenularis","Actinopteri",4613,"scientific name","Eukaryota","Chordata","Actinopteri","Myctophiformes","Myctophidae","Tarletonbeania","Tarletonbeania crenularis"
"RL2501_F122_3_MV1",NA,NA,41123,NA,NA,NA,NA,NA,NA,NA,NA
"RL2501_F122_4_MV1","Astropecten verrilli","Asteroidea",26,"scientific name","Eukaryota","Echinodermata","Asteroidea","Paxillosida","Astropectinidae","Astropecten","Astropecten verrilli"
"RL2501_F122_4_MV1","Balaenoptera physalus","Mammalia",151,"scientific name","Eukaryota","Chordata","Mammalia","Artiodactyla","Balaenopteridae","Balaenoptera","Balaenoptera physalus"
"RL2501_F122_4_MV1","Engraulis mordax","Actinopteri",1035,"scientific name","Eukaryota","Chordata","Actinopteri","Clupeiformes","Engraulidae","Engraulis","Engraulis mordax"
"RL2501_F122_4_MV1","Homo sapiens","Mammalia",1078,"scientific name","Eukaryota","Chordata","Mammalia","Primates","Hominidae","Homo","Homo sapiens"
"RL2501_F122_4_MV1","Ostreococcus sp. lucimarinus","Mamiellophyceae",111,"synonym","Eukaryota","Chlorophyta","Mamiellophyceae","Mamiellales","Bathycoccaceae","Ostreococcus","Ostreococcus sp. 'lucimarinus'"
"RL2501_F122_4_MV1","Prionace glauca","Chondrichthyes",62,"scientific name","Eukaryota","Chordata","Chondrichthyes","Carcharhiniformes","Carcharhinidae","Prionace","Prionace glauca"
"RL2501_F122_4_MV1","Sebastes paucispinis","Actinopteri",298,"scientific name","Eukaryota","Chordata","Actinopteri","Perciformes","Sebastidae","Sebastes","Sebastes paucispinis"
"RL2501_F122_4_MV1","Strongylocentrotus purpuratus","Echinoidea",1783,"scientific name","Eukaryota","Echinodermata","Echinoidea","Camarodonta","Strongylocentrotidae","Strongylocentrotus","Strongylocentrotus purpuratus"
"RL2501_F122_4_MV1","Symbolophorus californiensis","Actinopteri",400,"scientific name","Eukaryota","Chordata","Actinopteri","Myctophiformes","Myctophidae","Symbolophorus","Symbolophorus californiensis"
"RL2501_F122_4_MV1","Syngnathus","Actinopteri",225,"scientific name","Eukaryota","Chordata","Actinopteri","Syngnathiformes","Syngnathidae","Syngnathus",NA
"RL2501_F122_4_MV1","Tarletonbeania crenularis","Actinopteri",1626,"scientific name","Eukaryota","Chordata","Actinopteri","Myctophiformes","Myctophidae","Tarletonbeania","Tarletonbeania crenularis"
"RL2501_F122_4_MV1",NA,NA,17733,NA,NA,NA,NA,NA,NA,NA,NA
"RL2501_F129_1_MV1","Astropecten verrilli","Asteroidea",1957,"scientific name","Eukaryota","Echinodermata","Asteroidea","Paxillosida","Astropectinidae","Astropecten","Astropecten verrilli"
"RL2501_F129_1_MV1","Caliraja inornata","Chondrichthyes",1976,"scientific name","Eukaryota","Chordata","Chondrichthyes","Rajiformes","Rajidae","Caliraja","Caliraja inornata"
"RL2501_F129_1_MV1","Engraulis mordax","Actinopteri",19598,"scientific name","Eukaryota","Chordata","Actinopteri","Clupeiformes","Engraulidae","Engraulis","Engraulis mordax"
"RL2501_F129_1_MV1","Eschrichtius robustus","Mammalia",11664,"scientific name","Eukaryota","Chordata","Mammalia","Artiodactyla","Eschrichtiidae","Eschrichtius","Eschrichtius robustus"
"RL2501_F129_1_MV1","Homo sapiens","Mammalia",18666,"scientific name","Eukaryota","Chordata","Mammalia","Primates","Hominidae","Homo","Homo sapiens"
"RL2501_F129_1_MV1","Merluccius","Actinopteri",1639,"scientific name","Eukaryota","Chordata","Actinopteri","Gadiformes","Merlucciidae","Merluccius",NA
"RL2501_F129_1_MV1","Ovis","Mammalia",47474,"scientific name","Eukaryota","Chordata","Mammalia","Artiodactyla","Bovidae","Ovis",NA
"RL2501_F129_1_MV1","Ovis aries","Mammalia",6,"scientific name","Eukaryota","Chordata","Mammalia","Artiodactyla","Bovidae","Ovis","Ovis aries"
"RL2501_F129_1_MV1","Sebastes","Actinopteri",71805,"scientific name","Eukaryota","Chordata","Actinopteri","Perciformes","Sebastidae","Sebastes",NA
"RL2501_F129_1_MV1","Sebastes mystinus","Actinopteri",11239,"scientific name","Eukaryota","Chordata","Actinopteri","Perciformes","Sebastidae","Sebastes","Sebastes mystinus"
"RL2501_F129_1_MV1","Sebastes paucispinis","Actinopteri",382,"scientific name","Eukaryota","Chordata","Actinopteri","Perciformes","Sebastidae","Sebastes","Sebastes paucispinis"
"RL2501_F129_1_MV1","Stenobrachius leucopsarus","Actinopteri",2494,"scientific name","Eukaryota","Chordata","Actinopteri","Myctophiformes","Myctophidae","Stenobrachius","Stenobrachius leucopsarus"
"RL2501_F129_1_MV1","Strongylocentrotus purpuratus","Echinoidea",435,"scientific name","Eukaryota","Echinodermata","Echinoidea","Camarodonta","Strongylocentrotidae","Strongylocentrotus","Strongylocentrotus purpuratus"
"RL2501_F129_1_MV1","Uria","Aves",1804,"scientific name","Eukaryota","Chordata","Aves","Charadriiformes","Alcidae","Uria",NA
"RL2501_F129_1_MV1",NA,NA,14591,NA,NA,NA,NA,NA,NA,NA,NA
"RL2501_F129_2_MV1","Astropecten verrilli","Asteroidea",542,"scientific name","Eukaryota","Echinodermata","Asteroidea","Paxillosida","Astropectinidae","Astropecten","Astropecten verrilli"
"RL2501_F129_2_MV1","Citharichthys sordidus","Actinopteri",2861,"scientific name","Eukaryota","Chordata","Actinopteri","Pleuronectiformes","Cyclopsettidae","Citharichthys","Citharichthys sordidus"
"RL2501_F129_2_MV1","Engraulis mordax","Actinopteri",9653,"scientific name","Eukaryota","Chordata","Actinopteri","Clupeiformes","Engraulidae","Engraulis","Engraulis mordax"
"RL2501_F129_2_MV1","Eschrichtius robustus","Mammalia",1146,"scientific name","Eukaryota","Chordata","Mammalia","Artiodactyla","Eschrichtiidae","Eschrichtius","Eschrichtius robustus"
"RL2501_F129_2_MV1","Fratercula","Aves",2,"scientific name","Eukaryota","Chordata","Aves","Charadriiformes","Alcidae","Fratercula",NA
"RL2501_F129_2_MV1","Homo sapiens","Mammalia",5299,"scientific name","Eukaryota","Chordata","Mammalia","Primates","Hominidae","Homo","Homo sapiens"
"RL2501_F129_2_MV1","Luidia foliolata","Asteroidea",2,"scientific name","Eukaryota","Echinodermata","Asteroidea","Paxillosida","Luidiidae","Luidia","Luidia foliolata"
"RL2501_F129_2_MV1","Ovis","Mammalia",31650,"scientific name","Eukaryota","Chordata","Mammalia","Artiodactyla","Bovidae","Ovis",NA
"RL2501_F129_2_MV1","Ovis aries","Mammalia",181,"scientific name","Eukaryota","Chordata","Mammalia","Artiodactyla","Bovidae","Ovis","Ovis aries"
"RL2501_F129_2_MV1","Patiria miniata","Asteroidea",13,"scientific name","Eukaryota","Echinodermata","Asteroidea","Valvatida","Asterinidae","Patiria","Patiria miniata"
"RL2501_F129_2_MV1","Sardinops sagax","Actinopteri",4,"scientific name","Eukaryota","Chordata","Actinopteri","Clupeiformes","Clupeidae","Sardinops","Sardinops sagax"
"RL2501_F129_2_MV1","Sebastes","Actinopteri",38577,"scientific name","Eukaryota","Chordata","Actinopteri","Perciformes","Sebastidae","Sebastes",NA
"RL2501_F129_2_MV1","Sebastes mystinus","Actinopteri",3115,"scientific name","Eukaryota","Chordata","Actinopteri","Perciformes","Sebastidae","Sebastes","Sebastes mystinus"
"RL2501_F129_2_MV1","Syngnathus","Actinopteri",1244,"scientific name","Eukaryota","Chordata","Actinopteri","Syngnathiformes","Syngnathidae","Syngnathus",NA
"RL2501_F129_2_MV1","Uria","Aves",2881,"scientific name","Eukaryota","Chordata","Aves","Charadriiformes","Alcidae","Uria",NA
"RL2501_F129_2_MV1",NA,NA,38254,NA,NA,NA,NA,NA,NA,NA,NA
"RL2501_F129_3_MV1","Astropecten verrilli","Asteroidea",248,"scientific name","Eukaryota","Echinodermata","Asteroidea","Paxillosida","Astropectinidae","Astropecten","Astropecten verrilli"
"RL2501_F129_3_MV1","Engraulis mordax","Actinopteri",2027,"scientific name","Eukaryota","Chordata","Actinopteri","Clupeiformes","Engraulidae","Engraulis","Engraulis mordax"
"RL2501_F129_3_MV1","Eschrichtius robustus","Mammalia",1896,"scientific name","Eukaryota","Chordata","Mammalia","Artiodactyla","Eschrichtiidae","Eschrichtius","Eschrichtius robustus"
"RL2501_F129_3_MV1","Homo sapiens","Mammalia",613,"scientific name","Eukaryota","Chordata","Mammalia","Primates","Hominidae","Homo","Homo sapiens"
"RL2501_F129_3_MV1","Lagenorhynchus obliquidens","Mammalia",897,"synonym","Eukaryota","Chordata","Mammalia","Artiodactyla","Delphinidae","Sagmatias","Sagmatias obliquidens"
"RL2501_F129_3_MV1","Mola","Actinopteri",5,"scientific name","Eukaryota","Chordata","Actinopteri","Tetraodontiformes","Molidae","Mola",NA
"RL2501_F129_3_MV1","Ovis","Mammalia",13694,"scientific name","Eukaryota","Chordata","Mammalia","Artiodactyla","Bovidae","Ovis",NA
"RL2501_F129_3_MV1","Patiria miniata","Asteroidea",50,"scientific name","Eukaryota","Echinodermata","Asteroidea","Valvatida","Asterinidae","Patiria","Patiria miniata"
"RL2501_F129_3_MV1","Sardinops sagax","Actinopteri",6,"scientific name","Eukaryota","Chordata","Actinopteri","Clupeiformes","Clupeidae","Sardinops","Sardinops sagax"
"RL2501_F129_3_MV1","Scorpaenichthys marmoratus","Actinopteri",2285,"scientific name","Eukaryota","Chordata","Actinopteri","Perciformes","Cottidae","Scorpaenichthys","Scorpaenichthys marmoratus"
"RL2501_F129_3_MV1","Sebastes","Actinopteri",34839,"scientific name","Eukaryota","Chordata","Actinopteri","Perciformes","Sebastidae","Sebastes",NA
"RL2501_F129_3_MV1","Sebastes paucispinis","Actinopteri",1024,"scientific name","Eukaryota","Chordata","Actinopteri","Perciformes","Sebastidae","Sebastes","Sebastes paucispinis"
"RL2501_F129_3_MV1","Sebastes pinniger","Actinopteri",90,"scientific name","Eukaryota","Chordata","Actinopteri","Perciformes","Sebastidae","Sebastes","Sebastes pinniger"
"RL2501_F129_3_MV1","Stenobrachius nannochir","Actinopteri",2156,"scientific name","Eukaryota","Chordata","Actinopteri","Myctophiformes","Myctophidae","Stenobrachius","Stenobrachius nannochir"
"RL2501_F129_3_MV1","Strongylocentrotus purpuratus","Echinoidea",2452,"scientific name","Eukaryota","Echinodermata","Echinoidea","Camarodonta","Strongylocentrotidae","Strongylocentrotus","Strongylocentrotus purpuratus"
"RL2501_F129_3_MV1","Tarletonbeania crenularis","Actinopteri",2494,"scientific name","Eukaryota","Chordata","Actinopteri","Myctophiformes","Myctophidae","Tarletonbeania","Tarletonbeania crenularis"
"RL2501_F129_3_MV1","Uria","Aves",2534,"scientific name","Eukaryota","Chordata","Aves","Charadriiformes","Alcidae","Uria",NA
"RL2501_F129_3_MV1",NA,NA,26261,NA,NA,NA,NA,NA,NA,NA,NA
"RL2501_F129_4_MV1","Astropecten verrilli","Asteroidea",144,"scientific name","Eukaryota","Echinodermata","Asteroidea","Paxillosida","Astropectinidae","Astropecten","Astropecten verrilli"
"RL2501_F129_4_MV1","Homo sapiens","Mammalia",1966,"scientific name","Eukaryota","Chordata","Mammalia","Primates","Hominidae","Homo","Homo sapiens"
"RL2501_F129_4_MV1","Luidia foliolata","Asteroidea",2,"scientific name","Eukaryota","Echinodermata","Asteroidea","Paxillosida","Luidiidae","Luidia","Luidia foliolata"
"RL2501_F129_4_MV1","Merluccius productus","Actinopteri",1139,"scientific name","Eukaryota","Chordata","Actinopteri","Gadiformes","Merlucciidae","Merluccius","Merluccius productus"
"RL2501_F129_4_MV1","Ovis","Mammalia",4890,"scientific name","Eukaryota","Chordata","Mammalia","Artiodactyla","Bovidae","Ovis",NA
"RL2501_F129_4_MV1","Patiria miniata","Asteroidea",273,"scientific name","Eukaryota","Echinodermata","Asteroidea","Valvatida","Asterinidae","Patiria","Patiria miniata"
"RL2501_F129_4_MV1","Sebastes","Actinopteri",11531,"scientific name","Eukaryota","Chordata","Actinopteri","Perciformes","Sebastidae","Sebastes",NA
"RL2501_F129_4_MV1","Sebastes mystinus","Actinopteri",7232,"scientific name","Eukaryota","Chordata","Actinopteri","Perciformes","Sebastidae","Sebastes","Sebastes mystinus"
"RL2501_F129_4_MV1","Strongylocentrotus purpuratus","Echinoidea",2370,"scientific name","Eukaryota","Echinodermata","Echinoidea","Camarodonta","Strongylocentrotidae","Strongylocentrotus","Strongylocentrotus purpuratus"
"RL2501_F129_4_MV1","Syngnathus","Actinopteri",2460,"scientific name","Eukaryota","Chordata","Actinopteri","Syngnathiformes","Syngnathidae","Syngnathus",NA
"RL2501_F129_4_MV1",NA,NA,46282,NA,NA,NA,NA,NA,NA,NA,NA
"RL2501_F130_1_MV1","Astropecten verrilli","Asteroidea",470,"scientific name","Eukaryota","Echinodermata","Asteroidea","Paxillosida","Astropectinidae","Astropecten","Astropecten verrilli"
"RL2501_F130_1_MV1","Engraulis mordax","Actinopteri",1459,"scientific name","Eukaryota","Chordata","Actinopteri","Clupeiformes","Engraulidae","Engraulis","Engraulis mordax"
"RL2501_F130_1_MV1","Felis","Mammalia",343,"scientific name","Eukaryota","Chordata","Mammalia","Carnivora","Felidae","Felis",NA
"RL2501_F130_1_MV1","Homo sapiens","Mammalia",25106,"scientific name","Eukaryota","Chordata","Mammalia","Primates","Hominidae","Homo","Homo sapiens"
"RL2501_F130_1_MV1","Luidia foliolata","Asteroidea",25,"scientific name","Eukaryota","Echinodermata","Asteroidea","Paxillosida","Luidiidae","Luidia","Luidia foliolata"
"RL2501_F130_1_MV1","Merluccius productus","Actinopteri",379,"scientific name","Eukaryota","Chordata","Actinopteri","Gadiformes","Merlucciidae","Merluccius","Merluccius productus"
"RL2501_F130_1_MV1","Paralichthys californicus","Actinopteri",2963,"scientific name","Eukaryota","Chordata","Actinopteri","Pleuronectiformes","Paralichthyidae","Paralichthys","Paralichthys californicus"
"RL2501_F130_1_MV1","Pisaster","Asteroidea",224,"scientific name","Eukaryota","Echinodermata","Asteroidea","Forcipulatida","Asteriidae","Pisaster",NA
"RL2501_F130_1_MV1","Sebastes","Actinopteri",184364,"scientific name","Eukaryota","Chordata","Actinopteri","Perciformes","Sebastidae","Sebastes",NA
"RL2501_F130_1_MV1","Sebastes mystinus","Actinopteri",5932,"scientific name","Eukaryota","Chordata","Actinopteri","Perciformes","Sebastidae","Sebastes","Sebastes mystinus"
"RL2501_F130_1_MV1","Strongylocentrotus purpuratus","Echinoidea",1546,"scientific name","Eukaryota","Echinodermata","Echinoidea","Camarodonta","Strongylocentrotidae","Strongylocentrotus","Strongylocentrotus purpuratus"
"RL2501_F130_1_MV1","Syngnathus","Actinopteri",911,"scientific name","Eukaryota","Chordata","Actinopteri","Syngnathiformes","Syngnathidae","Syngnathus",NA
"RL2501_F130_1_MV1",NA,NA,16586,NA,NA,NA,NA,NA,NA,NA,NA
"RL2501_F130_2_MV1","Astropecten verrilli","Asteroidea",241,"scientific name","Eukaryota","Echinodermata","Asteroidea","Paxillosida","Astropectinidae","Astropecten","Astropecten verrilli"
"RL2501_F130_2_MV1","Citharichthys sordidus","Actinopteri",696,"scientific name","Eukaryota","Chordata","Actinopteri","Pleuronectiformes","Cyclopsettidae","Citharichthys","Citharichthys sordidus"
"RL2501_F130_2_MV1","Delphinidae","Mammalia",193,"scientific name","Eukaryota","Chordata","Mammalia","Artiodactyla","Delphinidae",NA,NA
"RL2501_F130_2_MV1","Diaphus theta","Actinopteri",8,"scientific name","Eukaryota","Chordata","Actinopteri","Myctophiformes","Myctophidae","Diaphus","Diaphus theta"
"RL2501_F130_2_MV1","Engraulis mordax","Actinopteri",866,"scientific name","Eukaryota","Chordata","Actinopteri","Clupeiformes","Engraulidae","Engraulis","Engraulis mordax"
"RL2501_F130_2_MV1","Felis","Mammalia",994,"scientific name","Eukaryota","Chordata","Mammalia","Carnivora","Felidae","Felis",NA
"RL2501_F130_2_MV1","Homo sapiens","Mammalia",16168,"scientific name","Eukaryota","Chordata","Mammalia","Primates","Hominidae","Homo","Homo sapiens"
"RL2501_F130_2_MV1","Ovis","Mammalia",6,"scientific name","Eukaryota","Chordata","Mammalia","Artiodactyla","Bovidae","Ovis",NA
"RL2501_F130_2_MV1","Paralichthys californicus","Actinopteri",1019,"scientific name","Eukaryota","Chordata","Actinopteri","Pleuronectiformes","Paralichthyidae","Paralichthys","Paralichthys californicus"
"RL2501_F130_2_MV1","Pisaster","Asteroidea",8,"scientific name","Eukaryota","Echinodermata","Asteroidea","Forcipulatida","Asteriidae","Pisaster",NA
"RL2501_F130_2_MV1","Pleuronectidae","Actinopteri",298,"scientific name","Eukaryota","Chordata","Actinopteri","Pleuronectiformes","Pleuronectidae",NA,NA
"RL2501_F130_2_MV1","Sebastes","Actinopteri",108179,"scientific name","Eukaryota","Chordata","Actinopteri","Perciformes","Sebastidae","Sebastes",NA
"RL2501_F130_2_MV1","Sebastes mystinus","Actinopteri",5153,"scientific name","Eukaryota","Chordata","Actinopteri","Perciformes","Sebastidae","Sebastes","Sebastes mystinus"
"RL2501_F130_2_MV1","Sebastidae","Actinopteri",35,"scientific name","Eukaryota","Chordata","Actinopteri","Perciformes","Sebastidae",NA,NA
"RL2501_F130_2_MV1","Strongylocentrotus purpuratus","Echinoidea",618,"scientific name","Eukaryota","Echinodermata","Echinoidea","Camarodonta","Strongylocentrotidae","Strongylocentrotus","Strongylocentrotus purpuratus"
"RL2501_F130_2_MV1","Symbolophorus californiensis","Actinopteri",31,"scientific name","Eukaryota","Chordata","Actinopteri","Myctophiformes","Myctophidae","Symbolophorus","Symbolophorus californiensis"
"RL2501_F130_2_MV1","Syngnathus","Actinopteri",1076,"scientific name","Eukaryota","Chordata","Actinopteri","Syngnathiformes","Syngnathidae","Syngnathus",NA
"RL2501_F130_2_MV1",NA,NA,10570,NA,NA,NA,NA,NA,NA,NA,NA
"RL2501_F130_3_MV1","Alosa","Actinopteri",787,"scientific name","Eukaryota","Chordata","Actinopteri","Clupeiformes","Clupeidae","Alosa",NA
"RL2501_F130_3_MV1","Astropecten verrilli","Asteroidea",435,"scientific name","Eukaryota","Echinodermata","Asteroidea","Paxillosida","Astropectinidae","Astropecten","Astropecten verrilli"
"RL2501_F130_3_MV1","Balaenoptera physalus","Mammalia",232,"scientific name","Eukaryota","Chordata","Mammalia","Artiodactyla","Balaenopteridae","Balaenoptera","Balaenoptera physalus"
"RL2501_F130_3_MV1","Clupea pallasii","Actinopteri",1671,"scientific name","Eukaryota","Chordata","Actinopteri","Clupeiformes","Clupeidae","Clupea","Clupea pallasii"
"RL2501_F130_3_MV1","Diaphus theta","Actinopteri",10,"scientific name","Eukaryota","Chordata","Actinopteri","Myctophiformes","Myctophidae","Diaphus","Diaphus theta"
"RL2501_F130_3_MV1","Engraulis mordax","Actinopteri",647,"scientific name","Eukaryota","Chordata","Actinopteri","Clupeiformes","Engraulidae","Engraulis","Engraulis mordax"
"RL2501_F130_3_MV1","Felis","Mammalia",456,"scientific name","Eukaryota","Chordata","Mammalia","Carnivora","Felidae","Felis",NA
"RL2501_F130_3_MV1","Homo sapiens","Mammalia",19271,"scientific name","Eukaryota","Chordata","Mammalia","Primates","Hominidae","Homo","Homo sapiens"
"RL2501_F130_3_MV1","Mola","Actinopteri",5,"scientific name","Eukaryota","Chordata","Actinopteri","Tetraodontiformes","Molidae","Mola",NA
"RL2501_F130_3_MV1","Paralichthys californicus","Actinopteri",481,"scientific name","Eukaryota","Chordata","Actinopteri","Pleuronectiformes","Paralichthyidae","Paralichthys","Paralichthys californicus"
"RL2501_F130_3_MV1","Pisaster","Asteroidea",87,"scientific name","Eukaryota","Echinodermata","Asteroidea","Forcipulatida","Asteriidae","Pisaster",NA
"RL2501_F130_3_MV1","Sebastes","Actinopteri",187027,"scientific name","Eukaryota","Chordata","Actinopteri","Perciformes","Sebastidae","Sebastes",NA
"RL2501_F130_3_MV1","Sebastes mystinus","Actinopteri",7182,"scientific name","Eukaryota","Chordata","Actinopteri","Perciformes","Sebastidae","Sebastes","Sebastes mystinus"
"RL2501_F130_3_MV1","Strongylocentrotus purpuratus","Echinoidea",2116,"scientific name","Eukaryota","Echinodermata","Echinoidea","Camarodonta","Strongylocentrotidae","Strongylocentrotus","Strongylocentrotus purpuratus"
"RL2501_F130_3_MV1","Symbolophorus californiensis","Actinopteri",36,"scientific name","Eukaryota","Chordata","Actinopteri","Myctophiformes","Myctophidae","Symbolophorus","Symbolophorus californiensis"
"RL2501_F130_3_MV1","Syngnathus","Actinopteri",3,"scientific name","Eukaryota","Chordata","Actinopteri","Syngnathiformes","Syngnathidae","Syngnathus",NA
"RL2501_F130_3_MV1","Tarletonbeania crenularis","Actinopteri",2,"scientific name","Eukaryota","Chordata","Actinopteri","Myctophiformes","Myctophidae","Tarletonbeania","Tarletonbeania crenularis"
"RL2501_F130_3_MV1",NA,NA,34607,NA,NA,NA,NA,NA,NA,NA,NA
"RL2501_F130_4_MV1","Astropecten verrilli","Asteroidea",338,"scientific name","Eukaryota","Echinodermata","Asteroidea","Paxillosida","Astropectinidae","Astropecten","Astropecten verrilli"
"RL2501_F130_4_MV1","Engraulis mordax","Actinopteri",644,"scientific name","Eukaryota","Chordata","Actinopteri","Clupeiformes","Engraulidae","Engraulis","Engraulis mordax"
"RL2501_F130_4_MV1","Evadne","Branchiopoda",24,"scientific name","Eukaryota","Arthropoda","Branchiopoda","Diplostraca","Podonidae","Evadne",NA
"RL2501_F130_4_MV1","Felis","Mammalia",325,"scientific name","Eukaryota","Chordata","Mammalia","Carnivora","Felidae","Felis",NA
"RL2501_F130_4_MV1","Homo sapiens","Mammalia",5692,"scientific name","Eukaryota","Chordata","Mammalia","Primates","Hominidae","Homo","Homo sapiens"
"RL2501_F130_4_MV1","Luidia foliolata","Asteroidea",20,"scientific name","Eukaryota","Echinodermata","Asteroidea","Paxillosida","Luidiidae","Luidia","Luidia foliolata"
"RL2501_F130_4_MV1","Paralichthys californicus","Actinopteri",793,"scientific name","Eukaryota","Chordata","Actinopteri","Pleuronectiformes","Paralichthyidae","Paralichthys","Paralichthys californicus"
"RL2501_F130_4_MV1","Sebastes","Actinopteri",139125,"scientific name","Eukaryota","Chordata","Actinopteri","Perciformes","Sebastidae","Sebastes",NA
"RL2501_F130_4_MV1","Sebastes mystinus","Actinopteri",3527,"scientific name","Eukaryota","Chordata","Actinopteri","Perciformes","Sebastidae","Sebastes","Sebastes mystinus"
"RL2501_F130_4_MV1","Strongylocentrotus purpuratus","Echinoidea",1841,"scientific name","Eukaryota","Echinodermata","Echinoidea","Camarodonta","Strongylocentrotidae","Strongylocentrotus","Strongylocentrotus purpuratus"
"RL2501_F130_4_MV1",NA,NA,27915,NA,NA,NA,NA,NA,NA,NA,NA
"RL2501_F131_1_MV1","Astropecten verrilli","Asteroidea",937,"scientific name","Eukaryota","Echinodermata","Asteroidea","Paxillosida","Astropectinidae","Astropecten","Astropecten verrilli"
"RL2501_F131_1_MV1","Callorhinus ursinus","Mammalia",5583,"scientific name","Eukaryota","Chordata","Mammalia","Carnivora","Otariidae","Callorhinus","Callorhinus ursinus"
"RL2501_F131_1_MV1","Diaphus theta","Actinopteri",2701,"scientific name","Eukaryota","Chordata","Actinopteri","Myctophiformes","Myctophidae","Diaphus","Diaphus theta"
"RL2501_F131_1_MV1","Engraulis mordax","Actinopteri",1467,"scientific name","Eukaryota","Chordata","Actinopteri","Clupeiformes","Engraulidae","Engraulis","Engraulis mordax"
"RL2501_F131_1_MV1","Homo sapiens","Mammalia",17432,"scientific name","Eukaryota","Chordata","Mammalia","Primates","Hominidae","Homo","Homo sapiens"
"RL2501_F131_1_MV1","Icichthys lockingtoni","Actinopteri",2326,"scientific name","Eukaryota","Chordata","Actinopteri","Scombriformes","Centrolophidae","Icichthys","Icichthys lockingtoni"
"RL2501_F131_1_MV1","Luidia foliolata","Asteroidea",26,"scientific name","Eukaryota","Echinodermata","Asteroidea","Paxillosida","Luidiidae","Luidia","Luidia foliolata"
"RL2501_F131_1_MV1","Merluccius productus","Actinopteri",5646,"scientific name","Eukaryota","Chordata","Actinopteri","Gadiformes","Merlucciidae","Merluccius","Merluccius productus"
"RL2501_F131_1_MV1","Sebastes","Actinopteri",236949,"scientific name","Eukaryota","Chordata","Actinopteri","Perciformes","Sebastidae","Sebastes",NA
"RL2501_F131_1_MV1","Sebastes mystinus","Actinopteri",2704,"scientific name","Eukaryota","Chordata","Actinopteri","Perciformes","Sebastidae","Sebastes","Sebastes mystinus"
"RL2501_F131_1_MV1","Stenobrachius leucopsarus","Actinopteri",2876,"scientific name","Eukaryota","Chordata","Actinopteri","Myctophiformes","Myctophidae","Stenobrachius","Stenobrachius leucopsarus"
"RL2501_F131_1_MV1","Strongylocentrotus purpuratus","Echinoidea",1996,"scientific name","Eukaryota","Echinodermata","Echinoidea","Camarodonta","Strongylocentrotidae","Strongylocentrotus","Strongylocentrotus purpuratus"
"RL2501_F131_1_MV1","Symbolophorus californiensis","Actinopteri",13624,"scientific name","Eukaryota","Chordata","Actinopteri","Myctophiformes","Myctophidae","Symbolophorus","Symbolophorus californiensis"
"RL2501_F131_1_MV1",NA,NA,33929,NA,NA,NA,NA,NA,NA,NA,NA
"RL2501_F131_2_MV1","Astropecten verrilli","Asteroidea",174,"scientific name","Eukaryota","Echinodermata","Asteroidea","Paxillosida","Astropectinidae","Astropecten","Astropecten verrilli"
"RL2501_F131_2_MV1","Balaenoptera physalus","Mammalia",662,"scientific name","Eukaryota","Chordata","Mammalia","Artiodactyla","Balaenopteridae","Balaenoptera","Balaenoptera physalus"
"RL2501_F131_2_MV1","Callorhinus ursinus","Mammalia",713,"scientific name","Eukaryota","Chordata","Mammalia","Carnivora","Otariidae","Callorhinus","Callorhinus ursinus"
"RL2501_F131_2_MV1","Diaphus theta","Actinopteri",1368,"scientific name","Eukaryota","Chordata","Actinopteri","Myctophiformes","Myctophidae","Diaphus","Diaphus theta"
"RL2501_F131_2_MV1","Engraulis mordax","Actinopteri",1522,"scientific name","Eukaryota","Chordata","Actinopteri","Clupeiformes","Engraulidae","Engraulis","Engraulis mordax"
"RL2501_F131_2_MV1","Homo sapiens","Mammalia",15300,"scientific name","Eukaryota","Chordata","Mammalia","Primates","Hominidae","Homo","Homo sapiens"
"RL2501_F131_2_MV1","Luidia foliolata","Asteroidea",5,"scientific name","Eukaryota","Echinodermata","Asteroidea","Paxillosida","Luidiidae","Luidia","Luidia foliolata"
"RL2501_F131_2_MV1","Merluccius productus","Actinopteri",5968,"scientific name","Eukaryota","Chordata","Actinopteri","Gadiformes","Merlucciidae","Merluccius","Merluccius productus"
"RL2501_F131_2_MV1","Sebastes","Actinopteri",159773,"scientific name","Eukaryota","Chordata","Actinopteri","Perciformes","Sebastidae","Sebastes",NA
"RL2501_F131_2_MV1","Sebastes mystinus","Actinopteri",1602,"scientific name","Eukaryota","Chordata","Actinopteri","Perciformes","Sebastidae","Sebastes","Sebastes mystinus"
"RL2501_F131_2_MV1","Stenella coeruleoalba","Mammalia",117,"scientific name","Eukaryota","Chordata","Mammalia","Artiodactyla","Delphinidae","Stenella","Stenella coeruleoalba"
"RL2501_F131_2_MV1","Stenobrachius leucopsarus","Actinopteri",2083,"scientific name","Eukaryota","Chordata","Actinopteri","Myctophiformes","Myctophidae","Stenobrachius","Stenobrachius leucopsarus"
"RL2501_F131_2_MV1","Strongylocentrotus purpuratus","Echinoidea",3276,"scientific name","Eukaryota","Echinodermata","Echinoidea","Camarodonta","Strongylocentrotidae","Strongylocentrotus","Strongylocentrotus purpuratus"
"RL2501_F131_2_MV1","Symbolophorus californiensis","Actinopteri",9404,"scientific name","Eukaryota","Chordata","Actinopteri","Myctophiformes","Myctophidae","Symbolophorus","Symbolophorus californiensis"
"RL2501_F131_2_MV1","Syngnathus","Actinopteri",904,"scientific name","Eukaryota","Chordata","Actinopteri","Syngnathiformes","Syngnathidae","Syngnathus",NA
"RL2501_F131_2_MV1","Tarletonbeania crenularis","Actinopteri",575,"scientific name","Eukaryota","Chordata","Actinopteri","Myctophiformes","Myctophidae","Tarletonbeania","Tarletonbeania crenularis"
"RL2501_F131_2_MV1",NA,NA,24944,NA,NA,NA,NA,NA,NA,NA,NA
"RL2501_F131_3_MV1","Astropecten verrilli","Asteroidea",146,"scientific name","Eukaryota","Echinodermata","Asteroidea","Paxillosida","Astropectinidae","Astropecten","Astropecten verrilli"
"RL2501_F131_3_MV1","Callorhinus ursinus","Mammalia",68,"scientific name","Eukaryota","Chordata","Mammalia","Carnivora","Otariidae","Callorhinus","Callorhinus ursinus"
"RL2501_F131_3_MV1","Cololabis saira","Actinopteri",525,"scientific name","Eukaryota","Chordata","Actinopteri","Beloniformes","Belonidae","Cololabis","Cololabis saira"
"RL2501_F131_3_MV1","Engraulis mordax","Actinopteri",658,"scientific name","Eukaryota","Chordata","Actinopteri","Clupeiformes","Engraulidae","Engraulis","Engraulis mordax"
"RL2501_F131_3_MV1","Evadne","Branchiopoda",7,"scientific name","Eukaryota","Arthropoda","Branchiopoda","Diplostraca","Podonidae","Evadne",NA
"RL2501_F131_3_MV1","Homo sapiens","Mammalia",10645,"scientific name","Eukaryota","Chordata","Mammalia","Primates","Hominidae","Homo","Homo sapiens"
"RL2501_F131_3_MV1","Icichthys lockingtoni","Actinopteri",408,"scientific name","Eukaryota","Chordata","Actinopteri","Scombriformes","Centrolophidae","Icichthys","Icichthys lockingtoni"
"RL2501_F131_3_MV1","Merluccius productus","Actinopteri",306,"scientific name","Eukaryota","Chordata","Actinopteri","Gadiformes","Merlucciidae","Merluccius","Merluccius productus"
"RL2501_F131_3_MV1","Ostreococcus sp. lucimarinus","Mamiellophyceae",105,"synonym","Eukaryota","Chlorophyta","Mamiellophyceae","Mamiellales","Bathycoccaceae","Ostreococcus","Ostreococcus sp. 'lucimarinus'"
"RL2501_F131_3_MV1","Sebastes","Actinopteri",165480,"scientific name","Eukaryota","Chordata","Actinopteri","Perciformes","Sebastidae","Sebastes",NA
"RL2501_F131_3_MV1","Sebastes mystinus","Actinopteri",2367,"scientific name","Eukaryota","Chordata","Actinopteri","Perciformes","Sebastidae","Sebastes","Sebastes mystinus"
"RL2501_F131_3_MV1","Stenobrachius leucopsarus","Actinopteri",973,"scientific name","Eukaryota","Chordata","Actinopteri","Myctophiformes","Myctophidae","Stenobrachius","Stenobrachius leucopsarus"
"RL2501_F131_3_MV1","Strongylocentrotus purpuratus","Echinoidea",2659,"scientific name","Eukaryota","Echinodermata","Echinoidea","Camarodonta","Strongylocentrotidae","Strongylocentrotus","Strongylocentrotus purpuratus"
"RL2501_F131_3_MV1","Symbolophorus californiensis","Actinopteri",7777,"scientific name","Eukaryota","Chordata","Actinopteri","Myctophiformes","Myctophidae","Symbolophorus","Symbolophorus californiensis"
"RL2501_F131_3_MV1",NA,NA,20458,NA,NA,NA,NA,NA,NA,NA,NA
"RL2501_F131_4_MV1","Astropecten verrilli","Asteroidea",250,"scientific name","Eukaryota","Echinodermata","Asteroidea","Paxillosida","Astropectinidae","Astropecten","Astropecten verrilli"
"RL2501_F131_4_MV1","Callorhinus ursinus","Mammalia",3,"scientific name","Eukaryota","Chordata","Mammalia","Carnivora","Otariidae","Callorhinus","Callorhinus ursinus"
"RL2501_F131_4_MV1","Ceratoscopelus","Actinopteri",3711,"scientific name","Eukaryota","Chordata","Actinopteri","Myctophiformes","Myctophidae","Ceratoscopelus",NA
"RL2501_F131_4_MV1","Cololabis saira","Actinopteri",1018,"scientific name","Eukaryota","Chordata","Actinopteri","Beloniformes","Belonidae","Cololabis","Cololabis saira"
"RL2501_F131_4_MV1","Delphinidae","Mammalia",2,"scientific name","Eukaryota","Chordata","Mammalia","Artiodactyla","Delphinidae",NA,NA
"RL2501_F131_4_MV1","Engraulis mordax","Actinopteri",16,"scientific name","Eukaryota","Chordata","Actinopteri","Clupeiformes","Engraulidae","Engraulis","Engraulis mordax"
"RL2501_F131_4_MV1","Homo sapiens","Mammalia",4933,"scientific name","Eukaryota","Chordata","Mammalia","Primates","Hominidae","Homo","Homo sapiens"
"RL2501_F131_4_MV1","Mirounga angustirostris","Mammalia",1713,"scientific name","Eukaryota","Chordata","Mammalia","Carnivora","Phocidae","Mirounga","Mirounga angustirostris"
"RL2501_F131_4_MV1","Sebastes","Actinopteri",163975,"scientific name","Eukaryota","Chordata","Actinopteri","Perciformes","Sebastidae","Sebastes",NA
"RL2501_F131_4_MV1","Sebastes mystinus","Actinopteri",624,"scientific name","Eukaryota","Chordata","Actinopteri","Perciformes","Sebastidae","Sebastes","Sebastes mystinus"
"RL2501_F131_4_MV1","Strongylocentrotus purpuratus","Echinoidea",1554,"scientific name","Eukaryota","Echinodermata","Echinoidea","Camarodonta","Strongylocentrotidae","Strongylocentrotus","Strongylocentrotus purpuratus"
"RL2501_F131_4_MV1","Symbolophorus californiensis","Actinopteri",6183,"scientific name","Eukaryota","Chordata","Actinopteri","Myctophiformes","Myctophidae","Symbolophorus","Symbolophorus californiensis"
"RL2501_F131_4_MV1","Tarletonbeania crenularis","Actinopteri",851,"scientific name","Eukaryota","Chordata","Actinopteri","Myctophiformes","Myctophidae","Tarletonbeania","Tarletonbeania crenularis"
"RL2501_F131_4_MV1","Trachurus symmetricus","Actinopteri",3,"scientific name","Eukaryota","Chordata","Actinopteri","Carangiformes","Carangidae","Trachurus","Trachurus symmetricus"
"RL2501_F131_4_MV1",NA,NA,37858,NA,NA,NA,NA,NA,NA,NA,NA
"RL2501_F135_1_MV1","Bathycoccus prasinos","Mamiellophyceae",30,"scientific name","Eukaryota","Chlorophyta","Mamiellophyceae","Mamiellales","Bathycoccaceae","Bathycoccus","Bathycoccus prasinos"
"RL2501_F135_1_MV1","Bos","Mammalia",176,"scientific name","Eukaryota","Chordata","Mammalia","Artiodactyla","Bovidae","Bos",NA
"RL2501_F135_1_MV1","Bos taurus","Mammalia",75671,"scientific name","Eukaryota","Chordata","Mammalia","Artiodactyla","Bovidae","Bos","Bos taurus"
"RL2501_F135_1_MV1","Cololabis saira","Actinopteri",237,"scientific name","Eukaryota","Chordata","Actinopteri","Beloniformes","Belonidae","Cololabis","Cololabis saira"
"RL2501_F135_1_MV1","Homo sapiens","Mammalia",16464,"scientific name","Eukaryota","Chordata","Mammalia","Primates","Hominidae","Homo","Homo sapiens"
"RL2501_F135_1_MV1","Sebastes","Actinopteri",4714,"scientific name","Eukaryota","Chordata","Actinopteri","Perciformes","Sebastidae","Sebastes",NA
"RL2501_F135_1_MV1","Symbolophorus californiensis","Actinopteri",329,"scientific name","Eukaryota","Chordata","Actinopteri","Myctophiformes","Myctophidae","Symbolophorus","Symbolophorus californiensis"
"RL2501_F135_1_MV1","Syngnathus","Actinopteri",14273,"scientific name","Eukaryota","Chordata","Actinopteri","Syngnathiformes","Syngnathidae","Syngnathus",NA
"RL2501_F135_1_MV1",NA,NA,3067,NA,NA,NA,NA,NA,NA,NA,NA
"RL2501_F135_2_MV1","Bathycoccus prasinos","Mamiellophyceae",28,"scientific name","Eukaryota","Chlorophyta","Mamiellophyceae","Mamiellales","Bathycoccaceae","Bathycoccus","Bathycoccus prasinos"
"RL2501_F135_2_MV1","Bos taurus","Mammalia",66248,"scientific name","Eukaryota","Chordata","Mammalia","Artiodactyla","Bovidae","Bos","Bos taurus"
"RL2501_F135_2_MV1","Ceratoscopelus","Actinopteri",16,"scientific name","Eukaryota","Chordata","Actinopteri","Myctophiformes","Myctophidae","Ceratoscopelus",NA
"RL2501_F135_2_MV1","Citharichthys sordidus","Actinopteri",609,"scientific name","Eukaryota","Chordata","Actinopteri","Pleuronectiformes","Cyclopsettidae","Citharichthys","Citharichthys sordidus"
"RL2501_F135_2_MV1","Hominidae","Mammalia",306,"scientific name","Eukaryota","Chordata","Mammalia","Primates","Hominidae",NA,NA
"RL2501_F135_2_MV1","Homo sapiens","Mammalia",10520,"scientific name","Eukaryota","Chordata","Mammalia","Primates","Hominidae","Homo","Homo sapiens"
"RL2501_F135_2_MV1","Icichthys lockingtoni","Actinopteri",462,"scientific name","Eukaryota","Chordata","Actinopteri","Scombriformes","Centrolophidae","Icichthys","Icichthys lockingtoni"
"RL2501_F135_2_MV1","Sebastes","Actinopteri",2922,"scientific name","Eukaryota","Chordata","Actinopteri","Perciformes","Sebastidae","Sebastes",NA
"RL2501_F135_2_MV1","Stenella coeruleoalba","Mammalia",262,"scientific name","Eukaryota","Chordata","Mammalia","Artiodactyla","Delphinidae","Stenella","Stenella coeruleoalba"
"RL2501_F135_2_MV1","Symbolophorus californiensis","Actinopteri",556,"scientific name","Eukaryota","Chordata","Actinopteri","Myctophiformes","Myctophidae","Symbolophorus","Symbolophorus californiensis"
"RL2501_F135_2_MV1","Syngnathus","Actinopteri",5740,"scientific name","Eukaryota","Chordata","Actinopteri","Syngnathiformes","Syngnathidae","Syngnathus",NA
"RL2501_F135_2_MV1",NA,NA,7908,NA,NA,NA,NA,NA,NA,NA,NA
"RL2501_F135_3_MV1","Astropecten verrilli","Asteroidea",4,"scientific name","Eukaryota","Echinodermata","Asteroidea","Paxillosida","Astropectinidae","Astropecten","Astropecten verrilli"
"RL2501_F135_3_MV1","Bathycoccus prasinos","Mamiellophyceae",69,"scientific name","Eukaryota","Chlorophyta","Mamiellophyceae","Mamiellales","Bathycoccaceae","Bathycoccus","Bathycoccus prasinos"
"RL2501_F135_3_MV1","Bos taurus","Mammalia",65551,"scientific name","Eukaryota","Chordata","Mammalia","Artiodactyla","Bovidae","Bos","Bos taurus"
"RL2501_F135_3_MV1","Citharichthys sordidus","Actinopteri",1242,"scientific name","Eukaryota","Chordata","Actinopteri","Pleuronectiformes","Cyclopsettidae","Citharichthys","Citharichthys sordidus"
"RL2501_F135_3_MV1","Gallus","Aves",257,"scientific name","Eukaryota","Chordata","Aves","Galliformes","Phasianidae","Gallus",NA
"RL2501_F135_3_MV1","Homo sapiens","Mammalia",15730,"scientific name","Eukaryota","Chordata","Mammalia","Primates","Hominidae","Homo","Homo sapiens"
"RL2501_F135_3_MV1","Sebastes","Actinopteri",5132,"scientific name","Eukaryota","Chordata","Actinopteri","Perciformes","Sebastidae","Sebastes",NA
"RL2501_F135_3_MV1","Sebastes paucispinis","Actinopteri",206,"scientific name","Eukaryota","Chordata","Actinopteri","Perciformes","Sebastidae","Sebastes","Sebastes paucispinis"
"RL2501_F135_3_MV1","Stenella coeruleoalba","Mammalia",8,"scientific name","Eukaryota","Chordata","Mammalia","Artiodactyla","Delphinidae","Stenella","Stenella coeruleoalba"
"RL2501_F135_3_MV1","Symbolophorus californiensis","Actinopteri",896,"scientific name","Eukaryota","Chordata","Actinopteri","Myctophiformes","Myctophidae","Symbolophorus","Symbolophorus californiensis"
"RL2501_F135_3_MV1","Syngnathus","Actinopteri",5681,"scientific name","Eukaryota","Chordata","Actinopteri","Syngnathiformes","Syngnathidae","Syngnathus",NA
"RL2501_F135_3_MV1","Tetragonurus cuvieri","Actinopteri",325,"scientific name","Eukaryota","Chordata","Actinopteri","Scombriformes","Tetragonuridae","Tetragonurus","Tetragonurus cuvieri"
"RL2501_F135_3_MV1",NA,NA,11306,NA,NA,NA,NA,NA,NA,NA,NA
"RL2501_F135_4_MV1","Bathycoccus prasinos","Mamiellophyceae",62,"scientific name","Eukaryota","Chlorophyta","Mamiellophyceae","Mamiellales","Bathycoccaceae","Bathycoccus","Bathycoccus prasinos"
"RL2501_F135_4_MV1","Bos taurus","Mammalia",47485,"scientific name","Eukaryota","Chordata","Mammalia","Artiodactyla","Bovidae","Bos","Bos taurus"
"RL2501_F135_4_MV1","Citharichthys sordidus","Actinopteri",290,"scientific name","Eukaryota","Chordata","Actinopteri","Pleuronectiformes","Cyclopsettidae","Citharichthys","Citharichthys sordidus"
"RL2501_F135_4_MV1","Homo sapiens","Mammalia",9905,"scientific name","Eukaryota","Chordata","Mammalia","Primates","Hominidae","Homo","Homo sapiens"
"RL2501_F135_4_MV1","Sebastes","Actinopteri",1377,"scientific name","Eukaryota","Chordata","Actinopteri","Perciformes","Sebastidae","Sebastes",NA
"RL2501_F135_4_MV1","Strongylocentrotus purpuratus","Echinoidea",4,"scientific name","Eukaryota","Echinodermata","Echinoidea","Camarodonta","Strongylocentrotidae","Strongylocentrotus","Strongylocentrotus purpuratus"
"RL2501_F135_4_MV1","Symbolophorus californiensis","Actinopteri",1198,"scientific name","Eukaryota","Chordata","Actinopteri","Myctophiformes","Myctophidae","Symbolophorus","Symbolophorus californiensis"
"RL2501_F135_4_MV1","Syngnathus","Actinopteri",2026,"scientific name","Eukaryota","Chordata","Actinopteri","Syngnathiformes","Syngnathidae","Syngnathus",NA
"RL2501_F135_4_MV1","Tetragonurus cuvieri","Actinopteri",404,"scientific name","Eukaryota","Chordata","Actinopteri","Scombriformes","Tetragonuridae","Tetragonurus","Tetragonurus cuvieri"
"RL2501_F135_4_MV1",NA,NA,14002,NA,NA,NA,NA,NA,NA,NA,NA
"RL2501_F138_1_1_MV1","Astropecten verrilli","Asteroidea",237,"scientific name","Eukaryota","Echinodermata","Asteroidea","Paxillosida","Astropectinidae","Astropecten","Astropecten verrilli"
"RL2501_F138_1_1_MV1","Balaenoptera physalus","Mammalia",535,"scientific name","Eukaryota","Chordata","Mammalia","Artiodactyla","Balaenopteridae","Balaenoptera","Balaenoptera physalus"
"RL2501_F138_1_1_MV1","Bathycoccus prasinos","Mamiellophyceae",34,"scientific name","Eukaryota","Chlorophyta","Mamiellophyceae","Mamiellales","Bathycoccaceae","Bathycoccus","Bathycoccus prasinos"
"RL2501_F138_1_1_MV1","Cololabis saira","Actinopteri",1025,"scientific name","Eukaryota","Chordata","Actinopteri","Beloniformes","Belonidae","Cololabis","Cololabis saira"
"RL2501_F138_1_1_MV1","Diaphus theta","Actinopteri",1576,"scientific name","Eukaryota","Chordata","Actinopteri","Myctophiformes","Myctophidae","Diaphus","Diaphus theta"
"RL2501_F138_1_1_MV1","Homo sapiens","Mammalia",25588,"scientific name","Eukaryota","Chordata","Mammalia","Primates","Hominidae","Homo","Homo sapiens"
"RL2501_F138_1_1_MV1","Lamna ditropis","Chondrichthyes",166,"scientific name","Eukaryota","Chordata","Chondrichthyes","Lamniformes","Lamnidae","Lamna","Lamna ditropis"
"RL2501_F138_1_1_MV1","Lipolagus ochotensis","Actinopteri",2305,"scientific name","Eukaryota","Chordata","Actinopteri","Argentiniformes","Bathylagidae","Lipolagus","Lipolagus ochotensis"
"RL2501_F138_1_1_MV1","Merluccius angustimanus","Actinopteri",451,"scientific name","Eukaryota","Chordata","Actinopteri","Gadiformes","Merlucciidae","Merluccius","Merluccius angustimanus"
"RL2501_F138_1_1_MV1","Merluccius productus","Actinopteri",6019,"scientific name","Eukaryota","Chordata","Actinopteri","Gadiformes","Merlucciidae","Merluccius","Merluccius productus"
"RL2501_F138_1_1_MV1","Sebastes","Actinopteri",14234,"scientific name","Eukaryota","Chordata","Actinopteri","Perciformes","Sebastidae","Sebastes",NA
"RL2501_F138_1_1_MV1","Sebastes paucispinis","Actinopteri",1212,"scientific name","Eukaryota","Chordata","Actinopteri","Perciformes","Sebastidae","Sebastes","Sebastes paucispinis"
"RL2501_F138_1_1_MV1","Sebastes pinniger","Actinopteri",56,"scientific name","Eukaryota","Chordata","Actinopteri","Perciformes","Sebastidae","Sebastes","Sebastes pinniger"
"RL2501_F138_1_1_MV1","Strongylocentrotus purpuratus","Echinoidea",376,"scientific name","Eukaryota","Echinodermata","Echinoidea","Camarodonta","Strongylocentrotidae","Strongylocentrotus","Strongylocentrotus purpuratus"
"RL2501_F138_1_1_MV1","Symbolophorus californiensis","Actinopteri",9921,"scientific name","Eukaryota","Chordata","Actinopteri","Myctophiformes","Myctophidae","Symbolophorus","Symbolophorus californiensis"
"RL2501_F138_1_1_MV1","Syngnathus","Actinopteri",1157,"scientific name","Eukaryota","Chordata","Actinopteri","Syngnathiformes","Syngnathidae","Syngnathus",NA
"RL2501_F138_1_1_MV1",NA,NA,17809,NA,NA,NA,NA,NA,NA,NA,NA
"RL2501_F138_1_2_MV1","Astropecten verrilli","Asteroidea",171,"scientific name","Eukaryota","Echinodermata","Asteroidea","Paxillosida","Astropectinidae","Astropecten","Astropecten verrilli"
"RL2501_F138_1_2_MV1","Homo sapiens","Mammalia",23699,"scientific name","Eukaryota","Chordata","Mammalia","Primates","Hominidae","Homo","Homo sapiens"
"RL2501_F138_1_2_MV1","Lipolagus ochotensis","Actinopteri",839,"scientific name","Eukaryota","Chordata","Actinopteri","Argentiniformes","Bathylagidae","Lipolagus","Lipolagus ochotensis"
"RL2501_F138_1_2_MV1","Merluccius angustimanus","Actinopteri",1944,"scientific name","Eukaryota","Chordata","Actinopteri","Gadiformes","Merlucciidae","Merluccius","Merluccius angustimanus"
"RL2501_F138_1_2_MV1","Merluccius productus","Actinopteri",8442,"scientific name","Eukaryota","Chordata","Actinopteri","Gadiformes","Merlucciidae","Merluccius","Merluccius productus"
"RL2501_F138_1_2_MV1","Sebastes","Actinopteri",13326,"scientific name","Eukaryota","Chordata","Actinopteri","Perciformes","Sebastidae","Sebastes",NA
"RL2501_F138_1_2_MV1","Strongylocentrotus purpuratus","Echinoidea",263,"scientific name","Eukaryota","Echinodermata","Echinoidea","Camarodonta","Strongylocentrotidae","Strongylocentrotus","Strongylocentrotus purpuratus"
"RL2501_F138_1_2_MV1","Symbolophorus californiensis","Actinopteri",3825,"scientific name","Eukaryota","Chordata","Actinopteri","Myctophiformes","Myctophidae","Symbolophorus","Symbolophorus californiensis"
"RL2501_F138_1_2_MV1",NA,NA,28575,NA,NA,NA,NA,NA,NA,NA,NA
"RL2501_F138_1_3_MV1","Astropecten verrilli","Asteroidea",264,"scientific name","Eukaryota","Echinodermata","Asteroidea","Paxillosida","Astropectinidae","Astropecten","Astropecten verrilli"
"RL2501_F138_1_3_MV1","Ceratoscopelus","Actinopteri",38,"scientific name","Eukaryota","Chordata","Actinopteri","Myctophiformes","Myctophidae","Ceratoscopelus",NA
"RL2501_F138_1_3_MV1","Diaphus theta","Actinopteri",783,"scientific name","Eukaryota","Chordata","Actinopteri","Myctophiformes","Myctophidae","Diaphus","Diaphus theta"
"RL2501_F138_1_3_MV1","Homo sapiens","Mammalia",14700,"scientific name","Eukaryota","Chordata","Mammalia","Primates","Hominidae","Homo","Homo sapiens"
"RL2501_F138_1_3_MV1","Merluccius","Actinopteri",2,"scientific name","Eukaryota","Chordata","Actinopteri","Gadiformes","Merlucciidae","Merluccius",NA
"RL2501_F138_1_3_MV1","Merluccius angustimanus","Actinopteri",4770,"scientific name","Eukaryota","Chordata","Actinopteri","Gadiformes","Merlucciidae","Merluccius","Merluccius angustimanus"
"RL2501_F138_1_3_MV1","Merluccius productus","Actinopteri",6109,"scientific name","Eukaryota","Chordata","Actinopteri","Gadiformes","Merlucciidae","Merluccius","Merluccius productus"
"RL2501_F138_1_3_MV1","Sebastes","Actinopteri",15030,"scientific name","Eukaryota","Chordata","Actinopteri","Perciformes","Sebastidae","Sebastes",NA
"RL2501_F138_1_3_MV1","Sebastes paucispinis","Actinopteri",481,"scientific name","Eukaryota","Chordata","Actinopteri","Perciformes","Sebastidae","Sebastes","Sebastes paucispinis"
"RL2501_F138_1_3_MV1","Sebastes pinniger","Actinopteri",102,"scientific name","Eukaryota","Chordata","Actinopteri","Perciformes","Sebastidae","Sebastes","Sebastes pinniger"
"RL2501_F138_1_3_MV1","Stenella coeruleoalba","Mammalia",207,"scientific name","Eukaryota","Chordata","Mammalia","Artiodactyla","Delphinidae","Stenella","Stenella coeruleoalba"
"RL2501_F138_1_3_MV1","Strongylocentrotus purpuratus","Echinoidea",620,"scientific name","Eukaryota","Echinodermata","Echinoidea","Camarodonta","Strongylocentrotidae","Strongylocentrotus","Strongylocentrotus purpuratus"
"RL2501_F138_1_3_MV1","Symbolophorus californiensis","Actinopteri",7860,"scientific name","Eukaryota","Chordata","Actinopteri","Myctophiformes","Myctophidae","Symbolophorus","Symbolophorus californiensis"
"RL2501_F138_1_3_MV1","Syngnathus","Actinopteri",1215,"scientific name","Eukaryota","Chordata","Actinopteri","Syngnathiformes","Syngnathidae","Syngnathus",NA
"RL2501_F138_1_3_MV1","Tarletonbeania crenularis","Actinopteri",995,"scientific name","Eukaryota","Chordata","Actinopteri","Myctophiformes","Myctophidae","Tarletonbeania","Tarletonbeania crenularis"
"RL2501_F138_1_3_MV1",NA,NA,25789,NA,NA,NA,NA,NA,NA,NA,NA
"RL2501_F138_1_4_MV1","Astropecten verrilli","Asteroidea",126,"scientific name","Eukaryota","Echinodermata","Asteroidea","Paxillosida","Astropectinidae","Astropecten","Astropecten verrilli"
"RL2501_F138_1_4_MV1","Bathycoccus prasinos","Mamiellophyceae",32,"scientific name","Eukaryota","Chlorophyta","Mamiellophyceae","Mamiellales","Bathycoccaceae","Bathycoccus","Bathycoccus prasinos"
"RL2501_F138_1_4_MV1","Chloropicon","Chloropicophyceae",5,"scientific name","Eukaryota","Chlorophyta","Chloropicophyceae","Chloropicales","Chloropicaceae","Chloropicon",NA
"RL2501_F138_1_4_MV1","Citharichthys sordidus","Actinopteri",979,"scientific name","Eukaryota","Chordata","Actinopteri","Pleuronectiformes","Cyclopsettidae","Citharichthys","Citharichthys sordidus"
"RL2501_F138_1_4_MV1","Diaphus theta","Actinopteri",1312,"scientific name","Eukaryota","Chordata","Actinopteri","Myctophiformes","Myctophidae","Diaphus","Diaphus theta"
"RL2501_F138_1_4_MV1","Homo sapiens","Mammalia",3125,"scientific name","Eukaryota","Chordata","Mammalia","Primates","Hominidae","Homo","Homo sapiens"
"RL2501_F138_1_4_MV1","Lampanyctus tenuiformis","Actinopteri",679,"scientific name","Eukaryota","Chordata","Actinopteri","Myctophiformes","Myctophidae","Lampanyctus","Lampanyctus tenuiformis"
"RL2501_F138_1_4_MV1","Merluccius angustimanus","Actinopteri",570,"scientific name","Eukaryota","Chordata","Actinopteri","Gadiformes","Merlucciidae","Merluccius","Merluccius angustimanus"
"RL2501_F138_1_4_MV1","Merluccius productus","Actinopteri",802,"scientific name","Eukaryota","Chordata","Actinopteri","Gadiformes","Merlucciidae","Merluccius","Merluccius productus"
"RL2501_F138_1_4_MV1","Sebastes","Actinopteri",1124,"scientific name","Eukaryota","Chordata","Actinopteri","Perciformes","Sebastidae","Sebastes",NA
"RL2501_F138_1_4_MV1","Strongylocentrotus purpuratus","Echinoidea",81,"scientific name","Eukaryota","Echinodermata","Echinoidea","Camarodonta","Strongylocentrotidae","Strongylocentrotus","Strongylocentrotus purpuratus"
"RL2501_F138_1_4_MV1","Symbolophorus californiensis","Actinopteri",1036,"scientific name","Eukaryota","Chordata","Actinopteri","Myctophiformes","Myctophidae","Symbolophorus","Symbolophorus californiensis"
"RL2501_F138_1_4_MV1","Syngnathus","Actinopteri",236,"scientific name","Eukaryota","Chordata","Actinopteri","Syngnathiformes","Syngnathidae","Syngnathus",NA
"RL2501_F138_1_4_MV1",NA,NA,29047,NA,NA,NA,NA,NA,NA,NA,NA
"RL2501_F138_2_1_MV1","Astropecten verrilli","Asteroidea",24,"scientific name","Eukaryota","Echinodermata","Asteroidea","Paxillosida","Astropectinidae","Astropecten","Astropecten verrilli"
"RL2501_F138_2_1_MV1","Bathycoccus prasinos","Mamiellophyceae",8,"scientific name","Eukaryota","Chlorophyta","Mamiellophyceae","Mamiellales","Bathycoccaceae","Bathycoccus","Bathycoccus prasinos"
"RL2501_F138_2_1_MV1","Homo sapiens","Mammalia",24962,"scientific name","Eukaryota","Chordata","Mammalia","Primates","Hominidae","Homo","Homo sapiens"
"RL2501_F138_2_1_MV1","Merluccius productus","Actinopteri",941,"scientific name","Eukaryota","Chordata","Actinopteri","Gadiformes","Merlucciidae","Merluccius","Merluccius productus"
"RL2501_F138_2_1_MV1","Sebastes","Actinopteri",22436,"scientific name","Eukaryota","Chordata","Actinopteri","Perciformes","Sebastidae","Sebastes",NA
"RL2501_F138_2_1_MV1","Sebastes entomelas","Actinopteri",3834,"scientific name","Eukaryota","Chordata","Actinopteri","Perciformes","Sebastidae","Sebastes","Sebastes entomelas"
"RL2501_F138_2_1_MV1","Sebastes mystinus","Actinopteri",119,"scientific name","Eukaryota","Chordata","Actinopteri","Perciformes","Sebastidae","Sebastes","Sebastes mystinus"
"RL2501_F138_2_1_MV1","Strongylocentrotus purpuratus","Echinoidea",101,"scientific name","Eukaryota","Echinodermata","Echinoidea","Camarodonta","Strongylocentrotidae","Strongylocentrotus","Strongylocentrotus purpuratus"
"RL2501_F138_2_1_MV1",NA,NA,15140,NA,NA,NA,NA,NA,NA,NA,NA
"RL2501_F138_2_2_MV1","Astropecten verrilli","Asteroidea",9,"scientific name","Eukaryota","Echinodermata","Asteroidea","Paxillosida","Astropectinidae","Astropecten","Astropecten verrilli"
"RL2501_F138_2_2_MV1","Homo sapiens","Mammalia",9579,"scientific name","Eukaryota","Chordata","Mammalia","Primates","Hominidae","Homo","Homo sapiens"
"RL2501_F138_2_2_MV1","Lipolagus ochotensis","Actinopteri",751,"scientific name","Eukaryota","Chordata","Actinopteri","Argentiniformes","Bathylagidae","Lipolagus","Lipolagus ochotensis"
"RL2501_F138_2_2_MV1","Merluccius productus","Actinopteri",1097,"scientific name","Eukaryota","Chordata","Actinopteri","Gadiformes","Merlucciidae","Merluccius","Merluccius productus"
"RL2501_F138_2_2_MV1","Sebastes","Actinopteri",11342,"scientific name","Eukaryota","Chordata","Actinopteri","Perciformes","Sebastidae","Sebastes",NA
"RL2501_F138_2_2_MV1","Symbolophorus californiensis","Actinopteri",624,"scientific name","Eukaryota","Chordata","Actinopteri","Myctophiformes","Myctophidae","Symbolophorus","Symbolophorus californiensis"
"RL2501_F138_2_2_MV1","Trachurus","Actinopteri",68,"scientific name","Eukaryota","Chordata","Actinopteri","Carangiformes","Carangidae","Trachurus",NA
"RL2501_F138_2_2_MV1","Trachurus symmetricus","Actinopteri",561,"scientific name","Eukaryota","Chordata","Actinopteri","Carangiformes","Carangidae","Trachurus","Trachurus symmetricus"
"RL2501_F138_2_2_MV1",NA,NA,18960,NA,NA,NA,NA,NA,NA,NA,NA
"RL2501_F138_2_3_MV1","Astropecten verrilli","Asteroidea",190,"scientific name","Eukaryota","Echinodermata","Asteroidea","Paxillosida","Astropectinidae","Astropecten","Astropecten verrilli"
"RL2501_F138_2_3_MV1","Chiasmodontidae","Actinopteri",3,"scientific name","Eukaryota","Chordata","Actinopteri","Scombriformes","Chiasmodontidae",NA,NA
"RL2501_F138_2_3_MV1","Citharichthys sordidus","Actinopteri",146,"scientific name","Eukaryota","Chordata","Actinopteri","Pleuronectiformes","Cyclopsettidae","Citharichthys","Citharichthys sordidus"
"RL2501_F138_2_3_MV1","Citharichthys stigmaeus","Actinopteri",43,"scientific name","Eukaryota","Chordata","Actinopteri","Pleuronectiformes","Cyclopsettidae","Citharichthys","Citharichthys stigmaeus"
"RL2501_F138_2_3_MV1","Delphinidae","Mammalia",21,"scientific name","Eukaryota","Chordata","Mammalia","Artiodactyla","Delphinidae",NA,NA
"RL2501_F138_2_3_MV1","Engraulis mordax","Actinopteri",4917,"scientific name","Eukaryota","Chordata","Actinopteri","Clupeiformes","Engraulidae","Engraulis","Engraulis mordax"
"RL2501_F138_2_3_MV1","Homo sapiens","Mammalia",3662,"scientific name","Eukaryota","Chordata","Mammalia","Primates","Hominidae","Homo","Homo sapiens"
"RL2501_F138_2_3_MV1","Icichthys lockingtoni","Actinopteri",37,"scientific name","Eukaryota","Chordata","Actinopteri","Scombriformes","Centrolophidae","Icichthys","Icichthys lockingtoni"
"RL2501_F138_2_3_MV1","Leuroglossus","Actinopteri",130,"scientific name","Eukaryota","Chordata","Actinopteri","Argentiniformes","Bathylagidae","Leuroglossus",NA
"RL2501_F138_2_3_MV1","Luidia foliolata","Asteroidea",4,"scientific name","Eukaryota","Echinodermata","Asteroidea","Paxillosida","Luidiidae","Luidia","Luidia foliolata"
"RL2501_F138_2_3_MV1","Merluccius productus","Actinopteri",825,"scientific name","Eukaryota","Chordata","Actinopteri","Gadiformes","Merlucciidae","Merluccius","Merluccius productus"
"RL2501_F138_2_3_MV1","Mola","Actinopteri",3,"scientific name","Eukaryota","Chordata","Actinopteri","Tetraodontiformes","Molidae","Mola",NA
"RL2501_F138_2_3_MV1","Patiria miniata","Asteroidea",10,"scientific name","Eukaryota","Echinodermata","Asteroidea","Valvatida","Asterinidae","Patiria","Patiria miniata"
"RL2501_F138_2_3_MV1","Psenes pellucidus","Actinopteri",7,"scientific name","Eukaryota","Chordata","Actinopteri","Scombriformes","Nomeidae","Psenes","Psenes pellucidus"
"RL2501_F138_2_3_MV1","Sebastes","Actinopteri",5113,"scientific name","Eukaryota","Chordata","Actinopteri","Perciformes","Sebastidae","Sebastes",NA
"RL2501_F138_2_3_MV1","Sebastes entomelas","Actinopteri",123,"scientific name","Eukaryota","Chordata","Actinopteri","Perciformes","Sebastidae","Sebastes","Sebastes entomelas"
"RL2501_F138_2_3_MV1","Sebastidae","Actinopteri",126,"scientific name","Eukaryota","Chordata","Actinopteri","Perciformes","Sebastidae",NA,NA
"RL2501_F138_2_3_MV1","Strongylocentrotus purpuratus","Echinoidea",34,"scientific name","Eukaryota","Echinodermata","Echinoidea","Camarodonta","Strongylocentrotidae","Strongylocentrotus","Strongylocentrotus purpuratus"
"RL2501_F138_2_3_MV1","Syngnathus","Actinopteri",48,"scientific name","Eukaryota","Chordata","Actinopteri","Syngnathiformes","Syngnathidae","Syngnathus",NA
"RL2501_F138_2_3_MV1","Triphoturus mexicanus","Actinopteri",4,"scientific name","Eukaryota","Chordata","Actinopteri","Myctophiformes","Myctophidae","Triphoturus","Triphoturus mexicanus"
"RL2501_F138_2_3_MV1","Zalophus californianus","Mammalia",10,"scientific name","Eukaryota","Chordata","Mammalia","Carnivora","Otariidae","Zalophus","Zalophus californianus"
"RL2501_F138_2_3_MV1",NA,NA,16432,NA,NA,NA,NA,NA,NA,NA,NA
"RL2501_F138_2_4_MV1","Astropecten verrilli","Asteroidea",79,"scientific name","Eukaryota","Echinodermata","Asteroidea","Paxillosida","Astropectinidae","Astropecten","Astropecten verrilli"
"RL2501_F138_2_4_MV1","Homo sapiens","Mammalia",8334,"scientific name","Eukaryota","Chordata","Mammalia","Primates","Hominidae","Homo","Homo sapiens"
"RL2501_F138_2_4_MV1","Merluccius productus","Actinopteri",1373,"scientific name","Eukaryota","Chordata","Actinopteri","Gadiformes","Merlucciidae","Merluccius","Merluccius productus"
"RL2501_F138_2_4_MV1","Pisaster ochraceus","Asteroidea",125,"scientific name","Eukaryota","Echinodermata","Asteroidea","Forcipulatida","Asteriidae","Pisaster","Pisaster ochraceus"
"RL2501_F138_2_4_MV1","Sebastes","Actinopteri",8242,"scientific name","Eukaryota","Chordata","Actinopteri","Perciformes","Sebastidae","Sebastes",NA
"RL2501_F138_2_4_MV1","Sebastes mystinus","Actinopteri",927,"scientific name","Eukaryota","Chordata","Actinopteri","Perciformes","Sebastidae","Sebastes","Sebastes mystinus"
"RL2501_F138_2_4_MV1","Trachurus symmetricus","Actinopteri",3617,"scientific name","Eukaryota","Chordata","Actinopteri","Carangiformes","Carangidae","Trachurus","Trachurus symmetricus"
"RL2501_F138_2_4_MV1",NA,NA,69119,NA,NA,NA,NA,NA,NA,NA,NA
"RL2501_F139_1_MV1","Ammodytidae","Actinopteri",46,"scientific name","Eukaryota","Chordata","Actinopteri","Uranoscopiformes","Ammodytidae",NA,NA
"RL2501_F139_1_MV1","Balaenoptera musculus","Mammalia",3,"scientific name","Eukaryota","Chordata","Mammalia","Artiodactyla","Balaenopteridae","Balaenoptera","Balaenoptera musculus"
"RL2501_F139_1_MV1","Citharichthys sordidus","Actinopteri",286,"scientific name","Eukaryota","Chordata","Actinopteri","Pleuronectiformes","Cyclopsettidae","Citharichthys","Citharichthys sordidus"
"RL2501_F139_1_MV1","Delphinidae","Mammalia",36,"scientific name","Eukaryota","Chordata","Mammalia","Artiodactyla","Delphinidae",NA,NA
"RL2501_F139_1_MV1","Delphinus bairdii","Mammalia",20,"scientific name","Eukaryota","Chordata","Mammalia","Artiodactyla","Delphinidae","Delphinus","Delphinus bairdii"
"RL2501_F139_1_MV1","Engraulis mordax","Actinopteri",1179,"scientific name","Eukaryota","Chordata","Actinopteri","Clupeiformes","Engraulidae","Engraulis","Engraulis mordax"
"RL2501_F139_1_MV1","Homo sapiens","Mammalia",25,"scientific name","Eukaryota","Chordata","Mammalia","Primates","Hominidae","Homo","Homo sapiens"
"RL2501_F139_1_MV1","Leuroglossus","Actinopteri",11,"scientific name","Eukaryota","Chordata","Actinopteri","Argentiniformes","Bathylagidae","Leuroglossus",NA
"RL2501_F139_1_MV1","Oneirodes","Actinopteri",10,"scientific name","Eukaryota","Chordata","Actinopteri","Lophiiformes","Oneirodidae","Oneirodes",NA
"RL2501_F139_1_MV1","Oxylebius pictus","Actinopteri",11,"scientific name","Eukaryota","Chordata","Actinopteri","Perciformes","Hexagrammidae","Oxylebius","Oxylebius pictus"
"RL2501_F139_1_MV1","Paralichthys californicus","Actinopteri",31,"scientific name","Eukaryota","Chordata","Actinopteri","Pleuronectiformes","Paralichthyidae","Paralichthys","Paralichthys californicus"
"RL2501_F139_1_MV1","Patiria miniata","Asteroidea",2,"scientific name","Eukaryota","Echinodermata","Asteroidea","Valvatida","Asterinidae","Patiria","Patiria miniata"
"RL2501_F139_1_MV1","Phosichthyidae","Actinopteri",7,"scientific name","Eukaryota","Chordata","Actinopteri","Stomiiformes","Phosichthyidae",NA,NA
"RL2501_F139_1_MV1","Sebastes","Actinopteri",175,"scientific name","Eukaryota","Chordata","Actinopteri","Perciformes","Sebastidae","Sebastes",NA
"RL2501_F139_1_MV1","Symbolophorus californiensis","Actinopteri",24,"scientific name","Eukaryota","Chordata","Actinopteri","Myctophiformes","Myctophidae","Symbolophorus","Symbolophorus californiensis"
"RL2501_F139_1_MV1","Syngnathus","Actinopteri",6,"scientific name","Eukaryota","Chordata","Actinopteri","Syngnathiformes","Syngnathidae","Syngnathus",NA
"RL2501_F139_1_MV1","Tetragonurus cuvieri","Actinopteri",8,"scientific name","Eukaryota","Chordata","Actinopteri","Scombriformes","Tetragonuridae","Tetragonurus","Tetragonurus cuvieri"
"RL2501_F139_1_MV1","Uria","Aves",26,"scientific name","Eukaryota","Chordata","Aves","Charadriiformes","Alcidae","Uria",NA
"RL2501_F139_1_MV1","Zalophus californianus","Mammalia",3,"scientific name","Eukaryota","Chordata","Mammalia","Carnivora","Otariidae","Zalophus","Zalophus californianus"
"RL2501_F139_1_MV1",NA,NA,218,NA,NA,NA,NA,NA,NA,NA,NA
"RL2501_F139_2_MV1","Ammodytidae","Actinopteri",99,"scientific name","Eukaryota","Chordata","Actinopteri","Uranoscopiformes","Ammodytidae",NA,NA
"RL2501_F139_2_MV1","Astropecten verrilli","Asteroidea",6,"scientific name","Eukaryota","Echinodermata","Asteroidea","Paxillosida","Astropectinidae","Astropecten","Astropecten verrilli"
"RL2501_F139_2_MV1","Ceratoscopelus","Actinopteri",3,"scientific name","Eukaryota","Chordata","Actinopteri","Myctophiformes","Myctophidae","Ceratoscopelus",NA
"RL2501_F139_2_MV1","Citharichthys sordidus","Actinopteri",457,"scientific name","Eukaryota","Chordata","Actinopteri","Pleuronectiformes","Cyclopsettidae","Citharichthys","Citharichthys sordidus"
"RL2501_F139_2_MV1","Cololabis saira","Actinopteri",3,"scientific name","Eukaryota","Chordata","Actinopteri","Beloniformes","Belonidae","Cololabis","Cololabis saira"
"RL2501_F139_2_MV1","Cyclothone signata","Actinopteri",2,"scientific name","Eukaryota","Chordata","Actinopteri","Stomiiformes","Gonostomatidae","Cyclothone","Cyclothone signata"
"RL2501_F139_2_MV1","Delphinidae","Mammalia",35,"scientific name","Eukaryota","Chordata","Mammalia","Artiodactyla","Delphinidae",NA,NA
"RL2501_F139_2_MV1","Engraulis mordax","Actinopteri",1384,"scientific name","Eukaryota","Chordata","Actinopteri","Clupeiformes","Engraulidae","Engraulis","Engraulis mordax"
"RL2501_F139_2_MV1","Gallus","Aves",4,"scientific name","Eukaryota","Chordata","Aves","Galliformes","Phasianidae","Gallus",NA
"RL2501_F139_2_MV1","Homo sapiens","Mammalia",24,"scientific name","Eukaryota","Chordata","Mammalia","Primates","Hominidae","Homo","Homo sapiens"
"RL2501_F139_2_MV1","Icichthys lockingtoni","Actinopteri",7,"scientific name","Eukaryota","Chordata","Actinopteri","Scombriformes","Centrolophidae","Icichthys","Icichthys lockingtoni"
"RL2501_F139_2_MV1","Oneirodes","Actinopteri",24,"scientific name","Eukaryota","Chordata","Actinopteri","Lophiiformes","Oneirodidae","Oneirodes",NA
"RL2501_F139_2_MV1","Paralichthys californicus","Actinopteri",443,"scientific name","Eukaryota","Chordata","Actinopteri","Pleuronectiformes","Paralichthyidae","Paralichthys","Paralichthys californicus"
"RL2501_F139_2_MV1","Peprilus","Actinopteri",19,"scientific name","Eukaryota","Chordata","Actinopteri","Scombriformes","Stromateidae","Peprilus",NA
"RL2501_F139_2_MV1","Pleuronectidae","Actinopteri",8,"scientific name","Eukaryota","Chordata","Actinopteri","Pleuronectiformes","Pleuronectidae",NA,NA
"RL2501_F139_2_MV1","Sebastes","Actinopteri",220,"scientific name","Eukaryota","Chordata","Actinopteri","Perciformes","Sebastidae","Sebastes",NA
"RL2501_F139_2_MV1","Seriola lalandi","Actinopteri",2,"scientific name","Eukaryota","Chordata","Actinopteri","Carangiformes","Carangidae","Seriola","Seriola lalandi"
"RL2501_F139_2_MV1","Symbolophorus californiensis","Actinopteri",28,"scientific name","Eukaryota","Chordata","Actinopteri","Myctophiformes","Myctophidae","Symbolophorus","Symbolophorus californiensis"
"RL2501_F139_2_MV1","Syngnathus","Actinopteri",69,"scientific name","Eukaryota","Chordata","Actinopteri","Syngnathiformes","Syngnathidae","Syngnathus",NA
"RL2501_F139_2_MV1","Trachurus symmetricus","Actinopteri",3,"scientific name","Eukaryota","Chordata","Actinopteri","Carangiformes","Carangidae","Trachurus","Trachurus symmetricus"
"RL2501_F139_2_MV1","Uria","Aves",284,"scientific name","Eukaryota","Chordata","Aves","Charadriiformes","Alcidae","Uria",NA
"RL2501_F139_2_MV1",NA,NA,731,NA,NA,NA,NA,NA,NA,NA,NA
"RL2501_F139_3_MV1","Ammodytidae","Actinopteri",141,"scientific name","Eukaryota","Chordata","Actinopteri","Uranoscopiformes","Ammodytidae",NA,NA
"RL2501_F139_3_MV1","Astropecten verrilli","Asteroidea",27,"scientific name","Eukaryota","Echinodermata","Asteroidea","Paxillosida","Astropectinidae","Astropecten","Astropecten verrilli"
"RL2501_F139_3_MV1","Atherinopsis californiensis","Actinopteri",2,"scientific name","Eukaryota","Chordata","Actinopteri","Atheriniformes","Atherinopsidae","Atherinopsis","Atherinopsis californiensis"
"RL2501_F139_3_MV1","Ceratoscopelus","Actinopteri",14,"scientific name","Eukaryota","Chordata","Actinopteri","Myctophiformes","Myctophidae","Ceratoscopelus",NA
"RL2501_F139_3_MV1","Citharichthys sordidus","Actinopteri",83,"scientific name","Eukaryota","Chordata","Actinopteri","Pleuronectiformes","Cyclopsettidae","Citharichthys","Citharichthys sordidus"
"RL2501_F139_3_MV1","Citharichthys stigmaeus","Actinopteri",50,"scientific name","Eukaryota","Chordata","Actinopteri","Pleuronectiformes","Cyclopsettidae","Citharichthys","Citharichthys stigmaeus"
"RL2501_F139_3_MV1","Delphinidae","Mammalia",34,"scientific name","Eukaryota","Chordata","Mammalia","Artiodactyla","Delphinidae",NA,NA
"RL2501_F139_3_MV1","Engraulis mordax","Actinopteri",1276,"scientific name","Eukaryota","Chordata","Actinopteri","Clupeiformes","Engraulidae","Engraulis","Engraulis mordax"
"RL2501_F139_3_MV1","Hemilepidotus","Actinopteri",5,"scientific name","Eukaryota","Chordata","Actinopteri","Perciformes","Cottidae","Hemilepidotus",NA
"RL2501_F139_3_MV1","Homo sapiens","Mammalia",35,"scientific name","Eukaryota","Chordata","Mammalia","Primates","Hominidae","Homo","Homo sapiens"
"RL2501_F139_3_MV1","Hypsoblennius jenkinsi","Actinopteri",3,"scientific name","Eukaryota","Chordata","Actinopteri","Blenniiformes","Blenniidae","Hypsoblennius","Hypsoblennius jenkinsi"
"RL2501_F139_3_MV1","Icichthys lockingtoni","Actinopteri",10,"scientific name","Eukaryota","Chordata","Actinopteri","Scombriformes","Centrolophidae","Icichthys","Icichthys lockingtoni"
"RL2501_F139_3_MV1","Leuroglossus","Actinopteri",2,"scientific name","Eukaryota","Chordata","Actinopteri","Argentiniformes","Bathylagidae","Leuroglossus",NA
"RL2501_F139_3_MV1","Melanitta perspicillata","Aves",10,"scientific name","Eukaryota","Chordata","Aves","Anseriformes","Anatidae","Melanitta","Melanitta perspicillata"
"RL2501_F139_3_MV1","Mola","Actinopteri",9,"scientific name","Eukaryota","Chordata","Actinopteri","Tetraodontiformes","Molidae","Mola",NA
"RL2501_F139_3_MV1","Oneirodes","Actinopteri",73,"scientific name","Eukaryota","Chordata","Actinopteri","Lophiiformes","Oneirodidae","Oneirodes",NA
"RL2501_F139_3_MV1","Ostreococcus sp. lucimarinus","Mamiellophyceae",2,"synonym","Eukaryota","Chlorophyta","Mamiellophyceae","Mamiellales","Bathycoccaceae","Ostreococcus","Ostreococcus sp. 'lucimarinus'"
"RL2501_F139_3_MV1","Paralichthys californicus","Actinopteri",533,"scientific name","Eukaryota","Chordata","Actinopteri","Pleuronectiformes","Paralichthyidae","Paralichthys","Paralichthys californicus"
"RL2501_F139_3_MV1","Patiria miniata","Asteroidea",2,"scientific name","Eukaryota","Echinodermata","Asteroidea","Valvatida","Asterinidae","Patiria","Patiria miniata"
"RL2501_F139_3_MV1","Phosichthyidae","Actinopteri",4,"scientific name","Eukaryota","Chordata","Actinopteri","Stomiiformes","Phosichthyidae",NA,NA
"RL2501_F139_3_MV1","Pleuronectidae","Actinopteri",18,"scientific name","Eukaryota","Chordata","Actinopteri","Pleuronectiformes","Pleuronectidae",NA,NA
"RL2501_F139_3_MV1","Sebastes","Actinopteri",265,"scientific name","Eukaryota","Chordata","Actinopteri","Perciformes","Sebastidae","Sebastes",NA
"RL2501_F139_3_MV1","Sebastes pinniger","Actinopteri",32,"scientific name","Eukaryota","Chordata","Actinopteri","Perciformes","Sebastidae","Sebastes","Sebastes pinniger"
"RL2501_F139_3_MV1","Seriola lalandi","Actinopteri",16,"scientific name","Eukaryota","Chordata","Actinopteri","Carangiformes","Carangidae","Seriola","Seriola lalandi"
"RL2501_F139_3_MV1","Symbolophorus californiensis","Actinopteri",37,"scientific name","Eukaryota","Chordata","Actinopteri","Myctophiformes","Myctophidae","Symbolophorus","Symbolophorus californiensis"
"RL2501_F139_3_MV1","Syngnathus","Actinopteri",22,"scientific name","Eukaryota","Chordata","Actinopteri","Syngnathiformes","Syngnathidae","Syngnathus",NA
"RL2501_F139_3_MV1","Tarletonbeania crenularis","Actinopteri",4,"scientific name","Eukaryota","Chordata","Actinopteri","Myctophiformes","Myctophidae","Tarletonbeania","Tarletonbeania crenularis"
"RL2501_F139_3_MV1","Tetragonurus cuvieri","Actinopteri",143,"scientific name","Eukaryota","Chordata","Actinopteri","Scombriformes","Tetragonuridae","Tetragonurus","Tetragonurus cuvieri"
"RL2501_F139_3_MV1","Trachurus symmetricus","Actinopteri",2,"scientific name","Eukaryota","Chordata","Actinopteri","Carangiformes","Carangidae","Trachurus","Trachurus symmetricus"
"RL2501_F139_3_MV1","Uria","Aves",42,"scientific name","Eukaryota","Chordata","Aves","Charadriiformes","Alcidae","Uria",NA
"RL2501_F139_3_MV1","Zalophus californianus","Mammalia",4,"scientific name","Eukaryota","Chordata","Mammalia","Carnivora","Otariidae","Zalophus","Zalophus californianus"
"RL2501_F139_3_MV1",NA,NA,990,NA,NA,NA,NA,NA,NA,NA,NA
"RL2501_F139_4_MV1","Ammodytidae","Actinopteri",2,"scientific name","Eukaryota","Chordata","Actinopteri","Uranoscopiformes","Ammodytidae",NA,NA
"RL2501_F139_4_MV1","Astropecten verrilli","Asteroidea",223,"scientific name","Eukaryota","Echinodermata","Asteroidea","Paxillosida","Astropectinidae","Astropecten","Astropecten verrilli"
"RL2501_F139_4_MV1","Atherinopsis californiensis","Actinopteri",3,"scientific name","Eukaryota","Chordata","Actinopteri","Atheriniformes","Atherinopsidae","Atherinopsis","Atherinopsis californiensis"
"RL2501_F139_4_MV1","Cololabis saira","Actinopteri",885,"scientific name","Eukaryota","Chordata","Actinopteri","Beloniformes","Belonidae","Cololabis","Cololabis saira"
"RL2501_F139_4_MV1","Delphinidae","Mammalia",3949,"scientific name","Eukaryota","Chordata","Mammalia","Artiodactyla","Delphinidae",NA,NA
"RL2501_F139_4_MV1","Engraulis mordax","Actinopteri",88696,"scientific name","Eukaryota","Chordata","Actinopteri","Clupeiformes","Engraulidae","Engraulis","Engraulis mordax"
"RL2501_F139_4_MV1","Homo sapiens","Mammalia",316,"scientific name","Eukaryota","Chordata","Mammalia","Primates","Hominidae","Homo","Homo sapiens"
"RL2501_F139_4_MV1","Sebastes","Actinopteri",5,"scientific name","Eukaryota","Chordata","Actinopteri","Perciformes","Sebastidae","Sebastes",NA
"RL2501_F139_4_MV1",NA,NA,75151,NA,NA,NA,NA,NA,NA,NA,NA
"RL2501_F1_1_1_MV1","Artiodactyla","Mammalia",415,"scientific name","Eukaryota","Chordata","Mammalia","Artiodactyla",NA,NA,NA
"RL2501_F1_1_1_MV1","Astropecten verrilli","Asteroidea",178,"scientific name","Eukaryota","Echinodermata","Asteroidea","Paxillosida","Astropectinidae","Astropecten","Astropecten verrilli"
"RL2501_F1_1_1_MV1","Delphinidae","Mammalia",11199,"scientific name","Eukaryota","Chordata","Mammalia","Artiodactyla","Delphinidae",NA,NA
"RL2501_F1_1_1_MV1","Delphinus bairdii","Mammalia",1480,"scientific name","Eukaryota","Chordata","Mammalia","Artiodactyla","Delphinidae","Delphinus","Delphinus bairdii"
"RL2501_F1_1_1_MV1","Engraulis mordax","Actinopteri",26991,"scientific name","Eukaryota","Chordata","Actinopteri","Clupeiformes","Engraulidae","Engraulis","Engraulis mordax"
"RL2501_F1_1_1_MV1","Evadne","Branchiopoda",25,"scientific name","Eukaryota","Arthropoda","Branchiopoda","Diplostraca","Podonidae","Evadne",NA
"RL2501_F1_1_1_MV1","Symbolophorus californiensis","Actinopteri",976,"scientific name","Eukaryota","Chordata","Actinopteri","Myctophiformes","Myctophidae","Symbolophorus","Symbolophorus californiensis"
"RL2501_F1_1_1_MV1","Syngnathus","Actinopteri",4472,"scientific name","Eukaryota","Chordata","Actinopteri","Syngnathiformes","Syngnathidae","Syngnathus",NA
"RL2501_F1_1_1_MV1","Triphoturus mexicanus","Actinopteri",2291,"scientific name","Eukaryota","Chordata","Actinopteri","Myctophiformes","Myctophidae","Triphoturus","Triphoturus mexicanus"
"RL2501_F1_1_1_MV1",NA,NA,19069,NA,NA,NA,NA,NA,NA,NA,NA
"RL2501_F1_1_2_MV1","Artiodactyla","Mammalia",407,"scientific name","Eukaryota","Chordata","Mammalia","Artiodactyla",NA,NA,NA
"RL2501_F1_1_2_MV1","Astropecten verrilli","Asteroidea",76,"scientific name","Eukaryota","Echinodermata","Asteroidea","Paxillosida","Astropectinidae","Astropecten","Astropecten verrilli"
"RL2501_F1_1_2_MV1","Cololabis saira","Actinopteri",655,"scientific name","Eukaryota","Chordata","Actinopteri","Beloniformes","Belonidae","Cololabis","Cololabis saira"
"RL2501_F1_1_2_MV1","Delphinidae","Mammalia",7544,"scientific name","Eukaryota","Chordata","Mammalia","Artiodactyla","Delphinidae",NA,NA
"RL2501_F1_1_2_MV1","Engraulis mordax","Actinopteri",26560,"scientific name","Eukaryota","Chordata","Actinopteri","Clupeiformes","Engraulidae","Engraulis","Engraulis mordax"
"RL2501_F1_1_2_MV1","Evadne","Branchiopoda",27,"scientific name","Eukaryota","Arthropoda","Branchiopoda","Diplostraca","Podonidae","Evadne",NA
"RL2501_F1_1_2_MV1","Syngnathus","Actinopteri",5088,"scientific name","Eukaryota","Chordata","Actinopteri","Syngnathiformes","Syngnathidae","Syngnathus",NA
"RL2501_F1_1_2_MV1",NA,NA,32337,NA,NA,NA,NA,NA,NA,NA,NA
"RL2501_F1_1_3_MV1","Astropecten verrilli","Asteroidea",23,"scientific name","Eukaryota","Echinodermata","Asteroidea","Paxillosida","Astropectinidae","Astropecten","Astropecten verrilli"
"RL2501_F1_1_3_MV1","Delphinidae","Mammalia",3227,"scientific name","Eukaryota","Chordata","Mammalia","Artiodactyla","Delphinidae",NA,NA
"RL2501_F1_1_3_MV1","Delphinus bairdii","Mammalia",241,"scientific name","Eukaryota","Chordata","Mammalia","Artiodactyla","Delphinidae","Delphinus","Delphinus bairdii"
"RL2501_F1_1_3_MV1","Engraulis mordax","Actinopteri",8109,"scientific name","Eukaryota","Chordata","Actinopteri","Clupeiformes","Engraulidae","Engraulis","Engraulis mordax"
"RL2501_F1_1_3_MV1","Evadne","Branchiopoda",16,"scientific name","Eukaryota","Arthropoda","Branchiopoda","Diplostraca","Podonidae","Evadne",NA
"RL2501_F1_1_3_MV1","Homo sapiens","Mammalia",282,"scientific name","Eukaryota","Chordata","Mammalia","Primates","Hominidae","Homo","Homo sapiens"
"RL2501_F1_1_3_MV1","Syngnathus","Actinopteri",1269,"scientific name","Eukaryota","Chordata","Actinopteri","Syngnathiformes","Syngnathidae","Syngnathus",NA
"RL2501_F1_1_3_MV1","Zalophus californianus","Mammalia",143,"scientific name","Eukaryota","Chordata","Mammalia","Carnivora","Otariidae","Zalophus","Zalophus californianus"
"RL2501_F1_1_3_MV1",NA,NA,25585,NA,NA,NA,NA,NA,NA,NA,NA
"RL2501_F1_1_4_MV1","Astropecten verrilli","Asteroidea",111,"scientific name","Eukaryota","Echinodermata","Asteroidea","Paxillosida","Astropectinidae","Astropecten","Astropecten verrilli"
"RL2501_F1_1_4_MV1","Cololabis saira","Actinopteri",533,"scientific name","Eukaryota","Chordata","Actinopteri","Beloniformes","Belonidae","Cololabis","Cololabis saira"
"RL2501_F1_1_4_MV1","Delphinidae","Mammalia",2350,"scientific name","Eukaryota","Chordata","Mammalia","Artiodactyla","Delphinidae",NA,NA
"RL2501_F1_1_4_MV1","Engraulis mordax","Actinopteri",4347,"scientific name","Eukaryota","Chordata","Actinopteri","Clupeiformes","Engraulidae","Engraulis","Engraulis mordax"
"RL2501_F1_1_4_MV1","Ostreococcus sp. lucimarinus","Mamiellophyceae",15,"synonym","Eukaryota","Chlorophyta","Mamiellophyceae","Mamiellales","Bathycoccaceae","Ostreococcus","Ostreococcus sp. 'lucimarinus'"
"RL2501_F1_1_4_MV1","Stenella coeruleoalba","Mammalia",159,"scientific name","Eukaryota","Chordata","Mammalia","Artiodactyla","Delphinidae","Stenella","Stenella coeruleoalba"
"RL2501_F1_1_4_MV1","Symbolophorus californiensis","Actinopteri",712,"scientific name","Eukaryota","Chordata","Actinopteri","Myctophiformes","Myctophidae","Symbolophorus","Symbolophorus californiensis"
"RL2501_F1_1_4_MV1","Syngnathus","Actinopteri",1133,"scientific name","Eukaryota","Chordata","Actinopteri","Syngnathiformes","Syngnathidae","Syngnathus",NA
"RL2501_F1_1_4_MV1",NA,NA,39072,NA,NA,NA,NA,NA,NA,NA,NA
"RL2501_F1_2_1_MV1","Astropecten verrilli","Asteroidea",856,"scientific name","Eukaryota","Echinodermata","Asteroidea","Paxillosida","Astropectinidae","Astropecten","Astropecten verrilli"
"RL2501_F1_2_1_MV1","Cololabis saira","Actinopteri",461,"scientific name","Eukaryota","Chordata","Actinopteri","Beloniformes","Belonidae","Cololabis","Cololabis saira"
"RL2501_F1_2_1_MV1","Delphinidae","Mammalia",34485,"scientific name","Eukaryota","Chordata","Mammalia","Artiodactyla","Delphinidae",NA,NA
"RL2501_F1_2_1_MV1","Delphinus bairdii","Mammalia",955,"scientific name","Eukaryota","Chordata","Mammalia","Artiodactyla","Delphinidae","Delphinus","Delphinus bairdii"
"RL2501_F1_2_1_MV1","Engraulis mordax","Actinopteri",115856,"scientific name","Eukaryota","Chordata","Actinopteri","Clupeiformes","Engraulidae","Engraulis","Engraulis mordax"
"RL2501_F1_2_1_MV1","Evadne","Branchiopoda",17,"scientific name","Eukaryota","Arthropoda","Branchiopoda","Diplostraca","Podonidae","Evadne",NA
"RL2501_F1_2_1_MV1","Symbolophorus californiensis","Actinopteri",1678,"scientific name","Eukaryota","Chordata","Actinopteri","Myctophiformes","Myctophidae","Symbolophorus","Symbolophorus californiensis"
"RL2501_F1_2_1_MV1","Syngnathus","Actinopteri",28163,"scientific name","Eukaryota","Chordata","Actinopteri","Syngnathiformes","Syngnathidae","Syngnathus",NA
"RL2501_F1_2_1_MV1","Triphoturus mexicanus","Actinopteri",4995,"scientific name","Eukaryota","Chordata","Actinopteri","Myctophiformes","Myctophidae","Triphoturus","Triphoturus mexicanus"
"RL2501_F1_2_1_MV1",NA,NA,16376,NA,NA,NA,NA,NA,NA,NA,NA
"RL2501_F1_2_2_MV1","Astropecten verrilli","Asteroidea",167,"scientific name","Eukaryota","Echinodermata","Asteroidea","Paxillosida","Astropectinidae","Astropecten","Astropecten verrilli"
"RL2501_F1_2_2_MV1","Cololabis saira","Actinopteri",392,"scientific name","Eukaryota","Chordata","Actinopteri","Beloniformes","Belonidae","Cololabis","Cololabis saira"
"RL2501_F1_2_2_MV1","Delphinidae","Mammalia",16447,"scientific name","Eukaryota","Chordata","Mammalia","Artiodactyla","Delphinidae",NA,NA
"RL2501_F1_2_2_MV1","Delphinus bairdii","Mammalia",1764,"scientific name","Eukaryota","Chordata","Mammalia","Artiodactyla","Delphinidae","Delphinus","Delphinus bairdii"
"RL2501_F1_2_2_MV1","Engraulis mordax","Actinopteri",74627,"scientific name","Eukaryota","Chordata","Actinopteri","Clupeiformes","Engraulidae","Engraulis","Engraulis mordax"
"RL2501_F1_2_2_MV1","Evadne","Branchiopoda",40,"scientific name","Eukaryota","Arthropoda","Branchiopoda","Diplostraca","Podonidae","Evadne",NA
"RL2501_F1_2_2_MV1","Homo sapiens","Mammalia",1463,"scientific name","Eukaryota","Chordata","Mammalia","Primates","Hominidae","Homo","Homo sapiens"
"RL2501_F1_2_2_MV1","Lipolagus ochotensis","Actinopteri",53,"scientific name","Eukaryota","Chordata","Actinopteri","Argentiniformes","Bathylagidae","Lipolagus","Lipolagus ochotensis"
"RL2501_F1_2_2_MV1","Medialuna californiensis","Actinopteri",1276,"scientific name","Eukaryota","Chordata","Actinopteri","Centrarchiformes","Kyphosidae","Medialuna","Medialuna californiensis"
"RL2501_F1_2_2_MV1","Merluccius productus","Actinopteri",86,"scientific name","Eukaryota","Chordata","Actinopteri","Gadiformes","Merlucciidae","Merluccius","Merluccius productus"
"RL2501_F1_2_2_MV1","Sebastes","Actinopteri",792,"scientific name","Eukaryota","Chordata","Actinopteri","Perciformes","Sebastidae","Sebastes",NA
"RL2501_F1_2_2_MV1","Symbolophorus californiensis","Actinopteri",58,"scientific name","Eukaryota","Chordata","Actinopteri","Myctophiformes","Myctophidae","Symbolophorus","Symbolophorus californiensis"
"RL2501_F1_2_2_MV1","Syngnathus","Actinopteri",14754,"scientific name","Eukaryota","Chordata","Actinopteri","Syngnathiformes","Syngnathidae","Syngnathus",NA
"RL2501_F1_2_2_MV1","Trachurus symmetricus","Actinopteri",64,"scientific name","Eukaryota","Chordata","Actinopteri","Carangiformes","Carangidae","Trachurus","Trachurus symmetricus"
"RL2501_F1_2_2_MV1",NA,NA,46968,NA,NA,NA,NA,NA,NA,NA,NA
"RL2501_F1_2_3_MV1","Artiodactyla","Mammalia",37,"scientific name","Eukaryota","Chordata","Mammalia","Artiodactyla",NA,NA,NA
"RL2501_F1_2_3_MV1","Astropecten verrilli","Asteroidea",80,"scientific name","Eukaryota","Echinodermata","Asteroidea","Paxillosida","Astropectinidae","Astropecten","Astropecten verrilli"
"RL2501_F1_2_3_MV1","Cololabis saira","Actinopteri",205,"scientific name","Eukaryota","Chordata","Actinopteri","Beloniformes","Belonidae","Cololabis","Cololabis saira"
"RL2501_F1_2_3_MV1","Delphinidae","Mammalia",2110,"scientific name","Eukaryota","Chordata","Mammalia","Artiodactyla","Delphinidae",NA,NA
"RL2501_F1_2_3_MV1","Delphinus bairdii","Mammalia",262,"scientific name","Eukaryota","Chordata","Mammalia","Artiodactyla","Delphinidae","Delphinus","Delphinus bairdii"
"RL2501_F1_2_3_MV1","Engraulis mordax","Actinopteri",30588,"scientific name","Eukaryota","Chordata","Actinopteri","Clupeiformes","Engraulidae","Engraulis","Engraulis mordax"
"RL2501_F1_2_3_MV1","Evadne","Branchiopoda",14,"scientific name","Eukaryota","Arthropoda","Branchiopoda","Diplostraca","Podonidae","Evadne",NA
"RL2501_F1_2_3_MV1","Syngnathus","Actinopteri",5937,"scientific name","Eukaryota","Chordata","Actinopteri","Syngnathiformes","Syngnathidae","Syngnathus",NA
"RL2501_F1_2_3_MV1",NA,NA,28945,NA,NA,NA,NA,NA,NA,NA,NA
"RL2501_F1_2_4_MV1","Astropecten verrilli","Asteroidea",363,"scientific name","Eukaryota","Echinodermata","Asteroidea","Paxillosida","Astropectinidae","Astropecten","Astropecten verrilli"
"RL2501_F1_2_4_MV1","Bathycoccus prasinos","Mamiellophyceae",60,"scientific name","Eukaryota","Chlorophyta","Mamiellophyceae","Mamiellales","Bathycoccaceae","Bathycoccus","Bathycoccus prasinos"
"RL2501_F1_2_4_MV1","Chloropicon roscoffensis","Chloropicophyceae",492,"scientific name","Eukaryota","Chlorophyta","Chloropicophyceae","Chloropicales","Chloropicaceae","Chloropicon","Chloropicon roscoffensis"
"RL2501_F1_2_4_MV1","Delphinidae","Mammalia",9595,"scientific name","Eukaryota","Chordata","Mammalia","Artiodactyla","Delphinidae",NA,NA
"RL2501_F1_2_4_MV1","Delphinus bairdii","Mammalia",367,"scientific name","Eukaryota","Chordata","Mammalia","Artiodactyla","Delphinidae","Delphinus","Delphinus bairdii"
"RL2501_F1_2_4_MV1","Engraulis mordax","Actinopteri",50533,"scientific name","Eukaryota","Chordata","Actinopteri","Clupeiformes","Engraulidae","Engraulis","Engraulis mordax"
"RL2501_F1_2_4_MV1","Evadne","Branchiopoda",40,"scientific name","Eukaryota","Arthropoda","Branchiopoda","Diplostraca","Podonidae","Evadne",NA
"RL2501_F1_2_4_MV1","Homo sapiens","Mammalia",1300,"scientific name","Eukaryota","Chordata","Mammalia","Primates","Hominidae","Homo","Homo sapiens"
"RL2501_F1_2_4_MV1","Syngnathus","Actinopteri",10220,"scientific name","Eukaryota","Chordata","Actinopteri","Syngnathiformes","Syngnathidae","Syngnathus",NA
"RL2501_F1_2_4_MV1","Trachurus symmetricus","Actinopteri",1821,"scientific name","Eukaryota","Chordata","Actinopteri","Carangiformes","Carangidae","Trachurus","Trachurus symmetricus"
"RL2501_F1_2_4_MV1",NA,NA,73587,NA,NA,NA,NA,NA,NA,NA,NA
"RL2501_F2_1_1_MV1","Astropecten verrilli","Asteroidea",67,"scientific name","Eukaryota","Echinodermata","Asteroidea","Paxillosida","Astropectinidae","Astropecten","Astropecten verrilli"
"RL2501_F2_1_1_MV1","Cololabis saira","Actinopteri",1129,"scientific name","Eukaryota","Chordata","Actinopteri","Beloniformes","Belonidae","Cololabis","Cololabis saira"
"RL2501_F2_1_1_MV1","Delphinidae","Mammalia",5725,"scientific name","Eukaryota","Chordata","Mammalia","Artiodactyla","Delphinidae",NA,NA
"RL2501_F2_1_1_MV1","Engraulis mordax","Actinopteri",42163,"scientific name","Eukaryota","Chordata","Actinopteri","Clupeiformes","Engraulidae","Engraulis","Engraulis mordax"
"RL2501_F2_1_1_MV1","Evadne","Branchiopoda",16,"scientific name","Eukaryota","Arthropoda","Branchiopoda","Diplostraca","Podonidae","Evadne",NA
"RL2501_F2_1_1_MV1","Homo sapiens","Mammalia",8064,"scientific name","Eukaryota","Chordata","Mammalia","Primates","Hominidae","Homo","Homo sapiens"
"RL2501_F2_1_1_MV1","Mola","Actinopteri",2868,"scientific name","Eukaryota","Chordata","Actinopteri","Tetraodontiformes","Molidae","Mola",NA
"RL2501_F2_1_1_MV1","Symbolophorus californiensis","Actinopteri",1335,"scientific name","Eukaryota","Chordata","Actinopteri","Myctophiformes","Myctophidae","Symbolophorus","Symbolophorus californiensis"
"RL2501_F2_1_1_MV1",NA,NA,64451,NA,NA,NA,NA,NA,NA,NA,NA
"RL2501_F2_1_2_MV1","Cololabis saira","Actinopteri",410,"scientific name","Eukaryota","Chordata","Actinopteri","Beloniformes","Belonidae","Cololabis","Cololabis saira"
"RL2501_F2_1_2_MV1","Delphinidae","Mammalia",2754,"scientific name","Eukaryota","Chordata","Mammalia","Artiodactyla","Delphinidae",NA,NA
"RL2501_F2_1_2_MV1","Engraulis mordax","Actinopteri",10951,"scientific name","Eukaryota","Chordata","Actinopteri","Clupeiformes","Engraulidae","Engraulis","Engraulis mordax"
"RL2501_F2_1_2_MV1","Evadne","Branchiopoda",39,"scientific name","Eukaryota","Arthropoda","Branchiopoda","Diplostraca","Podonidae","Evadne",NA
"RL2501_F2_1_2_MV1","Homo sapiens","Mammalia",9534,"scientific name","Eukaryota","Chordata","Mammalia","Primates","Hominidae","Homo","Homo sapiens"
"RL2501_F2_1_2_MV1","Sebastes","Actinopteri",7,"scientific name","Eukaryota","Chordata","Actinopteri","Perciformes","Sebastidae","Sebastes",NA
"RL2501_F2_1_2_MV1","Tetragonurus cuvieri","Actinopteri",957,"scientific name","Eukaryota","Chordata","Actinopteri","Scombriformes","Tetragonuridae","Tetragonurus","Tetragonurus cuvieri"
"RL2501_F2_1_2_MV1","Trachurus symmetricus","Actinopteri",477,"scientific name","Eukaryota","Chordata","Actinopteri","Carangiformes","Carangidae","Trachurus","Trachurus symmetricus"
"RL2501_F2_1_2_MV1",NA,NA,77448,NA,NA,NA,NA,NA,NA,NA,NA
"RL2501_F2_1_3_MV1","Astropecten verrilli","Asteroidea",3,"scientific name","Eukaryota","Echinodermata","Asteroidea","Paxillosida","Astropectinidae","Astropecten","Astropecten verrilli"
"RL2501_F2_1_3_MV1","Cololabis saira","Actinopteri",362,"scientific name","Eukaryota","Chordata","Actinopteri","Beloniformes","Belonidae","Cololabis","Cololabis saira"
"RL2501_F2_1_3_MV1","Delphinidae","Mammalia",416,"scientific name","Eukaryota","Chordata","Mammalia","Artiodactyla","Delphinidae",NA,NA
"RL2501_F2_1_3_MV1","Engraulis mordax","Actinopteri",13774,"scientific name","Eukaryota","Chordata","Actinopteri","Clupeiformes","Engraulidae","Engraulis","Engraulis mordax"
"RL2501_F2_1_3_MV1","Evadne","Branchiopoda",30,"scientific name","Eukaryota","Arthropoda","Branchiopoda","Diplostraca","Podonidae","Evadne",NA
"RL2501_F2_1_3_MV1","Homo sapiens","Mammalia",2203,"scientific name","Eukaryota","Chordata","Mammalia","Primates","Hominidae","Homo","Homo sapiens"
"RL2501_F2_1_3_MV1","Syngnathus","Actinopteri",104,"scientific name","Eukaryota","Chordata","Actinopteri","Syngnathiformes","Syngnathidae","Syngnathus",NA
"RL2501_F2_1_3_MV1","Triphoturus mexicanus","Actinopteri",2025,"scientific name","Eukaryota","Chordata","Actinopteri","Myctophiformes","Myctophidae","Triphoturus","Triphoturus mexicanus"
"RL2501_F2_1_3_MV1",NA,NA,68686,NA,NA,NA,NA,NA,NA,NA,NA
"RL2501_F2_1_4_MV1","Astropecten verrilli","Asteroidea",41,"scientific name","Eukaryota","Echinodermata","Asteroidea","Paxillosida","Astropectinidae","Astropecten","Astropecten verrilli"
"RL2501_F2_1_4_MV1","Cololabis saira","Actinopteri",490,"scientific name","Eukaryota","Chordata","Actinopteri","Beloniformes","Belonidae","Cololabis","Cololabis saira"
"RL2501_F2_1_4_MV1","Delphinidae","Mammalia",940,"scientific name","Eukaryota","Chordata","Mammalia","Artiodactyla","Delphinidae",NA,NA
"RL2501_F2_1_4_MV1","Engraulis mordax","Actinopteri",7210,"scientific name","Eukaryota","Chordata","Actinopteri","Clupeiformes","Engraulidae","Engraulis","Engraulis mordax"
"RL2501_F2_1_4_MV1","Evadne","Branchiopoda",13,"scientific name","Eukaryota","Arthropoda","Branchiopoda","Diplostraca","Podonidae","Evadne",NA
"RL2501_F2_1_4_MV1","Homo sapiens","Mammalia",3332,"scientific name","Eukaryota","Chordata","Mammalia","Primates","Hominidae","Homo","Homo sapiens"
"RL2501_F2_1_4_MV1",NA,NA,108286,NA,NA,NA,NA,NA,NA,NA,NA
"RL2501_F2_2_1_MV1","Astropecten verrilli","Asteroidea",603,"scientific name","Eukaryota","Echinodermata","Asteroidea","Paxillosida","Astropectinidae","Astropecten","Astropecten verrilli"
"RL2501_F2_2_1_MV1","Citharichthys sordidus","Actinopteri",11,"scientific name","Eukaryota","Chordata","Actinopteri","Pleuronectiformes","Cyclopsettidae","Citharichthys","Citharichthys sordidus"
"RL2501_F2_2_1_MV1","Cololabis saira","Actinopteri",1582,"scientific name","Eukaryota","Chordata","Actinopteri","Beloniformes","Belonidae","Cololabis","Cololabis saira"
"RL2501_F2_2_1_MV1","Delphinidae","Mammalia",7202,"scientific name","Eukaryota","Chordata","Mammalia","Artiodactyla","Delphinidae",NA,NA
"RL2501_F2_2_1_MV1","Delphinus bairdii","Mammalia",782,"scientific name","Eukaryota","Chordata","Mammalia","Artiodactyla","Delphinidae","Delphinus","Delphinus bairdii"
"RL2501_F2_2_1_MV1","Engraulis mordax","Actinopteri",123871,"scientific name","Eukaryota","Chordata","Actinopteri","Clupeiformes","Engraulidae","Engraulis","Engraulis mordax"
"RL2501_F2_2_1_MV1","Evadne","Branchiopoda",91,"scientific name","Eukaryota","Arthropoda","Branchiopoda","Diplostraca","Podonidae","Evadne",NA
"RL2501_F2_2_1_MV1","Mola","Actinopteri",1128,"scientific name","Eukaryota","Chordata","Actinopteri","Tetraodontiformes","Molidae","Mola",NA
"RL2501_F2_2_1_MV1","Oneirodes","Actinopteri",2,"scientific name","Eukaryota","Chordata","Actinopteri","Lophiiformes","Oneirodidae","Oneirodes",NA
"RL2501_F2_2_1_MV1","Syngnathus","Actinopteri",3,"scientific name","Eukaryota","Chordata","Actinopteri","Syngnathiformes","Syngnathidae","Syngnathus",NA
"RL2501_F2_2_1_MV1",NA,NA,8340,NA,NA,NA,NA,NA,NA,NA,NA
"RL2501_F2_2_2_MV1","Astropecten verrilli","Asteroidea",304,"scientific name","Eukaryota","Echinodermata","Asteroidea","Paxillosida","Astropectinidae","Astropecten","Astropecten verrilli"
"RL2501_F2_2_2_MV1","Delphinidae","Mammalia",4129,"scientific name","Eukaryota","Chordata","Mammalia","Artiodactyla","Delphinidae",NA,NA
"RL2501_F2_2_2_MV1","Engraulis mordax","Actinopteri",119049,"scientific name","Eukaryota","Chordata","Actinopteri","Clupeiformes","Engraulidae","Engraulis","Engraulis mordax"
"RL2501_F2_2_2_MV1","Evadne","Branchiopoda",102,"scientific name","Eukaryota","Arthropoda","Branchiopoda","Diplostraca","Podonidae","Evadne",NA
"RL2501_F2_2_2_MV1","Ostreococcus sp. lucimarinus","Mamiellophyceae",44,"synonym","Eukaryota","Chlorophyta","Mamiellophyceae","Mamiellales","Bathycoccaceae","Ostreococcus","Ostreococcus sp. 'lucimarinus'"
"RL2501_F2_2_2_MV1","Stenella coeruleoalba","Mammalia",836,"scientific name","Eukaryota","Chordata","Mammalia","Artiodactyla","Delphinidae","Stenella","Stenella coeruleoalba"
"RL2501_F2_2_2_MV1","Syngnathus","Actinopteri",918,"scientific name","Eukaryota","Chordata","Actinopteri","Syngnathiformes","Syngnathidae","Syngnathus",NA
"RL2501_F2_2_2_MV1",NA,NA,12018,NA,NA,NA,NA,NA,NA,NA,NA
"RL2501_F2_2_3_MV1","Astropecten verrilli","Asteroidea",100,"scientific name","Eukaryota","Echinodermata","Asteroidea","Paxillosida","Astropectinidae","Astropecten","Astropecten verrilli"
"RL2501_F2_2_3_MV1","Bathycoccus prasinos","Mamiellophyceae",70,"scientific name","Eukaryota","Chlorophyta","Mamiellophyceae","Mamiellales","Bathycoccaceae","Bathycoccus","Bathycoccus prasinos"
"RL2501_F2_2_3_MV1","Cololabis saira","Actinopteri",491,"scientific name","Eukaryota","Chordata","Actinopteri","Beloniformes","Belonidae","Cololabis","Cololabis saira"
"RL2501_F2_2_3_MV1","Delphinidae","Mammalia",1517,"scientific name","Eukaryota","Chordata","Mammalia","Artiodactyla","Delphinidae",NA,NA
"RL2501_F2_2_3_MV1","Engraulis mordax","Actinopteri",82938,"scientific name","Eukaryota","Chordata","Actinopteri","Clupeiformes","Engraulidae","Engraulis","Engraulis mordax"
"RL2501_F2_2_3_MV1","Eschrichtius robustus","Mammalia",22,"scientific name","Eukaryota","Chordata","Mammalia","Artiodactyla","Eschrichtiidae","Eschrichtius","Eschrichtius robustus"
"RL2501_F2_2_3_MV1","Evadne","Branchiopoda",134,"scientific name","Eukaryota","Arthropoda","Branchiopoda","Diplostraca","Podonidae","Evadne",NA
"RL2501_F2_2_3_MV1","Homo sapiens","Mammalia",18,"scientific name","Eukaryota","Chordata","Mammalia","Primates","Hominidae","Homo","Homo sapiens"
"RL2501_F2_2_3_MV1","Lagenorhynchus obliquidens","Mammalia",14,"synonym","Eukaryota","Chordata","Mammalia","Artiodactyla","Delphinidae","Sagmatias","Sagmatias obliquidens"
"RL2501_F2_2_3_MV1","Lampanyctus tenuiformis","Actinopteri",824,"scientific name","Eukaryota","Chordata","Actinopteri","Myctophiformes","Myctophidae","Lampanyctus","Lampanyctus tenuiformis"
"RL2501_F2_2_3_MV1","Mola","Actinopteri",2,"scientific name","Eukaryota","Chordata","Actinopteri","Tetraodontiformes","Molidae","Mola",NA
"RL2501_F2_2_3_MV1","Ovis","Mammalia",109,"scientific name","Eukaryota","Chordata","Mammalia","Artiodactyla","Bovidae","Ovis",NA
"RL2501_F2_2_3_MV1","Scorpaenichthys marmoratus","Actinopteri",19,"scientific name","Eukaryota","Chordata","Actinopteri","Perciformes","Cottidae","Scorpaenichthys","Scorpaenichthys marmoratus"
"RL2501_F2_2_3_MV1","Sebastes","Actinopteri",325,"scientific name","Eukaryota","Chordata","Actinopteri","Perciformes","Sebastidae","Sebastes",NA
"RL2501_F2_2_3_MV1","Stenobrachius nannochir","Actinopteri",33,"scientific name","Eukaryota","Chordata","Actinopteri","Myctophiformes","Myctophidae","Stenobrachius","Stenobrachius nannochir"
"RL2501_F2_2_3_MV1","Strongylocentrotus purpuratus","Echinoidea",26,"scientific name","Eukaryota","Echinodermata","Echinoidea","Camarodonta","Strongylocentrotidae","Strongylocentrotus","Strongylocentrotus purpuratus"
"RL2501_F2_2_3_MV1","Symbolophorus californiensis","Actinopteri",459,"scientific name","Eukaryota","Chordata","Actinopteri","Myctophiformes","Myctophidae","Symbolophorus","Symbolophorus californiensis"
"RL2501_F2_2_3_MV1","Tarletonbeania crenularis","Actinopteri",13,"scientific name","Eukaryota","Chordata","Actinopteri","Myctophiformes","Myctophidae","Tarletonbeania","Tarletonbeania crenularis"
"RL2501_F2_2_3_MV1","Triphoturus mexicanus","Actinopteri",449,"scientific name","Eukaryota","Chordata","Actinopteri","Myctophiformes","Myctophidae","Triphoturus","Triphoturus mexicanus"
"RL2501_F2_2_3_MV1","Uria","Aves",27,"scientific name","Eukaryota","Chordata","Aves","Charadriiformes","Alcidae","Uria",NA
"RL2501_F2_2_3_MV1",NA,NA,15003,NA,NA,NA,NA,NA,NA,NA,NA
"RL2501_F2_2_4_MV1","Astropecten verrilli","Asteroidea",309,"scientific name","Eukaryota","Echinodermata","Asteroidea","Paxillosida","Astropectinidae","Astropecten","Astropecten verrilli"
"RL2501_F2_2_4_MV1","Delphinidae","Mammalia",2549,"scientific name","Eukaryota","Chordata","Mammalia","Artiodactyla","Delphinidae",NA,NA
"RL2501_F2_2_4_MV1","Engraulis mordax","Actinopteri",96851,"scientific name","Eukaryota","Chordata","Actinopteri","Clupeiformes","Engraulidae","Engraulis","Engraulis mordax"
"RL2501_F2_2_4_MV1","Evadne","Branchiopoda",190,"scientific name","Eukaryota","Arthropoda","Branchiopoda","Diplostraca","Podonidae","Evadne",NA
"RL2501_F2_2_4_MV1",NA,NA,30353,NA,NA,NA,NA,NA,NA,NA,NA
"RL2501_F3_2_1_MV1","Astropecten verrilli","Asteroidea",678,"scientific name","Eukaryota","Echinodermata","Asteroidea","Paxillosida","Astropectinidae","Astropecten","Astropecten verrilli"
"RL2501_F3_2_1_MV1","Cololabis saira","Actinopteri",790,"scientific name","Eukaryota","Chordata","Actinopteri","Beloniformes","Belonidae","Cololabis","Cololabis saira"
"RL2501_F3_2_1_MV1","Delphinidae","Mammalia",8026,"scientific name","Eukaryota","Chordata","Mammalia","Artiodactyla","Delphinidae",NA,NA
"RL2501_F3_2_1_MV1","Delphinus bairdii","Mammalia",3437,"scientific name","Eukaryota","Chordata","Mammalia","Artiodactyla","Delphinidae","Delphinus","Delphinus bairdii"
"RL2501_F3_2_1_MV1","Engraulis mordax","Actinopteri",61584,"scientific name","Eukaryota","Chordata","Actinopteri","Clupeiformes","Engraulidae","Engraulis","Engraulis mordax"
"RL2501_F3_2_1_MV1","Evadne","Branchiopoda",213,"scientific name","Eukaryota","Arthropoda","Branchiopoda","Diplostraca","Podonidae","Evadne",NA
"RL2501_F3_2_1_MV1","Mola","Actinopteri",3956,"scientific name","Eukaryota","Chordata","Actinopteri","Tetraodontiformes","Molidae","Mola",NA
"RL2501_F3_2_1_MV1","Syngnathus","Actinopteri",11599,"scientific name","Eukaryota","Chordata","Actinopteri","Syngnathiformes","Syngnathidae","Syngnathus",NA
"RL2501_F3_2_1_MV1",NA,NA,20918,NA,NA,NA,NA,NA,NA,NA,NA
"RL2501_F3_2_2_MV1","Astropecten verrilli","Asteroidea",144,"scientific name","Eukaryota","Echinodermata","Asteroidea","Paxillosida","Astropectinidae","Astropecten","Astropecten verrilli"
"RL2501_F3_2_2_MV1","Balaenoptera physalus","Mammalia",1015,"scientific name","Eukaryota","Chordata","Mammalia","Artiodactyla","Balaenopteridae","Balaenoptera","Balaenoptera physalus"
"RL2501_F3_2_2_MV1","Delphinidae","Mammalia",1983,"scientific name","Eukaryota","Chordata","Mammalia","Artiodactyla","Delphinidae",NA,NA
"RL2501_F3_2_2_MV1","Engraulis mordax","Actinopteri",60343,"scientific name","Eukaryota","Chordata","Actinopteri","Clupeiformes","Engraulidae","Engraulis","Engraulis mordax"
"RL2501_F3_2_2_MV1","Homo sapiens","Mammalia",968,"scientific name","Eukaryota","Chordata","Mammalia","Primates","Hominidae","Homo","Homo sapiens"
"RL2501_F3_2_2_MV1","Leuroglossus","Actinopteri",2588,"scientific name","Eukaryota","Chordata","Actinopteri","Argentiniformes","Bathylagidae","Leuroglossus",NA
"RL2501_F3_2_2_MV1","Ostreococcus sp. lucimarinus","Mamiellophyceae",759,"synonym","Eukaryota","Chlorophyta","Mamiellophyceae","Mamiellales","Bathycoccaceae","Ostreococcus","Ostreococcus sp. 'lucimarinus'"
"RL2501_F3_2_2_MV1","Triphoturus mexicanus","Actinopteri",3205,"scientific name","Eukaryota","Chordata","Actinopteri","Myctophiformes","Myctophidae","Triphoturus","Triphoturus mexicanus"
"RL2501_F3_2_2_MV1",NA,NA,45253,NA,NA,NA,NA,NA,NA,NA,NA
"RL2501_F3_2_3_MV1","Astropecten verrilli","Asteroidea",36,"scientific name","Eukaryota","Echinodermata","Asteroidea","Paxillosida","Astropectinidae","Astropecten","Astropecten verrilli"
"RL2501_F3_2_3_MV1","Delphinidae","Mammalia",2743,"scientific name","Eukaryota","Chordata","Mammalia","Artiodactyla","Delphinidae",NA,NA
"RL2501_F3_2_3_MV1","Delphinus bairdii","Mammalia",196,"scientific name","Eukaryota","Chordata","Mammalia","Artiodactyla","Delphinidae","Delphinus","Delphinus bairdii"
"RL2501_F3_2_3_MV1","Engraulis mordax","Actinopteri",88811,"scientific name","Eukaryota","Chordata","Actinopteri","Clupeiformes","Engraulidae","Engraulis","Engraulis mordax"
"RL2501_F3_2_3_MV1","Prionace glauca","Chondrichthyes",115,"scientific name","Eukaryota","Chordata","Chondrichthyes","Carcharhiniformes","Carcharhinidae","Prionace","Prionace glauca"
"RL2501_F3_2_3_MV1","Triphoturus mexicanus","Actinopteri",2,"scientific name","Eukaryota","Chordata","Actinopteri","Myctophiformes","Myctophidae","Triphoturus","Triphoturus mexicanus"
"RL2501_F3_2_3_MV1",NA,NA,59772,NA,NA,NA,NA,NA,NA,NA,NA
"RL2501_F3_2_4_MV1","Artiodactyla","Mammalia",1252,"scientific name","Eukaryota","Chordata","Mammalia","Artiodactyla",NA,NA,NA
"RL2501_F3_2_4_MV1","Astropecten verrilli","Asteroidea",536,"scientific name","Eukaryota","Echinodermata","Asteroidea","Paxillosida","Astropectinidae","Astropecten","Astropecten verrilli"
"RL2501_F3_2_4_MV1","Citharichthys sordidus","Actinopteri",914,"scientific name","Eukaryota","Chordata","Actinopteri","Pleuronectiformes","Cyclopsettidae","Citharichthys","Citharichthys sordidus"
"RL2501_F3_2_4_MV1","Cololabis saira","Actinopteri",1426,"scientific name","Eukaryota","Chordata","Actinopteri","Beloniformes","Belonidae","Cololabis","Cololabis saira"
"RL2501_F3_2_4_MV1","Delphinidae","Mammalia",4825,"scientific name","Eukaryota","Chordata","Mammalia","Artiodactyla","Delphinidae",NA,NA
"RL2501_F3_2_4_MV1","Engraulis mordax","Actinopteri",52671,"scientific name","Eukaryota","Chordata","Actinopteri","Clupeiformes","Engraulidae","Engraulis","Engraulis mordax"
"RL2501_F3_2_4_MV1","Evadne","Branchiopoda",63,"scientific name","Eukaryota","Arthropoda","Branchiopoda","Diplostraca","Podonidae","Evadne",NA
"RL2501_F3_2_4_MV1","Homo sapiens","Mammalia",1559,"scientific name","Eukaryota","Chordata","Mammalia","Primates","Hominidae","Homo","Homo sapiens"
"RL2501_F3_2_4_MV1","Mola","Actinopteri",1900,"scientific name","Eukaryota","Chordata","Actinopteri","Tetraodontiformes","Molidae","Mola",NA
"RL2501_F3_2_4_MV1","Symbolophorus californiensis","Actinopteri",2064,"scientific name","Eukaryota","Chordata","Actinopteri","Myctophiformes","Myctophidae","Symbolophorus","Symbolophorus californiensis"
"RL2501_F3_2_4_MV1","Syngnathus","Actinopteri",1649,"scientific name","Eukaryota","Chordata","Actinopteri","Syngnathiformes","Syngnathidae","Syngnathus",NA
"RL2501_F3_2_4_MV1","Triphoturus mexicanus","Actinopteri",2239,"scientific name","Eukaryota","Chordata","Actinopteri","Myctophiformes","Myctophidae","Triphoturus","Triphoturus mexicanus"
"RL2501_F3_2_4_MV1",NA,NA,49268,NA,NA,NA,NA,NA,NA,NA,NA
"RL2501_F4_1_1_MV1","Astropecten verrilli","Asteroidea",68,"scientific name","Eukaryota","Echinodermata","Asteroidea","Paxillosida","Astropectinidae","Astropecten","Astropecten verrilli"
"RL2501_F4_1_1_MV1","Cololabis saira","Actinopteri",1005,"scientific name","Eukaryota","Chordata","Actinopteri","Beloniformes","Belonidae","Cololabis","Cololabis saira"
"RL2501_F4_1_1_MV1","Delphinidae","Mammalia",1955,"scientific name","Eukaryota","Chordata","Mammalia","Artiodactyla","Delphinidae",NA,NA
"RL2501_F4_1_1_MV1","Engraulis mordax","Actinopteri",73040,"scientific name","Eukaryota","Chordata","Actinopteri","Clupeiformes","Engraulidae","Engraulis","Engraulis mordax"
"RL2501_F4_1_1_MV1","Homo sapiens","Mammalia",791,"scientific name","Eukaryota","Chordata","Mammalia","Primates","Hominidae","Homo","Homo sapiens"
"RL2501_F4_1_1_MV1","Lipolagus ochotensis","Actinopteri",2,"scientific name","Eukaryota","Chordata","Actinopteri","Argentiniformes","Bathylagidae","Lipolagus","Lipolagus ochotensis"
"RL2501_F4_1_1_MV1","Triphoturus mexicanus","Actinopteri",6,"scientific name","Eukaryota","Chordata","Actinopteri","Myctophiformes","Myctophidae","Triphoturus","Triphoturus mexicanus"
"RL2501_F4_1_1_MV1",NA,NA,22126,NA,NA,NA,NA,NA,NA,NA,NA
"RL2501_F4_1_2_MV1","Astropecten verrilli","Asteroidea",53,"scientific name","Eukaryota","Echinodermata","Asteroidea","Paxillosida","Astropectinidae","Astropecten","Astropecten verrilli"
"RL2501_F4_1_2_MV1","Delphinidae","Mammalia",1685,"scientific name","Eukaryota","Chordata","Mammalia","Artiodactyla","Delphinidae",NA,NA
"RL2501_F4_1_2_MV1","Engraulis mordax","Actinopteri",51808,"scientific name","Eukaryota","Chordata","Actinopteri","Clupeiformes","Engraulidae","Engraulis","Engraulis mordax"
"RL2501_F4_1_2_MV1","Homo sapiens","Mammalia",710,"scientific name","Eukaryota","Chordata","Mammalia","Primates","Hominidae","Homo","Homo sapiens"
"RL2501_F4_1_2_MV1","Sebastes","Actinopteri",463,"scientific name","Eukaryota","Chordata","Actinopteri","Perciformes","Sebastidae","Sebastes",NA
"RL2501_F4_1_2_MV1",NA,NA,29767,NA,NA,NA,NA,NA,NA,NA,NA
"RL2501_F4_1_3_MV1","Astropecten verrilli","Asteroidea",36,"scientific name","Eukaryota","Echinodermata","Asteroidea","Paxillosida","Astropectinidae","Astropecten","Astropecten verrilli"
"RL2501_F4_1_3_MV1","Cololabis saira","Actinopteri",127,"scientific name","Eukaryota","Chordata","Actinopteri","Beloniformes","Belonidae","Cololabis","Cololabis saira"
"RL2501_F4_1_3_MV1","Delphinidae","Mammalia",428,"scientific name","Eukaryota","Chordata","Mammalia","Artiodactyla","Delphinidae",NA,NA
"RL2501_F4_1_3_MV1","Engraulis mordax","Actinopteri",40653,"scientific name","Eukaryota","Chordata","Actinopteri","Clupeiformes","Engraulidae","Engraulis","Engraulis mordax"
"RL2501_F4_1_3_MV1","Syngnathus","Actinopteri",591,"scientific name","Eukaryota","Chordata","Actinopteri","Syngnathiformes","Syngnathidae","Syngnathus",NA
"RL2501_F4_1_3_MV1",NA,NA,29745,NA,NA,NA,NA,NA,NA,NA,NA
"RL2501_F4_1_4_MV1","Astropecten verrilli","Asteroidea",218,"scientific name","Eukaryota","Echinodermata","Asteroidea","Paxillosida","Astropectinidae","Astropecten","Astropecten verrilli"
"RL2501_F4_1_4_MV1","Cololabis saira","Actinopteri",763,"scientific name","Eukaryota","Chordata","Actinopteri","Beloniformes","Belonidae","Cololabis","Cololabis saira"
"RL2501_F4_1_4_MV1","Delphinidae","Mammalia",3414,"scientific name","Eukaryota","Chordata","Mammalia","Artiodactyla","Delphinidae",NA,NA
"RL2501_F4_1_4_MV1","Engraulis mordax","Actinopteri",76099,"scientific name","Eukaryota","Chordata","Actinopteri","Clupeiformes","Engraulidae","Engraulis","Engraulis mordax"
"RL2501_F4_1_4_MV1","Homo sapiens","Mammalia",241,"scientific name","Eukaryota","Chordata","Mammalia","Primates","Hominidae","Homo","Homo sapiens"
"RL2501_F4_1_4_MV1",NA,NA,62863,NA,NA,NA,NA,NA,NA,NA,NA
"RL2501_F4_2_1_MV1","Astropecten verrilli","Asteroidea",41,"scientific name","Eukaryota","Echinodermata","Asteroidea","Paxillosida","Astropectinidae","Astropecten","Astropecten verrilli"
"RL2501_F4_2_1_MV1","Delphinidae","Mammalia",1388,"scientific name","Eukaryota","Chordata","Mammalia","Artiodactyla","Delphinidae",NA,NA
"RL2501_F4_2_1_MV1","Engraulis mordax","Actinopteri",122409,"scientific name","Eukaryota","Chordata","Actinopteri","Clupeiformes","Engraulidae","Engraulis","Engraulis mordax"
"RL2501_F4_2_1_MV1","Homo sapiens","Mammalia",463,"scientific name","Eukaryota","Chordata","Mammalia","Primates","Hominidae","Homo","Homo sapiens"
"RL2501_F4_2_1_MV1","Mola","Actinopteri",3181,"scientific name","Eukaryota","Chordata","Actinopteri","Tetraodontiformes","Molidae","Mola",NA
"RL2501_F4_2_1_MV1","Sebastes","Actinopteri",2,"scientific name","Eukaryota","Chordata","Actinopteri","Perciformes","Sebastidae","Sebastes",NA
"RL2501_F4_2_1_MV1","Syngnathus","Actinopteri",3333,"scientific name","Eukaryota","Chordata","Actinopteri","Syngnathiformes","Syngnathidae","Syngnathus",NA
"RL2501_F4_2_1_MV1","Triphoturus mexicanus","Actinopteri",4065,"scientific name","Eukaryota","Chordata","Actinopteri","Myctophiformes","Myctophidae","Triphoturus","Triphoturus mexicanus"
"RL2501_F4_2_1_MV1",NA,NA,16083,NA,NA,NA,NA,NA,NA,NA,NA
"RL2501_F4_2_2_MV1","Astropecten verrilli","Asteroidea",102,"scientific name","Eukaryota","Echinodermata","Asteroidea","Paxillosida","Astropectinidae","Astropecten","Astropecten verrilli"
"RL2501_F4_2_2_MV1","Balaenoptera physalus","Mammalia",247,"scientific name","Eukaryota","Chordata","Mammalia","Artiodactyla","Balaenopteridae","Balaenoptera","Balaenoptera physalus"
"RL2501_F4_2_2_MV1","Delphinidae","Mammalia",291,"scientific name","Eukaryota","Chordata","Mammalia","Artiodactyla","Delphinidae",NA,NA
"RL2501_F4_2_2_MV1","Delphinus bairdii","Mammalia",1084,"scientific name","Eukaryota","Chordata","Mammalia","Artiodactyla","Delphinidae","Delphinus","Delphinus bairdii"
"RL2501_F4_2_2_MV1","Diaphus theta","Actinopteri",777,"scientific name","Eukaryota","Chordata","Actinopteri","Myctophiformes","Myctophidae","Diaphus","Diaphus theta"
"RL2501_F4_2_2_MV1","Diogenichthys atlanticus","Actinopteri",857,"scientific name","Eukaryota","Chordata","Actinopteri","Myctophiformes","Myctophidae","Diogenichthys","Diogenichthys atlanticus"
"RL2501_F4_2_2_MV1","Engraulis mordax","Actinopteri",80775,"scientific name","Eukaryota","Chordata","Actinopteri","Clupeiformes","Engraulidae","Engraulis","Engraulis mordax"
"RL2501_F4_2_2_MV1","Homo sapiens","Mammalia",598,"scientific name","Eukaryota","Chordata","Mammalia","Primates","Hominidae","Homo","Homo sapiens"
"RL2501_F4_2_2_MV1","Ostreococcus sp. lucimarinus","Mamiellophyceae",60,"synonym","Eukaryota","Chlorophyta","Mamiellophyceae","Mamiellales","Bathycoccaceae","Ostreococcus","Ostreococcus sp. 'lucimarinus'"
"RL2501_F4_2_2_MV1","Pisaster ochraceus","Asteroidea",137,"scientific name","Eukaryota","Echinodermata","Asteroidea","Forcipulatida","Asteriidae","Pisaster","Pisaster ochraceus"
"RL2501_F4_2_2_MV1","Triphoturus mexicanus","Actinopteri",2821,"scientific name","Eukaryota","Chordata","Actinopteri","Myctophiformes","Myctophidae","Triphoturus","Triphoturus mexicanus"
"RL2501_F4_2_2_MV1",NA,NA,32462,NA,NA,NA,NA,NA,NA,NA,NA
"RL2501_F4_2_3_MV1","Astropecten verrilli","Asteroidea",50,"scientific name","Eukaryota","Echinodermata","Asteroidea","Paxillosida","Astropectinidae","Astropecten","Astropecten verrilli"
"RL2501_F4_2_3_MV1","Delphinidae","Mammalia",2649,"scientific name","Eukaryota","Chordata","Mammalia","Artiodactyla","Delphinidae",NA,NA
"RL2501_F4_2_3_MV1","Delphinus bairdii","Mammalia",217,"scientific name","Eukaryota","Chordata","Mammalia","Artiodactyla","Delphinidae","Delphinus","Delphinus bairdii"
"RL2501_F4_2_3_MV1","Engraulis mordax","Actinopteri",84386,"scientific name","Eukaryota","Chordata","Actinopteri","Clupeiformes","Engraulidae","Engraulis","Engraulis mordax"
"RL2501_F4_2_3_MV1","Ostreococcus sp. lucimarinus","Mamiellophyceae",6,"synonym","Eukaryota","Chlorophyta","Mamiellophyceae","Mamiellales","Bathycoccaceae","Ostreococcus","Ostreococcus sp. 'lucimarinus'"
"RL2501_F4_2_3_MV1","Prionace glauca","Chondrichthyes",76,"scientific name","Eukaryota","Chordata","Chondrichthyes","Carcharhiniformes","Carcharhinidae","Prionace","Prionace glauca"
"RL2501_F4_2_3_MV1",NA,NA,58371,NA,NA,NA,NA,NA,NA,NA,NA
"RL2501_F4_2_4_MV1","Astropecten verrilli","Asteroidea",7,"scientific name","Eukaryota","Echinodermata","Asteroidea","Paxillosida","Astropectinidae","Astropecten","Astropecten verrilli"
"RL2501_F4_2_4_MV1","Delphinidae","Mammalia",222,"scientific name","Eukaryota","Chordata","Mammalia","Artiodactyla","Delphinidae",NA,NA
"RL2501_F4_2_4_MV1","Diogenichthys atlanticus","Actinopteri",303,"scientific name","Eukaryota","Chordata","Actinopteri","Myctophiformes","Myctophidae","Diogenichthys","Diogenichthys atlanticus"
"RL2501_F4_2_4_MV1","Engraulis mordax","Actinopteri",29007,"scientific name","Eukaryota","Chordata","Actinopteri","Clupeiformes","Engraulidae","Engraulis","Engraulis mordax"
"RL2501_F4_2_4_MV1","Homo sapiens","Mammalia",270,"scientific name","Eukaryota","Chordata","Mammalia","Primates","Hominidae","Homo","Homo sapiens"
"RL2501_F4_2_4_MV1","Ostreococcus sp. lucimarinus","Mamiellophyceae",204,"synonym","Eukaryota","Chlorophyta","Mamiellophyceae","Mamiellales","Bathycoccaceae","Ostreococcus","Ostreococcus sp. 'lucimarinus'"
"RL2501_F4_2_4_MV1","Triphoturus mexicanus","Actinopteri",1273,"scientific name","Eukaryota","Chordata","Actinopteri","Myctophiformes","Myctophidae","Triphoturus","Triphoturus mexicanus"
"RL2501_F4_2_4_MV1",NA,NA,29758,NA,NA,NA,NA,NA,NA,NA,NA
"RL2501_F5_1_1_MV1","Astropecten verrilli","Asteroidea",103,"scientific name","Eukaryota","Echinodermata","Asteroidea","Paxillosida","Astropectinidae","Astropecten","Astropecten verrilli"
"RL2501_F5_1_1_MV1","Cololabis saira","Actinopteri",1112,"scientific name","Eukaryota","Chordata","Actinopteri","Beloniformes","Belonidae","Cololabis","Cololabis saira"
"RL2501_F5_1_1_MV1","Delphinidae","Mammalia",820,"scientific name","Eukaryota","Chordata","Mammalia","Artiodactyla","Delphinidae",NA,NA
"RL2501_F5_1_1_MV1","Engraulis mordax","Actinopteri",128924,"scientific name","Eukaryota","Chordata","Actinopteri","Clupeiformes","Engraulidae","Engraulis","Engraulis mordax"
"RL2501_F5_1_1_MV1","Homo sapiens","Mammalia",1411,"scientific name","Eukaryota","Chordata","Mammalia","Primates","Hominidae","Homo","Homo sapiens"
"RL2501_F5_1_1_MV1","Megaptera novaeangliae","Mammalia",1001,"scientific name","Eukaryota","Chordata","Mammalia","Artiodactyla","Balaenopteridae","Megaptera","Megaptera novaeangliae"
"RL2501_F5_1_1_MV1","Mola","Actinopteri",982,"scientific name","Eukaryota","Chordata","Actinopteri","Tetraodontiformes","Molidae","Mola",NA
"RL2501_F5_1_1_MV1","Patiria miniata","Asteroidea",201,"scientific name","Eukaryota","Echinodermata","Asteroidea","Valvatida","Asterinidae","Patiria","Patiria miniata"
"RL2501_F5_1_1_MV1","Sebastes","Actinopteri",12800,"scientific name","Eukaryota","Chordata","Actinopteri","Perciformes","Sebastidae","Sebastes",NA
"RL2501_F5_1_1_MV1","Sebastes pinniger","Actinopteri",15784,"scientific name","Eukaryota","Chordata","Actinopteri","Perciformes","Sebastidae","Sebastes","Sebastes pinniger"
"RL2501_F5_1_1_MV1","Syngnathus","Actinopteri",2782,"scientific name","Eukaryota","Chordata","Actinopteri","Syngnathiformes","Syngnathidae","Syngnathus",NA
"RL2501_F5_1_1_MV1","Triphoturus mexicanus","Actinopteri",798,"scientific name","Eukaryota","Chordata","Actinopteri","Myctophiformes","Myctophidae","Triphoturus","Triphoturus mexicanus"
"RL2501_F5_1_1_MV1",NA,NA,13318,NA,NA,NA,NA,NA,NA,NA,NA
"RL2501_F5_1_2_MV1","Astropecten verrilli","Asteroidea",142,"scientific name","Eukaryota","Echinodermata","Asteroidea","Paxillosida","Astropectinidae","Astropecten","Astropecten verrilli"
"RL2501_F5_1_2_MV1","Balaenoptera","Mammalia",209,"scientific name","Eukaryota","Chordata","Mammalia","Artiodactyla","Balaenopteridae","Balaenoptera",NA
"RL2501_F5_1_2_MV1","Delphinidae","Mammalia",526,"scientific name","Eukaryota","Chordata","Mammalia","Artiodactyla","Delphinidae",NA,NA
"RL2501_F5_1_2_MV1","Engraulis mordax","Actinopteri",94212,"scientific name","Eukaryota","Chordata","Actinopteri","Clupeiformes","Engraulidae","Engraulis","Engraulis mordax"
"RL2501_F5_1_2_MV1","Homo sapiens","Mammalia",783,"scientific name","Eukaryota","Chordata","Mammalia","Primates","Hominidae","Homo","Homo sapiens"
"RL2501_F5_1_2_MV1","Mola","Actinopteri",2201,"scientific name","Eukaryota","Chordata","Actinopteri","Tetraodontiformes","Molidae","Mola",NA
"RL2501_F5_1_2_MV1","Ostreococcus sp. lucimarinus","Mamiellophyceae",107,"synonym","Eukaryota","Chlorophyta","Mamiellophyceae","Mamiellales","Bathycoccaceae","Ostreococcus","Ostreococcus sp. 'lucimarinus'"
"RL2501_F5_1_2_MV1","Patiria miniata","Asteroidea",19,"scientific name","Eukaryota","Echinodermata","Asteroidea","Valvatida","Asterinidae","Patiria","Patiria miniata"
"RL2501_F5_1_2_MV1","Sebastes","Actinopteri",5986,"scientific name","Eukaryota","Chordata","Actinopteri","Perciformes","Sebastidae","Sebastes",NA
"RL2501_F5_1_2_MV1","Sebastes pinniger","Actinopteri",13763,"scientific name","Eukaryota","Chordata","Actinopteri","Perciformes","Sebastidae","Sebastes","Sebastes pinniger"
"RL2501_F5_1_2_MV1","Strongylocentrotus purpuratus","Echinoidea",20,"scientific name","Eukaryota","Echinodermata","Echinoidea","Camarodonta","Strongylocentrotidae","Strongylocentrotus","Strongylocentrotus purpuratus"
"RL2501_F5_1_2_MV1","Symbolophorus californiensis","Actinopteri",355,"scientific name","Eukaryota","Chordata","Actinopteri","Myctophiformes","Myctophidae","Symbolophorus","Symbolophorus californiensis"
"RL2501_F5_1_2_MV1","Syngnathus","Actinopteri",286,"scientific name","Eukaryota","Chordata","Actinopteri","Syngnathiformes","Syngnathidae","Syngnathus",NA
"RL2501_F5_1_2_MV1",NA,NA,19555,NA,NA,NA,NA,NA,NA,NA,NA
"RL2501_F5_1_3_MV1","Astropecten verrilli","Asteroidea",112,"scientific name","Eukaryota","Echinodermata","Asteroidea","Paxillosida","Astropectinidae","Astropecten","Astropecten verrilli"
"RL2501_F5_1_3_MV1","Delphinidae","Mammalia",502,"scientific name","Eukaryota","Chordata","Mammalia","Artiodactyla","Delphinidae",NA,NA
"RL2501_F5_1_3_MV1","Engraulis mordax","Actinopteri",55007,"scientific name","Eukaryota","Chordata","Actinopteri","Clupeiformes","Engraulidae","Engraulis","Engraulis mordax"
"RL2501_F5_1_3_MV1","Homo sapiens","Mammalia",1155,"scientific name","Eukaryota","Chordata","Mammalia","Primates","Hominidae","Homo","Homo sapiens"
"RL2501_F5_1_3_MV1","Merluccius productus","Actinopteri",57,"scientific name","Eukaryota","Chordata","Actinopteri","Gadiformes","Merlucciidae","Merluccius","Merluccius productus"
"RL2501_F5_1_3_MV1","Mola","Actinopteri",1240,"scientific name","Eukaryota","Chordata","Actinopteri","Tetraodontiformes","Molidae","Mola",NA
"RL2501_F5_1_3_MV1","Patiria miniata","Asteroidea",49,"scientific name","Eukaryota","Echinodermata","Asteroidea","Valvatida","Asterinidae","Patiria","Patiria miniata"
"RL2501_F5_1_3_MV1","Pisaster","Asteroidea",29,"scientific name","Eukaryota","Echinodermata","Asteroidea","Forcipulatida","Asteriidae","Pisaster",NA
"RL2501_F5_1_3_MV1","Sebastes","Actinopteri",5794,"scientific name","Eukaryota","Chordata","Actinopteri","Perciformes","Sebastidae","Sebastes",NA
"RL2501_F5_1_3_MV1","Sebastes pinniger","Actinopteri",5606,"scientific name","Eukaryota","Chordata","Actinopteri","Perciformes","Sebastidae","Sebastes","Sebastes pinniger"
"RL2501_F5_1_3_MV1","Syngnathus","Actinopteri",833,"scientific name","Eukaryota","Chordata","Actinopteri","Syngnathiformes","Syngnathidae","Syngnathus",NA
"RL2501_F5_1_3_MV1",NA,NA,20160,NA,NA,NA,NA,NA,NA,NA,NA
"RL2501_F5_1_4_MV1","Astropecten verrilli","Asteroidea",102,"scientific name","Eukaryota","Echinodermata","Asteroidea","Paxillosida","Astropectinidae","Astropecten","Astropecten verrilli"
"RL2501_F5_1_4_MV1","Delphinidae","Mammalia",272,"scientific name","Eukaryota","Chordata","Mammalia","Artiodactyla","Delphinidae",NA,NA
"RL2501_F5_1_4_MV1","Delphinus bairdii","Mammalia",281,"scientific name","Eukaryota","Chordata","Mammalia","Artiodactyla","Delphinidae","Delphinus","Delphinus bairdii"
"RL2501_F5_1_4_MV1","Engraulis mordax","Actinopteri",59310,"scientific name","Eukaryota","Chordata","Actinopteri","Clupeiformes","Engraulidae","Engraulis","Engraulis mordax"
"RL2501_F5_1_4_MV1","Homo sapiens","Mammalia",893,"scientific name","Eukaryota","Chordata","Mammalia","Primates","Hominidae","Homo","Homo sapiens"
"RL2501_F5_1_4_MV1","Merluccius productus","Actinopteri",12,"scientific name","Eukaryota","Chordata","Actinopteri","Gadiformes","Merlucciidae","Merluccius","Merluccius productus"
"RL2501_F5_1_4_MV1","Mola","Actinopteri",269,"scientific name","Eukaryota","Chordata","Actinopteri","Tetraodontiformes","Molidae","Mola",NA
"RL2501_F5_1_4_MV1","Patiria miniata","Asteroidea",15,"scientific name","Eukaryota","Echinodermata","Asteroidea","Valvatida","Asterinidae","Patiria","Patiria miniata"
"RL2501_F5_1_4_MV1","Sebastes","Actinopteri",4390,"scientific name","Eukaryota","Chordata","Actinopteri","Perciformes","Sebastidae","Sebastes",NA
"RL2501_F5_1_4_MV1","Sebastes pinniger","Actinopteri",5818,"scientific name","Eukaryota","Chordata","Actinopteri","Perciformes","Sebastidae","Sebastes","Sebastes pinniger"
"RL2501_F5_1_4_MV1","Syngnathus","Actinopteri",618,"scientific name","Eukaryota","Chordata","Actinopteri","Syngnathiformes","Syngnathidae","Syngnathus",NA
"RL2501_F5_1_4_MV1","Trachurus symmetricus","Actinopteri",22,"scientific name","Eukaryota","Chordata","Actinopteri","Carangiformes","Carangidae","Trachurus","Trachurus symmetricus"
"RL2501_F5_1_4_MV1","Triphoturus mexicanus","Actinopteri",1143,"scientific name","Eukaryota","Chordata","Actinopteri","Myctophiformes","Myctophidae","Triphoturus","Triphoturus mexicanus"
"RL2501_F5_1_4_MV1",NA,NA,19218,NA,NA,NA,NA,NA,NA,NA,NA
"RL2501_F5_2_1_MV1","Artiodactyla","Mammalia",470,"scientific name","Eukaryota","Chordata","Mammalia","Artiodactyla",NA,NA,NA
"RL2501_F5_2_1_MV1","Astropecten verrilli","Asteroidea",178,"scientific name","Eukaryota","Echinodermata","Asteroidea","Paxillosida","Astropectinidae","Astropecten","Astropecten verrilli"
"RL2501_F5_2_1_MV1","Cololabis saira","Actinopteri",1817,"scientific name","Eukaryota","Chordata","Actinopteri","Beloniformes","Belonidae","Cololabis","Cololabis saira"
"RL2501_F5_2_1_MV1","Delphinidae","Mammalia",1219,"scientific name","Eukaryota","Chordata","Mammalia","Artiodactyla","Delphinidae",NA,NA
"RL2501_F5_2_1_MV1","Engraulis mordax","Actinopteri",155773,"scientific name","Eukaryota","Chordata","Actinopteri","Clupeiformes","Engraulidae","Engraulis","Engraulis mordax"
"RL2501_F5_2_1_MV1","Homo sapiens","Mammalia",685,"scientific name","Eukaryota","Chordata","Mammalia","Primates","Hominidae","Homo","Homo sapiens"
"RL2501_F5_2_1_MV1","Leuroglossus","Actinopteri",1893,"scientific name","Eukaryota","Chordata","Actinopteri","Argentiniformes","Bathylagidae","Leuroglossus",NA
"RL2501_F5_2_1_MV1","Mola","Actinopteri",645,"scientific name","Eukaryota","Chordata","Actinopteri","Tetraodontiformes","Molidae","Mola",NA
"RL2501_F5_2_1_MV1","Patiria miniata","Asteroidea",62,"scientific name","Eukaryota","Echinodermata","Asteroidea","Valvatida","Asterinidae","Patiria","Patiria miniata"
"RL2501_F5_2_1_MV1","Sebastes","Actinopteri",13846,"scientific name","Eukaryota","Chordata","Actinopteri","Perciformes","Sebastidae","Sebastes",NA
"RL2501_F5_2_1_MV1","Sebastes pinniger","Actinopteri",19970,"scientific name","Eukaryota","Chordata","Actinopteri","Perciformes","Sebastidae","Sebastes","Sebastes pinniger"
"RL2501_F5_2_1_MV1","Strongylocentrotus purpuratus","Echinoidea",192,"scientific name","Eukaryota","Echinodermata","Echinoidea","Camarodonta","Strongylocentrotidae","Strongylocentrotus","Strongylocentrotus purpuratus"
"RL2501_F5_2_1_MV1","Syngnathus","Actinopteri",7134,"scientific name","Eukaryota","Chordata","Actinopteri","Syngnathiformes","Syngnathidae","Syngnathus",NA
"RL2501_F5_2_1_MV1","Triphoturus mexicanus","Actinopteri",744,"scientific name","Eukaryota","Chordata","Actinopteri","Myctophiformes","Myctophidae","Triphoturus","Triphoturus mexicanus"
"RL2501_F5_2_1_MV1",NA,NA,9414,NA,NA,NA,NA,NA,NA,NA,NA
"RL2501_F5_2_2_MV1","Astropecten verrilli","Asteroidea",106,"scientific name","Eukaryota","Echinodermata","Asteroidea","Paxillosida","Astropectinidae","Astropecten","Astropecten verrilli"
"RL2501_F5_2_2_MV1","Cololabis saira","Actinopteri",815,"scientific name","Eukaryota","Chordata","Actinopteri","Beloniformes","Belonidae","Cololabis","Cololabis saira"
"RL2501_F5_2_2_MV1","Delphinidae","Mammalia",839,"scientific name","Eukaryota","Chordata","Mammalia","Artiodactyla","Delphinidae",NA,NA
"RL2501_F5_2_2_MV1","Engraulis mordax","Actinopteri",104892,"scientific name","Eukaryota","Chordata","Actinopteri","Clupeiformes","Engraulidae","Engraulis","Engraulis mordax"
"RL2501_F5_2_2_MV1","Ostreococcus sp. lucimarinus","Mamiellophyceae",13,"synonym","Eukaryota","Chlorophyta","Mamiellophyceae","Mamiellales","Bathycoccaceae","Ostreococcus","Ostreococcus sp. 'lucimarinus'"
"RL2501_F5_2_2_MV1","Patiria miniata","Asteroidea",67,"scientific name","Eukaryota","Echinodermata","Asteroidea","Valvatida","Asterinidae","Patiria","Patiria miniata"
"RL2501_F5_2_2_MV1","Pisaster","Asteroidea",33,"scientific name","Eukaryota","Echinodermata","Asteroidea","Forcipulatida","Asteriidae","Pisaster",NA
"RL2501_F5_2_2_MV1","Sebastes","Actinopteri",8921,"scientific name","Eukaryota","Chordata","Actinopteri","Perciformes","Sebastidae","Sebastes",NA
"RL2501_F5_2_2_MV1","Sebastes pinniger","Actinopteri",9164,"scientific name","Eukaryota","Chordata","Actinopteri","Perciformes","Sebastidae","Sebastes","Sebastes pinniger"
"RL2501_F5_2_2_MV1","Syngnathus","Actinopteri",2129,"scientific name","Eukaryota","Chordata","Actinopteri","Syngnathiformes","Syngnathidae","Syngnathus",NA
"RL2501_F5_2_2_MV1",NA,NA,21351,NA,NA,NA,NA,NA,NA,NA,NA
"RL2501_F5_2_3_MV1","Astropecten verrilli","Asteroidea",35,"scientific name","Eukaryota","Echinodermata","Asteroidea","Paxillosida","Astropectinidae","Astropecten","Astropecten verrilli"
"RL2501_F5_2_3_MV1","Balaenoptera physalus","Mammalia",495,"scientific name","Eukaryota","Chordata","Mammalia","Artiodactyla","Balaenopteridae","Balaenoptera","Balaenoptera physalus"
"RL2501_F5_2_3_MV1","Cololabis saira","Actinopteri",353,"scientific name","Eukaryota","Chordata","Actinopteri","Beloniformes","Belonidae","Cololabis","Cololabis saira"
"RL2501_F5_2_3_MV1","Delphinidae","Mammalia",566,"scientific name","Eukaryota","Chordata","Mammalia","Artiodactyla","Delphinidae",NA,NA
"RL2501_F5_2_3_MV1","Engraulis mordax","Actinopteri",121981,"scientific name","Eukaryota","Chordata","Actinopteri","Clupeiformes","Engraulidae","Engraulis","Engraulis mordax"
"RL2501_F5_2_3_MV1","Homo sapiens","Mammalia",873,"scientific name","Eukaryota","Chordata","Mammalia","Primates","Hominidae","Homo","Homo sapiens"
"RL2501_F5_2_3_MV1","Patiria miniata","Asteroidea",7,"scientific name","Eukaryota","Echinodermata","Asteroidea","Valvatida","Asterinidae","Patiria","Patiria miniata"
"RL2501_F5_2_3_MV1","Pisaster","Asteroidea",4,"scientific name","Eukaryota","Echinodermata","Asteroidea","Forcipulatida","Asteriidae","Pisaster",NA
"RL2501_F5_2_3_MV1","Sebastes","Actinopteri",6113,"scientific name","Eukaryota","Chordata","Actinopteri","Perciformes","Sebastidae","Sebastes",NA
"RL2501_F5_2_3_MV1","Sebastes pinniger","Actinopteri",18775,"scientific name","Eukaryota","Chordata","Actinopteri","Perciformes","Sebastidae","Sebastes","Sebastes pinniger"
"RL2501_F5_2_3_MV1","Syngnathus","Actinopteri",3035,"scientific name","Eukaryota","Chordata","Actinopteri","Syngnathiformes","Syngnathidae","Syngnathus",NA
"RL2501_F5_2_3_MV1",NA,NA,20609,NA,NA,NA,NA,NA,NA,NA,NA
"RL2501_F5_2_4_MV1","Astropecten verrilli","Asteroidea",339,"scientific name","Eukaryota","Echinodermata","Asteroidea","Paxillosida","Astropectinidae","Astropecten","Astropecten verrilli"
"RL2501_F5_2_4_MV1","Delphinus bairdii","Mammalia",2,"scientific name","Eukaryota","Chordata","Mammalia","Artiodactyla","Delphinidae","Delphinus","Delphinus bairdii"
"RL2501_F5_2_4_MV1","Diaphus theta","Actinopteri",1384,"scientific name","Eukaryota","Chordata","Actinopteri","Myctophiformes","Myctophidae","Diaphus","Diaphus theta"
"RL2501_F5_2_4_MV1","Engraulis mordax","Actinopteri",171927,"scientific name","Eukaryota","Chordata","Actinopteri","Clupeiformes","Engraulidae","Engraulis","Engraulis mordax"
"RL2501_F5_2_4_MV1","Evadne","Branchiopoda",9,"scientific name","Eukaryota","Arthropoda","Branchiopoda","Diplostraca","Podonidae","Evadne",NA
"RL2501_F5_2_4_MV1","Patiria miniata","Asteroidea",125,"scientific name","Eukaryota","Echinodermata","Asteroidea","Valvatida","Asterinidae","Patiria","Patiria miniata"
"RL2501_F5_2_4_MV1","Pisaster","Asteroidea",83,"scientific name","Eukaryota","Echinodermata","Asteroidea","Forcipulatida","Asteriidae","Pisaster",NA
"RL2501_F5_2_4_MV1","Sebastes","Actinopteri",11850,"scientific name","Eukaryota","Chordata","Actinopteri","Perciformes","Sebastidae","Sebastes",NA
"RL2501_F5_2_4_MV1","Sebastes pinniger","Actinopteri",21167,"scientific name","Eukaryota","Chordata","Actinopteri","Perciformes","Sebastidae","Sebastes","Sebastes pinniger"
"RL2501_F5_2_4_MV1","Syngnathus","Actinopteri",5264,"scientific name","Eukaryota","Chordata","Actinopteri","Syngnathiformes","Syngnathidae","Syngnathus",NA
"RL2501_F5_2_4_MV1","Triphoturus mexicanus","Actinopteri",843,"scientific name","Eukaryota","Chordata","Actinopteri","Myctophiformes","Myctophidae","Triphoturus","Triphoturus mexicanus"
"RL2501_F5_2_4_MV1",NA,NA,40395,NA,NA,NA,NA,NA,NA,NA,NA
"RL2501_F87_1_1_MV1","Bathycoccus prasinos","Mamiellophyceae",4,"scientific name","Eukaryota","Chlorophyta","Mamiellophyceae","Mamiellales","Bathycoccaceae","Bathycoccus","Bathycoccus prasinos"
"RL2501_F87_1_1_MV1","Ceratoscopelus","Actinopteri",3138,"scientific name","Eukaryota","Chordata","Actinopteri","Myctophiformes","Myctophidae","Ceratoscopelus",NA
"RL2501_F87_1_1_MV1","Citharichthys sordidus","Actinopteri",177,"scientific name","Eukaryota","Chordata","Actinopteri","Pleuronectiformes","Cyclopsettidae","Citharichthys","Citharichthys sordidus"
"RL2501_F87_1_1_MV1","Cololabis saira","Actinopteri",2666,"scientific name","Eukaryota","Chordata","Actinopteri","Beloniformes","Belonidae","Cololabis","Cololabis saira"
"RL2501_F87_1_1_MV1","Delphinidae","Mammalia",961,"scientific name","Eukaryota","Chordata","Mammalia","Artiodactyla","Delphinidae",NA,NA
"RL2501_F87_1_1_MV1","Engraulis mordax","Actinopteri",9618,"scientific name","Eukaryota","Chordata","Actinopteri","Clupeiformes","Engraulidae","Engraulis","Engraulis mordax"
"RL2501_F87_1_1_MV1","Homo sapiens","Mammalia",7670,"scientific name","Eukaryota","Chordata","Mammalia","Primates","Hominidae","Homo","Homo sapiens"
"RL2501_F87_1_1_MV1","Python","Lepidosauria",51,"scientific name","Eukaryota","Chordata","Lepidosauria","Squamata","Pythonidae","Python",NA
"RL2501_F87_1_1_MV1","Sardinops sagax","Actinopteri",344,"scientific name","Eukaryota","Chordata","Actinopteri","Clupeiformes","Clupeidae","Sardinops","Sardinops sagax"
"RL2501_F87_1_1_MV1","Sus scrofa","Mammalia",712,"scientific name","Eukaryota","Chordata","Mammalia","Artiodactyla","Suidae","Sus","Sus scrofa"
"RL2501_F87_1_1_MV1","Syngnathus","Actinopteri",20640,"scientific name","Eukaryota","Chordata","Actinopteri","Syngnathiformes","Syngnathidae","Syngnathus",NA
"RL2501_F87_1_1_MV1",NA,NA,18799,NA,NA,NA,NA,NA,NA,NA,NA
"RL2501_F87_1_2_MV1","Astropecten verrilli","Asteroidea",5,"scientific name","Eukaryota","Echinodermata","Asteroidea","Paxillosida","Astropectinidae","Astropecten","Astropecten verrilli"
"RL2501_F87_1_2_MV1","Balaenoptera physalus","Mammalia",806,"scientific name","Eukaryota","Chordata","Mammalia","Artiodactyla","Balaenopteridae","Balaenoptera","Balaenoptera physalus"
"RL2501_F87_1_2_MV1","Ceratoscopelus","Actinopteri",6360,"scientific name","Eukaryota","Chordata","Actinopteri","Myctophiformes","Myctophidae","Ceratoscopelus",NA
"RL2501_F87_1_2_MV1","Engraulis mordax","Actinopteri",11054,"scientific name","Eukaryota","Chordata","Actinopteri","Clupeiformes","Engraulidae","Engraulis","Engraulis mordax"
"RL2501_F87_1_2_MV1","Homo sapiens","Mammalia",2167,"scientific name","Eukaryota","Chordata","Mammalia","Primates","Hominidae","Homo","Homo sapiens"
"RL2501_F87_1_2_MV1","Prionace glauca","Chondrichthyes",430,"scientific name","Eukaryota","Chordata","Chondrichthyes","Carcharhiniformes","Carcharhinidae","Prionace","Prionace glauca"
"RL2501_F87_1_2_MV1","Sebastes","Actinopteri",49,"scientific name","Eukaryota","Chordata","Actinopteri","Perciformes","Sebastidae","Sebastes",NA
"RL2501_F87_1_2_MV1","Symbolophorus californiensis","Actinopteri",22,"scientific name","Eukaryota","Chordata","Actinopteri","Myctophiformes","Myctophidae","Symbolophorus","Symbolophorus californiensis"
"RL2501_F87_1_2_MV1","Syngnathus","Actinopteri",28,"scientific name","Eukaryota","Chordata","Actinopteri","Syngnathiformes","Syngnathidae","Syngnathus",NA
"RL2501_F87_1_2_MV1",NA,NA,20576,NA,NA,NA,NA,NA,NA,NA,NA
"RL2501_F87_1_3_MV1","Astropecten verrilli","Asteroidea",2549,"scientific name","Eukaryota","Echinodermata","Asteroidea","Paxillosida","Astropectinidae","Astropecten","Astropecten verrilli"
"RL2501_F87_1_3_MV1","Balaenoptera physalus","Mammalia",22,"scientific name","Eukaryota","Chordata","Mammalia","Artiodactyla","Balaenopteridae","Balaenoptera","Balaenoptera physalus"
"RL2501_F87_1_3_MV1","Citharichthys sordidus","Actinopteri",584,"scientific name","Eukaryota","Chordata","Actinopteri","Pleuronectiformes","Cyclopsettidae","Citharichthys","Citharichthys sordidus"
"RL2501_F87_1_3_MV1","Citharichthys stigmaeus","Actinopteri",54,"scientific name","Eukaryota","Chordata","Actinopteri","Pleuronectiformes","Cyclopsettidae","Citharichthys","Citharichthys stigmaeus"
"RL2501_F87_1_3_MV1","Cololabis saira","Actinopteri",7,"scientific name","Eukaryota","Chordata","Actinopteri","Beloniformes","Belonidae","Cololabis","Cololabis saira"
"RL2501_F87_1_3_MV1","Cyclothone signata","Actinopteri",5,"scientific name","Eukaryota","Chordata","Actinopteri","Stomiiformes","Gonostomatidae","Cyclothone","Cyclothone signata"
"RL2501_F87_1_3_MV1","Delphinidae","Mammalia",512,"scientific name","Eukaryota","Chordata","Mammalia","Artiodactyla","Delphinidae",NA,NA
"RL2501_F87_1_3_MV1","Engraulis mordax","Actinopteri",16031,"scientific name","Eukaryota","Chordata","Actinopteri","Clupeiformes","Engraulidae","Engraulis","Engraulis mordax"
"RL2501_F87_1_3_MV1","Evadne","Branchiopoda",21,"scientific name","Eukaryota","Arthropoda","Branchiopoda","Diplostraca","Podonidae","Evadne",NA
"RL2501_F87_1_3_MV1","Homo sapiens","Mammalia",1854,"scientific name","Eukaryota","Chordata","Mammalia","Primates","Hominidae","Homo","Homo sapiens"
"RL2501_F87_1_3_MV1","Luidia foliolata","Asteroidea",25,"scientific name","Eukaryota","Echinodermata","Asteroidea","Paxillosida","Luidiidae","Luidia","Luidia foliolata"
"RL2501_F87_1_3_MV1","Ostreococcus sp. lucimarinus","Mamiellophyceae",240,"synonym","Eukaryota","Chlorophyta","Mamiellophyceae","Mamiellales","Bathycoccaceae","Ostreococcus","Ostreococcus sp. 'lucimarinus'"
"RL2501_F87_1_3_MV1","Patiria miniata","Asteroidea",121,"scientific name","Eukaryota","Echinodermata","Asteroidea","Valvatida","Asterinidae","Patiria","Patiria miniata"
"RL2501_F87_1_3_MV1","Peprilus","Actinopteri",172,"scientific name","Eukaryota","Chordata","Actinopteri","Scombriformes","Stromateidae","Peprilus",NA
"RL2501_F87_1_3_MV1","Pisaster","Asteroidea",34,"scientific name","Eukaryota","Echinodermata","Asteroidea","Forcipulatida","Asteriidae","Pisaster",NA
"RL2501_F87_1_3_MV1","Prionace glauca","Chondrichthyes",6,"scientific name","Eukaryota","Chordata","Chondrichthyes","Carcharhiniformes","Carcharhinidae","Prionace","Prionace glauca"
"RL2501_F87_1_3_MV1","Sebastes","Actinopteri",10252,"scientific name","Eukaryota","Chordata","Actinopteri","Perciformes","Sebastidae","Sebastes",NA
"RL2501_F87_1_3_MV1","Sebastes paucispinis","Actinopteri",44,"scientific name","Eukaryota","Chordata","Actinopteri","Perciformes","Sebastidae","Sebastes","Sebastes paucispinis"
"RL2501_F87_1_3_MV1","Stenella coeruleoalba","Mammalia",155,"scientific name","Eukaryota","Chordata","Mammalia","Artiodactyla","Delphinidae","Stenella","Stenella coeruleoalba"
"RL2501_F87_1_3_MV1","Strongylocentrotus purpuratus","Echinoidea",986,"scientific name","Eukaryota","Echinodermata","Echinoidea","Camarodonta","Strongylocentrotidae","Strongylocentrotus","Strongylocentrotus purpuratus"
"RL2501_F87_1_3_MV1","Symbolophorus californiensis","Actinopteri",1377,"scientific name","Eukaryota","Chordata","Actinopteri","Myctophiformes","Myctophidae","Symbolophorus","Symbolophorus californiensis"
"RL2501_F87_1_3_MV1","Syngnathus","Actinopteri",643,"scientific name","Eukaryota","Chordata","Actinopteri","Syngnathiformes","Syngnathidae","Syngnathus",NA
"RL2501_F87_1_3_MV1","Tarletonbeania crenularis","Actinopteri",165,"scientific name","Eukaryota","Chordata","Actinopteri","Myctophiformes","Myctophidae","Tarletonbeania","Tarletonbeania crenularis"
"RL2501_F87_1_3_MV1","Trachipterus","Actinopteri",9,"scientific name","Eukaryota","Chordata","Actinopteri","Lampriformes","Trachipteridae","Trachipterus",NA
"RL2501_F87_1_3_MV1",NA,NA,39157,NA,NA,NA,NA,NA,NA,NA,NA
"RL2501_F87_1_4_MV1","Chloropicon","Chloropicophyceae",11,"scientific name","Eukaryota","Chlorophyta","Chloropicophyceae","Chloropicales","Chloropicaceae","Chloropicon",NA
"RL2501_F87_1_4_MV1","Delphinidae","Mammalia",15,"scientific name","Eukaryota","Chordata","Mammalia","Artiodactyla","Delphinidae",NA,NA
"RL2501_F87_1_4_MV1","Engraulis mordax","Actinopteri",1372,"scientific name","Eukaryota","Chordata","Actinopteri","Clupeiformes","Engraulidae","Engraulis","Engraulis mordax"
"RL2501_F87_1_4_MV1","Eolophus roseicapilla","Aves",14,"scientific name","Eukaryota","Chordata","Aves","Psittaciformes","Cacatuidae","Eolophus","Eolophus roseicapilla"
"RL2501_F87_1_4_MV1","Homo sapiens","Mammalia",1168,"scientific name","Eukaryota","Chordata","Mammalia","Primates","Hominidae","Homo","Homo sapiens"
"RL2501_F87_1_4_MV1","Leuroglossus","Actinopteri",11,"scientific name","Eukaryota","Chordata","Actinopteri","Argentiniformes","Bathylagidae","Leuroglossus",NA
"RL2501_F87_1_4_MV1","Mola","Actinopteri",9,"scientific name","Eukaryota","Chordata","Actinopteri","Tetraodontiformes","Molidae","Mola",NA
"RL2501_F87_1_4_MV1","Sardinops sagax","Actinopteri",12,"scientific name","Eukaryota","Chordata","Actinopteri","Clupeiformes","Clupeidae","Sardinops","Sardinops sagax"
"RL2501_F87_1_4_MV1","Sebastes","Actinopteri",111,"scientific name","Eukaryota","Chordata","Actinopteri","Perciformes","Sebastidae","Sebastes",NA
"RL2501_F87_1_4_MV1","Seriola lalandi","Actinopteri",27,"scientific name","Eukaryota","Chordata","Actinopteri","Carangiformes","Carangidae","Seriola","Seriola lalandi"
"RL2501_F87_1_4_MV1","Symbolophorus californiensis","Actinopteri",12,"scientific name","Eukaryota","Chordata","Actinopteri","Myctophiformes","Myctophidae","Symbolophorus","Symbolophorus californiensis"
"RL2501_F87_1_4_MV1","Syngnathus","Actinopteri",1290,"scientific name","Eukaryota","Chordata","Actinopteri","Syngnathiformes","Syngnathidae","Syngnathus",NA
"RL2501_F87_1_4_MV1","Zalophus californianus","Mammalia",8,"scientific name","Eukaryota","Chordata","Mammalia","Carnivora","Otariidae","Zalophus","Zalophus californianus"
"RL2501_F87_1_4_MV1",NA,NA,36054,NA,NA,NA,NA,NA,NA,NA,NA
"RL2501_F9_1_MV1","Astropecten verrilli","Asteroidea",19,"scientific name","Eukaryota","Echinodermata","Asteroidea","Paxillosida","Astropectinidae","Astropecten","Astropecten verrilli"
"RL2501_F9_1_MV1","Ceratoscopelus","Actinopteri",967,"scientific name","Eukaryota","Chordata","Actinopteri","Myctophiformes","Myctophidae","Ceratoscopelus",NA
"RL2501_F9_1_MV1","Diaphus fulgens","Actinopteri",1740,"scientific name","Eukaryota","Chordata","Actinopteri","Myctophiformes","Myctophidae","Diaphus","Diaphus fulgens"
"RL2501_F9_1_MV1","Engraulis mordax","Actinopteri",16434,"scientific name","Eukaryota","Chordata","Actinopteri","Clupeiformes","Engraulidae","Engraulis","Engraulis mordax"
"RL2501_F9_1_MV1","Homo sapiens","Mammalia",4056,"scientific name","Eukaryota","Chordata","Mammalia","Primates","Hominidae","Homo","Homo sapiens"
"RL2501_F9_1_MV1","Scomber japonicus","Actinopteri",1905,"scientific name","Eukaryota","Chordata","Actinopteri","Scombriformes","Scombridae","Scomber","Scomber japonicus"
"RL2501_F9_1_MV1","Sebastes","Actinopteri",6918,"scientific name","Eukaryota","Chordata","Actinopteri","Perciformes","Sebastidae","Sebastes",NA
"RL2501_F9_1_MV1","Sebastes pinniger","Actinopteri",1973,"scientific name","Eukaryota","Chordata","Actinopteri","Perciformes","Sebastidae","Sebastes","Sebastes pinniger"
"RL2501_F9_1_MV1","Stomias atriventer","Actinopteri",1616,"scientific name","Eukaryota","Chordata","Actinopteri","Stomiiformes","Stomiidae","Stomias","Stomias atriventer"
"RL2501_F9_1_MV1","Stomiidae","Actinopteri",1383,"scientific name","Eukaryota","Chordata","Actinopteri","Stomiiformes","Stomiidae",NA,NA
"RL2501_F9_1_MV1","Symbolophorus californiensis","Actinopteri",54614,"scientific name","Eukaryota","Chordata","Actinopteri","Myctophiformes","Myctophidae","Symbolophorus","Symbolophorus californiensis"
"RL2501_F9_1_MV1","Syngnathus","Actinopteri",1164,"scientific name","Eukaryota","Chordata","Actinopteri","Syngnathiformes","Syngnathidae","Syngnathus",NA
"RL2501_F9_1_MV1","Tetragonurus cuvieri","Actinopteri",3672,"scientific name","Eukaryota","Chordata","Actinopteri","Scombriformes","Tetragonuridae","Tetragonurus","Tetragonurus cuvieri"
"RL2501_F9_1_MV1","Trachurus symmetricus","Actinopteri",817,"scientific name","Eukaryota","Chordata","Actinopteri","Carangiformes","Carangidae","Trachurus","Trachurus symmetricus"
"RL2501_F9_1_MV1","Triphoturus mexicanus","Actinopteri",1036,"scientific name","Eukaryota","Chordata","Actinopteri","Myctophiformes","Myctophidae","Triphoturus","Triphoturus mexicanus"
"RL2501_F9_1_MV1",NA,NA,18172,NA,NA,NA,NA,NA,NA,NA,NA
"RL2501_F9_2_MV1","Astropecten verrilli","Asteroidea",28,"scientific name","Eukaryota","Echinodermata","Asteroidea","Paxillosida","Astropectinidae","Astropecten","Astropecten verrilli"
"RL2501_F9_2_MV1","Ceratoscopelus","Actinopteri",443,"scientific name","Eukaryota","Chordata","Actinopteri","Myctophiformes","Myctophidae","Ceratoscopelus",NA
"RL2501_F9_2_MV1","Delphinidae","Mammalia",273,"scientific name","Eukaryota","Chordata","Mammalia","Artiodactyla","Delphinidae",NA,NA
"RL2501_F9_2_MV1","Delphinus bairdii","Mammalia",209,"scientific name","Eukaryota","Chordata","Mammalia","Artiodactyla","Delphinidae","Delphinus","Delphinus bairdii"
"RL2501_F9_2_MV1","Engraulis mordax","Actinopteri",20297,"scientific name","Eukaryota","Chordata","Actinopteri","Clupeiformes","Engraulidae","Engraulis","Engraulis mordax"
"RL2501_F9_2_MV1","Homo sapiens","Mammalia",3683,"scientific name","Eukaryota","Chordata","Mammalia","Primates","Hominidae","Homo","Homo sapiens"
"RL2501_F9_2_MV1","Scomber japonicus","Actinopteri",681,"scientific name","Eukaryota","Chordata","Actinopteri","Scombriformes","Scombridae","Scomber","Scomber japonicus"
"RL2501_F9_2_MV1","Sebastes","Actinopteri",6538,"scientific name","Eukaryota","Chordata","Actinopteri","Perciformes","Sebastidae","Sebastes",NA
"RL2501_F9_2_MV1","Symbolophorus californiensis","Actinopteri",37398,"scientific name","Eukaryota","Chordata","Actinopteri","Myctophiformes","Myctophidae","Symbolophorus","Symbolophorus californiensis"
"RL2501_F9_2_MV1","Trachurus symmetricus","Actinopteri",1890,"scientific name","Eukaryota","Chordata","Actinopteri","Carangiformes","Carangidae","Trachurus","Trachurus symmetricus"
"RL2501_F9_2_MV1",NA,NA,41159,NA,NA,NA,NA,NA,NA,NA,NA
"RL2501_F9_3_MV1","Astropecten verrilli","Asteroidea",72,"scientific name","Eukaryota","Echinodermata","Asteroidea","Paxillosida","Astropectinidae","Astropecten","Astropecten verrilli"
"RL2501_F9_3_MV1","Bathylagoides wesethi","Actinopteri",39,"scientific name","Eukaryota","Chordata","Actinopteri","Argentiniformes","Bathylagidae","Bathylagoides","Bathylagoides wesethi"
"RL2501_F9_3_MV1","Ceratoscopelus","Actinopteri",79,"scientific name","Eukaryota","Chordata","Actinopteri","Myctophiformes","Myctophidae","Ceratoscopelus",NA
"RL2501_F9_3_MV1","Chiasmodontidae","Actinopteri",89,"scientific name","Eukaryota","Chordata","Actinopteri","Scombriformes","Chiasmodontidae",NA,NA
"RL2501_F9_3_MV1","Citharichthys sordidus","Actinopteri",145,"scientific name","Eukaryota","Chordata","Actinopteri","Pleuronectiformes","Cyclopsettidae","Citharichthys","Citharichthys sordidus"
"RL2501_F9_3_MV1","Cyclothone signata","Actinopteri",71,"scientific name","Eukaryota","Chordata","Actinopteri","Stomiiformes","Gonostomatidae","Cyclothone","Cyclothone signata"
"RL2501_F9_3_MV1","Delphinidae","Mammalia",2412,"scientific name","Eukaryota","Chordata","Mammalia","Artiodactyla","Delphinidae",NA,NA
"RL2501_F9_3_MV1","Delphinus bairdii","Mammalia",220,"scientific name","Eukaryota","Chordata","Mammalia","Artiodactyla","Delphinidae","Delphinus","Delphinus bairdii"
"RL2501_F9_3_MV1","Engraulis mordax","Actinopteri",63557,"scientific name","Eukaryota","Chordata","Actinopteri","Clupeiformes","Engraulidae","Engraulis","Engraulis mordax"
"RL2501_F9_3_MV1","Homo sapiens","Mammalia",107,"scientific name","Eukaryota","Chordata","Mammalia","Primates","Hominidae","Homo","Homo sapiens"
"RL2501_F9_3_MV1","Hypsoblennius jenkinsi","Actinopteri",2,"scientific name","Eukaryota","Chordata","Actinopteri","Blenniiformes","Blenniidae","Hypsoblennius","Hypsoblennius jenkinsi"
"RL2501_F9_3_MV1","Icichthys lockingtoni","Actinopteri",2,"scientific name","Eukaryota","Chordata","Actinopteri","Scombriformes","Centrolophidae","Icichthys","Icichthys lockingtoni"
"RL2501_F9_3_MV1","Luvarus imperialis","Actinopteri",3,"scientific name","Eukaryota","Chordata","Actinopteri","Acanthuriformes","Luvaridae","Luvarus","Luvarus imperialis"
"RL2501_F9_3_MV1","Oneirodes","Actinopteri",2,"scientific name","Eukaryota","Chordata","Actinopteri","Lophiiformes","Oneirodidae","Oneirodes",NA
"RL2501_F9_3_MV1","Phosichthyidae","Actinopteri",189,"scientific name","Eukaryota","Chordata","Actinopteri","Stomiiformes","Phosichthyidae",NA,NA
"RL2501_F9_3_MV1","Prionace glauca","Chondrichthyes",88,"scientific name","Eukaryota","Chordata","Chondrichthyes","Carcharhiniformes","Carcharhinidae","Prionace","Prionace glauca"
"RL2501_F9_3_MV1","Sebastes","Actinopteri",1113,"scientific name","Eukaryota","Chordata","Actinopteri","Perciformes","Sebastidae","Sebastes",NA
"RL2501_F9_3_MV1","Stenobrachius leucopsarus","Actinopteri",3,"scientific name","Eukaryota","Chordata","Actinopteri","Myctophiformes","Myctophidae","Stenobrachius","Stenobrachius leucopsarus"
"RL2501_F9_3_MV1","Stomiidae","Actinopteri",170,"scientific name","Eukaryota","Chordata","Actinopteri","Stomiiformes","Stomiidae",NA,NA
"RL2501_F9_3_MV1","Symbolophorus californiensis","Actinopteri",4022,"scientific name","Eukaryota","Chordata","Actinopteri","Myctophiformes","Myctophidae","Symbolophorus","Symbolophorus californiensis"
"RL2501_F9_3_MV1","Syngnathus","Actinopteri",4,"scientific name","Eukaryota","Chordata","Actinopteri","Syngnathiformes","Syngnathidae","Syngnathus",NA
"RL2501_F9_3_MV1","Tetragonurus cuvieri","Actinopteri",354,"scientific name","Eukaryota","Chordata","Actinopteri","Scombriformes","Tetragonuridae","Tetragonurus","Tetragonurus cuvieri"
"RL2501_F9_3_MV1","Trachurus symmetricus","Actinopteri",49,"scientific name","Eukaryota","Chordata","Actinopteri","Carangiformes","Carangidae","Trachurus","Trachurus symmetricus"
"RL2501_F9_3_MV1","Zalophus californianus","Mammalia",7,"scientific name","Eukaryota","Chordata","Mammalia","Carnivora","Otariidae","Zalophus","Zalophus californianus"
"RL2501_F9_3_MV1",NA,NA,55783,NA,NA,NA,NA,NA,NA,NA,NA
"RL2501_F9_4_MV1","Ceratoscopelus","Actinopteri",348,"scientific name","Eukaryota","Chordata","Actinopteri","Myctophiformes","Myctophidae","Ceratoscopelus",NA
"RL2501_F9_4_MV1","Emiliania huxleyi","",6,"scientific name","Eukaryota","Haptophyta",NA,"Isochrysidales","Noelaerhabdaceae","Emiliania","Emiliania huxleyi"
"RL2501_F9_4_MV1","Engraulis mordax","Actinopteri",4100,"scientific name","Eukaryota","Chordata","Actinopteri","Clupeiformes","Engraulidae","Engraulis","Engraulis mordax"
"RL2501_F9_4_MV1","Homo sapiens","Mammalia",887,"scientific name","Eukaryota","Chordata","Mammalia","Primates","Hominidae","Homo","Homo sapiens"
"RL2501_F9_4_MV1","Sebastes","Actinopteri",6577,"scientific name","Eukaryota","Chordata","Actinopteri","Perciformes","Sebastidae","Sebastes",NA
"RL2501_F9_4_MV1","Symbolophorus californiensis","Actinopteri",16011,"scientific name","Eukaryota","Chordata","Actinopteri","Myctophiformes","Myctophidae","Symbolophorus","Symbolophorus californiensis"
"RL2501_F9_4_MV1","Trachurus symmetricus","Actinopteri",288,"scientific name","Eukaryota","Chordata","Actinopteri","Carangiformes","Carangidae","Trachurus","Trachurus symmetricus"
"RL2501_F9_4_MV1",NA,NA,34498,NA,NA,NA,NA,NA,NA,NA,NA
